episode,total_reward,moving_avg_reward,episode_length,loss,learning_rate,seed,exp_name,policy_loss,value_loss,entropy,adv_mean,grad_norm
3,-163.4757537841797,-271.33360290527344,86,870.6627197265625,0.001,1,a2c_lr_high_seed1,-24.826709747314453,1790.981689453125,1.3833212852478027,-17.846332550048828,47.70984649658203
7,-184.59771728515625,-190.64413016183036,125,481.57562255859375,0.001,1,a2c_lr_high_seed1,-29.934844970703125,1023.023681640625,1.3817390203475952,-21.710206985473633,43.16404724121094
8,-226.15122985839844,-195.08251762390137,129,112.3394775390625,0.001,1,a2c_lr_high_seed1,-13.695694923400879,252.07310485839844,1.3802162408828735,-9.931692123413086,20.687297821044922
12,-114.68743896484375,-199.65803019205728,60,902.8530883789062,0.001,1,a2c_lr_high_seed1,-17.197141647338867,1840.103271484375,1.378711223602295,-12.723395347595215,30.530845642089844
13,-12.271461486816406,-185.2436787531926,100,307.3305969238281,0.001,1,a2c_lr_high_seed1,-19.10873031616211,652.8814086914062,1.3778942823410034,-13.863313674926758,28.554426193237305
19,-110.27604675292969,-182.6905686227899,65,1169.450927734375,0.001,1,a2c_lr_high_seed1,-27.638547897338867,2394.181640625,1.3773503303527832,-20.36664581298828,46.21663284301758
20,-10.771484375,-174.0946144104004,96,67.11479949951172,0.001,1,a2c_lr_high_seed1,-7.0941691398620605,148.4207000732422,1.3781899213790894,-5.060628890991211,9.697980880737305
24,-116.95655059814453,-166.62586816151938,69,708.5392456054688,0.001,1,a2c_lr_high_seed1,-22.296356201171875,1461.674072265625,1.3765811920166016,-16.138412475585938,39.24968719482422
28,-118.2456283569336,-159.57278197152274,116,348.3646545410156,0.001,1,a2c_lr_high_seed1,-25.348722457885742,747.4295043945312,1.3753340244293213,-18.435138702392578,37.66082000732422
28,-118.2456283569336,-159.57278197152274,116,46.656341552734375,0.001,1,a2c_lr_high_seed1,-4.783987998962402,102.88341522216797,1.3773131370544434,-3.4758002758026123,8.729732513427734
32,-154.09848022460938,-161.0645043849945,86,574.8935546875,0.001,1,a2c_lr_high_seed1,-28.46356964111328,1206.717041015625,1.377812385559082,-20.810972213745117,53.75515365600586
35,-82.26341247558594,-158.6537848336356,118,246.91741943359375,0.001,1,a2c_lr_high_seed1,-18.369956970214844,530.5775146484375,1.3766621351242065,-13.297663688659668,29.83283805847168
38,-184.87234497070312,-159.09875066656815,68,516.2794189453125,0.001,1,a2c_lr_high_seed1,-28.701316833496094,1089.9642333984375,1.3763766288757324,-20.723665237426758,51.03694152832031
41,-144.59164428710938,-156.1720030249619,100,376.3680114746094,0.001,1,a2c_lr_high_seed1,-21.17742347717285,795.0936279296875,1.372937798500061,-14.987092018127441,36.485633850097656
44,-386.6792297363281,-159.15094514326617,114,811.166748046875,0.001,1,a2c_lr_high_seed1,-39.724700927734375,1701.78564453125,1.3706824779510498,-28.285160064697266,77.91523742675781
46,-339.99169921875,-167.83839980415675,75,1355.981689453125,0.001,1,a2c_lr_high_seed1,-44.34415054321289,2800.654296875,1.3737497329711914,-31.951133728027344,103.3606185913086
49,-154.18255615234375,-176.34916126484774,79,805.8163452148438,0.001,1,a2c_lr_high_seed1,-40.40625762939453,1692.4478759765625,1.373216152191162,-29.74962043762207,92.0295639038086
52,-244.7716827392578,-171.52874984741212,87,516.16650390625,0.001,1,a2c_lr_high_seed1,-23.982595443725586,1080.3009033203125,1.3728760480880737,-17.560758590698242,57.011260986328125
54,-97.75332641601562,-175.99159469604493,75,592.6229248046875,0.001,1,a2c_lr_high_seed1,-30.38797378540039,1246.0245361328125,1.3730623722076416,-22.184062957763672,70.41571044921875
57,-159.71826171875,-179.22969390869142,96,339.5314025878906,0.001,1,a2c_lr_high_seed1,-18.206809997558594,715.4791870117188,1.3710395097732544,-13.538267135620117,45.87479019165039
60,-155.35337829589844,-179.42391723632812,113,674.6563110351562,0.001,1,a2c_lr_high_seed1,-30.50052261352539,1410.31640625,1.3721837997436523,-22.059391021728516,77.95254516601562
62,-112.13949584960938,-178.07685424804689,76,597.7684936523438,0.001,1,a2c_lr_high_seed1,-34.35371398925781,1264.2471923828125,1.374672293663025,-24.836559295654297,80.12541961669922
65,-116.80361938476562,-183.77594940185546,101,521.6046752929688,0.001,1,a2c_lr_high_seed1,-24.262590408325195,1091.7371826171875,1.3700815439224243,-17.657398223876953,63.958839416503906
68,-114.31243133544922,-182.8086344909668,118,367.46435546875,0.001,1,a2c_lr_high_seed1,-24.039695739746094,783.0108642578125,1.371045708656311,-17.716510772705078,59.14659881591797
68,-114.31243133544922,-182.8086344909668,118,130.3512420654297,0.001,1,a2c_lr_high_seed1,-18.712797164916992,298.1308288574219,1.3742557764053345,-13.6549072265625,43.527889251708984
73,-124.49986267089844,-187.74001083374023,91,672.9998779296875,0.001,1,a2c_lr_high_seed1,-32.86054611206055,1411.7236328125,1.3736685514450073,-23.606277465820312,90.33148956298828
76,-110.26337432861328,-193.21884872436524,75,355.6548767089844,0.001,1,a2c_lr_high_seed1,-21.55472755432129,754.4219360351562,1.3698784112930298,-15.526398658752441,56.97053909301758
77,-86.17239379882812,-192.76132049560547,80,313.0224609375,0.001,1,a2c_lr_high_seed1,-10.035703659057617,646.1190795898438,1.3672635555267334,-6.797798156738281,23.8550968170166
82,-281.03948974609375,-197.73446594238283,87,1580.2039794921875,0.001,1,a2c_lr_high_seed1,-34.95526885986328,3230.3212890625,1.3637784719467163,-24.83746337890625,104.2952880859375
82,-281.03948974609375,-197.73446594238283,87,96.3588638305664,0.001,1,a2c_lr_high_seed1,-7.68184757232666,208.0841522216797,1.3689296245574951,-5.624796390533447,18.82468032836914
84,-94.50603485107422,-195.05193969726562,65,479.1044616699219,0.001,1,a2c_lr_high_seed1,-32.2693977355957,1022.75048828125,1.36872136592865,-23.442764282226562,91.28633880615234
86,-7.246513366699219,-195.04167282104493,107,544.1779174804688,0.001,1,a2c_lr_high_seed1,-20.800046920776367,1129.9586181640625,1.3649009466171265,-15.604575157165527,82.53185272216797
91,-75.42080688476562,-206.6890934753418,67,582.1644897460938,0.001,1,a2c_lr_high_seed1,-26.58492088317871,1217.50146484375,1.3644649982452393,-20.160293579101562,86.08308410644531
92,-106.11518096923828,-206.83241561889648,77,172.677734375,0.001,1,a2c_lr_high_seed1,-7.636902809143066,360.63201904296875,1.3688368797302246,-5.337648391723633,24.531909942626953
95,-94.99775695800781,-195.39088638305665,62,298.2136535644531,0.001,1,a2c_lr_high_seed1,-18.386138916015625,633.2023315429688,1.3667330741882324,-13.46169376373291,57.54304504394531
97,-156.78993225097656,-184.2956221008301,103,125.31855010986328,0.001,1,a2c_lr_high_seed1,-9.17294692993164,268.9857177734375,1.367483377456665,-6.577162742614746,25.465492248535156
98,-128.9768524169922,-181.0965818786621,119,144.73463439941406,0.001,1,a2c_lr_high_seed1,-10.824915885925293,311.1218566894531,1.369019865989685,-7.934909820556641,34.37179946899414
101,-138.19827270507812,-180.0209588623047,88,410.2457275390625,0.001,1,a2c_lr_high_seed1,-23.679805755615234,867.8538208007812,1.370517611503601,-17.166173934936523,79.93502807617188
104,-387.2422790527344,-179.46043884277344,130,570.4744873046875,0.001,1,a2c_lr_high_seed1,-28.210596084594727,1197.372802734375,1.3663543462753296,-20.153648376464844,111.85298919677734
105,-110.64441680908203,-176.0475355529785,90,71.2912826538086,0.001,1,a2c_lr_high_seed1,-10.28271770477295,163.15072631835938,1.3639695644378662,-7.4121551513671875,30.215587615966797
109,-102.13185119628906,-172.65820190429687,70,372.66241455078125,0.001,1,a2c_lr_high_seed1,-15.003461837768555,775.33447265625,1.3638888597488403,-10.733552932739258,57.72429656982422
111,-132.5679931640625,-169.33000732421874,105,257.37261962890625,0.001,1,a2c_lr_high_seed1,-13.543532371520996,541.8350219726562,1.3637452125549316,-10.173562049865723,45.97895812988281
113,-152.8615264892578,-165.93898681640624,120,364.28424072265625,0.001,1,a2c_lr_high_seed1,-22.008127212524414,772.5874633789062,1.3617513179779053,-16.27638053894043,88.13722229003906
115,-266.53289794921875,-172.90335021972658,108,373.40093994140625,0.001,1,a2c_lr_high_seed1,-17.761470794677734,782.3275756835938,1.361393928527832,-13.127232551574707,74.89530944824219
118,-125.57109832763672,-168.87080993652344,149,444.49652099609375,0.001,1,a2c_lr_high_seed1,-24.695112228393555,938.385986328125,1.363039255142212,-18.25847625732422,91.3225326538086
119,-207.93582153320312,-167.70519287109374,96,125.70489501953125,0.001,1,a2c_lr_high_seed1,-7.182622909545898,265.77777099609375,1.3646211624145508,-5.266116619110107,28.914278030395508
121,-231.38388061523438,-171.55400344848633,121,254.8870391845703,0.001,1,a2c_lr_high_seed1,-10.174524307250977,530.1258544921875,1.3639734983444214,-7.46803092956543,44.48768615722656
123,-102.26789093017578,-167.86507629394532,67,168.20716857910156,0.001,1,a2c_lr_high_seed1,-10.797391891479492,358.0118408203125,1.36331045627594,-7.406578063964844,35.44109344482422
127,-347.2073974609375,-167.48243850708008,142,1260.4354248046875,0.001,1,a2c_lr_high_seed1,-38.14043045043945,2597.154296875,1.3548500537872314,-28.498519897460938,165.00552368164062
129,-115.25096130371094,-165.35418533325196,99,183.50975036621094,0.001,1,a2c_lr_high_seed1,-14.07335090637207,395.1689147949219,1.3572993278503418,-10.609098434448242,55.077789306640625
132,-82.35188293457031,-162.82479598999024,81,425.5221862792969,0.001,1,a2c_lr_high_seed1,-18.022945404052734,887.0929565429688,1.35770845413208,-13.857672691345215,81.79167175292969
134,-99.83416748046875,-163.26277572631835,92,207.73944091796875,0.001,1,a2c_lr_high_seed1,-11.932351112365723,439.3463134765625,1.3649916648864746,-8.648601531982422,47.59895706176758
134,-99.83416748046875,-163.26277572631835,92,39.36687088012695,0.001,1,a2c_lr_high_seed1,-2.2582850456237793,83.25303649902344,1.3629469871520996,-1.5149121284484863,7.732026100158691
138,-151.5943603515625,-150.01300979614257,115,439.2519836425781,0.001,1,a2c_lr_high_seed1,-24.735477447509766,927.9776611328125,1.360349416732788,-18.135278701782227,109.7335205078125
140,-61.59593200683594,-147.21466369628905,129,357.12200927734375,0.001,1,a2c_lr_high_seed1,-15.663799285888672,745.5743408203125,1.3640379905700684,-11.060494422912598,51.85886001586914
142,-76.61471557617188,-146.58768005371093,63,277.0394287109375,0.001,1,a2c_lr_high_seed1,-18.342405319213867,590.766357421875,1.3568717241287231,-13.319173812866211,77.89237213134766
144,-467.8232421875,-153.7197981262207,98,603.8016967773438,0.001,1,a2c_lr_high_seed1,-19.39322280883789,1246.392578125,1.3483740091323853,-14.099187850952148,113.77175903320312
146,-239.72503662109375,-152.95006240844725,78,449.78424072265625,0.001,1,a2c_lr_high_seed1,-17.439027786254883,934.44921875,1.3551297187805176,-12.606758117675781,88.20489501953125
150,-266.96783447265625,-154.13032691955567,136,702.6875610351562,0.001,1,a2c_lr_high_seed1,-28.25271224975586,1461.8831787109375,1.3531901836395264,-21.094497680664062,144.83746337890625
151,-152.82321166992188,-154.42282569885253,102,239.73936462402344,0.001,1,a2c_lr_high_seed1,-15.454437255859375,510.39031982421875,1.3525279760360718,-11.341459274291992,74.7308578491211
152,-98.17036437988281,-151.49415107727052,91,207.831787109375,0.001,1,a2c_lr_high_seed1,-18.884925842285156,453.43609619140625,1.3470014333724976,-13.682138442993164,84.55696868896484
155,-233.9320068359375,-152.4247017669678,127,522.8602905273438,0.001,1,a2c_lr_high_seed1,-17.183883666992188,1080.091064453125,1.3471599817276,-13.641200065612793,101.65418243408203
158,-66.05734252929688,-148.9596661376953,76,340.7396545410156,0.001,1,a2c_lr_high_seed1,-22.00298309326172,725.4879760742188,1.3475630283355713,-15.349597930908203,106.25740051269531
160,-164.96456909179688,-153.60887603759767,149,269.8171081542969,0.001,1,a2c_lr_high_seed1,-12.289875984191895,564.2166748046875,1.343273401260376,-8.254384994506836,64.68997192382812
161,-101.49220275878906,-152.9873602294922,94,170.40634155273438,0.001,1,a2c_lr_high_seed1,-16.422840118408203,373.6610412597656,1.3400237560272217,-12.32852554321289,81.9556655883789
164,-306.1629638671875,-154.9065168762207,114,965.0382080078125,0.001,1,a2c_lr_high_seed1,-36.29057312011719,2002.6602783203125,1.3285273313522339,-27.168743133544922,214.4332275390625
167,-142.17959594726562,-155.05989944458008,95,299.2423095703125,0.001,1,a2c_lr_high_seed1,-14.1359281539917,626.7591552734375,1.3373758792877197,-10.741114616394043,90.98658752441406
169,-90.09613037109375,-156.98587493896486,80,236.6746063232422,0.001,1,a2c_lr_high_seed1,-10.456583976745605,494.26507568359375,1.3422496318817139,-7.255928993225098,54.71971130371094
169,-90.09613037109375,-156.98587493896486,80,69.76915740966797,0.001,1,a2c_lr_high_seed1,-10.464738845825195,160.47047424316406,1.3409308195114136,-7.503937244415283,51.513999938964844
173,-171.24301147460938,-155.25953720092772,118,304.0868225097656,0.001,1,a2c_lr_high_seed1,-12.039525985717773,632.25537109375,1.3348383903503418,-8.625957489013672,64.78022766113281
176,-200.12005615234375,-156.33318893432616,120,278.6117248535156,0.001,1,a2c_lr_high_seed1,-15.151240348815918,587.528564453125,1.3237107992172241,-10.554830551147461,92.6974105834961
177,-81.25662231445312,-151.01417343139647,83,177.16065979003906,0.001,1,a2c_lr_high_seed1,-9.683051109313965,373.6900634765625,1.322418212890625,-7.231369495391846,54.87986755371094
179,-109.13787078857422,-153.81419326782228,96,258.7345886230469,0.001,1,a2c_lr_high_seed1,-5.140701770782471,527.7532348632812,1.3216286897659302,-4.172718048095703,35.8616943359375
183,-196.85946655273438,-148.14182250976563,92,504.62109375,0.001,1,a2c_lr_high_seed1,-25.509258270263672,1060.2633056640625,1.318841814994812,-19.194091796875,156.42994689941406
184,-138.17764282226562,-148.90869201660155,85,317.9208679199219,0.001,1,a2c_lr_high_seed1,-18.928955078125,673.7022705078125,1.3083157539367676,-14.861069679260254,128.52874755859375
186,-257.0556945800781,-152.56505340576172,160,183.92758178710938,0.001,1,a2c_lr_high_seed1,-15.79344654083252,399.44464111328125,1.2961881160736084,-11.98556900024414,109.94314575195312
190,-47.84672927856445,-156.23528556823732,71,477.3416442871094,0.001,1,a2c_lr_high_seed1,-25.106266021728516,1004.8984375,1.2979693412780762,-19.43609619140625,171.36883544921875
191,-316.7701416015625,-161.09924659729003,149,753.80029296875,0.001,1,a2c_lr_high_seed1,-27.027828216552734,1561.6588134765625,1.2925949096679688,-19.905723571777344,191.51597595214844
193,-94.95053100585938,-169.85281196594238,72,645.3011474609375,0.001,1,a2c_lr_high_seed1,-20.490520477294922,1331.5859375,1.2918696403503418,-16.837276458740234,179.75885009765625
196,-85.8635482788086,-170.31797050476075,115,788.1687622070312,0.001,1,a2c_lr_high_seed1,-16.47517967224121,1609.2904052734375,1.293144941329956,-13.438196182250977,153.56768798828125
198,-89.18917846679688,-168.3111937713623,72,263.8525390625,0.001,1,a2c_lr_high_seed1,-14.18420696258545,556.0760498046875,1.2940810918807983,-9.935625076293945,87.45014953613281
201,-75.47221374511719,-167.52088493347168,77,437.3326110839844,0.001,1,a2c_lr_high_seed1,-16.502819061279297,907.6734008789062,1.2870080471038818,-12.845392227172852,127.05517578125
203,-63.477718353271484,-161.6480484008789,86,290.826904296875,0.001,1,a2c_lr_high_seed1,-15.182432174682617,612.021240234375,1.2822997570037842,-11.635274887084961,104.1693344116211
203,-63.477718353271484,-161.6480484008789,86,62.04957580566406,0.001,1,a2c_lr_high_seed1,-4.284382343292236,132.67047119140625,1.2781848907470703,-2.9263384342193604,16.97110939025879
204,-63.08061981201172,-161.48073623657226,126,164.6435546875,0.001,1,a2c_lr_high_seed1,-14.212864875793457,357.71539306640625,1.275275707244873,-11.017080307006836,108.44908905029297
208,-137.13014221191406,-172.03760719299316,191,1043.3917236328125,0.001,1,a2c_lr_high_seed1,-30.2323055267334,2147.25048828125,1.2655885219573975,-24.058645248413086,277.5045166015625
210,-90.46050262451172,-168.94926963806154,126,273.5441589355469,0.001,1,a2c_lr_high_seed1,-11.951913833618164,570.9946899414062,1.282393217086792,-8.4764404296875,73.66204071044922
211,-75.39280700683594,-168.42728172302247,203,121.89324188232422,0.001,1,a2c_lr_high_seed1,-8.904167175292969,261.59735107421875,1.2674596309661865,-6.024312496185303,59.55087661743164
212,-192.1757354736328,-166.48441581726075,101,216.84707641601562,0.001,1,a2c_lr_high_seed1,-6.567473411560059,446.83160400390625,1.2578206062316895,-4.646378040313721,58.20781326293945
214,-63.611263275146484,-161.69930450439452,157,345.0205078125,0.001,1,a2c_lr_high_seed1,-18.423601150512695,726.8906860351562,1.234621286392212,-13.489873886108398,126.59387969970703
216,-55.59462356567383,-159.25876106262206,99,275.3885803222656,0.001,1,a2c_lr_high_seed1,-10.80532169342041,572.3902587890625,1.2071505784988403,-9.632072448730469,121.0055923461914
219,-312.779541015625,-161.56762062072755,206,527.5873413085938,0.001,1,a2c_lr_high_seed1,-13.701217651367188,1082.57958984375,1.2032482624053955,-13.455682754516602,191.2965087890625
221,-66.06944274902344,-161.04758613586426,135,215.59097290039062,0.001,1,a2c_lr_high_seed1,-15.967538833618164,463.1195068359375,1.2303012609481812,-12.423782348632812,111.97864532470703
223,-295.6977844238281,-165.52265144348144,98,862.2996826171875,0.001,1,a2c_lr_high_seed1,-12.899154663085938,1750.400146484375,1.2054935693740845,-15.119290351867676,196.0124969482422
224,-13.738334655761719,-163.0376766204834,132,117.78717041015625,0.001,1,a2c_lr_high_seed1,-8.866328239440918,253.3094482421875,1.2261865139007568,-6.501781463623047,57.2475471496582
226,-227.943359375,-163.6423461151123,121,316.6084899902344,0.001,1,a2c_lr_high_seed1,-18.184690475463867,669.5888061523438,1.2112882137298584,-14.717144966125488,150.98692321777344
226,-227.943359375,-163.6423461151123,121,240.8517303466797,0.001,1,a2c_lr_high_seed1,-11.33891773223877,504.3836364746094,1.180706262588501,-11.981865882873535,124.39972686767578
230,-104.80663299560547,-170.86782539367675,129,607.54736328125,0.001,1,a2c_lr_high_seed1,-21.186542510986328,1257.4700927734375,1.1623876094818115,-20.754655838012695,231.17173767089844
231,-105.55522155761719,-170.4994033050537,96,210.97996520996094,0.001,1,a2c_lr_high_seed1,-12.837127685546875,447.63653564453125,1.1759029626846313,-10.270838737487793,117.86521911621094
233,-281.8106689453125,-178.47977302551269,158,301.99102783203125,0.001,1,a2c_lr_high_seed1,-14.298362731933594,632.5811767578125,1.20428466796875,-11.377885818481445,170.5408172607422
234,-68.86807250976562,-177.0935816192627,99,105.02617645263672,0.001,1,a2c_lr_high_seed1,-10.632291793823242,231.31942749023438,1.2470225095748901,-8.885824203491211,94.15928649902344
237,-210.45846557617188,-175.55335411071778,152,441.0126647949219,0.001,1,a2c_lr_high_seed1,-18.14676856994629,918.3212890625,1.2274752855300903,-14.957792282104492,176.06422424316406
237,-210.45846557617188,-175.55335411071778,152,50.06058883666992,0.001,1,a2c_lr_high_seed1,0.10521852970123291,99.91316223144531,1.2089755535125732,0.24883973598480225,12.506002426147461
237,-210.45846557617188,-175.55335411071778,152,104.01004028320312,0.001,1,a2c_lr_high_seed1,-12.611166954040527,233.24478149414062,1.181021809577942,-11.030349731445312,127.50373840332031
239,-216.05441284179688,-174.59758171081543,114,441.1095275878906,0.001,1,a2c_lr_high_seed1,-20.372703552246094,922.966796875,1.1511461734771729,-19.302799224853516,246.53604125976562
240,-448.6796875,-182.61424087524415,318,270.5640563964844,0.001,1,a2c_lr_high_seed1,-5.546430587768555,552.2233276367188,1.1803224086761475,-6.671298980712891,98.08411407470703
240,-448.6796875,-182.61424087524415,318,51.128910064697266,0.001,1,a2c_lr_high_seed1,-4.156708717346191,110.5736312866211,1.1973307132720947,-3.7630834579467773,53.269065856933594
242,-234.74192810058594,-176.7290184020996,210,366.3916320800781,0.001,1,a2c_lr_high_seed1,-13.77193546295166,760.32958984375,1.2251205444335938,-11.417985916137695,158.65310668945312
245,-23.724273681640625,-175.31269454956055,98,276.7191467285156,0.001,1,a2c_lr_high_seed1,-8.404589653015137,570.25,1.2620861530303955,-6.465015411376953,97.22667694091797
245,-23.724273681640625,-175.31269454956055,98,43.786006927490234,0.001,1,a2c_lr_high_seed1,-5.370419025421143,98.31536865234375,1.2606449127197266,-3.854060173034668,53.27542495727539
247,-88.89065551757812,-176.55860618591308,198,168.65419006347656,0.001,1,a2c_lr_high_seed1,-9.120511054992676,355.5519104003906,1.2465763092041016,-7.667445182800293,104.310302734375
249,-106.99527740478516,-174.19856178283692,112,186.48712158203125,0.001,1,a2c_lr_high_seed1,-5.624390602111816,384.2254943847656,1.2365596294403076,-3.2473583221435547,28.34630584716797
251,-102.07198333740234,-177.3319179534912,163,140.20285034179688,0.001,1,a2c_lr_high_seed1,-5.735844612121582,291.8798828125,1.2556930780410767,-3.786932945251465,56.60204315185547
252,-297.6302490234375,-181.46433906555177,172,310.20361328125,0.001,1,a2c_lr_high_seed1,1.7949600219726562,616.81982421875,1.253598928451538,0.7755192518234253,41.3624267578125
255,-72.83626556396484,-176.1901084136963,110,465.626708984375,0.001,1,a2c_lr_high_seed1,-17.337642669677734,965.9312744140625,1.2766547203063965,-12.818416595458984,166.82843017578125
256,-142.5074005126953,-170.54842475891112,222,172.26158142089844,0.001,1,a2c_lr_high_seed1,-5.427652359008789,355.3810119628906,1.2627453804016113,-4.845322132110596,74.79512786865234
259,-80.5374526977539,-169.75282890319824,157,339.39697265625,0.001,1,a2c_lr_high_seed1,-16.501880645751953,711.8002319335938,1.2657861709594727,-12.2608642578125,165.8861083984375
261,-108.05274963378906,-169.42900199890136,89,149.02076721191406,0.001,1,a2c_lr_high_seed1,-3.4861388206481934,305.0164489746094,1.3076400756835938,-2.9096951484680176,46.17107009887695
261,-108.05274963378906,-169.42900199890136,89,29.398189544677734,0.001,1,a2c_lr_high_seed1,0.4997953772544861,57.799400329589844,1.3068376779556274,0.6198239326477051,10.358725547790527
262,-48.64715576171875,-166.55843040466308,151,125.73272705078125,0.001,1,a2c_lr_high_seed1,-8.11687183380127,267.7017822265625,1.2859712839126587,-5.969796657562256,77.35443878173828
263,-82.32608795166016,-166.62774940490723,105,117.82266235351562,0.001,1,a2c_lr_high_seed1,-8.756712913513184,253.16128540039062,1.266595721244812,-6.644260406494141,81.70267486572266
265,-241.75799560546875,-167.906893157959,145,180.8965606689453,0.001,1,a2c_lr_high_seed1,-4.659176826477051,371.1139831542969,1.252626657485962,-3.6971933841705322,62.19425582885742
267,-138.5497283935547,-171.9874976348877,176,566.2998657226562,0.001,1,a2c_lr_high_seed1,-15.468080520629883,1163.5384521484375,1.2610033750534058,-12.480794906616211,150.49118041992188
270,-43.491825103759766,-163.34848831176757,141,244.1522674560547,0.001,1,a2c_lr_high_seed1,-13.741240501403809,515.78955078125,1.2654314041137695,-9.625609397888184,131.10382080078125
270,-43.491825103759766,-163.34848831176757,141,23.126331329345703,0.001,1,a2c_lr_high_seed1,2.4812874794006348,41.29262924194336,1.2709431648254395,2.4073901176452637,31.480775833129883
274,-31.049476623535156,-159.98531646728514,97,364.3228759765625,0.001,1,a2c_lr_high_seed1,-16.314369201660156,761.2770385742188,1.2722742557525635,-12.312427520751953,163.05044555664062
275,-33.456146240234375,-159.24564331054688,103,94.6685791015625,0.001,1,a2c_lr_high_seed1,-6.199656009674072,201.739013671875,1.2706966400146484,-4.582486152648926,58.681243896484375
278,-77.30514526367188,-149.77141326904297,137,191.32899475097656,0.001,1,a2c_lr_high_seed1,-14.745380401611328,412.1512756347656,1.2616878747940063,-11.279518127441406,154.1249237060547
278,-77.30514526367188,-149.77141326904297,137,26.998626708984375,0.001,1,a2c_lr_high_seed1,2.9875831604003906,48.02454376220703,1.2280606031417847,2.9374208450317383,41.365535736083984
279,-40.5381965637207,-146.90436042785643,142,113.92504119873047,0.001,1,a2c_lr_high_seed1,5.0571160316467285,217.73828125,1.2150506973266602,4.2473907470703125,59.45512771606445
281,7.834236145019531,-143.0895206451416,114,112.7940444946289,0.001,1,a2c_lr_high_seed1,-4.00321626663208,233.59698486328125,1.2283047437667847,-2.6275553703308105,37.594512939453125
283,-68.89676666259766,-133.4719017791748,161,210.2666015625,0.001,1,a2c_lr_high_seed1,-6.310739517211914,433.15716552734375,1.234776258468628,-4.553972244262695,74.2420883178711
284,-59.459537506103516,-133.28373107910156,139,82.68204498291016,0.001,1,a2c_lr_high_seed1,-1.1088721752166748,167.58425903320312,1.2120637893676758,-0.5596803426742554,14.598669052124023
285,-58.00067901611328,-133.85723571777345,187,62.43989944458008,0.001,1,a2c_lr_high_seed1,-3.8345346450805664,132.55123901367188,1.1860214471817017,-2.684971570968628,34.54777908325195
287,-158.8153533935547,-131.99622589111328,276,362.3470153808594,0.001,1,a2c_lr_high_seed1,-1.6875786781311035,728.071533203125,1.1674120426177979,-1.604297161102295,69.8872299194336
287,-158.8153533935547,-131.99622589111328,276,49.72481155395508,0.001,1,a2c_lr_high_seed1,4.265099048614502,90.92179107666016,1.184191107749939,3.8813986778259277,56.36355972290039
290,-17.679122924804688,-119.37002723693848,118,303.9794921875,0.001,1,a2c_lr_high_seed1,-3.0603814125061035,614.0821533203125,1.203215479850769,-2.172762393951416,44.68950653076172
290,-17.679122924804688,-119.37002723693848,118,92.9381103515625,0.001,1,a2c_lr_high_seed1,1.1469916105270386,183.58465576171875,1.2054576873779297,0.5666084289550781,14.05595588684082
292,-83.43421173095703,-114.3693807220459,137,316.5400695800781,0.001,1,a2c_lr_high_seed1,-14.489004135131836,662.060546875,1.1873931884765625,-11.08401870727539,162.425048828125
292,-83.43421173095703,-114.3693807220459,137,41.18939971923828,0.001,1,a2c_lr_high_seed1,-2.1307284832000732,86.6426010131836,1.171390414237976,-1.648106575012207,17.522369384765625
293,-64.64567565917969,-110.59858940124512,121,150.57691955566406,0.001,1,a2c_lr_high_seed1,-2.14823842048645,305.45263671875,1.1526691913604736,-2.283336639404297,34.126853942871094
295,-2.2041244506835938,-107.87639656066895,235,255.0893096923828,0.001,1,a2c_lr_high_seed1,-9.36023998260498,528.9014892578125,1.1934324502944946,-8.154476165771484,135.1798858642578
297,-271.083740234375,-110.97597816467285,198,319.4238586425781,0.001,1,a2c_lr_high_seed1,-11.220758438110352,661.2916259765625,1.2026041746139526,-8.065437316894531,133.23895263671875
297,-271.083740234375,-110.97597816467285,198,39.963932037353516,0.001,1,a2c_lr_high_seed1,1.108577013015747,77.71311950683594,1.20586359500885,1.1628155708312988,10.28092098236084
297,-271.083740234375,-110.97597816467285,198,31.830110549926758,0.001,1,a2c_lr_high_seed1,-4.043674945831299,71.74992370605469,1.1771947145462036,-3.531226634979248,50.85455322265625
297,-271.083740234375,-110.97597816467285,198,166.24530029296875,0.001,1,a2c_lr_high_seed1,-5.261608123779297,343.01611328125,1.1434365510940552,-4.445030689239502,71.52972412109375
298,-94.15870666503906,-111.00936103820801,256,135.9633331298828,0.001,1,a2c_lr_high_seed1,-10.762645721435547,293.4542236328125,1.1365339756011963,-9.718581199645996,147.2828369140625
300,-264.61322021484375,-107.3063321685791,235,203.5597686767578,0.001,1,a2c_lr_high_seed1,-10.579536437988281,428.2809143066406,1.14464271068573,-10.347890853881836,193.6439971923828
301,-290.4103088378906,-111.07309867858886,186,143.80044555664062,0.001,1,a2c_lr_high_seed1,0.6524394750595093,286.29833984375,1.1623681783676147,0.9832381010055542,24.92775535583496
301,-290.4103088378906,-111.07309867858886,186,81.6973876953125,0.001,1,a2c_lr_high_seed1,-2.1786117553710938,167.75433349609375,1.1657222509384155,-1.122661828994751,26.431108474731445
302,-120.54823303222656,-107.53145835876465,285,171.15621948242188,0.001,1,a2c_lr_high_seed1,-8.52623462677002,359.36724853515625,1.1724903583526611,-6.332470417022705,101.08260345458984
305,-300.80908203125,-118.10099060058593,128,368.9792175292969,0.001,1,a2c_lr_high_seed1,-16.388999938964844,770.73876953125,1.1575409173965454,-14.499266624450684,267.0693664550781
306,-8.246498107910156,-115.41577255249024,158,104.50797271728516,0.001,1,a2c_lr_high_seed1,-4.993918418884277,219.00608825683594,1.1540335416793823,-3.4748339653015137,38.35423278808594
307,-194.9873046875,-113.94395309448242,210,242.3914794921875,0.001,1,a2c_lr_high_seed1,-14.647306442260742,514.0798950195312,1.156561255455017,-11.859119415283203,184.82545471191406
308,-104.4310302734375,-114.4124656677246,93,173.54409790039062,0.001,1,a2c_lr_high_seed1,-4.717072486877441,356.5246887207031,1.17063570022583,-2.675360679626465,57.93279266357422
309,-264.49609375,-118.09163848876953,610,154.68093872070312,0.001,1,a2c_lr_high_seed1,-3.816406726837158,316.9969787597656,1.141105055809021,-3.163160562515259,52.4519157409668
311,-196.96678161621094,-118.1052409362793,172,133.5612335205078,0.001,1,a2c_lr_high_seed1,-4.474623680114746,276.0739440917969,1.1142011880874634,-4.120800018310547,73.39860534667969
312,-85.39315795898438,-118.84016098022461,108,109.57633972167969,0.001,1,a2c_lr_high_seed1,-2.294079065322876,223.74314880371094,1.1545019149780273,-1.7984706163406372,30.921483993530273
313,-58.83940124511719,-118.37042724609375,180,97.24009704589844,0.001,1,a2c_lr_high_seed1,-5.136450290679932,204.75546264648438,1.184152603149414,-3.560702323913574,67.83586120605469
315,-29.855125427246094,-112.50682144165039,153,224.51560974121094,0.001,1,a2c_lr_high_seed1,-14.390260696411133,477.81402587890625,1.1498126983642578,-10.858776092529297,202.49696350097656
317,-39.23474884033203,-113.9654833984375,148,106.54525756835938,0.001,1,a2c_lr_high_seed1,0.17705047130584717,212.73875427246094,1.163798213005066,0.0090484619140625,27.07762908935547
319,-150.79872131347656,-113.9689712524414,1001,106.67855072021484,0.001,1,a2c_lr_high_seed1,-9.615535736083984,232.59054565429688,1.184156894683838,-7.396800994873047,106.59490203857422
319,-150.79872131347656,-113.9689712524414,1001,34.72899627685547,0.001,1,a2c_lr_high_seed1,0.013376086950302124,69.4334716796875,1.1133954524993896,0.32822561264038086,13.875080108642578
320,-172.1785888671875,-116.54270652770997,117,128.8946990966797,0.001,1,a2c_lr_high_seed1,0.6611051559448242,256.4693603515625,1.0888808965682983,0.6138234734535217,24.083683013916016
321,-22.413726806640625,-112.59576042175293,146,104.0458984375,0.001,1,a2c_lr_high_seed1,-6.845598220825195,221.78515625,1.0861546993255615,-5.29309606552124,86.12168884277344
322,-317.21014404296875,-117.67684822082519,253,490.5003662109375,0.001,1,a2c_lr_high_seed1,2.5613691806793213,975.8801879882812,1.1014922857284546,1.7121531963348389,64.92750549316406
323,-33.076377868652344,-116.42176536560059,166,53.01539611816406,0.001,1,a2c_lr_high_seed1,0.8271528482437134,104.3787612915039,1.137698769569397,1.4782530069351196,19.18379783630371
324,-180.3215789794922,-119.40720741271973,236,111.92577362060547,0.001,1,a2c_lr_high_seed1,-2.5427932739257812,228.93942260742188,1.1439201831817627,-3.057701587677002,45.03092575073242
324,-180.3215789794922,-119.40720741271973,236,67.1085205078125,0.001,1,a2c_lr_high_seed1,0.04443259537220001,134.13043212890625,1.1293327808380127,-0.16126644611358643,10.933558464050293
324,-180.3215789794922,-119.40720741271973,236,65.8740005493164,0.001,1,a2c_lr_high_seed1,-0.849531888961792,133.44931030273438,1.1186655759811401,0.08819735050201416,22.117155075073242
325,-198.75997924804688,-122.71328407287598,294,415.1952819824219,0.001,1,a2c_lr_high_seed1,-15.971920013427734,862.3366088867188,1.091261625289917,-13.014411926269531,218.20675659179688
327,5.5776214599609375,-120.79167945861816,308,234.31640625,0.001,1,a2c_lr_high_seed1,-14.174003601074219,496.9830017089844,1.1000186204910278,-12.119623184204102,189.53787231445312
330,-245.97389221191406,-130.58810028076172,299,497.7734680175781,0.001,1,a2c_lr_high_seed1,-12.296442985534668,1020.1419677734375,1.0593066215515137,-14.796892166137695,292.1330871582031
330,-245.97389221191406,-130.58810028076172,299,32.09465408325195,0.001,1,a2c_lr_high_seed1,-2.4786031246185303,69.14875793457031,1.1223208904266357,-2.045111656188965,32.788570404052734
330,-245.97389221191406,-130.58810028076172,299,101.59154510498047,0.001,1,a2c_lr_high_seed1,5.064746856689453,193.0557861328125,1.094254493713379,5.218290328979492,81.10469818115234
330,-245.97389221191406,-130.58810028076172,299,103.60344696044922,0.001,1,a2c_lr_high_seed1,-2.8062856197357178,212.82164001464844,1.0913556814193726,-2.3255932331085205,40.25160598754883
330,-245.97389221191406,-130.58810028076172,299,240.60848999023438,0.001,1,a2c_lr_high_seed1,-9.664583206176758,500.5482482910156,1.0492674112319946,-9.824398040771484,169.1499481201172
332,-16.933731079101562,-134.6840785217285,200,260.1978759765625,0.001,1,a2c_lr_high_seed1,-3.6812074184417725,527.7603149414062,1.0663119554519653,-3.1352672576904297,80.91845703125
332,-16.933731079101562,-134.6840785217285,200,97.75996398925781,0.001,1,a2c_lr_high_seed1,4.163753986358643,187.19451904296875,1.049149751663208,3.9393014907836914,75.96299743652344
335,-185.2858428955078,-140.6716738128662,248,294.4177551269531,0.001,1,a2c_lr_high_seed1,-7.010929584503174,602.8594970703125,1.0579547882080078,-8.842947006225586,169.99754333496094
335,-185.2858428955078,-140.6716738128662,248,101.38542175292969,0.001,1,a2c_lr_high_seed1,-1.393004059791565,205.55897521972656,1.058936357498169,-0.06822441518306732,20.494075775146484
336,-299.5416259765625,-142.28534690856932,345,308.55889892578125,0.001,1,a2c_lr_high_seed1,-2.6828813552856445,622.4857177734375,1.0749142169952393,-1.9228250980377197,94.31749725341797
337,-38.92475509643555,-139.88753494262696,164,162.2283172607422,0.001,1,a2c_lr_high_seed1,2.3075644969940186,319.84368896484375,1.096226692199707,3.8529138565063477,54.6661376953125
339,-109.90052032470703,-139.57750862121583,345,143.77308654785156,0.001,1,a2c_lr_high_seed1,-6.624417304992676,300.79730224609375,1.1446237564086914,-4.341475009918213,86.64024353027344
340,-4.08282470703125,-139.30558265686034,182,85.4372787475586,0.001,1,a2c_lr_high_seed1,-4.2624359130859375,179.4017791748047,1.1740525960922241,-3.514726161956787,64.03174591064453
340,-4.08282470703125,-139.30558265686034,182,42.52975082397461,0.001,1,a2c_lr_high_seed1,-2.970092535018921,91.00196838378906,1.1393346786499023,-2.126793146133423,38.72358322143555
341,-144.86932373046875,-138.02963172912598,225,237.90589904785156,0.001,1,a2c_lr_high_seed1,-3.9638068675994873,483.7416687011719,1.1223158836364746,-2.774787425994873,85.07049560546875
341,-144.86932373046875,-138.02963172912598,225,170.57180786132812,0.001,1,a2c_lr_high_seed1,0.7460196018218994,339.6537170410156,1.069865345954895,-0.9486344456672668,47.42011642456055
344,35.87345886230469,-136.18296028137206,231,452.76983642578125,0.001,1,a2c_lr_high_seed1,-8.238256454467773,922.018310546875,1.0750648975372314,-3.9243083000183105,142.91477966308594
344,35.87345886230469,-136.18296028137206,231,59.05862808227539,0.001,1,a2c_lr_high_seed1,-0.33914297819137573,118.79769134521484,1.0755136013031006,0.8909450769424438,21.769956588745117
344,35.87345886230469,-136.18296028137206,231,66.67064666748047,0.001,1,a2c_lr_high_seed1,-3.4294395446777344,140.20230102539062,1.0605745315551758,-2.6999340057373047,54.28820037841797
346,-3.1544723510742188,-140.08118644714355,215,262.8787841796875,0.001,1,a2c_lr_high_seed1,-8.630146026611328,543.02001953125,1.0548276901245117,-6.6615190505981445,165.31494140625
347,-289.2269287109375,-140.4440502166748,291,377.3212890625,0.001,1,a2c_lr_high_seed1,-5.583207607269287,765.8110961914062,1.0380386114120483,-6.8129706382751465,186.89532470703125
350,-20.497390747070312,-138.87610397338867,166,141.0880584716797,0.001,1,a2c_lr_high_seed1,-1.0581166744232178,284.2945556640625,1.1055121421813965,-1.6171332597732544,54.74042892456055
350,-20.497390747070312,-138.87610397338867,166,66.0637435913086,0.001,1,a2c_lr_high_seed1,1.746775507926941,128.63613891601562,1.1002367734909058,2.915313959121704,48.83717346191406
350,-20.497390747070312,-138.87610397338867,166,81.033447265625,0.001,1,a2c_lr_high_seed1,-1.2681292295455933,164.6053009033203,1.0739026069641113,-0.8241506814956665,20.52541732788086
351,67.64285278320312,-131.7150407409668,1001,151.95071411132812,0.001,1,a2c_lr_high_seed1,5.965606689453125,291.97235107421875,1.061334490776062,6.300924301147461,105.22190856933594
352,-90.36492156982422,-131.11137451171874,183,109.16500091552734,0.001,1,a2c_lr_high_seed1,-2.708324909210205,223.74874877929688,1.0483741760253906,-2.3684825897216797,50.699798583984375
352,-90.36492156982422,-131.11137451171874,183,38.64159393310547,0.001,1,a2c_lr_high_seed1,2.1193912029266357,73.04651641845703,1.0547895431518555,2.1423065662384033,34.19983673095703
355,-33.21543884277344,-119.26162521362305,272,305.8993225097656,0.001,1,a2c_lr_high_seed1,-9.450206756591797,630.701171875,1.0564627647399902,-7.504446029663086,140.49444580078125
356,-21.797645568847656,-119.5326481628418,241,114.84036254882812,0.001,1,a2c_lr_high_seed1,0.0026766955852508545,229.677490234375,1.057180404663086,0.8540794849395752,26.164642333984375
357,-57.137699127197266,-116.77565605163574,267,81.35965728759766,0.001,1,a2c_lr_high_seed1,-3.959207057952881,170.6398162841797,1.046600103378296,-2.4961771965026855,51.47391128540039
357,-57.137699127197266,-116.77565605163574,267,51.68365478515625,0.001,1,a2c_lr_high_seed1,2.732987880706787,97.90336608886719,1.0132737159729004,1.9175697565078735,36.27779769897461
357,-57.137699127197266,-116.77565605163574,267,96.91472625732422,0.001,1,a2c_lr_high_seed1,0.9203544855117798,191.9907684326172,1.0110262632369995,1.4020589590072632,30.788192749023438
358,-209.11045837402344,-118.86924461364747,231,126.21852111816406,0.001,1,a2c_lr_high_seed1,-0.043009936809539795,252.5250701904297,1.0099345445632935,1.2316592931747437,22.280296325683594
359,30.382492065429688,-112.97167289733886,184,78.8740005493164,0.001,1,a2c_lr_high_seed1,-3.5805399417877197,164.91111755371094,1.0127835273742676,-2.950953245162964,50.11743927001953
359,30.382492065429688,-112.97167289733886,184,133.0399169921875,0.001,1,a2c_lr_high_seed1,6.640350818634033,252.8011474609375,1.0089008808135986,7.101841926574707,120.7750015258789
361,12.614151000976562,-111.15390754699708,203,164.4191131591797,0.001,1,a2c_lr_high_seed1,-1.2250816822052002,331.2904968261719,1.0542374849319458,-0.733272910118103,39.50080108642578
362,-125.45314025878906,-111.95510719299317,367,291.3411865234375,0.001,1,a2c_lr_high_seed1,-11.457988739013672,605.6004028320312,1.034099817276001,-11.39437198638916,174.1763153076172
364,-190.20323181152344,-114.41215599060058,335,129.31405639648438,0.001,1,a2c_lr_high_seed1,-1.382582664489746,261.3952941894531,1.0052211284637451,-0.8082611560821533,43.72456741333008
364,-190.20323181152344,-114.41215599060058,335,63.19270706176758,0.001,1,a2c_lr_high_seed1,4.317343711853027,117.75277709960938,1.0258471965789795,4.822343349456787,79.80549621582031
364,-190.20323181152344,-114.41215599060058,335,39.26650619506836,0.001,1,a2c_lr_high_seed1,-1.109356164932251,80.75379943847656,1.0372740030288696,0.12730538845062256,21.34977149963379
364,-190.20323181152344,-114.41215599060058,335,43.38096237182617,0.001,1,a2c_lr_high_seed1,0.7008333206176758,85.36238861083984,1.0644748210906982,0.03743875026702881,17.18877601623535
364,-190.20323181152344,-114.41215599060058,335,62.14216995239258,0.001,1,a2c_lr_high_seed1,-0.15338099002838135,124.59320831298828,1.0529195070266724,0.8716838359832764,42.185665130615234
364,-190.20323181152344,-114.41215599060058,335,83.35014343261719,0.001,1,a2c_lr_high_seed1,-2.682626724243164,172.06761169433594,1.0348197221755981,-1.658189296722412,20.420673370361328
365,-5.587074279785156,-113.92679496765136,223,109.7155990600586,0.001,1,a2c_lr_high_seed1,-3.3184609413146973,226.07009887695312,0.9948047399520874,-3.4390201568603516,59.23241424560547
366,-184.27569580078125,-109.90441093444824,362,162.6927032470703,0.001,1,a2c_lr_high_seed1,0.8654031753540039,323.65667724609375,1.0405832529067993,0.6134369373321533,20.950490951538086
367,-88.01979064941406,-110.88011177062988,910,73.10600280761719,0.001,1,a2c_lr_high_seed1,-1.8813447952270508,149.976806640625,1.0491256713867188,-0.6171868443489075,25.335906982421875
368,-86.50883483886719,-112.08882041931152,356,81.89067840576172,0.001,1,a2c_lr_high_seed1,-5.308408737182617,174.4003143310547,1.0691200494766235,-4.812779426574707,85.12915802001953
369,-24.7484130859375,-109.56781425476075,318,74.39202880859375,0.001,1,a2c_lr_high_seed1,0.2946649193763733,148.19696044921875,1.1141200065612793,0.7462133765220642,15.090972900390625
369,-24.7484130859375,-109.56781425476075,318,10.613227844238281,0.001,1,a2c_lr_high_seed1,-2.412351608276367,26.053375244140625,1.108351230621338,-2.111017942428589,31.20978355407715
371,21.67877960205078,-110.21318183898926,164,185.07162475585938,0.001,1,a2c_lr_high_seed1,-3.3011515140533447,376.7477111816406,1.0895723104476929,-4.60182523727417,104.19869232177734
371,21.67877960205078,-110.21318183898926,164,40.542633056640625,0.001,1,a2c_lr_high_seed1,-2.175416946411133,85.43812561035156,1.0130679607391357,-1.368403673171997,35.16763687133789
371,21.67877960205078,-110.21318183898926,164,40.53705978393555,0.001,1,a2c_lr_high_seed1,-2.4846901893615723,86.04552459716797,1.0114318132400513,-2.1824584007263184,53.5655517578125
371,21.67877960205078,-110.21318183898926,164,65.53394317626953,0.001,1,a2c_lr_high_seed1,0.33165764808654785,130.40658569335938,1.0058783292770386,1.0719274282455444,47.320655822753906
371,21.67877960205078,-110.21318183898926,164,46.637210845947266,0.001,1,a2c_lr_high_seed1,-0.2525985538959503,93.78162384033203,1.003718376159668,0.8714608550071716,27.3961124420166
372,-212.17774963378906,-108.11253395080567,559,303.42657470703125,0.001,1,a2c_lr_high_seed1,-8.291242599487305,623.4376831054688,1.0340945720672607,-5.543848991394043,121.9678955078125
372,-212.17774963378906,-108.11253395080567,559,44.236141204833984,0.001,1,a2c_lr_high_seed1,-2.279099941253662,93.03263854980469,1.0796048641204834,-1.708808183670044,29.79995346069336
373,-177.36390686035156,-110.99828453063965,353,107.7191162109375,0.001,1,a2c_lr_high_seed1,-2.1157124042510986,219.6717071533203,1.023715853691101,-0.8975701332092285,35.10320281982422
373,-177.36390686035156,-110.99828453063965,353,97.1810302734375,0.001,1,a2c_lr_high_seed1,1.8952077627182007,190.5736541748047,1.0040366649627686,3.8640692234039307,65.27446746826172
375,-90.98957061767578,-107.48055381774903,345,115.1257553100586,0.001,1,a2c_lr_high_seed1,-8.400245666503906,247.05404663085938,1.0252766609191895,-6.434610843658447,126.16202545166016
376,-102.44674682617188,-107.30216484069824,425,70.92803955078125,0.001,1,a2c_lr_high_seed1,3.5790061950683594,134.70001220703125,0.9757407903671265,3.864307165145874,64.76563262939453
376,-102.44674682617188,-107.30216484069824,425,51.67713165283203,0.001,1,a2c_lr_high_seed1,2.924039125442505,97.50809478759766,0.9534612894058228,4.035593032836914,75.67371368408203
376,-102.44674682617188,-107.30216484069824,425,86.1251220703125,0.001,1,a2c_lr_high_seed1,2.873351812362671,166.50537109375,0.9177821278572083,3.3701107501983643,53.26313018798828
376,-102.44674682617188,-107.30216484069824,425,52.10664367675781,0.001,1,a2c_lr_high_seed1,3.974144458770752,96.2669677734375,0.9855051636695862,5.084713935852051,82.4345474243164
379,33.5751953125,-99.81612739562988,169,126.20048522949219,0.001,1,a2c_lr_high_seed1,2.4024159908294678,247.59811401367188,0.9831891655921936,3.2042627334594727,49.80361557006836
379,33.5751953125,-99.81612739562988,169,23.460725784301758,0.001,1,a2c_lr_high_seed1,-2.0692038536071777,51.061866760253906,1.0027714967727661,-1.4291939735412598,23.061080932617188
380,-15.069076538085938,-95.19803108215332,234,87.0124740600586,0.001,1,a2c_lr_high_seed1,3.478347063064575,167.07008361816406,0.9158721566200256,3.556182384490967,59.65666961669922
380,-15.069076538085938,-95.19803108215332,234,95.38673400878906,0.001,1,a2c_lr_high_seed1,4.566668510437012,181.64187622070312,0.8727017641067505,6.633996963500977,116.11360931396484
380,-15.069076538085938,-95.19803108215332,234,17.588991165161133,0.001,1,a2c_lr_high_seed1,-1.4341866970062256,38.0482292175293,0.9360761642456055,-1.1638684272766113,16.89537239074707
381,-48.501441955566406,-89.86587364196777,180,106.37765502929688,0.001,1,a2c_lr_high_seed1,2.131042957305908,208.49508666992188,0.9315940141677856,2.620452880859375,35.890323638916016
383,6.5910491943359375,-84.91716148376464,137,115.0608139038086,0.001,1,a2c_lr_high_seed1,-2.466085433959961,235.05557250976562,0.8819243907928467,-1.9582949876785278,53.92380905151367
384,164.86502075195312,-80.80856147766113,682,310.79388427734375,0.001,1,a2c_lr_high_seed1,4.57008171081543,612.4494018554688,0.8918238282203674,10.484301567077637,225.51431274414062
384,164.86502075195312,-80.80856147766113,682,54.67345428466797,0.001,1,a2c_lr_high_seed1,0.4285252094268799,108.49191284179688,1.0270432233810425,1.9844660758972168,41.12025833129883
384,164.86502075195312,-80.80856147766113,682,68.55717468261719,0.001,1,a2c_lr_high_seed1,1.1229286193847656,134.87060546875,1.0495017766952515,0.8659029603004456,22.63837242126465
384,164.86502075195312,-80.80856147766113,682,49.01151657104492,0.001,1,a2c_lr_high_seed1,-4.718774795532227,107.46257019042969,0.9937999248504639,-4.474057197570801,67.36341094970703
384,164.86502075195312,-80.80856147766113,682,39.62561798095703,0.001,1,a2c_lr_high_seed1,1.0096591711044312,77.2337875366211,0.9354841113090515,2.0363192558288574,31.756961822509766
384,164.86502075195312,-80.80856147766113,682,39.5030517578125,0.001,1,a2c_lr_high_seed1,0.7315064668655396,77.54495239257812,0.9310462474822998,-0.013512015342712402,17.490516662597656
384,164.86502075195312,-80.80856147766113,682,106.89974975585938,0.001,1,a2c_lr_high_seed1,1.4608757495880127,210.8796844482422,0.970669150352478,2.2515995502471924,43.34888458251953
385,-197.8242950439453,-81.05933052062989,885,181.65597534179688,0.001,1,a2c_lr_high_seed1,-6.616271495819092,376.54644775390625,0.971809983253479,-6.884580612182617,106.9053726196289
386,-52.73077392578125,-76.12311347961426,292,63.8201904296875,0.001,1,a2c_lr_high_seed1,1.1868656873703003,125.26853942871094,0.9474563598632812,0.9688591957092285,17.204803466796875
386,-52.73077392578125,-76.12311347961426,292,28.064863204956055,0.001,1,a2c_lr_high_seed1,-0.07306015491485596,56.277740478515625,0.9460023641586304,0.15335774421691895,15.321588516235352
387,121.167724609375,-72.92126388549805,550,284.21661376953125,0.001,1,a2c_lr_high_seed1,0.5953739881515503,567.2445068359375,1.0000512599945068,6.225712776184082,159.33885192871094
388,121.893798828125,-70.3956512451172,805,270.0770568847656,0.001,1,a2c_lr_high_seed1,-0.03675961494445801,540.2296142578125,0.9690520763397217,5.131289482116699,134.72401428222656
388,121.893798828125,-70.3956512451172,805,23.703420639038086,0.001,1,a2c_lr_high_seed1,-3.1602516174316406,53.729366302490234,1.0114654302597046,-3.4078919887542725,58.57973098754883
389,-124.91546630859375,-70.69595016479492,629,212.4713897705078,0.001,1,a2c_lr_high_seed1,-0.6447436213493347,426.23419189453125,0.965281069278717,1.270649790763855,57.55162811279297
389,-124.91546630859375,-70.69595016479492,629,124.93913269042969,0.001,1,a2c_lr_high_seed1,-1.463066816329956,252.80636596679688,0.9869368672370911,-0.15125364065170288,30.713741302490234
389,-124.91546630859375,-70.69595016479492,629,115.8746337890625,0.001,1,a2c_lr_high_seed1,7.077634811401367,217.5959014892578,0.955284595489502,8.484175682067871,143.48155212402344
391,26.52259063720703,-68.00185836791992,166,112.5322036743164,0.001,1,a2c_lr_high_seed1,-4.810276985168457,234.68678283691406,0.9045590162277222,-2.8634748458862305,54.92029571533203
391,26.52259063720703,-68.00185836791992,166,12.919660568237305,0.001,1,a2c_lr_high_seed1,0.9014413356781006,24.038097381591797,0.8293788433074951,2.1976518630981445,40.93647384643555
392,-280.8017883300781,-73.30960174560546,569,147.56346130371094,0.001,1,a2c_lr_high_seed1,-0.5998494625091553,296.32843017578125,0.9025294184684753,1.372440218925476,34.333370208740234
392,-280.8017883300781,-73.30960174560546,569,11.804479598999023,0.001,1,a2c_lr_high_seed1,0.10422591865062714,23.40230941772461,0.9016804099082947,0.6201186776161194,12.357925415039062
393,153.9265594482422,-64.70229614257812,680,255.87338256835938,0.001,1,a2c_lr_high_seed1,3.157315254211426,505.4338684082031,0.8704907894134521,8.272174835205078,168.288818359375
393,153.9265594482422,-64.70229614257812,680,44.64013671875,0.001,1,a2c_lr_high_seed1,2.6306276321411133,84.0208511352539,0.9173325300216675,3.4629502296447754,49.43742370605469
394,-57.48544692993164,-66.56947425842286,441,45.69136428833008,0.001,1,a2c_lr_high_seed1,-2.9723808765411377,97.32933807373047,0.9226407408714294,-2.0398025512695312,38.34126663208008
395,-59.641170501708984,-62.29021087646484,527,117.29991912841797,0.001,1,a2c_lr_high_seed1,1.3731186389923096,231.8554229736328,0.9100158214569092,0.41497886180877686,31.245691299438477
396,126.15420532226562,-59.70403732299805,813,227.24899291992188,0.001,1,a2c_lr_high_seed1,-0.8634046316146851,456.22674560546875,0.9759307503700256,3.9273667335510254,106.79740142822266
397,-33.09062957763672,-54.58131134033203,312,77.98564910888672,0.001,1,a2c_lr_high_seed1,-0.6799044609069824,157.3330841064453,0.990602970123291,0.15535306930541992,16.0221004486084
397,-33.09062957763672,-54.58131134033203,312,44.927825927734375,0.001,1,a2c_lr_high_seed1,-1.7085859775543213,93.27484893798828,1.0119264125823975,-1.0329005718231201,16.103055953979492
397,-33.09062957763672,-54.58131134033203,312,46.107154846191406,0.001,1,a2c_lr_high_seed1,-0.8241539597511292,93.86457824707031,0.9805554151535034,-0.23117554187774658,11.238545417785645
399,-136.1182861328125,-52.76187309265137,325,249.18377685546875,0.001,1,a2c_lr_high_seed1,-10.629936218261719,519.6293334960938,0.9512853622436523,-8.42699909210205,129.03561401367188
399,-136.1182861328125,-52.76187309265137,325,48.159915924072266,0.001,1,a2c_lr_high_seed1,-6.559369087219238,109.44043731689453,0.9355884194374084,-6.261723041534424,99.01292419433594
401,-138.4159698486328,-61.21464988708496,328,279.9183349609375,0.001,1,a2c_lr_high_seed1,-3.12616229057312,566.0907592773438,0.8816655874252319,-3.7225613594055176,80.48877716064453
401,-138.4159698486328,-61.21464988708496,328,63.48114013671875,0.001,1,a2c_lr_high_seed1,-0.69989013671875,128.36398315429688,0.9631533622741699,0.7021231651306152,20.211511611938477
401,-138.4159698486328,-61.21464988708496,328,60.16200256347656,0.001,1,a2c_lr_high_seed1,-4.409196853637695,129.14427185058594,0.9372567534446716,-4.333592414855957,63.56353759765625
401,-138.4159698486328,-61.21464988708496,328,72.12799835205078,0.001,1,a2c_lr_high_seed1,4.545754432678223,135.1663055419922,0.9111450910568237,5.95033073425293,92.54153442382812
403,-109.08110046386719,-64.56518928527832,376,204.7997589111328,0.001,1,a2c_lr_high_seed1,-5.640918731689453,420.8831787109375,0.9178958535194397,-7.123656272888184,139.03749084472656
404,-17.122894287109375,-62.852126846313475,309,76.20397186279297,0.001,1,a2c_lr_high_seed1,-1.2081234455108643,154.82606506347656,0.9414909482002258,-0.296423077583313,18.760223388671875
405,-7.497642517089844,-62.3377709197998,260,94.08122253417969,0.001,1,a2c_lr_high_seed1,-1.5442777872085571,191.2528533935547,0.9253963828086853,-0.19970828294754028,22.2273006439209
405,-7.497642517089844,-62.3377709197998,260,141.0650634765625,0.001,1,a2c_lr_high_seed1,6.033978462219238,270.06390380859375,0.8743399977684021,7.417607307434082,122.35749816894531
405,-7.497642517089844,-62.3377709197998,260,45.123069763183594,0.001,1,a2c_lr_high_seed1,-0.36505353450775146,90.97804260253906,0.8979768753051758,0.08760428428649902,10.881636619567871
405,-7.497642517089844,-62.3377709197998,260,73.14106750488281,0.001,1,a2c_lr_high_seed1,-1.9065684080123901,150.09716796875,0.9494274258613586,-2.694040298461914,41.93855667114258
406,-214.66339111328125,-66.19508583068847,324,281.327392578125,0.001,1,a2c_lr_high_seed1,-1.2362501621246338,565.1289672851562,0.8530807495117188,-2.225538730621338,80.74303436279297
407,277.35516357421875,-59.50522857666016,237,288.8963928222656,0.001,1,a2c_lr_high_seed1,0.10697448253631592,577.5806274414062,0.8914121389389038,6.752697944641113,164.7624969482422
407,277.35516357421875,-59.50522857666016,237,63.041839599609375,0.001,1,a2c_lr_high_seed1,-1.4583169221878052,129.00233459472656,1.0121562480926514,-1.6008926630020142,27.558988571166992
408,-123.46949768066406,-57.79240936279297,310,135.25718688964844,0.001,1,a2c_lr_high_seed1,-2.636967420578003,275.790283203125,0.9935802221298218,-2.581359386444092,50.429344177246094
408,-123.46949768066406,-57.79240936279297,310,18.637470245361328,0.001,1,a2c_lr_high_seed1,-3.024125337600708,43.325191497802734,0.9992608428001404,-2.0791397094726562,31.115938186645508
408,-123.46949768066406,-57.79240936279297,310,33.625736236572266,0.001,1,a2c_lr_high_seed1,1.173933982849121,64.90550231933594,0.9508074522018433,1.7267580032348633,33.36869430541992
409,-107.01880645751953,-60.540435333251956,303,136.17242431640625,0.001,1,a2c_lr_high_seed1,-4.320292949676514,280.9872741699219,0.9226491451263428,-2.5996570587158203,40.48619842529297
409,-107.01880645751953,-60.540435333251956,303,49.91041946411133,0.001,1,a2c_lr_high_seed1,2.3519301414489746,95.11880493164062,0.9129788875579834,3.442474842071533,51.79166030883789
409,-107.01880645751953,-60.540435333251956,303,36.842384338378906,0.001,1,a2c_lr_high_seed1,-0.46682029962539673,74.62030029296875,0.9442934393882751,0.6305293440818787,11.144218444824219
409,-107.01880645751953,-60.540435333251956,303,51.113677978515625,0.001,1,a2c_lr_high_seed1,1.8549267053604126,98.51933288574219,0.9171475768089294,2.7922768592834473,39.139888763427734
409,-107.01880645751953,-60.540435333251956,303,74.65608215332031,0.001,1,a2c_lr_high_seed1,2.5540482997894287,144.2058868408203,0.9059378504753113,4.386377811431885,65.83792877197266
409,-107.01880645751953,-60.540435333251956,303,36.17756652832031,0.001,1,a2c_lr_high_seed1,-1.3804394006729126,75.11788940429688,0.9398813843727112,-1.3503483533859253,28.662290573120117
410,-206.44277954101562,-63.22793151855469,712,198.2326202392578,0.001,1,a2c_lr_high_seed1,-6.327897548675537,409.1229553222656,0.9573557376861572,-7.346930503845215,121.08393859863281
412,-116.50162506103516,-63.493382873535154,585,149.7012481689453,0.001,1,a2c_lr_high_seed1,-1.5111534595489502,302.4266357421875,0.915948212146759,-1.0445324182510376,53.733943939208984
412,-116.50162506103516,-63.493382873535154,585,27.585556030273438,0.001,1,a2c_lr_high_seed1,-1.985988974571228,59.14503860473633,0.974818766117096,-1.571943759918213,27.973834991455078
413,-107.34362030029297,-64.16131225585937,1001,26.910930633544922,0.001,1,a2c_lr_high_seed1,-1.8406832218170166,57.50497055053711,0.8713181018829346,-1.9298300743103027,32.44892501831055
413,-107.34362030029297,-64.16131225585937,1001,43.07551193237305,0.001,1,a2c_lr_high_seed1,-2.8412482738494873,91.83526611328125,0.8725563287734985,-1.9047505855560303,29.426849365234375
413,-107.34362030029297,-64.16131225585937,1001,51.107303619384766,0.001,1,a2c_lr_high_seed1,0.5770663022994995,101.06228637695312,0.9030695557594299,1.437914252281189,27.394060134887695
413,-107.34362030029297,-64.16131225585937,1001,74.63494110107422,0.001,1,a2c_lr_high_seed1,0.7370705604553223,147.797607421875,0.9295299053192139,1.8233087062835693,36.62895202636719
414,-72.1754150390625,-61.800755920410154,1001,43.44891357421875,0.001,1,a2c_lr_high_seed1,-2.420530080795288,91.74079895019531,0.9565320014953613,-2.719968557357788,39.69290542602539
414,-72.1754150390625,-61.800755920410154,1001,100.62669372558594,0.001,1,a2c_lr_high_seed1,4.233512878417969,192.7882537841797,0.9432876110076904,5.864605903625488,82.5234146118164
414,-72.1754150390625,-61.800755920410154,1001,65.29415130615234,0.001,1,a2c_lr_high_seed1,0.7321518659591675,129.1258544921875,0.9291271567344666,2.0387864112854004,39.61659240722656
414,-72.1754150390625,-61.800755920410154,1001,34.629642486572266,0.001,1,a2c_lr_high_seed1,1.2910772562026978,66.67901611328125,0.9418973922729492,1.7224820852279663,25.722904205322266
414,-72.1754150390625,-61.800755920410154,1001,26.614337921142578,0.001,1,a2c_lr_high_seed1,0.39415013790130615,52.442081451416016,0.8524712324142456,0.611098051071167,10.656925201416016
414,-72.1754150390625,-61.800755920410154,1001,38.62165069580078,0.001,1,a2c_lr_high_seed1,2.3406431674957275,72.5638198852539,0.9042421579360962,3.527783155441284,53.21500015258789
414,-72.1754150390625,-61.800755920410154,1001,25.02602195739746,0.001,1,a2c_lr_high_seed1,-2.9376509189605713,55.929115295410156,0.8849055767059326,-2.987952947616577,61.35210418701172
415,182.64166259765625,-58.03618118286133,444,307.6378173828125,0.001,1,a2c_lr_high_seed1,-2.8791260719299316,621.03564453125,0.8859604001045227,4.598869800567627,128.12254333496094
415,182.64166259765625,-58.03618118286133,444,37.643680572509766,0.001,1,a2c_lr_high_seed1,0.36931395530700684,74.5506820678711,0.9719526767730713,0.3301917314529419,18.793899536132812
415,182.64166259765625,-58.03618118286133,444,103.74414825439453,0.001,1,a2c_lr_high_seed1,4.252781867980957,198.98443603515625,0.8522675037384033,5.40333890914917,78.47167205810547
415,182.64166259765625,-58.03618118286133,444,28.91875457763672,0.001,1,a2c_lr_high_seed1,-0.2565677762031555,58.35237503051758,0.866585373878479,0.11049234867095947,13.292837142944336
415,182.64166259765625,-58.03618118286133,444,19.25890350341797,0.001,1,a2c_lr_high_seed1,0.7669443488121033,36.98543930053711,0.7608211636543274,1.7541782855987549,26.17637825012207
415,182.64166259765625,-58.03618118286133,444,19.771406173706055,0.001,1,a2c_lr_high_seed1,-0.21754789352416992,39.97922897338867,0.6597319841384888,1.0843309164047241,27.15313720703125
415,182.64166259765625,-58.03618118286133,444,51.78069305419922,0.001,1,a2c_lr_high_seed1,2.316431760787964,98.9301528930664,0.815581202507019,3.1261377334594727,38.891597747802734
416,1.8844507932662964,-54.31297825098038,1001,26.300548553466797,0.001,1,a2c_lr_high_seed1,1.7618584632873535,49.079158782958984,0.889187216758728,2.0325419902801514,27.849716186523438
416,1.8844507932662964,-54.31297825098038,1001,37.25729751586914,0.001,1,a2c_lr_high_seed1,0.8527370095252991,72.81079864501953,0.8395736813545227,1.1217859983444214,15.59434700012207
419,-17.434043884277344,-48.32997482538223,519,333.6059875488281,0.001,1,a2c_lr_high_seed1,-0.9803569316864014,669.1744384765625,0.8857341408729553,4.164213180541992,85.9681396484375
419,-17.434043884277344,-48.32997482538223,519,28.899059295654297,0.001,1,a2c_lr_high_seed1,-1.1414451599121094,60.08292770385742,0.9600700736045837,0.07621480524539948,13.452350616455078
420,-133.75660705566406,-46.03431747674942,1001,49.997467041015625,0.001,1,a2c_lr_high_seed1,2.0372328758239746,95.92218017578125,0.8559222221374512,2.576610803604126,42.261661529541016
420,-133.75660705566406,-46.03431747674942,1001,15.835148811340332,0.001,1,a2c_lr_high_seed1,-1.008615493774414,33.68922805786133,0.8500136733055115,-0.03832080960273743,5.705957412719727
421,110.61229705810547,-44.25564712762833,834,206.80491638183594,0.001,1,a2c_lr_high_seed1,0.6043835878372192,412.4028015136719,0.8621826171875,5.861103534698486,93.76078033447266
421,110.61229705810547,-44.25564712762833,834,32.026023864746094,0.001,1,a2c_lr_high_seed1,-1.226622462272644,66.50718688964844,0.9455068111419678,-1.4920297861099243,21.817750930786133
421,110.61229705810547,-44.25564712762833,834,88.93058776855469,0.001,1,a2c_lr_high_seed1,5.369441509246826,167.1242218017578,0.9619844555854797,6.8236494064331055,96.06487274169922
421,110.61229705810547,-44.25564712762833,834,21.73289680480957,0.001,1,a2c_lr_high_seed1,-2.0253782272338867,47.518455505371094,0.9523078203201294,-1.9196882247924805,29.054317474365234
421,110.61229705810547,-44.25564712762833,834,44.84752655029297,0.001,1,a2c_lr_high_seed1,1.9313231706619263,85.83419036865234,0.8909531831741333,2.698854923248291,38.96110153198242
421,110.61229705810547,-44.25564712762833,834,18.9442195892334,0.001,1,a2c_lr_high_seed1,-1.0446923971176147,39.979736328125,0.9551308155059814,-1.1593059301376343,15.434946060180664
421,110.61229705810547,-44.25564712762833,834,50.34458923339844,0.001,1,a2c_lr_high_seed1,1.3708090782165527,97.9494400024414,0.9388154149055481,2.517106771469116,31.511716842651367
422,5.290832042694092,-39.906275494098665,1001,36.457237243652344,0.001,1,a2c_lr_high_seed1,0.6313104629516602,71.65377044677734,0.9580543041229248,0.34868568181991577,10.283479690551758
422,5.290832042694092,-39.906275494098665,1001,29.664430618286133,0.001,1,a2c_lr_high_seed1,1.2280161380767822,56.87474060058594,0.9560025334358215,2.2458643913269043,27.92312240600586
422,5.290832042694092,-39.906275494098665,1001,46.58580017089844,0.001,1,a2c_lr_high_seed1,-3.777376890182495,100.72838592529297,1.0128204822540283,-3.1595118045806885,37.87416076660156
422,5.290832042694092,-39.906275494098665,1001,51.36040496826172,0.001,1,a2c_lr_high_seed1,2.6908271312713623,97.34113311767578,0.9871875643730164,4.468866348266602,56.600372314453125
422,5.290832042694092,-39.906275494098665,1001,33.475528717041016,0.001,1,a2c_lr_high_seed1,-4.351777076721191,75.65652465820312,0.9577789902687073,-4.236550807952881,51.99112319946289
422,5.290832042694092,-39.906275494098665,1001,33.19561767578125,0.001,1,a2c_lr_high_seed1,1.579670786857605,63.23371887207031,0.9124450087547302,2.5161678791046143,31.63067054748535
423,-28.8243408203125,-36.93548417329788,401,51.3897705078125,0.001,1,a2c_lr_high_seed1,1.4165760278701782,99.9482192993164,0.9148220419883728,2.3423221111297607,22.888328552246094
423,-28.8243408203125,-36.93548417329788,401,26.6603946685791,0.001,1,a2c_lr_high_seed1,-2.294908285140991,57.91243362426758,0.9144917130470276,-0.7650092840194702,9.787567138671875
424,137.1060028076172,-31.9492550778389,699,289.3459167480469,0.001,1,a2c_lr_high_seed1,2.724752187728882,573.2440185546875,0.8411656022071838,10.873852729797363,204.7645263671875
424,137.1060028076172,-31.9492550778389,699,14.496101379394531,0.001,1,a2c_lr_high_seed1,1.3633582592010498,26.267227172851562,0.8702942728996277,1.2354795932769775,17.01371955871582
424,137.1060028076172,-31.9492550778389,699,18.257211685180664,0.001,1,a2c_lr_high_seed1,-0.7950940728187561,38.10640335083008,0.8957480788230896,-0.4201708734035492,12.348679542541504
424,137.1060028076172,-31.9492550778389,699,38.047157287597656,0.001,1,a2c_lr_high_seed1,0.9269540905952454,74.2420883178711,0.8375716805458069,0.8743970394134521,15.712547302246094
425,-41.43986511230469,-30.958260967731476,1001,25.327199935913086,0.001,1,a2c_lr_high_seed1,1.1278111934661865,48.400634765625,0.928103506565094,2.201350688934326,27.3643798828125
425,-41.43986511230469,-30.958260967731476,1001,47.807456970214844,0.001,1,a2c_lr_high_seed1,2.9001235961914062,89.81656646728516,0.9493402242660522,3.984449625015259,49.50953674316406
425,-41.43986511230469,-30.958260967731476,1001,54.45762634277344,0.001,1,a2c_lr_high_seed1,-0.2781986594200134,109.47357940673828,0.9668480157852173,1.2708830833435059,23.8741397857666
426,3.4293899536132812,-28.840738232135774,205,90.11947631835938,0.001,1,a2c_lr_high_seed1,-2.7524592876434326,185.74575805664062,0.9458418488502502,-2.605499505996704,48.755950927734375
426,3.4293899536132812,-28.840738232135774,205,25.853649139404297,0.001,1,a2c_lr_high_seed1,-3.145759344100952,58.00068283081055,0.9323891401290894,-2.524275302886963,26.78862762451172
426,3.4293899536132812,-28.840738232135774,205,38.489845275878906,0.001,1,a2c_lr_high_seed1,2.8633971214294434,71.25471496582031,0.9070974588394165,3.6403656005859375,38.3098258972168
426,3.4293899536132812,-28.840738232135774,205,38.8030891418457,0.001,1,a2c_lr_high_seed1,0.1743777096271515,77.25908660888672,0.8305041193962097,1.2185757160186768,21.454517364501953
426,3.4293899536132812,-28.840738232135774,205,24.602306365966797,0.001,1,a2c_lr_high_seed1,-1.8625165224075317,52.9312744140625,0.8148961663246155,-1.314630150794983,18.791887283325195
429,-42.72763442993164,-30.885453588962555,1001,18.95610809326172,0.001,1,a2c_lr_high_seed1,0.42004117369651794,37.07392120361328,0.8944664001464844,0.7221676111221313,8.549158096313477
429,-42.72763442993164,-30.885453588962555,1001,17.149425506591797,0.001,1,a2c_lr_high_seed1,0.04334631562232971,34.21389389038086,0.867541491985321,0.41921114921569824,5.186087608337402
430,-79.55397033691406,-32.17515146493912,1001,78.77640533447266,0.001,1,a2c_lr_high_seed1,6.8976521492004395,143.75904846191406,0.7715008854866028,8.838829040527344,104.176025390625
430,-79.55397033691406,-32.17515146493912,1001,32.15190124511719,0.001,1,a2c_lr_high_seed1,-0.5363167524337769,65.37799072265625,0.7778226137161255,-0.028101682662963867,6.380244255065918
430,-79.55397033691406,-32.17515146493912,1001,14.100821495056152,0.001,1,a2c_lr_high_seed1,-0.6700237393379211,29.543392181396484,0.8507694602012634,-0.6464784145355225,5.971557140350342
430,-79.55397033691406,-32.17515146493912,1001,20.528955459594727,0.001,1,a2c_lr_high_seed1,-1.9376457929611206,44.934814453125,0.8071606159210205,-1.6796772480010986,13.801667213439941
431,-68.79618835449219,-32.581046392917635,474,143.78561401367188,0.001,1,a2c_lr_high_seed1,-5.692436218261719,298.95782470703125,0.8518175482749939,-5.9625773429870605,88.01536560058594
431,-68.79618835449219,-32.581046392917635,474,14.311566352844238,0.001,1,a2c_lr_high_seed1,-1.0821107625961304,30.788991928100586,0.8189582228660583,-0.9914525747299194,15.961332321166992
431,-68.79618835449219,-32.581046392917635,474,18.902359008789062,0.001,1,a2c_lr_high_seed1,-2.5946600437164307,42.99583053588867,0.8959438800811768,-3.1441478729248047,44.98384475708008
431,-68.79618835449219,-32.581046392917635,474,37.959228515625,0.001,1,a2c_lr_high_seed1,0.21318259835243225,75.49395751953125,0.9356651902198792,0.2966783046722412,18.09994125366211
431,-68.79618835449219,-32.581046392917635,474,61.91953659057617,0.001,1,a2c_lr_high_seed1,0.42197996377944946,122.99712371826172,1.0067414045333862,1.0332063436508179,27.28712272644043
431,-68.79618835449219,-32.581046392917635,474,23.00128746032715,0.001,1,a2c_lr_high_seed1,-0.508948564529419,47.022216796875,0.8710416555404663,-1.1869028806686401,23.826156616210938
432,-46.557716369628906,-32.792698767185215,1001,12.350961685180664,0.001,1,a2c_lr_high_seed1,-1.8142619132995605,28.332233428955078,0.8927426338195801,-1.0492464303970337,11.32309627532959
432,-46.557716369628906,-32.792698767185215,1001,19.386085510253906,0.001,1,a2c_lr_high_seed1,0.8145245909690857,37.14501190185547,0.9436060190200806,1.5447218418121338,21.840267181396484
432,-46.557716369628906,-32.792698767185215,1001,16.768980026245117,0.001,1,a2c_lr_high_seed1,0.6560474634170532,32.22785949707031,0.9982595443725586,0.9492442607879639,13.109647750854492
432,-46.557716369628906,-32.792698767185215,1001,8.002840042114258,0.001,1,a2c_lr_high_seed1,-2.6487443447113037,21.305156707763672,0.9936378002166748,-2.2198753356933594,27.3032169342041
432,-46.557716369628906,-32.792698767185215,1001,21.443984985351562,0.001,1,a2c_lr_high_seed1,1.4717637300491333,39.94640350341797,0.97962886095047,2.194378137588501,32.09303283691406
433,-130.59202575683594,-35.536360266208646,1001,11.882697105407715,0.001,1,a2c_lr_high_seed1,-0.09141573309898376,23.950138092041016,0.9566490650177002,0.6643631458282471,9.10671615600586
433,-130.59202575683594,-35.536360266208646,1001,7.377083778381348,0.001,1,a2c_lr_high_seed1,-1.1859197616577148,17.127939224243164,0.9662010669708252,-0.3143787980079651,4.524258613586426
433,-130.59202575683594,-35.536360266208646,1001,13.207603454589844,0.001,1,a2c_lr_high_seed1,0.20514199137687683,26.006977081298828,1.0268199443817139,0.43060487508773804,5.9397382736206055
433,-130.59202575683594,-35.536360266208646,1001,12.266693115234375,0.001,1,a2c_lr_high_seed1,1.2603390216827393,22.0147762298584,1.0334463119506836,2.0050063133239746,25.546070098876953
433,-130.59202575683594,-35.536360266208646,1001,13.913605690002441,0.001,1,a2c_lr_high_seed1,-0.7572717070579529,29.3437442779541,0.9948331117630005,-0.15038353204727173,4.432246208190918
433,-130.59202575683594,-35.536360266208646,1001,16.5604305267334,0.001,1,a2c_lr_high_seed1,-1.737857699394226,36.59855270385742,0.987445592880249,-0.8070402145385742,12.481785774230957
433,-130.59202575683594,-35.536360266208646,1001,19.031118392944336,0.001,1,a2c_lr_high_seed1,-0.1188172698020935,38.30171203613281,0.9211239218711853,1.1352369785308838,14.799549102783203
433,-130.59202575683594,-35.536360266208646,1001,18.22313117980957,0.001,1,a2c_lr_high_seed1,0.9416964054107666,34.564735412597656,0.9323828220367432,1.5991458892822266,17.947826385498047
433,-130.59202575683594,-35.536360266208646,1001,24.63361930847168,0.001,1,a2c_lr_high_seed1,0.20884829759597778,48.85150909423828,0.9841294884681702,1.234786868095398,13.792786598205566
434,-58.83025360107422,-40.010265753269195,1001,14.577218055725098,0.001,1,a2c_lr_high_seed1,0.721531093120575,27.713319778442383,0.9726992845535278,1.1437808275222778,13.7996187210083
434,-58.83025360107422,-40.010265753269195,1001,6.051649570465088,0.001,1,a2c_lr_high_seed1,0.4710559546947479,11.163111686706543,0.9624931216239929,0.7644403576850891,9.037900924682617
434,-58.83025360107422,-40.010265753269195,1001,25.8255615234375,0.001,1,a2c_lr_high_seed1,0.11170995235443115,51.42967224121094,0.9844334125518799,1.144869089126587,16.737958908081055
434,-58.83025360107422,-40.010265753269195,1001,13.630727767944336,0.001,1,a2c_lr_high_seed1,-2.3102524280548096,31.883907318115234,0.9740992188453674,-2.2901439666748047,24.290775299072266
434,-58.83025360107422,-40.010265753269195,1001,15.473381996154785,0.001,1,a2c_lr_high_seed1,-0.42268145084381104,31.79397201538086,0.9224495887756348,0.1740977168083191,3.873035192489624
436,-95.9557113647461,-38.652531836032864,1001,14.743680000305176,0.001,1,a2c_lr_high_seed1,0.6456294059753418,28.197811126708984,0.8558762073516846,1.2484134435653687,16.32944679260254
437,-77.13217163085938,-42.61852976083755,1001,25.994028091430664,0.001,1,a2c_lr_high_seed1,-0.4081141948699951,52.80594253540039,0.8294422626495361,0.6037269830703735,9.41365909576416
437,-77.13217163085938,-42.61852976083755,1001,16.57244873046875,0.001,1,a2c_lr_high_seed1,-0.7513724565505981,34.649513244628906,0.9353934526443481,-1.1458933353424072,19.758920669555664
438,-54.94651794433594,-46.155336096286774,1001,40.29982376098633,0.001,1,a2c_lr_high_seed1,1.999809980392456,76.60182189941406,0.89640873670578,3.1859290599823,43.917423248291016
438,-54.94651794433594,-46.155336096286774,1001,9.876175880432129,0.001,1,a2c_lr_high_seed1,-2.377312660217285,24.508939743041992,0.9811778664588928,-2.5538527965545654,27.80381965637207
438,-54.94651794433594,-46.155336096286774,1001,12.497941970825195,0.001,1,a2c_lr_high_seed1,-0.517977237701416,26.03375816345215,0.9596086740493774,-0.9155707359313965,11.479119300842285
438,-54.94651794433594,-46.155336096286774,1001,15.419416427612305,0.001,1,a2c_lr_high_seed1,-0.20492660999298096,31.250696182250977,1.005236029624939,-0.30063414573669434,4.3278584480285645
439,-86.65373229980469,-45.390101416110994,1001,14.910073280334473,0.001,1,a2c_lr_high_seed1,-0.23891815543174744,30.299869537353516,0.9435567855834961,0.2670208513736725,6.190303802490234
439,-86.65373229980469,-45.390101416110994,1001,11.706463813781738,0.001,1,a2c_lr_high_seed1,1.2202808856964111,20.974170684814453,0.902349054813385,1.4091851711273193,16.278888702392578
439,-86.65373229980469,-45.390101416110994,1001,16.45883560180664,0.001,1,a2c_lr_high_seed1,1.2910476922988892,30.337486267089844,0.9559406042098999,1.7970232963562012,21.584692001342773
439,-86.65373229980469,-45.390101416110994,1001,14.159765243530273,0.001,1,a2c_lr_high_seed1,-2.6045730113983154,33.53062057495117,0.9713595509529114,-2.50059175491333,29.34025764465332
439,-86.65373229980469,-45.390101416110994,1001,13.717199325561523,0.001,1,a2c_lr_high_seed1,-1.8333404064178467,31.10301399230957,0.9668340086936951,-1.0098493099212646,11.070635795593262
440,-91.50448608398438,-46.40478815317154,1001,10.625711441040039,0.001,1,a2c_lr_high_seed1,0.7480459213256836,19.757144927978516,0.9071347713470459,1.177121877670288,14.270668983459473
440,-91.50448608398438,-46.40478815317154,1001,11.99875545501709,0.001,1,a2c_lr_high_seed1,1.4452404975891113,21.108896255493164,0.9340156316757202,2.0946295261383057,24.509599685668945
440,-91.50448608398438,-46.40478815317154,1001,20.35576629638672,0.001,1,a2c_lr_high_seed1,-0.48530814051628113,41.683982849121094,0.9183773994445801,0.030594617128372192,4.663026332855225
440,-91.50448608398438,-46.40478815317154,1001,19.604284286499023,0.001,1,a2c_lr_high_seed1,-0.12152747809886932,39.45350646972656,0.9422090649604797,1.0675357580184937,12.814990997314453
440,-91.50448608398438,-46.40478815317154,1001,12.970523834228516,0.001,1,a2c_lr_high_seed1,1.0074299573898315,23.928123474121094,0.9681916236877441,1.4854044914245605,15.488869667053223
441,-104.3048095703125,-49.02133615732193,1001,17.886045455932617,0.001,1,a2c_lr_high_seed1,0.013677440583705902,35.74666213989258,0.9638726711273193,0.3630503714084625,7.3596930503845215
441,-104.3048095703125,-49.02133615732193,1001,12.116730690002441,0.001,1,a2c_lr_high_seed1,0.7173178195953369,22.800756454467773,0.9652950167655945,1.459267258644104,16.05939292907715
441,-104.3048095703125,-49.02133615732193,1001,30.64875030517578,0.001,1,a2c_lr_high_seed1,2.084719181060791,57.130008697509766,0.9719289541244507,2.6815483570098877,31.894779205322266
441,-104.3048095703125,-49.02133615732193,1001,8.432537078857422,0.001,1,a2c_lr_high_seed1,-1.9765478372573853,20.820236206054688,1.0325559377670288,-1.755844235420227,17.40719985961914
441,-104.3048095703125,-49.02133615732193,1001,9.993660926818848,0.001,1,a2c_lr_high_seed1,0.08417844772338867,19.820968627929688,1.0024092197418213,0.6015907526016235,6.69974422454834
441,-104.3048095703125,-49.02133615732193,1001,10.23975658416748,0.001,1,a2c_lr_high_seed1,-0.5503507852554321,21.58219337463379,0.9885387420654297,0.03127344325184822,3.1624317169189453
441,-104.3048095703125,-49.02133615732193,1001,9.646171569824219,0.001,1,a2c_lr_high_seed1,-0.9469064474105835,21.18813705444336,0.9911022186279297,-0.22108903527259827,3.2231552600860596
441,-104.3048095703125,-49.02133615732193,1001,17.763355255126953,0.001,1,a2c_lr_high_seed1,1.1009641885757446,33.32667541503906,0.9463260769844055,2.159588575363159,20.412723541259766
441,-104.3048095703125,-49.02133615732193,1001,8.256194114685059,0.001,1,a2c_lr_high_seed1,-1.9540349245071411,20.422510147094727,1.0256922245025635,-1.7883907556533813,16.18416976928711
442,-57.92718505859375,-44.56384409189224,1001,13.591354370117188,0.001,1,a2c_lr_high_seed1,0.48509103059768677,26.21450424194336,0.9887793064117432,0.9214847087860107,8.558611869812012
442,-57.92718505859375,-44.56384409189224,1001,11.456494331359863,0.001,1,a2c_lr_high_seed1,-1.879502296447754,26.67403793334961,1.0225387811660767,-1.604067087173462,15.660615921020508
442,-57.92718505859375,-44.56384409189224,1001,18.769506454467773,0.001,1,a2c_lr_high_seed1,1.0533943176269531,35.43418884277344,0.9817840456962585,1.4309301376342773,17.113624572753906
442,-57.92718505859375,-44.56384409189224,1001,10.006176948547363,0.001,1,a2c_lr_high_seed1,-2.649935483932495,25.314245223999023,1.009901762008667,-2.3849568367004395,22.582181930541992
442,-57.92718505859375,-44.56384409189224,1001,6.95707368850708,0.001,1,a2c_lr_high_seed1,-0.5327379107475281,14.981620788574219,0.9990255236625671,-0.47792696952819824,4.964748859405518
442,-57.92718505859375,-44.56384409189224,1001,9.294473648071289,0.001,1,a2c_lr_high_seed1,-2.153089761734009,22.897136688232422,1.0054341554641724,-1.462651252746582,12.65866470336914
445,-46.51068878173828,-49.40762628793716,1001,13.339990615844727,0.001,1,a2c_lr_high_seed1,-0.13361907005310059,26.94906997680664,0.9250675439834595,-0.1056770533323288,7.721985340118408
445,-46.51068878173828,-49.40762628793716,1001,40.09555435180664,0.001,1,a2c_lr_high_seed1,1.9482091665267944,76.29661560058594,0.9603819847106934,2.789094924926758,37.147647857666016
446,-107.10740661621094,-54.072858526706696,1001,44.74518966674805,0.001,1,a2c_lr_high_seed1,0.8504461646080017,87.7913589477539,0.9335930347442627,2.165564775466919,29.185077667236328
446,-107.10740661621094,-54.072858526706696,1001,10.48769474029541,0.001,1,a2c_lr_high_seed1,-0.006983697414398193,20.991050720214844,0.846882700920105,0.8526790142059326,13.112844467163086
446,-107.10740661621094,-54.072858526706696,1001,27.613365173339844,0.001,1,a2c_lr_high_seed1,0.5300979614257812,54.1684684753418,0.9669281840324402,0.9766758680343628,15.875370025634766
446,-107.10740661621094,-54.072858526706696,1001,13.059957504272461,0.001,1,a2c_lr_high_seed1,-1.2976199388504028,28.716968536376953,0.9073347449302673,-1.783158540725708,24.798358917236328
447,-39.225738525390625,-54.19556070566178,1001,10.5610933303833,0.001,1,a2c_lr_high_seed1,-0.5411924719810486,22.206436157226562,0.9326065182685852,-0.8115653395652771,10.337221145629883
447,-39.225738525390625,-54.19556070566178,1001,12.626800537109375,0.001,1,a2c_lr_high_seed1,1.522301435470581,22.21070671081543,0.8547508120536804,2.20692777633667,28.473308563232422
448,160.52040100097656,-50.17372202157974,734,242.41807556152344,0.001,1,a2c_lr_high_seed1,-0.9311756491661072,486.70037841796875,0.9275055527687073,4.875493049621582,106.26112365722656
448,160.52040100097656,-50.17372202157974,734,8.640381813049316,0.001,1,a2c_lr_high_seed1,-0.3265934884548187,17.935993194580078,1.0217431783676147,-0.15826725959777832,3.1487698554992676
448,160.52040100097656,-50.17372202157974,734,14.36209487915039,0.001,1,a2c_lr_high_seed1,1.1002696752548218,26.52567481994629,1.0113788843154907,1.491974115371704,17.564777374267578
449,-58.15199661254883,-48.61439623117447,1001,8.095659255981445,0.001,1,a2c_lr_high_seed1,-0.8321896195411682,17.857688903808594,0.9956252574920654,-0.31467899680137634,4.5074920654296875
449,-58.15199661254883,-48.61439623117447,1001,10.943624496459961,0.001,1,a2c_lr_high_seed1,-0.031569212675094604,21.952348709106445,0.980158805847168,0.8790591359138489,9.740376472473145
449,-58.15199661254883,-48.61439623117447,1001,6.911765098571777,0.001,1,a2c_lr_high_seed1,-1.56340491771698,16.952346801757812,1.0034515857696533,-0.8941032886505127,10.09190559387207
449,-58.15199661254883,-48.61439623117447,1001,14.16395092010498,0.001,1,a2c_lr_high_seed1,-0.8933075666427612,30.116575241088867,1.0288623571395874,-0.3001542091369629,3.591709613800049
449,-58.15199661254883,-48.61439623117447,1001,18.600496292114258,0.001,1,a2c_lr_high_seed1,0.7726186513900757,35.657657623291016,0.9511704444885254,1.6555352210998535,17.36659049987793
449,-58.15199661254883,-48.61439623117447,1001,5.23807430267334,0.001,1,a2c_lr_high_seed1,-1.2791584730148315,13.036445617675781,0.9899424314498901,-0.7407475113868713,7.058070659637451
449,-58.15199661254883,-48.61439623117447,1001,6.4085516929626465,0.001,1,a2c_lr_high_seed1,-1.3839064836502075,15.586967468261719,1.0256760120391846,-0.8410119414329529,9.39115047454834
449,-58.15199661254883,-48.61439623117447,1001,12.723071098327637,0.001,1,a2c_lr_high_seed1,0.2971659302711487,24.853822708129883,1.0058094263076782,0.7205464839935303,6.709294319152832
449,-58.15199661254883,-48.61439623117447,1001,5.564648628234863,0.001,1,a2c_lr_high_seed1,-1.4762853384017944,14.083841323852539,0.9863378405570984,-0.9607388377189636,8.842597961425781
449,-58.15199661254883,-48.61439623117447,1001,8.455499649047852,0.001,1,a2c_lr_high_seed1,-0.3646125793457031,17.642108917236328,0.9419434666633606,0.18888993561267853,3.110334634780884
449,-58.15199661254883,-48.61439623117447,1001,11.800178527832031,0.001,1,a2c_lr_high_seed1,0.7838138341903687,22.034818649291992,1.0443062782287598,1.4606451988220215,13.314961433410645
449,-58.15199661254883,-48.61439623117447,1001,6.727691650390625,0.001,1,a2c_lr_high_seed1,-2.0131609439849854,17.48367691040039,0.986208438873291,-1.5132222175598145,14.266332626342773
449,-58.15199661254883,-48.61439623117447,1001,11.057448387145996,0.001,1,a2c_lr_high_seed1,0.5499842166900635,21.016921997070312,0.9965626001358032,1.0494290590286255,9.556554794311523
449,-58.15199661254883,-48.61439623117447,1001,5.662905216217041,0.001,1,a2c_lr_high_seed1,-2.331228494644165,15.990221977233887,0.9768099188804626,-2.109264850616455,19.54098129272461
449,-58.15199661254883,-48.61439623117447,1001,9.818652153015137,0.001,1,a2c_lr_high_seed1,0.1995438039302826,19.240230560302734,1.007486343383789,0.7784186601638794,7.397930145263672
450,-69.64015197753906,-45.26565111398697,1001,15.476115226745605,0.001,1,a2c_lr_high_seed1,0.8607144355773926,29.232681274414062,0.9395677447319031,1.7682161331176758,18.85414695739746
450,-69.64015197753906,-45.26565111398697,1001,5.745355129241943,0.001,1,a2c_lr_high_seed1,-1.5603747367858887,14.61332893371582,0.9347513914108276,-1.1938490867614746,11.090977668762207
450,-69.64015197753906,-45.26565111398697,1001,23.873493194580078,0.001,1,a2c_lr_high_seed1,-0.9782246351242065,49.70542526245117,0.9960788488388062,-0.10804438591003418,9.235199928283691
450,-69.64015197753906,-45.26565111398697,1001,12.22770881652832,0.001,1,a2c_lr_high_seed1,-0.9193056225776672,26.296009063720703,0.9901828169822693,-0.8066647052764893,8.595540046691895
450,-69.64015197753906,-45.26565111398697,1001,9.038451194763184,0.001,1,a2c_lr_high_seed1,-1.2921696901321411,20.663185119628906,0.9713985323905945,-0.8918993473052979,7.678845405578613
453,-127.63056182861328,-41.04324991464615,1001,11.868288040161133,0.001,1,a2c_lr_high_seed1,1.3266136646270752,21.085220336914062,0.9359760284423828,2.0903160572052,21.772573471069336
453,-127.63056182861328,-41.04324991464615,1001,8.1451416015625,0.001,1,a2c_lr_high_seed1,-0.6746792197227478,17.64155387878418,0.95679771900177,-0.26531916856765747,4.125828266143799
454,-96.27873229980469,-42.626366674900055,1001,10.479507446289062,0.001,1,a2c_lr_high_seed1,-0.8025538325309753,22.566030502319336,0.9537593126296997,-0.30753597617149353,3.4061710834503174
454,-96.27873229980469,-42.626366674900055,1001,9.978392601013184,0.001,1,a2c_lr_high_seed1,-0.607730507850647,21.174175262451172,0.9640687108039856,-0.38924503326416016,3.696706771850586
454,-96.27873229980469,-42.626366674900055,1001,7.223273754119873,0.001,1,a2c_lr_high_seed1,-0.5776184797286987,15.603707313537598,0.9614492058753967,0.08245087414979935,3.2962193489074707
454,-96.27873229980469,-42.626366674900055,1001,5.422002792358398,0.001,1,a2c_lr_high_seed1,-1.2168538570404053,13.279698371887207,0.9926841259002686,-0.9309446811676025,10.833269119262695
455,-51.234127044677734,-43.501096365451815,1001,6.804378032684326,0.001,1,a2c_lr_high_seed1,-2.017155408859253,17.64504623413086,0.9895914793014526,-1.8448504209518433,19.088441848754883
455,-51.234127044677734,-43.501096365451815,1001,10.548574447631836,0.001,1,a2c_lr_high_seed1,-0.9600604772567749,23.019004821777344,0.8677231669425964,-0.8530595302581787,12.01162338256836
456,-104.26077270507812,-41.293043997287754,1001,39.95615768432617,0.001,1,a2c_lr_high_seed1,1.003212809562683,77.90779113769531,0.9503863453865051,2.0673162937164307,28.647197723388672
456,-104.26077270507812,-41.293043997287754,1001,9.465347290039062,0.001,1,a2c_lr_high_seed1,0.24436764419078827,18.443889617919922,0.9649502038955688,0.8339300751686096,9.153889656066895
456,-104.26077270507812,-41.293043997287754,1001,14.228837966918945,0.001,1,a2c_lr_high_seed1,0.8188672661781311,26.821849822998047,0.9543214440345764,1.5968128442764282,19.257633209228516
456,-104.26077270507812,-41.293043997287754,1001,14.67326545715332,0.001,1,a2c_lr_high_seed1,-0.5656546354293823,30.479846954345703,1.0029315948486328,-0.07588741183280945,3.886383056640625
457,-100.1904067993164,-48.843955404758454,1001,18.912187576293945,0.001,1,a2c_lr_high_seed1,1.7224290370941162,34.38132858276367,0.9054945111274719,2.344252109527588,23.585742950439453
457,-100.1904067993164,-48.843955404758454,1001,26.033790588378906,0.001,1,a2c_lr_high_seed1,0.6993337869644165,50.67090606689453,0.9954226016998291,1.9336634874343872,25.260812759399414
457,-100.1904067993164,-48.843955404758454,1001,7.560609817504883,0.001,1,a2c_lr_high_seed1,0.6262391805648804,13.870743751525879,1.0014386177062988,1.0934821367263794,11.224331855773926
457,-100.1904067993164,-48.843955404758454,1001,9.719111442565918,0.001,1,a2c_lr_high_seed1,-0.47917598485946655,20.398433685302734,0.9300534725189209,0.3187605142593384,5.299890041351318
457,-100.1904067993164,-48.843955404758454,1001,6.421894073486328,0.001,1,a2c_lr_high_seed1,-0.19782739877700806,13.241405487060547,0.9814722537994385,0.3523128032684326,3.779101848602295
457,-100.1904067993164,-48.843955404758454,1001,9.704084396362305,0.001,1,a2c_lr_high_seed1,-0.11121681332588196,19.632551193237305,0.9748006463050842,0.5682076215744019,5.446992874145508
457,-100.1904067993164,-48.843955404758454,1001,8.976492881774902,0.001,1,a2c_lr_high_seed1,-0.4304448664188385,18.81586265563965,0.9940012097358704,0.05937904119491577,2.517252206802368
457,-100.1904067993164,-48.843955404758454,1001,10.792037010192871,0.001,1,a2c_lr_high_seed1,-0.4722604751586914,22.53053855895996,0.9721595048904419,0.2986949682235718,3.8270022869110107
457,-100.1904067993164,-48.843955404758454,1001,5.677795886993408,0.001,1,a2c_lr_high_seed1,-1.150825023651123,13.659136772155762,0.9475699067115784,-0.5858988165855408,6.230466365814209
457,-100.1904067993164,-48.843955404758454,1001,10.980181694030762,0.001,1,a2c_lr_high_seed1,0.5756604671478271,20.810983657836914,0.9705215692520142,0.6907667517662048,6.399308681488037
457,-100.1904067993164,-48.843955404758454,1001,6.798091888427734,0.001,1,a2c_lr_high_seed1,-0.561786949634552,14.721807479858398,1.0249238014221191,-0.4947911500930786,4.781637191772461
457,-100.1904067993164,-48.843955404758454,1001,6.770230293273926,0.001,1,a2c_lr_high_seed1,-1.966405987739563,17.475187301635742,0.9574787616729736,-1.547966480255127,13.949152946472168
457,-100.1904067993164,-48.843955404758454,1001,9.380390167236328,0.001,1,a2c_lr_high_seed1,-0.5934828519821167,19.949718475341797,0.9859349131584167,-0.3204954266548157,4.3568291664123535
457,-100.1904067993164,-48.843955404758454,1001,5.755837440490723,0.001,1,a2c_lr_high_seed1,-0.9882439970970154,13.490154266357422,0.9955500960350037,-0.8256146907806396,7.401050567626953
458,-53.73670196533203,-47.449299490451814,1001,9.412081718444824,0.001,1,a2c_lr_high_seed1,-1.337228775024414,21.500537872314453,0.9585208296775818,-0.7031069397926331,6.342121601104736
458,-53.73670196533203,-47.449299490451814,1001,10.15833854675293,0.001,1,a2c_lr_high_seed1,-0.16957756876945496,20.65773582458496,0.9519620537757874,0.0136643648147583,2.6147401332855225
458,-53.73670196533203,-47.449299490451814,1001,15.212886810302734,0.001,1,a2c_lr_high_seed1,-0.7673780918121338,31.962411880493164,0.9409916400909424,0.028499484062194824,6.007619857788086
458,-53.73670196533203,-47.449299490451814,1001,10.40361213684082,0.001,1,a2c_lr_high_seed1,0.15691989660263062,20.495315551757812,0.9650371074676514,0.5810906887054443,5.860684394836426
458,-53.73670196533203,-47.449299490451814,1001,8.608266830444336,0.001,1,a2c_lr_high_seed1,-2.1232049465179443,21.46493911743164,0.9973937273025513,-1.5564063787460327,14.783393859863281
461,-49.57534408569336,-45.94631632089615,1001,13.425016403198242,0.001,1,a2c_lr_high_seed1,1.7230662107467651,23.405723571777344,0.9117315411567688,2.2509701251983643,21.053604125976562
461,-49.57534408569336,-45.94631632089615,1001,11.25200366973877,0.001,1,a2c_lr_high_seed1,-1.6104918718338013,25.726959228515625,0.9839926958084106,-1.6865583658218384,19.350326538085938
461,-49.57534408569336,-45.94631632089615,1001,52.92557907104492,0.001,1,a2c_lr_high_seed1,3.4235055446624756,99.0060043334961,0.9250774383544922,5.151900768280029,57.69022750854492
462,-97.40585327148438,-45.56440088510513,1001,10.976432800292969,0.001,1,a2c_lr_high_seed1,-1.2101163864135742,24.37500762939453,0.9550440311431885,-0.6119898557662964,5.270925045013428
462,-97.40585327148438,-45.56440088510513,1001,10.474631309509277,0.001,1,a2c_lr_high_seed1,0.3874140977859497,20.17624855041504,0.9070422053337097,1.3433574438095093,13.721760749816895
462,-97.40585327148438,-45.56440088510513,1001,25.596248626708984,0.001,1,a2c_lr_high_seed1,0.4694897532463074,50.25535202026367,0.9182592630386353,1.792417287826538,19.718242645263672
462,-97.40585327148438,-45.56440088510513,1001,5.809572696685791,0.001,1,a2c_lr_high_seed1,-1.329262614250183,14.279519081115723,0.9240412712097168,-0.7606885433197021,7.786403179168701
463,-46.933162689208984,-44.35619173288345,1001,9.724794387817383,0.001,1,a2c_lr_high_seed1,-0.21373064815998077,19.878841400146484,0.8952025175094604,0.38757073879241943,4.226843357086182
463,-46.933162689208984,-44.35619173288345,1001,11.968664169311523,0.001,1,a2c_lr_high_seed1,1.5397478342056274,20.859546661376953,0.8575501441955566,2.186699867248535,23.58731460571289
464,23.93524742126465,-42.43397848367691,1001,36.19013977050781,0.001,1,a2c_lr_high_seed1,0.9488807916641235,70.48428344726562,0.8830782771110535,2.412916660308838,29.652019500732422
464,23.93524742126465,-42.43397848367691,1001,5.757010459899902,0.001,1,a2c_lr_high_seed1,-0.4787440299987793,12.473417282104492,0.9541341662406921,0.0655403584241867,1.156562089920044
464,23.93524742126465,-42.43397848367691,1001,6.912088394165039,0.001,1,a2c_lr_high_seed1,0.7206200361251831,12.384925842285156,0.9947664737701416,1.0637123584747314,9.604009628295898
465,-7.380599498748779,-46.23442372560501,1001,6.269648551940918,0.001,1,a2c_lr_high_seed1,-1.5841798782348633,15.709516525268555,0.9297926425933838,-0.8875045776367188,8.899186134338379
465,-7.380599498748779,-46.23442372560501,1001,5.339596748352051,0.001,1,a2c_lr_high_seed1,0.12078167498111725,10.439436912536621,0.9038221836090088,0.5361156463623047,5.715487003326416
465,-7.380599498748779,-46.23442372560501,1001,15.973618507385254,0.001,1,a2c_lr_high_seed1,-0.6642069220542908,33.27748489379883,0.9170027375221252,-0.2830156087875366,4.601387977600098
465,-7.380599498748779,-46.23442372560501,1001,8.058195114135742,0.001,1,a2c_lr_high_seed1,-0.32911038398742676,16.776609420776367,0.9994269013404846,-0.22580039501190186,2.3548929691314697
465,-7.380599498748779,-46.23442372560501,1001,5.932320594787598,0.001,1,a2c_lr_high_seed1,0.20749258995056152,11.451632499694824,0.9879651069641113,0.5027825832366943,5.12135648727417
465,-7.380599498748779,-46.23442372560501,1001,4.335630893707275,0.001,1,a2c_lr_high_seed1,-1.5134468078613281,11.700042724609375,0.9434941411018372,-0.9768954515457153,9.097867012023926
465,-7.380599498748779,-46.23442372560501,1001,4.592266082763672,0.001,1,a2c_lr_high_seed1,-1.3608368635177612,11.908151626586914,0.9727056622505188,-1.0318918228149414,10.573006629943848
465,-7.380599498748779,-46.23442372560501,1001,8.995813369750977,0.001,1,a2c_lr_high_seed1,0.1013602614402771,17.790674209594727,0.8842793703079224,0.7381061911582947,8.291144371032715
465,-7.380599498748779,-46.23442372560501,1001,5.423410892486572,0.001,1,a2c_lr_high_seed1,-0.8473218679428101,12.54334831237793,0.9414175152778625,-0.55817711353302,5.683121204376221
465,-7.380599498748779,-46.23442372560501,1001,4.700586795806885,0.001,1,a2c_lr_high_seed1,-1.4436535835266113,12.290511131286621,1.015373706817627,-1.5080616474151611,14.773862838745117
465,-7.380599498748779,-46.23442372560501,1001,4.733822822570801,0.001,1,a2c_lr_high_seed1,-2.1417033672332764,13.753055572509766,1.0013458728790283,-2.058797836303711,19.348657608032227
465,-7.380599498748779,-46.23442372560501,1001,3.516653537750244,0.001,1,a2c_lr_high_seed1,-0.04091133922338486,7.117183208465576,1.0265421867370605,0.20415154099464417,2.150049924850464
465,-7.380599498748779,-46.23442372560501,1001,5.416979789733887,0.001,1,a2c_lr_high_seed1,-1.3832341432571411,13.602372169494629,0.972152829170227,-1.1486376523971558,11.303731918334961
465,-7.380599498748779,-46.23442372560501,1001,8.60658073425293,0.001,1,a2c_lr_high_seed1,-2.5317697525024414,22.278575897216797,0.9370599389076233,-2.2614409923553467,20.88835906982422
466,-55.593963623046875,-47.38399201393128,1001,9.059717178344727,0.001,1,a2c_lr_high_seed1,-1.3112339973449707,20.743793487548828,0.9464010000228882,-0.6200346350669861,6.095415115356445
466,-55.593963623046875,-47.38399201393128,1001,15.601553916931152,0.001,1,a2c_lr_high_seed1,0.4979931116104126,30.208984375,0.9321912527084351,0.6059408783912659,5.917251110076904
466,-55.593963623046875,-47.38399201393128,1001,31.06502342224121,0.001,1,a2c_lr_high_seed1,1.0890599489212036,59.95390319824219,0.9889101982116699,2.056521415710449,26.745994567871094
466,-55.593963623046875,-47.38399201393128,1001,8.077693939208984,0.001,1,a2c_lr_high_seed1,-2.333386182785034,20.82413673400879,0.9879416227340698,-1.9382126331329346,17.85034942626953
466,-55.593963623046875,-47.38399201393128,1001,8.62794017791748,0.001,1,a2c_lr_high_seed1,-0.048682477325201035,17.35511016845703,0.9323970079421997,0.6237353086471558,6.703526496887207
467,-112.45738983154297,-49.051184282302856,1001,16.82211685180664,0.001,1,a2c_lr_high_seed1,-1.9375284910202026,37.52113723754883,0.9226258993148804,-1.5431110858917236,14.10776424407959
469,-85.94681549072266,-53.83851807594299,1001,28.556396484375,0.001,1,a2c_lr_high_seed1,1.8868434429168701,53.34079360961914,0.8437609672546387,3.634671449661255,35.20658874511719
469,-85.94681549072266,-53.83851807594299,1001,9.456225395202637,0.001,1,a2c_lr_high_seed1,0.32309556007385254,18.268110275268555,0.9248429536819458,0.9583374261856079,11.764095306396484
470,-23.982280731201172,-51.64303154945374,1001,34.11795425415039,0.001,1,a2c_lr_high_seed1,1.228297233581543,65.78125762939453,0.9717753529548645,2.8252880573272705,29.9254207611084
470,-23.982280731201172,-51.64303154945374,1001,9.523308753967285,0.001,1,a2c_lr_high_seed1,-2.19922137260437,23.44700813293457,0.9734859466552734,-1.8752145767211914,19.87510871887207
470,-23.982280731201172,-51.64303154945374,1001,23.586284637451172,0.001,1,a2c_lr_high_seed1,1.1362066268920898,44.90196228027344,0.90379798412323,2.366882801055908,25.034318923950195
470,-23.982280731201172,-51.64303154945374,1001,3.532254695892334,0.001,1,a2c_lr_high_seed1,-0.8403012752532959,8.74705696105957,0.9725801944732666,-0.2857072651386261,3.5216872692108154
471,-34.54057312011719,-54.54608895301819,1001,10.191768646240234,0.001,1,a2c_lr_high_seed1,0.5322281122207642,19.320775985717773,0.8478898406028748,1.1251184940338135,10.049674034118652
471,-34.54057312011719,-54.54608895301819,1001,9.294054985046387,0.001,1,a2c_lr_high_seed1,-0.689883291721344,19.96975326538086,0.9387401938438416,0.0015436112880706787,3.210313320159912
472,-102.86308288574219,-56.70916725158691,1001,9.386100769042969,0.001,1,a2c_lr_high_seed1,-0.48795366287231445,19.749980926513672,0.9365209341049194,-0.4786224365234375,4.612820148468018
472,-102.86308288574219,-56.70916725158691,1001,16.982154846191406,0.001,1,a2c_lr_high_seed1,1.7743818759918213,30.417499542236328,0.9757236838340759,2.306281328201294,25.15715789794922
472,-102.86308288574219,-56.70916725158691,1001,3.7827420234680176,0.001,1,a2c_lr_high_seed1,-0.9024096131324768,9.37234115600586,1.0189411640167236,-0.91184401512146,9.787278175354004
473,-41.734989166259766,-56.96738021850586,1001,10.22714900970459,0.001,1,a2c_lr_high_seed1,-1.2821542024612427,23.020538330078125,0.966462254524231,-0.6809065341949463,7.9144816398620605
473,-41.734989166259766,-56.96738021850586,1001,5.183492660522461,0.001,1,a2c_lr_high_seed1,-0.9409459829330444,12.250736236572266,0.9294658303260803,-0.9537697434425354,11.742627143859863
473,-41.734989166259766,-56.96738021850586,1001,3.2009031772613525,0.001,1,a2c_lr_high_seed1,-0.5533906817436218,7.510589599609375,1.0007652044296265,-0.5875076651573181,6.516510486602783
473,-41.734989166259766,-56.96738021850586,1001,10.841751098632812,0.001,1,a2c_lr_high_seed1,-3.814852714538574,29.315166473388672,0.9791467189788818,-3.5793616771698,39.250732421875
473,-41.734989166259766,-56.96738021850586,1001,9.077474594116211,0.001,1,a2c_lr_high_seed1,0.9073545336723328,16.34210777282715,0.9335004091262817,1.442674160003662,17.244184494018555
473,-41.734989166259766,-56.96738021850586,1001,7.273130893707275,0.001,1,a2c_lr_high_seed1,-0.6541017293930054,15.856437683105469,0.9859994649887085,-0.203777015209198,2.9250376224517822
473,-41.734989166259766,-56.96738021850586,1001,6.682398319244385,0.001,1,a2c_lr_high_seed1,-1.2906289100646973,15.94804573059082,0.9955229759216309,-0.8766205310821533,9.59139633178711
473,-41.734989166259766,-56.96738021850586,1001,10.295563697814941,0.001,1,a2c_lr_high_seed1,-1.7915904521942139,24.176258087158203,0.9749157428741455,-1.2367023229599,14.454944610595703
473,-41.734989166259766,-56.96738021850586,1001,15.885725975036621,0.001,1,a2c_lr_high_seed1,0.8896946907043457,29.99400520324707,0.9719909429550171,1.961753010749817,20.83528709411621
473,-41.734989166259766,-56.96738021850586,1001,8.550402641296387,0.001,1,a2c_lr_high_seed1,-2.2780075073242188,21.658802032470703,0.990746021270752,-1.6723756790161133,17.64211082458496
473,-41.734989166259766,-56.96738021850586,1001,6.99393892288208,0.001,1,a2c_lr_high_seed1,-0.8646727800369263,15.7191743850708,0.9754847288131714,-0.24612776935100555,4.810037136077881
473,-41.734989166259766,-56.96738021850586,1001,12.311356544494629,0.001,1,a2c_lr_high_seed1,1.003434181213379,22.617753982543945,0.9547999501228333,1.3717458248138428,14.715858459472656
473,-41.734989166259766,-56.96738021850586,1001,7.332746505737305,0.001,1,a2c_lr_high_seed1,-0.3559700846672058,15.379314422607422,0.9410325884819031,0.23687666654586792,2.9088363647460938
473,-41.734989166259766,-56.96738021850586,1001,11.864137649536133,0.001,1,a2c_lr_high_seed1,0.7877764701843262,22.154634475708008,0.9554725289344788,1.218807339668274,12.54313850402832
473,-41.734989166259766,-56.96738021850586,1001,6.4029388427734375,0.001,1,a2c_lr_high_seed1,-0.48125478625297546,13.770309448242188,0.9614482522010803,0.2509138584136963,3.1062562465667725
474,-52.61467361450195,-60.76179374694824,1001,11.172683715820312,0.001,1,a2c_lr_high_seed1,0.7254676818847656,20.896278381347656,0.922987699508667,1.8883017301559448,17.440568923950195
474,-52.61467361450195,-60.76179374694824,1001,11.016645431518555,0.001,1,a2c_lr_high_seed1,0.01860225200653076,21.998031616210938,0.9730674028396606,0.5970449447631836,8.353644371032715
474,-52.61467361450195,-60.76179374694824,1001,10.663077354431152,0.001,1,a2c_lr_high_seed1,0.11604046821594238,21.096004486083984,0.9647647738456726,0.7283617854118347,8.544455528259277
474,-52.61467361450195,-60.76179374694824,1001,9.134248733520508,0.001,1,a2c_lr_high_seed1,0.19407398998737335,17.882305145263672,0.9770824909210205,0.9223691821098328,8.911534309387207
474,-52.61467361450195,-60.76179374694824,1001,6.009975910186768,0.001,1,a2c_lr_high_seed1,0.0033968836069107056,12.015104293823242,0.9731628894805908,0.49932804703712463,5.257260322570801
477,-48.81819152832031,-62.261493310928344,1001,13.248339653015137,0.001,1,a2c_lr_high_seed1,-0.08656120300292969,26.671445846557617,0.8220851421356201,0.6968774199485779,9.059971809387207
477,-48.81819152832031,-62.261493310928344,1001,5.213351249694824,0.001,1,a2c_lr_high_seed1,-0.6993420124053955,11.827081680297852,0.8478896021842957,-0.05138714611530304,3.078432559967041
478,-45.763126373291016,-61.65607071876526,1001,20.681772232055664,0.001,1,a2c_lr_high_seed1,1.5827363729476929,38.19987106323242,0.9010729789733887,2.728682279586792,27.472640991210938
478,-45.763126373291016,-61.65607071876526,1001,10.348861694335938,0.001,1,a2c_lr_high_seed1,-0.03699611872434616,20.773469924926758,0.8774518966674805,0.12779030203819275,3.2031314373016357
478,-45.763126373291016,-61.65607071876526,1001,16.69476318359375,0.001,1,a2c_lr_high_seed1,-0.18834924697875977,33.76809310913086,0.9338675141334534,-0.19326719641685486,6.417802810668945
478,-45.763126373291016,-61.65607071876526,1001,6.908015727996826,0.001,1,a2c_lr_high_seed1,-1.3596693277359009,16.537200927734375,0.9154626131057739,-1.2617104053497314,12.198406219482422
479,-50.85492706298828,-61.81861657142639,1001,8.904228210449219,0.001,1,a2c_lr_high_seed1,-0.49581843614578247,18.801965713500977,0.9361637830734253,-0.2380608320236206,3.55373477935791
479,-50.85492706298828,-61.81861657142639,1001,6.8305583000183105,0.001,1,a2c_lr_high_seed1,0.8776690363883972,11.907607078552246,0.9139328002929688,0.9417712092399597,9.522542953491211
480,-77.91973876953125,-61.78593194007873,1001,22.678926467895508,0.001,1,a2c_lr_high_seed1,0.4655093550682068,44.428653717041016,0.9100534319877625,1.1459310054779053,13.677600860595703
480,-77.91973876953125,-61.78593194007873,1001,8.848292350769043,0.001,1,a2c_lr_high_seed1,-0.42412394285202026,18.54653549194336,0.851662278175354,0.2624613046646118,4.203104019165039
480,-77.91973876953125,-61.78593194007873,1001,10.960380554199219,0.001,1,a2c_lr_high_seed1,-1.1925082206726074,24.307586669921875,0.9042900800704956,-0.27488863468170166,5.046630382537842
481,-73.98445892333984,-61.88969735145569,1001,63.672935485839844,0.001,1,a2c_lr_high_seed1,1.9419333934783936,123.46385192871094,0.9248045682907104,3.8206229209899902,36.808807373046875
481,-73.98445892333984,-61.88969735145569,1001,14.56268310546875,0.001,1,a2c_lr_high_seed1,-0.39671802520751953,29.92061424255371,0.9060080051422119,-0.2515140175819397,4.138521671295166
481,-73.98445892333984,-61.88969735145569,1001,13.41144847869873,0.001,1,a2c_lr_high_seed1,0.7289650440216064,25.366872787475586,0.9531383514404297,1.3504270315170288,14.716270446777344
481,-73.98445892333984,-61.88969735145569,1001,5.145001411437988,0.001,1,a2c_lr_high_seed1,-0.8806542158126831,12.053275108337402,0.981918454170227,-0.4662310779094696,4.722292900085449
481,-73.98445892333984,-61.88969735145569,1001,4.72434663772583,0.001,1,a2c_lr_high_seed1,-0.3812254071235657,10.212953567504883,0.9046939611434937,-0.06295344233512878,1.4660108089447021
481,-73.98445892333984,-61.88969735145569,1001,3.8485424518585205,0.001,1,a2c_lr_high_seed1,-0.9338330626487732,9.56669807434082,0.9735442996025085,-0.5233920216560364,5.453769207000732
481,-73.98445892333984,-61.88969735145569,1001,6.806440830230713,0.001,1,a2c_lr_high_seed1,-0.856950044631958,15.328702926635742,0.9609506130218506,-0.25574350357055664,2.507966995239258
481,-73.98445892333984,-61.88969735145569,1001,9.232095718383789,0.001,1,a2c_lr_high_seed1,0.4757463335990906,17.514671325683594,0.9862390160560608,1.1855570077896118,10.159672737121582
481,-73.98445892333984,-61.88969735145569,1001,6.04560661315918,0.001,1,a2c_lr_high_seed1,-1.38176429271698,14.85669231414795,0.9751837849617004,-0.7642835378646851,7.686862468719482
481,-73.98445892333984,-61.88969735145569,1001,3.5486040115356445,0.001,1,a2c_lr_high_seed1,-0.958911657333374,9.016857147216797,0.9128819704055786,-0.3826497495174408,3.704026937484741
481,-73.98445892333984,-61.88969735145569,1001,3.8555123805999756,0.001,1,a2c_lr_high_seed1,-0.4330846667289734,8.579080581665039,0.9432781934738159,0.1345236599445343,1.5045711994171143
481,-73.98445892333984,-61.88969735145569,1001,3.8471269607543945,0.001,1,a2c_lr_high_seed1,-1.6285836696624756,10.953330039978027,0.9545084238052368,-1.0578423738479614,9.14737606048584
481,-73.98445892333984,-61.88969735145569,1001,4.06539249420166,0.001,1,a2c_lr_high_seed1,-0.9734578728675842,10.079530715942383,0.915104866027832,-0.42268311977386475,4.036660671234131
481,-73.98445892333984,-61.88969735145569,1001,4.707783222198486,0.001,1,a2c_lr_high_seed1,-1.5426578521728516,12.502653121948242,0.8854383230209351,-1.1144722700119019,9.986135482788086
481,-73.98445892333984,-61.88969735145569,1001,6.520193099975586,0.001,1,a2c_lr_high_seed1,0.4373617172241211,12.167481422424316,0.9094280004501343,0.900044858455658,7.8664631843566895
482,-91.37933349609375,-62.78612969398498,1001,8.046259880065918,0.001,1,a2c_lr_high_seed1,-1.1135599613189697,18.321636199951172,0.9985257387161255,-1.3425871133804321,11.71782112121582
482,-91.37933349609375,-62.78612969398498,1001,3.9460554122924805,0.001,1,a2c_lr_high_seed1,-0.8204542398452759,9.534855842590332,0.9184985756874084,-0.7910104393959045,6.970333099365234
482,-91.37933349609375,-62.78612969398498,1001,4.169826507568359,0.001,1,a2c_lr_high_seed1,-2.194838285446167,12.731087684631348,0.8793686628341675,-2.0131332874298096,18.5771427154541
482,-91.37933349609375,-62.78612969398498,1001,8.285484313964844,0.001,1,a2c_lr_high_seed1,-0.24883610010147095,17.070419311523438,0.8885140419006348,-0.35243886709213257,3.651812791824341
482,-91.37933349609375,-62.78612969398498,1001,6.625308036804199,0.001,1,a2c_lr_high_seed1,-0.978776752948761,15.210046768188477,0.9385870695114136,-1.002867579460144,9.905985832214355
485,-98.39707946777344,-61.88812043190003,1001,10.446429252624512,0.001,1,a2c_lr_high_seed1,0.3224335312843323,20.24985122680664,0.9298655986785889,0.16454190015792847,3.1867668628692627
485,-98.39707946777344,-61.88812043190003,1001,9.307404518127441,0.001,1,a2c_lr_high_seed1,-0.7403990030288696,20.097461700439453,0.9270097613334656,-0.8483464121818542,9.177416801452637
486,-100.55391693115234,-61.98008454322815,1001,31.8306827545166,0.001,1,a2c_lr_high_seed1,3.3341104984283447,56.99498748779297,0.9210570454597473,3.8179426193237305,42.21953201293945
486,-100.55391693115234,-61.98008454322815,1001,6.076901912689209,0.001,1,a2c_lr_high_seed1,-0.0116090327501297,12.178812026977539,0.89516681432724,0.141753688454628,4.508281230926514
486,-100.55391693115234,-61.98008454322815,1001,13.510640144348145,0.001,1,a2c_lr_high_seed1,0.019655033946037292,26.98381805419922,0.9243863821029663,0.4961978793144226,7.618057727813721
486,-100.55391693115234,-61.98008454322815,1001,6.535031318664551,0.001,1,a2c_lr_high_seed1,-2.244053363800049,17.56000518798828,0.917758584022522,-1.8748384714126587,18.559772491455078
487,-92.4804458618164,-62.28705002784729,1001,6.5967583656311035,0.001,1,a2c_lr_high_seed1,-0.5543546676635742,14.30409049987793,0.9321108460426331,-0.5232440233230591,5.9100518226623535
487,-92.4804458618164,-62.28705002784729,1001,7.31828498840332,0.001,1,a2c_lr_high_seed1,0.14610764384269714,14.346235275268555,0.9402381181716919,0.6357807517051697,7.3617658615112305
488,-56.42251205444336,-62.31656991004944,1001,9.635550498962402,0.001,1,a2c_lr_high_seed1,-0.32980668544769287,19.93266487121582,0.975728452205658,0.024451300501823425,2.7101409435272217
488,-56.42251205444336,-62.31656991004944,1001,6.334603309631348,0.001,1,a2c_lr_high_seed1,0.46926671266555786,11.732451438903809,0.8893352150917053,0.9882858991622925,10.167095184326172
488,-56.42251205444336,-62.31656991004944,1001,3.28464937210083,0.001,1,a2c_lr_high_seed1,-0.7300034165382385,8.031200408935547,0.9474135041236877,-0.3529590964317322,3.850041627883911
488,-56.42251205444336,-62.31656991004944,1001,12.152752876281738,0.001,1,a2c_lr_high_seed1,0.8301306962966919,22.647113800048828,0.9344761371612549,1.7212700843811035,17.52832794189453
489,-91.48277282714844,-62.41315072059631,1001,6.676095485687256,0.001,1,a2c_lr_high_seed1,-0.6410949230194092,14.636157035827637,0.8882539868354797,0.14541393518447876,3.4585561752319336
489,-91.48277282714844,-62.41315072059631,1001,5.458683967590332,0.001,1,a2c_lr_high_seed1,-1.1171586513519287,13.153604507446289,0.9592897295951843,-0.7714575529098511,8.00381851196289
489,-91.48277282714844,-62.41315072059631,1001,9.909761428833008,0.001,1,a2c_lr_high_seed1,-0.06944815814495087,19.96023941040039,0.9095507860183716,0.8406447172164917,8.360307693481445
489,-91.48277282714844,-62.41315072059631,1001,9.330219268798828,0.001,1,a2c_lr_high_seed1,-0.6324214935302734,19.92705726623535,0.8879070281982422,0.10684533417224884,1.725100040435791
489,-91.48277282714844,-62.41315072059631,1001,6.911356449127197,0.001,1,a2c_lr_high_seed1,-0.097866952419281,14.020413398742676,0.9830915927886963,0.6745383739471436,6.580718040466309
489,-91.48277282714844,-62.41315072059631,1001,8.220986366271973,0.001,1,a2c_lr_high_seed1,-0.38508883118629456,17.21404266357422,0.9462990760803223,0.2632927894592285,2.502725601196289
489,-91.48277282714844,-62.41315072059631,1001,8.881819725036621,0.001,1,a2c_lr_high_seed1,0.4763358235359192,16.812782287597656,0.9069982171058655,1.1969027519226074,11.540312767028809
489,-91.48277282714844,-62.41315072059631,1001,2.927565097808838,0.001,1,a2c_lr_high_seed1,-1.4738283157348633,8.804647445678711,0.9304087162017822,-1.0975443124771118,10.312559127807617
489,-91.48277282714844,-62.41315072059631,1001,8.92369556427002,0.001,1,a2c_lr_high_seed1,0.7270706295967102,16.39502716064453,0.8886842727661133,1.5752668380737305,14.076615333557129
489,-91.48277282714844,-62.41315072059631,1001,6.9228620529174805,0.001,1,a2c_lr_high_seed1,-1.1808276176452637,16.209312438964844,0.966407299041748,-0.6724759340286255,6.874310493469238
489,-91.48277282714844,-62.41315072059631,1001,6.342104434967041,0.001,1,a2c_lr_high_seed1,-2.264025926589966,17.214046478271484,0.8929572105407715,-1.5343842506408691,14.029191017150879
489,-91.48277282714844,-62.41315072059631,1001,5.978453636169434,0.001,1,a2c_lr_high_seed1,0.24656710028648376,11.465657234191895,0.9423537850379944,0.6349111795425415,5.634768962860107
489,-91.48277282714844,-62.41315072059631,1001,2.9402713775634766,0.001,1,a2c_lr_high_seed1,-0.5361209511756897,6.9546799659729,0.9477350115776062,-0.20221814513206482,1.9653990268707275
489,-91.48277282714844,-62.41315072059631,1001,5.318049907684326,0.001,1,a2c_lr_high_seed1,-0.7725695371627808,12.183109283447266,0.9349014759063721,-0.26995161175727844,2.65096378326416
490,-107.50405883789062,-62.73314217567444,1001,11.40361213684082,0.001,1,a2c_lr_high_seed1,-2.668142557144165,28.145442962646484,0.9669731855392456,-2.6107771396636963,22.95827293395996
490,-107.50405883789062,-62.73314217567444,1001,7.481062412261963,0.001,1,a2c_lr_high_seed1,-0.19153964519500732,15.347088813781738,0.9423128962516785,-0.03646406531333923,2.831418752670288
490,-107.50405883789062,-62.73314217567444,1001,8.483989715576172,0.001,1,a2c_lr_high_seed1,-0.4584881067276001,17.886903762817383,0.9737992286682129,-0.7850275635719299,7.104593753814697
490,-107.50405883789062,-62.73314217567444,1001,3.2715935707092285,0.001,1,a2c_lr_high_seed1,-1.5496383905410767,9.644281387329102,0.9087656140327454,-1.5319302082061768,13.877887725830078
490,-107.50405883789062,-62.73314217567444,1001,6.440798282623291,0.001,1,a2c_lr_high_seed1,0.40538281202316284,12.072699546813965,0.934268057346344,0.5549074411392212,5.285634517669678
492,-56.35681915283203,-62.017791223526004,1001,7.986665725708008,0.001,1,a2c_lr_high_seed1,-0.3999108672142029,16.7750186920166,0.9327176213264465,-0.27035683393478394,3.18145751953125
493,-90.73995208740234,-62.0615851688385,1001,16.87313461303711,0.001,1,a2c_lr_high_seed1,-1.0262372493743896,35.80032730102539,0.7906625270843506,-0.5023065805435181,7.90638542175293
493,-90.73995208740234,-62.0615851688385,1001,52.55655288696289,0.001,1,a2c_lr_high_seed1,2.87703800201416,99.3607406616211,0.8560127019882202,4.229583740234375,44.81645965576172
494,-89.3395004272461,-62.44181069374085,1001,19.3492488861084,0.001,1,a2c_lr_high_seed1,1.0445317029953003,36.61114501953125,0.8543224334716797,1.5215187072753906,16.6798038482666
494,-89.3395004272461,-62.44181069374085,1001,12.656049728393555,0.001,1,a2c_lr_high_seed1,-0.1645616739988327,25.642988204956055,0.8828921318054199,0.33804553747177124,7.544714450836182
494,-89.3395004272461,-62.44181069374085,1001,8.228650093078613,0.001,1,a2c_lr_high_seed1,-1.5016237497329712,19.462419509887695,0.935763418674469,-1.2773892879486084,11.60066032409668
494,-89.3395004272461,-62.44181069374085,1001,5.5851006507873535,0.001,1,a2c_lr_high_seed1,0.4086400270462036,10.354844093322754,0.9614534378051758,0.9786301851272583,9.226640701293945
495,-57.48964309692383,-62.66138978004456,1001,7.683321952819824,0.001,1,a2c_lr_high_seed1,-1.0216370820999146,17.41165542602539,0.8685764670372009,-0.2320001721382141,4.524209499359131
495,-57.48964309692383,-62.66138978004456,1001,6.074765205383301,0.001,1,a2c_lr_high_seed1,-0.6780357360839844,13.507343292236328,0.8705820441246033,0.018579959869384766,2.509176254272461
496,-64.59902954101562,-61.81122223854065,1001,16.938644409179688,0.001,1,a2c_lr_high_seed1,0.8099554181098938,32.25900650024414,0.8151314854621887,1.6117005348205566,15.779090881347656
496,-64.59902954101562,-61.81122223854065,1001,16.79390525817871,0.001,1,a2c_lr_high_seed1,0.26543688774108887,33.05864715576172,0.8540197610855103,1.192622184753418,13.869892120361328
496,-64.59902954101562,-61.81122223854065,1001,9.758485794067383,0.001,1,a2c_lr_high_seed1,-0.30304697155952454,20.12481117248535,0.8730546832084656,0.10730890929698944,3.512892723083496
497,-101.81088256835938,-63.06292511940003,1001,4.394777774810791,0.001,1,a2c_lr_high_seed1,-1.0461512804031372,10.883644104003906,0.8931161165237427,-0.1826627552509308,2.4097073078155518
497,-101.81088256835938,-63.06292511940003,1001,4.5122575759887695,0.001,1,a2c_lr_high_seed1,-0.9072880148887634,10.841026306152344,0.9673200249671936,-0.8361174464225769,8.392973899841309
497,-101.81088256835938,-63.06292511940003,1001,18.090499877929688,0.001,1,a2c_lr_high_seed1,0.4941195845603943,35.19466781616211,0.9540102481842041,1.3484501838684082,15.020376205444336
497,-101.81088256835938,-63.06292511940003,1001,3.951697587966919,0.001,1,a2c_lr_high_seed1,-1.7417758703231812,11.388787269592285,0.9199758172035217,-1.3412458896636963,12.975044250488281
497,-101.81088256835938,-63.06292511940003,1001,4.175301551818848,0.001,1,a2c_lr_high_seed1,-1.6527738571166992,11.657947540283203,0.8985325694084167,-1.335526704788208,13.552684783935547
497,-101.81088256835938,-63.06292511940003,1001,4.694502353668213,0.001,1,a2c_lr_high_seed1,-0.7795876860618591,10.950027465820312,0.9238210916519165,-0.37593549489974976,3.8141584396362305
497,-101.81088256835938,-63.06292511940003,1001,4.544100761413574,0.001,1,a2c_lr_high_seed1,-1.9942448139190674,13.078591346740723,0.9497696161270142,-1.9299983978271484,18.77012062072754
497,-101.81088256835938,-63.06292511940003,1001,3.7511143684387207,0.001,1,a2c_lr_high_seed1,-0.7225311994552612,8.949161529541016,0.9351009726524353,-0.323150098323822,3.4264254570007324
497,-101.81088256835938,-63.06292511940003,1001,4.154338359832764,0.001,1,a2c_lr_high_seed1,-0.9624620676040649,10.235488891601562,0.9439112544059753,-0.6565776467323303,6.761378765106201
497,-101.81088256835938,-63.06292511940003,1001,6.400249004364014,0.001,1,a2c_lr_high_seed1,0.12873758375644684,12.544785499572754,0.8812212347984314,0.5800654888153076,5.678654193878174
497,-101.81088256835938,-63.06292511940003,1001,4.638230800628662,0.001,1,a2c_lr_high_seed1,-0.9113854765892029,11.10101318359375,0.8900556564331055,-0.7206741571426392,7.288425922393799
497,-101.81088256835938,-63.06292511940003,1001,3.6287152767181396,0.001,1,a2c_lr_high_seed1,-0.4535280168056488,8.166390419006348,0.9520487785339355,-0.21220499277114868,2.8029792308807373
497,-101.81088256835938,-63.06292511940003,1001,4.4980902671813965,0.001,1,a2c_lr_high_seed1,-1.3649271726608276,11.727941513061523,0.9534201622009277,-1.1812942028045654,11.578858375549316
497,-101.81088256835938,-63.06292511940003,1001,4.124278545379639,0.001,1,a2c_lr_high_seed1,-1.646699070930481,11.54373550415039,0.8902894258499146,-1.302453637123108,12.912176132202148
498,-61.608642578125,-67.50550599098206,1001,8.03079605102539,0.001,1,a2c_lr_high_seed1,0.2973029911518097,15.468818664550781,0.9160847663879395,0.6398593187332153,6.248972415924072
498,-61.608642578125,-67.50550599098206,1001,5.834702491760254,0.001,1,a2c_lr_high_seed1,-1.2471094131469727,14.165379524230957,0.8779542446136475,-1.2359791994094849,13.52667236328125
498,-61.608642578125,-67.50550599098206,1001,24.35858154296875,0.001,1,a2c_lr_high_seed1,0.08954370021820068,48.53994369506836,0.9347037076950073,0.7537256479263306,11.24051284790039
498,-61.608642578125,-67.50550599098206,1001,9.583377838134766,0.001,1,a2c_lr_high_seed1,0.9682482481002808,17.23200798034668,0.8743636012077332,1.5224652290344238,15.279399871826172
498,-61.608642578125,-67.50550599098206,1001,2.4901115894317627,0.001,1,a2c_lr_high_seed1,-1.2911092042922974,7.564305782318115,0.9318692088127136,-0.9485830068588257,9.438929557800293
498,-61.608642578125,-67.50550599098206,1001,3.3903331756591797,0.001,1,a2c_lr_high_seed1,-0.8393847942352295,8.461181640625,0.8727916479110718,-0.37244361639022827,4.048514366149902
501,-70.26744842529297,-66.9604531955719,1001,12.501323699951172,0.001,1,a2c_lr_high_seed1,-0.009083598852157593,25.022441864013672,0.8138721585273743,1.5417115688323975,16.244043350219727
501,-70.26744842529297,-66.9604531955719,1001,17.821773529052734,0.001,1,a2c_lr_high_seed1,1.5768383741378784,32.4915657043457,0.8475316166877747,2.588374614715576,27.86211585998535
502,-43.806640625,-67.37060654640197,1001,19.522518157958984,0.001,1,a2c_lr_high_seed1,0.837151050567627,37.37237548828125,0.8193653225898743,1.87261962890625,18.381591796875
502,-43.806640625,-67.37060654640197,1001,4.58530330657959,0.001,1,a2c_lr_high_seed1,-0.5965366959571838,10.365426063537598,0.8730814456939697,-0.1874677836894989,2.4748008251190186
502,-43.806640625,-67.37060654640197,1001,4.809724807739258,0.001,1,a2c_lr_high_seed1,-0.5670149326324463,10.755376815795898,0.9488983750343323,-0.45304882526397705,4.7921142578125
502,-43.806640625,-67.37060654640197,1001,5.6809000968933105,0.001,1,a2c_lr_high_seed1,-0.5594152808189392,12.482473373413086,0.9210130572319031,-0.10555994510650635,1.5318485498428345
503,-59.106605529785156,-66.00012742042541,1001,8.485651969909668,0.001,1,a2c_lr_high_seed1,1.110493540763855,14.752246856689453,0.9654840230941772,1.5218793153762817,15.105584144592285
503,-59.106605529785156,-66.00012742042541,1001,8.235709190368652,0.001,1,a2c_lr_high_seed1,-1.0359210968017578,18.545028686523438,0.8838918209075928,-0.5731870532035828,7.216525554656982
504,-48.61145782470703,-65.04678193092346,1001,13.540085792541504,0.001,1,a2c_lr_high_seed1,1.3349039554595947,24.412126541137695,0.8807564377784729,2.415947437286377,25.663785934448242
504,-48.61145782470703,-65.04678193092346,1001,9.711202621459961,0.001,1,a2c_lr_high_seed1,-0.41590532660484314,20.255931854248047,0.8579076528549194,-0.17015674710273743,3.1522459983825684
504,-48.61145782470703,-65.04678193092346,1001,11.28429889678955,0.001,1,a2c_lr_high_seed1,0.996293306350708,20.57780647277832,0.8974505066871643,1.2213432788848877,13.776384353637695
505,-76.7327880859375,-65.55675515174866,1001,5.0180511474609375,0.001,1,a2c_lr_high_seed1,-0.3586462438106537,10.755157470703125,0.8810744881629944,-0.07364553213119507,2.2344398498535156
505,-76.7327880859375,-65.55675515174866,1001,4.77885103225708,0.001,1,a2c_lr_high_seed1,-0.18755720555782318,9.934638977050781,0.9113708138465881,0.2013792246580124,3.566739320755005
505,-76.7327880859375,-65.55675515174866,1001,3.643419027328491,0.001,1,a2c_lr_high_seed1,-0.4340987205505371,8.156940460205078,0.9525277018547058,-6.750226020812988e-05,1.8718011379241943
505,-76.7327880859375,-65.55675515174866,1001,2.781630277633667,0.001,1,a2c_lr_high_seed1,-1.6590118408203125,8.883136749267578,0.9261757135391235,-1.499876856803894,16.093111038208008
505,-76.7327880859375,-65.55675515174866,1001,4.641453742980957,0.001,1,a2c_lr_high_seed1,-0.21975262463092804,9.724344253540039,0.9656120538711548,-0.21094529330730438,3.3790361881256104
505,-76.7327880859375,-65.55675515174866,1001,3.028369426727295,0.001,1,a2c_lr_high_seed1,-1.5046231746673584,9.067848205566406,0.9315617084503174,-1.6176471710205078,17.041135787963867
505,-76.7327880859375,-65.55675515174866,1001,3.819748878479004,0.001,1,a2c_lr_high_seed1,-1.076952576637268,9.79526138305664,0.9293237924575806,-1.043211579322815,11.381020545959473
505,-76.7327880859375,-65.55675515174866,1001,3.086374521255493,0.001,1,a2c_lr_high_seed1,-0.13400611281394958,6.442676544189453,0.9577300548553467,0.07409429550170898,1.520270824432373
505,-76.7327880859375,-65.55675515174866,1001,4.620603084564209,0.001,1,a2c_lr_high_seed1,-1.6051654815673828,12.45335865020752,0.9107989072799683,-1.5575026273727417,16.083839416503906
505,-76.7327880859375,-65.55675515174866,1001,7.513083457946777,0.001,1,a2c_lr_high_seed1,-0.997645378112793,17.02328109741211,0.9118006825447083,-0.7307862043380737,8.822423934936523
505,-76.7327880859375,-65.55675515174866,1001,5.865582466125488,0.001,1,a2c_lr_high_seed1,0.3890399634838104,10.954999923706055,0.957423210144043,0.2841266393661499,3.3384056091308594
505,-76.7327880859375,-65.55675515174866,1001,4.190316677093506,0.001,1,a2c_lr_high_seed1,-2.020069122314453,12.422477722167969,0.8530802726745605,-1.9533023834228516,20.674013137817383
505,-76.7327880859375,-65.55675515174866,1001,5.771150588989258,0.001,1,a2c_lr_high_seed1,-1.3986084461212158,14.341358184814453,0.9204413890838623,-1.6167271137237549,17.296897888183594
505,-76.7327880859375,-65.55675515174866,1001,5.819555282592773,0.001,1,a2c_lr_high_seed1,-0.396745502948761,12.43440055847168,0.8994891047477722,-0.48888063430786133,6.104455947875977
505,-76.7327880859375,-65.55675515174866,1001,4.237028121948242,0.001,1,a2c_lr_high_seed1,-0.40438103675842285,9.284650802612305,0.9166773557662964,-0.481329083442688,5.533749580383301
506,-76.31839752197266,-64.99790764808655,1001,7.814392566680908,0.001,1,a2c_lr_high_seed1,-0.4575819969177246,16.545766830444336,0.9088674187660217,-0.5648662447929382,6.336147308349609
506,-76.31839752197266,-64.99790764808655,1001,5.627812385559082,0.001,1,a2c_lr_high_seed1,0.7428696751594543,9.771713256835938,0.9142613410949707,0.7929887175559998,9.127368927001953
506,-76.31839752197266,-64.99790764808655,1001,2.9200730323791504,0.001,1,a2c_lr_high_seed1,-1.1268796920776367,8.095674514770508,0.8845196962356567,-0.8089991807937622,8.673399925231934
506,-76.31839752197266,-64.99790764808655,1001,3.4468836784362793,0.001,1,a2c_lr_high_seed1,-0.43785831332206726,7.77128791809082,0.9019439816474915,-0.2485741227865219,3.10917329788208
506,-76.31839752197266,-64.99790764808655,1001,3.0131783485412598,0.001,1,a2c_lr_high_seed1,-0.9836989045143127,7.995589733123779,0.9175711870193481,-0.7222614288330078,8.053302764892578
509,-117.30767059326172,-65.3935414981842,1001,10.273993492126465,0.001,1,a2c_lr_high_seed1,0.31361061334609985,19.922348022460938,0.7916367053985596,1.2636228799819946,14.576587677001953
509,-117.30767059326172,-65.3935414981842,1001,14.6158447265625,0.001,1,a2c_lr_high_seed1,0.5721307992935181,28.08885383605957,0.7129306197166443,1.242233157157898,14.408519744873047
510,-71.13180541992188,-65.05028725624085,1001,62.919342041015625,0.001,1,a2c_lr_high_seed1,3.174919366836548,119.49054718017578,0.8503908514976501,5.218469142913818,63.692562103271484
510,-71.13180541992188,-65.05028725624085,1001,6.507194519042969,0.001,1,a2c_lr_high_seed1,0.31338316202163696,12.38940143585205,0.8890632390975952,0.5466650724411011,6.87598991394043
510,-71.13180541992188,-65.05028725624085,1001,3.622356414794922,0.001,1,a2c_lr_high_seed1,-0.07436257600784302,7.395303726196289,0.9328225255012512,0.30519556999206543,3.4827754497528076
510,-71.13180541992188,-65.05028725624085,1001,2.233675003051758,0.001,1,a2c_lr_high_seed1,-0.5621344447135925,5.593461990356445,0.9215667843818665,-0.17981146275997162,2.645658016204834
511,-67.96219635009766,-65.41802430152893,1001,6.068100929260254,0.001,1,a2c_lr_high_seed1,-0.3978077471256256,12.93364429473877,0.913752019405365,-0.2192431092262268,3.91422700881958
511,-67.96219635009766,-65.41802430152893,1001,7.166674613952637,0.001,1,a2c_lr_high_seed1,-0.49691033363342285,15.329083442687988,0.9565819501876831,-0.43794772028923035,5.278714656829834
512,-78.5250473022461,-65.04040818214416,1001,5.237104415893555,0.001,1,a2c_lr_high_seed1,-0.9346277713775635,12.345314025878906,0.9249798655509949,-0.46680110692977905,8.002381324768066
512,-78.5250473022461,-65.04040818214416,1001,3.9944727420806885,0.001,1,a2c_lr_high_seed1,-0.6461126208305359,9.28300666809082,0.9178480505943298,-0.37070614099502563,4.526826858520508
512,-78.5250473022461,-65.04040818214416,1001,8.199973106384277,0.001,1,a2c_lr_high_seed1,0.3472622334957123,15.707300186157227,0.9394874572753906,0.39058974385261536,5.6054792404174805
512,-78.5250473022461,-65.04040818214416,1001,4.048448085784912,0.001,1,a2c_lr_high_seed1,-0.831170380115509,9.761115074157715,0.9387577772140503,-0.8324391841888428,10.58670711517334
513,-128.07984924316406,-66.66334191322326,1001,5.839206218719482,0.001,1,a2c_lr_high_seed1,0.16882286965847015,11.342559814453125,0.8963626623153687,0.9479994177818298,11.226739883422852
513,-128.07984924316406,-66.66334191322326,1001,8.273721694946289,0.001,1,a2c_lr_high_seed1,-1.0927585363388062,18.734909057617188,0.9743545055389404,-1.335402250289917,16.71159553527832
513,-128.07984924316406,-66.66334191322326,1001,30.2453670501709,0.001,1,a2c_lr_high_seed1,1.0809779167175293,58.330528259277344,0.875412106513977,1.720229983329773,21.718013763427734
513,-128.07984924316406,-66.66334191322326,1001,8.761363983154297,0.001,1,a2c_lr_high_seed1,-1.2169897556304932,19.958526611328125,0.9095578193664551,-0.3653690218925476,6.254570484161377
513,-128.07984924316406,-66.66334191322326,1001,3.8045177459716797,0.001,1,a2c_lr_high_seed1,-0.044400811195373535,7.699687957763672,0.9255809783935547,0.2737671434879303,3.4604694843292236
513,-128.07984924316406,-66.66334191322326,1001,4.158768653869629,0.001,1,a2c_lr_high_seed1,-0.04320806637406349,8.405923843383789,0.9852015376091003,0.2949059009552002,3.2570102214813232
513,-128.07984924316406,-66.66334191322326,1001,7.682754039764404,0.001,1,a2c_lr_high_seed1,-0.3158937990665436,15.999077796936035,0.8913716673851013,0.43988892436027527,5.882818222045898
513,-128.07984924316406,-66.66334191322326,1001,4.666961193084717,0.001,1,a2c_lr_high_seed1,-0.16814783215522766,9.672140121459961,0.9607495665550232,0.22133329510688782,2.284985303878784
513,-128.07984924316406,-66.66334191322326,1001,3.8512067794799805,0.001,1,a2c_lr_high_seed1,-0.1977008581161499,8.099580764770508,0.8827159404754639,0.4380626976490021,4.86792516708374
513,-128.07984924316406,-66.66334191322326,1001,3.886747360229492,0.001,1,a2c_lr_high_seed1,-1.8350383043289185,11.445425987243652,0.927498459815979,-1.5262197256088257,17.69097328186035
513,-128.07984924316406,-66.66334191322326,1001,6.468475341796875,0.001,1,a2c_lr_high_seed1,0.6210526823997498,11.696707725524902,0.9310838580131531,1.174302101135254,13.171768188476562
513,-128.07984924316406,-66.66334191322326,1001,3.7749216556549072,0.001,1,a2c_lr_high_seed1,-0.6041138172149658,8.76002311706543,0.9761794805526733,-0.2881140112876892,3.6181387901306152
513,-128.07984924316406,-66.66334191322326,1001,3.644352436065674,0.001,1,a2c_lr_high_seed1,-1.3725621700286865,10.035706520080566,0.9385585188865662,-1.1732734441757202,13.685582160949707
513,-128.07984924316406,-66.66334191322326,1001,6.435049533843994,0.001,1,a2c_lr_high_seed1,0.16731169819831848,12.537309646606445,0.9169847965240479,0.6781851053237915,7.4389753341674805
514,-103.4414291381836,-69.21087544441224,1001,4.942505359649658,0.001,1,a2c_lr_high_seed1,-1.363863468170166,12.614500999450684,0.8816571831703186,-0.669546365737915,7.1367411613464355
514,-103.4414291381836,-69.21087544441224,1001,6.987524509429932,0.001,1,a2c_lr_high_seed1,-0.8157914876937866,15.60847282409668,0.9203757643699646,-0.2901322841644287,4.381200790405273
514,-103.4414291381836,-69.21087544441224,1001,52.74568557739258,0.001,1,a2c_lr_high_seed1,1.900486707687378,101.69227600097656,0.9386191368103027,3.4259989261627197,41.64057922363281
514,-103.4414291381836,-69.21087544441224,1001,4.329442977905273,0.001,1,a2c_lr_high_seed1,-0.9103817939758301,10.481593132019043,0.9718878269195557,-0.45709046721458435,5.615373611450195
514,-103.4414291381836,-69.21087544441224,1001,2.354457139968872,0.001,1,a2c_lr_high_seed1,-0.7717494964599609,6.254367828369141,0.9772237539291382,-0.3284514248371124,3.8226590156555176
517,-82.1290054321289,-69.98602582931518,1001,10.678695678710938,0.001,1,a2c_lr_high_seed1,0.5972014665603638,20.164756774902344,0.8844075202941895,1.619616985321045,17.438655853271484
517,-82.1290054321289,-69.98602582931518,1001,10.500833511352539,0.001,1,a2c_lr_high_seed1,-0.2798820734024048,21.563051223754883,0.8094979524612427,0.9264853596687317,10.746641159057617
517,-82.1290054321289,-69.98602582931518,1001,4.286948204040527,0.001,1,a2c_lr_high_seed1,-0.011249251663684845,8.598125457763672,0.8654458522796631,0.30690598487854004,3.6822657585144043
518,-86.94503784179688,-71.23594728469848,1001,23.13951301574707,0.001,1,a2c_lr_high_seed1,0.33168482780456543,45.61726379394531,0.8030766248703003,1.1513099670410156,16.802879333496094
518,-86.94503784179688,-71.23594728469848,1001,11.81693172454834,0.001,1,a2c_lr_high_seed1,1.1256446838378906,21.384380340576172,0.9034023880958557,1.78678560256958,21.321577072143555
518,-86.94503784179688,-71.23594728469848,1001,16.558067321777344,0.001,1,a2c_lr_high_seed1,0.6230042576789856,31.871963500976562,0.9184432029724121,1.0345604419708252,12.948352813720703
518,-86.94503784179688,-71.23594728469848,1001,4.772735595703125,0.001,1,a2c_lr_high_seed1,-1.6005793809890747,12.748601913452148,0.9862491488456726,-1.9024709463119507,22.016908645629883
519,-91.52409362792969,-71.34749284744262,1001,4.787286758422852,0.001,1,a2c_lr_high_seed1,-0.3635757565498352,10.303631782531738,0.9534339904785156,-0.33239591121673584,3.880335807800293
519,-91.52409362792969,-71.34749284744262,1001,5.469537734985352,0.001,1,a2c_lr_high_seed1,-0.5420029759407043,12.024874687194824,0.8965556025505066,-0.33598649501800537,3.9492008686065674
520,-112.02082824707031,-73.10826379776,1001,4.676321029663086,0.001,1,a2c_lr_high_seed1,-0.4671630263328552,10.288643836975098,0.8379364013671875,-0.06700554490089417,2.0783557891845703
520,-112.02082824707031,-73.10826379776,1001,4.664492130279541,0.001,1,a2c_lr_high_seed1,-0.004935726523399353,9.340627670288086,0.8859894275665283,0.34856781363487244,4.994266510009766
520,-112.02082824707031,-73.10826379776,1001,6.180344104766846,0.001,1,a2c_lr_high_seed1,-1.0426967144012451,14.447829246520996,0.8741123676300049,-0.37325993180274963,4.765066146850586
521,-62.14875030517578,-73.66042734146119,1001,5.385435581207275,0.001,1,a2c_lr_high_seed1,-0.9136734008789062,12.599976539611816,0.879193127155304,-0.9946200251579285,11.948512077331543
521,-62.14875030517578,-73.66042734146119,1001,6.397502899169922,0.001,1,a2c_lr_high_seed1,-0.8226484060287476,14.442024230957031,0.8607455492019653,-0.7708992958068848,9.724257469177246
521,-62.14875030517578,-73.66042734146119,1001,32.103660583496094,0.001,1,a2c_lr_high_seed1,1.4142578840255737,61.38055419921875,0.8736413717269897,2.612442970275879,33.7322883605957
521,-62.14875030517578,-73.66042734146119,1001,4.360407829284668,0.001,1,a2c_lr_high_seed1,-0.5732541680335999,9.869097709655762,0.8870291113853455,-0.6382583975791931,8.092370986938477
521,-62.14875030517578,-73.66042734146119,1001,4.299757957458496,0.001,1,a2c_lr_high_seed1,-1.337334394454956,11.276060104370117,0.9375795125961304,-1.2826721668243408,15.478278160095215
521,-62.14875030517578,-73.66042734146119,1001,2.7213122844696045,0.001,1,a2c_lr_high_seed1,-1.0768468379974365,7.598098278045654,0.8899222612380981,-0.9489473104476929,11.350075721740723
521,-62.14875030517578,-73.66042734146119,1001,3.119072437286377,0.001,1,a2c_lr_high_seed1,-0.5557634830474854,7.351452827453613,0.8903747797012329,-0.3765885829925537,4.59181547164917
521,-62.14875030517578,-73.66042734146119,1001,2.8478119373321533,0.001,1,a2c_lr_high_seed1,-1.7652899026870728,9.228062629699707,0.9296269416809082,-1.6781126260757446,20.087787628173828
521,-62.14875030517578,-73.66042734146119,1001,3.968310594558716,0.001,1,a2c_lr_high_seed1,-1.2798638343811035,10.498132705688477,0.8919208645820618,-1.1653292179107666,13.93854808807373
521,-62.14875030517578,-73.66042734146119,1001,3.944135904312134,0.001,1,a2c_lr_high_seed1,-1.0344274044036865,9.9591064453125,0.9900074005126953,-0.9875587821006775,11.808106422424316
521,-62.14875030517578,-73.66042734146119,1001,3.40585994720459,0.001,1,a2c_lr_high_seed1,-0.008565086871385574,6.830674648284912,0.9122602939605713,0.32650691270828247,3.7098758220672607
521,-62.14875030517578,-73.66042734146119,1001,2.6596102714538574,0.001,1,a2c_lr_high_seed1,-0.15521720051765442,5.631393909454346,0.8695939183235168,0.21526366472244263,2.7279372215270996
521,-62.14875030517578,-73.66042734146119,1001,4.418388843536377,0.001,1,a2c_lr_high_seed1,-0.3328315019607544,9.5043363571167,0.9481722712516785,-0.22991180419921875,2.695035696029663
521,-62.14875030517578,-73.66042734146119,1001,4.634190559387207,0.001,1,a2c_lr_high_seed1,-1.45681893825531,12.183870315551758,0.9256554245948792,-1.0614877939224243,13.13298511505127
522,-61.447750091552734,-72.8321206855774,1001,4.70145320892334,0.001,1,a2c_lr_high_seed1,0.03872022032737732,9.327348709106445,0.941243052482605,0.3225794732570648,4.669231414794922
522,-61.447750091552734,-72.8321206855774,1001,5.264102935791016,0.001,1,a2c_lr_high_seed1,-1.0962762832641602,12.722635269165039,0.9383794069290161,-0.7722704410552979,10.220947265625
522,-61.447750091552734,-72.8321206855774,1001,3.5630695819854736,0.001,1,a2c_lr_high_seed1,-0.5785830616950989,8.285172462463379,0.9335671067237854,-0.18890893459320068,2.7585980892181396
522,-61.447750091552734,-72.8321206855774,1001,3.8573083877563477,0.001,1,a2c_lr_high_seed1,-0.4510807394981384,8.618508338928223,0.8648794293403625,-0.1116485595703125,1.6783428192138672
522,-61.447750091552734,-72.8321206855774,1001,4.61951208114624,0.001,1,a2c_lr_high_seed1,0.07687652111053467,9.087108612060547,0.9190707206726074,0.499938428401947,6.347671031951904
523,-90.07012939453125,-73.79882349014282,1001,5.761269569396973,0.001,1,a2c_lr_high_seed1,-0.8865072131156921,13.297309875488281,0.8781994581222534,-0.6138486862182617,7.614258289337158
525,-140.2293243408203,-76.6307398223877,1001,12.980729103088379,0.001,1,a2c_lr_high_seed1,-0.5754761099815369,27.114086151123047,0.8385483026504517,0.26738643646240234,3.164015054702759
525,-140.2293243408203,-76.6307398223877,1001,15.296711921691895,0.001,1,a2c_lr_high_seed1,0.6179183125495911,29.359420776367188,0.9161170721054077,1.3971127271652222,18.05617904663086
526,-96.4303970336914,-77.53293273925782,1001,10.273479461669922,0.001,1,a2c_lr_high_seed1,0.8238945007324219,18.900856018066406,0.8434414267539978,1.595191240310669,20.25667953491211
526,-96.4303970336914,-77.53293273925782,1001,9.887231826782227,0.001,1,a2c_lr_high_seed1,-0.050007857382297516,19.87615966796875,0.8402294516563416,0.4516732096672058,6.8274455070495605
526,-96.4303970336914,-77.53293273925782,1001,11.237837791442871,0.001,1,a2c_lr_high_seed1,-0.7853366136550903,24.048137664794922,0.8943706154823303,-0.056226909160614014,3.0575497150421143
526,-96.4303970336914,-77.53293273925782,1001,5.592766761779785,0.001,1,a2c_lr_high_seed1,0.49921518564224243,10.188958168029785,0.9272267818450928,0.9371908903121948,12.062305450439453
527,-117.58495330810547,-78.90826797485352,1001,10.102720260620117,0.001,1,a2c_lr_high_seed1,0.17667266726493835,19.853866577148438,0.8859151005744934,0.8619716167449951,10.31881046295166
527,-117.58495330810547,-78.90826797485352,1001,5.261664390563965,0.001,1,a2c_lr_high_seed1,-0.694511890411377,11.914119720458984,0.88360995054245,-0.4584994316101074,6.517667770385742
528,-103.19406127929688,-80.05688667297363,1001,23.212581634521484,0.001,1,a2c_lr_high_seed1,2.5001461505889893,41.42652893066406,0.8304983377456665,3.7960667610168457,47.35722351074219
528,-103.19406127929688,-80.05688667297363,1001,3.3458690643310547,0.001,1,a2c_lr_high_seed1,-1.5327587127685547,9.758934020996094,0.8392072916030884,-1.4185645580291748,18.001012802124023
528,-103.19406127929688,-80.05688667297363,1001,22.482967376708984,0.001,1,a2c_lr_high_seed1,1.543391466140747,41.880977630615234,0.91291743516922,2.4883816242218018,34.16521072387695
529,-87.96524810791016,-80.79909309387207,1001,9.019366264343262,0.001,1,a2c_lr_high_seed1,1.451819658279419,15.136968612670898,0.937031626701355,1.7104114294052124,22.61398696899414
529,-87.96524810791016,-80.79909309387207,1001,2.9718425273895264,0.001,1,a2c_lr_high_seed1,-0.9508228302001953,7.847133636474609,0.9015024304389954,-0.8249732255935669,10.626888275146484
529,-87.96524810791016,-80.79909309387207,1001,6.541963577270508,0.001,1,a2c_lr_high_seed1,0.0032109320163726807,13.079379081726074,0.9370768070220947,0.13979539275169373,4.234302997589111
529,-87.96524810791016,-80.79909309387207,1001,7.345571994781494,0.001,1,a2c_lr_high_seed1,-0.15173353254795074,14.996418952941895,0.9040747880935669,0.38804444670677185,5.739480972290039
529,-87.96524810791016,-80.79909309387207,1001,3.840926170349121,0.001,1,a2c_lr_high_seed1,-0.8620284795761108,9.407865524291992,0.9779465198516846,-0.7649900913238525,10.059305191040039
529,-87.96524810791016,-80.79909309387207,1001,4.206851959228516,0.001,1,a2c_lr_high_seed1,-1.0399082899093628,10.495415687561035,0.9474279880523682,-0.46520933508872986,5.734985828399658
529,-87.96524810791016,-80.79909309387207,1001,4.075917720794678,0.001,1,a2c_lr_high_seed1,-0.19687503576278687,8.547442436218262,0.9283689260482788,0.08889898657798767,1.3559421300888062
529,-87.96524810791016,-80.79909309387207,1001,3.7397279739379883,0.001,1,a2c_lr_high_seed1,0.4661993682384491,6.548974990844727,0.9589948654174805,0.835282564163208,10.053586959838867
529,-87.96524810791016,-80.79909309387207,1001,3.790658473968506,0.001,1,a2c_lr_high_seed1,-0.795325756072998,9.173663139343262,0.8474100828170776,-0.1585315465927124,3.0464351177215576
529,-87.96524810791016,-80.79909309387207,1001,3.192312240600586,0.001,1,a2c_lr_high_seed1,-0.4579978287220001,7.302438259124756,0.9089951515197754,-0.005798399448394775,0.9257112145423889
529,-87.96524810791016,-80.79909309387207,1001,2.8520774841308594,0.001,1,a2c_lr_high_seed1,-0.9740461111068726,7.654046058654785,0.899344801902771,-0.7438400387763977,9.27739429473877
529,-87.96524810791016,-80.79909309387207,1001,3.3370962142944336,0.001,1,a2c_lr_high_seed1,-1.132150650024414,8.940268516540527,0.8873066306114197,-0.9478871822357178,11.32956314086914
529,-87.96524810791016,-80.79909309387207,1001,5.801243305206299,0.001,1,a2c_lr_high_seed1,-0.08489224314689636,11.774148941040039,0.9389350414276123,0.3078764081001282,3.6548023223876953
529,-87.96524810791016,-80.79909309387207,1001,1.225599765777588,0.001,1,a2c_lr_high_seed1,-0.8588499426841736,4.170775413513184,0.9379162192344666,-0.712279736995697,8.560824394226074
529,-87.96524810791016,-80.79909309387207,1001,5.069526195526123,0.001,1,a2c_lr_high_seed1,-1.077783465385437,12.296375274658203,0.8777393698692322,-0.5989625453948975,7.28700065612793
530,-99.61792755126953,-81.23305686950684,1001,6.843049049377441,0.001,1,a2c_lr_high_seed1,0.07809633016586304,13.531661033630371,0.8776311278343201,0.4978151321411133,5.2308878898620605
530,-99.61792755126953,-81.23305686950684,1001,17.361797332763672,0.001,1,a2c_lr_high_seed1,0.00652766227722168,34.71242141723633,0.9403167366981506,0.8332239389419556,14.984323501586914
530,-99.61792755126953,-81.23305686950684,1001,3.213014841079712,0.001,1,a2c_lr_high_seed1,-0.5789409875869751,7.585760593414307,0.9243103861808777,-0.08639958500862122,1.6763938665390015
530,-99.61792755126953,-81.23305686950684,1001,6.38917875289917,0.001,1,a2c_lr_high_seed1,0.23078393936157227,12.318603515625,0.9069191813468933,0.7815747261047363,8.80609130859375
530,-99.61792755126953,-81.23305686950684,1001,4.3612141609191895,0.001,1,a2c_lr_high_seed1,-1.7168949842453003,12.158089637756348,0.9354611039161682,-1.3116939067840576,15.328058242797852
533,-79.26985168457031,-82.72754196166993,1001,10.02209758758545,0.001,1,a2c_lr_high_seed1,0.7959955930709839,18.453819274902344,0.8073143362998962,2.3160924911499023,27.13319969177246
533,-79.26985168457031,-82.72754196166993,1001,10.506509780883789,0.001,1,a2c_lr_high_seed1,0.6570847034454346,19.70056915283203,0.8595518469810486,1.387063980102539,18.604270935058594
534,-58.236637115478516,-82.03618980407715,1001,20.345834732055664,0.001,1,a2c_lr_high_seed1,1.925325870513916,36.84278106689453,0.881036639213562,2.8367862701416016,36.52967071533203
534,-58.236637115478516,-82.03618980407715,1001,10.552375793457031,0.001,1,a2c_lr_high_seed1,1.1200664043426514,18.86652374267578,0.9525346755981445,1.574345350265503,19.109731674194336
534,-58.236637115478516,-82.03618980407715,1001,7.7851409912109375,0.001,1,a2c_lr_high_seed1,0.7155518531799316,14.140995025634766,0.908466637134552,1.480507493019104,17.475343704223633
534,-58.236637115478516,-82.03618980407715,1001,7.426576137542725,0.001,1,a2c_lr_high_seed1,-0.5352615714073181,15.9254789352417,0.9014970064163208,0.28461936116218567,3.61946964263916
535,-62.19716262817383,-81.31219146728516,1001,5.659456253051758,0.001,1,a2c_lr_high_seed1,-0.14262190461158752,11.605957984924316,0.9009789824485779,0.4712525010108948,5.0514726638793945
535,-62.19716262817383,-81.31219146728516,1001,4.977909088134766,0.001,1,a2c_lr_high_seed1,-0.46614164113998413,10.889866828918457,0.8826199769973755,-0.19383639097213745,3.132293939590454
536,-50.50899887084961,-80.3112931060791,1001,14.655330657958984,0.001,1,a2c_lr_high_seed1,1.5373467206954956,26.23773765563965,0.8847205638885498,2.340853214263916,27.03879165649414
536,-50.50899887084961,-80.3112931060791,1001,8.71121883392334,0.001,1,a2c_lr_high_seed1,0.03587382286787033,17.35243797302246,0.8738279938697815,0.3353050947189331,5.627522945404053
536,-50.50899887084961,-80.3112931060791,1001,21.56055450439453,0.001,1,a2c_lr_high_seed1,0.9924998879432678,41.13791275024414,0.9013475775718689,1.5842103958129883,22.464773178100586
537,-56.22499465942383,-79.58618408203125,1001,5.093263626098633,0.001,1,a2c_lr_high_seed1,-0.28104501962661743,10.75043773651123,0.9101225137710571,-0.01746436581015587,2.313194990158081
537,-56.22499465942383,-79.58618408203125,1001,6.154558181762695,0.001,1,a2c_lr_high_seed1,-0.505580723285675,13.321968078613281,0.8447386622428894,-0.3611026108264923,4.386389255523682
537,-56.22499465942383,-79.58618408203125,1001,17.4781436920166,0.001,1,a2c_lr_high_seed1,0.33098822832107544,34.296112060546875,0.9010642766952515,1.0338337421417236,13.578035354614258
537,-56.22499465942383,-79.58618408203125,1001,4.882067680358887,0.001,1,a2c_lr_high_seed1,0.015618480741977692,9.734609603881836,0.8556632399559021,0.5670256018638611,6.416495323181152
537,-56.22499465942383,-79.58618408203125,1001,2.4198882579803467,0.001,1,a2c_lr_high_seed1,-1.0073959827423096,6.856345176696777,0.8884105086326599,-0.9155535101890564,10.871566772460938
537,-56.22499465942383,-79.58618408203125,1001,2.4385592937469482,0.001,1,a2c_lr_high_seed1,-0.7809369564056396,6.4407782554626465,0.892978847026825,-0.46388575434684753,5.208747386932373
537,-56.22499465942383,-79.58618408203125,1001,5.314283847808838,0.001,1,a2c_lr_high_seed1,-0.7867043018341064,12.203726768493652,0.8751370906829834,-0.2893078327178955,3.2676284313201904
537,-56.22499465942383,-79.58618408203125,1001,2.5885097980499268,0.001,1,a2c_lr_high_seed1,-0.592917799949646,6.36454963684082,0.8471832871437073,-0.2815239429473877,3.4097542762756348
537,-56.22499465942383,-79.58618408203125,1001,3.4634876251220703,0.001,1,a2c_lr_high_seed1,-1.5168585777282715,9.96247386932373,0.8906518816947937,-1.5293755531311035,17.351388931274414
537,-56.22499465942383,-79.58618408203125,1001,3.6604232788085938,0.001,1,a2c_lr_high_seed1,-1.114844799041748,9.552372932434082,0.9183474779129028,-1.192948341369629,13.278742790222168
537,-56.22499465942383,-79.58618408203125,1001,5.032007694244385,0.001,1,a2c_lr_high_seed1,-1.2170826196670532,12.49992847442627,0.8742398023605347,-1.2711806297302246,14.818353652954102
537,-56.22499465942383,-79.58618408203125,1001,2.8152759075164795,0.001,1,a2c_lr_high_seed1,-0.9284387826919556,7.489193439483643,0.881970226764679,-0.8904668092727661,10.195242881774902
537,-56.22499465942383,-79.58618408203125,1001,2.441944122314453,0.001,1,a2c_lr_high_seed1,-0.5205740928649902,5.9269280433654785,0.9458117485046387,-0.6399250626564026,7.434269428253174
537,-56.22499465942383,-79.58618408203125,1001,3.6936163902282715,0.001,1,a2c_lr_high_seed1,-0.9267933368682861,9.242752075195312,0.9663798809051514,-0.8449810743331909,9.96719741821289
537,-56.22499465942383,-79.58618408203125,1001,2.984768867492676,0.001,1,a2c_lr_high_seed1,-1.06296706199646,8.09738826751709,0.9582439661026001,-0.964397132396698,11.292489051818848
538,-55.4655647277832,-79.56704513549805,1001,5.435919761657715,0.001,1,a2c_lr_high_seed1,-0.45138540863990784,11.776384353637695,0.8869464993476868,-0.0592653751373291,2.5036754608154297
538,-55.4655647277832,-79.56704513549805,1001,3.3105039596557617,0.001,1,a2c_lr_high_seed1,-0.7525490522384644,8.128150939941406,1.02226984500885,-0.5634312033653259,6.792374134063721
538,-55.4655647277832,-79.56704513549805,1001,3.4451498985290527,0.001,1,a2c_lr_high_seed1,-1.187450647354126,9.267019271850586,0.9090076684951782,-0.9396662712097168,11.628740310668945
538,-55.4655647277832,-79.56704513549805,1001,2.693598985671997,0.001,1,a2c_lr_high_seed1,-0.49073326587677,6.370560169219971,0.9477762579917908,-0.2681753635406494,3.757718324661255
538,-55.4655647277832,-79.56704513549805,1001,4.173547744750977,0.001,1,a2c_lr_high_seed1,0.7500600218772888,6.848843574523926,0.9340679049491882,1.085024118423462,12.889761924743652
541,-53.691158294677734,-78.21166679382324,1001,8.21684741973877,0.001,1,a2c_lr_high_seed1,0.5682217478752136,15.298965454101562,0.8570235967636108,1.3669127225875854,15.518228530883789
541,-53.691158294677734,-78.21166679382324,1001,9.358729362487793,0.001,1,a2c_lr_high_seed1,0.3700866103172302,17.97898292541504,0.8487589955329895,0.8669354915618896,11.265885353088379
542,-99.66708374023438,-79.07787208557129,1001,19.514257431030273,0.001,1,a2c_lr_high_seed1,1.6313421726226807,35.767669677734375,0.9200454950332642,2.7825660705566406,33.62289810180664
542,-99.66708374023438,-79.07787208557129,1001,6.432233810424805,0.001,1,a2c_lr_high_seed1,0.13558298349380493,12.595108032226562,0.9029924273490906,0.7788551449775696,9.437542915344238
542,-99.66708374023438,-79.07787208557129,1001,9.148045539855957,0.001,1,a2c_lr_high_seed1,0.9219543933868408,16.453994750976562,0.9055407643318176,1.5715267658233643,20.06136703491211
542,-99.66708374023438,-79.07787208557129,1001,17.426555633544922,0.001,1,a2c_lr_high_seed1,0.8134382963180542,33.22823715209961,1.0013799667358398,1.6445494890213013,21.134584426879883
543,-73.62503051757812,-78.7355736541748,1001,7.856085777282715,0.001,1,a2c_lr_high_seed1,-0.4182625710964203,16.55054473876953,0.9241169095039368,0.3845863342285156,3.968216896057129
543,-73.62503051757812,-78.7355736541748,1001,10.237065315246582,0.001,1,a2c_lr_high_seed1,0.400104820728302,19.675758361816406,0.9181737899780273,1.1755865812301636,13.633380889892578
544,-50.39909362792969,-77.95676551818848,1001,9.806358337402344,0.001,1,a2c_lr_high_seed1,0.2470114827156067,19.120580673217773,0.9429941177368164,0.8172325491905212,10.249643325805664
544,-50.39909362792969,-77.95676551818848,1001,8.529397964477539,0.001,1,a2c_lr_high_seed1,-0.01821308583021164,17.0970401763916,0.9089313745498657,0.4372294843196869,5.452561378479004
544,-50.39909362792969,-77.95676551818848,1001,16.453832626342773,0.001,1,a2c_lr_high_seed1,1.1827586889266968,30.54405975341797,0.9546746611595154,2.0901694297790527,25.563390731811523
544,-50.39909362792969,-77.95676551818848,1001,7.436953544616699,0.001,1,a2c_lr_high_seed1,0.07994195818901062,14.715662956237793,0.8198868632316589,0.9459810256958008,11.47232723236084
545,-80.86611938476562,-78.4242950439453,1001,6.637977123260498,0.001,1,a2c_lr_high_seed1,0.05931362509727478,13.159202575683594,0.9378328323364258,0.6572760939598083,9.43374252319336
545,-80.86611938476562,-78.4242950439453,1001,5.385289192199707,0.001,1,a2c_lr_high_seed1,0.6099905967712402,9.552473068237305,0.9378098845481873,1.1813099384307861,13.504325866699219
545,-80.86611938476562,-78.4242950439453,1001,3.205533742904663,0.001,1,a2c_lr_high_seed1,-0.38928988575935364,7.19157075881958,0.9617093801498413,0.007966563105583191,1.6920561790466309
545,-80.86611938476562,-78.4242950439453,1001,3.2505033016204834,0.001,1,a2c_lr_high_seed1,-0.9131039381027222,8.32915210723877,0.9686723947525024,-0.5891373157501221,6.680678367614746
545,-80.86611938476562,-78.4242950439453,1001,2.42620587348938,0.001,1,a2c_lr_high_seed1,-0.9890950918197632,6.832498550415039,0.9482965469360352,-0.5434079766273499,6.639196395874023
545,-80.86611938476562,-78.4242950439453,1001,3.258537769317627,0.001,1,a2c_lr_high_seed1,-1.0893642902374268,8.697667121887207,0.9314241409301758,-0.9694344997406006,11.516040802001953
545,-80.86611938476562,-78.4242950439453,1001,2.5872201919555664,0.001,1,a2c_lr_high_seed1,-0.47290223836898804,6.122033596038818,0.8944215774536133,-0.20907101035118103,2.4141886234283447
545,-80.86611938476562,-78.4242950439453,1001,4.341153144836426,0.001,1,a2c_lr_high_seed1,-0.3277796804904938,9.339836120605469,0.9853761196136475,-0.3932283818721771,4.880679607391357
545,-80.86611938476562,-78.4242950439453,1001,3.2096171379089355,0.001,1,a2c_lr_high_seed1,-1.2762227058410645,8.973628044128418,0.9742376804351807,-1.2906277179718018,14.188497543334961
545,-80.86611938476562,-78.4242950439453,1001,6.778969764709473,0.001,1,a2c_lr_high_seed1,-1.020974040031433,15.601789474487305,0.9505944848060608,-0.9982911348342896,12.484916687011719
545,-80.86611938476562,-78.4242950439453,1001,3.6270241737365723,0.001,1,a2c_lr_high_seed1,-0.8071678876876831,8.870243072509766,0.9292508363723755,-0.5040704011917114,5.679076671600342
545,-80.86611938476562,-78.4242950439453,1001,3.1336493492126465,0.001,1,a2c_lr_high_seed1,-1.512336015701294,9.293797492980957,0.9134262204170227,-1.2402015924453735,14.487000465393066
545,-80.86611938476562,-78.4242950439453,1001,3.6644349098205566,0.001,1,a2c_lr_high_seed1,-0.09656500816345215,7.5238800048828125,0.9400268197059631,0.016190573573112488,1.3159511089324951
545,-80.86611938476562,-78.4242950439453,1001,4.657724857330322,0.001,1,a2c_lr_high_seed1,-0.7602118253707886,10.837797164916992,0.9619072079658508,-0.5681499242782593,6.502688407897949
546,-89.93778228759766,-78.93107009887696,1001,3.777776002883911,0.001,1,a2c_lr_high_seed1,-0.535749077796936,8.628979682922363,0.9649540185928345,-0.4609571397304535,5.700521945953369
546,-89.93778228759766,-78.93107009887696,1001,2.7662100791931152,0.001,1,a2c_lr_high_seed1,-1.2823975086212158,8.099167823791504,0.976386308670044,-1.1314514875411987,13.146323204040527
546,-89.93778228759766,-78.93107009887696,1001,2.6458070278167725,0.001,1,a2c_lr_high_seed1,-1.14609956741333,7.585638999938965,0.9129331111907959,-0.8149209022521973,10.043339729309082
546,-89.93778228759766,-78.93107009887696,1001,3.040738821029663,0.001,1,a2c_lr_high_seed1,-0.31882739067077637,6.721134662628174,1.0010627508163452,-0.16218310594558716,2.804457426071167
546,-89.93778228759766,-78.93107009887696,1001,2.5797722339630127,0.001,1,a2c_lr_high_seed1,-0.41164451837539673,5.9847869873046875,0.9767582416534424,-0.3264886140823364,3.742187261581421
548,-65.36766815185547,-79.03784286499024,1001,12.507466316223145,0.001,1,a2c_lr_high_seed1,1.4147005081176758,22.187355041503906,0.9118207693099976,1.6466203927993774,19.423019409179688
549,-94.8104248046875,-80.05720794677734,1001,6.109130382537842,0.001,1,a2c_lr_high_seed1,-0.6104135513305664,13.440929412841797,0.9207451343536377,-0.0032123178243637085,5.196922302246094
549,-94.8104248046875,-80.05720794677734,1001,11.389310836791992,0.001,1,a2c_lr_high_seed1,0.9950867295265198,20.790380477905273,0.9664813280105591,1.6352849006652832,20.78459930419922
550,-57.63496780395508,-80.20936714172363,1001,11.538917541503906,0.001,1,a2c_lr_high_seed1,0.4463447332382202,22.187170028686523,1.0114647150039673,0.6989662647247314,9.580451965332031
550,-57.63496780395508,-80.20936714172363,1001,15.249494552612305,0.001,1,a2c_lr_high_seed1,1.975669264793396,26.549503326416016,0.9256038069725037,2.702069044113159,35.20830154418945
550,-57.63496780395508,-80.20936714172363,1001,9.833523750305176,0.001,1,a2c_lr_high_seed1,0.1865369975566864,19.29596710205078,0.9969848990440369,0.7276936173439026,9.890057563781738
550,-57.63496780395508,-80.20936714172363,1001,4.719819068908691,0.001,1,a2c_lr_high_seed1,-0.5155091285705566,10.472465515136719,0.9047199487686157,0.07408258318901062,2.9106850624084473
551,-78.37674713134766,-80.37155311584473,1001,9.44137191772461,0.001,1,a2c_lr_high_seed1,0.5462207794189453,17.792104721069336,0.9007910490036011,1.833603858947754,22.01397132873535
551,-78.37674713134766,-80.37155311584473,1001,5.515227794647217,0.001,1,a2c_lr_high_seed1,-1.0697169303894043,13.171869277954102,0.9900981783866882,-0.2922765910625458,4.350204944610596
552,-55.21394729614258,-80.59969924926757,1001,5.5596208572387695,0.001,1,a2c_lr_high_seed1,-0.22028475999832153,11.561638832092285,0.9135618209838867,0.3679763376712799,4.383211612701416
552,-55.21394729614258,-80.59969924926757,1001,13.140806198120117,0.001,1,a2c_lr_high_seed1,0.8951012492179871,24.493242263793945,0.916218101978302,1.9406719207763672,23.38747215270996
552,-55.21394729614258,-80.59969924926757,1001,9.267067909240723,0.001,1,a2c_lr_high_seed1,0.2659642696380615,18.004114151000977,0.9540541768074036,1.0528271198272705,12.913836479187012
553,-72.09362030029297,-80.85943954467774,1001,6.207320213317871,0.001,1,a2c_lr_high_seed1,-0.16170918941497803,12.739860534667969,0.9007371068000793,0.3174551725387573,4.326801300048828
553,-72.09362030029297,-80.85943954467774,1001,7.366672039031982,0.001,1,a2c_lr_high_seed1,0.529817521572113,13.675568580627441,0.9300282001495361,1.1013048887252808,13.624798774719238
553,-72.09362030029297,-80.85943954467774,1001,13.110078811645508,0.001,1,a2c_lr_high_seed1,1.2198641300201416,23.78228187561035,0.9258274435997009,1.6285933256149292,20.61273193359375
553,-72.09362030029297,-80.85943954467774,1001,3.820831060409546,0.001,1,a2c_lr_high_seed1,0.4199436604976654,6.803564548492432,0.8948217034339905,0.8203336000442505,9.098898887634277
553,-72.09362030029297,-80.85943954467774,1001,3.0982754230499268,0.001,1,a2c_lr_high_seed1,-0.7377045154571533,7.673980712890625,1.010421633720398,-0.3858129680156708,4.715231418609619
553,-72.09362030029297,-80.85943954467774,1001,3.062716245651245,0.001,1,a2c_lr_high_seed1,-0.7409067153930664,7.6093316078186035,1.042773723602295,-0.34536081552505493,4.798215866088867
553,-72.09362030029297,-80.85943954467774,1001,6.980147361755371,0.001,1,a2c_lr_high_seed1,-0.546255886554718,15.054697036743164,0.9450482726097107,-0.09108155965805054,2.292966365814209
553,-72.09362030029297,-80.85943954467774,1001,3.84078049659729,0.001,1,a2c_lr_high_seed1,-2.453151226043701,12.589707374572754,0.922080934047699,-1.8779841661453247,21.926145553588867
553,-72.09362030029297,-80.85943954467774,1001,4.716963291168213,0.001,1,a2c_lr_high_seed1,-1.0701617002487183,11.576088905334473,0.9191128015518188,-0.481466680765152,6.0445098876953125
553,-72.09362030029297,-80.85943954467774,1001,4.7942705154418945,0.001,1,a2c_lr_high_seed1,-0.4099085330963135,10.410280227661133,0.9612429141998291,-0.14370384812355042,2.1864068508148193
553,-72.09362030029297,-80.85943954467774,1001,3.5990867614746094,0.001,1,a2c_lr_high_seed1,0.22806623578071594,6.744008541107178,0.9836793541908264,0.638259768486023,7.366486549377441
553,-72.09362030029297,-80.85943954467774,1001,5.311049461364746,0.001,1,a2c_lr_high_seed1,-2.204566478729248,15.033123016357422,0.9456287622451782,-1.5657339096069336,17.86993408203125
553,-72.09362030029297,-80.85943954467774,1001,3.991793394088745,0.001,1,a2c_lr_high_seed1,-1.211300253868103,10.408063888549805,0.938271164894104,-0.8281311988830566,9.724543571472168
553,-72.09362030029297,-80.85943954467774,1001,3.7082886695861816,0.001,1,a2c_lr_high_seed1,-0.1911618411540985,7.8009114265441895,1.005062460899353,-0.06932789832353592,1.7117727994918823
554,-88.2206802368164,-81.65162399291992,1001,5.074309349060059,0.001,1,a2c_lr_high_seed1,-0.8116471767425537,11.773916244506836,1.0012178421020508,-0.5301324725151062,6.140644073486328
554,-88.2206802368164,-81.65162399291992,1001,3.551551580429077,0.001,1,a2c_lr_high_seed1,-1.6568881273269653,10.418842315673828,0.981503963470459,-1.401398777961731,16.305587768554688
554,-88.2206802368164,-81.65162399291992,1001,3.240952253341675,0.001,1,a2c_lr_high_seed1,-1.2085278034210205,8.900850296020508,0.9450069069862366,-0.9575039744377136,11.544390678405762
554,-88.2206802368164,-81.65162399291992,1001,4.7679443359375,0.001,1,a2c_lr_high_seed1,-0.9333577156066895,11.40457534790039,0.9853991866111755,-0.7475317716598511,9.02047348022461
554,-88.2206802368164,-81.65162399291992,1001,2.263150930404663,0.001,1,a2c_lr_high_seed1,-0.786462664604187,6.101194858551025,0.9838773012161255,-0.5497912168502808,7.514150142669678
555,-99.70983123779297,-82.11116485595703,1001,5.237639904022217,0.001,1,a2c_lr_high_seed1,-0.6119860410690308,11.701056480407715,0.9021971225738525,0.05413275957107544,1.8641541004180908
557,-68.49706268310547,-81.9287028503418,1001,7.791636943817139,0.001,1,a2c_lr_high_seed1,-0.22148998081684113,16.027864456176758,0.8051396012306213,0.4576525092124939,5.7115702629089355
557,-68.49706268310547,-81.9287028503418,1001,5.714224338531494,0.001,1,a2c_lr_high_seed1,0.3403576612472534,10.749448776245117,0.8577718138694763,0.5588572025299072,7.216405868530273
558,-38.87883377075195,-80.7351065826416,1001,36.118587493896484,0.001,1,a2c_lr_high_seed1,2.845003843307495,66.54893493652344,0.886503279209137,4.377223968505859,59.55995559692383
558,-38.87883377075195,-80.7351065826416,1001,6.5253472328186035,0.001,1,a2c_lr_high_seed1,-0.6619472503662109,14.376405715942383,0.9085869789123535,-0.05064001679420471,6.651371002197266
558,-38.87883377075195,-80.7351065826416,1001,4.551560401916504,0.001,1,a2c_lr_high_seed1,-0.7534441351890564,10.611762046813965,0.8766114711761475,-0.35975369811058044,4.956023216247559
558,-38.87883377075195,-80.7351065826416,1001,2.723148822784424,0.001,1,a2c_lr_high_seed1,-0.08836296200752258,5.624936103820801,0.9562315940856934,0.14523321390151978,2.455728054046631
559,-96.43429565429688,-80.3176390838623,1001,4.269017696380615,0.001,1,a2c_lr_high_seed1,-0.4041903018951416,9.348188400268555,0.8863484263420105,-0.3514803647994995,7.046644687652588
559,-96.43429565429688,-80.3176390838623,1001,10.156644821166992,0.001,1,a2c_lr_high_seed1,0.9466165900230408,18.42183494567871,0.889199435710907,1.6245958805084229,21.1812744140625
560,-76.2840576171875,-80.42068412780762,1001,8.35112476348877,0.001,1,a2c_lr_high_seed1,0.0070157647132873535,16.690048217773438,0.9158150553703308,0.3715322017669678,5.598359107971191
560,-76.2840576171875,-80.42068412780762,1001,3.7966508865356445,0.001,1,a2c_lr_high_seed1,-0.3803916275501251,8.355704307556152,0.8097156882286072,0.05055442452430725,2.984196424484253
560,-76.2840576171875,-80.42068412780762,1001,7.279605865478516,0.001,1,a2c_lr_high_seed1,0.8165925145149231,12.927807807922363,0.8907860517501831,1.1324589252471924,14.78705883026123
561,-68.38249206542969,-80.42909004211425,1001,20.179052352905273,0.001,1,a2c_lr_high_seed1,1.1378350257873535,38.08412170410156,0.8422197699546814,2.1472649574279785,28.81426239013672
561,-68.38249206542969,-80.42909004211425,1001,2.846933126449585,0.001,1,a2c_lr_high_seed1,-0.488490492105484,6.672672271728516,0.9124218821525574,-0.1978732943534851,3.1672239303588867
561,-68.38249206542969,-80.42909004211425,1001,3.9309568405151367,0.001,1,a2c_lr_high_seed1,-1.187652349472046,10.238912582397461,0.8470193147659302,-0.8581945300102234,10.822040557861328
561,-68.38249206542969,-80.42909004211425,1001,3.1251261234283447,0.001,1,a2c_lr_high_seed1,0.21295642852783203,5.826204776763916,0.932792067527771,0.36829668283462524,4.727199077606201
561,-68.38249206542969,-80.42909004211425,1001,3.1536030769348145,0.001,1,a2c_lr_high_seed1,-1.5750044584274292,9.458946228027344,0.865420401096344,-1.530141830444336,19.105369567871094
561,-68.38249206542969,-80.42909004211425,1001,3.3692779541015625,0.001,1,a2c_lr_high_seed1,-0.19785313308238983,7.136178016662598,0.9580438733100891,-0.07187329232692719,2.009471893310547
561,-68.38249206542969,-80.42909004211425,1001,2.2038633823394775,0.001,1,a2c_lr_high_seed1,-1.3006162643432617,7.010797500610352,0.9191727638244629,-1.1886382102966309,15.355130195617676
561,-68.38249206542969,-80.42909004211425,1001,3.5085432529449463,0.001,1,a2c_lr_high_seed1,-0.5831253528594971,8.185076713562012,0.8697210550308228,-0.5588272213935852,7.4576897621154785
561,-68.38249206542969,-80.42909004211425,1001,4.785372257232666,0.001,1,a2c_lr_high_seed1,-1.1172243356704712,11.806957244873047,0.8823198080062866,-1.2101497650146484,15.634838104248047
561,-68.38249206542969,-80.42909004211425,1001,3.8149771690368652,0.001,1,a2c_lr_high_seed1,-0.49181440472602844,8.615324974060059,0.8709273934364319,-0.40484100580215454,6.6136393547058105
561,-68.38249206542969,-80.42909004211425,1001,2.244629383087158,0.001,1,a2c_lr_high_seed1,0.1500418335199356,4.190958023071289,0.8913993835449219,0.3971244990825653,5.131564140319824
561,-68.38249206542969,-80.42909004211425,1001,1.939474105834961,0.001,1,a2c_lr_high_seed1,-0.8524594902992249,5.58573055267334,0.9316805601119995,-0.7278060913085938,9.002375602722168
561,-68.38249206542969,-80.42909004211425,1001,4.170677185058594,0.001,1,a2c_lr_high_seed1,-0.24299395084381104,8.829202651977539,0.9302800893783569,0.10100463032722473,4.929781436920166
561,-68.38249206542969,-80.42909004211425,1001,2.649946451187134,0.001,1,a2c_lr_high_seed1,-1.182572603225708,7.666937351226807,0.9497313499450684,-1.133748173713684,14.51246166229248
561,-68.38249206542969,-80.42909004211425,1001,3.8268797397613525,0.001,1,a2c_lr_high_seed1,-0.8019638061523438,9.25963306427002,0.9729974269866943,-0.5568841695785522,7.73696756362915
562,-124.33209228515625,-81.34523094177246,1001,4.520778179168701,0.001,1,a2c_lr_high_seed1,-0.6878317594528198,10.419004440307617,0.8922909498214722,-0.5729971528053284,7.504386901855469
562,-124.33209228515625,-81.34523094177246,1001,15.267900466918945,0.001,1,a2c_lr_high_seed1,1.4986510276794434,27.540346145629883,0.9234368801116943,1.9730253219604492,26.741544723510742
562,-124.33209228515625,-81.34523094177246,1001,2.6560022830963135,0.001,1,a2c_lr_high_seed1,-0.713127613067627,6.740011692047119,0.8759229779243469,-0.2910310924053192,4.199831485748291
562,-124.33209228515625,-81.34523094177246,1001,3.9172987937927246,0.001,1,a2c_lr_high_seed1,-1.5374531745910645,10.911418914794922,0.9575120806694031,-1.3152008056640625,16.800443649291992
562,-124.33209228515625,-81.34523094177246,1001,5.582165241241455,0.001,1,a2c_lr_high_seed1,0.811354398727417,9.543299674987793,0.8385302424430847,1.1597421169281006,14.065535545349121
565,-89.24118041992188,-81.24256149291992,1001,8.092390060424805,0.001,1,a2c_lr_high_seed1,1.1379162073135376,13.910634994506836,0.8435976505279541,1.6914680004119873,20.72924041748047
565,-89.24118041992188,-81.24256149291992,1001,12.275237083435059,0.001,1,a2c_lr_high_seed1,0.855064332485199,22.842092514038086,0.8731551766395569,1.2730891704559326,19.148393630981445
566,-103.05381774902344,-81.79068450927734,1001,11.936479568481445,0.001,1,a2c_lr_high_seed1,1.5855638980865479,20.703598022460938,0.8831121921539307,1.9806838035583496,25.90948486328125
566,-103.05381774902344,-81.79068450927734,1001,8.113706588745117,0.001,1,a2c_lr_high_seed1,-0.9910921454429626,18.211471557617188,0.9376376867294312,-0.32229870557785034,5.710307598114014
566,-103.05381774902344,-81.79068450927734,1001,17.297571182250977,0.001,1,a2c_lr_high_seed1,1.5546061992645264,31.48784828186035,0.9590438604354858,2.4111227989196777,31.176025390625
566,-103.05381774902344,-81.79068450927734,1001,4.561007022857666,0.001,1,a2c_lr_high_seed1,-0.6958277821540833,10.515637397766113,0.9835046529769897,-0.13098040223121643,6.158838748931885
567,-73.87907409667969,-81.62568588256836,1001,5.446643829345703,0.001,1,a2c_lr_high_seed1,-0.35687756538391113,11.608768463134766,0.8630729913711548,0.36178213357925415,4.296008110046387
567,-73.87907409667969,-81.62568588256836,1001,7.606751918792725,0.001,1,a2c_lr_high_seed1,0.19387227296829224,14.827465057373047,0.8532984256744385,1.4222270250320435,17.295269012451172
568,-60.04018020629883,-81.0875887298584,1001,10.141946792602539,0.001,1,a2c_lr_high_seed1,0.9024043679237366,18.480873107910156,0.894421398639679,1.779585361480713,22.399747848510742
568,-60.04018020629883,-81.0875887298584,1001,6.2519426345825195,0.001,1,a2c_lr_high_seed1,0.2146429419517517,12.076458930969238,0.9298220276832581,0.7696716785430908,9.89960765838623
568,-60.04018020629883,-81.0875887298584,1001,8.359769821166992,0.001,1,a2c_lr_high_seed1,0.38686174154281616,15.947697639465332,0.9407503604888916,1.242234230041504,16.284982681274414
568,-60.04018020629883,-81.0875887298584,1001,8.663755416870117,0.001,1,a2c_lr_high_seed1,1.028106451034546,15.273136138916016,0.9190442562103271,1.5528079271316528,19.668088912963867
569,-55.453853607177734,-80.36618392944337,1001,5.758394718170166,0.001,1,a2c_lr_high_seed1,-0.8635226488113403,13.24545669555664,0.8111191987991333,-0.22895526885986328,6.0617241859436035
569,-55.453853607177734,-80.36618392944337,1001,9.711249351501465,0.001,1,a2c_lr_high_seed1,-0.3690268099308014,20.162267684936523,0.8569902181625366,-0.21845604479312897,6.099175453186035
569,-55.453853607177734,-80.36618392944337,1001,17.440509796142578,0.001,1,a2c_lr_high_seed1,1.0030838251113892,32.876773834228516,0.9604965448379517,1.6959033012390137,23.74428367614746
569,-55.453853607177734,-80.36618392944337,1001,5.871488571166992,0.001,1,a2c_lr_high_seed1,-0.6554715633392334,13.055667877197266,0.8737885355949402,-0.38761624693870544,6.474236488342285
569,-55.453853607177734,-80.36618392944337,1001,6.039374828338623,0.001,1,a2c_lr_high_seed1,0.7517168521881104,10.577083587646484,0.8835511207580566,1.1020638942718506,13.71390151977539
569,-55.453853607177734,-80.36618392944337,1001,1.7063754796981812,0.001,1,a2c_lr_high_seed1,-1.2430764436721802,5.900773048400879,0.9346510767936707,-1.2350231409072876,14.98582935333252
569,-55.453853607177734,-80.36618392944337,1001,2.6971144676208496,0.001,1,a2c_lr_high_seed1,-0.5117183923721313,6.419501304626465,0.9179154634475708,-0.23980258405208588,4.354126453399658
569,-55.453853607177734,-80.36618392944337,1001,3.5482609272003174,0.001,1,a2c_lr_high_seed1,0.4526363015174866,6.192978858947754,0.8647646903991699,1.0235633850097656,12.114372253417969
569,-55.453853607177734,-80.36618392944337,1001,2.0358433723449707,0.001,1,a2c_lr_high_seed1,-1.1701099872589111,6.413850784301758,0.972144603729248,-1.1428394317626953,13.367673873901367
569,-55.453853607177734,-80.36618392944337,1001,4.418677806854248,0.001,1,a2c_lr_high_seed1,-1.708804726600647,12.256819725036621,0.927228569984436,-1.794033408164978,22.34759521484375
570,-101.22090148925781,-80.1501853942871,324,65.92445373535156,0.001,1,a2c_lr_high_seed1,-2.395122766494751,136.640869140625,0.8536472916603088,-2.6211659908294678,35.608192443847656
570,-101.22090148925781,-80.1501853942871,324,10.236239433288574,0.001,1,a2c_lr_high_seed1,0.33737337589263916,19.799530029296875,0.8994569182395935,0.8269450664520264,12.016640663146973
570,-101.22090148925781,-80.1501853942871,324,5.99970817565918,0.001,1,a2c_lr_high_seed1,-0.007317733019590378,12.015865325927734,0.9071357846260071,0.4874672293663025,7.571715831756592
570,-101.22090148925781,-80.1501853942871,324,2.8968300819396973,0.001,1,a2c_lr_high_seed1,-0.8832964897155762,7.561921119689941,0.8339982032775879,-0.5597282648086548,6.69671630859375
571,-40.37642288208008,-79.7147388458252,1001,7.0836567878723145,0.001,1,a2c_lr_high_seed1,0.11279717087745667,13.943647384643555,0.9640189409255981,0.5014398097991943,6.152609825134277
571,-40.37642288208008,-79.7147388458252,1001,2.1699318885803223,0.001,1,a2c_lr_high_seed1,-1.7508528232574463,7.843282699584961,0.8566416501998901,-1.3852450847625732,16.851526260375977
571,-40.37642288208008,-79.7147388458252,1001,4.03024435043335,0.001,1,a2c_lr_high_seed1,-0.6601097583770752,9.382524490356445,0.9084188938140869,-0.42368412017822266,6.1214118003845215
571,-40.37642288208008,-79.7147388458252,1001,4.41472864151001,0.001,1,a2c_lr_high_seed1,-0.1457483172416687,9.12270736694336,0.8771282434463501,0.33811426162719727,4.397138595581055
571,-40.37642288208008,-79.7147388458252,1001,3.362182140350342,0.001,1,a2c_lr_high_seed1,-2.130420446395874,10.986871719360352,0.8332378268241882,-1.7667156457901,20.434968948364258
574,-80.4761734008789,-79.70067611694336,1001,12.780718803405762,0.001,1,a2c_lr_high_seed1,0.7935260534286499,23.976104736328125,0.8597228527069092,1.5300768613815308,20.386024475097656
574,-80.4761734008789,-79.70067611694336,1001,8.641678810119629,0.001,1,a2c_lr_high_seed1,1.125616431236267,15.033746719360352,0.810477614402771,1.6732821464538574,22.4399471282959
575,-62.23545837402344,-78.14079879760742,1001,6.555413246154785,0.001,1,a2c_lr_high_seed1,0.6425215005874634,11.827667236328125,0.941977858543396,0.9159630537033081,11.190497398376465
575,-62.23545837402344,-78.14079879760742,1001,6.077986717224121,0.001,1,a2c_lr_high_seed1,-0.8480295538902283,13.853713989257812,0.8405306935310364,-0.36687809228897095,6.1282267570495605
575,-62.23545837402344,-78.14079879760742,1001,6.132378578186035,0.001,1,a2c_lr_high_seed1,-0.062184691429138184,12.390849113464355,0.8613877296447754,0.3634798228740692,6.495995998382568
575,-62.23545837402344,-78.14079879760742,1001,2.0840132236480713,0.001,1,a2c_lr_high_seed1,-0.8532716035842896,5.876279354095459,0.8547981977462769,-0.887452244758606,11.504287719726562
575,-62.23545837402344,-78.14079879760742,1001,4.247665882110596,0.001,1,a2c_lr_high_seed1,-2.2226948738098145,12.942394256591797,0.8361882567405701,-2.406026601791382,30.613887786865234
576,-64.43350219726562,-77.5008609008789,1001,4.129547119140625,0.001,1,a2c_lr_high_seed1,-0.5715141296386719,9.403743743896484,0.8108046650886536,-0.9622716903686523,12.354905128479004
576,-64.43350219726562,-77.5008609008789,1001,3.1850059032440186,0.001,1,a2c_lr_high_seed1,-0.237082839012146,6.846019268035889,0.9211293458938599,-0.3103659451007843,4.1694512367248535
577,-98.84957122802734,-77.12615325927734,1001,5.314284324645996,0.001,1,a2c_lr_high_seed1,-1.2416961193084717,13.113609313964844,0.8239297866821289,-1.679330825805664,22.689359664916992
577,-98.84957122802734,-77.12615325927734,1001,6.799548625946045,0.001,1,a2c_lr_high_seed1,1.0952390432357788,11.410346031188965,0.8633630275726318,1.2476085424423218,18.502832412719727
577,-98.84957122802734,-77.12615325927734,1001,11.454419136047363,0.001,1,a2c_lr_high_seed1,0.15682916343212128,22.59687042236328,0.8448683023452759,0.35169586539268494,7.953725337982178
577,-98.84957122802734,-77.12615325927734,1001,2.533001661300659,0.001,1,a2c_lr_high_seed1,-0.9607078433036804,6.98906946182251,0.8252036571502686,-0.8721780776977539,11.704644203186035
577,-98.84957122802734,-77.12615325927734,1001,4.027829647064209,0.001,1,a2c_lr_high_seed1,-1.225590705871582,10.508596420288086,0.8778777718544006,-1.4263079166412354,19.071420669555664
577,-98.84957122802734,-77.12615325927734,1001,2.324131488800049,0.001,1,a2c_lr_high_seed1,-0.18455436825752258,5.019143104553223,0.8857197761535645,0.019293569028377533,1.5709972381591797
577,-98.84957122802734,-77.12615325927734,1001,4.973991394042969,0.001,1,a2c_lr_high_seed1,-1.0433508157730103,12.036392211914062,0.8541683554649353,-0.807476282119751,11.999658584594727
577,-98.84957122802734,-77.12615325927734,1001,5.740627288818359,0.001,1,a2c_lr_high_seed1,0.25254642963409424,10.977936744689941,0.8873351812362671,0.7477427124977112,11.13687515258789
577,-98.84957122802734,-77.12615325927734,1001,2.9222536087036133,0.001,1,a2c_lr_high_seed1,-2.02756404876709,9.901453018188477,0.9088085889816284,-2.014414072036743,27.514875411987305
577,-98.84957122802734,-77.12615325927734,1001,3.5888357162475586,0.001,1,a2c_lr_high_seed1,-0.02721225470304489,7.233899116516113,0.9015939235687256,0.43144938349723816,6.491618633270264
577,-98.84957122802734,-77.12615325927734,1001,3.178168296813965,0.001,1,a2c_lr_high_seed1,-0.3298204839229584,7.017606735229492,0.8147638440132141,-0.036912426352500916,1.4954723119735718
577,-98.84957122802734,-77.12615325927734,1001,4.066605567932129,0.001,1,a2c_lr_high_seed1,-0.025382302701473236,8.185746192932129,0.8850644826889038,0.47355806827545166,6.098108291625977
577,-98.84957122802734,-77.12615325927734,1001,1.292044997215271,0.001,1,a2c_lr_high_seed1,-0.9809085130691528,4.547569274902344,0.8310704231262207,-0.3777012825012207,5.551419258117676
578,-97.21729278564453,-77.0066178894043,1001,5.069455623626709,0.001,1,a2c_lr_high_seed1,0.024506181478500366,10.091584205627441,0.842729926109314,0.5573814511299133,7.268799304962158
578,-97.21729278564453,-77.0066178894043,1001,3.6063661575317383,0.001,1,a2c_lr_high_seed1,-1.3120207786560059,9.83845043182373,0.8382086157798767,-0.9978232979774475,12.957704544067383
578,-97.21729278564453,-77.0066178894043,1001,10.595130920410156,0.001,1,a2c_lr_high_seed1,1.207416296005249,18.77717399597168,0.8728708028793335,1.7318415641784668,23.391803741455078
578,-97.21729278564453,-77.0066178894043,1001,3.6495094299316406,0.001,1,a2c_lr_high_seed1,-0.11381754279136658,7.528402328491211,0.8741689920425415,0.24307122826576233,3.43965744972229
579,-117.9521255493164,-77.60635543823243,1001,7.2702317237854,0.001,1,a2c_lr_high_seed1,0.011998176574707031,14.518180847167969,0.856881320476532,0.5167480707168579,7.145287036895752
579,-117.9521255493164,-77.60635543823243,1001,3.1250064373016357,0.001,1,a2c_lr_high_seed1,-1.186299443244934,8.624326705932617,0.8576161861419678,-1.1416292190551758,15.754989624023438
579,-117.9521255493164,-77.60635543823243,1001,7.7548723220825195,0.001,1,a2c_lr_high_seed1,0.7767735123634338,13.957864761352539,0.8336604237556458,1.169482946395874,16.70816421508789
579,-117.9521255493164,-77.60635543823243,1001,4.036572456359863,0.001,1,a2c_lr_high_seed1,-0.26641222834587097,8.607736587524414,0.8835578560829163,-0.21738147735595703,3.0272257328033447
579,-117.9521255493164,-77.60635543823243,1001,2.5271189212799072,0.001,1,a2c_lr_high_seed1,-1.0737677812576294,7.203481674194336,0.8543055653572083,-1.1519782543182373,15.874589920043945
581,-131.091552734375,-77.8348321533203,1001,8.959148406982422,0.001,1,a2c_lr_high_seed1,0.6952930688858032,16.529338836669922,0.8145257234573364,1.0425246953964233,15.050456047058105
582,-100.96603393554688,-78.24526504516602,1001,6.398521423339844,0.001,1,a2c_lr_high_seed1,-0.7525402307510376,14.303593635559082,0.7353526949882507,-1.070388674736023,14.388887405395508
582,-100.96603393554688,-78.24526504516602,1001,18.71771812438965,0.001,1,a2c_lr_high_seed1,1.8084203004837036,33.8203010559082,0.8519344925880432,2.570805549621582,35.02067184448242
583,-136.81317138671875,-79.39613143920899,1001,22.799728393554688,0.001,1,a2c_lr_high_seed1,2.1003072261810303,41.40049362182617,0.8257449865341187,2.369098424911499,32.19521713256836
583,-136.81317138671875,-79.39613143920899,1001,8.051379203796387,0.001,1,a2c_lr_high_seed1,-0.03355547785758972,16.171730041503906,0.9311492443084717,-0.3413478136062622,10.366743087768555
583,-136.81317138671875,-79.39613143920899,1001,6.327953338623047,0.001,1,a2c_lr_high_seed1,-0.3975135087966919,13.452725410461426,0.8961678147315979,-0.25575876235961914,4.835799217224121
583,-136.81317138671875,-79.39613143920899,1001,7.016458988189697,0.001,1,a2c_lr_high_seed1,0.48543548583984375,13.063796997070312,0.8751051425933838,0.47720304131507874,8.53823184967041
584,-130.12144470214844,-80.83382759094238,1001,7.118817329406738,0.001,1,a2c_lr_high_seed1,-1.6488714218139648,17.537071228027344,0.8467927575111389,-2.044450044631958,28.418615341186523
584,-130.12144470214844,-80.83382759094238,1001,16.168598175048828,0.001,1,a2c_lr_high_seed1,1.2031331062316895,29.932619094848633,0.8450755476951599,1.9286212921142578,25.748018264770508
585,-99.357666015625,-81.57703765869141,1001,11.072196006774902,0.001,1,a2c_lr_high_seed1,0.6367477774620056,20.87250518798828,0.8035087585449219,0.9972866773605347,12.158539772033691
585,-99.357666015625,-81.57703765869141,1001,4.654017448425293,0.001,1,a2c_lr_high_seed1,-0.2796160578727722,9.86897087097168,0.852118194103241,0.23404066264629364,4.234961986541748
585,-99.357666015625,-81.57703765869141,1001,4.96446418762207,0.001,1,a2c_lr_high_seed1,0.2980491518974304,9.334663391113281,0.9166205525398254,0.5120079517364502,6.868471145629883
585,-99.357666015625,-81.57703765869141,1001,4.014273643493652,0.001,1,a2c_lr_high_seed1,0.05020305514335632,7.929866790771484,0.8624984622001648,0.5100967884063721,6.675508499145508
585,-99.357666015625,-81.57703765869141,1001,5.09663724899292,0.001,1,a2c_lr_high_seed1,-1.4852116107940674,13.165353775024414,0.8283542394638062,-1.3644826412200928,18.684823989868164
585,-99.357666015625,-81.57703765869141,1001,4.322595119476318,0.001,1,a2c_lr_high_seed1,-0.053673744201660156,8.75422477722168,0.8437175750732422,0.30295270681381226,4.456357479095459
585,-99.357666015625,-81.57703765869141,1001,3.867741107940674,0.001,1,a2c_lr_high_seed1,-0.6104378700256348,8.958041191101074,0.841724693775177,-0.15910661220550537,3.516847848892212
585,-99.357666015625,-81.57703765869141,1001,5.0651679039001465,0.001,1,a2c_lr_high_seed1,0.39033591747283936,9.351390838623047,0.8635624647140503,0.9720485210418701,11.97946548461914
585,-99.357666015625,-81.57703765869141,1001,2.315054178237915,0.001,1,a2c_lr_high_seed1,-1.510579228401184,7.652946472167969,0.8400118350982666,-1.1427252292633057,16.31770133972168
585,-99.357666015625,-81.57703765869141,1001,3.6187026500701904,0.001,1,a2c_lr_high_seed1,-0.06685571372509003,7.372814178466797,0.8487977981567383,0.16091369092464447,4.7752227783203125
585,-99.357666015625,-81.57703765869141,1001,1.5302865505218506,0.001,1,a2c_lr_high_seed1,-0.4457472562789917,3.953824996948242,0.8786709904670715,-0.13059723377227783,1.8517732620239258
585,-99.357666015625,-81.57703765869141,1001,3.4390151500701904,0.001,1,a2c_lr_high_seed1,-0.941036581993103,8.761876106262207,0.8861756920814514,-0.8412536978721619,10.48914909362793
585,-99.357666015625,-81.57703765869141,1001,8.916243553161621,0.001,1,a2c_lr_high_seed1,0.34774330258369446,17.138717651367188,0.8579311966896057,0.4349425137042999,7.434876918792725
586,-96.53254699707031,-82.49750862121581,1001,6.650622844696045,0.001,1,a2c_lr_high_seed1,-0.43405622243881226,14.17099666595459,0.8191855549812317,0.3370617628097534,5.1533942222595215
586,-96.53254699707031,-82.49750862121581,1001,6.544833660125732,0.001,1,a2c_lr_high_seed1,0.5389360189437866,12.013493537902832,0.8492405414581299,1.2076835632324219,14.722431182861328
586,-96.53254699707031,-82.49750862121581,1001,12.161603927612305,0.001,1,a2c_lr_high_seed1,0.21017524600028992,23.904571533203125,0.8569986820220947,0.7781313061714172,12.723382949829102
586,-96.53254699707031,-82.49750862121581,1001,4.258334159851074,0.001,1,a2c_lr_high_seed1,0.03885526955127716,8.440671920776367,0.8570493459701538,0.4837557077407837,5.685341835021973
586,-96.53254699707031,-82.49750862121581,1001,1.3552618026733398,0.001,1,a2c_lr_high_seed1,-1.3318536281585693,5.376042366027832,0.9057226777076721,-1.1121530532836914,13.762107849121094
587,-106.74348449707031,-83.50787841796875,1001,4.688490390777588,0.001,1,a2c_lr_high_seed1,-0.5924026966094971,10.563556671142578,0.8855496048927307,-0.16003665328025818,2.6411523818969727
587,-106.74348449707031,-83.50787841796875,1001,2.952502489089966,0.001,1,a2c_lr_high_seed1,0.15773646533489227,5.59126615524292,0.8670324683189392,0.5977564454078674,7.958249568939209
587,-106.74348449707031,-83.50787841796875,1001,8.364638328552246,0.001,1,a2c_lr_high_seed1,0.06613647937774658,16.598739624023438,0.8678646683692932,0.48185527324676514,6.811417579650879
587,-106.74348449707031,-83.50787841796875,1001,4.8029584884643555,0.001,1,a2c_lr_high_seed1,0.2684295177459717,9.070718765258789,0.8304696679115295,0.7449450492858887,8.59715747833252
587,-106.74348449707031,-83.50787841796875,1001,4.2861223220825195,0.001,1,a2c_lr_high_seed1,-0.5210041999816895,9.616002082824707,0.8747447729110718,-0.38864243030548096,5.606866359710693
590,-64.22765350341797,-83.42758537292481,1001,5.671966552734375,0.001,1,a2c_lr_high_seed1,-0.03280976414680481,11.411211967468262,0.8295526504516602,0.28088465332984924,4.640456676483154
590,-64.22765350341797,-83.42758537292481,1001,6.945446968078613,0.001,1,a2c_lr_high_seed1,0.8098230361938477,12.27308464050293,0.9183053970336914,1.3178445100784302,15.7283935546875
591,-93.16925811767578,-84.21714736938476,1001,7.969666957855225,0.001,1,a2c_lr_high_seed1,0.6345842480659485,14.671870231628418,0.8527985215187073,1.4171373844146729,16.889068603515625
591,-93.16925811767578,-84.21714736938476,1001,4.109639644622803,0.001,1,a2c_lr_high_seed1,0.21261066198349,7.795799255371094,0.8706510066986084,0.7774035930633545,9.55367374420166
591,-93.16925811767578,-84.21714736938476,1001,3.3337514400482178,0.001,1,a2c_lr_high_seed1,-0.777085542678833,8.223366737365723,0.8463343381881714,-0.30361002683639526,3.8472177982330322
591,-93.16925811767578,-84.21714736938476,1001,4.71269416809082,0.001,1,a2c_lr_high_seed1,-0.771159291267395,10.969390869140625,0.8421183824539185,0.04212075099349022,2.685177803039551
592,-53.263572692871094,-83.2890771484375,1001,8.96634292602539,0.001,1,a2c_lr_high_seed1,0.6658018827438354,16.602705001831055,0.8114701509475708,1.325353980064392,16.992263793945312
592,-53.263572692871094,-83.2890771484375,1001,2.267702579498291,0.001,1,a2c_lr_high_seed1,-0.5733888745307922,5.683894157409668,0.8556228876113892,-0.1902129054069519,2.726832628250122
593,-68.6395492553711,-83.18936752319335,1001,4.187072277069092,0.001,1,a2c_lr_high_seed1,-1.078138828277588,10.532197952270508,0.8879109025001526,-0.8565050363540649,11.267851829528809
593,-68.6395492553711,-83.18936752319335,1001,4.526581287384033,0.001,1,a2c_lr_high_seed1,-0.30695122480392456,9.66866397857666,0.7995470762252808,0.28321075439453125,3.512946367263794
593,-68.6395492553711,-83.18936752319335,1001,5.3054518699646,0.001,1,a2c_lr_high_seed1,-1.1139930486679077,12.840530395507812,0.8201095461845398,-0.9224098324775696,11.515121459960938
593,-68.6395492553711,-83.18936752319335,1001,8.982626914978027,0.001,1,a2c_lr_high_seed1,0.5807804465293884,16.805482864379883,0.8942663073539734,1.286698341369629,16.376266479492188
593,-68.6395492553711,-83.18936752319335,1001,3.381765842437744,0.001,1,a2c_lr_high_seed1,0.12335987389087677,6.518671035766602,0.9294944405555725,0.44128990173339844,5.352336406707764
593,-68.6395492553711,-83.18936752319335,1001,1.8274130821228027,0.001,1,a2c_lr_high_seed1,-0.5996484756469727,4.855918884277344,0.8978534936904907,-0.46954241394996643,5.430135250091553
593,-68.6395492553711,-83.18936752319335,1001,2.754868507385254,0.001,1,a2c_lr_high_seed1,-0.9139828085899353,7.339526176452637,0.9116912484169006,-0.7788782119750977,8.996050834655762
593,-68.6395492553711,-83.18936752319335,1001,2.189182758331299,0.001,1,a2c_lr_high_seed1,-0.9649403095245361,6.310073375701904,0.9137079119682312,-0.9155727028846741,10.45872688293457
593,-68.6395492553711,-83.18936752319335,1001,2.9484734535217285,0.001,1,a2c_lr_high_seed1,-0.11649562418460846,6.131686687469482,0.8742893934249878,0.11382666230201721,1.792833685874939
593,-68.6395492553711,-83.18936752319335,1001,2.1993794441223145,0.001,1,a2c_lr_high_seed1,-0.861920952796936,6.124377250671387,0.8884491324424744,-0.6601577997207642,7.6570658683776855
593,-68.6395492553711,-83.18936752319335,1001,1.5599546432495117,0.001,1,a2c_lr_high_seed1,-0.9780312180519104,5.077629089355469,0.8287100195884705,-0.6061909794807434,6.900008201599121
593,-68.6395492553711,-83.18936752319335,1001,1.672332763671875,0.001,1,a2c_lr_high_seed1,-0.691766083240509,4.729955673217773,0.8790287375450134,-0.4709169268608093,5.691770076751709
593,-68.6395492553711,-83.18936752319335,1001,3.1241703033447266,0.001,1,a2c_lr_high_seed1,-1.0649160146713257,8.379951477050781,0.8893665075302124,-0.9107527732849121,10.994927406311035
594,-72.11554718017578,-83.62369659423828,1001,3.957087278366089,0.001,1,a2c_lr_high_seed1,-0.5079613327980042,8.93200969696045,0.9563806653022766,-0.43580880761146545,4.942863941192627
594,-72.11554718017578,-83.62369659423828,1001,2.247530937194824,0.001,1,a2c_lr_high_seed1,-0.41429638862609863,5.325262546539307,0.8038458824157715,-0.1631389856338501,2.0170586109161377
594,-72.11554718017578,-83.62369659423828,1001,2.113151788711548,0.001,1,a2c_lr_high_seed1,-0.7414841651916504,5.711097717285156,0.912818431854248,-0.7761752605438232,9.461081504821777
594,-72.11554718017578,-83.62369659423828,1001,6.305983543395996,0.001,1,a2c_lr_high_seed1,-0.8876229524612427,14.388971328735352,0.8792042136192322,-0.9268965721130371,10.608474731445312
594,-72.11554718017578,-83.62369659423828,1001,3.4245810508728027,0.001,1,a2c_lr_high_seed1,-0.8010642528533936,8.45317268371582,0.9410134553909302,-0.8365282416343689,9.832152366638184
595,-96.11604309082031,-83.92869506835937,1001,6.339592456817627,0.001,1,a2c_lr_high_seed1,-0.07774335145950317,12.83646011352539,0.8942413330078125,0.12699663639068604,2.5692126750946045
595,-96.11604309082031,-83.92869506835937,1001,3.068142890930176,0.001,1,a2c_lr_high_seed1,-1.1198923587799072,8.377876281738281,0.9028149843215942,-1.1217103004455566,13.525741577148438
595,-96.11604309082031,-83.92869506835937,1001,3.819286584854126,0.001,1,a2c_lr_high_seed1,-0.8183598518371582,9.277129173278809,0.9180779457092285,-0.8596446514129639,11.138830184936523
595,-96.11604309082031,-83.92869506835937,1001,2.1508665084838867,0.001,1,a2c_lr_high_seed1,-1.3139902353286743,6.931443691253662,0.8650286197662354,-1.0395694971084595,12.736003875732422
595,-96.11604309082031,-83.92869506835937,1001,2.6195287704467773,0.001,1,a2c_lr_high_seed1,-0.9307195544242859,7.1022796630859375,0.8913940191268921,-0.7541574835777283,9.380814552307129
598,-80.92288208007812,-83.96446365356445,1001,6.337677001953125,0.001,1,a2c_lr_high_seed1,0.7227455973625183,11.231390953063965,0.7640257477760315,1.4946205615997314,17.961502075195312
598,-80.92288208007812,-83.96446365356445,1001,8.544214248657227,0.001,1,a2c_lr_high_seed1,1.1061710119247437,14.877843856811523,0.8782111406326294,1.877434492111206,22.751415252685547
599,-117.10818481445312,-84.41041885375977,1001,13.670479774475098,0.001,1,a2c_lr_high_seed1,1.365725040435791,24.61122703552246,0.8596830368041992,2.1276159286499023,25.743276596069336
599,-117.10818481445312,-84.41041885375977,1001,7.575535297393799,0.001,1,a2c_lr_high_seed1,1.4541014432907104,12.244612693786621,0.8727687001228333,1.8389532566070557,23.709335327148438
599,-117.10818481445312,-84.41041885375977,1001,9.32931137084961,0.001,1,a2c_lr_high_seed1,-0.07928487658500671,18.81893539428711,0.8713285326957703,0.5781973600387573,9.34277057647705
599,-117.10818481445312,-84.41041885375977,1001,3.1233482360839844,0.001,1,a2c_lr_high_seed1,-0.7400892972946167,7.728748321533203,0.9365965127944946,-0.5080373287200928,6.418269634246826
600,-103.14988708496094,-85.32071723937989,1001,3.461695909500122,0.001,1,a2c_lr_high_seed1,-0.29379141330718994,7.512589931488037,0.8075223565101624,-0.0036635249853134155,1.29537832736969
600,-103.14988708496094,-85.32071723937989,1001,4.917367458343506,0.001,1,a2c_lr_high_seed1,-0.5609150528907776,10.958107948303223,0.7715915441513062,0.2521587312221527,3.181662082672119
601,-81.00249481201172,-85.37323219299316,1001,4.293739318847656,0.001,1,a2c_lr_high_seed1,0.22175784409046173,8.145788192749023,0.9126708507537842,0.4030793309211731,5.148697376251221
601,-81.00249481201172,-85.37323219299316,1001,11.174467086791992,0.001,1,a2c_lr_high_seed1,-0.5230095386505127,23.39655113220215,0.7995722889900208,0.7808464169502258,7.855240345001221
601,-81.00249481201172,-85.37323219299316,1001,6.167422771453857,0.001,1,a2c_lr_high_seed1,0.15769922733306885,12.021200180053711,0.8761882781982422,0.6005772352218628,7.94657039642334
601,-81.00249481201172,-85.37323219299316,1001,3.85355544090271,0.001,1,a2c_lr_high_seed1,0.07332469522953033,7.562219142913818,0.8788852095603943,0.7348344326019287,9.128714561462402
601,-81.00249481201172,-85.37323219299316,1001,1.9411907196044922,0.001,1,a2c_lr_high_seed1,-0.5586106181144714,5.001368999481201,0.8831131458282471,-0.12681527435779572,2.4503114223480225
601,-81.00249481201172,-85.37323219299316,1001,4.119467258453369,0.001,1,a2c_lr_high_seed1,-0.6151768565177917,9.470905303955078,0.8088658452033997,-0.2456175535917282,4.7200140953063965
601,-81.00249481201172,-85.37323219299316,1001,2.1381521224975586,0.001,1,a2c_lr_high_seed1,-0.17122012376785278,4.62050724029541,0.8813433647155762,-0.07495107501745224,1.7650023698806763
601,-81.00249481201172,-85.37323219299316,1001,2.9414546489715576,0.001,1,a2c_lr_high_seed1,-0.8706198930740356,7.625804424285889,0.8275111317634583,-0.6377880573272705,8.037537574768066
601,-81.00249481201172,-85.37323219299316,1001,1.5083086490631104,0.001,1,a2c_lr_high_seed1,-0.43502503633499146,3.888333559036255,0.8330810070037842,-0.12434461712837219,1.8057632446289062
601,-81.00249481201172,-85.37323219299316,1001,3.480555295944214,0.001,1,a2c_lr_high_seed1,-1.7334648370742798,10.429830551147461,0.8951506018638611,-2.0366785526275635,25.651973724365234
601,-81.00249481201172,-85.37323219299316,1001,1.8112614154815674,0.001,1,a2c_lr_high_seed1,-0.734204888343811,5.092700004577637,0.8837426900863647,-0.6368406414985657,8.325757026672363
601,-81.00249481201172,-85.37323219299316,1001,3.6076056957244873,0.001,1,a2c_lr_high_seed1,-0.4746900498867035,8.166422843933105,0.9158297777175903,-0.4432535469532013,6.0506367683410645
601,-81.00249481201172,-85.37323219299316,1001,3.9407308101654053,0.001,1,a2c_lr_high_seed1,-1.0006825923919678,9.8844633102417,0.8182092308998108,-0.8865615129470825,11.33629322052002
601,-81.00249481201172,-85.37323219299316,1001,2.4250082969665527,0.001,1,a2c_lr_high_seed1,-1.0701967477798462,6.992223739624023,0.9070438146591187,-1.2021825313568115,15.181890487670898
602,-120.32662200927734,-86.67548568725586,1001,5.148743629455566,0.001,1,a2c_lr_high_seed1,0.12535423040390015,10.048429489135742,0.825576901435852,0.39474189281463623,5.223517417907715
602,-120.32662200927734,-86.67548568725586,1001,8.570786476135254,0.001,1,a2c_lr_high_seed1,0.6209585666656494,15.901346206665039,0.8446390628814697,0.6222753524780273,9.525691986083984
602,-120.32662200927734,-86.67548568725586,1001,14.5557861328125,0.001,1,a2c_lr_high_seed1,-0.8932356834411621,30.89978790283203,0.8719659447669983,-0.464701384305954,9.285799980163574
602,-120.32662200927734,-86.67548568725586,1001,3.2780168056488037,0.001,1,a2c_lr_high_seed1,-0.5552335977554321,7.668225288391113,0.8624300956726074,-0.24664154648780823,3.607158660888672
603,-116.32210540771484,-87.5600553894043,1001,5.57949161529541,0.001,1,a2c_lr_high_seed1,0.14076608419418335,10.879131317138672,0.8401315808296204,0.8644119501113892,11.257308006286621
603,-116.32210540771484,-87.5600553894043,1001,5.9731316566467285,0.001,1,a2c_lr_high_seed1,-0.12246042490005493,12.193004608154297,0.9100700616836548,0.10307192802429199,4.6606621742248535
603,-116.32210540771484,-87.5600553894043,1001,4.815337181091309,0.001,1,a2c_lr_high_seed1,-0.44109004735946655,10.514616012573242,0.8809385895729065,-0.2053229808807373,4.561136245727539
603,-116.32210540771484,-87.5600553894043,1001,3.782355308532715,0.001,1,a2c_lr_high_seed1,-0.05940777063369751,7.685153961181641,0.8140602111816406,0.23304998874664307,4.933969497680664
603,-116.32210540771484,-87.5600553894043,1001,2.0710129737854004,0.001,1,a2c_lr_high_seed1,-0.3199629783630371,4.783658027648926,0.8529990315437317,-0.019342690706253052,1.724187970161438
605,-57.91640853881836,-86.34613975524903,1001,6.771177768707275,0.001,1,a2c_lr_high_seed1,0.31122708320617676,12.921480178833008,0.7891780734062195,0.8990361094474792,11.059887886047363
606,-75.75782012939453,-86.52943183898925,1001,7.041226863861084,0.001,1,a2c_lr_high_seed1,-0.35567185282707214,14.795316696166992,0.7594571709632874,0.567345380783081,7.585245609283447
606,-75.75782012939453,-86.52943183898925,1001,6.716183662414551,0.001,1,a2c_lr_high_seed1,0.12342486530542374,13.18709945678711,0.7912375330924988,0.13070347905158997,5.530969619750977
607,-115.80227661132812,-87.47553611755372,1001,9.52064037322998,0.001,1,a2c_lr_high_seed1,0.4317440390586853,18.17934799194336,0.7774209380149841,1.2769790887832642,17.886903762817383
607,-115.80227661132812,-87.47553611755372,1001,9.397663116455078,0.001,1,a2c_lr_high_seed1,1.23103666305542,16.334962844848633,0.8540307283401489,1.9658410549163818,26.931354522705078
607,-115.80227661132812,-87.47553611755372,1001,3.788210868835449,0.001,1,a2c_lr_high_seed1,-0.8981619477272034,9.374468803405762,0.8616195321083069,-0.48420095443725586,6.480399131774902
607,-115.80227661132812,-87.47553611755372,1001,6.748481750488281,0.001,1,a2c_lr_high_seed1,0.33058300614356995,12.837538719177246,0.8705633878707886,0.7793364524841309,11.669366836547852
608,-77.06024169921875,-88.23916427612305,1001,7.319344997406006,0.001,1,a2c_lr_high_seed1,0.5736277103424072,13.49311351776123,0.8395615816116333,1.3995230197906494,16.957454681396484
608,-77.06024169921875,-88.23916427612305,1001,3.671733856201172,0.001,1,a2c_lr_high_seed1,-0.9843844771385193,9.313932418823242,0.8478221893310547,-0.7089963555335999,9.949368476867676
609,-65.79761505126953,-87.6264306640625,1001,9.630642890930176,0.001,1,a2c_lr_high_seed1,0.46839338541030884,18.326169967651367,0.8353651165962219,1.0724093914031982,13.658052444458008
609,-65.79761505126953,-87.6264306640625,1001,9.748177528381348,0.001,1,a2c_lr_high_seed1,1.1322715282440186,17.233600616455078,0.8944805860519409,1.8938040733337402,23.720190048217773
609,-65.79761505126953,-87.6264306640625,1001,6.417959213256836,0.001,1,a2c_lr_high_seed1,-0.19535376131534576,13.228314399719238,0.8441488742828369,0.48407498002052307,6.625731468200684
609,-65.79761505126953,-87.6264306640625,1001,5.096998691558838,0.001,1,a2c_lr_high_seed1,0.06627097725868225,10.063151359558105,0.8478856086730957,1.0260610580444336,12.507372856140137
609,-65.79761505126953,-87.6264306640625,1001,2.7372500896453857,0.001,1,a2c_lr_high_seed1,-0.6845271587371826,6.845272064208984,0.858665943145752,-0.2107086479663849,3.756174325942993
609,-65.79761505126953,-87.6264306640625,1001,2.5342049598693848,0.001,1,a2c_lr_high_seed1,-1.6676039695739746,8.405312538146973,0.8473381996154785,-1.205048680305481,14.911482810974121
609,-65.79761505126953,-87.6264306640625,1001,3.225386619567871,0.001,1,a2c_lr_high_seed1,-0.49990540742874146,7.452375888824463,0.8958612680435181,-0.14832983911037445,3.722545623779297
609,-65.79761505126953,-87.6264306640625,1001,3.82770037651062,0.001,1,a2c_lr_high_seed1,-0.05731930583715439,7.771819114685059,0.8896991014480591,0.3884095549583435,4.6600260734558105
609,-65.79761505126953,-87.6264306640625,1001,1.7566578388214111,0.001,1,a2c_lr_high_seed1,-0.8446743488311768,5.204512119293213,0.9238206148147583,-0.6961677074432373,8.499287605285645
609,-65.79761505126953,-87.6264306640625,1001,2.9534554481506348,0.001,1,a2c_lr_high_seed1,-0.6719944477081299,7.252729892730713,0.915165901184082,-0.41756218671798706,5.608637809753418
609,-65.79761505126953,-87.6264306640625,1001,2.0046792030334473,0.001,1,a2c_lr_high_seed1,-0.2841097414493561,4.5794572830200195,0.9395597577095032,-0.00887562707066536,1.5538339614868164
609,-65.79761505126953,-87.6264306640625,1001,2.8887593746185303,0.001,1,a2c_lr_high_seed1,-0.5896766185760498,6.958609580993652,0.868849515914917,-0.4406575858592987,5.9920573234558105
609,-65.79761505126953,-87.6264306640625,1001,2.4015045166015625,0.001,1,a2c_lr_high_seed1,-1.3557064533233643,7.516171455383301,0.8747707605361938,-0.7973155975341797,9.641120910644531
610,-51.52600860595703,-87.13126968383789,1001,5.358943939208984,0.001,1,a2c_lr_high_seed1,0.29779574275016785,10.123916625976562,0.8100124597549438,0.6812736988067627,8.958724021911621
610,-51.52600860595703,-87.13126968383789,1001,7.147276878356934,0.001,1,a2c_lr_high_seed1,0.07604971528053284,14.144301414489746,0.9237550497055054,0.09467317163944244,3.5276269912719727
610,-51.52600860595703,-87.13126968383789,1001,21.764179229736328,0.001,1,a2c_lr_high_seed1,0.7097631692886353,42.11050033569336,0.8338406085968018,1.674829363822937,26.055999755859375
610,-51.52600860595703,-87.13126968383789,1001,4.459737300872803,0.001,1,a2c_lr_high_seed1,0.2914031445980072,8.338361740112305,0.8470569252967834,0.6889830827713013,9.329955101013184
611,-58.45613479614258,-86.93274253845215,1001,3.654235363006592,0.001,1,a2c_lr_high_seed1,-1.3548774719238281,10.019974708557129,0.8744049072265625,-1.4514132738113403,17.897754669189453
611,-58.45613479614258,-86.93274253845215,1001,6.323373317718506,0.001,1,a2c_lr_high_seed1,0.5680015087127686,11.51237678527832,0.8166992664337158,1.137689471244812,13.33573055267334
611,-58.45613479614258,-86.93274253845215,1001,3.4620728492736816,0.001,1,a2c_lr_high_seed1,-0.7584034204483032,8.442634582519531,0.8412260413169861,-0.8424039483070374,10.31649398803711
611,-58.45613479614258,-86.93274253845215,1001,19.474876403808594,0.001,1,a2c_lr_high_seed1,1.2742335796356201,36.40304183959961,0.8767702579498291,2.0163445472717285,24.96083641052246
611,-58.45613479614258,-86.93274253845215,1001,2.8271124362945557,0.001,1,a2c_lr_high_seed1,-0.9785040616989136,7.613004684448242,0.885685384273529,-0.805388331413269,10.35240650177002
612,-46.8677864074707,-85.38345642089844,1001,6.353500843048096,0.001,1,a2c_lr_high_seed1,0.20170657336711884,12.305418968200684,0.9149572849273682,0.30668750405311584,5.242352485656738
614,-52.91698455810547,-84.05393432617187,1001,6.91208028793335,0.001,1,a2c_lr_high_seed1,0.15630504488945007,13.512929916381836,0.689547061920166,0.895764172077179,9.894561767578125
614,-52.91698455810547,-84.05393432617187,1001,6.347440719604492,0.001,1,a2c_lr_high_seed1,0.13578499853610992,12.424952507019043,0.820769190788269,0.21272890269756317,6.021101951599121
615,-69.29419708251953,-83.65499465942383,1001,13.849344253540039,0.001,1,a2c_lr_high_seed1,0.9927566051483154,25.714765548706055,0.7951124906539917,2.002795457839966,27.671995162963867
615,-69.29419708251953,-83.65499465942383,1001,9.026341438293457,0.001,1,a2c_lr_high_seed1,0.773282527923584,16.507858276367188,0.8711601495742798,1.3485671281814575,17.803117752075195
615,-69.29419708251953,-83.65499465942383,1001,7.266420841217041,0.001,1,a2c_lr_high_seed1,0.4769911468029022,13.580636024475098,0.8885040879249573,1.0333731174468994,13.286249160766602
615,-69.29419708251953,-83.65499465942383,1001,1.4541274309158325,0.001,1,a2c_lr_high_seed1,-0.9589925408363342,4.827969551086426,0.8648518919944763,-0.7767728567123413,9.554057121276855
616,-40.76659393310547,-82.40925018310547,1001,3.300902843475342,0.001,1,a2c_lr_high_seed1,-0.5960883498191833,7.795624732971191,0.8210573792457581,-0.2751249074935913,4.886279582977295
616,-40.76659393310547,-82.40925018310547,1001,5.463156223297119,0.001,1,a2c_lr_high_seed1,-0.15541549026966095,11.238845825195312,0.8510191440582275,0.3175943195819855,5.522082328796387
617,-97.28981018066406,-82.87746490478516,1001,10.450572967529297,0.001,1,a2c_lr_high_seed1,-0.8838751912117004,22.670570373535156,0.8369323015213013,-0.25256210565567017,5.704399585723877
617,-97.28981018066406,-82.87746490478516,1001,2.1707763671875,0.001,1,a2c_lr_high_seed1,-0.7950326204299927,5.933352470397949,0.8673742413520813,-0.4449939429759979,5.969072341918945
617,-97.28981018066406,-82.87746490478516,1001,2.345691442489624,0.001,1,a2c_lr_high_seed1,-0.10079656541347504,4.894687652587891,0.855808675289154,0.012471437454223633,1.7828190326690674
617,-97.28981018066406,-82.87746490478516,1001,4.012670516967773,0.001,1,a2c_lr_high_seed1,-0.5884249806404114,9.20386791229248,0.8382157683372498,-0.6157860159873962,8.039892196655273
617,-97.28981018066406,-82.87746490478516,1001,2.9400813579559326,0.001,1,a2c_lr_high_seed1,-1.3902589082717896,8.662471771240234,0.8956401348114014,-1.4871196746826172,18.429983139038086
617,-97.28981018066406,-82.87746490478516,1001,2.6866424083709717,0.001,1,a2c_lr_high_seed1,-0.5492649078369141,6.473627090454102,0.9061358571052551,-0.5998908877372742,7.949589729309082
617,-97.28981018066406,-82.87746490478516,1001,3.82468843460083,0.001,1,a2c_lr_high_seed1,-0.31559187173843384,8.28227424621582,0.8568236827850342,-0.227505624294281,3.985321283340454
617,-97.28981018066406,-82.87746490478516,1001,2.5886037349700928,0.001,1,a2c_lr_high_seed1,-0.7762195467948914,6.731301784515381,0.8274375200271606,-0.5009949207305908,6.698022365570068
617,-97.28981018066406,-82.87746490478516,1001,3.1536061763763428,0.001,1,a2c_lr_high_seed1,-1.1540348529815674,8.617100715637207,0.9094052314758301,-1.194216251373291,15.100507736206055
617,-97.28981018066406,-82.87746490478516,1001,4.562701225280762,0.001,1,a2c_lr_high_seed1,-1.0094068050384521,11.146034240722656,0.9090049266815186,-0.9741438627243042,12.935233116149902
617,-97.28981018066406,-82.87746490478516,1001,3.120710611343384,0.001,1,a2c_lr_high_seed1,0.32774895429611206,5.5876264572143555,0.8515965938568115,0.5801423192024231,7.164260387420654
617,-97.28981018066406,-82.87746490478516,1001,3.430715560913086,0.001,1,a2c_lr_high_seed1,-0.3054244816303253,7.473982334136963,0.8511345386505127,0.22548501193523407,3.6410598754882812
617,-97.28981018066406,-82.87746490478516,1001,1.2681032419204712,0.001,1,a2c_lr_high_seed1,-0.637869119644165,3.8137412071228027,0.8982642292976379,-0.4514387845993042,5.909515380859375
618,-78.15357208251953,-83.23973274230957,1001,2.7998716831207275,0.001,1,a2c_lr_high_seed1,-0.867966890335083,7.337430000305176,0.8764470815658569,-0.7528827786445618,9.81604290008545
618,-78.15357208251953,-83.23973274230957,1001,3.978621006011963,0.001,1,a2c_lr_high_seed1,-0.4532396197319031,8.86546516418457,0.8717783689498901,-0.16081738471984863,3.3193862438201904
618,-78.15357208251953,-83.23973274230957,1001,3.6049184799194336,0.001,1,a2c_lr_high_seed1,-0.2137378603219986,7.6390461921691895,0.8667441606521606,0.13220173120498657,2.2976913452148438
618,-78.15357208251953,-83.23973274230957,1001,2.9250645637512207,0.001,1,a2c_lr_high_seed1,-0.011495813727378845,5.874806880950928,0.8430574536323547,0.5184744596481323,6.2501678466796875
618,-78.15357208251953,-83.23973274230957,1001,3.4861679077148438,0.001,1,a2c_lr_high_seed1,-0.6489596366882324,8.27194881439209,0.8467695713043213,-0.246285542845726,3.5737714767456055
619,-57.10563659667969,-83.27276840209962,1001,6.238264560699463,0.001,1,a2c_lr_high_seed1,-0.007154848426580429,12.492490768432617,0.8258696794509888,0.30464184284210205,4.6647515296936035
619,-57.10563659667969,-83.27276840209962,1001,9.02575397491455,0.001,1,a2c_lr_high_seed1,0.34620317816734314,17.36092758178711,0.9126310348510742,1.1711729764938354,17.139869689941406
619,-57.10563659667969,-83.27276840209962,1001,6.135036468505859,0.001,1,a2c_lr_high_seed1,0.2689220905303955,11.733919143676758,0.8451001644134521,0.7695380449295044,11.580611228942871
619,-57.10563659667969,-83.27276840209962,1001,3.899829149246216,0.001,1,a2c_lr_high_seed1,0.32088494300842285,7.159663200378418,0.8873662352561951,0.8649039268493652,11.217249870300293
619,-57.10563659667969,-83.27276840209962,1001,4.347616672515869,0.001,1,a2c_lr_high_seed1,-1.390869140625,11.478731155395508,0.8797435760498047,-1.225806713104248,15.78492546081543
622,-95.57791900634766,-83.98788276672363,1001,12.529019355773926,0.001,1,a2c_lr_high_seed1,1.3879389762878418,22.283733367919922,0.7868849039077759,2.309481143951416,27.54030990600586
622,-95.57791900634766,-83.98788276672363,1001,13.639327049255371,0.001,1,a2c_lr_high_seed1,1.7535470724105835,23.773136138916016,0.7879729866981506,2.7355964183807373,35.407657623291016
623,-60.14275360107422,-83.80289375305176,1001,10.664623260498047,0.001,1,a2c_lr_high_seed1,1.1344678401947021,19.06201934814453,0.8549472689628601,1.891905426979065,23.87386703491211
623,-60.14275360107422,-83.80289375305176,1001,3.522528648376465,0.001,1,a2c_lr_high_seed1,0.07321414351463318,6.900339126586914,0.8549893498420715,0.6246972680091858,8.285037994384766
623,-60.14275360107422,-83.80289375305176,1001,1.9265735149383545,0.001,1,a2c_lr_high_seed1,-0.5225067138671875,4.899888038635254,0.8637933135032654,0.009133793413639069,2.3054771423339844
623,-60.14275360107422,-83.80289375305176,1001,3.3811469078063965,0.001,1,a2c_lr_high_seed1,0.015666306018829346,6.732664585113525,0.8516102433204651,0.5073696374893188,6.730974197387695
624,-66.8702392578125,-83.53077507019043,1001,5.144679069519043,0.001,1,a2c_lr_high_seed1,0.589988648891449,9.111065864562988,0.8424558639526367,0.9041733741760254,11.129318237304688
624,-66.8702392578125,-83.53077507019043,1001,5.741460800170898,0.001,1,a2c_lr_high_seed1,-0.5015170574188232,12.487539291381836,0.7914758920669556,-0.0072214603424072266,3.1633505821228027
625,-87.97624969482422,-84.04559089660644,1001,7.568615436553955,0.001,1,a2c_lr_high_seed1,0.9476438760757446,13.243617057800293,0.8368822336196899,1.407012939453125,18.734649658203125
625,-87.97624969482422,-84.04559089660644,1001,11.230608940124512,0.001,1,a2c_lr_high_seed1,1.1747926473617554,20.113367080688477,0.8670042753219604,1.7221546173095703,23.446584701538086
625,-87.97624969482422,-84.04559089660644,1001,5.001522064208984,0.001,1,a2c_lr_high_seed1,-1.6494638919830322,13.30376148223877,0.8943233489990234,-1.6755239963531494,21.75646209716797
625,-87.97624969482422,-84.04559089660644,1001,5.052704811096191,0.001,1,a2c_lr_high_seed1,0.17966002225875854,9.74776840209961,0.8393488526344299,0.529977023601532,7.903349876403809
625,-87.97624969482422,-84.04559089660644,1001,5.473859786987305,0.001,1,a2c_lr_high_seed1,0.8582043051719666,9.23306655883789,0.8777556419372559,1.401292324066162,17.80779266357422
625,-87.97624969482422,-84.04559089660644,1001,2.3473730087280273,0.001,1,a2c_lr_high_seed1,-0.21074771881103516,5.118020057678223,0.8893954753875732,0.1556067317724228,2.461778163909912
625,-87.97624969482422,-84.04559089660644,1001,2.235483169555664,0.001,1,a2c_lr_high_seed1,-1.1348025798797607,6.742280960083008,0.8547918200492859,-0.712078869342804,9.169229507446289
625,-87.97624969482422,-84.04559089660644,1001,2.1875205039978027,0.001,1,a2c_lr_high_seed1,-0.8592013716697693,6.095142364501953,0.8492698669433594,-0.5759323835372925,7.2654852867126465
625,-87.97624969482422,-84.04559089660644,1001,1.9752678871154785,0.001,1,a2c_lr_high_seed1,-0.6272403001785278,5.206684112548828,0.8338227272033691,-0.2785239815711975,4.505331039428711
625,-87.97624969482422,-84.04559089660644,1001,2.337327003479004,0.001,1,a2c_lr_high_seed1,-0.14816656708717346,4.972782135009766,0.8974095582962036,0.127241849899292,2.034359931945801
625,-87.97624969482422,-84.04559089660644,1001,2.2370450496673584,0.001,1,a2c_lr_high_seed1,-1.13008713722229,6.73606538772583,0.9004936218261719,-0.8879384398460388,10.609243392944336
625,-87.97624969482422,-84.04559089660644,1001,2.2841219902038574,0.001,1,a2c_lr_high_seed1,-0.24762609601020813,5.065135955810547,0.8198473453521729,-0.013389483094215393,0.9828054308891296
625,-87.97624969482422,-84.04559089660644,1001,3.682584285736084,0.001,1,a2c_lr_high_seed1,-0.5714061856269836,8.509669303894043,0.8442503213882446,-0.5177088379859924,6.842407703399658
625,-87.97624969482422,-84.04559089660644,1001,3.7745180130004883,0.001,1,a2c_lr_high_seed1,-1.331594467163086,10.213865280151367,0.8201982975006104,-0.7831798195838928,9.645442962646484
626,-71.31916809082031,-84.18330421447754,1001,6.603758335113525,0.001,1,a2c_lr_high_seed1,0.5269810557365417,12.15530014038086,0.8728231191635132,1.0806556940078735,12.256104469299316
626,-71.31916809082031,-84.18330421447754,1001,4.560448169708252,0.001,1,a2c_lr_high_seed1,0.04945404827594757,9.023702621459961,0.8574866056442261,0.4177737534046173,4.735145092010498
626,-71.31916809082031,-84.18330421447754,1001,2.5678277015686035,0.001,1,a2c_lr_high_seed1,0.03189138323068619,5.073472499847412,0.7999663949012756,0.5746045708656311,6.732017993927002
626,-71.31916809082031,-84.18330421447754,1001,1.9207779169082642,0.001,1,a2c_lr_high_seed1,-0.29279252886772156,4.428841590881348,0.850327730178833,0.04798193275928497,1.3317745923995972
627,-32.502479553222656,-82.85636238098145,1001,4.1946234703063965,0.001,1,a2c_lr_high_seed1,-0.5904932618141174,9.57197093963623,0.8687946796417236,-0.4340975284576416,6.990347385406494
627,-32.502479553222656,-82.85636238098145,1001,4.20869255065918,0.001,1,a2c_lr_high_seed1,-0.4866965711116791,9.392423629760742,0.8225979208946228,-0.2157481610774994,4.0434250831604
627,-32.502479553222656,-82.85636238098145,1001,3.055032253265381,0.001,1,a2c_lr_high_seed1,-0.817680835723877,7.7470855712890625,0.8296676278114319,-0.42597246170043945,5.495211124420166
627,-32.502479553222656,-82.85636238098145,1001,6.655272483825684,0.001,1,a2c_lr_high_seed1,0.4749242067337036,12.362398147583008,0.8505067825317383,0.753311276435852,9.592900276184082
627,-32.502479553222656,-82.85636238098145,1001,3.640695333480835,0.001,1,a2c_lr_high_seed1,-1.0614311695098877,9.406133651733398,0.9404153823852539,-0.829501211643219,9.829808235168457
630,-52.963340759277344,-80.00430953979492,1001,9.370631217956543,0.001,1,a2c_lr_high_seed1,1.3088351488113403,16.12529182434082,0.8500033617019653,2.17036509513855,25.844457626342773
630,-52.963340759277344,-80.00430953979492,1001,6.886348724365234,0.001,1,a2c_lr_high_seed1,0.1435437947511673,13.487274169921875,0.8321642279624939,0.4336032569408417,8.097604751586914
631,-73.28251647949219,-78.84812881469726,1001,12.027939796447754,0.001,1,a2c_lr_high_seed1,1.681347131729126,20.694833755493164,0.8240966200828552,2.428636312484741,27.354228973388672
631,-73.28251647949219,-78.84812881469726,1001,5.41019868850708,0.001,1,a2c_lr_high_seed1,-0.2096065729856491,11.241217613220215,0.8033832311630249,0.2165594846010208,4.857255935668945
631,-73.28251647949219,-78.84812881469726,1001,6.860589981079102,0.001,1,a2c_lr_high_seed1,0.7035382986068726,12.315789222717285,0.843154788017273,1.162840723991394,14.37487506866455
631,-73.28251647949219,-78.84812881469726,1001,7.313558101654053,0.001,1,a2c_lr_high_seed1,-0.021022826433181763,14.670886993408203,0.8624528646469116,0.2234867513179779,4.479834079742432
632,-37.72524642944336,-77.5833130645752,1001,4.795267105102539,0.001,1,a2c_lr_high_seed1,-0.19585064053535461,9.98382568359375,0.7949703335762024,0.2524641752243042,2.9498367309570312
632,-37.72524642944336,-77.5833130645752,1001,3.667365789413452,0.001,1,a2c_lr_high_seed1,-0.21063587069511414,7.757637977600098,0.8172330856323242,0.1894136667251587,3.0098156929016113
632,-37.72524642944336,-77.5833130645752,1001,4.727871417999268,0.001,1,a2c_lr_high_seed1,-0.39829221367836,10.254007339477539,0.8400599360466003,0.20209690928459167,4.250083923339844
633,-55.47398376464844,-75.9565293121338,1001,3.328056812286377,0.001,1,a2c_lr_high_seed1,-0.46759140491485596,7.592891216278076,0.7972381114959717,-0.09413023293018341,3.439692497253418
633,-55.47398376464844,-75.9565293121338,1001,2.99215030670166,0.001,1,a2c_lr_high_seed1,-0.12221571058034897,6.230444431304932,0.8562042713165283,0.35412487387657166,4.527060031890869
633,-55.47398376464844,-75.9565293121338,1001,2.305053472518921,0.001,1,a2c_lr_high_seed1,-0.2984273433685303,5.208701133728027,0.8697860240936279,-0.05218370258808136,2.3676273822784424
633,-55.47398376464844,-75.9565293121338,1001,1.8346121311187744,0.001,1,a2c_lr_high_seed1,-1.3084421157836914,6.28782844543457,0.8600216507911682,-1.273492455482483,15.683698654174805
633,-55.47398376464844,-75.9565293121338,1001,3.1120052337646484,0.001,1,a2c_lr_high_seed1,-0.8569313287734985,7.939456462860107,0.7916344404220581,-0.4224475026130676,5.363999843597412
633,-55.47398376464844,-75.9565293121338,1001,1.8604518175125122,0.001,1,a2c_lr_high_seed1,-1.2990378141403198,6.320714473724365,0.8675875663757324,-1.0068162679672241,12.375273704528809
633,-55.47398376464844,-75.9565293121338,1001,1.718815803527832,0.001,1,a2c_lr_high_seed1,-0.8411889672279358,5.12172269821167,0.8566397428512573,-0.75355464220047,9.30739974975586
633,-55.47398376464844,-75.9565293121338,1001,3.6345975399017334,0.001,1,a2c_lr_high_seed1,-1.549525260925293,10.36994457244873,0.8495537638664246,-1.7840545177459717,21.214929580688477
633,-55.47398376464844,-75.9565293121338,1001,2.354886293411255,0.001,1,a2c_lr_high_seed1,-0.45829397439956665,5.628022193908691,0.8309697508811951,-0.4879237711429596,5.971705436706543
633,-55.47398376464844,-75.9565293121338,1001,2.44979190826416,0.001,1,a2c_lr_high_seed1,-1.3203706741333008,7.541947364807129,0.8110218048095703,-1.5238145589828491,18.23646354675293
633,-55.47398376464844,-75.9565293121338,1001,3.1510989665985107,0.001,1,a2c_lr_high_seed1,-0.8370248079299927,7.977831840515137,0.7923640608787537,-0.6272337436676025,7.367847919464111
633,-55.47398376464844,-75.9565293121338,1001,6.671114444732666,0.001,1,a2c_lr_high_seed1,-1.2558953762054443,15.855649948120117,0.8147408962249756,-1.7168288230895996,20.645421981811523
633,-55.47398376464844,-75.9565293121338,1001,3.908618927001953,0.001,1,a2c_lr_high_seed1,-0.5633043050765991,8.945334434509277,0.7438030242919922,-0.8932248950004578,11.035932540893555
634,-96.5328369140625,-75.28475715637207,1001,6.031425952911377,0.001,1,a2c_lr_high_seed1,-0.15980231761932373,12.384038925170898,0.7910815477371216,-0.17106473445892334,5.26978063583374
634,-96.5328369140625,-75.28475715637207,1001,5.19504976272583,0.001,1,a2c_lr_high_seed1,-1.4229483604431152,13.237735748291016,0.8697239756584167,-1.7021290063858032,21.41695785522461
634,-96.5328369140625,-75.28475715637207,1001,5.944370269775391,0.001,1,a2c_lr_high_seed1,-0.7435389757156372,13.377490997314453,0.8364850878715515,-0.9585179090499878,12.2886323928833
634,-96.5328369140625,-75.28475715637207,1001,8.58446216583252,0.001,1,a2c_lr_high_seed1,-0.9183064699172974,19.007240295410156,0.8520830273628235,-1.1792165040969849,15.135936737060547
635,-82.76641082763672,-74.95293205261231,1001,5.162160396575928,0.001,1,a2c_lr_high_seed1,0.5279902815818787,9.269969940185547,0.8147282004356384,0.7958358526229858,10.21861457824707
635,-82.76641082763672,-74.95293205261231,1001,6.681258201599121,0.001,1,a2c_lr_high_seed1,-0.046416789293289185,13.456989288330078,0.8196315169334412,-0.5467826128005981,8.95966625213623
635,-82.76641082763672,-74.95293205261231,1001,18.20573616027832,0.001,1,a2c_lr_high_seed1,0.8876635432243347,34.63779067993164,0.8223822116851807,0.8639453649520874,15.899287223815918
635,-82.76641082763672,-74.95293205261231,1001,4.011737823486328,0.001,1,a2c_lr_high_seed1,-1.406975269317627,10.8391695022583,0.8718189001083374,-1.7280821800231934,22.38451385498047
635,-82.76641082763672,-74.95293205261231,1001,3.638467788696289,0.001,1,a2c_lr_high_seed1,0.004226654767990112,7.270214080810547,0.8660266995429993,-0.07200227677822113,4.272866725921631
637,-97.12291717529297,-75.2253343963623,1001,5.584531307220459,0.001,1,a2c_lr_high_seed1,-0.29045912623405457,11.751629829406738,0.8245509266853333,-0.20840850472450256,3.7892026901245117
638,-49.34919738769531,-74.89899238586426,1001,10.6328706741333,0.001,1,a2c_lr_high_seed1,-0.3253214955329895,21.917861938476562,0.739113450050354,-0.26432615518569946,7.064877033233643
638,-49.34919738769531,-74.89899238586426,1001,36.08647918701172,0.001,1,a2c_lr_high_seed1,1.5730838775634766,69.02832794189453,0.7718889117240906,3.363471746444702,42.05649948120117
639,-107.95128631591797,-75.67419120788574,1001,11.17243766784668,0.001,1,a2c_lr_high_seed1,0.9273095726966858,20.49193000793457,0.8370563983917236,1.6403450965881348,21.635448455810547
639,-107.95128631591797,-75.67419120788574,1001,2.266514539718628,0.001,1,a2c_lr_high_seed1,-0.7541351914405823,6.043092250823975,0.896437406539917,-0.8274654746055603,11.411145210266113
639,-107.95128631591797,-75.67419120788574,1001,6.3606061935424805,0.001,1,a2c_lr_high_seed1,0.31068646907806396,12.101510047912598,0.8355057835578918,0.8515381217002869,11.585469245910645
639,-107.95128631591797,-75.67419120788574,1001,4.91320276260376,0.001,1,a2c_lr_high_seed1,0.48751020431518555,8.852983474731445,0.7989571690559387,0.8863477110862732,11.77523422241211
640,-115.14775848388672,-76.69259330749512,1001,8.467044830322266,0.001,1,a2c_lr_high_seed1,-0.6088059544563293,18.15326690673828,0.7825841903686523,0.47204047441482544,4.600656509399414
640,-115.14775848388672,-76.69259330749512,1001,3.102731704711914,0.001,1,a2c_lr_high_seed1,-0.8437691926956177,7.894674301147461,0.8363655209541321,-0.5619710683822632,7.611207008361816
641,-135.46697998046875,-77.53854774475097,1001,5.168715000152588,0.001,1,a2c_lr_high_seed1,0.3692789077758789,9.600398063659668,0.7629414200782776,0.6820809841156006,8.961343765258789
641,-135.46697998046875,-77.53854774475097,1001,5.82413387298584,0.001,1,a2c_lr_high_seed1,-0.1511179804801941,11.952109336853027,0.8029847145080566,0.25209715962409973,4.917750358581543
641,-135.46697998046875,-77.53854774475097,1001,9.37938117980957,0.001,1,a2c_lr_high_seed1,1.0038347244262695,16.75271987915039,0.813127338886261,1.6326096057891846,22.3588924407959
641,-135.46697998046875,-77.53854774475097,1001,4.560771465301514,0.001,1,a2c_lr_high_seed1,-0.24486280977725983,9.612834930419922,0.7827895283699036,0.03921850025653839,2.510639190673828
641,-135.46697998046875,-77.53854774475097,1001,3.4975814819335938,0.001,1,a2c_lr_high_seed1,-0.6876423954963684,8.372015953063965,0.7840743064880371,-0.5435371994972229,7.329607009887695
641,-135.46697998046875,-77.53854774475097,1001,4.465157985687256,0.001,1,a2c_lr_high_seed1,0.2628612518310547,8.406211853027344,0.8092293739318848,0.676250696182251,8.752046585083008
641,-135.46697998046875,-77.53854774475097,1001,2.7299883365631104,0.001,1,a2c_lr_high_seed1,-0.6682308912277222,6.798148155212402,0.854731023311615,-0.517911434173584,7.217392444610596
641,-135.46697998046875,-77.53854774475097,1001,3.592904806137085,0.001,1,a2c_lr_high_seed1,0.29919612407684326,6.589081764221191,0.8323879241943359,0.7058178186416626,9.154134750366211
641,-135.46697998046875,-77.53854774475097,1001,1.7384541034698486,0.001,1,a2c_lr_high_seed1,-0.6588791012763977,4.796283721923828,0.8086676597595215,-0.4526783227920532,6.57664680480957
641,-135.46697998046875,-77.53854774475097,1001,5.050839900970459,0.001,1,a2c_lr_high_seed1,0.2412911057472229,9.620763778686523,0.8332515954971313,0.4106048345565796,6.4478912353515625
641,-135.46697998046875,-77.53854774475097,1001,1.8573240041732788,0.001,1,a2c_lr_high_seed1,-1.1078842878341675,5.932076454162598,0.8299645781517029,-1.2032195329666138,15.787679672241211
641,-135.46697998046875,-77.53854774475097,1001,2.4243831634521484,0.001,1,a2c_lr_high_seed1,-0.12140873074531555,5.093173503875732,0.7948889136314392,0.03918123245239258,2.2968897819519043
641,-135.46697998046875,-77.53854774475097,1001,2.848102569580078,0.001,1,a2c_lr_high_seed1,0.05270330607891083,5.592421054840088,0.8113559484481812,0.3297630250453949,4.699006080627441
642,-68.16215515136719,-77.8365193939209,1001,7.602223873138428,0.001,1,a2c_lr_high_seed1,-0.64554762840271,16.49708366394043,0.7701051235198975,0.1655377447605133,3.8175876140594482
642,-68.16215515136719,-77.8365193939209,1001,5.605143070220947,0.001,1,a2c_lr_high_seed1,-0.3421264588832855,11.89625358581543,0.8574004769325256,0.09986025094985962,2.849738359451294
642,-68.16215515136719,-77.8365193939209,1001,1.2447208166122437,0.001,1,a2c_lr_high_seed1,-1.122435450553894,4.736080646514893,0.8840848803520203,-0.8497076034545898,10.893406867980957
642,-68.16215515136719,-77.8365193939209,1001,2.6776304244995117,0.001,1,a2c_lr_high_seed1,-0.3140771687030792,5.985117435455322,0.8510397672653198,0.023137331008911133,1.5981245040893555
643,-83.37919616699219,-78.13131233215331,1001,3.7652015686035156,0.001,1,a2c_lr_high_seed1,0.05705612897872925,7.417896270751953,0.802659809589386,0.5026824474334717,7.840287208557129
643,-83.37919616699219,-78.13131233215331,1001,1.976387858390808,0.001,1,a2c_lr_high_seed1,-1.170961618423462,6.296286106109619,0.7935606241226196,-1.2063100337982178,15.143743515014648
643,-83.37919616699219,-78.13131233215331,1001,7.212861061096191,0.001,1,a2c_lr_high_seed1,-0.1511094570159912,14.729605674743652,0.8326141238212585,-0.2203373908996582,9.152046203613281
643,-83.37919616699219,-78.13131233215331,1001,5.746361255645752,0.001,1,a2c_lr_high_seed1,0.7999787330627441,9.894454956054688,0.8450568914413452,1.3225533962249756,16.396265029907227
643,-83.37919616699219,-78.13131233215331,1001,1.6480021476745605,0.001,1,a2c_lr_high_seed1,-0.4780431091785431,4.253843307495117,0.8764808773994446,-0.13777609169483185,1.82280433177948
643,-83.37919616699219,-78.13131233215331,1001,2.2995822429656982,0.001,1,a2c_lr_high_seed1,-1.8261017799377441,8.253024101257324,0.8280270099639893,-1.76149582862854,21.98233413696289
646,-68.77327728271484,-76.63793403625488,1001,15.878108978271484,0.001,1,a2c_lr_high_seed1,0.16712483763694763,31.423336029052734,0.6839247941970825,1.5806900262832642,15.361357688903809
646,-68.77327728271484,-76.63793403625488,1001,8.848350524902344,0.001,1,a2c_lr_high_seed1,0.9562662839889526,15.78584098815918,0.8364037275314331,1.389998435974121,19.016773223876953
647,-59.60227584838867,-75.79129776000977,1001,12.977951049804688,0.001,1,a2c_lr_high_seed1,0.9835439920425415,23.990375518798828,0.7808064818382263,1.9912062883377075,24.744600296020508
647,-59.60227584838867,-75.79129776000977,1001,6.138823986053467,0.001,1,a2c_lr_high_seed1,0.023427627980709076,12.232271194458008,0.739273190498352,0.7417451739311218,10.359973907470703
647,-59.60227584838867,-75.79129776000977,1001,4.487212181091309,0.001,1,a2c_lr_high_seed1,-0.13803865015506744,9.2520170211792,0.7574895024299622,-0.136379212141037,3.00215744972229
647,-59.60227584838867,-75.79129776000977,1001,6.2789764404296875,0.001,1,a2c_lr_high_seed1,0.49478334188461304,11.569986343383789,0.8001950979232788,0.6158026456832886,8.793054580688477
648,-66.14579772949219,-75.49575607299805,1001,6.966858386993408,0.001,1,a2c_lr_high_seed1,0.0827866643667221,13.769742012023926,0.7990067005157471,0.3282623887062073,5.142022132873535
648,-66.14579772949219,-75.49575607299805,1001,2.8219311237335205,0.001,1,a2c_lr_high_seed1,-0.5780729055404663,6.801696300506592,0.8443009853363037,-0.5719432234764099,8.228449821472168
649,-123.91682434082031,-75.63192886352539,1001,14.578277587890625,0.001,1,a2c_lr_high_seed1,0.6042853593826294,27.949575424194336,0.7956748604774475,0.6076331734657288,9.633790969848633
649,-123.91682434082031,-75.63192886352539,1001,5.704331398010254,0.001,1,a2c_lr_high_seed1,0.566270112991333,10.277777671813965,0.8275843858718872,0.41009971499443054,6.437614917755127
649,-123.91682434082031,-75.63192886352539,1001,6.29149866104126,0.001,1,a2c_lr_high_seed1,0.21583004295825958,12.153030395507812,0.8461931943893433,0.3505019545555115,6.002379894256592
649,-123.91682434082031,-75.63192886352539,1001,2.4665114879608154,0.001,1,a2c_lr_high_seed1,-0.48513665795326233,5.904952049255371,0.8277150392532349,-0.4763309359550476,6.213388442993164
649,-123.91682434082031,-75.63192886352539,1001,2.0006496906280518,0.001,1,a2c_lr_high_seed1,-0.9812324047088623,5.965365409851074,0.8006895184516907,-0.9761989712715149,12.589993476867676
649,-123.91682434082031,-75.63192886352539,1001,4.151576519012451,0.001,1,a2c_lr_high_seed1,-1.302680492401123,10.910137176513672,0.8117682933807373,-1.1953237056732178,15.294706344604492
649,-123.91682434082031,-75.63192886352539,1001,2.30242919921875,0.001,1,a2c_lr_high_seed1,-0.7214186787605286,6.049227714538574,0.766154944896698,-0.8109028339385986,10.465715408325195
649,-123.91682434082031,-75.63192886352539,1001,2.5179860591888428,0.001,1,a2c_lr_high_seed1,-0.9127569794654846,6.8631672859191895,0.8406283259391785,-1.0314083099365234,13.362055778503418
649,-123.91682434082031,-75.63192886352539,1001,2.2680740356445312,0.001,1,a2c_lr_high_seed1,-0.8663989305496216,6.270586013793945,0.8202371001243591,-0.8985819816589355,11.814067840576172
649,-123.91682434082031,-75.63192886352539,1001,2.9214601516723633,0.001,1,a2c_lr_high_seed1,-0.5579627752304077,6.960383892059326,0.769103467464447,-0.4198111593723297,6.300268650054932
649,-123.91682434082031,-75.63192886352539,1001,1.9791456460952759,0.001,1,a2c_lr_high_seed1,-0.8202195167541504,5.600293159484863,0.7814224362373352,-0.7786070108413696,10.233391761779785
649,-123.91682434082031,-75.63192886352539,1001,3.1203863620758057,0.001,1,a2c_lr_high_seed1,-1.6414045095443726,9.525113105773926,0.7654873728752136,-1.7176114320755005,22.35936737060547
649,-123.91682434082031,-75.63192886352539,1001,2.7169642448425293,0.001,1,a2c_lr_high_seed1,-0.6931988596916199,6.82191801071167,0.7958200573921204,-0.7410147786140442,9.81415843963623
650,-107.26285552978516,-75.71418823242188,1001,2.6278457641601562,0.001,1,a2c_lr_high_seed1,-0.34436360001564026,5.945998668670654,0.7897918224334717,-0.3004601001739502,4.599646091461182
650,-107.26285552978516,-75.71418823242188,1001,6.194209098815918,0.001,1,a2c_lr_high_seed1,-0.18322813510894775,12.756446838378906,0.7865297794342041,-0.00042206980288028717,2.8942370414733887
650,-107.26285552978516,-75.71418823242188,1001,3.5128371715545654,0.001,1,a2c_lr_high_seed1,-1.3654199838638306,9.758170127868652,0.8279331922531128,-1.6527045965194702,21.756805419921875
650,-107.26285552978516,-75.71418823242188,1001,5.29172945022583,0.001,1,a2c_lr_high_seed1,0.09024748206138611,10.404694557189941,0.8653420805931091,0.2299792319536209,3.0050368309020996
650,-107.26285552978516,-75.71418823242188,1001,3.196162462234497,0.001,1,a2c_lr_high_seed1,-0.28245434165000916,6.958957195281982,0.8619990348815918,0.1602255403995514,2.8344826698303223
651,-111.49849700927734,-76.32410827636718,1001,4.445891857147217,0.001,1,a2c_lr_high_seed1,-0.7424548268318176,10.378303527832031,0.8050768375396729,-0.3241245746612549,7.213492393493652
651,-111.49849700927734,-76.32410827636718,1001,5.89417839050293,0.001,1,a2c_lr_high_seed1,-0.7164111733436584,13.222732543945312,0.7765966653823853,-0.6175845265388489,10.090353965759277
651,-111.49849700927734,-76.32410827636718,1001,8.622822761535645,0.001,1,a2c_lr_high_seed1,0.5194348096847534,16.20838737487793,0.8058672547340393,1.2938196659088135,18.6395320892334
651,-111.49849700927734,-76.32410827636718,1001,2.123490333557129,0.001,1,a2c_lr_high_seed1,-0.9327781796455383,6.114253044128418,0.8579779267311096,-0.8110100030899048,11.26339054107666
651,-111.49849700927734,-76.32410827636718,1001,1.5500731468200684,0.001,1,a2c_lr_high_seed1,-0.8706876635551453,4.8430867195129395,0.7824599146842957,-0.5574519038200378,7.642758846282959
654,-85.49545288085938,-75.31618392944335,1001,6.9514665603637695,0.001,1,a2c_lr_high_seed1,0.7939525246620178,12.316563606262207,0.7678629755973816,1.406721591949463,17.38465690612793
654,-85.49545288085938,-75.31618392944335,1001,4.6230902671813965,0.001,1,a2c_lr_high_seed1,-0.48792117834091187,10.223560333251953,0.7686647176742554,-0.35444140434265137,6.04667854309082
655,-88.94798278808594,-75.93681541442871,1001,16.69759750366211,0.001,1,a2c_lr_high_seed1,1.5164488554000854,30.363767623901367,0.7346353530883789,2.556601047515869,33.61544418334961
655,-88.94798278808594,-75.93681541442871,1001,11.616621971130371,0.001,1,a2c_lr_high_seed1,1.0584052801132202,21.11804962158203,0.8076344728469849,1.4985734224319458,20.314172744750977
655,-88.94798278808594,-75.93681541442871,1001,6.065435886383057,0.001,1,a2c_lr_high_seed1,1.1097064018249512,9.91300106048584,0.7708450555801392,1.719709873199463,22.623245239257812
655,-88.94798278808594,-75.93681541442871,1001,2.0224430561065674,0.001,1,a2c_lr_high_seed1,-0.26238468289375305,4.571399211883545,0.8719057440757751,-0.1026330292224884,2.8208212852478027
656,-87.42451477050781,-76.17014930725098,1001,4.037757873535156,0.001,1,a2c_lr_high_seed1,0.23292918503284454,7.611236095428467,0.7890067100524902,0.5929006338119507,9.214672088623047
656,-87.42451477050781,-76.17014930725098,1001,3.504194974899292,0.001,1,a2c_lr_high_seed1,0.1666630208492279,6.676704406738281,0.8201215863227844,0.4467531740665436,6.186748027801514
657,-106.89967346191406,-75.9920972442627,1001,15.389415740966797,0.001,1,a2c_lr_high_seed1,0.47987550497055054,29.82065773010254,0.788597822189331,1.5870164632797241,22.0161190032959
657,-106.89967346191406,-75.9920972442627,1001,8.37842845916748,0.001,1,a2c_lr_high_seed1,0.17443546652793884,16.409637451171875,0.8258302807807922,0.5844141840934753,12.042587280273438
657,-106.89967346191406,-75.9920972442627,1001,7.83663272857666,0.001,1,a2c_lr_high_seed1,0.2619279623031616,15.151054382324219,0.8226019144058228,0.9655641317367554,13.471532821655273
657,-106.89967346191406,-75.9920972442627,1001,12.435868263244629,0.001,1,a2c_lr_high_seed1,1.8603297472000122,21.152647018432617,0.7850840091705322,2.6551289558410645,33.586944580078125
657,-106.89967346191406,-75.9920972442627,1001,4.811511516571045,0.001,1,a2c_lr_high_seed1,-0.46697884798049927,10.558631896972656,0.8254427909851074,-0.23907408118247986,7.420677185058594
658,-134.3419647216797,-77.13773170471191,593,115.53069305419922,0.001,1,a2c_lr_high_seed1,-3.9798636436462402,239.02264404296875,0.7622328400611877,-3.8311052322387695,64.65406036376953
658,-134.3419647216797,-77.13773170471191,593,3.0244126319885254,0.001,1,a2c_lr_high_seed1,0.0161723792552948,6.018194198608398,0.8569548726081848,0.5109565258026123,6.943463325500488
658,-134.3419647216797,-77.13773170471191,593,4.846981525421143,0.001,1,a2c_lr_high_seed1,-0.0061844587326049805,9.707942008972168,0.8051378130912781,0.5347367525100708,7.927244186401367
658,-134.3419647216797,-77.13773170471191,593,3.1023828983306885,0.001,1,a2c_lr_high_seed1,0.07782991230487823,6.050754547119141,0.8242945075035095,0.48240143060684204,6.104260444641113
658,-134.3419647216797,-77.13773170471191,593,5.980438232421875,0.001,1,a2c_lr_high_seed1,0.3050333857536316,11.352476119995117,0.8331304788589478,0.9657931923866272,12.798055648803711
658,-134.3419647216797,-77.13773170471191,593,3.781013011932373,0.001,1,a2c_lr_high_seed1,0.12048622965812683,7.322760105133057,0.8533358573913574,0.52458256483078,6.156088352203369
658,-134.3419647216797,-77.13773170471191,593,1.7782052755355835,0.001,1,a2c_lr_high_seed1,-0.5341675281524658,4.6263017654418945,0.7780256271362305,-0.17834612727165222,3.364097833633423
658,-134.3419647216797,-77.13773170471191,593,3.0030651092529297,0.001,1,a2c_lr_high_seed1,-0.21344393491744995,6.434597492218018,0.7897292375564575,0.3628217577934265,4.915228366851807
658,-134.3419647216797,-77.13773170471191,593,2.3215150833129883,0.001,1,a2c_lr_high_seed1,-0.42441949248313904,5.493566513061523,0.8486824035644531,-0.1066741794347763,2.16361665725708
659,-85.259033203125,-77.52696006774903,1001,4.978748321533203,0.001,1,a2c_lr_high_seed1,-1.2014707326889038,12.362138748168945,0.8499997854232788,-0.7972751259803772,10.988506317138672
659,-85.259033203125,-77.52696006774903,1001,3.3727915287017822,0.001,1,a2c_lr_high_seed1,0.4968037009239197,5.753652572631836,0.8384580016136169,1.0710710287094116,12.548165321350098
659,-85.259033203125,-77.52696006774903,1001,2.4855637550354004,0.001,1,a2c_lr_high_seed1,-1.21687912940979,7.4065375328063965,0.8258078098297119,-0.7861175537109375,9.94292163848877
659,-85.259033203125,-77.52696006774903,1001,4.660592079162598,0.001,1,a2c_lr_high_seed1,0.007161334156990051,9.308517456054688,0.8280261158943176,0.5020061731338501,6.821700096130371
659,-85.259033203125,-77.52696006774903,1001,2.5685946941375732,0.001,1,a2c_lr_high_seed1,-0.4157033860683441,5.970370292663574,0.8870940208435059,0.032232433557510376,2.6730616092681885
659,-85.259033203125,-77.52696006774903,1001,2.9654369354248047,0.001,1,a2c_lr_high_seed1,-0.33417192101478577,6.600905418395996,0.8436805605888367,0.014549274928867817,0.9564919471740723
659,-85.259033203125,-77.52696006774903,1001,1.4138195514678955,0.001,1,a2c_lr_high_seed1,-0.693513035774231,4.2163872718811035,0.8610139489173889,-0.46447819471359253,6.251204967498779
659,-85.259033203125,-77.52696006774903,1001,3.25030517578125,0.001,1,a2c_lr_high_seed1,-0.2510012686252594,7.004254341125488,0.8205522298812866,-0.05078349635004997,1.7706586122512817
659,-85.259033203125,-77.52696006774903,1001,8.040053367614746,0.001,1,a2c_lr_high_seed1,-1.3616671562194824,18.80512237548828,0.840580403804779,-1.6375343799591064,21.72880744934082
662,-86.578369140625,-77.32304214477539,1001,15.995945930480957,0.001,1,a2c_lr_high_seed1,1.6757190227508545,28.641855239868164,0.7009820342063904,2.4277212619781494,29.865406036376953
662,-86.578369140625,-77.32304214477539,1001,6.754612922668457,0.001,1,a2c_lr_high_seed1,-0.5903003811836243,14.691147804260254,0.6605856418609619,-0.16813015937805176,7.708664894104004
662,-86.578369140625,-77.32304214477539,1001,24.09177017211914,0.001,1,a2c_lr_high_seed1,1.7816908359527588,44.62158966064453,0.715481698513031,3.5168120861053467,43.28558349609375
663,-40.8991813659668,-76.65769905090332,1001,25.20321273803711,0.001,1,a2c_lr_high_seed1,1.4644969701766968,47.478759765625,0.6641099452972412,3.708354949951172,40.933631896972656
663,-40.8991813659668,-76.65769905090332,1001,12.796988487243652,0.001,1,a2c_lr_high_seed1,0.4585694670677185,24.678197860717773,0.6804341673851013,1.7003557682037354,21.671062469482422
664,136.1529083251953,-72.87630119323731,952,224.56541442871094,0.001,1,a2c_lr_high_seed1,0.1159670352935791,448.900390625,0.7499324083328247,6.399646282196045,112.61699676513672
664,136.1529083251953,-72.87630119323731,952,4.791263103485107,0.001,1,a2c_lr_high_seed1,0.41494840383529663,8.754190444946289,0.7804911136627197,0.7105744481086731,9.479595184326172
664,136.1529083251953,-72.87630119323731,952,10.589922904968262,0.001,1,a2c_lr_high_seed1,1.1293810606002808,18.922618865966797,0.7677230834960938,1.8394030332565308,20.69068717956543
664,136.1529083251953,-72.87630119323731,952,4.074963092803955,0.001,1,a2c_lr_high_seed1,0.06685738265514374,8.017895698547363,0.8423085808753967,0.28058332204818726,3.919753313064575
665,-30.033771514892578,-72.09109268188476,1001,3.8665754795074463,0.001,1,a2c_lr_high_seed1,-0.7929552793502808,9.32050609588623,0.7222753167152405,-0.65109783411026,8.656848907470703
665,-30.033771514892578,-72.09109268188476,1001,13.70698070526123,0.001,1,a2c_lr_high_seed1,0.4493451416492462,26.51681137084961,0.7703613638877869,0.6604061126708984,12.170088768005371
665,-30.033771514892578,-72.09109268188476,1001,8.22953987121582,0.001,1,a2c_lr_high_seed1,0.7166579961776733,15.027374267578125,0.8052828907966614,1.3862608671188354,17.21990394592285
665,-30.033771514892578,-72.09109268188476,1001,1.6376746892929077,0.001,1,a2c_lr_high_seed1,-0.7462673783302307,4.769479274749756,0.7976185083389282,-0.5672887563705444,7.325624942779541
665,-30.033771514892578,-72.09109268188476,1001,2.999303102493286,0.001,1,a2c_lr_high_seed1,-1.558166265487671,9.11660385131836,0.8326118588447571,-1.3775502443313599,16.326509475708008
667,-70.24291229248047,-71.48725708007812,379,147.55426025390625,0.001,1,a2c_lr_high_seed1,-4.139730930328369,303.3894348144531,0.7345700860023499,-3.987332582473755,70.70919036865234
667,-70.24291229248047,-71.48725708007812,379,4.26209831237793,0.001,1,a2c_lr_high_seed1,-0.7525009512901306,10.030816078186035,0.8088752627372742,-0.5562421083450317,8.953286170959473
667,-70.24291229248047,-71.48725708007812,379,5.347015857696533,0.001,1,a2c_lr_high_seed1,0.8159697651863098,9.063724517822266,0.8164539933204651,1.2920827865600586,16.479249954223633
667,-70.24291229248047,-71.48725708007812,379,2.8523755073547363,0.001,1,a2c_lr_high_seed1,-0.301529198884964,6.309450149536133,0.8203793168067932,0.043302588164806366,2.4921412467956543
667,-70.24291229248047,-71.48725708007812,379,1.5835329294204712,0.001,1,a2c_lr_high_seed1,-0.40782952308654785,3.9843897819519043,0.8324947357177734,-0.03203865885734558,1.344663143157959
667,-70.24291229248047,-71.48725708007812,379,1.7448445558547974,0.001,1,a2c_lr_high_seed1,-1.2146475315093994,5.920576572418213,0.7962391972541809,-1.1615227460861206,14.391672134399414
667,-70.24291229248047,-71.48725708007812,379,4.136897563934326,0.001,1,a2c_lr_high_seed1,-0.05298520624637604,8.3814115524292,0.8229459524154663,0.12960581481456757,2.5828680992126465
667,-70.24291229248047,-71.48725708007812,379,4.400754451751709,0.001,1,a2c_lr_high_seed1,-0.2425047755241394,9.288213729858398,0.8479135036468506,-0.1341489851474762,2.113503932952881
668,-64.73661041259766,-71.21891784667969,1001,8.254854202270508,0.001,1,a2c_lr_high_seed1,0.22749905288219452,16.05633544921875,0.8123136758804321,1.1099427938461304,11.164398193359375
668,-64.73661041259766,-71.21891784667969,1001,1.2814040184020996,0.001,1,a2c_lr_high_seed1,-1.0698059797286987,4.704023361206055,0.8016475439071655,-0.7691271305084229,9.480116844177246
668,-64.73661041259766,-71.21891784667969,1001,3.429854154586792,0.001,1,a2c_lr_high_seed1,-1.0029823780059814,8.867223739624023,0.7754288911819458,-0.8596810698509216,10.93125057220459
668,-64.73661041259766,-71.21891784667969,1001,2.583779811859131,0.001,1,a2c_lr_high_seed1,-1.0155495405197144,7.200352668762207,0.8469103574752808,-1.0452492237091064,13.08043098449707
668,-64.73661041259766,-71.21891784667969,1001,2.64129638671875,0.001,1,a2c_lr_high_seed1,0.34792983531951904,4.588237285614014,0.7519597411155701,0.751895546913147,9.292364120483398
668,-64.73661041259766,-71.21891784667969,1001,1.695294976234436,0.001,1,a2c_lr_high_seed1,-0.5318698883056641,4.455929756164551,0.8000047206878662,-0.432974249124527,5.713653087615967
668,-64.73661041259766,-71.21891784667969,1001,2.8435556888580322,0.001,1,a2c_lr_high_seed1,-1.1199322938919067,7.928597450256348,0.8108745813369751,-1.0914629697799683,13.577174186706543
668,-64.73661041259766,-71.21891784667969,1001,2.0946450233459473,0.001,1,a2c_lr_high_seed1,-0.643318772315979,5.477511405944824,0.7920867204666138,-0.5558432340621948,6.8675079345703125
668,-64.73661041259766,-71.21891784667969,1001,3.098911762237549,0.001,1,a2c_lr_high_seed1,-0.9960489273071289,8.191629409790039,0.854132890701294,-1.1605085134506226,14.605101585388184
669,-41.61181640625,-70.9090414428711,1001,2.6473212242126465,0.001,1,a2c_lr_high_seed1,-1.3480061292648315,7.992283344268799,0.8145342469215393,-1.1524523496627808,15.458889961242676
671,-59.960784912109375,-70.20595344543457,1001,7.1578049659729,0.001,1,a2c_lr_high_seed1,0.3640308678150177,13.588858604431152,0.655072808265686,1.1219524145126343,11.789510726928711
671,-59.960784912109375,-70.20595344543457,1001,7.378220081329346,0.001,1,a2c_lr_high_seed1,0.290628582239151,14.176775932312012,0.7964845895767212,0.5359407663345337,9.527426719665527
671,-59.960784912109375,-70.20595344543457,1001,9.946170806884766,0.001,1,a2c_lr_high_seed1,0.8378291726112366,18.21834945678711,0.8335628509521484,1.2617120742797852,21.0205020904541
671,-59.960784912109375,-70.20595344543457,1001,4.673905849456787,0.001,1,a2c_lr_high_seed1,0.10767224431037903,9.134170532226562,0.8516771793365479,0.3475297689437866,5.109126567840576
672,-50.74946594238281,-69.30938438415528,1001,4.981708526611328,0.001,1,a2c_lr_high_seed1,-0.013039186596870422,9.9910249710083,0.764967679977417,0.24110636115074158,7.142816543579102
672,-50.74946594238281,-69.30938438415528,1001,4.849906921386719,0.001,1,a2c_lr_high_seed1,-0.9954695701599121,11.692397117614746,0.8222718238830566,-0.7329275608062744,8.705108642578125
672,-50.74946594238281,-69.30938438415528,1001,2.332261800765991,0.001,1,a2c_lr_high_seed1,-1.0235767364501953,6.713319778442383,0.8213837146759033,-0.983912467956543,12.790254592895508
672,-50.74946594238281,-69.30938438415528,1001,2.0231997966766357,0.001,1,a2c_lr_high_seed1,-1.1912422180175781,6.430486679077148,0.8013358116149902,-1.2153427600860596,16.514862060546875
673,-78.95201110839844,-69.68556953430176,1001,3.7201366424560547,0.001,1,a2c_lr_high_seed1,-0.6137269735336304,8.669461250305176,0.8667905926704407,-0.5553895831108093,9.769521713256836
673,-78.95201110839844,-69.68556953430176,1001,2.0612101554870605,0.001,1,a2c_lr_high_seed1,-0.2947426736354828,4.713456153869629,0.775371789932251,-0.3074802756309509,4.596503257751465
673,-78.95201110839844,-69.68556953430176,1001,2.9034173488616943,0.001,1,a2c_lr_high_seed1,-0.19055426120758057,6.189479351043701,0.7678406834602356,-0.06663094460964203,3.6600492000579834
673,-78.95201110839844,-69.68556953430176,1001,2.3545665740966797,0.001,1,a2c_lr_high_seed1,-1.7339396476745605,8.178668975830078,0.8281521797180176,-1.83970046043396,23.96766471862793
673,-78.95201110839844,-69.68556953430176,1001,1.6885024309158325,0.001,1,a2c_lr_high_seed1,-0.9999359846115112,5.37852668762207,0.8249581456184387,-0.9683631658554077,13.80291748046875
674,-82.84293365478516,-70.00502342224121,1001,4.284351825714111,0.001,1,a2c_lr_high_seed1,-0.41547852754592896,9.401161193847656,0.7501007318496704,-0.19358110427856445,4.844080448150635
675,-75.14544677734375,-69.7484073638916,1001,7.682906627655029,0.001,1,a2c_lr_high_seed1,0.39951419830322266,14.568229675292969,0.7223624587059021,0.8286685943603516,8.859868049621582
675,-75.14544677734375,-69.7484073638916,1001,3.109820604324341,0.001,1,a2c_lr_high_seed1,-1.4320766925811768,9.085453033447266,0.8293180465698242,-1.8416781425476074,25.52231788635254
675,-75.14544677734375,-69.7484073638916,1001,2.5031375885009766,0.001,1,a2c_lr_high_seed1,-0.5624511241912842,6.132736682891846,0.7797337174415588,-0.4640989303588867,6.953914165496826
675,-75.14544677734375,-69.7484073638916,1001,1.4995195865631104,0.001,1,a2c_lr_high_seed1,-0.600954532623291,4.202547073364258,0.7994235157966614,-0.2960435748100281,4.3459649085998535
675,-75.14544677734375,-69.7484073638916,1001,3.2008111476898193,0.001,1,a2c_lr_high_seed1,-1.504373550415039,9.41195011138916,0.7903546094894409,-1.4773974418640137,20.714906692504883
675,-75.14544677734375,-69.7484073638916,1001,2.724062204360962,0.001,1,a2c_lr_high_seed1,-0.47417616844177246,6.398123264312744,0.8231928944587708,-0.41538769006729126,6.011960506439209
675,-75.14544677734375,-69.7484073638916,1001,1.7370717525482178,0.001,1,a2c_lr_high_seed1,-0.6578987836837769,4.791476726531982,0.7678797841072083,-0.4028145670890808,6.07609224319458
676,-103.66946411132812,-70.39541328430175,1001,5.296967506408691,0.001,1,a2c_lr_high_seed1,0.2514026165008545,10.092642784118652,0.7563080191612244,0.7037246227264404,9.226083755493164
676,-103.66946411132812,-70.39541328430175,1001,4.902821063995361,0.001,1,a2c_lr_high_seed1,-0.7320299744606018,11.271319389343262,0.808743953704834,-0.721337616443634,10.896184921264648
676,-103.66946411132812,-70.39541328430175,1001,3.869792938232422,0.001,1,a2c_lr_high_seed1,-0.5940896272659302,8.929370880126953,0.8028913736343384,-0.16994133591651917,3.1768858432769775
676,-103.66946411132812,-70.39541328430175,1001,2.469021797180176,0.001,1,a2c_lr_high_seed1,-0.36367353796958923,5.667035102844238,0.8223420977592468,-0.07832162082195282,2.554551601409912
676,-103.66946411132812,-70.39541328430175,1001,2.460667133331299,0.001,1,a2c_lr_high_seed1,-0.29678529500961304,5.516549110412598,0.8221305012702942,0.200810506939888,3.129718780517578
676,-103.66946411132812,-70.39541328430175,1001,1.8016433715820312,0.001,1,a2c_lr_high_seed1,-1.5618562698364258,6.728672981262207,0.8368512988090515,-1.482941746711731,20.9376220703125
676,-103.66946411132812,-70.39541328430175,1001,3.3906939029693604,0.001,1,a2c_lr_high_seed1,-0.48387205600738525,7.750789165496826,0.828575074672699,-0.24236980080604553,3.6654696464538574
676,-103.66946411132812,-70.39541328430175,1001,2.160832166671753,0.001,1,a2c_lr_high_seed1,-0.15274256467819214,4.628627300262451,0.7388481497764587,0.3823767304420471,5.082947731018066
676,-103.66946411132812,-70.39541328430175,1001,2.0214948654174805,0.001,1,a2c_lr_high_seed1,-0.35178259015083313,4.748176574707031,0.8107690215110779,-0.10569854080677032,1.9637819528579712
676,-103.66946411132812,-70.39541328430175,1001,2.390576124191284,0.001,1,a2c_lr_high_seed1,-0.5197381973266602,5.8222784996032715,0.8250265717506409,-0.15778164565563202,2.903536081314087
679,-107.24624633789062,-73.25445449829101,1001,13.525960922241211,0.001,1,a2c_lr_high_seed1,0.3003341853618622,26.4527530670166,0.7494617104530334,1.0132293701171875,17.43848419189453
679,-107.24624633789062,-73.25445449829101,1001,9.296126365661621,0.001,1,a2c_lr_high_seed1,0.742233395576477,17.109375,0.7946398854255676,1.3410429954528809,19.708572387695312
679,-107.24624633789062,-73.25445449829101,1001,8.641107559204102,0.001,1,a2c_lr_high_seed1,0.5517719984054565,16.18010902404785,0.7192157506942749,1.3775248527526855,19.816913604736328
679,-107.24624633789062,-73.25445449829101,1001,3.7615256309509277,0.001,1,a2c_lr_high_seed1,-0.25088876485824585,8.026410102844238,0.7906965017318726,0.16135747730731964,2.389125347137451
679,-107.24624633789062,-73.25445449829101,1001,3.457692861557007,0.001,1,a2c_lr_high_seed1,0.09132888168096542,6.734297752380371,0.7849724888801575,0.5896711349487305,8.407038688659668
680,-95.15081787109375,-74.09820404052735,1001,6.079843997955322,0.001,1,a2c_lr_high_seed1,0.40642714500427246,11.348396301269531,0.7816795110702515,0.6851025223731995,10.072796821594238
680,-95.15081787109375,-74.09820404052735,1001,4.09529447555542,0.001,1,a2c_lr_high_seed1,-0.5617572665214539,9.315669059753418,0.782976508140564,-0.27102506160736084,5.7804388999938965
680,-95.15081787109375,-74.09820404052735,1001,2.644700527191162,0.001,1,a2c_lr_high_seed1,-0.2027292251586914,5.696444988250732,0.7927554845809937,-0.04646557569503784,2.0343756675720215
681,-133.63539123535156,-75.30526153564453,1001,9.634659767150879,0.001,1,a2c_lr_high_seed1,0.3146730065345764,18.641468048095703,0.747416615486145,0.8674455285072327,13.863709449768066
681,-133.63539123535156,-75.30526153564453,1001,4.240661144256592,0.001,1,a2c_lr_high_seed1,0.0074923038482666016,8.467850685119629,0.7569693922996521,0.4158443212509155,5.346521377563477
681,-133.63539123535156,-75.30526153564453,1001,18.212291717529297,0.001,1,a2c_lr_high_seed1,0.43614462018013,35.55387878417969,0.79144686460495,1.0964388847351074,18.440589904785156
681,-133.63539123535156,-75.30526153564453,1001,2.0380988121032715,0.001,1,a2c_lr_high_seed1,-0.25707995891571045,4.59203577041626,0.8391635417938232,0.09360949695110321,1.8066895008087158
681,-133.63539123535156,-75.30526153564453,1001,2.995023250579834,0.001,1,a2c_lr_high_seed1,-1.6115138530731201,9.214701652526855,0.8137499094009399,-1.6632503271102905,22.265756607055664
682,-86.59794616699219,-76.2827155303955,1001,5.512445449829102,0.001,1,a2c_lr_high_seed1,0.0789746344089508,10.868473052978516,0.7657639980316162,0.5982341170310974,9.032716751098633
683,-95.26522064208984,-77.07854026794433,1001,8.371366500854492,0.001,1,a2c_lr_high_seed1,-0.7581852674484253,18.260663986206055,0.78010094165802,-0.5352287888526917,6.890076160430908
683,-95.26522064208984,-77.07854026794433,1001,12.37353801727295,0.001,1,a2c_lr_high_seed1,0.6904913783073425,23.367645263671875,0.7762892842292786,1.4383823871612549,21.31487274169922
683,-95.26522064208984,-77.07854026794433,1001,4.7385149002075195,0.001,1,a2c_lr_high_seed1,0.2547253966331482,8.969141960144043,0.7814459800720215,0.5791174173355103,8.987706184387207
683,-95.26522064208984,-77.07854026794433,1001,3.607701539993286,0.001,1,a2c_lr_high_seed1,-0.3783091902732849,7.973603248596191,0.7907816767692566,-0.46645820140838623,6.767674446105957
683,-95.26522064208984,-77.07854026794433,1001,3.9297478199005127,0.001,1,a2c_lr_high_seed1,-0.8989195823669434,9.65897274017334,0.8189378976821899,-0.9415571689605713,12.986860275268555
683,-95.26522064208984,-77.07854026794433,1001,3.8405869007110596,0.001,1,a2c_lr_high_seed1,-0.08131927996873856,7.845365047454834,0.7762004137039185,0.08425581455230713,2.2866015434265137
683,-95.26522064208984,-77.07854026794433,1001,4.161679267883301,0.001,1,a2c_lr_high_seed1,0.026397617533802986,8.272183418273926,0.8102205991744995,0.22019696235656738,3.7719764709472656
683,-95.26522064208984,-77.07854026794433,1001,2.2028799057006836,0.001,1,a2c_lr_high_seed1,-0.6460695862770081,5.6994404792785645,0.7708240151405334,-0.5051443576812744,7.1900224685668945
684,-94.62814331054688,-77.04044639587403,1001,4.265509128570557,0.001,1,a2c_lr_high_seed1,0.1421935111284256,8.24809741973877,0.7327719330787659,0.6024646759033203,7.157211780548096
684,-94.62814331054688,-77.04044639587403,1001,3.7719995975494385,0.001,1,a2c_lr_high_seed1,-1.2476714849472046,10.040770530700684,0.7139525413513184,-1.1306047439575195,15.620800971984863
684,-94.62814331054688,-77.04044639587403,1001,3.9502298831939697,0.001,1,a2c_lr_high_seed1,-0.6455206274986267,9.192965507507324,0.7322410345077515,-0.6577188372612,9.181922912597656
684,-94.62814331054688,-77.04044639587403,1001,2.3472795486450195,0.001,1,a2c_lr_high_seed1,-0.270646870136261,5.2374420166015625,0.7947244644165039,-0.04261356592178345,1.8126263618469238
684,-94.62814331054688,-77.04044639587403,1001,2.0852653980255127,0.001,1,a2c_lr_high_seed1,-1.085928201675415,6.343900680541992,0.756671667098999,-0.8248639702796936,11.146265983581543
684,-94.62814331054688,-77.04044639587403,1001,3.6099331378936768,0.001,1,a2c_lr_high_seed1,0.14117933809757233,6.93906831741333,0.7802478075027466,0.5790261030197144,7.549148082733154
684,-94.62814331054688,-77.04044639587403,1001,1.8617057800292969,0.001,1,a2c_lr_high_seed1,-0.5104328393936157,4.7458415031433105,0.7821598649024963,-0.23651501536369324,3.643324375152588
684,-94.62814331054688,-77.04044639587403,1001,1.6078367233276367,0.001,1,a2c_lr_high_seed1,-0.29567474126815796,3.80859112739563,0.7841871380805969,0.02292395383119583,1.4506556987762451
684,-94.62814331054688,-77.04044639587403,1001,1.705524206161499,0.001,1,a2c_lr_high_seed1,-0.7240169048309326,4.86063289642334,0.775361180305481,-0.48513901233673096,7.157249450683594
687,-74.94124603271484,-75.73344596862793,1001,8.305244445800781,0.001,1,a2c_lr_high_seed1,0.5898627042770386,15.432275772094727,0.7561590671539307,1.705100417137146,19.635202407836914
687,-74.94124603271484,-75.73344596862793,1001,4.078357219696045,0.001,1,a2c_lr_high_seed1,0.09000541269779205,7.978206634521484,0.7514122128486633,0.4747753143310547,6.620014667510986
687,-74.94124603271484,-75.73344596862793,1001,5.354191780090332,0.001,1,a2c_lr_high_seed1,0.14163519442081451,10.426678657531738,0.7831469178199768,0.6274252533912659,10.324435234069824
687,-74.94124603271484,-75.73344596862793,1001,4.410550117492676,0.001,1,a2c_lr_high_seed1,-0.9140634536743164,10.650778770446777,0.7757618427276611,-0.6407254934310913,9.764598846435547
687,-74.94124603271484,-75.73344596862793,1001,3.1763787269592285,0.001,1,a2c_lr_high_seed1,-0.025217022746801376,6.404826641082764,0.8175796270370483,0.5473763346672058,7.87076473236084
688,-79.43440246582031,-76.33515007019042,1001,6.045072555541992,0.001,1,a2c_lr_high_seed1,0.6247031688690186,10.842350006103516,0.8059892654418945,0.9478490352630615,12.371429443359375
688,-79.43440246582031,-76.33515007019042,1001,2.420924425125122,0.001,1,a2c_lr_high_seed1,-0.2218845784664154,5.287347793579102,0.8649090528488159,0.10650255531072617,3.3675031661987305
688,-79.43440246582031,-76.33515007019042,1001,6.512918472290039,0.001,1,a2c_lr_high_seed1,0.368944376707077,12.289534568786621,0.7927684783935547,1.1583107709884644,16.19115447998047
689,-54.411705017089844,-75.26435844421387,1001,4.089915752410889,0.001,1,a2c_lr_high_seed1,0.44980910420417786,7.2817535400390625,0.7702706456184387,1.0805621147155762,14.449947357177734
689,-54.411705017089844,-75.26435844421387,1001,3.4384610652923584,0.001,1,a2c_lr_high_seed1,0.06054076552391052,6.757480144500732,0.819641649723053,0.5488507747650146,8.173134803771973
689,-54.411705017089844,-75.26435844421387,1001,2.3117353916168213,0.001,1,a2c_lr_high_seed1,-0.3383086919784546,5.301626205444336,0.7689780592918396,0.34533554315567017,4.584151268005371
689,-54.411705017089844,-75.26435844421387,1001,2.068206787109375,0.001,1,a2c_lr_high_seed1,-0.3603369891643524,4.858666896820068,0.7896395921707153,0.01705557480454445,2.310222625732422
689,-54.411705017089844,-75.26435844421387,1001,4.817834377288818,0.001,1,a2c_lr_high_seed1,0.027046971023082733,9.583154678344727,0.7901730537414551,0.4950547218322754,7.453124046325684
690,-35.55812454223633,-73.67256576538085,1001,4.129330158233643,0.001,1,a2c_lr_high_seed1,0.08739912509918213,8.085450172424316,0.7940168380737305,0.5449202060699463,6.662876129150391
691,-40.10869598388672,-71.76540008544922,1001,4.43980598449707,0.001,1,a2c_lr_high_seed1,0.41045159101486206,8.060073852539062,0.6822072267532349,1.035335898399353,12.46285343170166
691,-40.10869598388672,-71.76540008544922,1001,7.339233875274658,0.001,1,a2c_lr_high_seed1,-0.06065267324447632,14.80125904083252,0.7431039214134216,0.47142693400382996,8.583158493041992
691,-40.10869598388672,-71.76540008544922,1001,6.305052757263184,0.001,1,a2c_lr_high_seed1,-0.3702840507030487,13.352300643920898,0.8135727047920227,-0.13368821144104004,6.958606243133545
691,-40.10869598388672,-71.76540008544922,1001,4.044789791107178,0.001,1,a2c_lr_high_seed1,0.4265119433403015,7.2381768226623535,0.8108319640159607,0.8498905897140503,12.321569442749023
691,-40.10869598388672,-71.76540008544922,1001,4.582108020782471,0.001,1,a2c_lr_high_seed1,0.6105144023895264,7.944764137268066,0.7880415916442871,1.2716615200042725,15.745851516723633
691,-40.10869598388672,-71.76540008544922,1001,2.862035036087036,0.001,1,a2c_lr_high_seed1,-0.3369652330875397,6.399406909942627,0.7030358910560608,0.32057780027389526,4.510500431060791
691,-40.10869598388672,-71.76540008544922,1001,2.3083364963531494,0.001,1,a2c_lr_high_seed1,-0.8913540840148926,6.401006698608398,0.8126748204231262,-0.7862545847892761,10.202300071716309
691,-40.10869598388672,-71.76540008544922,1001,2.9406299591064453,0.001,1,a2c_lr_high_seed1,-0.28207075595855713,6.4468841552734375,0.7413961291313171,-0.06098928675055504,2.1604666709899902
692,-65.96955871582031,-71.72154815673828,1001,5.071872234344482,0.001,1,a2c_lr_high_seed1,-0.08908423036336899,10.323330879211426,0.7089811563491821,0.30601584911346436,5.04393196105957
692,-65.96955871582031,-71.72154815673828,1001,3.4331142902374268,0.001,1,a2c_lr_high_seed1,-0.03644031286239624,6.940673351287842,0.7820698022842407,0.45792168378829956,6.452155590057373
692,-65.96955871582031,-71.72154815673828,1001,13.40125560760498,0.001,1,a2c_lr_high_seed1,0.5889948010444641,25.62611198425293,0.7952423095703125,1.3523850440979004,19.55698585510254
692,-65.96955871582031,-71.72154815673828,1001,2.232880115509033,0.001,1,a2c_lr_high_seed1,-0.7933206558227539,6.054092884063721,0.8456631302833557,-0.711884617805481,9.420016288757324
692,-65.96955871582031,-71.72154815673828,1001,2.75557804107666,0.001,1,a2c_lr_high_seed1,-0.4120618999004364,6.336844444274902,0.7822369933128357,0.015077728778123856,2.547590732574463
692,-65.96955871582031,-71.72154815673828,1001,3.698073148727417,0.001,1,a2c_lr_high_seed1,-1.4428155422210693,10.283388137817383,0.8053120374679565,-1.4519975185394287,17.90729331970215
692,-65.96955871582031,-71.72154815673828,1001,3.5452091693878174,0.001,1,a2c_lr_high_seed1,-0.07911317050457001,7.250344753265381,0.8499055504798889,0.2581306993961334,3.7766001224517822
692,-65.96955871582031,-71.72154815673828,1001,2.658092975616455,0.001,1,a2c_lr_high_seed1,-0.39048415422439575,6.098740100860596,0.7930766940116882,-0.00842595100402832,3.063988447189331
692,-65.96955871582031,-71.72154815673828,1001,5.107054710388184,0.001,1,a2c_lr_high_seed1,0.4559684097766876,9.303735733032227,0.7813091278076172,1.024154782295227,12.731035232543945
695,-77.59077453613281,-74.08157577514649,1001,154.33644104003906,0.001,1,a2c_lr_high_seed1,0.09964869916439056,308.47491455078125,0.67269366979599,-4.048312664031982,89.5657730102539
695,-77.59077453613281,-74.08157577514649,1001,5.034780979156494,0.001,1,a2c_lr_high_seed1,-0.4721241593360901,11.015358924865723,0.7742398977279663,0.21183942258358002,5.4044294357299805
695,-77.59077453613281,-74.08157577514649,1001,8.220370292663574,0.001,1,a2c_lr_high_seed1,0.6636835932731628,15.114940643310547,0.7842075228691101,1.3498826026916504,15.978791236877441
695,-77.59077453613281,-74.08157577514649,1001,4.026337623596191,0.001,1,a2c_lr_high_seed1,-0.42359843850135803,8.901479721069336,0.8037801384925842,-0.053156379610300064,6.373157978057861
695,-77.59077453613281,-74.08157577514649,1001,2.015448808670044,0.001,1,a2c_lr_high_seed1,-0.4304383099079132,4.893378257751465,0.8020946979522705,0.075675830245018,2.166283130645752
696,-30.493907928466797,-73.31598838806153,1001,3.695235252380371,0.001,1,a2c_lr_high_seed1,-0.47067034244537354,8.333443641662598,0.8163363933563232,-0.12785854935646057,3.130131244659424
696,-30.493907928466797,-73.31598838806153,1001,2.0036911964416504,0.001,1,a2c_lr_high_seed1,-0.7894719839096069,5.587965965270996,0.8196431398391724,-0.724730908870697,9.252164840698242
696,-30.493907928466797,-73.31598838806153,1001,2.868255853652954,0.001,1,a2c_lr_high_seed1,-0.7929937839508057,7.324114799499512,0.8077329397201538,-0.569521427154541,7.812116622924805
696,-30.493907928466797,-73.31598838806153,1001,2.3790903091430664,0.001,1,a2c_lr_high_seed1,-0.1304950714111328,5.020650863647461,0.7400134205818176,0.03447076678276062,1.9459353685379028
697,-65.99105072021484,-73.44376388549804,1001,3.6283323764801025,0.001,1,a2c_lr_high_seed1,-0.40060701966285706,8.059331893920898,0.7265254855155945,-0.25500422716140747,4.546909809112549
697,-65.99105072021484,-73.44376388549804,1001,3.284274101257324,0.001,1,a2c_lr_high_seed1,-0.738467812538147,8.046943664550781,0.7300439476966858,-0.6250009536743164,8.114139556884766
697,-65.99105072021484,-73.44376388549804,1001,6.366879940032959,0.001,1,a2c_lr_high_seed1,0.17757314443588257,12.380115509033203,0.7510148286819458,0.6715386509895325,11.027887344360352
697,-65.99105072021484,-73.44376388549804,1001,10.758639335632324,0.001,1,a2c_lr_high_seed1,0.057448893785476685,21.40395164489746,0.785839855670929,0.3983008861541748,13.539266586303711
697,-65.99105072021484,-73.44376388549804,1001,2.832159996032715,0.001,1,a2c_lr_high_seed1,-0.34009960293769836,6.346099376678467,0.7900837659835815,0.027434326708316803,2.7847025394439697
698,-91.25680541992188,-73.94598403930664,1001,4.379639625549316,0.001,1,a2c_lr_high_seed1,-0.5884231328964233,9.937679290771484,0.7765754461288452,-0.5684023499488831,8.414433479309082
699,-64.65313720703125,-72.76071029663086,1001,7.866379737854004,0.001,1,a2c_lr_high_seed1,0.32477006316185,15.08473014831543,0.7551198601722717,0.524107038974762,9.130777359008789
699,-64.65313720703125,-72.76071029663086,1001,6.446186065673828,0.001,1,a2c_lr_high_seed1,-0.8948958516120911,14.683676719665527,0.7560515999794006,-1.221042275428772,18.251493453979492
699,-64.65313720703125,-72.76071029663086,1001,6.901412010192871,0.001,1,a2c_lr_high_seed1,0.20539677143096924,13.393600463867188,0.7849767208099365,0.7700778245925903,10.536863327026367
699,-64.65313720703125,-72.76071029663086,1001,4.305217742919922,0.001,1,a2c_lr_high_seed1,-1.0734615325927734,10.758918762207031,0.7803006172180176,-1.2583831548690796,16.786550521850586
699,-64.65313720703125,-72.76071029663086,1001,1.9430776834487915,0.001,1,a2c_lr_high_seed1,-0.05059000104665756,3.988950490951538,0.807495653629303,0.06672472506761551,1.5642720460891724
700,-95.0467758178711,-72.51638870239258,372,146.28199768066406,0.001,1,a2c_lr_high_seed1,-6.141497611999512,304.8486022949219,0.8038110733032227,-6.80790376663208,102.19522857666016
700,-95.0467758178711,-72.51638870239258,372,2.5761611461639404,0.001,1,a2c_lr_high_seed1,-0.3646230697631836,5.883134841918945,0.7832102179527283,-0.42041847109794617,5.5028462409973145
701,-48.296348571777344,-71.25234573364258,1001,6.306850910186768,0.001,1,a2c_lr_high_seed1,-0.7228222489356995,14.06074333190918,0.6983341574668884,-0.27451905608177185,4.977384090423584
701,-48.296348571777344,-71.25234573364258,1001,3.3153059482574463,0.001,1,a2c_lr_high_seed1,-0.29986318945884705,7.231893062591553,0.7774636745452881,-0.43128296732902527,7.230591297149658
701,-48.296348571777344,-71.25234573364258,1001,4.440464019775391,0.001,1,a2c_lr_high_seed1,0.36635690927505493,8.149785041809082,0.7852410078048706,0.6731922030448914,9.425959587097168
701,-48.296348571777344,-71.25234573364258,1001,4.35694694519043,0.001,1,a2c_lr_high_seed1,-0.5688087344169617,9.852962493896484,0.7258284687995911,-0.48174625635147095,9.103986740112305
701,-48.296348571777344,-71.25234573364258,1001,4.018571376800537,0.001,1,a2c_lr_high_seed1,-0.5647027492523193,9.168054580688477,0.7529283165931702,-0.5530939102172852,8.003740310668945
701,-48.296348571777344,-71.25234573364258,1001,2.5449612140655518,0.001,1,a2c_lr_high_seed1,-0.8064666986465454,6.704337120056152,0.7408744096755981,-0.8212394714355469,11.185694694519043
701,-48.296348571777344,-71.25234573364258,1001,2.010098457336426,0.001,1,a2c_lr_high_seed1,-0.36110028624534607,4.743946075439453,0.7743855714797974,-0.26160091161727905,4.669321060180664
701,-48.296348571777344,-71.25234573364258,1001,2.3102786540985107,0.001,1,a2c_lr_high_seed1,-1.6464271545410156,7.914973258972168,0.7808035612106323,-1.8881720304489136,25.74337387084961
701,-48.296348571777344,-71.25234573364258,1001,2.326068162918091,0.001,1,a2c_lr_high_seed1,-0.5163490772247314,5.686406135559082,0.7857691049575806,-0.45253053307533264,6.371223449707031
701,-48.296348571777344,-71.25234573364258,1001,3.054258108139038,0.001,1,a2c_lr_high_seed1,-1.057102918624878,8.22425651550293,0.7673228979110718,-1.0146253108978271,15.032907485961914
704,-95.86637115478516,-71.02711975097657,1001,11.319184303283691,0.001,1,a2c_lr_high_seed1,-0.4004479944705963,23.440582275390625,0.6585136651992798,-0.5180600881576538,13.911510467529297
704,-95.86637115478516,-71.02711975097657,1001,19.200820922851562,0.001,1,a2c_lr_high_seed1,1.5923943519592285,35.21835708618164,0.7516759634017944,2.2007546424865723,32.291194915771484
704,-95.86637115478516,-71.02711975097657,1001,5.78057861328125,0.001,1,a2c_lr_high_seed1,0.5764139294624329,10.409870147705078,0.7704682946205139,1.0752519369125366,16.4215145111084
704,-95.86637115478516,-71.02711975097657,1001,4.058170795440674,0.001,1,a2c_lr_high_seed1,-0.23637209832668304,8.590715408325195,0.8147872686386108,-0.1320992112159729,5.580965995788574
705,-117.4080810546875,-71.5963217163086,1001,4.352769374847412,0.001,1,a2c_lr_high_seed1,-0.22915171086788177,9.165417671203613,0.7877267599105835,-0.188114732503891,3.8794097900390625
705,-117.4080810546875,-71.5963217163086,1001,3.2814438343048096,0.001,1,a2c_lr_high_seed1,-0.7687923908233643,8.101988792419434,0.7580567002296448,-0.5320807695388794,7.724996566772461
705,-117.4080810546875,-71.5963217163086,1001,4.7681732177734375,0.001,1,a2c_lr_high_seed1,0.4580290913581848,8.621825218200684,0.7685439586639404,0.9778900742530823,14.366937637329102
705,-117.4080810546875,-71.5963217163086,1001,2.38861083984375,0.001,1,a2c_lr_high_seed1,-1.1699460744857788,7.118656158447266,0.7710397243499756,-1.2603455781936646,17.48032569885254
705,-117.4080810546875,-71.5963217163086,1001,3.158012866973877,0.001,1,a2c_lr_high_seed1,-0.5906205177307129,7.49875545501709,0.7443874478340149,-0.5312245488166809,8.152474403381348
705,-117.4080810546875,-71.5963217163086,1001,3.0706896781921387,0.001,1,a2c_lr_high_seed1,-0.5845776200294495,7.312042236328125,0.7539026141166687,-0.2459934651851654,4.01336145401001
705,-117.4080810546875,-71.5963217163086,1001,1.7665987014770508,0.001,1,a2c_lr_high_seed1,-0.4779090881347656,4.490687370300293,0.835932195186615,-0.34770309925079346,5.260998725891113
705,-117.4080810546875,-71.5963217163086,1001,2.0276529788970947,0.001,1,a2c_lr_high_seed1,-0.31039735674858093,4.677555084228516,0.727175772190094,0.016578983515501022,1.4149909019470215
705,-117.4080810546875,-71.5963217163086,1001,1.6811469793319702,0.001,1,a2c_lr_high_seed1,-0.6404278874397278,4.644742488861084,0.7964406609535217,-0.32301539182662964,5.195533275604248
706,-69.0024642944336,-71.2278807067871,1001,5.334109306335449,0.001,1,a2c_lr_high_seed1,0.6562742590904236,9.357145309448242,0.7378363013267517,1.2461897134780884,16.28815269470215
707,-94.65988159179688,-70.98308486938477,1001,4.46787691116333,0.001,1,a2c_lr_high_seed1,-0.380887508392334,9.698991775512695,0.7313188314437866,-0.11191608011722565,4.865686893463135
707,-94.65988159179688,-70.98308486938477,1001,3.223659038543701,0.001,1,a2c_lr_high_seed1,0.014598041772842407,6.419680595397949,0.7793439626693726,0.25400424003601074,5.562129497528076
707,-94.65988159179688,-70.98308486938477,1001,6.167852401733398,0.001,1,a2c_lr_high_seed1,0.3492802679538727,11.638583183288574,0.7195731997489929,0.9250956177711487,13.448005676269531
707,-94.65988159179688,-70.98308486938477,1001,2.4913811683654785,0.001,1,a2c_lr_high_seed1,-1.2156636714935303,7.415717124938965,0.8137578964233398,-0.9888674020767212,14.58971118927002
707,-94.65988159179688,-70.98308486938477,1001,1.6022772789001465,0.001,1,a2c_lr_high_seed1,-0.6291488409042358,4.464413642883301,0.7806581854820251,-0.3733922243118286,5.859597682952881
707,-94.65988159179688,-70.98308486938477,1001,2.9464316368103027,0.001,1,a2c_lr_high_seed1,-0.7443527579307556,7.383097171783447,0.7640722990036011,-0.35372036695480347,6.13150691986084
708,-116.83907318115234,-70.63302703857421,1001,3.4101650714874268,0.001,1,a2c_lr_high_seed1,-0.7596269845962524,8.341057777404785,0.7369832992553711,-0.480573832988739,8.475118637084961
709,-52.403236389160156,-69.97591110229492,1001,5.034886837005615,0.001,1,a2c_lr_high_seed1,0.11812198162078857,9.834861755371094,0.665993332862854,0.2551101744174957,5.1439080238342285
709,-52.403236389160156,-69.97591110229492,1001,8.604999542236328,0.001,1,a2c_lr_high_seed1,0.7667297124862671,15.678077697753906,0.7689871788024902,1.5336402654647827,19.81694984436035
709,-52.403236389160156,-69.97591110229492,1001,4.848830699920654,0.001,1,a2c_lr_high_seed1,-0.1315854787826538,9.962321281433105,0.7441129088401794,-0.3630325496196747,7.14666223526001
709,-52.403236389160156,-69.97591110229492,1001,15.770875930786133,0.001,1,a2c_lr_high_seed1,0.6478341817855835,30.2475528717041,0.7339296936988831,1.4786057472229004,23.120819091796875
709,-52.403236389160156,-69.97591110229492,1001,4.632460117340088,0.001,1,a2c_lr_high_seed1,0.7946864366531372,7.677060127258301,0.7560427784919739,1.1334812641143799,16.773521423339844
709,-52.403236389160156,-69.97591110229492,1001,3.644972801208496,0.001,1,a2c_lr_high_seed1,-0.4449988603591919,8.181617736816406,0.8373984098434448,-0.3056945502758026,5.122612476348877
709,-52.403236389160156,-69.97591110229492,1001,2.443010091781616,0.001,1,a2c_lr_high_seed1,-0.08577856421470642,5.059177875518799,0.8003512620925903,0.14625254273414612,3.1373207569122314
709,-52.403236389160156,-69.97591110229492,1001,3.1471683979034424,0.001,1,a2c_lr_high_seed1,-0.4193577766418457,7.134605884552002,0.7768065929412842,-0.43409571051597595,7.460952281951904
709,-52.403236389160156,-69.97591110229492,1001,1.3484702110290527,0.001,1,a2c_lr_high_seed1,-0.7126318216323853,4.123798847198486,0.7973963022232056,-0.5143447518348694,7.342254638671875
709,-52.403236389160156,-69.97591110229492,1001,3.0129666328430176,0.001,1,a2c_lr_high_seed1,-0.29976946115493774,6.627005100250244,0.7664375305175781,-0.06716558337211609,3.5523204803466797
712,-85.00697326660156,-71.16513229370118,1001,9.515448570251465,0.001,1,a2c_lr_high_seed1,0.772419810295105,17.487436294555664,0.6891010999679565,1.8892571926116943,20.850622177124023
712,-85.00697326660156,-71.16513229370118,1001,4.719170093536377,0.001,1,a2c_lr_high_seed1,-0.08313047885894775,9.605847358703613,0.6232144236564636,0.5869972705841064,8.042654991149902
712,-85.00697326660156,-71.16513229370118,1001,19.815322875976562,0.001,1,a2c_lr_high_seed1,1.9026439189910889,35.82680130004883,0.7202180624008179,3.3294944763183594,48.875823974609375
712,-85.00697326660156,-71.16513229370118,1001,6.344700813293457,0.001,1,a2c_lr_high_seed1,0.30713891983032227,12.076659202575684,0.7675904035568237,0.9894454479217529,14.946426391601562
712,-85.00697326660156,-71.16513229370118,1001,3.363816022872925,0.001,1,a2c_lr_high_seed1,0.35905522108078003,6.0110578536987305,0.7682365775108337,0.7017014622688293,10.025744438171387
713,-52.869667053222656,-71.4045420074463,1001,4.632565975189209,0.001,1,a2c_lr_high_seed1,0.2856142818927765,8.695432662963867,0.7648314237594604,0.9139096736907959,13.374667167663574
713,-52.869667053222656,-71.4045420074463,1001,4.6652727127075195,0.001,1,a2c_lr_high_seed1,-0.016833843663334846,9.36579704284668,0.7919263243675232,0.2805233597755432,5.161798477172852
713,-52.869667053222656,-71.4045420074463,1001,2.590996265411377,0.001,1,a2c_lr_high_seed1,-0.07836195081472397,5.340272426605225,0.7779635190963745,0.30101796984672546,6.261960506439209
713,-52.869667053222656,-71.4045420074463,1001,2.601414918899536,0.001,1,a2c_lr_high_seed1,-0.2242594212293625,5.652870178222656,0.7607119679450989,0.11721660196781158,4.611190319061279
713,-52.869667053222656,-71.4045420074463,1001,2.3588929176330566,0.001,1,a2c_lr_high_seed1,0.03026995062828064,4.658845901489258,0.7998824119567871,0.3068743050098419,5.26963996887207
713,-52.869667053222656,-71.4045420074463,1001,4.031793594360352,0.001,1,a2c_lr_high_seed1,-0.27117761969566345,8.6074800491333,0.768550455570221,0.19841383397579193,5.820335865020752
713,-52.869667053222656,-71.4045420074463,1001,1.822282075881958,0.001,1,a2c_lr_high_seed1,-0.4663349986076355,4.578779220581055,0.7724215984344482,-0.14016379415988922,3.1349036693573
713,-52.869667053222656,-71.4045420074463,1001,4.441746711730957,0.001,1,a2c_lr_high_seed1,-0.10379186272621155,9.092571258544922,0.7470912337303162,0.4792308807373047,6.3353447914123535
714,-35.785099029541016,-74.84330215454102,1001,3.317366600036621,0.001,1,a2c_lr_high_seed1,0.3437610864639282,5.948773384094238,0.7809494733810425,1.0116534233093262,13.195849418640137
715,-90.20375061035156,-76.04670173645019,1001,7.716343402862549,0.001,1,a2c_lr_high_seed1,0.5991924405097961,14.235721588134766,0.7099098563194275,1.6664693355560303,18.937135696411133
715,-90.20375061035156,-76.04670173645019,1001,7.13320779800415,0.001,1,a2c_lr_high_seed1,0.4455236792564392,13.376823425292969,0.727739155292511,1.2192463874816895,15.39702320098877
715,-90.20375061035156,-76.04670173645019,1001,3.6375014781951904,0.001,1,a2c_lr_high_seed1,-0.030345618724822998,7.3373212814331055,0.813527524471283,0.25027596950531006,6.155335903167725
715,-90.20375061035156,-76.04670173645019,1001,2.5558741092681885,0.001,1,a2c_lr_high_seed1,-0.3137030303478241,5.740774631500244,0.8100866079330444,0.00470307469367981,4.21660041809082
715,-90.20375061035156,-76.04670173645019,1001,2.2972676753997803,0.001,1,a2c_lr_high_seed1,-0.7505633234977722,6.097189903259277,0.7638659477233887,-0.624310314655304,9.28306770324707
715,-90.20375061035156,-76.04670173645019,1001,2.849768877029419,0.001,1,a2c_lr_high_seed1,0.13709965348243713,5.426903247833252,0.7825881242752075,0.543417751789093,8.306023597717285
716,-66.3498764038086,-76.62126502990722,1001,5.989620208740234,0.001,1,a2c_lr_high_seed1,0.45480623841285706,11.071120262145996,0.746097981929779,0.8647691607475281,12.03128433227539
716,-66.3498764038086,-76.62126502990722,1001,1.9650869369506836,0.001,1,a2c_lr_high_seed1,-0.6852618455886841,5.302361011505127,0.8317723870277405,-0.3602634370326996,5.3603034019470215
717,-10.052867889404297,-75.4174641418457,1001,3.7462093830108643,0.001,1,a2c_lr_high_seed1,-0.00016396492719650269,7.49428129196167,0.7673344612121582,0.2879716753959656,4.045075416564941
717,-10.052867889404297,-75.4174641418457,1001,9.120367050170898,0.001,1,a2c_lr_high_seed1,-0.011640653014183044,18.265533447265625,0.7587418556213379,0.5655432939529419,12.078998565673828
717,-10.052867889404297,-75.4174641418457,1001,5.110201835632324,0.001,1,a2c_lr_high_seed1,0.6409081220626831,8.94007682800293,0.7448692321777344,1.1141455173492432,13.78304672241211
717,-10.052867889404297,-75.4174641418457,1001,1.189513921737671,0.001,1,a2c_lr_high_seed1,-0.4130149483680725,3.2066073417663574,0.7748490571975708,-0.1877676546573639,3.235140562057495
717,-10.052867889404297,-75.4174641418457,1001,2.382336139678955,0.001,1,a2c_lr_high_seed1,-1.3193471431732178,7.40485143661499,0.7424986958503723,-1.2725844383239746,17.105548858642578
717,-10.052867889404297,-75.4174641418457,1001,4.071587562561035,0.001,1,a2c_lr_high_seed1,-0.5213150978088379,9.187395095825195,0.7949519753456116,-0.24645663797855377,7.006711006164551
717,-10.052867889404297,-75.4174641418457,1001,3.377005100250244,0.001,1,a2c_lr_high_seed1,0.32821083068847656,6.099118709564209,0.7651622295379639,0.8408268094062805,11.350431442260742
717,-10.052867889404297,-75.4174641418457,1001,3.1828317642211914,0.001,1,a2c_lr_high_seed1,-0.6239714622497559,7.615109443664551,0.7515981197357178,-0.4870235323905945,8.085997581481934
717,-10.052867889404297,-75.4174641418457,1001,2.736259937286377,0.001,1,a2c_lr_high_seed1,-0.28220850229263306,6.038504600524902,0.7838723659515381,0.27416664361953735,4.523785591125488
720,-53.73378372192383,-73.58266404390335,1001,13.837044715881348,0.001,1,a2c_lr_high_seed1,1.0733054876327515,25.528823852539062,0.6721738576889038,2.0824692249298096,28.20839500427246
720,-53.73378372192383,-73.58266404390335,1001,4.587409019470215,0.001,1,a2c_lr_high_seed1,-0.10455997288227081,9.385412216186523,0.7373852133750916,0.11026736348867416,4.723369121551514
720,-53.73378372192383,-73.58266404390335,1001,21.453332901000977,0.001,1,a2c_lr_high_seed1,0.9300130605697632,41.0481071472168,0.7345837950706482,2.1711671352386475,28.81879234313965
720,-53.73378372192383,-73.58266404390335,1001,5.424662113189697,0.001,1,a2c_lr_high_seed1,0.3061422109603882,10.238521575927734,0.7409796118736267,0.7045180797576904,10.393807411193848
720,-53.73378372192383,-73.58266404390335,1001,2.9809741973876953,0.001,1,a2c_lr_high_seed1,-0.13014096021652222,6.22385311126709,0.8112673759460449,0.12147873640060425,3.6002395153045654
721,-91.3464584350586,-74.21037751436234,1001,6.246670246124268,0.001,1,a2c_lr_high_seed1,-0.21730124950408936,12.929362297058105,0.709752082824707,0.26984232664108276,4.727619647979736
721,-91.3464584350586,-74.21037751436234,1001,3.1856374740600586,0.001,1,a2c_lr_high_seed1,-1.240001916885376,8.852691650390625,0.7065024375915527,-1.3780509233474731,18.292333602905273
721,-91.3464584350586,-74.21037751436234,1001,8.701069831848145,0.001,1,a2c_lr_high_seed1,0.5539695620536804,16.295751571655273,0.7752330303192139,1.2745094299316406,19.733911514282227
721,-91.3464584350586,-74.21037751436234,1001,10.116989135742188,0.001,1,a2c_lr_high_seed1,0.12947459518909454,19.97648811340332,0.7297317981719971,0.49341875314712524,10.816451072692871
721,-91.3464584350586,-74.21037751436234,1001,2.363130569458008,0.001,1,a2c_lr_high_seed1,-0.44667309522628784,5.6211042404174805,0.7483648657798767,-0.15394237637519836,2.7539777755737305
721,-91.3464584350586,-74.21037751436234,1001,1.6509668827056885,0.001,1,a2c_lr_high_seed1,-1.1957051753997803,5.6949143409729,0.7850837707519531,-1.3024861812591553,17.126747131347656
721,-91.3464584350586,-74.21037751436234,1001,3.2507636547088623,0.001,1,a2c_lr_high_seed1,0.04494509473443031,6.413175106048584,0.7688212394714355,0.4015136659145355,5.210205078125
721,-91.3464584350586,-74.21037751436234,1001,2.466060161590576,0.001,1,a2c_lr_high_seed1,-0.6843451261520386,6.302342414855957,0.7656923532485962,-0.489496648311615,8.224489212036133
721,-91.3464584350586,-74.21037751436234,1001,2.1929116249084473,0.001,1,a2c_lr_high_seed1,-1.1314691305160522,6.650404453277588,0.8216238617897034,-1.3428704738616943,17.51799964904785
723,-23.850513458251953,-73.75354928255081,1001,7.034688949584961,0.001,1,a2c_lr_high_seed1,0.07650716602802277,13.917755126953125,0.6959353685379028,0.3248794674873352,6.238367080688477
723,-23.850513458251953,-73.75354928255081,1001,11.707778930664062,0.001,1,a2c_lr_high_seed1,0.8702808618545532,21.676483154296875,0.7437204122543335,1.4805519580841064,19.358318328857422
723,-23.850513458251953,-73.75354928255081,1001,6.230465888977051,0.001,1,a2c_lr_high_seed1,0.5688331127166748,11.324779510498047,0.7572299242019653,1.2735600471496582,16.79407501220703
723,-23.850513458251953,-73.75354928255081,1001,2.7615342140197754,0.001,1,a2c_lr_high_seed1,0.32356810569763184,4.877446174621582,0.7569873332977295,0.9540805220603943,12.388904571533203
723,-23.850513458251953,-73.75354928255081,1001,2.0551891326904297,0.001,1,a2c_lr_high_seed1,-0.7314505577087402,5.574739933013916,0.7302201986312866,-0.3280579447746277,6.03308629989624
723,-23.850513458251953,-73.75354928255081,1001,2.2639505863189697,0.001,1,a2c_lr_high_seed1,-0.6695233583450317,5.868483543395996,0.7680605053901672,-0.4122651517391205,5.762657642364502
724,-80.0593032836914,-73.69787667512894,1001,3.906970500946045,0.001,1,a2c_lr_high_seed1,-0.2622443437576294,8.339860916137695,0.7156474590301514,0.18591797351837158,4.02001953125
724,-80.0593032836914,-73.69787667512894,1001,1.9539624452590942,0.001,1,a2c_lr_high_seed1,-0.7712135314941406,5.4518327713012695,0.7403578758239746,-0.9389709234237671,11.700620651245117
725,-32.55147171020508,-72.84599717378616,1001,6.860236644744873,0.001,1,a2c_lr_high_seed1,0.44118088483810425,12.839561462402344,0.7248761057853699,1.09795081615448,13.596606254577637
725,-32.55147171020508,-72.84599717378616,1001,5.389294624328613,0.001,1,a2c_lr_high_seed1,-0.5999187231063843,11.979973793029785,0.7736627459526062,0.006045296788215637,6.817032814025879
725,-32.55147171020508,-72.84599717378616,1001,2.6696290969848633,0.001,1,a2c_lr_high_seed1,-0.6711508631706238,6.683046817779541,0.743465781211853,-0.2392820119857788,4.458562850952148
725,-32.55147171020508,-72.84599717378616,1001,1.741215705871582,0.001,1,a2c_lr_high_seed1,-0.46181720495224,4.407511234283447,0.7226757407188416,-0.19319161772727966,3.329024076461792
725,-32.55147171020508,-72.84599717378616,1001,2.759392738342285,0.001,1,a2c_lr_high_seed1,-0.05361628532409668,5.627554893493652,0.7685240507125854,0.2583455443382263,5.1535539627075195
725,-32.55147171020508,-72.84599717378616,1001,2.2372939586639404,0.001,1,a2c_lr_high_seed1,-0.8887678384780884,6.253629684448242,0.7532727718353271,-0.9671456813812256,13.478466033935547
725,-32.55147171020508,-72.84599717378616,1001,7.145237922668457,0.001,1,a2c_lr_high_seed1,-0.6775768995285034,15.647215843200684,0.7930039167404175,-1.0508718490600586,14.009557723999023
725,-32.55147171020508,-72.84599717378616,1001,2.9911041259765625,0.001,1,a2c_lr_high_seed1,-0.3256925940513611,6.635104179382324,0.7553941011428833,-0.5584942102432251,8.458867073059082
725,-32.55147171020508,-72.84599717378616,1001,2.865556240081787,0.001,1,a2c_lr_high_seed1,0.013263765722513199,5.706068992614746,0.7420158386230469,0.23027117550373077,4.42786979675293
726,-71.00354766845703,-72.19267884492874,1001,5.449197769165039,0.001,1,a2c_lr_high_seed1,0.1815815567970276,10.536795616149902,0.7817705869674683,0.6340957880020142,8.579484939575195
728,-48.75777816772461,-70.61868455171584,1001,11.17148494720459,0.001,1,a2c_lr_high_seed1,0.559001624584198,21.22624969482422,0.6417292356491089,1.7519447803497314,19.40751075744629
728,-48.75777816772461,-70.61868455171584,1001,4.1385016441345215,0.001,1,a2c_lr_high_seed1,-1.0212265253067017,10.32083797454834,0.6910913586616516,-1.6633498668670654,21.773921966552734
728,-48.75777816772461,-70.61868455171584,1001,12.560384750366211,0.001,1,a2c_lr_high_seed1,1.329545259475708,22.46320915222168,0.7650982737541199,1.870940923690796,30.065610885620117
728,-48.75777816772461,-70.61868455171584,1001,9.208500862121582,0.001,1,a2c_lr_high_seed1,0.6138818264007568,17.190752029418945,0.7574958801269531,0.6555127501487732,15.200671195983887
729,-38.39678955078125,-69.24169541597367,1001,5.735015392303467,0.001,1,a2c_lr_high_seed1,0.7725199460983276,9.926370620727539,0.6900365352630615,1.3664592504501343,19.59672737121582
729,-38.39678955078125,-69.24169541597367,1001,2.351217269897461,0.001,1,a2c_lr_high_seed1,-1.1829009056091309,7.069673538208008,0.7186700105667114,-1.4797393083572388,20.822107315063477
729,-38.39678955078125,-69.24169541597367,1001,3.6950972080230713,0.001,1,a2c_lr_high_seed1,-0.6764331459999084,8.744604110717773,0.7717245221138,-0.7055628299713135,10.664963722229004
729,-38.39678955078125,-69.24169541597367,1001,3.3914172649383545,0.001,1,a2c_lr_high_seed1,-0.0714624673128128,6.927182197570801,0.7114563584327698,-0.0029484033584594727,2.789381265640259
729,-38.39678955078125,-69.24169541597367,1001,1.655518889427185,0.001,1,a2c_lr_high_seed1,-0.3024182915687561,3.9172427654266357,0.6840895414352417,-0.19767501950263977,3.767937660217285
729,-38.39678955078125,-69.24169541597367,1001,2.609088659286499,0.001,1,a2c_lr_high_seed1,-0.9466879367828369,7.11313533782959,0.7910654544830322,-1.134057641029358,16.067543029785156
729,-38.39678955078125,-69.24169541597367,1001,2.378060817718506,0.001,1,a2c_lr_high_seed1,-1.4996005296707153,7.7568039894104,0.7405310273170471,-1.7373764514923096,24.500282287597656
729,-38.39678955078125,-69.24169541597367,1001,2.8391218185424805,0.001,1,a2c_lr_high_seed1,-0.531697690486908,6.743101119995117,0.7309620976448059,-0.5577796101570129,8.285343170166016
729,-38.39678955078125,-69.24169541597367,1001,3.3247697353363037,0.001,1,a2c_lr_high_seed1,-1.1573176383972168,8.965672492980957,0.7489621043205261,-1.2795597314834595,17.869190216064453
730,-45.72850799560547,-68.25324921846389,1001,4.114287853240967,0.001,1,a2c_lr_high_seed1,-0.5858727097511292,9.401848793029785,0.7640944123268127,-0.5406326055526733,9.2257719039917
731,-85.78020477294922,-67.29614548921585,1001,5.131695747375488,0.001,1,a2c_lr_high_seed1,-0.26475346088409424,10.794290542602539,0.6959660053253174,-0.23327568173408508,4.47533655166626
731,-85.78020477294922,-67.29614548921585,1001,4.782312393188477,0.001,1,a2c_lr_high_seed1,-0.9590526819229126,11.484232902526855,0.7515624761581421,-1.0712270736694336,17.11192512512207
731,-85.78020477294922,-67.29614548921585,1001,9.073132514953613,0.001,1,a2c_lr_high_seed1,0.2887893319129944,17.570215225219727,0.7643884420394897,0.5714641213417053,10.137961387634277
731,-85.78020477294922,-67.29614548921585,1001,1.8293375968933105,0.001,1,a2c_lr_high_seed1,-0.4596303701400757,4.579484462738037,0.7742456793785095,-0.435912549495697,7.163090229034424
731,-85.78020477294922,-67.29614548921585,1001,2.285109758377075,0.001,1,a2c_lr_high_seed1,-0.28353556990623474,5.138768672943115,0.7392153143882751,0.08333177119493484,3.4218063354492188
731,-85.78020477294922,-67.29614548921585,1001,0.5791852474212646,0.001,1,a2c_lr_high_seed1,-0.7836557626724243,2.727227210998535,0.7725762128829956,-0.7596186399459839,11.509909629821777
732,-69.98140716552734,-66.96381470918655,1001,9.738011360168457,0.001,1,a2c_lr_high_seed1,-0.3079746663570404,20.093429565429688,0.7283975481987,0.31629809737205505,10.656685829162598
733,-125.2683334350586,-67.56387696504594,1001,4.96615743637085,0.001,1,a2c_lr_high_seed1,0.4752352237701416,8.983405113220215,0.7806481122970581,1.1812032461166382,16.450469970703125
733,-125.2683334350586,-67.56387696504594,1001,3.779137134552002,0.001,1,a2c_lr_high_seed1,-1.1689488887786865,9.897555351257324,0.691679835319519,-1.1948057413101196,17.881860733032227
733,-125.2683334350586,-67.56387696504594,1001,7.5720438957214355,0.001,1,a2c_lr_high_seed1,0.4781638979911804,14.189200401306152,0.7200980186462402,0.9182589650154114,12.814122200012207
733,-125.2683334350586,-67.56387696504594,1001,5.50833797454834,0.001,1,a2c_lr_high_seed1,-0.8368576765060425,12.69192123413086,0.7648703455924988,-0.4484034478664398,12.717307090759277
733,-125.2683334350586,-67.56387696504594,1001,3.6931726932525635,0.001,1,a2c_lr_high_seed1,0.5206254124641418,6.3466877937316895,0.796440064907074,0.9353959560394287,13.411500930786133
733,-125.2683334350586,-67.56387696504594,1001,3.407406806945801,0.001,1,a2c_lr_high_seed1,-0.3868725299835205,7.590076446533203,0.7589527368545532,-0.043286196887493134,2.811802387237549
733,-125.2683334350586,-67.56387696504594,1001,2.9078330993652344,0.001,1,a2c_lr_high_seed1,0.20825354754924774,5.400694370269775,0.7676528096199036,0.6126635074615479,8.419928550720215
733,-125.2683334350586,-67.56387696504594,1001,1.5235899686813354,0.001,1,a2c_lr_high_seed1,-0.3037062883377075,3.6561124324798584,0.7599671483039856,-0.026389360427856445,1.7616287469863892
733,-125.2683334350586,-67.56387696504594,1001,4.35385799407959,0.001,1,a2c_lr_high_seed1,0.28327852487564087,8.142746925354004,0.7937849164009094,0.8428642153739929,12.359835624694824
733,-125.2683334350586,-67.56387696504594,1001,1.247597098350525,0.001,1,a2c_lr_high_seed1,-1.0798441171646118,4.65640115737915,0.7593826651573181,-1.054482102394104,15.627596855163574
736,-91.77962493896484,-67.62421845674515,1001,22.03293228149414,0.001,1,a2c_lr_high_seed1,0.9998654127120972,42.067596435546875,0.7314638495445251,2.1934661865234375,33.089805603027344
736,-91.77962493896484,-67.62421845674515,1001,3.1226565837860107,0.001,1,a2c_lr_high_seed1,-0.43429863452911377,7.115312099456787,0.7005940079689026,0.018990863114595413,4.987709045410156
736,-91.77962493896484,-67.62421845674515,1001,5.582910060882568,0.001,1,a2c_lr_high_seed1,0.010110601782798767,11.146960258483887,0.6806831359863281,0.6073362827301025,10.363219261169434
736,-91.77962493896484,-67.62421845674515,1001,5.787362575531006,0.001,1,a2c_lr_high_seed1,0.18718886375427246,11.201778411865234,0.7155631184577942,0.6023334264755249,8.634564399719238
736,-91.77962493896484,-67.62421845674515,1001,5.552623748779297,0.001,1,a2c_lr_high_seed1,-0.5963481664657593,12.299433708190918,0.744957447052002,-0.4250887632369995,7.035426139831543
737,-66.8676986694336,-67.46274750947953,1001,4.057715892791748,0.001,1,a2c_lr_high_seed1,0.09727233648300171,7.922443866729736,0.7780792713165283,0.3954123556613922,4.930381774902344
737,-66.8676986694336,-67.46274750947953,1001,4.718465328216553,0.001,1,a2c_lr_high_seed1,0.4312766492366791,8.575908660888672,0.7657960057258606,0.8758499026298523,13.218252182006836
737,-66.8676986694336,-67.46274750947953,1001,2.313397169113159,0.001,1,a2c_lr_high_seed1,-0.13807669281959534,4.904482364654541,0.7672487497329712,0.2445269525051117,4.0168986320495605
737,-66.8676986694336,-67.46274750947953,1001,2.2450993061065674,0.001,1,a2c_lr_high_seed1,-0.9895603060722351,6.470786094665527,0.7333419919013977,-0.8215784430503845,11.394308090209961
737,-66.8676986694336,-67.46274750947953,1001,4.375476360321045,0.001,1,a2c_lr_high_seed1,0.9660571813583374,6.820306301116943,0.7337144613265991,1.4686179161071777,18.999191284179688
737,-66.8676986694336,-67.46274750947953,1001,1.3418232202529907,0.001,1,a2c_lr_high_seed1,-0.30356428027153015,3.292313575744629,0.7692611217498779,-0.1253575086593628,2.511647939682007
737,-66.8676986694336,-67.46274750947953,1001,1.6988078355789185,0.001,1,a2c_lr_high_seed1,-0.9350675344467163,5.269259452819824,0.7543513774871826,-0.6194603443145752,8.555232048034668
737,-66.8676986694336,-67.46274750947953,1001,3.079836130142212,0.001,1,a2c_lr_high_seed1,-0.7613892555236816,7.683932304382324,0.7407083511352539,-0.7189984321594238,10.038846015930176
738,-63.057533264160156,-67.13521012544632,1001,5.259857654571533,0.001,1,a2c_lr_high_seed1,0.18511813879013062,10.150917053222656,0.718879222869873,0.36728763580322266,6.513852119445801
739,-52.573238372802734,-67.09844079256058,1001,8.28467082977295,0.001,1,a2c_lr_high_seed1,0.6983647346496582,15.173975944519043,0.6816614270210266,1.3373147249221802,14.1616849899292
739,-52.573238372802734,-67.09844079256058,1001,5.181734085083008,0.001,1,a2c_lr_high_seed1,0.2898642420768738,9.78518295288086,0.7216225862503052,0.5206713676452637,9.901666641235352
739,-52.573238372802734,-67.09844079256058,1001,6.303115367889404,0.001,1,a2c_lr_high_seed1,0.5304340720176697,11.546871185302734,0.7544100880622864,0.9615306854248047,14.621898651123047
739,-52.573238372802734,-67.09844079256058,1001,7.7103705406188965,0.001,1,a2c_lr_high_seed1,0.6735098361968994,14.075230598449707,0.7548608779907227,1.8206828832626343,24.498302459716797
739,-52.573238372802734,-67.09844079256058,1001,1.92415189743042,0.001,1,a2c_lr_high_seed1,-0.7101606726646423,5.2702250480651855,0.7999164462089539,-0.2650735080242157,6.0253777503967285
739,-52.573238372802734,-67.09844079256058,1001,1.6722739934921265,0.001,1,a2c_lr_high_seed1,-0.7174577116966248,4.781057834625244,0.7971315979957581,-0.4456043243408203,5.886378765106201
740,-32.80133056640625,-67.04330491304398,1001,4.63184118270874,0.001,1,a2c_lr_high_seed1,0.15345701575279236,8.95816421508789,0.6980075240135193,0.5582090020179749,6.431388854980469
740,-32.80133056640625,-67.04330491304398,1001,2.726120948791504,0.001,1,a2c_lr_high_seed1,-1.14786696434021,7.749579429626465,0.8017947673797607,-1.3382467031478882,18.25091552734375
741,-20.15330696105957,-66.64419713258744,1001,9.487286567687988,0.001,1,a2c_lr_high_seed1,0.6958006024360657,17.584423065185547,0.725612223148346,1.2924914360046387,14.362947463989258
741,-20.15330696105957,-66.64419713258744,1001,5.521615982055664,0.001,1,a2c_lr_high_seed1,-0.5421078205108643,12.12895679473877,0.7544921636581421,-0.6072344779968262,10.295309066772461
741,-20.15330696105957,-66.64419713258744,1001,10.648272514343262,0.001,1,a2c_lr_high_seed1,-0.3329015374183655,21.963897705078125,0.7739225625991821,0.38857415318489075,13.766500473022461
741,-20.15330696105957,-66.64419713258744,1001,2.805285930633545,0.001,1,a2c_lr_high_seed1,-0.42052745819091797,6.4532904624938965,0.8317723870277405,-0.16281551122665405,4.210320949554443
741,-20.15330696105957,-66.64419713258744,1001,2.696066379547119,0.001,1,a2c_lr_high_seed1,-0.12247756868600845,5.638704776763916,0.808582603931427,0.11551250517368317,1.992806315422058
741,-20.15330696105957,-66.64419713258744,1001,2.0461483001708984,0.001,1,a2c_lr_high_seed1,-0.7037209272384644,5.501243591308594,0.7524568438529968,-0.2970578670501709,5.304823875427246
741,-20.15330696105957,-66.64419713258744,1001,2.532350540161133,0.001,1,a2c_lr_high_seed1,-0.06955684721469879,5.205359935760498,0.7724867463111877,0.27936458587646484,4.294299125671387
741,-20.15330696105957,-66.64419713258744,1001,1.726956844329834,0.001,1,a2c_lr_high_seed1,-0.3754013478755951,4.206233501434326,0.7585470676422119,-0.06832441687583923,1.8560137748718262
741,-20.15330696105957,-66.64419713258744,1001,2.093641757965088,0.001,1,a2c_lr_high_seed1,-0.7654930353164673,5.719850540161133,0.7906408309936523,-0.6081627011299133,9.837372779846191
744,-84.05989074707031,-64.03749623537064,1001,12.859952926635742,0.001,1,a2c_lr_high_seed1,0.8344442248344421,24.05245018005371,0.716474711894989,2.0657615661621094,24.62772560119629
744,-84.05989074707031,-64.03749623537064,1001,3.0547902584075928,0.001,1,a2c_lr_high_seed1,-0.6664295196533203,7.443918704986572,0.7396867871284485,-0.25008589029312134,5.15109395980835
744,-84.05989074707031,-64.03749623537064,1001,13.062986373901367,0.001,1,a2c_lr_high_seed1,0.5813514590263367,24.964723587036133,0.7268975973129272,0.9783783555030823,20.254343032836914
744,-84.05989074707031,-64.03749623537064,1001,5.113524913787842,0.001,1,a2c_lr_high_seed1,-0.01820436120033264,10.26486587524414,0.7037941217422485,0.3555558919906616,10.260706901550293
744,-84.05989074707031,-64.03749623537064,1001,1.7891277074813843,0.001,1,a2c_lr_high_seed1,-0.32243847846984863,4.224728584289551,0.7980672121047974,-0.3219473958015442,5.447405815124512
745,-46.3190803527832,-63.412062351703646,1001,4.551970958709717,0.001,1,a2c_lr_high_seed1,-0.6822407245635986,10.469867706298828,0.72247314453125,-0.14788371324539185,3.904569387435913
745,-46.3190803527832,-63.412062351703646,1001,5.649994373321533,0.001,1,a2c_lr_high_seed1,0.015390366315841675,11.27070140838623,0.7466592788696289,0.516555666923523,8.235864639282227
745,-46.3190803527832,-63.412062351703646,1001,2.5622854232788086,0.001,1,a2c_lr_high_seed1,-0.43633806705474854,5.998685836791992,0.719556450843811,-0.12904617190361023,5.247020721435547
745,-46.3190803527832,-63.412062351703646,1001,3.1576554775238037,0.001,1,a2c_lr_high_seed1,-0.6353999972343445,7.587555885314941,0.7222950458526611,-0.7469426393508911,11.527119636535645
745,-46.3190803527832,-63.412062351703646,1001,2.6027278900146484,0.001,1,a2c_lr_high_seed1,-0.004115074872970581,5.215184211730957,0.7491757273674011,0.27268528938293457,4.760894298553467
745,-46.3190803527832,-63.412062351703646,1001,2.9505956172943115,0.001,1,a2c_lr_high_seed1,-0.8080452084541321,7.518772125244141,0.7452301979064941,-0.8438813090324402,14.27493667602539
745,-46.3190803527832,-63.412062351703646,1001,1.6376018524169922,0.001,1,a2c_lr_high_seed1,-0.16199183464050293,3.6006879806518555,0.7502683997154236,-0.0010282080620527267,1.9091598987579346
745,-46.3190803527832,-63.412062351703646,1001,2.49240779876709,0.001,1,a2c_lr_high_seed1,-1.0887877941131592,7.163886547088623,0.7475742101669312,-1.3382147550582886,18.910303115844727
746,-36.082664489746094,-63.52383748292923,1001,6.518970489501953,0.001,1,a2c_lr_high_seed1,-0.07676935195922852,13.192994117736816,0.7570309638977051,-0.15540790557861328,8.155415534973145
747,-55.79777145385742,-63.31997189760208,1001,7.722911357879639,0.001,1,a2c_lr_high_seed1,-0.675099790096283,16.797435760498047,0.7066502571105957,-1.2093425989151,20.00233268737793
747,-55.79777145385742,-63.31997189760208,1001,10.040863037109375,0.001,1,a2c_lr_high_seed1,0.6971492171287537,18.688806533813477,0.6896107196807861,1.1533788442611694,20.867341995239258
747,-55.79777145385742,-63.31997189760208,1001,10.381295204162598,0.001,1,a2c_lr_high_seed1,0.3923664689064026,19.979331970214844,0.7369816303253174,0.8575456738471985,18.069995880126953
748,-179.35589599609375,-65.08195370912551,835,64.34908294677734,0.001,1,a2c_lr_high_seed1,-1.892293095588684,132.48419189453125,0.7198793888092041,-1.7425788640975952,33.441650390625
748,-179.35589599609375,-65.08195370912551,835,4.142862796783447,0.001,1,a2c_lr_high_seed1,-0.6071803569793701,9.501547813415527,0.7311508059501648,-0.591941237449646,11.34679889678955
748,-179.35589599609375,-65.08195370912551,835,4.737837791442871,0.001,1,a2c_lr_high_seed1,-0.23204274475574493,9.9412202835083,0.7296788692474365,-0.36641162633895874,10.774255752563477
749,-69.62208557128906,-65.18133267641068,1001,4.787064552307129,0.001,1,a2c_lr_high_seed1,-0.7584983110427856,11.092445373535156,0.6597933769226074,-1.004019856452942,17.85982322692871
749,-69.62208557128906,-65.18133267641068,1001,3.7478344440460205,0.001,1,a2c_lr_high_seed1,-0.4497225284576416,8.396584510803223,0.7352443933486938,-0.7119133472442627,11.488951683044434
749,-69.62208557128906,-65.18133267641068,1001,3.7467269897460938,0.001,1,a2c_lr_high_seed1,-0.5047781467437744,8.504465103149414,0.7273436784744263,-0.8502448797225952,16.224050521850586
749,-69.62208557128906,-65.18133267641068,1001,3.785433053970337,0.001,1,a2c_lr_high_seed1,-0.5166974067687988,8.605646133422852,0.6925516724586487,-0.668318510055542,10.346921920776367
749,-69.62208557128906,-65.18133267641068,1001,3.0771431922912598,0.001,1,a2c_lr_high_seed1,-0.8427754640579224,7.841368198394775,0.7653971910476685,-1.3037714958190918,22.638322830200195
749,-69.62208557128906,-65.18133267641068,1001,3.261746644973755,0.001,1,a2c_lr_high_seed1,-0.40644001960754395,7.337852954864502,0.7398659586906433,-0.8166362643241882,14.630501747131348
749,-69.62208557128906,-65.18133267641068,1001,4.382932662963867,0.001,1,a2c_lr_high_seed1,-1.1854921579360962,11.138256072998047,0.7033374905586243,-2.038856267929077,32.57958221435547
749,-69.62208557128906,-65.18133267641068,1001,3.0394034385681152,0.001,1,a2c_lr_high_seed1,-0.18294109404087067,6.446170330047607,0.7404414415359497,-0.45741111040115356,7.75192928314209
749,-69.62208557128906,-65.18133267641068,1001,5.951384544372559,0.001,1,a2c_lr_high_seed1,-1.5629700422286987,15.030075073242188,0.6826615333557129,-2.201734781265259,36.147953033447266
749,-69.62208557128906,-65.18133267641068,1001,2.9532461166381836,0.001,1,a2c_lr_high_seed1,-0.7242162227630615,7.356429576873779,0.7524672150611877,-1.1577248573303223,18.78976821899414
749,-69.62208557128906,-65.18133267641068,1001,3.3339903354644775,0.001,1,a2c_lr_high_seed1,-1.071513295173645,8.81240177154541,0.6974096894264221,-1.519801378250122,25.616392135620117
752,-110.0256576538086,-67.57695813417435,1001,12.911980628967285,0.001,1,a2c_lr_high_seed1,0.32536545395851135,25.17461395263672,0.6915733218193054,0.6653754711151123,10.866250991821289
752,-110.0256576538086,-67.57695813417435,1001,6.130954265594482,0.001,1,a2c_lr_high_seed1,-0.19631929695606232,12.655767440795898,0.6105138659477234,-0.3315920829772949,8.96435546875
752,-110.0256576538086,-67.57695813417435,1001,18.48291015625,0.001,1,a2c_lr_high_seed1,0.5328343510627747,35.901615142822266,0.7322603464126587,1.0215593576431274,19.555150985717773
752,-110.0256576538086,-67.57695813417435,1001,4.321787357330322,0.001,1,a2c_lr_high_seed1,0.07695122063159943,8.491090774536133,0.7090727090835571,0.26321709156036377,9.434911727905273
752,-110.0256576538086,-67.57695813417435,1001,6.409986972808838,0.001,1,a2c_lr_high_seed1,0.3033084273338318,12.214792251586914,0.7175042033195496,0.18150021135807037,3.415487051010132
753,-117.97502899169922,-68.50922284364701,1001,5.639984607696533,0.001,1,a2c_lr_high_seed1,-0.40110641717910767,12.08368968963623,0.7540028691291809,-0.713909387588501,15.958553314208984
753,-117.97502899169922,-68.50922284364701,1001,1.5160095691680908,0.001,1,a2c_lr_high_seed1,-0.6839028000831604,4.401266574859619,0.7210322022438049,-0.7906270623207092,13.294027328491211
753,-117.97502899169922,-68.50922284364701,1001,1.239756464958191,0.001,1,a2c_lr_high_seed1,-0.50855553150177,3.4980955123901367,0.7357947826385498,-0.6621092557907104,11.214462280273438
753,-117.97502899169922,-68.50922284364701,1001,1.2751562595367432,0.001,1,a2c_lr_high_seed1,-0.8383636474609375,4.228488922119141,0.7245118618011475,-0.8734624981880188,14.827881813049316
753,-117.97502899169922,-68.50922284364701,1001,1.923270583152771,0.001,1,a2c_lr_high_seed1,-0.7272565364837646,5.302536487579346,0.7411418557167053,-0.7451025247573853,13.049266815185547
753,-117.97502899169922,-68.50922284364701,1001,3.254777193069458,0.001,1,a2c_lr_high_seed1,-1.2301661968231201,8.971176147460938,0.6446067094802856,-1.5033015012741089,25.59002685546875
753,-117.97502899169922,-68.50922284364701,1001,3.181034803390503,0.001,1,a2c_lr_high_seed1,-0.6144845485687256,7.592466354370117,0.7137161493301392,-0.7034896612167358,12.291955947875977
753,-117.97502899169922,-68.50922284364701,1001,3.2500720024108887,0.001,1,a2c_lr_high_seed1,-1.1667721271514893,8.835126876831055,0.7192850112915039,-1.2297642230987549,21.293601989746094
753,-117.97502899169922,-68.50922284364701,1001,2.211111545562744,0.001,1,a2c_lr_high_seed1,-0.6724016070365906,5.768453121185303,0.7134576439857483,-0.8329463005065918,14.627686500549316
754,-91.22190856933594,-68.41633359193801,1001,3.3492681980133057,0.001,1,a2c_lr_high_seed1,-0.6490662693977356,7.998027324676514,0.6792219281196594,-0.6255866289138794,11.342809677124023
755,-137.4169464111328,-68.81651089906693,1001,5.9643778800964355,0.001,1,a2c_lr_high_seed1,-0.5509088635444641,13.031997680664062,0.7117211222648621,-0.9831336140632629,16.847993850708008
755,-137.4169464111328,-68.81651089906693,1001,9.137543678283691,0.001,1,a2c_lr_high_seed1,0.14964085817337036,17.977357864379883,0.7767298817634583,0.2468421459197998,10.399151802062988
757,-140.05374145507812,-70.6659774518013,543,146.5547332763672,0.001,1,a2c_lr_high_seed1,-3.5373852252960205,300.18560791015625,0.6840243339538574,-5.183253288269043,99.93134307861328
757,-140.05374145507812,-70.6659774518013,543,8.06447982788086,0.001,1,a2c_lr_high_seed1,0.05237420275807381,16.025548934936523,0.6682825684547424,0.4080193340778351,7.858927249908447
757,-140.05374145507812,-70.6659774518013,543,2.9961183071136475,0.001,1,a2c_lr_high_seed1,-0.015690267086029053,6.025030612945557,0.7067724466323853,-0.01127895712852478,3.5825531482696533
759,-124.1041488647461,-71.45077801942826,1001,142.19113159179688,0.001,1,a2c_lr_high_seed1,-2.9500560760498047,290.2837829589844,0.7002226114273071,-3.57454252243042,77.4615478515625
759,-124.1041488647461,-71.45077801942826,1001,4.803205966949463,0.001,1,a2c_lr_high_seed1,0.5422177314758301,8.523332595825195,0.6780775189399719,0.6807520389556885,14.608396530151367
759,-124.1041488647461,-71.45077801942826,1001,5.148037910461426,0.001,1,a2c_lr_high_seed1,-0.7880733013153076,11.873650550842285,0.714150071144104,-1.1514770984649658,19.512344360351562
759,-124.1041488647461,-71.45077801942826,1001,8.49197006225586,0.001,1,a2c_lr_high_seed1,0.8726102113723755,15.240199089050293,0.7397376298904419,1.3718913793563843,26.833446502685547
759,-124.1041488647461,-71.45077801942826,1001,2.9455888271331787,0.001,1,a2c_lr_high_seed1,-0.12302753329277039,6.138765811920166,0.7665805816650391,0.09206847846508026,8.04296875
759,-124.1041488647461,-71.45077801942826,1001,6.147853374481201,0.001,1,a2c_lr_high_seed1,-0.3434438705444336,12.98401165008545,0.7086341977119446,-0.36384737491607666,12.72429084777832
759,-124.1041488647461,-71.45077801942826,1001,2.43757700920105,0.001,1,a2c_lr_high_seed1,-0.23516660928726196,5.347015857696533,0.764265239238739,-0.016410239040851593,4.326927661895752
759,-124.1041488647461,-71.45077801942826,1001,3.032290458679199,0.001,1,a2c_lr_high_seed1,-0.7455642223358154,7.557120323181152,0.7055172920227051,-0.528150737285614,10.040373802185059
759,-124.1041488647461,-71.45077801942826,1001,4.290976524353027,0.001,1,a2c_lr_high_seed1,0.08890414237976074,8.405571937561035,0.7134611010551453,0.40437349677085876,8.55762004852295
759,-124.1041488647461,-71.45077801942826,1001,3.6514744758605957,0.001,1,a2c_lr_high_seed1,-0.7068647146224976,8.71822738647461,0.7743446230888367,-0.6238905787467957,11.748202323913574
759,-124.1041488647461,-71.45077801942826,1001,3.237166404724121,0.001,1,a2c_lr_high_seed1,0.3713100552558899,5.733233451843262,0.7603481411933899,0.7981768250465393,13.487858772277832
760,-109.32237243652344,-72.49393109560013,348,118.89557647705078,0.001,1,a2c_lr_high_seed1,-3.613664388656616,245.01992797851562,0.7226271033287048,-4.3868408203125,95.04219055175781
762,-107.00051879882812,-73.35126347780228,1001,5.204260349273682,0.001,1,a2c_lr_high_seed1,-0.09561417996883392,10.600933074951172,0.5921890139579773,0.012180328369140625,7.28247594833374
762,-107.00051879882812,-73.35126347780228,1001,7.2770514488220215,0.001,1,a2c_lr_high_seed1,0.7942008972167969,12.967124938964844,0.7117786407470703,1.6899091005325317,30.87129783630371
762,-107.00051879882812,-73.35126347780228,1001,6.797502040863037,0.001,1,a2c_lr_high_seed1,0.8757343888282776,11.844901084899902,0.6827036738395691,1.6962816715240479,31.73993492126465
762,-107.00051879882812,-73.35126347780228,1001,3.3554110527038574,0.001,1,a2c_lr_high_seed1,0.42224881052970886,5.8677802085876465,0.727794349193573,0.6161522269248962,13.581136703491211
763,-124.90237426757812,-74.79191762208939,1001,5.151661396026611,0.001,1,a2c_lr_high_seed1,-0.19950342178344727,10.703764915466309,0.7175416350364685,0.24391277134418488,4.523820877075195
763,-124.90237426757812,-74.79191762208939,1001,6.413136005401611,0.001,1,a2c_lr_high_seed1,0.4401956796646118,11.94719123840332,0.6549529433250427,0.8518746495246887,12.19550895690918
763,-124.90237426757812,-74.79191762208939,1001,4.723354816436768,0.001,1,a2c_lr_high_seed1,0.5337437391281128,8.380538940429688,0.6583092212677002,0.7579354047775269,12.801377296447754
763,-124.90237426757812,-74.79191762208939,1001,7.776289463043213,0.001,1,a2c_lr_high_seed1,-0.31429624557495117,16.182621002197266,0.7247406840324402,-0.17214006185531616,12.763680458068848
763,-124.90237426757812,-74.79191762208939,1001,2.3719778060913086,0.001,1,a2c_lr_high_seed1,-0.7059729099273682,6.157301425933838,0.6999360918998718,-0.5294576287269592,10.57286548614502
763,-124.90237426757812,-74.79191762208939,1001,2.0027401447296143,0.001,1,a2c_lr_high_seed1,-0.7650997638702393,5.537034034729004,0.677140474319458,-0.7290407419204712,14.787689208984375
763,-124.90237426757812,-74.79191762208939,1001,3.7622478008270264,0.001,1,a2c_lr_high_seed1,-0.10047318041324615,7.726867198944092,0.7125710844993591,-0.007736176252365112,1.7068833112716675
763,-124.90237426757812,-74.79191762208939,1001,1.9373706579208374,0.001,1,a2c_lr_high_seed1,0.04327775537967682,3.7896246910095215,0.7193917036056519,0.2438231110572815,3.833242893218994
764,-103.02140045166016,-76.13664365053177,402,115.4361801147461,0.001,1,a2c_lr_high_seed1,-2.9545962810516357,236.78292846679688,0.6898033022880554,-3.9655075073242188,86.98563385009766
764,-103.02140045166016,-76.13664365053177,402,2.1096951961517334,0.001,1,a2c_lr_high_seed1,-0.10311441868543625,4.427133083343506,0.7569133639335632,0.009476080536842346,4.419318199157715
765,-72.6497802734375,-75.78556424379349,1001,10.801789283752441,0.001,1,a2c_lr_high_seed1,1.0264861583709717,19.552112579345703,0.753304123878479,1.5084874629974365,25.133790969848633
765,-72.6497802734375,-75.78556424379349,1001,3.0497889518737793,0.001,1,a2c_lr_high_seed1,-0.18805445730686188,6.477213382720947,0.7631670236587524,0.10904352366924286,6.216376304626465
767,-139.83938598632812,-78.49997792482377,542,118.71158599853516,0.001,1,a2c_lr_high_seed1,-2.795726776123047,243.0161590576172,0.7668691873550415,-3.5502142906188965,83.40699005126953
768,-31.559162139892578,-79.10031525611878,1001,14.271263122558594,0.001,1,a2c_lr_high_seed1,0.19666476547718048,28.150400161743164,0.60184645652771,1.1062740087509155,13.084412574768066
768,-31.559162139892578,-79.10031525611878,1001,19.048017501831055,0.001,1,a2c_lr_high_seed1,1.400549054145813,35.29640579223633,0.7345364689826965,2.937988042831421,47.52895736694336
768,-31.559162139892578,-79.10031525611878,1001,2.6521353721618652,0.001,1,a2c_lr_high_seed1,0.333568811416626,4.638634204864502,0.7505548596382141,0.7925432920455933,13.92230224609375
769,-78.12229919433594,-80.53245525360107,1001,7.504241943359375,0.001,1,a2c_lr_high_seed1,0.5509482622146606,13.907838821411133,0.6255501508712769,1.077606201171875,19.425861358642578
769,-78.12229919433594,-80.53245525360107,1001,12.091065406799316,0.001,1,a2c_lr_high_seed1,0.9321146607398987,22.319355010986328,0.7267882823944092,1.91559898853302,32.11104202270508
769,-78.12229919433594,-80.53245525360107,1001,9.724376678466797,0.001,1,a2c_lr_high_seed1,1.0946950912475586,17.26091766357422,0.7775161862373352,2.003223419189453,31.185874938964844
769,-78.12229919433594,-80.53245525360107,1001,3.082341432571411,0.001,1,a2c_lr_high_seed1,0.34158456325531006,5.483053207397461,0.7697647213935852,0.9605273008346558,15.425690650939941
769,-78.12229919433594,-80.53245525360107,1001,1.6296981573104858,0.001,1,a2c_lr_high_seed1,-0.06621827185153961,3.3933401107788086,0.7536749839782715,0.41405993700027466,5.8739752769470215
769,-78.12229919433594,-80.53245525360107,1001,3.887204885482788,0.001,1,a2c_lr_high_seed1,0.4445423483848572,6.8867902755737305,0.7327004671096802,1.1089904308319092,16.807861328125
769,-78.12229919433594,-80.53245525360107,1001,2.2573957443237305,0.001,1,a2c_lr_high_seed1,0.25292640924453735,4.010507106781006,0.7840672731399536,0.6578867435455322,9.82268238067627
769,-78.12229919433594,-80.53245525360107,1001,2.7226436138153076,0.001,1,a2c_lr_high_seed1,0.15192684531211853,5.142955303192139,0.7608587741851807,0.6887145042419434,9.905282020568848
769,-78.12229919433594,-80.53245525360107,1001,1.2066651582717896,0.001,1,a2c_lr_high_seed1,-0.5641026496887207,3.5430476665496826,0.7560685276985168,-0.4511805772781372,7.181445121765137
769,-78.12229919433594,-80.53245525360107,1001,2.004258155822754,0.001,1,a2c_lr_high_seed1,-0.43451806902885437,4.87908411026001,0.7656921744346619,-0.14740785956382751,3.9012460708618164
769,-78.12229919433594,-80.53245525360107,1001,2.1951544284820557,0.001,1,a2c_lr_high_seed1,-0.2843353748321533,4.9606099128723145,0.8151809573173523,-0.0326162613928318,2.429842472076416
770,-78.9991226196289,-81.03776203155518,1001,7.250685214996338,0.001,1,a2c_lr_high_seed1,-0.40943610668182373,15.32172679901123,0.7420801520347595,0.1483963429927826,4.544755935668945
770,-78.9991226196289,-81.03776203155518,1001,2.709429979324341,0.001,1,a2c_lr_high_seed1,-0.25743553042411804,5.935311794281006,0.7902495265007019,0.04881574958562851,2.1791532039642334
770,-78.9991226196289,-81.03776203155518,1001,3.897705554962158,0.001,1,a2c_lr_high_seed1,0.18605177104473114,7.424965858459473,0.8293349742889404,0.4595533013343811,7.180765628814697
770,-78.9991226196289,-81.03776203155518,1001,2.867347240447998,0.001,1,a2c_lr_high_seed1,-0.04448974132537842,5.825255393981934,0.7906551957130432,0.35539162158966064,5.158200740814209
770,-78.9991226196289,-81.03776203155518,1001,1.5804065465927124,0.001,1,a2c_lr_high_seed1,-1.0602985620498657,5.282885551452637,0.737616240978241,-0.9155816435813904,13.821028709411621
771,-3.069021701812744,-79.27221329689026,1001,7.024046421051025,0.001,1,a2c_lr_high_seed1,0.44152748584747314,13.166536331176758,0.7490102052688599,1.1292016506195068,16.722713470458984
771,-3.069021701812744,-79.27221329689026,1001,2.6288392543792725,0.001,1,a2c_lr_high_seed1,0.41931504011154175,4.420680522918701,0.8160166144371033,0.6733449697494507,9.049246788024902
771,-3.069021701812744,-79.27221329689026,1001,5.165444374084473,0.001,1,a2c_lr_high_seed1,0.29406771063804626,9.74432373046875,0.7852819561958313,0.9891303181648254,15.059237480163574
771,-3.069021701812744,-79.27221329689026,1001,2.337749481201172,0.001,1,a2c_lr_high_seed1,-0.07096673548221588,4.8188629150390625,0.7152985334396362,0.20410193502902985,5.966235637664795
771,-3.069021701812744,-79.27221329689026,1001,2.0193779468536377,0.001,1,a2c_lr_high_seed1,-1.0820298194885254,6.204308986663818,0.7468428611755371,-1.0970375537872314,16.19839859008789
771,-3.069021701812744,-79.27221329689026,1001,2.613039493560791,0.001,1,a2c_lr_high_seed1,-0.47045791149139404,6.168563365936279,0.7844523191452026,-0.6287617087364197,9.294554710388184
771,-3.069021701812744,-79.27221329689026,1001,3.0953586101531982,0.001,1,a2c_lr_high_seed1,-0.5484656691551208,7.289188385009766,0.769874095916748,-0.7324855923652649,10.745895385742188
771,-3.069021701812744,-79.27221329689026,1001,3.353524923324585,0.001,1,a2c_lr_high_seed1,-0.34435105323791504,7.397297382354736,0.7726872563362122,-0.30350491404533386,4.363211154937744
772,-44.04274368286133,-78.49287713050842,1001,6.743985652923584,0.001,1,a2c_lr_high_seed1,0.07635168731212616,13.336718559265137,0.7254548072814941,-0.2797006666660309,7.416576862335205
773,-48.59447479248047,-78.98775635719299,1001,21.307703018188477,0.001,1,a2c_lr_high_seed1,1.016361951828003,40.58415603637695,0.7365247011184692,2.123263359069824,30.82065200805664
773,-48.59447479248047,-78.98775635719299,1001,5.720585346221924,0.001,1,a2c_lr_high_seed1,0.2873891592025757,10.86795425415039,0.7809109687805176,0.6762193441390991,14.10818862915039
774,-15.306937217712402,-77.6927090358734,1001,11.8548002243042,0.001,1,a2c_lr_high_seed1,0.8898780345916748,21.931455612182617,0.8054088950157166,1.3159064054489136,19.784160614013672
776,-44.195308685302734,-77.40301672935486,1001,14.207621574401855,0.001,1,a2c_lr_high_seed1,1.0830613374710083,26.250320434570312,0.6000121831893921,2.3307859897613525,27.83254051208496
776,-44.195308685302734,-77.40301672935486,1001,11.390538215637207,0.001,1,a2c_lr_high_seed1,0.6831117272377014,21.41628074645996,0.7141132950782776,1.290486216545105,21.57168197631836
776,-44.195308685302734,-77.40301672935486,1001,6.80827522277832,0.001,1,a2c_lr_high_seed1,0.2401765137910843,13.137673377990723,0.7383473515510559,0.702207088470459,12.91503620147705
777,-29.45368003845215,-76.77786219596862,1001,8.58686351776123,0.001,1,a2c_lr_high_seed1,0.8611507415771484,15.45278549194336,0.679630696773529,1.7395811080932617,21.26861572265625
777,-29.45368003845215,-76.77786219596862,1001,3.1459298133850098,0.001,1,a2c_lr_high_seed1,-0.8155393004417419,7.924293518066406,0.6776876449584961,-0.9304938316345215,14.3125
777,-29.45368003845215,-76.77786219596862,1001,7.486475944519043,0.001,1,a2c_lr_high_seed1,0.816655158996582,13.341111183166504,0.7346892356872559,1.296345591545105,21.209989547729492
777,-29.45368003845215,-76.77786219596862,1001,3.25361967086792,0.001,1,a2c_lr_high_seed1,-0.8969188332557678,8.302525520324707,0.7243667244911194,-0.9885674715042114,16.154714584350586
777,-29.45368003845215,-76.77786219596862,1001,1.737287998199463,0.001,1,a2c_lr_high_seed1,-0.2905765175819397,4.057241916656494,0.7565045356750488,-0.4138559103012085,6.440459728240967
777,-29.45368003845215,-76.77786219596862,1001,2.305946111679077,0.001,1,a2c_lr_high_seed1,-0.9968653917312622,6.6070876121521,0.7322837710380554,-1.229538083076477,19.877412796020508
777,-29.45368003845215,-76.77786219596862,1001,2.498279094696045,0.001,1,a2c_lr_high_seed1,-0.6503658294677734,6.298750877380371,0.7305659055709839,-0.9833931922912598,15.219097137451172
777,-29.45368003845215,-76.77786219596862,1001,3.715099811553955,0.001,1,a2c_lr_high_seed1,0.3330790400505066,6.765453815460205,0.7062057256698608,0.7229745984077454,12.38758373260498
777,-29.45368003845215,-76.77786219596862,1001,2.2610487937927246,0.001,1,a2c_lr_high_seed1,-1.0067830085754395,6.537148952484131,0.7425588369369507,-1.222334384918213,19.525869369506836
777,-29.45368003845215,-76.77786219596862,1001,3.864912509918213,0.001,1,a2c_lr_high_seed1,-0.43785884976387024,8.60698127746582,0.7194143533706665,-0.3256392180919647,5.035943508148193
777,-29.45368003845215,-76.77786219596862,1001,4.201661586761475,0.001,1,a2c_lr_high_seed1,-0.03274926543235779,8.470272064208984,0.7251220941543579,0.08215777575969696,3.6066832542419434
778,-94.0033187866211,-77.68277300834656,1001,8.181960105895996,0.001,1,a2c_lr_high_seed1,-0.2328004240989685,16.83088493347168,0.6818130612373352,0.17877081036567688,8.021639823913574
778,-94.0033187866211,-77.68277300834656,1001,3.593456983566284,0.001,1,a2c_lr_high_seed1,-0.049560315907001495,7.287421226501465,0.6933394074440002,-0.343756765127182,5.758357524871826
778,-94.0033187866211,-77.68277300834656,1001,9.3578519821167,0.001,1,a2c_lr_high_seed1,1.144836664199829,16.427478790283203,0.7240968346595764,1.766605019569397,28.007482528686523
778,-94.0033187866211,-77.68277300834656,1001,3.7350289821624756,0.001,1,a2c_lr_high_seed1,0.3957616686820984,6.679887294769287,0.6763783097267151,0.7638223171234131,12.260196685791016
778,-94.0033187866211,-77.68277300834656,1001,1.7017595767974854,0.001,1,a2c_lr_high_seed1,-0.6101537942886353,4.625166416168213,0.6697960495948792,-0.3151068389415741,5.507957935333252
779,-58.66603469848633,-78.08815791130066,1001,8.760905265808105,0.001,1,a2c_lr_high_seed1,-0.43053802847862244,18.38434410095215,0.7288693189620972,-0.1766614317893982,5.85708475112915
779,-58.66603469848633,-78.08815791130066,1001,2.8132247924804688,0.001,1,a2c_lr_high_seed1,-0.21033421158790588,6.048583984375,0.7328187227249146,0.014904409646987915,3.261995315551758
779,-58.66603469848633,-78.08815791130066,1001,4.683180809020996,0.001,1,a2c_lr_high_seed1,0.3949611186981201,8.57788372039795,0.721950888633728,0.8955194354057312,14.816905975341797
779,-58.66603469848633,-78.08815791130066,1001,3.060551166534424,0.001,1,a2c_lr_high_seed1,-0.6127985119819641,7.348055839538574,0.6782546639442444,-0.5975333452224731,11.416844367980957
779,-58.66603469848633,-78.08815791130066,1001,2.42171311378479,0.001,1,a2c_lr_high_seed1,-0.2650872468948364,5.37502908706665,0.7139790654182434,0.026867136359214783,2.0126328468322754
779,-58.66603469848633,-78.08815791130066,1001,1.2794355154037476,0.001,1,a2c_lr_high_seed1,-0.9001975059509277,4.360703468322754,0.7187267541885376,-0.8069306015968323,12.901490211486816
779,-58.66603469848633,-78.08815791130066,1001,2.5978453159332275,0.001,1,a2c_lr_high_seed1,-0.5718443393707275,6.340804100036621,0.7124180793762207,-0.39964786171913147,6.756961345672607
779,-58.66603469848633,-78.08815791130066,1001,3.607182264328003,0.001,1,a2c_lr_high_seed1,0.3258008658885956,6.564234733581543,0.7359627485275269,0.5576387047767639,8.98486328125
780,-16.62600326538086,-77.50610781669617,1001,6.488044738769531,0.001,1,a2c_lr_high_seed1,0.3582932949066162,12.260869979858398,0.6835756301879883,1.017600178718567,16.586881637573242
781,-46.29420852661133,-76.71638789176941,1001,10.670546531677246,0.001,1,a2c_lr_high_seed1,0.7490584850311279,19.844444274902344,0.7345618605613708,1.534591794013977,20.945785522460938
781,-46.29420852661133,-76.71638789176941,1001,3.226666212081909,0.001,1,a2c_lr_high_seed1,0.36333802342414856,5.728050231933594,0.6969091892242432,0.7995158433914185,10.803386688232422
781,-46.29420852661133,-76.71638789176941,1001,3.3918895721435547,0.001,1,a2c_lr_high_seed1,-0.3224983811378479,7.430272579193115,0.748414933681488,-0.05906699597835541,4.648290634155273
784,-37.36468505859375,-74.67679469108582,1001,23.081443786621094,0.001,1,a2c_lr_high_seed1,2.3960838317871094,41.372074127197266,0.6765390038490295,3.4239962100982666,55.49497985839844
784,-37.36468505859375,-74.67679469108582,1001,9.117724418640137,0.001,1,a2c_lr_high_seed1,0.3417107164859772,17.553390502929688,0.6818739771842957,0.825969934463501,13.819076538085938
784,-37.36468505859375,-74.67679469108582,1001,22.022117614746094,0.001,1,a2c_lr_high_seed1,2.6615090370178223,38.72264862060547,0.7149895429611206,3.8285069465637207,64.09321594238281
785,-33.22443771362305,-73.57021029472351,1001,11.107950210571289,0.001,1,a2c_lr_high_seed1,1.69450843334198,18.828330993652344,0.7236942052841187,2.5042824745178223,37.64488220214844
785,-33.22443771362305,-73.57021029472351,1001,3.1073951721191406,0.001,1,a2c_lr_high_seed1,-0.24599841237068176,6.708181858062744,0.6974468231201172,0.16660438477993011,7.935420513153076
785,-33.22443771362305,-73.57021029472351,1001,5.1261091232299805,0.001,1,a2c_lr_high_seed1,-0.40463384985923767,11.06294059753418,0.7272285223007202,-0.15496772527694702,6.9133806228637695
785,-33.22443771362305,-73.57021029472351,1001,3.1953184604644775,0.001,1,a2c_lr_high_seed1,0.26314347982406616,5.865696907043457,0.6735727787017822,0.5488480925559998,8.35520076751709
785,-33.22443771362305,-73.57021029472351,1001,4.143259525299072,0.001,1,a2c_lr_high_seed1,0.28421640396118164,7.719511032104492,0.7122280597686768,0.764934241771698,11.649469375610352
785,-33.22443771362305,-73.57021029472351,1001,0.9215195775032043,0.001,1,a2c_lr_high_seed1,-0.5614470839500427,2.9674010276794434,0.7338379621505737,-0.2511046528816223,4.281341552734375
785,-33.22443771362305,-73.57021029472351,1001,2.0822534561157227,0.001,1,a2c_lr_high_seed1,0.2458753138780594,3.6742360591888428,0.7398363351821899,0.40988171100616455,6.900249481201172
785,-33.22443771362305,-73.57021029472351,1001,2.226072072982788,0.001,1,a2c_lr_high_seed1,0.16705095767974854,4.119493007659912,0.7254167795181274,0.36182090640068054,7.144430160522461
785,-33.22443771362305,-73.57021029472351,1001,3.1562769412994385,0.001,1,a2c_lr_high_seed1,-0.22423866391181946,6.762455940246582,0.7123586535453796,-0.1906847059726715,6.063482284545898
785,-33.22443771362305,-73.57021029472351,1001,2.941429853439331,0.001,1,a2c_lr_high_seed1,-0.5246930718421936,6.933690547943115,0.7225146889686584,-0.4880470335483551,7.655071258544922
785,-33.22443771362305,-73.57021029472351,1001,2.308490037918091,0.001,1,a2c_lr_high_seed1,0.01617160439491272,4.586162567138672,0.7629367113113403,0.1929520070552826,3.815324068069458
786,-4.622480392456055,-71.82706740379334,1001,5.816819667816162,0.001,1,a2c_lr_high_seed1,0.04699288308620453,11.541070938110352,0.7085609436035156,0.5134618282318115,8.08578109741211
786,-4.622480392456055,-71.82706740379334,1001,2.587117910385132,0.001,1,a2c_lr_high_seed1,-0.45034345984458923,6.076417922973633,0.7477072477340698,-0.21577660739421844,5.494853496551514
786,-4.622480392456055,-71.82706740379334,1001,3.83059024810791,0.001,1,a2c_lr_high_seed1,0.4236537218093872,6.8153395652771,0.7334002256393433,0.8828668594360352,12.566654205322266
786,-4.622480392456055,-71.82706740379334,1001,3.276888608932495,0.001,1,a2c_lr_high_seed1,-0.3771302402019501,7.309409141540527,0.6857045292854309,-0.407864511013031,9.313192367553711
786,-4.622480392456055,-71.82706740379334,1001,2.153841018676758,0.001,1,a2c_lr_high_seed1,-0.13472996652126312,4.578595161437988,0.72674959897995,0.009647145867347717,2.33077335357666
787,-32.43334197998047,-71.13838027000428,1001,5.066741943359375,0.001,1,a2c_lr_high_seed1,-0.17038051784038544,10.475725173950195,0.7398831844329834,-0.04291147738695145,3.913987159729004
787,-32.43334197998047,-71.13838027000428,1001,2.592707633972168,0.001,1,a2c_lr_high_seed1,-0.17311425507068634,5.533130168914795,0.7431806325912476,0.02345600724220276,2.8081581592559814
787,-32.43334197998047,-71.13838027000428,1001,2.6198880672454834,0.001,1,a2c_lr_high_seed1,0.11273090541362762,5.015804290771484,0.7450803518295288,0.3552500009536743,3.9598066806793213
787,-32.43334197998047,-71.13838027000428,1001,2.8861217498779297,0.001,1,a2c_lr_high_seed1,0.14894893765449524,5.475831508636475,0.7428938746452332,0.25084003806114197,4.008425712585449
787,-32.43334197998047,-71.13838027000428,1001,2.217857599258423,0.001,1,a2c_lr_high_seed1,-0.9047807455062866,6.246689319610596,0.7065460085868835,-1.0122991800308228,14.81583023071289
787,-32.43334197998047,-71.13838027000428,1001,4.218409538269043,0.001,1,a2c_lr_high_seed1,-0.7467644810676575,9.931855201721191,0.7532899379730225,-0.645399272441864,15.223761558532715
787,-32.43334197998047,-71.13838027000428,1001,2.163808822631836,0.001,1,a2c_lr_high_seed1,0.010776922106742859,4.307607173919678,0.7717129588127136,0.10300666093826294,2.407306432723999
787,-32.43334197998047,-71.13838027000428,1001,3.3487114906311035,0.001,1,a2c_lr_high_seed1,0.15898281335830688,6.380965232849121,0.7537672519683838,0.4515523314476013,7.198017120361328
788,-65.33394622802734,-71.18390852928161,1001,5.144526481628418,0.001,1,a2c_lr_high_seed1,0.21436366438865662,9.861701965332031,0.6878708600997925,0.6390804052352905,8.345743179321289
788,-65.33394622802734,-71.18390852928161,1001,2.361570119857788,0.001,1,a2c_lr_high_seed1,-1.1464515924453735,7.01746129989624,0.7087036967277527,-1.6270666122436523,22.289031982421875
789,-13.410470962524414,-70.40065318107605,1001,15.704171180725098,0.001,1,a2c_lr_high_seed1,1.1980432271957397,29.01352882385254,0.6360081434249878,1.921957015991211,17.793052673339844
789,-13.410470962524414,-70.40065318107605,1001,4.048707485198975,0.001,1,a2c_lr_high_seed1,-0.705862283706665,9.510583877563477,0.7224924564361572,-0.5206404328346252,10.49072551727295
792,-53.4861946105957,-70.73959342002868,1001,14.368253707885742,0.001,1,a2c_lr_high_seed1,1.7486284971237183,25.240633010864258,0.691143810749054,2.560488224029541,35.183433532714844
792,-53.4861946105957,-70.73959342002868,1001,13.93527603149414,0.001,1,a2c_lr_high_seed1,-0.11527451872825623,28.10251235961914,0.7060587406158447,0.6024553775787354,10.59923267364502
792,-53.4861946105957,-70.73959342002868,1001,3.4053022861480713,0.001,1,a2c_lr_high_seed1,-0.23074257373809814,7.273382186889648,0.6463077068328857,0.10053275525569916,3.8986051082611084
793,-74.0230484008789,-71.51827178001403,1001,6.337549686431885,0.001,1,a2c_lr_high_seed1,0.5574895143508911,11.561483383178711,0.6811922788619995,1.1073639392852783,15.24976634979248
793,-74.0230484008789,-71.51827178001403,1001,4.719764232635498,0.001,1,a2c_lr_high_seed1,0.14044751226902008,9.160033226013184,0.7000803351402283,0.4091373085975647,3.770346164703369
793,-74.0230484008789,-71.51827178001403,1001,3.1984362602233887,0.001,1,a2c_lr_high_seed1,-0.13405390083789825,6.666419982910156,0.7197040319442749,-0.15601617097854614,7.014758586883545
793,-74.0230484008789,-71.51827178001403,1001,13.146395683288574,0.001,1,a2c_lr_high_seed1,0.7935428619384766,24.707242965698242,0.768313467502594,1.287917971611023,20.93056297302246
793,-74.0230484008789,-71.51827178001403,1001,1.6002864837646484,0.001,1,a2c_lr_high_seed1,-0.7164738774299622,4.634976863861084,0.7281287908554077,-0.8049559593200684,13.397969245910645
793,-74.0230484008789,-71.51827178001403,1001,1.928081750869751,0.001,1,a2c_lr_high_seed1,-0.526766300201416,4.911257266998291,0.7805655598640442,-0.7326263189315796,12.453495979309082
793,-74.0230484008789,-71.51827178001403,1001,1.27364182472229,0.001,1,a2c_lr_high_seed1,-0.5990199446678162,3.746662139892578,0.6692994832992554,-0.6530405879020691,10.714228630065918
793,-74.0230484008789,-71.51827178001403,1001,2.5602643489837646,0.001,1,a2c_lr_high_seed1,0.061504900455474854,4.998934745788574,0.7078139781951904,0.16523657739162445,4.204850196838379
793,-74.0230484008789,-71.51827178001403,1001,1.1148630380630493,0.001,1,a2c_lr_high_seed1,-0.868882954120636,3.968895673751831,0.7017845511436462,-0.9928086996078491,15.89753532409668
793,-74.0230484008789,-71.51827178001403,1001,2.444770097732544,0.001,1,a2c_lr_high_seed1,-0.6648002862930298,6.220612049102783,0.7356200814247131,-0.7581369876861572,12.261931419372559
793,-74.0230484008789,-71.51827178001403,1001,1.6588008403778076,0.001,1,a2c_lr_high_seed1,-0.43900007009506226,4.197005748748779,0.7018958330154419,-0.5006422996520996,8.3325777053833
794,-72.7831802368164,-71.29273756980896,1001,3.9025304317474365,0.001,1,a2c_lr_high_seed1,-0.0227070152759552,7.851897716522217,0.7115586996078491,0.24764634668827057,3.92246675491333
794,-72.7831802368164,-71.29273756980896,1001,8.01537036895752,0.001,1,a2c_lr_high_seed1,0.3438037037849426,15.344488143920898,0.6767707467079163,1.1005553007125854,9.803033828735352
794,-72.7831802368164,-71.29273756980896,1001,3.200624704360962,0.001,1,a2c_lr_high_seed1,-1.0092964172363281,8.421197891235352,0.6778639554977417,-1.1651480197906494,17.524837493896484
794,-72.7831802368164,-71.29273756980896,1001,2.851660966873169,0.001,1,a2c_lr_high_seed1,-0.634379506111145,6.97359037399292,0.7547115683555603,-0.37213921546936035,8.290457725524902
794,-72.7831802368164,-71.29273756980896,1001,3.6474127769470215,0.001,1,a2c_lr_high_seed1,0.17415374517440796,6.947997093200684,0.7394986152648926,0.28399229049682617,5.963507175445557
794,-72.7831802368164,-71.29273756980896,1001,4.206814289093018,0.001,1,a2c_lr_high_seed1,-0.738548755645752,9.892162322998047,0.718143880367279,-1.0951902866363525,17.223703384399414
795,-70.25176239013672,-71.77139121055603,1001,7.619307041168213,0.001,1,a2c_lr_high_seed1,0.3832320272922516,14.473531723022461,0.6910537481307983,0.7255884408950806,13.004982948303223
795,-70.25176239013672,-71.77139121055603,1001,2.8674519062042236,0.001,1,a2c_lr_high_seed1,0.21938581764698029,5.297634124755859,0.751063883304596,0.5967171788215637,8.371984481811523
795,-70.25176239013672,-71.77139121055603,1001,1.9312666654586792,0.001,1,a2c_lr_high_seed1,-0.5941733121871948,5.052270412445068,0.6952559351921082,-0.3669902980327606,5.938405513763428
795,-70.25176239013672,-71.77139121055603,1001,1.2863287925720215,0.001,1,a2c_lr_high_seed1,-0.4466879665851593,3.4674453735351562,0.7059798836708069,-0.2616816461086273,5.294872283935547
795,-70.25176239013672,-71.77139121055603,1001,1.1071007251739502,0.001,1,a2c_lr_high_seed1,-0.44734713435173035,3.110339403152466,0.7218486666679382,-0.210125133395195,4.4763007164001465
795,-70.25176239013672,-71.77139121055603,1001,2.936678647994995,0.001,1,a2c_lr_high_seed1,-1.1534631252288818,8.181724548339844,0.7205705046653748,-1.1411772966384888,17.900083541870117
795,-70.25176239013672,-71.77139121055603,1001,2.643275260925293,0.001,1,a2c_lr_high_seed1,-0.6282148361206055,6.544503211975098,0.7615635395050049,-0.6698439121246338,11.207512855529785
796,-52.20405197143555,-72.09381896018982,1001,4.58820104598999,0.001,1,a2c_lr_high_seed1,-0.5060321092605591,10.189860343933105,0.6971222758293152,-0.2634064555168152,4.5801472663879395
796,-52.20405197143555,-72.09381896018982,1001,5.215490341186523,0.001,1,a2c_lr_high_seed1,-0.02092793583869934,10.474275588989258,0.7197690010070801,0.2948188781738281,10.640557289123535
797,-61.81883239746094,-72.21424017906189,1001,6.8228230476379395,0.001,1,a2c_lr_high_seed1,0.9422129988670349,11.76253604888916,0.6582180261611938,1.3997256755828857,19.347797393798828
797,-61.81883239746094,-72.21424017906189,1001,1.866492509841919,0.001,1,a2c_lr_high_seed1,-0.9905645847320557,5.715536594390869,0.711143970489502,-1.0711065530776978,16.85282325744629
798,-103.0114974975586,-70.68735220909119,1001,2.7104649543762207,0.001,1,a2c_lr_high_seed1,-0.40876561403274536,6.239807605743408,0.6734066605567932,-0.305663526058197,5.446505546569824
800,-63.57011413574219,-69.17098944664002,1001,10.427688598632812,0.001,1,a2c_lr_high_seed1,0.18441669642925262,20.48781967163086,0.6377935409545898,0.6078029870986938,11.246965408325195
800,-63.57011413574219,-69.17098944664002,1001,18.751670837402344,0.001,1,a2c_lr_high_seed1,0.8433789610862732,35.81797790527344,0.6958696842193604,1.2508465051651,25.95155143737793
800,-63.57011413574219,-69.17098944664002,1001,10.5535306930542,0.001,1,a2c_lr_high_seed1,-0.035248249769210815,21.179027557373047,0.7349957227706909,0.35344427824020386,15.02978515625
801,-39.947898864746094,-67.69723715782166,1001,9.412947654724121,0.001,1,a2c_lr_high_seed1,1.0072362422943115,16.812843322753906,0.7103816866874695,1.731212854385376,30.867475509643555
801,-39.947898864746094,-67.69723715782166,1001,2.052720069885254,0.001,1,a2c_lr_high_seed1,0.1604422628879547,3.785940408706665,0.6922562122344971,0.29170286655426025,4.922426700592041
801,-39.947898864746094,-67.69723715782166,1001,2.698824405670166,0.001,1,a2c_lr_high_seed1,-1.009869933128357,7.41883659362793,0.723870575428009,-1.2055270671844482,21.497106552124023
801,-39.947898864746094,-67.69723715782166,1001,2.268822431564331,0.001,1,a2c_lr_high_seed1,-0.7239828705787659,5.987117290496826,0.7534082531929016,-0.6794621348381042,11.344898223876953
801,-39.947898864746094,-67.69723715782166,1001,1.5311247110366821,0.001,1,a2c_lr_high_seed1,-0.29806268215179443,3.659867286682129,0.7463019490242004,-0.2124360054731369,4.3729939460754395
801,-39.947898864746094,-67.69723715782166,1001,1.527966022491455,0.001,1,a2c_lr_high_seed1,-0.39549511671066284,3.8483150005340576,0.6964406371116638,-0.4430469274520874,8.964478492736816
801,-39.947898864746094,-67.69723715782166,1001,2.6044819355010986,0.001,1,a2c_lr_high_seed1,-0.6550633907318115,6.520469665527344,0.6895279884338379,-0.7273167371749878,13.276549339294434
801,-39.947898864746094,-67.69723715782166,1001,1.7537966966629028,0.001,1,a2c_lr_high_seed1,-0.21758249402046204,3.9442038536071777,0.722739577293396,-0.32413947582244873,6.206811428070068
801,-39.947898864746094,-67.69723715782166,1001,2.698068618774414,0.001,1,a2c_lr_high_seed1,-0.61391681432724,6.625490665435791,0.7599334120750427,-0.7461812496185303,12.916657447814941
801,-39.947898864746094,-67.69723715782166,1001,1.3281158208847046,0.001,1,a2c_lr_high_seed1,-0.7559724450111389,4.169581413269043,0.7025070786476135,-0.6760215163230896,10.930761337280273
801,-39.947898864746094,-67.69723715782166,1001,1.7019814252853394,0.001,1,a2c_lr_high_seed1,-0.9444698095321655,5.294347286224365,0.7223557829856873,-1.0715292692184448,17.64724349975586
802,-59.22061538696289,-66.68113631248474,1001,12.012394905090332,0.001,1,a2c_lr_high_seed1,0.5839912295341492,22.858203887939453,0.6981709003448486,1.3953123092651367,26.132709503173828
802,-59.22061538696289,-66.68113631248474,1001,1.9082344770431519,0.001,1,a2c_lr_high_seed1,-0.14200329780578613,4.101955890655518,0.7401869297027588,-0.037256866693496704,3.1866462230682373
802,-59.22061538696289,-66.68113631248474,1001,4.065496921539307,0.001,1,a2c_lr_high_seed1,-0.7912417054176331,9.714905738830566,0.7144767045974731,-0.3240085542201996,9.462386131286621
802,-59.22061538696289,-66.68113631248474,1001,2.3532955646514893,0.001,1,a2c_lr_high_seed1,-0.591196596622467,5.890356063842773,0.6859599947929382,-0.31861770153045654,7.9754838943481445
802,-59.22061538696289,-66.68113631248474,1001,1.7629878520965576,0.001,1,a2c_lr_high_seed1,-0.8180984854698181,5.163555145263672,0.6912272572517395,-0.6599477529525757,11.335827827453613
803,-89.91893768310547,-66.12001448631287,1001,5.103967666625977,0.001,1,a2c_lr_high_seed1,-0.7297647595405579,11.668819427490234,0.6769564151763916,-0.4603264033794403,9.284238815307617
803,-89.91893768310547,-66.12001448631287,1001,2.0203473567962646,0.001,1,a2c_lr_high_seed1,-0.3135449290275574,4.669101238250732,0.65822833776474,-0.03117944300174713,2.0605788230895996
803,-89.91893768310547,-66.12001448631287,1001,1.8397918939590454,0.001,1,a2c_lr_high_seed1,0.011092137545347214,3.658818483352661,0.7094914317131042,0.4312794804573059,6.780900001525879
803,-89.91893768310547,-66.12001448631287,1001,2.0106024742126465,0.001,1,a2c_lr_high_seed1,-0.7114371061325073,5.445521354675293,0.7209390997886658,-0.504716694355011,8.3812255859375
803,-89.91893768310547,-66.12001448631287,1001,1.236823558807373,0.001,1,a2c_lr_high_seed1,-1.10903799533844,4.693166255950928,0.7215514183044434,-1.0203626155853271,16.97010612487793
803,-89.91893768310547,-66.12001448631287,1001,1.6228774785995483,0.001,1,a2c_lr_high_seed1,-0.7160018682479858,4.6792893409729,0.7653746008872986,-0.8663093447685242,14.813480377197266
803,-89.91893768310547,-66.12001448631287,1001,2.651064157485962,0.001,1,a2c_lr_high_seed1,0.05953854322433472,5.184506893157959,0.7279192209243774,0.3188260495662689,5.197235107421875
803,-89.91893768310547,-66.12001448631287,1001,1.824259638786316,0.001,1,a2c_lr_high_seed1,-0.6383134126663208,4.926645755767822,0.7498765587806702,-0.689235508441925,11.19128704071045
804,-46.75111389160156,-65.23059859275818,1001,2.4242115020751953,0.001,1,a2c_lr_high_seed1,-0.2151687890291214,5.280256271362305,0.7478139400482178,-0.19343943893909454,3.6939823627471924
805,-105.98698425292969,-64.60199934959411,1001,3.8508081436157227,0.001,1,a2c_lr_high_seed1,-0.2025570273399353,8.108160018920898,0.7147374153137207,0.034009262919425964,2.806178569793701
805,-105.98698425292969,-64.60199934959411,1001,3.020817995071411,0.001,1,a2c_lr_high_seed1,-1.1009721755981445,8.245024681091309,0.7221828699111938,-0.8993669748306274,14.872133255004883
805,-105.98698425292969,-64.60199934959411,1001,3.163494825363159,0.001,1,a2c_lr_high_seed1,-0.6094160676002502,7.547287464141846,0.7328077554702759,-0.6991258263587952,11.912823677062988
808,-109.51246643066406,-61.94047339439392,1001,7.257949352264404,0.001,1,a2c_lr_high_seed1,0.5726317167282104,13.372099876403809,0.7323580384254456,0.6339733600616455,12.784867286682129
808,-109.51246643066406,-61.94047339439392,1001,2.610414743423462,0.001,1,a2c_lr_high_seed1,0.1526499092578888,4.917011737823486,0.7410321831703186,0.3089483976364136,6.599665641784668
808,-109.51246643066406,-61.94047339439392,1001,1.549233317375183,0.001,1,a2c_lr_high_seed1,-0.28798365592956543,3.67582368850708,0.6949189901351929,0.013567991554737091,2.445552110671997
809,-78.3184814453125,-61.02476004600525,1001,6.888984203338623,0.001,1,a2c_lr_high_seed1,-0.258788138628006,14.297015190124512,0.7352445721626282,-0.19460105895996094,7.944393634796143
809,-78.3184814453125,-61.02476004600525,1001,2.2936558723449707,0.001,1,a2c_lr_high_seed1,-0.807251513004303,6.203263282775879,0.724415123462677,-1.0423226356506348,19.364713668823242
809,-78.3184814453125,-61.02476004600525,1001,1.9875472784042358,0.001,1,a2c_lr_high_seed1,-0.11765801906585693,4.211897373199463,0.7433513402938843,0.08814111351966858,2.7307493686676025
809,-78.3184814453125,-61.02476004600525,1001,1.0861235857009888,0.001,1,a2c_lr_high_seed1,-0.7068812847137451,3.5875115394592285,0.750907838344574,-0.7705928087234497,14.406749725341797
809,-78.3184814453125,-61.02476004600525,1001,1.984244704246521,0.001,1,a2c_lr_high_seed1,-0.255149245262146,4.480249404907227,0.7307612299919128,-0.13430407643318176,3.2513012886047363
809,-78.3184814453125,-61.02476004600525,1001,1.3051528930664062,0.001,1,a2c_lr_high_seed1,-0.45544493198394775,3.522622585296631,0.7134683132171631,-0.22760188579559326,4.5120415687561035
809,-78.3184814453125,-61.02476004600525,1001,1.2774726152420044,0.001,1,a2c_lr_high_seed1,-0.3513646125793457,3.2591331005096436,0.7293216586112976,-0.20335623621940613,3.9022953510284424
809,-78.3184814453125,-61.02476004600525,1001,2.1952826976776123,0.001,1,a2c_lr_high_seed1,-0.5503077507019043,5.492618560791016,0.7188930511474609,-0.5405011177062988,9.509079933166504
809,-78.3184814453125,-61.02476004600525,1001,2.089651346206665,0.001,1,a2c_lr_high_seed1,-0.21578174829483032,4.612391471862793,0.762762188911438,-0.0015157302841544151,2.026561737060547
809,-78.3184814453125,-61.02476004600525,1001,1.7431645393371582,0.001,1,a2c_lr_high_seed1,-0.42625895142555237,4.340418338775635,0.7857260704040527,-0.4167056083679199,8.248929977416992
809,-78.3184814453125,-61.02476004600525,1001,1.7348030805587769,0.001,1,a2c_lr_high_seed1,-0.5893094539642334,4.649688720703125,0.7318722605705261,-0.5570759773254395,10.790173530578613
810,-93.31893157958984,-60.70469122886658,1001,9.315961837768555,0.001,1,a2c_lr_high_seed1,0.318387895822525,17.996549606323242,0.7008106112480164,0.8621681928634644,8.981422424316406
810,-93.31893157958984,-60.70469122886658,1001,2.0322089195251465,0.001,1,a2c_lr_high_seed1,-0.17194414138793945,4.409640312194824,0.6670050621032715,0.12721803784370422,2.64935302734375
810,-93.31893157958984,-60.70469122886658,1001,2.849118709564209,0.001,1,a2c_lr_high_seed1,0.1874655783176422,5.324735641479492,0.7148886919021606,0.4485069513320923,8.305264472961426
810,-93.31893157958984,-60.70469122886658,1001,3.936854839324951,0.001,1,a2c_lr_high_seed1,0.6652998328208923,6.544626235961914,0.7581966519355774,1.0967625379562378,19.276870727539062
810,-93.31893157958984,-60.70469122886658,1001,1.2560354471206665,0.001,1,a2c_lr_high_seed1,-0.2624647617340088,3.038487672805786,0.7436422109603882,0.09660111367702484,2.1068835258483887
811,-117.11344146728516,-61.350630559921264,1001,7.483170986175537,0.001,1,a2c_lr_high_seed1,0.9113305807113647,13.145133972167969,0.7264670729637146,1.7310936450958252,28.95648956298828
811,-117.11344146728516,-61.350630559921264,1001,3.415651321411133,0.001,1,a2c_lr_high_seed1,-0.2391267716884613,7.310967922210693,0.7058667540550232,0.32004478573799133,4.8125691413879395
811,-117.11344146728516,-61.350630559921264,1001,11.455058097839355,0.001,1,a2c_lr_high_seed1,1.3307024240493774,20.25027084350586,0.7796748280525208,1.8749405145645142,32.65781784057617
811,-117.11344146728516,-61.350630559921264,1001,4.5825605392456055,0.001,1,a2c_lr_high_seed1,0.37892431020736694,8.408757209777832,0.742382824420929,1.0635744333267212,18.117929458618164
811,-117.11344146728516,-61.350630559921264,1001,1.1665891408920288,0.001,1,a2c_lr_high_seed1,-0.5976773500442505,3.5299394130706787,0.7032133340835571,-0.22849655151367188,4.3600993156433105
811,-117.11344146728516,-61.350630559921264,1001,3.1914303302764893,0.001,1,a2c_lr_high_seed1,0.22493389248847961,5.934325218200684,0.6661149859428406,0.45698028802871704,8.78215503692627
811,-117.11344146728516,-61.350630559921264,1001,1.2211487293243408,0.001,1,a2c_lr_high_seed1,-0.4454248249530792,3.3346750736236572,0.7640088200569153,-0.21323704719543457,4.493335723876953
811,-117.11344146728516,-61.350630559921264,1001,3.6451544761657715,0.001,1,a2c_lr_high_seed1,-0.012842223048210144,7.317530632019043,0.7687760591506958,0.5859434604644775,8.899614334106445
812,-70.70738220214844,-60.62476782798767,1001,12.880582809448242,0.001,1,a2c_lr_high_seed1,1.0071208477020264,23.748403549194336,0.7401638031005859,1.7481122016906738,18.604894638061523
813,-97.31415557861328,-60.073003454208376,1001,8.464884757995605,0.001,1,a2c_lr_high_seed1,0.6460323333740234,15.639276504516602,0.7860851287841797,1.229556679725647,21.889572143554688
813,-97.31415557861328,-60.073003454208376,1001,5.150895595550537,0.001,1,a2c_lr_high_seed1,0.3178427815437317,9.667540550231934,0.7176758646965027,0.6420309543609619,10.555458068847656
813,-97.31415557861328,-60.073003454208376,1001,5.857940196990967,0.001,1,a2c_lr_high_seed1,0.9744032621383667,9.768630027770996,0.7782509922981262,1.6928818225860596,26.836015701293945
816,-59.327823638916016,-59.224059133529664,1001,20.46208953857422,0.001,1,a2c_lr_high_seed1,2.0040981769561768,36.91730880737305,0.6643667221069336,3.4115288257598877,52.81880569458008
816,-59.327823638916016,-59.224059133529664,1001,3.165952444076538,0.001,1,a2c_lr_high_seed1,-0.08112359046936035,6.495611190795898,0.7296242713928223,0.10248282551765442,7.997745513916016
816,-59.327823638916016,-59.224059133529664,1001,10.051718711853027,0.001,1,a2c_lr_high_seed1,1.4599573612213135,17.185035705566406,0.7561124563217163,1.9814152717590332,34.212947845458984
817,-50.98197555541992,-57.4469109249115,1001,11.841597557067871,0.001,1,a2c_lr_high_seed1,1.3138976097106934,21.056930541992188,0.7658692002296448,2.5255823135375977,41.98002624511719
817,-50.98197555541992,-57.4469109249115,1001,2.4108569622039795,0.001,1,a2c_lr_high_seed1,-0.09368802607059479,5.010587692260742,0.7489805221557617,0.08355949819087982,6.055252552032471
817,-50.98197555541992,-57.4469109249115,1001,1.2711020708084106,0.001,1,a2c_lr_high_seed1,-0.6654915809631348,3.874743700027466,0.7782272696495056,-0.5623491406440735,10.033907890319824
817,-50.98197555541992,-57.4469109249115,1001,3.746293067932129,0.001,1,a2c_lr_high_seed1,-0.2647365927696228,8.023567199707031,0.7538513541221619,0.32156381011009216,9.172781944274902
817,-50.98197555541992,-57.4469109249115,1001,3.4224729537963867,0.001,1,a2c_lr_high_seed1,0.4940210282802582,5.85829496383667,0.6954559683799744,0.8519358038902283,15.333451271057129
817,-50.98197555541992,-57.4469109249115,1001,1.6424036026000977,0.001,1,a2c_lr_high_seed1,-0.47699952125549316,4.240262985229492,0.7283498048782349,-0.4235944449901581,6.971715450286865
817,-50.98197555541992,-57.4469109249115,1001,4.236988544464111,0.001,1,a2c_lr_high_seed1,-0.960878849029541,10.397293090820312,0.779029369354248,-1.1520013809204102,19.44610595703125
817,-50.98197555541992,-57.4469109249115,1001,2.814446210861206,0.001,1,a2c_lr_high_seed1,0.33735114336013794,4.955698013305664,0.7537628412246704,0.6543551683425903,11.476166725158691
817,-50.98197555541992,-57.4469109249115,1001,2.2143795490264893,0.001,1,a2c_lr_high_seed1,-0.06128630042076111,4.552903175354004,0.7858732342720032,0.07249528169631958,2.6356959342956543
817,-50.98197555541992,-57.4469109249115,1001,1.707402229309082,0.001,1,a2c_lr_high_seed1,-0.8435638546943665,5.103402137756348,0.7350195050239563,-1.0033468008041382,16.369550704956055
817,-50.98197555541992,-57.4469109249115,1001,1.927356243133545,0.001,1,a2c_lr_high_seed1,-0.5359197854995728,4.9281110763549805,0.7794798612594604,-0.54720139503479,9.67568588256836
818,-42.41720199584961,-57.66407172203064,1001,8.993735313415527,0.001,1,a2c_lr_high_seed1,-0.23987805843353271,18.46860694885254,0.6909066438674927,0.03700532019138336,9.851556777954102
818,-42.41720199584961,-57.66407172203064,1001,4.775464057922363,0.001,1,a2c_lr_high_seed1,-0.31987464427948,10.192031860351562,0.6771477460861206,-0.630756139755249,9.0818452835083
818,-42.41720199584961,-57.66407172203064,1001,6.1888041496276855,0.001,1,a2c_lr_high_seed1,0.891944408416748,10.595252990722656,0.7667269110679626,1.3874666690826416,24.319808959960938
818,-42.41720199584961,-57.66407172203064,1001,1.8309084177017212,0.001,1,a2c_lr_high_seed1,-0.9784812927246094,5.620378494262695,0.7995699048042297,-1.2755101919174194,21.035463333129883
818,-42.41720199584961,-57.66407172203064,1001,1.5119065046310425,0.001,1,a2c_lr_high_seed1,-0.9737018346786499,4.972763538360596,0.7734130024909973,-1.3437281847000122,22.291473388671875
819,-37.45523452758789,-56.85073042869568,1001,8.848278045654297,0.001,1,a2c_lr_high_seed1,-0.563269317150116,18.824539184570312,0.7218469381332397,-0.8198542594909668,17.811798095703125
819,-37.45523452758789,-56.85073042869568,1001,6.570629596710205,0.001,1,a2c_lr_high_seed1,-0.28928640484809875,13.721366882324219,0.7673372626304626,-0.15836377441883087,8.905938148498535
819,-37.45523452758789,-56.85073042869568,1001,1.141096830368042,0.001,1,a2c_lr_high_seed1,-0.3505575358867645,2.984875202178955,0.7832287549972534,-0.4918137192726135,8.461406707763672
819,-37.45523452758789,-56.85073042869568,1001,3.3488643169403076,0.001,1,a2c_lr_high_seed1,-1.0268921852111816,8.753056526184082,0.7717690467834473,-1.2124154567718506,20.27906036376953
819,-37.45523452758789,-56.85073042869568,1001,3.367344379425049,0.001,1,a2c_lr_high_seed1,0.22668644785881042,6.2827301025390625,0.7072390913963318,0.7069613337516785,12.461824417114258
819,-37.45523452758789,-56.85073042869568,1001,1.7972739934921265,0.001,1,a2c_lr_high_seed1,-0.5200305581092834,4.636168956756592,0.7799859046936035,-0.5214976072311401,9.48194694519043
819,-37.45523452758789,-56.85073042869568,1001,2.512742519378662,0.001,1,a2c_lr_high_seed1,-0.2549995481967926,5.537067413330078,0.7916595339775085,-0.14869220554828644,4.4039530754089355
819,-37.45523452758789,-56.85073042869568,1001,0.9694284200668335,0.001,1,a2c_lr_high_seed1,-0.46747511625289917,2.8754992485046387,0.8461155891418457,-0.3762994408607483,6.683594703674316
820,-55.3084602355957,-56.37691718101502,1001,5.528831958770752,0.001,1,a2c_lr_high_seed1,-0.5158016681671143,12.09079360961914,0.7635403871536255,-0.3917393684387207,11.081795692443848
820,-55.3084602355957,-56.37691718101502,1001,8.626279830932617,0.001,1,a2c_lr_high_seed1,-1.2776665687561035,19.809404373168945,0.7554401755332947,-1.973440170288086,31.7331485748291
821,-75.93619537353516,-57.834260654449466,1001,8.216131210327148,0.001,1,a2c_lr_high_seed1,-0.28952956199645996,17.012693405151367,0.6860330104827881,-0.36026322841644287,14.61978530883789
821,-75.93619537353516,-57.834260654449466,1001,12.292387008666992,0.001,1,a2c_lr_high_seed1,1.045130968093872,22.49604034423828,0.7643284201622009,1.4269278049468994,29.093801498413086
823,-67.37100982666016,-59.66384737014771,1001,17.22312355041504,0.001,1,a2c_lr_high_seed1,2.2421231269836426,29.963565826416016,0.7814711332321167,2.8726871013641357,45.99135971069336
824,-94.03416442871094,-61.238391914367675,1001,5.706527233123779,0.001,1,a2c_lr_high_seed1,0.17873772978782654,11.05699348449707,0.7069709300994873,0.8075524568557739,10.672196388244629
824,-94.03416442871094,-61.238391914367675,1001,3.0842227935791016,0.001,1,a2c_lr_high_seed1,0.09952359646558762,5.97086238861084,0.7319446802139282,0.07734763622283936,3.4251930713653564
825,-83.43031311035156,-62.00949626922608,1001,11.738954544067383,0.001,1,a2c_lr_high_seed1,1.7154430150985718,20.04857635498047,0.7759863138198853,2.084434986114502,36.20138168334961
825,-83.43031311035156,-62.00949626922608,1001,8.12581729888916,0.001,1,a2c_lr_high_seed1,0.5866011381149292,15.079788208007812,0.6780458092689514,0.9079903960227966,17.60192108154297
825,-83.43031311035156,-62.00949626922608,1001,9.402804374694824,0.001,1,a2c_lr_high_seed1,0.5148553848266602,17.777454376220703,0.778354823589325,1.0856502056121826,21.36681365966797
825,-83.43031311035156,-62.00949626922608,1001,3.0251283645629883,0.001,1,a2c_lr_high_seed1,0.153047576546669,5.7455339431762695,0.6862027645111084,0.35228776931762695,7.955888271331787
825,-83.43031311035156,-62.00949626922608,1001,2.5866034030914307,0.001,1,a2c_lr_high_seed1,-0.23310330510139465,5.640939235687256,0.762954592704773,0.07067447900772095,3.4114701747894287
825,-83.43031311035156,-62.00949626922608,1001,1.4408721923828125,0.001,1,a2c_lr_high_seed1,-0.2752382457256317,3.4336800575256348,0.7295910120010376,0.09410718828439713,2.3459057807922363
825,-83.43031311035156,-62.00949626922608,1001,2.317478656768799,0.001,1,a2c_lr_high_seed1,-0.29949522018432617,5.235518455505371,0.7853167057037354,-0.24795567989349365,6.423037528991699
825,-83.43031311035156,-62.00949626922608,1001,2.0863101482391357,0.001,1,a2c_lr_high_seed1,-0.05451987683773041,4.283207893371582,0.7739694714546204,0.28541919589042664,5.941372871398926
825,-83.43031311035156,-62.00949626922608,1001,1.7248660326004028,0.001,1,a2c_lr_high_seed1,-0.16805589199066162,3.7873778343200684,0.7670124173164368,0.05250255763530731,2.939133644104004
825,-83.43031311035156,-62.00949626922608,1001,1.1726596355438232,0.001,1,a2c_lr_high_seed1,-0.5452173948287964,3.4371578693389893,0.7019625902175903,-0.20593217015266418,3.929351568222046
825,-83.43031311035156,-62.00949626922608,1001,1.9119783639907837,0.001,1,a2c_lr_high_seed1,0.12348127365112305,3.5785224437713623,0.7641805410385132,0.5189371109008789,8.745940208435059
826,-83.14689636230469,-62.788528022766116,1001,5.88973331451416,0.001,1,a2c_lr_high_seed1,-1.0156421661376953,13.812296867370605,0.7730650305747986,-0.9703354239463806,18.351167678833008
826,-83.14689636230469,-62.788528022766116,1001,10.846614837646484,0.001,1,a2c_lr_high_seed1,1.249721646308899,19.195297241210938,0.7548508644104004,1.9249905347824097,35.183189392089844
826,-83.14689636230469,-62.788528022766116,1001,3.3395028114318848,0.001,1,a2c_lr_high_seed1,0.2438584417104721,6.192838668823242,0.774867594242096,0.46508142352104187,8.543525695800781
826,-83.14689636230469,-62.788528022766116,1001,1.5747915506362915,0.001,1,a2c_lr_high_seed1,-0.4295169413089752,4.010121822357178,0.7524018883705139,-0.3178790807723999,7.6952056884765625
826,-83.14689636230469,-62.788528022766116,1001,1.5463690757751465,0.001,1,a2c_lr_high_seed1,-0.7122105360031128,4.518585681915283,0.7131807804107666,-0.5730061531066895,10.563481330871582
826,-83.14689636230469,-62.788528022766116,1001,5.228265285491943,0.001,1,a2c_lr_high_seed1,1.136833906173706,8.184313774108887,0.7253031134605408,1.8461748361587524,30.038238525390625
827,-64.95801544189453,-63.49861473083496,1001,4.337950706481934,0.001,1,a2c_lr_high_seed1,-0.27961525321006775,9.23660945892334,0.7385801076889038,0.11833491176366806,6.081805229187012
827,-64.95801544189453,-63.49861473083496,1001,4.932816028594971,0.001,1,a2c_lr_high_seed1,-0.2358962446451187,10.338871002197266,0.723473846912384,0.016475273296236992,4.196207523345947
827,-64.95801544189453,-63.49861473083496,1001,16.344907760620117,0.001,1,a2c_lr_high_seed1,-0.007872283458709717,32.70706558227539,0.7527303099632263,0.02666771411895752,16.07805061340332
827,-64.95801544189453,-63.49861473083496,1001,5.185873031616211,0.001,1,a2c_lr_high_seed1,0.8011902570724487,8.770788192749023,0.7116494178771973,1.3973253965377808,22.867399215698242
827,-64.95801544189453,-63.49861473083496,1001,3.0129899978637695,0.001,1,a2c_lr_high_seed1,0.0033804848790168762,6.020839691162109,0.8102777004241943,0.2774718105792999,5.666740417480469
827,-64.95801544189453,-63.49861473083496,1001,2.4055111408233643,0.001,1,a2c_lr_high_seed1,0.17227913439273834,4.467961311340332,0.7486648559570312,0.43356072902679443,6.656301498413086
827,-64.95801544189453,-63.49861473083496,1001,2.7026937007904053,0.001,1,a2c_lr_high_seed1,0.1495545357465744,5.107724666595459,0.7230913639068604,0.6578283309936523,10.050766944885254
828,-19.040124893188477,-61.99935085296631,1001,5.107600212097168,0.001,1,a2c_lr_high_seed1,0.09896095097064972,10.018783569335938,0.7523280382156372,0.5696325302124023,8.823826789855957
828,-19.040124893188477,-61.99935085296631,1001,2.487511396408081,0.001,1,a2c_lr_high_seed1,-0.18828533589839935,5.353131294250488,0.7688028812408447,0.13630411028862,4.315554141998291
829,-68.80830383300781,-62.202196235656736,1001,7.3241801261901855,0.001,1,a2c_lr_high_seed1,-0.04552963376045227,14.740851402282715,0.7155888676643372,0.6136149168014526,13.306260108947754
829,-68.80830383300781,-62.202196235656736,1001,2.062619686126709,0.001,1,a2c_lr_high_seed1,0.3176755905151367,3.4914379119873047,0.7748178243637085,0.6428331732749939,9.137259483337402
830,-56.081546783447266,-62.99130710601807,1001,7.803589820861816,0.001,1,a2c_lr_high_seed1,0.7524102330207825,14.103917121887207,0.7789814472198486,1.302915334701538,18.483463287353516
832,-47.89649200439453,-62.39470859527588,1001,12.72889518737793,0.001,1,a2c_lr_high_seed1,0.48632150888442993,24.486509323120117,0.6806289553642273,1.643174409866333,23.501487731933594
832,-47.89649200439453,-62.39470859527588,1001,8.459181785583496,0.001,1,a2c_lr_high_seed1,0.7613435387611389,15.397144317626953,0.7347113490104675,1.2833197116851807,23.574926376342773
832,-47.89649200439453,-62.39470859527588,1001,14.42938232421875,0.001,1,a2c_lr_high_seed1,1.2043923139572144,26.45144271850586,0.7317776679992676,2.340909242630005,39.73143005371094
833,-21.821842193603516,-61.3143053817749,1001,7.878373622894287,0.001,1,a2c_lr_high_seed1,0.5480775237083435,14.6619873046875,0.6976609826087952,1.3035634756088257,20.878677368164062
833,-21.821842193603516,-61.3143053817749,1001,5.198616027832031,0.001,1,a2c_lr_high_seed1,0.4790215492248535,9.440673828125,0.7422876954078674,0.9537786245346069,14.583459854125977
833,-21.821842193603516,-61.3143053817749,1001,5.418764114379883,0.001,1,a2c_lr_high_seed1,-0.820487380027771,12.479968070983887,0.732332706451416,-0.9528582692146301,19.51767349243164
833,-21.821842193603516,-61.3143053817749,1001,4.05885124206543,0.001,1,a2c_lr_high_seed1,-0.0044703409075737,8.128057479858398,0.7069893479347229,0.22731852531433105,4.056484699249268
833,-21.821842193603516,-61.3143053817749,1001,1.4612557888031006,0.001,1,a2c_lr_high_seed1,-0.4126647710800171,3.749262571334839,0.7107442021369934,-0.20955370366573334,3.658414840698242
833,-21.821842193603516,-61.3143053817749,1001,1.4524646997451782,0.001,1,a2c_lr_high_seed1,-0.834563136100769,4.575460433959961,0.7023311853408813,-0.751640260219574,12.610779762268066
833,-21.821842193603516,-61.3143053817749,1001,3.2558155059814453,0.001,1,a2c_lr_high_seed1,-0.02757805585861206,6.568149089813232,0.6809524893760681,0.25608643889427185,8.83035945892334
833,-21.821842193603516,-61.3143053817749,1001,1.8092985153198242,0.001,1,a2c_lr_high_seed1,-0.8087334632873535,5.237512111663818,0.7240843176841736,-0.7864355444908142,12.627264976501465
833,-21.821842193603516,-61.3143053817749,1001,4.7944865226745605,0.001,1,a2c_lr_high_seed1,0.11122748255729675,9.367973327636719,0.7277622818946838,0.4413226246833801,7.333353519439697
833,-21.821842193603516,-61.3143053817749,1001,2.735515594482422,0.001,1,a2c_lr_high_seed1,-0.18134833872318268,5.835251808166504,0.7619933485984802,-0.1369217038154602,5.40017557144165
833,-21.821842193603516,-61.3143053817749,1001,1.7248724699020386,0.001,1,a2c_lr_high_seed1,-0.5102516412734985,4.471815586090088,0.7836690545082092,-0.5501673221588135,8.819374084472656
834,-36.56730651855469,-61.298357810974125,1001,9.247859954833984,0.001,1,a2c_lr_high_seed1,-0.725624680519104,19.948379516601562,0.7045691013336182,-0.03133073449134827,9.022889137268066
834,-36.56730651855469,-61.298357810974125,1001,3.7394206523895264,0.001,1,a2c_lr_high_seed1,-0.26156097650527954,8.003458023071289,0.7474488019943237,-0.03486865758895874,6.305232524871826
834,-36.56730651855469,-61.298357810974125,1001,2.0474228858947754,0.001,1,a2c_lr_high_seed1,-0.36438775062561035,4.82503080368042,0.7046570777893066,-0.2888009548187256,5.80274772644043
834,-36.56730651855469,-61.298357810974125,1001,1.5810463428497314,0.001,1,a2c_lr_high_seed1,-0.3410645127296448,3.845733642578125,0.7559763789176941,-0.1914457380771637,4.306375980377197
834,-36.56730651855469,-61.298357810974125,1001,1.4337706565856934,0.001,1,a2c_lr_high_seed1,-0.5385249257087708,3.9461281299591064,0.7684118747711182,-0.3835037350654602,6.159597396850586
835,-48.292842864990234,-61.59972591400147,1001,4.060970306396484,0.001,1,a2c_lr_high_seed1,-0.3690480887889862,8.861488342285156,0.7259722352027893,-0.40841224789619446,9.422471046447754
835,-48.292842864990234,-61.59972591400147,1001,4.277160167694092,0.001,1,a2c_lr_high_seed1,-0.8106386065483093,10.176959991455078,0.6814149618148804,-0.7498620748519897,14.560269355773926
835,-48.292842864990234,-61.59972591400147,1001,5.284497261047363,0.001,1,a2c_lr_high_seed1,0.17326757311820984,10.223902702331543,0.721473217010498,0.6623916625976562,14.360176086425781
835,-48.292842864990234,-61.59972591400147,1001,2.5407302379608154,0.001,1,a2c_lr_high_seed1,-0.32967817783355713,5.742249488830566,0.7165495157241821,-0.35100120306015015,5.809661388397217
835,-48.292842864990234,-61.59972591400147,1001,3.8522231578826904,0.001,1,a2c_lr_high_seed1,-0.2770288586616516,8.259967803955078,0.7318568229675293,-0.4809204041957855,9.94653034210205
835,-48.292842864990234,-61.59972591400147,1001,3.454620122909546,0.001,1,a2c_lr_high_seed1,-0.8899356722831726,8.690656661987305,0.7723919749259949,-1.302728533744812,21.317041397094727
835,-48.292842864990234,-61.59972591400147,1001,2.193124532699585,0.001,1,a2c_lr_high_seed1,-0.22444376349449158,4.836613655090332,0.7386755347251892,-0.3662068843841553,7.690573215484619
835,-48.292842864990234,-61.59972591400147,1001,2.3842179775238037,0.001,1,a2c_lr_high_seed1,-0.8084097504615784,6.38670539855957,0.7249935269355774,-1.1349735260009766,18.585224151611328
836,-78.24639129638672,-63.07220413208008,1001,7.609012603759766,0.001,1,a2c_lr_high_seed1,-0.01179107278585434,15.243053436279297,0.7230625748634338,0.49506986141204834,3.049729585647583
837,-61.58430862426758,-63.65522346496582,1001,5.589459419250488,0.001,1,a2c_lr_high_seed1,-0.31925031542778015,11.818732261657715,0.6563873291015625,-0.5687299966812134,11.34078598022461
837,-61.58430862426758,-63.65522346496582,1001,4.564018249511719,0.001,1,a2c_lr_high_seed1,0.04934892803430557,9.03077507019043,0.7182118892669678,0.09845158457756042,7.415719509124756
837,-61.58430862426758,-63.65522346496582,1001,5.090625762939453,0.001,1,a2c_lr_high_seed1,-0.43986016511917114,11.062520980834961,0.7744686603546143,-0.8953830003738403,17.398006439208984
840,-58.55308151245117,-65.46971004486085,1001,20.231534957885742,0.001,1,a2c_lr_high_seed1,1.4207086563110352,37.62297439575195,0.6611586213111877,2.830540895462036,46.635406494140625
840,-58.55308151245117,-65.46971004486085,1001,5.814673900604248,0.001,1,a2c_lr_high_seed1,0.34033113718032837,10.950066566467285,0.6902329921722412,0.18116673827171326,4.773632049560547
840,-58.55308151245117,-65.46971004486085,1001,3.3184235095977783,0.001,1,a2c_lr_high_seed1,0.12630565464496613,6.385704040527344,0.7340881824493408,-0.15520727634429932,3.7678844928741455
841,-79.0176773071289,-66.59404933929443,1001,10.207265853881836,0.001,1,a2c_lr_high_seed1,0.3341291546821594,19.747573852539062,0.6501403450965881,0.9268868565559387,9.334698677062988
841,-79.0176773071289,-66.59404933929443,1001,3.5581979751586914,0.001,1,a2c_lr_high_seed1,-0.2409176230430603,7.599710464477539,0.7394963502883911,-0.7024246454238892,12.861538887023926
841,-79.0176773071289,-66.59404933929443,1001,3.6692898273468018,0.001,1,a2c_lr_high_seed1,-1.5111534595489502,10.362349510192871,0.7314482927322388,-2.3382351398468018,44.5156135559082
841,-79.0176773071289,-66.59404933929443,1001,4.363564968109131,0.001,1,a2c_lr_high_seed1,-0.22171929478645325,9.172011375427246,0.7216340899467468,-0.3404284119606018,7.663647651672363
841,-79.0176773071289,-66.59404933929443,1001,3.8565025329589844,0.001,1,a2c_lr_high_seed1,-0.6065660715103149,8.92752742767334,0.6952311992645264,-1.0405077934265137,19.909481048583984
841,-79.0176773071289,-66.59404933929443,1001,4.395728588104248,0.001,1,a2c_lr_high_seed1,0.1201823353767395,8.552529335021973,0.7186672687530518,0.11107659339904785,5.883018970489502
841,-79.0176773071289,-66.59404933929443,1001,2.9430696964263916,0.001,1,a2c_lr_high_seed1,-1.344788670539856,8.577169418334961,0.7264912128448486,-1.7113275527954102,32.67744827270508
841,-79.0176773071289,-66.59404933929443,1001,2.475541830062866,0.001,1,a2c_lr_high_seed1,-0.9113684892654419,6.775301933288574,0.7406799793243408,-1.1965869665145874,22.240886688232422
841,-79.0176773071289,-66.59404933929443,1001,2.553250312805176,0.001,1,a2c_lr_high_seed1,-1.3534047603607178,7.814746379852295,0.7181546688079834,-1.8065706491470337,34.14358139038086
841,-79.0176773071289,-66.59404933929443,1001,2.58571720123291,0.001,1,a2c_lr_high_seed1,-0.17396339774131775,5.520860195159912,0.7495271563529968,-0.016804277896881104,4.973690032958984
841,-79.0176773071289,-66.59404933929443,1001,2.2532031536102295,0.001,1,a2c_lr_high_seed1,-0.5391682386398315,5.586296081542969,0.7764356732368469,-0.601641058921814,13.023307800292969
842,-116.29755401611328,-67.85027652740479,1001,2.4791858196258545,0.001,1,a2c_lr_high_seed1,-0.4693501889705658,5.898433208465576,0.6805669665336609,-0.48905491828918457,10.855527877807617
842,-116.29755401611328,-67.85027652740479,1001,3.81697154045105,0.001,1,a2c_lr_high_seed1,0.21405847370624542,7.207195281982422,0.6844298243522644,0.4413779675960541,7.109358787536621
842,-116.29755401611328,-67.85027652740479,1001,4.109454154968262,0.001,1,a2c_lr_high_seed1,-0.7211089134216309,9.662585258483887,0.7296615839004517,-0.7620218992233276,15.76384449005127
842,-116.29755401611328,-67.85027652740479,1001,2.7656078338623047,0.001,1,a2c_lr_high_seed1,-0.45742303133010864,6.447586536407471,0.7624759078025818,-0.284694105386734,7.422316551208496
842,-116.29755401611328,-67.85027652740479,1001,1.6093934774398804,0.001,1,a2c_lr_high_seed1,-0.4082711935043335,4.036801338195801,0.7359742522239685,-0.556007444858551,10.478592872619629
843,-95.30828857421875,-68.27598133087159,1001,4.5748701095581055,0.001,1,a2c_lr_high_seed1,0.1474524438381195,8.856133460998535,0.6491246223449707,0.43376317620277405,8.35991096496582
843,-95.30828857421875,-68.27598133087159,1001,2.8195853233337402,0.001,1,a2c_lr_high_seed1,-0.3314993977546692,6.3036065101623535,0.7185325622558594,-0.4675552248954773,9.853432655334473
843,-95.30828857421875,-68.27598133087159,1001,1.3879534006118774,0.001,1,a2c_lr_high_seed1,-0.7660306692123413,4.3094282150268555,0.7300366163253784,-0.7219334244728088,13.528186798095703
843,-95.30828857421875,-68.27598133087159,1001,2.2641966342926025,0.001,1,a2c_lr_high_seed1,-0.23214837908744812,4.994096755981445,0.7034448385238647,-0.07832324504852295,3.2779221534729004
843,-95.30828857421875,-68.27598133087159,1001,2.6715500354766846,0.001,1,a2c_lr_high_seed1,-0.06938665360212326,5.483274936676025,0.7007671594619751,-0.08089511096477509,5.024635314941406
843,-95.30828857421875,-68.27598133087159,1001,1.212446928024292,0.001,1,a2c_lr_high_seed1,-0.42601877450942993,3.278383731842041,0.7262259721755981,-0.32591184973716736,6.122788429260254
843,-95.30828857421875,-68.27598133087159,1001,1.458319902420044,0.001,1,a2c_lr_high_seed1,-0.7454307079315186,4.408908367156982,0.7035917043685913,-0.6551975011825562,13.029268264770508
843,-95.30828857421875,-68.27598133087159,1001,2.7100908756256104,0.001,1,a2c_lr_high_seed1,-0.10155230760574341,5.624838829040527,0.7762967348098755,-0.10511557757854462,2.7466719150543213
844,-92.5969467163086,-68.67225666046143,1001,4.341715335845947,0.001,1,a2c_lr_high_seed1,0.31170591711997986,8.061418533325195,0.6997953057289124,0.6499956846237183,12.868648529052734
844,-92.5969467163086,-68.67225666046143,1001,5.6721906661987305,0.001,1,a2c_lr_high_seed1,0.2463875412940979,10.853096008300781,0.7449148297309875,0.8570671081542969,18.152477264404297
845,-65.8843002319336,-68.58490741729736,1001,10.425257682800293,0.001,1,a2c_lr_high_seed1,-0.13817360997200012,21.12826919555664,0.7024811506271362,0.33767351508140564,13.214417457580566
845,-65.8843002319336,-68.58490741729736,1001,11.27034854888916,0.001,1,a2c_lr_high_seed1,0.6347466707229614,21.272686004638672,0.7410492300987244,1.5681663751602173,32.475399017333984
848,-91.51496887207031,-69.58063121795654,1001,13.272693634033203,0.001,1,a2c_lr_high_seed1,1.8776252269744873,22.791540145874023,0.7020768523216248,2.767467498779297,52.39805603027344
848,-91.51496887207031,-69.58063121795654,1001,3.906411647796631,0.001,1,a2c_lr_high_seed1,0.07717058062553406,7.659810543060303,0.6641892194747925,-0.012381672859191895,4.908318042755127
848,-91.51496887207031,-69.58063121795654,1001,2.978708505630493,0.001,1,a2c_lr_high_seed1,0.14207203686237335,5.674775123596191,0.7509303092956543,0.4861592948436737,11.765341758728027
849,-79.58668518066406,-70.23679637908936,1001,7.2265706062316895,0.001,1,a2c_lr_high_seed1,0.6269813776016235,13.200572967529297,0.6971604228019714,1.204848289489746,24.256088256835938
849,-79.58668518066406,-70.23679637908936,1001,3.6034109592437744,0.001,1,a2c_lr_high_seed1,0.431537002325058,6.345210552215576,0.7311802506446838,0.9922429919242859,17.842220306396484
849,-79.58668518066406,-70.23679637908936,1001,1.435134768486023,0.001,1,a2c_lr_high_seed1,-0.4962402582168579,3.8641979694366455,0.7239968776702881,-0.43709200620651245,8.235880851745605
849,-79.58668518066406,-70.23679637908936,1001,1.8275361061096191,0.001,1,a2c_lr_high_seed1,-0.16234983503818512,3.9812889099121094,0.7585585713386536,-0.09034581482410431,3.8868329524993896
849,-79.58668518066406,-70.23679637908936,1001,1.692091464996338,0.001,1,a2c_lr_high_seed1,-0.12233021855354309,3.6302881240844727,0.7223968505859375,0.18238142132759094,3.6428959369659424
849,-79.58668518066406,-70.23679637908936,1001,0.9955052733421326,0.001,1,a2c_lr_high_seed1,-0.45661282539367676,2.905730724334717,0.7472865581512451,-0.4231419563293457,8.817821502685547
849,-79.58668518066406,-70.23679637908936,1001,2.752650260925293,0.001,1,a2c_lr_high_seed1,-0.541956901550293,6.590628623962402,0.7070452570915222,-0.5136821269989014,10.713404655456543
849,-79.58668518066406,-70.23679637908936,1001,1.1141066551208496,0.001,1,a2c_lr_high_seed1,-1.2710692882537842,4.771778106689453,0.7130807042121887,-1.1725064516067505,21.270784378051758
849,-79.58668518066406,-70.23679637908936,1001,1.752524971961975,0.001,1,a2c_lr_high_seed1,-0.21188685297966003,3.930267572402954,0.7219529151916504,-0.15540733933448792,3.945168972015381
849,-79.58668518066406,-70.23679637908936,1001,1.405436635017395,0.001,1,a2c_lr_high_seed1,-0.2741037607192993,3.3604724407196045,0.6958345174789429,-0.1774401068687439,3.1894893646240234
849,-79.58668518066406,-70.23679637908936,1001,2.8282718658447266,0.001,1,a2c_lr_high_seed1,-0.6800193786621094,7.018178462982178,0.7980197668075562,-0.752506673336029,14.09307861328125
850,-55.531063079833984,-70.07601535797119,1001,10.22331714630127,0.001,1,a2c_lr_high_seed1,0.34992989897727966,19.748226165771484,0.7259678244590759,0.532817006111145,13.134700775146484
850,-55.531063079833984,-70.07601535797119,1001,4.338260650634766,0.001,1,a2c_lr_high_seed1,-0.2784541845321655,9.234787940979004,0.6789935827255249,-0.5802044868469238,13.865473747253418
850,-55.531063079833984,-70.07601535797119,1001,5.596645832061768,0.001,1,a2c_lr_high_seed1,0.10423725843429565,10.986284255981445,0.7335766553878784,0.24124979972839355,10.013781547546387
850,-55.531063079833984,-70.07601535797119,1001,3.0963845252990723,0.001,1,a2c_lr_high_seed1,-1.0102229118347168,8.214582443237305,0.6838275194168091,-1.0433820486068726,20.093786239624023
850,-55.531063079833984,-70.07601535797119,1001,2.132481336593628,0.001,1,a2c_lr_high_seed1,-0.47146302461624146,5.2093658447265625,0.7385308146476746,-0.4276975393295288,9.325705528259277
850,-55.531063079833984,-70.07601535797119,1001,1.4390745162963867,0.001,1,a2c_lr_high_seed1,-0.5796522498130798,4.03897762298584,0.7620161175727844,-0.6969661116600037,13.119152069091797
851,-96.5363998413086,-71.20778537750245,1001,11.633480072021484,0.001,1,a2c_lr_high_seed1,-0.14714515209197998,23.562725067138672,0.7367607355117798,0.3799457550048828,14.65268325805664
851,-96.5363998413086,-71.20778537750245,1001,1.623183012008667,0.001,1,a2c_lr_high_seed1,0.11078876256942749,3.026190757751465,0.7012403607368469,0.2999541461467743,6.424871921539307
851,-96.5363998413086,-71.20778537750245,1001,3.066401481628418,0.001,1,a2c_lr_high_seed1,-0.3714706003665924,6.877230644226074,0.743205189704895,-0.4376201331615448,8.6214599609375
851,-96.5363998413086,-71.20778537750245,1001,2.666086435317993,0.001,1,a2c_lr_high_seed1,-0.8489363789558411,7.031436920166016,0.6957769393920898,-0.4945562779903412,10.553234100341797
851,-96.5363998413086,-71.20778537750245,1001,1.8787178993225098,0.001,1,a2c_lr_high_seed1,-0.27304738759994507,4.30509614944458,0.7826899290084839,-0.2021016925573349,4.580691814422607
851,-96.5363998413086,-71.20778537750245,1001,1.5603296756744385,0.001,1,a2c_lr_high_seed1,-0.05129384994506836,3.22473406791687,0.7435112595558167,0.13780763745307922,2.689361333847046
851,-96.5363998413086,-71.20778537750245,1001,2.390918254852295,0.001,1,a2c_lr_high_seed1,-1.0074454545974731,6.798150062561035,0.7114665508270264,-1.095083236694336,20.89567756652832
852,-37.53074264526367,-70.77398792266845,1001,6.3257880210876465,0.001,1,a2c_lr_high_seed1,0.6785750389099121,11.295879364013672,0.7266556024551392,1.1501039266586304,20.248912811279297
852,-37.53074264526367,-70.77398792266845,1001,2.0700645446777344,0.001,1,a2c_lr_high_seed1,-0.06433017551898956,4.270320415496826,0.7654616832733154,0.1220608800649643,3.1975245475769043
853,-55.16254425048828,-70.07886005401612,1001,5.600855350494385,0.001,1,a2c_lr_high_seed1,0.5832757949829102,10.036588668823242,0.7147986888885498,0.8752538561820984,16.09837532043457
853,-55.16254425048828,-70.07886005401612,1001,2.3511998653411865,0.001,1,a2c_lr_high_seed1,0.13331231474876404,4.437219619750977,0.7222655415534973,0.2960529923439026,6.163704872131348
854,-80.20140075683594,-70.7478657913208,1001,7.71478796005249,0.001,1,a2c_lr_high_seed1,0.6695862412452698,14.091803550720215,0.7000475525856018,1.463100552558899,28.46217918395996
856,-80.08621215820312,-71.60400379180908,1001,11.026518821716309,0.001,1,a2c_lr_high_seed1,0.718194842338562,20.617931365966797,0.6415218114852905,2.003479242324829,42.632144927978516
856,-80.08621215820312,-71.60400379180908,1001,4.913143634796143,0.001,1,a2c_lr_high_seed1,0.6097835898399353,8.608060836791992,0.670223593711853,1.2260639667510986,25.28194236755371
856,-80.08621215820312,-71.60400379180908,1001,6.661844253540039,0.001,1,a2c_lr_high_seed1,0.566888153553009,12.191375732421875,0.732146680355072,0.8074520230293274,18.418725967407227
857,-88.74630737304688,-72.197546043396,1001,6.4492082595825195,0.001,1,a2c_lr_high_seed1,0.5039492845535278,11.891980171203613,0.7310391068458557,1.0480895042419434,18.144906997680664
857,-88.74630737304688,-72.197546043396,1001,3.7122697830200195,0.001,1,a2c_lr_high_seed1,0.17265798151493073,7.0806169509887695,0.6966297626495361,0.11301976442337036,4.46757173538208
857,-88.74630737304688,-72.197546043396,1001,6.183273792266846,0.001,1,a2c_lr_high_seed1,1.091107964515686,10.185758590698242,0.7132323384284973,1.6214768886566162,32.79019546508789
857,-88.74630737304688,-72.197546043396,1001,4.088222026824951,0.001,1,a2c_lr_high_seed1,0.33992159366607666,7.497960090637207,0.6796561479568481,0.8415656685829163,17.16598129272461
857,-88.74630737304688,-72.197546043396,1001,1.272857427597046,0.001,1,a2c_lr_high_seed1,-0.7498819828033447,4.046953201293945,0.7372457981109619,-0.8895956873893738,17.10320281982422
857,-88.74630737304688,-72.197546043396,1001,2.6839606761932373,0.001,1,a2c_lr_high_seed1,0.2873391807079315,4.794683933258057,0.7204380631446838,0.6640602946281433,11.966376304626465
857,-88.74630737304688,-72.197546043396,1001,1.5841503143310547,0.001,1,a2c_lr_high_seed1,-0.5378175377845764,4.245420932769775,0.7426539659500122,-0.6850560903549194,12.337841033935547
857,-88.74630737304688,-72.197546043396,1001,1.3860536813735962,0.001,1,a2c_lr_high_seed1,-0.5156148076057434,3.8047280311584473,0.6955585479736328,-0.4584273397922516,8.697088241577148
857,-88.74630737304688,-72.197546043396,1001,2.1627092361450195,0.001,1,a2c_lr_high_seed1,-0.4599103629589081,5.246711254119873,0.7361164093017578,-0.4980900287628174,10.204736709594727
857,-88.74630737304688,-72.197546043396,1001,3.6492438316345215,0.001,1,a2c_lr_high_seed1,0.32415807247161865,6.651541709899902,0.685138463973999,0.5220327377319336,9.607693672180176
857,-88.74630737304688,-72.197546043396,1001,1.528281331062317,0.001,1,a2c_lr_high_seed1,-0.16593441367149353,3.389925003051758,0.746671736240387,0.020368337631225586,2.006840705871582
858,-98.72100067138672,-71.98171672821044,1001,6.294919013977051,0.001,1,a2c_lr_high_seed1,0.36399513483047485,11.8633394241333,0.7459350824356079,0.5897115468978882,11.651546478271484
858,-98.72100067138672,-71.98171672821044,1001,1.4729801416397095,0.001,1,a2c_lr_high_seed1,-0.9116703867912292,4.770802021026611,0.7503889203071594,-0.9552724957466125,17.457130432128906
858,-98.72100067138672,-71.98171672821044,1001,2.1460371017456055,0.001,1,a2c_lr_high_seed1,-0.577938973903656,5.449459552764893,0.7536020278930664,-0.252615749835968,6.952396392822266
858,-98.72100067138672,-71.98171672821044,1001,2.77604603767395,0.001,1,a2c_lr_high_seed1,-0.22942112386226654,6.012447834014893,0.756684422492981,-0.1329452395439148,5.0609869956970215
858,-98.72100067138672,-71.98171672821044,1001,1.75313401222229,0.001,1,a2c_lr_high_seed1,-0.6557562947273254,4.819255352020264,0.737479567527771,-0.5036482214927673,9.977470397949219
859,-49.02283477783203,-71.39580379486084,1001,4.673177242279053,0.001,1,a2c_lr_high_seed1,-0.3962811827659607,10.140411376953125,0.7470809817314148,-0.25127190351486206,5.450275421142578
859,-49.02283477783203,-71.39580379486084,1001,3.4044525623321533,0.001,1,a2c_lr_high_seed1,-0.3614305257797241,7.533275127410889,0.7545161843299866,0.009217385202646255,5.21262788772583
859,-49.02283477783203,-71.39580379486084,1001,3.123687744140625,0.001,1,a2c_lr_high_seed1,0.15739232301712036,5.9341278076171875,0.768347978591919,0.3309369683265686,8.485542297363281
859,-49.02283477783203,-71.39580379486084,1001,1.0503376722335815,0.001,1,a2c_lr_high_seed1,-0.581738293170929,3.265587329864502,0.7177072763442993,-0.5053314566612244,9.293843269348145
859,-49.02283477783203,-71.39580379486084,1001,1.48445463180542,0.001,1,a2c_lr_high_seed1,-0.16608063876628876,3.302543878555298,0.7366857528686523,0.1499103158712387,3.076237440109253
859,-49.02283477783203,-71.39580379486084,1001,1.4276344776153564,0.001,1,a2c_lr_high_seed1,-0.21500425040721893,3.286635637283325,0.679092288017273,0.1313411146402359,2.253141164779663
859,-49.02283477783203,-71.39580379486084,1001,1.685445785522461,0.001,1,a2c_lr_high_seed1,-0.8386030793190002,5.049577713012695,0.7400437593460083,-0.6506770253181458,11.073073387145996
859,-49.02283477783203,-71.39580379486084,1001,2.1508004665374756,0.001,1,a2c_lr_high_seed1,-0.9307312369346619,6.164596080780029,0.7663741707801819,-1.0472859144210815,18.80153465270996
860,-91.71857452392578,-71.36379665374756,1001,4.449173450469971,0.001,1,a2c_lr_high_seed1,-0.18940475583076477,9.278654098510742,0.7485922574996948,-0.16355928778648376,3.7840523719787598
861,-68.72472381591797,-70.39602230072022,1001,12.781765937805176,0.001,1,a2c_lr_high_seed1,0.7733239531517029,24.018396377563477,0.7560237050056458,1.6187790632247925,29.99837875366211
861,-68.72472381591797,-70.39602230072022,1001,4.068243503570557,0.001,1,a2c_lr_high_seed1,0.39043670892715454,7.357143402099609,0.7646136283874512,0.642536461353302,13.510705947875977
861,-68.72472381591797,-70.39602230072022,1001,1.622438907623291,0.001,1,a2c_lr_high_seed1,-0.714034378528595,4.674434661865234,0.744137167930603,-0.6110668778419495,11.45173168182373
864,-53.36627197265625,-70.0805099105835,1001,19.776063919067383,0.001,1,a2c_lr_high_seed1,1.6058298349380493,36.341941833496094,0.7357690334320068,2.6572914123535156,49.78350830078125
864,-53.36627197265625,-70.0805099105835,1001,3.3749585151672363,0.001,1,a2c_lr_high_seed1,0.19215770065784454,6.36703634262085,0.7173445820808411,0.5424795150756836,13.229230880737305
864,-53.36627197265625,-70.0805099105835,1001,13.390796661376953,0.001,1,a2c_lr_high_seed1,1.4290131330490112,23.925033569335938,0.7329964637756348,2.1677989959716797,49.522335052490234
865,-51.44292449951172,-69.50605892181396,1001,9.160993576049805,0.001,1,a2c_lr_high_seed1,0.44891005754470825,17.425537109375,0.6842949986457825,1.138307809829712,20.058692932128906
865,-51.44292449951172,-69.50605892181396,1001,1.8704639673233032,0.001,1,a2c_lr_high_seed1,-0.5459210276603699,4.834171295166016,0.7005643248558044,-0.6314106583595276,13.360939979553223
865,-51.44292449951172,-69.50605892181396,1001,2.412895679473877,0.001,1,a2c_lr_high_seed1,0.04358614608645439,4.740136623382568,0.7589155435562134,0.24874737858772278,5.254672527313232
865,-51.44292449951172,-69.50605892181396,1001,0.7859386801719666,0.001,1,a2c_lr_high_seed1,-0.7603142261505127,3.0939416885375977,0.7179292440414429,-0.6831022500991821,14.653470039367676
865,-51.44292449951172,-69.50605892181396,1001,1.4635576009750366,0.001,1,a2c_lr_high_seed1,-0.7784356474876404,4.48544979095459,0.7315580248832703,-0.7175955176353455,14.113990783691406
865,-51.44292449951172,-69.50605892181396,1001,1.9464713335037231,0.001,1,a2c_lr_high_seed1,-0.12288914620876312,4.140254974365234,0.7670450210571289,-0.006650879979133606,2.3018810749053955
865,-51.44292449951172,-69.50605892181396,1001,1.735100269317627,0.001,1,a2c_lr_high_seed1,-1.3355023860931396,6.142749786376953,0.7722944021224976,-1.5700777769088745,31.255290985107422
865,-51.44292449951172,-69.50605892181396,1001,1.8637157678604126,0.001,1,a2c_lr_high_seed1,-0.06034570559859276,3.8496034145355225,0.7403184771537781,-0.05279422551393509,1.8685811758041382
865,-51.44292449951172,-69.50605892181396,1001,2.2242259979248047,0.001,1,a2c_lr_high_seed1,-0.5969288349151611,5.643847942352295,0.7690727710723877,-0.6678600907325745,13.265869140625
865,-51.44292449951172,-69.50605892181396,1001,2.3888707160949707,0.001,1,a2c_lr_high_seed1,-0.3501765727996826,5.479547500610352,0.7265229225158691,-0.46404796838760376,8.743802070617676
865,-51.44292449951172,-69.50605892181396,1001,2.449946880340576,0.001,1,a2c_lr_high_seed1,-0.1944415271282196,5.2902655601501465,0.7443047761917114,-0.1961672604084015,5.5004377365112305
866,-97.2373046875,-70.26424854278565,1001,7.464427471160889,0.001,1,a2c_lr_high_seed1,-0.2465026080608368,15.423282623291016,0.7114784121513367,0.29037711024284363,5.333826541900635
866,-97.2373046875,-70.26424854278565,1001,3.0929853916168213,0.001,1,a2c_lr_high_seed1,0.06765375286340714,6.052115440368652,0.7258877158164978,0.39044055342674255,7.852029323577881
866,-97.2373046875,-70.26424854278565,1001,4.82060432434082,0.001,1,a2c_lr_high_seed1,-0.743608832359314,11.129796981811523,0.6850908398628235,-0.8646118640899658,15.854161262512207
866,-97.2373046875,-70.26424854278565,1001,4.483500957489014,0.001,1,a2c_lr_high_seed1,0.296478271484375,8.375516891479492,0.7356003522872925,0.6234419345855713,13.199193000793457
866,-97.2373046875,-70.26424854278565,1001,1.3114174604415894,0.001,1,a2c_lr_high_seed1,-0.19498920440673828,3.0142955780029297,0.7410967350006104,-0.10776731371879578,2.404472827911377
867,-96.3426742553711,-71.17146251678467,1001,4.894001483917236,0.001,1,a2c_lr_high_seed1,-0.50780189037323,10.805055618286133,0.7244476675987244,-0.21106716990470886,7.734860897064209
867,-96.3426742553711,-71.17146251678467,1001,3.1593728065490723,0.001,1,a2c_lr_high_seed1,-0.13018108904361725,6.580498695373535,0.6954426765441895,-0.20844081044197083,6.012702941894531
867,-96.3426742553711,-71.17146251678467,1001,2.7509167194366455,0.001,1,a2c_lr_high_seed1,-0.840124249458313,7.183502674102783,0.7101821899414062,-0.8741477131843567,17.287874221801758
867,-96.3426742553711,-71.17146251678467,1001,5.158719539642334,0.001,1,a2c_lr_high_seed1,0.5649272799491882,9.189048767089844,0.7319154739379883,0.8786042928695679,19.08060073852539
867,-96.3426742553711,-71.17146251678467,1001,3.231269598007202,0.001,1,a2c_lr_high_seed1,0.38392966985702515,5.696146488189697,0.733256995677948,0.3999485373497009,8.045671463012695
867,-96.3426742553711,-71.17146251678467,1001,3.096393346786499,0.001,1,a2c_lr_high_seed1,-1.0920965671539307,8.378560066223145,0.7902281284332275,-1.434192180633545,27.839506149291992
867,-96.3426742553711,-71.17146251678467,1001,2.6167006492614746,0.001,1,a2c_lr_high_seed1,0.07107346504926682,5.09271240234375,0.7291659712791443,0.18099001049995422,4.327446460723877
867,-96.3426742553711,-71.17146251678467,1001,2.423882007598877,0.001,1,a2c_lr_high_seed1,-1.2707767486572266,7.390721321105957,0.701938271522522,-1.4572780132293701,27.9095516204834
868,-82.3316879272461,-71.9697522354126,1001,8.11933422088623,0.001,1,a2c_lr_high_seed1,1.5143237113952637,13.211469650268555,0.7236143946647644,1.676722764968872,32.696380615234375
869,-125.79698181152344,-73.73658718109131,1001,6.405202388763428,0.001,1,a2c_lr_high_seed1,0.7660906314849854,11.279736518859863,0.7567287087440491,1.1397335529327393,23.934814453125
869,-125.79698181152344,-73.73658718109131,1001,3.4796764850616455,0.001,1,a2c_lr_high_seed1,-0.5786595940589905,8.118083953857422,0.7058548927307129,-0.3141367435455322,9.319520950317383
869,-125.79698181152344,-73.73658718109131,1001,3.515882730484009,0.001,1,a2c_lr_high_seed1,0.14620783925056458,6.740814685821533,0.7325021624565125,0.4936578869819641,12.730427742004395
872,-75.3484878540039,-72.76868053436279,1001,15.356744766235352,0.001,1,a2c_lr_high_seed1,1.2332687377929688,28.248266220092773,0.657039225101471,2.968254566192627,45.115901947021484
872,-75.3484878540039,-72.76868053436279,1001,2.558901071548462,0.001,1,a2c_lr_high_seed1,-0.5551325678825378,6.229371070861816,0.6517240405082703,-0.6474663019180298,13.61478042602539
872,-75.3484878540039,-72.76868053436279,1001,15.379494667053223,0.001,1,a2c_lr_high_seed1,1.6319009065628052,27.496631622314453,0.7219809293746948,2.307188034057617,48.46644592285156
873,-104.07579040527344,-73.50277614593506,1001,8.788544654846191,0.001,1,a2c_lr_high_seed1,0.6320830583572388,16.314273834228516,0.6747440695762634,1.0567026138305664,19.880691528320312
873,-104.07579040527344,-73.50277614593506,1001,4.869277000427246,0.001,1,a2c_lr_high_seed1,0.4628922641277313,8.81416130065918,0.6956803798675537,0.791192889213562,15.993232727050781
873,-104.07579040527344,-73.50277614593506,1001,9.806648254394531,0.001,1,a2c_lr_high_seed1,-0.24818968772888184,20.111141204833984,0.7324880957603455,0.24329453706741333,16.026689529418945
873,-104.07579040527344,-73.50277614593506,1001,2.724294662475586,0.001,1,a2c_lr_high_seed1,0.19664329290390015,5.056782245635986,0.7399267554283142,0.6061757802963257,12.817299842834473
873,-104.07579040527344,-73.50277614593506,1001,2.2114548683166504,0.001,1,a2c_lr_high_seed1,-0.300007700920105,5.024423122406006,0.7490756511688232,-0.2851736843585968,5.412826061248779
873,-104.07579040527344,-73.50277614593506,1001,2.944620132446289,0.001,1,a2c_lr_high_seed1,0.43681201338768005,5.016993522644043,0.6886681318283081,0.7033215165138245,13.186168670654297
873,-104.07579040527344,-73.50277614593506,1001,2.7874157428741455,0.001,1,a2c_lr_high_seed1,-1.1568734645843506,7.889980316162109,0.7008916139602661,-1.2381649017333984,24.765413284301758
873,-104.07579040527344,-73.50277614593506,1001,2.1729025840759277,0.001,1,a2c_lr_high_seed1,-0.18810178339481354,4.723602771759033,0.7969449758529663,0.13910901546478271,3.7907962799072266
873,-104.07579040527344,-73.50277614593506,1001,1.9814363718032837,0.001,1,a2c_lr_high_seed1,-0.6117939352989197,5.187964916229248,0.7521155476570129,-0.9187068343162537,18.28921127319336
873,-104.07579040527344,-73.50277614593506,1001,2.977332830429077,0.001,1,a2c_lr_high_seed1,-0.12581470608711243,6.2078094482421875,0.7571653127670288,0.1817025989294052,4.506994247436523
873,-104.07579040527344,-73.50277614593506,1001,1.6155942678451538,0.001,1,a2c_lr_high_seed1,-0.6591259241104126,4.550889015197754,0.7242816686630249,-0.6722259521484375,12.958117485046387
874,-50.047054290771484,-72.62303394317627,1001,8.359539985656738,0.001,1,a2c_lr_high_seed1,0.4788629710674286,15.76278018951416,0.7137715816497803,0.5412249565124512,8.801484107971191
874,-50.047054290771484,-72.62303394317627,1001,2.3437423706054688,0.001,1,a2c_lr_high_seed1,-0.23572775721549988,5.16047477722168,0.7673332691192627,-0.18761460483074188,5.129887104034424
874,-50.047054290771484,-72.62303394317627,1001,2.193323850631714,0.001,1,a2c_lr_high_seed1,-0.4042208194732666,5.196531295776367,0.7209369540214539,-0.08393853157758713,4.551377773284912
874,-50.047054290771484,-72.62303394317627,1001,3.050381660461426,0.001,1,a2c_lr_high_seed1,0.08157965540885925,5.939039707183838,0.717893123626709,0.3972666561603546,8.448884010314941
874,-50.047054290771484,-72.62303394317627,1001,2.4059255123138428,0.001,1,a2c_lr_high_seed1,0.06968439370393753,4.673965930938721,0.7418552041053772,0.17120905220508575,3.917153835296631
875,-72.29913330078125,-72.40041034698487,1001,5.565773010253906,0.001,1,a2c_lr_high_seed1,-0.3374197781085968,11.807795524597168,0.7047386169433594,-0.13125453889369965,8.37137222290039
875,-72.29913330078125,-72.40041034698487,1001,3.5700149536132812,0.001,1,a2c_lr_high_seed1,0.11688818037509918,6.907682418823242,0.7145275473594666,0.34433820843696594,5.204860687255859
875,-72.29913330078125,-72.40041034698487,1001,3.5664517879486084,0.001,1,a2c_lr_high_seed1,0.49881911277770996,6.136721611022949,0.7281036376953125,0.8803357481956482,18.070371627807617
875,-72.29913330078125,-72.40041034698487,1001,4.787971496582031,0.001,1,a2c_lr_high_seed1,0.6753124594688416,8.226813316345215,0.7475676536560059,1.2261327505111694,23.357410430908203
875,-72.29913330078125,-72.40041034698487,1001,0.7553732991218567,0.001,1,a2c_lr_high_seed1,-0.6692588329315186,2.850785732269287,0.7607181668281555,-0.6071813702583313,10.706364631652832
875,-72.29913330078125,-72.40041034698487,1001,1.6472067832946777,0.001,1,a2c_lr_high_seed1,-0.6819452047348022,4.659642219543457,0.669064998626709,-0.48808741569519043,9.3734130859375
875,-72.29913330078125,-72.40041034698487,1001,2.423203945159912,0.001,1,a2c_lr_high_seed1,0.015587151050567627,4.816678524017334,0.722317636013031,0.2530817985534668,4.592892646789551
875,-72.29913330078125,-72.40041034698487,1001,3.073883533477783,0.001,1,a2c_lr_high_seed1,0.11669450253248215,5.915791988372803,0.7069365978240967,0.44122231006622314,8.070778846740723
876,-72.2359390258789,-72.18219120025634,1001,5.415175437927246,0.001,1,a2c_lr_high_seed1,0.3833635747432709,10.065011024475098,0.6938463449478149,0.9495473504066467,15.782299995422363
876,-72.2359390258789,-72.18219120025634,1001,2.081301689147949,0.001,1,a2c_lr_high_seed1,0.10585251450538635,3.95230770111084,0.7047044038772583,0.5916563272476196,10.211278915405273
877,-44.965126037597656,-71.78233341217042,1001,8.330888748168945,0.001,1,a2c_lr_high_seed1,-0.4817177653312683,17.626667022705078,0.7263951897621155,-0.1366277039051056,5.643810272216797
877,-44.965126037597656,-71.78233341217042,1001,10.034500122070312,0.001,1,a2c_lr_high_seed1,1.321624517440796,17.427152633666992,0.7013427019119263,2.286726713180542,41.43598937988281
879,-69.09032440185547,-72.58779655456543,1001,8.506609916687012,0.001,1,a2c_lr_high_seed1,0.455892413854599,16.10284996032715,0.7077846527099609,1.230653166770935,19.840078353881836
880,-35.48303985595703,-72.17582641601562,1001,10.9251070022583,0.001,1,a2c_lr_high_seed1,0.8986191153526306,20.05434799194336,0.6852410435676575,1.6138471364974976,34.4276008605957
880,-35.48303985595703,-72.17582641601562,1001,2.98346209526062,0.001,1,a2c_lr_high_seed1,0.16973532736301422,5.628742218017578,0.6443334221839905,0.4255891442298889,11.135673522949219
881,-42.0434455871582,-72.51040710449219,1001,9.412471771240234,0.001,1,a2c_lr_high_seed1,1.0650583505630493,16.69631576538086,0.7446701526641846,1.9605896472930908,32.89155197143555
881,-42.0434455871582,-72.51040710449219,1001,2.6276721954345703,0.001,1,a2c_lr_high_seed1,-0.608147382736206,6.472947597503662,0.6542514562606812,-0.40052956342697144,12.02085018157959
881,-42.0434455871582,-72.51040710449219,1001,3.9496850967407227,0.001,1,a2c_lr_high_seed1,-0.04164592921733856,7.983942031860352,0.6399253606796265,0.4991794228553772,10.599237442016602
881,-42.0434455871582,-72.51040710449219,1001,9.539732933044434,0.001,1,a2c_lr_high_seed1,1.0597455501556396,16.96142578125,0.7256502509117126,1.4053199291229248,25.621475219726562
881,-42.0434455871582,-72.51040710449219,1001,2.349597930908203,0.001,1,a2c_lr_high_seed1,0.1378648728132248,4.42498779296875,0.7607224583625793,0.48934853076934814,9.28486442565918
881,-42.0434455871582,-72.51040710449219,1001,1.3489818572998047,0.001,1,a2c_lr_high_seed1,-0.3109281659126282,3.321284294128418,0.7321358919143677,-0.17452266812324524,5.202298164367676
881,-42.0434455871582,-72.51040710449219,1001,2.314016580581665,0.001,1,a2c_lr_high_seed1,-0.038854748010635376,4.707190990447998,0.7241026163101196,0.31859949231147766,5.474324703216553
881,-42.0434455871582,-72.51040710449219,1001,2.5255539417266846,0.001,1,a2c_lr_high_seed1,-0.8660049438476562,6.784450531005859,0.6662888526916504,-0.7145900726318359,12.760577201843262
881,-42.0434455871582,-72.51040710449219,1001,2.927137851715088,0.001,1,a2c_lr_high_seed1,0.2820958197116852,5.291469097137451,0.6926954388618469,0.6721219420433044,12.063275337219238
881,-42.0434455871582,-72.51040710449219,1001,1.0832760334014893,0.001,1,a2c_lr_high_seed1,-1.0184500217437744,4.204946994781494,0.7474432587623596,-1.169176697731018,20.853744506835938
881,-42.0434455871582,-72.51040710449219,1001,4.195559978485107,0.001,1,a2c_lr_high_seed1,0.40019461512565613,7.592126846313477,0.6979601383209229,0.668908417224884,14.436687469482422
882,-74.17451477050781,-73.03596755981445,1001,6.522922039031982,0.001,1,a2c_lr_high_seed1,-0.04246664047241211,13.132254600524902,0.7386820316314697,0.20266114175319672,11.276189804077148
882,-74.17451477050781,-73.03596755981445,1001,4.290071964263916,0.001,1,a2c_lr_high_seed1,0.056987419724464417,8.467540740966797,0.6858822107315063,0.16938427090644836,4.602245807647705
882,-74.17451477050781,-73.03596755981445,1001,4.393144607543945,0.001,1,a2c_lr_high_seed1,0.1495073437690735,8.488789558410645,0.7577376961708069,0.26197946071624756,8.54936408996582
882,-74.17451477050781,-73.03596755981445,1001,2.989757537841797,0.001,1,a2c_lr_high_seed1,0.15015728771686554,5.680690288543701,0.7448747158050537,0.4439694583415985,8.710132598876953
882,-74.17451477050781,-73.03596755981445,1001,1.8941154479980469,0.001,1,a2c_lr_high_seed1,0.31480371952056885,3.1601479053497314,0.7622667551040649,0.6026809215545654,9.6043119430542
882,-74.17451477050781,-73.03596755981445,1001,1.5116652250289917,0.001,1,a2c_lr_high_seed1,-0.5646357536315918,4.154147624969482,0.7728831171989441,-0.6115698218345642,10.894523620605469
883,-33.75741958618164,-73.27467910766602,1001,5.902658939361572,0.001,1,a2c_lr_high_seed1,-1.4205610752105713,14.64786434173584,0.7119174599647522,-2.1293530464172363,36.92037582397461
883,-33.75741958618164,-73.27467910766602,1001,3.676623821258545,0.001,1,a2c_lr_high_seed1,0.45484426617622375,6.445037841796875,0.7392565011978149,0.7264358997344971,15.39107894897461
883,-33.75741958618164,-73.27467910766602,1001,2.7830770015716553,0.001,1,a2c_lr_high_seed1,-0.33936330676078796,6.2463202476501465,0.7196875810623169,-0.37405842542648315,6.527369022369385
883,-33.75741958618164,-73.27467910766602,1001,3.1872646808624268,0.001,1,a2c_lr_high_seed1,0.344655841588974,5.686760902404785,0.7715954780578613,0.693626344203949,11.04106616973877
883,-33.75741958618164,-73.27467910766602,1001,2.8576385974884033,0.001,1,a2c_lr_high_seed1,-0.13230037689208984,5.981362342834473,0.7422101497650146,-0.18930679559707642,3.748199939727783
883,-33.75741958618164,-73.27467910766602,1001,1.0733319520950317,0.001,1,a2c_lr_high_seed1,-0.0718434602022171,2.2918553352355957,0.7522417902946472,0.039716824889183044,0.8509345054626465
883,-33.75741958618164,-73.27467910766602,1001,2.3068954944610596,0.001,1,a2c_lr_high_seed1,-0.6693034172058105,5.95389461517334,0.748477041721344,-0.6257362961769104,10.114544868469238
884,-64.79816436767578,-73.83929626464844,1001,6.892799377441406,0.001,1,a2c_lr_high_seed1,0.1787058711051941,13.429593086242676,0.7027136087417603,0.4263949394226074,7.266973972320557
884,-64.79816436767578,-73.83929626464844,1001,5.909112930297852,0.001,1,a2c_lr_high_seed1,0.336797297000885,11.14592456817627,0.6464263796806335,0.6692751049995422,12.12615966796875
885,-21.95453643798828,-73.31253013610839,1001,9.160079002380371,0.001,1,a2c_lr_high_seed1,0.5186924338340759,17.284299850463867,0.7626284956932068,1.0193039178848267,16.91197967529297
885,-21.95453643798828,-73.31253013610839,1001,7.3928542137146,0.001,1,a2c_lr_high_seed1,0.465934157371521,13.855212211608887,0.6861088275909424,0.6132311224937439,9.234665870666504
886,-57.15093994140625,-72.89062110900879,1001,12.156753540039062,0.001,1,a2c_lr_high_seed1,1.1841806173324585,21.946483612060547,0.6685342192649841,1.7929480075836182,29.287525177001953
888,-50.80192565917969,-73.30464767456054,1001,14.698176383972168,0.001,1,a2c_lr_high_seed1,0.8472018241882324,27.703336715698242,0.6930235028266907,1.8523892164230347,27.504789352416992
888,-50.80192565917969,-73.30464767456054,1001,3.5123162269592285,0.001,1,a2c_lr_high_seed1,-0.0012754686176776886,7.028538703918457,0.6774895787239075,0.16409945487976074,6.185467720031738
888,-50.80192565917969,-73.30464767456054,1001,2.0840399265289307,0.001,1,a2c_lr_high_seed1,-0.7812552452087402,5.732072830200195,0.7411899566650391,-0.8406626582145691,15.356912612915039
889,-48.88002014160156,-72.88784591674805,1001,7.145563125610352,0.001,1,a2c_lr_high_seed1,-0.30468952655792236,14.90196704864502,0.7309784889221191,-0.02879239059984684,6.605894088745117
889,-48.88002014160156,-72.88784591674805,1001,2.0729970932006836,0.001,1,a2c_lr_high_seed1,-0.30234575271606445,4.752220630645752,0.7674920558929443,-0.3606553077697754,7.481492519378662
889,-48.88002014160156,-72.88784591674805,1001,2.095050096511841,0.001,1,a2c_lr_high_seed1,-0.1879795789718628,4.567404270172119,0.6726592183113098,0.009058713912963867,3.6520047187805176
889,-48.88002014160156,-72.88784591674805,1001,2.4276692867279053,0.001,1,a2c_lr_high_seed1,0.17280331254005432,4.511236190795898,0.752270519733429,0.39567238092422485,9.273053169250488
889,-48.88002014160156,-72.88784591674805,1001,1.3945088386535645,0.001,1,a2c_lr_high_seed1,-0.576231837272644,3.942946672439575,0.732708215713501,-0.6247192025184631,11.05150318145752
889,-48.88002014160156,-72.88784591674805,1001,4.1334757804870605,0.001,1,a2c_lr_high_seed1,-1.2157766819000244,10.699920654296875,0.7083320617675781,-1.5837860107421875,28.705488204956055
889,-48.88002014160156,-72.88784591674805,1001,4.1561408042907715,0.001,1,a2c_lr_high_seed1,-0.24435998499393463,8.802421569824219,0.7102463841438293,-0.1856413036584854,5.85318660736084
889,-48.88002014160156,-72.88784591674805,1001,1.4092525243759155,0.001,1,a2c_lr_high_seed1,-0.21296125650405884,3.245983123779297,0.7778866291046143,-0.06086805462837219,2.3515312671661377
890,-215.8682861328125,-76.03415000915527,928,125.9303970336914,0.001,1,a2c_lr_high_seed1,-3.7961134910583496,259.45452880859375,0.7531891465187073,-5.830375671386719,107.68258666992188
890,-215.8682861328125,-76.03415000915527,928,2.931117057800293,0.001,1,a2c_lr_high_seed1,-0.4494633078575134,6.76255464553833,0.6967883110046387,-0.2803056538105011,13.1011381149292
890,-215.8682861328125,-76.03415000915527,928,14.982586860656738,0.001,1,a2c_lr_high_seed1,-0.6158908605575562,31.198352813720703,0.69925457239151,-1.619818091392517,29.92209815979004
890,-215.8682861328125,-76.03415000915527,928,13.848136901855469,0.001,1,a2c_lr_high_seed1,0.4096822440624237,26.87835693359375,0.723845899105072,0.895959198474884,25.642860412597656
890,-215.8682861328125,-76.03415000915527,928,6.125566005706787,0.001,1,a2c_lr_high_seed1,0.41717270016670227,11.418310165405273,0.7617495059967041,0.9556581974029541,20.068256378173828
890,-215.8682861328125,-76.03415000915527,928,3.1428911685943604,0.001,1,a2c_lr_high_seed1,0.003971725702285767,6.279354095458984,0.7575840353965759,0.21895739436149597,8.095746994018555
890,-215.8682861328125,-76.03415000915527,928,2.401874542236328,0.001,1,a2c_lr_high_seed1,-0.22501662373542786,5.255283355712891,0.7505245804786682,-0.26902058720588684,4.752687454223633
890,-215.8682861328125,-76.03415000915527,928,1.8753294944763184,0.001,1,a2c_lr_high_seed1,-0.5100810527801514,4.772347927093506,0.7634404301643372,-0.5634210705757141,12.029280662536621
891,-86.62358856201172,-76.18626823425294,1001,6.846611976623535,0.001,1,a2c_lr_high_seed1,0.2588782012462616,13.176957130432129,0.7449529767036438,0.8461635112762451,15.647828102111816
891,-86.62358856201172,-76.18626823425294,1001,3.6151771545410156,0.001,1,a2c_lr_high_seed1,-0.005213290452957153,7.2423577308654785,0.7885427474975586,0.010288514196872711,7.9655609130859375
891,-86.62358856201172,-76.18626823425294,1001,4.291371822357178,0.001,1,a2c_lr_high_seed1,-0.5927672982215881,9.769854545593262,0.7882131934165955,-0.7831695675849915,13.602604866027832
891,-86.62358856201172,-76.18626823425294,1001,3.3935861587524414,0.001,1,a2c_lr_high_seed1,0.43859627842903137,5.911452770233154,0.7363885641098022,0.5512205362319946,9.401638984680176
891,-86.62358856201172,-76.18626823425294,1001,2.312112331390381,0.001,1,a2c_lr_high_seed1,-0.647797703742981,5.921288013458252,0.7339186072349548,-0.6386666297912598,10.49831485748291
891,-86.62358856201172,-76.18626823425294,1001,2.6383540630340576,0.001,1,a2c_lr_high_seed1,-0.013838618993759155,5.305788993835449,0.701922595500946,0.3910042941570282,6.833848476409912
891,-86.62358856201172,-76.18626823425294,1001,1.5957226753234863,0.001,1,a2c_lr_high_seed1,-0.3890840709209442,3.9710781574249268,0.7323015332221985,-0.3426757752895355,6.780937671661377
891,-86.62358856201172,-76.18626823425294,1001,1.2737464904785156,0.001,1,a2c_lr_high_seed1,-0.5635669231414795,3.676140785217285,0.7570101022720337,-0.5094452500343323,8.385000228881836
892,-87.69236755371094,-75.61416450500488,1001,6.825366973876953,0.001,1,a2c_lr_high_seed1,0.13202998042106628,13.388067245483398,0.6968284845352173,0.2535720467567444,6.799221038818359
893,-10.336868286132812,-73.91473609924316,1001,11.299036026000977,0.001,1,a2c_lr_high_seed1,-0.7262642979621887,24.05197525024414,0.6875907778739929,-1.473185420036316,30.001798629760742
893,-10.336868286132812,-73.91473609924316,1001,11.849857330322266,0.001,1,a2c_lr_high_seed1,0.47806650400161743,22.744918823242188,0.6680533289909363,0.6882606744766235,16.332258224487305
893,-10.336868286132812,-73.91473609924316,1001,4.167831897735596,0.001,1,a2c_lr_high_seed1,-0.32102853059768677,8.979207992553711,0.7432949542999268,-0.2474909871816635,5.852893829345703
896,-51.17160415649414,-74.36422653198242,1001,15.243942260742188,0.001,1,a2c_lr_high_seed1,1.081666350364685,28.325929641723633,0.6886237263679504,2.4690449237823486,47.906898498535156
896,-51.17160415649414,-74.36422653198242,1001,4.806441307067871,0.001,1,a2c_lr_high_seed1,0.5455399751663208,8.52325439453125,0.725838303565979,0.7054953575134277,13.675718307495117
896,-51.17160415649414,-74.36422653198242,1001,4.3172454833984375,0.001,1,a2c_lr_high_seed1,0.21974243223667145,8.196554183959961,0.7739755511283875,0.2750893235206604,9.780412673950195
897,-98.71397399902344,-74.3803775024414,1001,6.548865795135498,0.001,1,a2c_lr_high_seed1,0.6815288066864014,11.73608684539795,0.7064276337623596,1.4393887519836426,28.257827758789062
897,-98.71397399902344,-74.3803775024414,1001,2.0173373222351074,0.001,1,a2c_lr_high_seed1,-1.2738466262817383,6.58366060256958,0.6464378833770752,-1.5296669006347656,29.3413143157959
897,-98.71397399902344,-74.3803775024414,1001,2.464855432510376,0.001,1,a2c_lr_high_seed1,-0.5463471412658691,6.0239105224609375,0.7526035904884338,-0.6843543648719788,12.137466430664062
897,-98.71397399902344,-74.3803775024414,1001,3.180649757385254,0.001,1,a2c_lr_high_seed1,-1.4351054430007935,9.233065605163574,0.7777064442634583,-1.6014139652252197,30.94139862060547
897,-98.71397399902344,-74.3803775024414,1001,2.1719536781311035,0.001,1,a2c_lr_high_seed1,-0.9435933232307434,6.2325639724731445,0.7351294755935669,-1.2314962148666382,22.80828094482422
897,-98.71397399902344,-74.3803775024414,1001,3.8484296798706055,0.001,1,a2c_lr_high_seed1,0.6214678287506104,6.4553375244140625,0.7069593071937561,0.8700156211853027,16.55590057373047
897,-98.71397399902344,-74.3803775024414,1001,1.5670007467269897,0.001,1,a2c_lr_high_seed1,-1.132210373878479,5.399825096130371,0.7014219760894775,-1.14176607131958,21.35257339477539
897,-98.71397399902344,-74.3803775024414,1001,1.7578647136688232,0.001,1,a2c_lr_high_seed1,-0.2618101239204407,4.0406951904296875,0.6728530526161194,0.029459364712238312,2.382678270339966
897,-98.71397399902344,-74.3803775024414,1001,1.5216721296310425,0.001,1,a2c_lr_high_seed1,-0.8130607008934021,4.67092752456665,0.7309054732322693,-0.8755836486816406,15.949713706970215
898,-53.17116928100586,-73.61350151062011,1001,4.152759552001953,0.001,1,a2c_lr_high_seed1,-0.18597310781478882,8.678829193115234,0.6819353103637695,-0.30050989985466003,6.897999286651611
898,-53.17116928100586,-73.61350151062011,1001,1.7586212158203125,0.001,1,a2c_lr_high_seed1,-0.9888004064559937,5.496246814727783,0.7017265558242798,-0.9580313563346863,18.215293884277344
898,-53.17116928100586,-73.61350151062011,1001,2.7347517013549805,0.001,1,a2c_lr_high_seed1,-0.10231934487819672,5.675632953643799,0.7454232573509216,0.036717187613248825,3.896883487701416
898,-53.17116928100586,-73.61350151062011,1001,2.8196194171905518,0.001,1,a2c_lr_high_seed1,-0.5999816656112671,6.840634346008301,0.7160066366195679,-0.5054147243499756,9.544595718383789
898,-53.17116928100586,-73.61350151062011,1001,1.4658793210983276,0.001,1,a2c_lr_high_seed1,-0.3529965579509735,3.639155387878418,0.7018133401870728,-0.017318202182650566,1.9451122283935547
898,-53.17116928100586,-73.61350151062011,1001,1.8134657144546509,0.001,1,a2c_lr_high_seed1,-0.7826775312423706,5.193870544433594,0.7920700907707214,-0.9667180776596069,17.870641708374023
898,-53.17116928100586,-73.61350151062011,1001,1.9734560251235962,0.001,1,a2c_lr_high_seed1,-0.407029926776886,4.762423992156982,0.7261285781860352,-0.5374126434326172,10.212301254272461
899,-99.56098937988281,-74.0129875946045,1001,5.560471057891846,0.001,1,a2c_lr_high_seed1,0.742611289024353,9.637133598327637,0.7069734930992126,1.065401315689087,18.635839462280273
899,-99.56098937988281,-74.0129875946045,1001,3.448413372039795,0.001,1,a2c_lr_high_seed1,-0.7863187789916992,8.47093391418457,0.7347566485404968,-1.2975624799728394,22.389997482299805
899,-99.56098937988281,-74.0129875946045,1001,8.906044006347656,0.001,1,a2c_lr_high_seed1,0.33508655428886414,17.14337158203125,0.7284109592437744,0.410635769367218,16.202098846435547
899,-99.56098937988281,-74.0129875946045,1001,6.157930374145508,0.001,1,a2c_lr_high_seed1,0.2821539640426636,11.752970695495605,0.7092195749282837,0.6710788011550903,16.133914947509766
899,-99.56098937988281,-74.0129875946045,1001,4.849040508270264,0.001,1,a2c_lr_high_seed1,0.42022421956062317,8.859111785888672,0.7395541071891785,0.844856858253479,15.781595230102539
899,-99.56098937988281,-74.0129875946045,1001,1.8453624248504639,0.001,1,a2c_lr_high_seed1,-0.1437239944934845,3.9795994758605957,0.7133606672286987,0.053432777523994446,2.1592187881469727
899,-99.56098937988281,-74.0129875946045,1001,1.9183406829833984,0.001,1,a2c_lr_high_seed1,0.25195759534835815,3.3343405723571777,0.78720623254776,0.529083788394928,9.416767120361328
899,-99.56098937988281,-74.0129875946045,1001,1.889078974723816,0.001,1,a2c_lr_high_seed1,-1.2681679725646973,6.316005706787109,0.7559064030647278,-1.3286949396133423,23.7801570892334
900,-61.955509185791016,-74.14147651672363,1001,10.109087944030762,0.001,1,a2c_lr_high_seed1,0.22406992316246033,19.771465301513672,0.713828980922699,1.1868746280670166,10.187325477600098
900,-61.955509185791016,-74.14147651672363,1001,3.5240259170532227,0.001,1,a2c_lr_high_seed1,-0.5767898559570312,8.203109741210938,0.7391720414161682,-0.19712716341018677,7.593085289001465
901,-69.89248657226562,-73.60859825134277,1001,3.9212148189544678,0.001,1,a2c_lr_high_seed1,-0.7475279569625854,9.33888053894043,0.6974838376045227,-0.9900136590003967,19.31673240661621
901,-69.89248657226562,-73.60859825134277,1001,3.019078016281128,0.001,1,a2c_lr_high_seed1,0.015443593263626099,6.008690357208252,0.7108030319213867,0.15729448199272156,8.91384506225586
904,-52.2150993347168,-73.75962326049805,1001,12.716047286987305,0.001,1,a2c_lr_high_seed1,1.3434219360351562,22.746625900268555,0.6879659295082092,2.4497363567352295,43.41594696044922
904,-52.2150993347168,-73.75962326049805,1001,6.135770797729492,0.001,1,a2c_lr_high_seed1,0.076530322432518,12.119729042053223,0.6241804957389832,0.20013917982578278,6.794856071472168
904,-52.2150993347168,-73.75962326049805,1001,5.712369918823242,0.001,1,a2c_lr_high_seed1,0.7144023776054382,9.997396469116211,0.730705976486206,1.1526126861572266,23.829999923706055
905,-137.70899963378906,-74.36253173828125,1001,15.372721672058105,0.001,1,a2c_lr_high_seed1,1.3600654602050781,28.026702880859375,0.695513904094696,2.1071338653564453,42.4698371887207
905,-137.70899963378906,-74.36253173828125,1001,3.4542033672332764,0.001,1,a2c_lr_high_seed1,0.3810381293296814,6.147619247436523,0.644384503364563,0.8283684253692627,15.119741439819336
905,-137.70899963378906,-74.36253173828125,1001,6.994827747344971,0.001,1,a2c_lr_high_seed1,0.9131591320037842,12.164825439453125,0.7445176243782043,1.242098331451416,23.421464920043945
905,-137.70899963378906,-74.36253173828125,1001,2.73191237449646,0.001,1,a2c_lr_high_seed1,0.006874874234199524,5.451529502868652,0.7271577715873718,0.26802417635917664,7.9123969078063965
905,-137.70899963378906,-74.36253173828125,1001,2.0795605182647705,0.001,1,a2c_lr_high_seed1,-0.5879607200622559,5.33645486831665,0.7061657905578613,-0.6702366471290588,10.915717124938965
905,-137.70899963378906,-74.36253173828125,1001,3.81052565574646,0.001,1,a2c_lr_high_seed1,-0.1510712057352066,7.924544811248779,0.6753526926040649,0.25993892550468445,5.864103317260742
905,-137.70899963378906,-74.36253173828125,1001,1.756001353263855,0.001,1,a2c_lr_high_seed1,0.2802731990814209,2.952967643737793,0.7556984424591064,0.5768959522247314,8.6825532913208
906,-94.21849060058594,-74.6451773071289,323,127.03092193603516,0.001,1,a2c_lr_high_seed1,-3.6727051734924316,261.4086608886719,0.7025952935218811,-5.053359031677246,106.15757751464844
906,-94.21849060058594,-74.6451773071289,323,7.824232578277588,0.001,1,a2c_lr_high_seed1,0.9476833939552307,13.754472732543945,0.6873342394828796,1.5327428579330444,20.655118942260742
907,-16.23331069946289,-73.19491737365723,1001,8.328888893127441,0.001,1,a2c_lr_high_seed1,0.2509840726852417,16.157209396362305,0.7001808881759644,0.6569409370422363,11.50671100616455
907,-16.23331069946289,-73.19491737365723,1001,3.177964925765991,0.001,1,a2c_lr_high_seed1,0.0107535719871521,6.3357720375061035,0.674724280834198,0.24408656358718872,7.459538459777832
907,-16.23331069946289,-73.19491737365723,1001,3.664132833480835,0.001,1,a2c_lr_high_seed1,0.24697817862033844,6.835763931274414,0.727298378944397,0.40028098225593567,8.202547073364258
907,-16.23331069946289,-73.19491737365723,1001,3.722395896911621,0.001,1,a2c_lr_high_seed1,0.8052606582641602,5.835724353790283,0.7269434928894043,1.2091436386108398,19.507793426513672
907,-16.23331069946289,-73.19491737365723,1001,2.9362235069274902,0.001,1,a2c_lr_high_seed1,0.20246993005275726,5.4689459800720215,0.7192314863204956,0.3941431939601898,6.0745720863342285
907,-16.23331069946289,-73.19491737365723,1001,2.0011367797851562,0.001,1,a2c_lr_high_seed1,-0.8310521841049194,5.665848255157471,0.735275387763977,-1.0360862016677856,20.432512283325195
907,-16.23331069946289,-73.19491737365723,1001,2.4242730140686035,0.001,1,a2c_lr_high_seed1,0.3513680398464203,4.147229194641113,0.7094560861587524,0.6443027257919312,10.27833080291748
907,-16.23331069946289,-73.19491737365723,1001,2.317436933517456,0.001,1,a2c_lr_high_seed1,-0.7588440179824829,6.154013633728027,0.7260798215866089,-0.6235713362693787,12.136385917663574
908,-1.8610191345214844,-71.25771774291992,1001,3.869804620742798,0.001,1,a2c_lr_high_seed1,-0.5233370065689087,8.78769302368164,0.7050443291664124,-0.7019704580307007,11.85811710357666
908,-1.8610191345214844,-71.25771774291992,1001,3.4787120819091797,0.001,1,a2c_lr_high_seed1,0.24292656779289246,6.473055362701416,0.742311418056488,0.42285412549972534,7.273856163024902
908,-1.8610191345214844,-71.25771774291992,1001,2.9370970726013184,0.001,1,a2c_lr_high_seed1,-0.7080126404762268,7.2916460037231445,0.7132840156555176,-0.4230627715587616,12.015432357788086
908,-1.8610191345214844,-71.25771774291992,1001,3.620988607406616,0.001,1,a2c_lr_high_seed1,0.11724906414747238,7.008947372436523,0.7340191602706909,0.5452965497970581,7.981510162353516
908,-1.8610191345214844,-71.25771774291992,1001,1.5158323049545288,0.001,1,a2c_lr_high_seed1,-0.07485023885965347,3.1828222274780273,0.728615403175354,0.24681079387664795,3.5910098552703857
908,-1.8610191345214844,-71.25771774291992,1001,2.084908962249756,0.001,1,a2c_lr_high_seed1,0.16102725267410278,3.8493242263793945,0.7803829908370972,0.504181981086731,9.03683853149414
908,-1.8610191345214844,-71.25771774291992,1001,2.242959499359131,0.001,1,a2c_lr_high_seed1,-0.8088065981864929,6.104987144470215,0.7274894118309021,-0.6715245246887207,10.931130409240723
909,-40.37120819091797,-71.08468521118164,1001,6.975655555725098,0.001,1,a2c_lr_high_seed1,-0.12033350765705109,14.193462371826172,0.7421067953109741,0.5169591903686523,9.519184112548828
909,-40.37120819091797,-71.08468521118164,1001,5.831054210662842,0.001,1,a2c_lr_high_seed1,0.45716118812561035,10.749290466308594,0.7521251440048218,0.9645296335220337,12.287890434265137
910,-108.8725814819336,-71.4277653503418,1001,14.922285079956055,0.001,1,a2c_lr_high_seed1,1.4629019498825073,26.9201602935791,0.6973536014556885,2.491896390914917,28.465961456298828
910,-108.8725814819336,-71.4277653503418,1001,3.606776714324951,0.001,1,a2c_lr_high_seed1,0.31129196286201477,6.592477798461914,0.7541385889053345,0.46220332384109497,11.05041217803955
910,-108.8725814819336,-71.4277653503418,1001,1.9250738620758057,0.001,1,a2c_lr_high_seed1,-0.22443842887878418,4.300563335418701,0.7693489789962769,-0.12292340397834778,5.425156116485596
912,-71.05897521972656,-70.89732276916504,1001,15.246371269226074,0.001,1,a2c_lr_high_seed1,0.35844090580940247,29.777301788330078,0.7205811738967896,1.4110099077224731,26.707378387451172
912,-71.05897521972656,-70.89732276916504,1001,4.143678188323975,0.001,1,a2c_lr_high_seed1,0.19425880908966064,7.900437831878662,0.799723744392395,0.6399239301681519,7.999739646911621
912,-71.05897521972656,-70.89732276916504,1001,2.724716901779175,0.001,1,a2c_lr_high_seed1,-0.3090165853500366,6.068918228149414,0.7254101037979126,-0.06308663636445999,8.01438045501709
913,-23.373653411865234,-69.86108215332031,1001,3.46891188621521,0.001,1,a2c_lr_high_seed1,-0.8333227634429932,8.60586166381836,0.6961672306060791,-0.5443124175071716,7.934023857116699
913,-23.373653411865234,-69.86108215332031,1001,3.6709377765655518,0.001,1,a2c_lr_high_seed1,0.18631187081336975,6.970709800720215,0.7289742827415466,0.7132741212844849,10.028667449951172
913,-23.373653411865234,-69.86108215332031,1001,1.5886504650115967,0.001,1,a2c_lr_high_seed1,-0.43785935640335083,4.054521083831787,0.7508338093757629,-0.34359902143478394,6.598258018493652
913,-23.373653411865234,-69.86108215332031,1001,1.7854703664779663,0.001,1,a2c_lr_high_seed1,0.12015257775783539,3.332080841064453,0.7226471900939941,0.35405460000038147,5.401019096374512
913,-23.373653411865234,-69.86108215332031,1001,0.9526774287223816,0.001,1,a2c_lr_high_seed1,-0.44329243898391724,2.7934134006500244,0.7368339896202087,-0.34150147438049316,7.51154088973999
913,-23.373653411865234,-69.86108215332031,1001,2.365999221801758,0.001,1,a2c_lr_high_seed1,-0.5583756566047668,5.850193977355957,0.7222707271575928,-0.6321930289268494,11.910773277282715
914,-66.33206176757812,-70.12039794921876,1001,7.127951622009277,0.001,1,a2c_lr_high_seed1,0.6325318217277527,12.992326736450195,0.7431843876838684,1.131152868270874,17.086959838867188
914,-66.33206176757812,-70.12039794921876,1001,2.715872049331665,0.001,1,a2c_lr_high_seed1,-0.64335036277771,6.719760894775391,0.6580307483673096,-0.5703989267349243,14.154977798461914
915,-67.0284423828125,-70.43210830688477,1001,7.360453128814697,0.001,1,a2c_lr_high_seed1,-0.030429087579250336,14.783205032348633,0.7205902934074402,0.12066106498241425,11.373619079589844
915,-67.0284423828125,-70.43210830688477,1001,5.241729736328125,0.001,1,a2c_lr_high_seed1,0.24846431612968445,9.987957954406738,0.7132580280303955,0.6028317809104919,7.6361002922058105
915,-67.0284423828125,-70.43210830688477,1001,4.351130485534668,0.001,1,a2c_lr_high_seed1,0.22250142693519592,8.258667945861816,0.7048225402832031,0.45298323035240173,13.309964179992676
915,-67.0284423828125,-70.43210830688477,1001,4.103785514831543,0.001,1,a2c_lr_high_seed1,0.36884135007858276,7.47153377532959,0.8223971128463745,0.6920247673988342,11.99368667602539
915,-67.0284423828125,-70.43210830688477,1001,2.4889488220214844,0.001,1,a2c_lr_high_seed1,-0.8895469903945923,6.75831413269043,0.6613273620605469,-0.7810920476913452,13.180940628051758
915,-67.0284423828125,-70.43210830688477,1001,2.1748855113983154,0.001,1,a2c_lr_high_seed1,-0.7925359010696411,5.936300277709961,0.7288913726806641,-0.8310110569000244,12.905435562133789
915,-67.0284423828125,-70.43210830688477,1001,1.722656488418579,0.001,1,a2c_lr_high_seed1,-0.7957813143730164,5.0383734703063965,0.748843789100647,-0.7355644702911377,11.587006568908691
915,-67.0284423828125,-70.43210830688477,1001,1.9240847826004028,0.001,1,a2c_lr_high_seed1,-0.3016927242279053,4.4529924392700195,0.7186645269393921,-0.35819053649902344,5.558475017547607
916,-99.75148010253906,-70.48239181518555,1001,5.440780162811279,0.001,1,a2c_lr_high_seed1,-0.6537944674491882,12.190656661987305,0.7537162899971008,-0.44408461451530457,11.074501037597656
916,-99.75148010253906,-70.48239181518555,1001,2.7422356605529785,0.001,1,a2c_lr_high_seed1,0.038867637515068054,5.408205032348633,0.7346547245979309,0.2658560872077942,4.677592754364014
916,-99.75148010253906,-70.48239181518555,1001,2.629964828491211,0.001,1,a2c_lr_high_seed1,-0.20175416767597198,5.664854049682617,0.708073079586029,-0.13517315685749054,3.894380807876587
916,-99.75148010253906,-70.48239181518555,1001,1.790127158164978,0.001,1,a2c_lr_high_seed1,-0.463329553604126,4.5084733963012695,0.7800158262252808,-0.35122740268707275,8.414650917053223
916,-99.75148010253906,-70.48239181518555,1001,1.9912577867507935,0.001,1,a2c_lr_high_seed1,-1.34797203540802,6.679906368255615,0.7233104705810547,-1.4370849132537842,22.610450744628906
916,-99.75148010253906,-70.48239181518555,1001,1.7747151851654053,0.001,1,a2c_lr_high_seed1,-0.40395960211753845,4.358913421630859,0.7818832397460938,-0.29137399792671204,5.286589622497559
916,-99.75148010253906,-70.48239181518555,1001,3.032740831375122,0.001,1,a2c_lr_high_seed1,-0.7558341026306152,7.578532695770264,0.6914741396903992,-0.8085845708847046,12.659638404846191
917,-222.88565063476562,-73.01325134277344,834,79.9872055053711,0.001,1,a2c_lr_high_seed1,-2.8397669792175293,165.65541076660156,0.7295207381248474,-2.9322855472564697,47.771854400634766
918,-51.01654815673828,-72.38694854736327,1001,4.966881275177002,0.001,1,a2c_lr_high_seed1,-0.3379831910133362,10.611128807067871,0.699994683265686,-0.28535014390945435,5.537143707275391
919,-78.63923645019531,-71.44379364013672,1001,6.469505786895752,0.001,1,a2c_lr_high_seed1,0.35161978006362915,12.23731517791748,0.771291971206665,0.8660439252853394,12.716781616210938
919,-78.63923645019531,-71.44379364013672,1001,2.4356207847595215,0.001,1,a2c_lr_high_seed1,-0.010274730622768402,4.893275260925293,0.7421547770500183,0.2598020136356354,6.006005764007568
919,-78.63923645019531,-71.44379364013672,1001,1.9893553256988525,0.001,1,a2c_lr_high_seed1,-1.0480483770370483,6.076301097869873,0.7467870116233826,-1.1787645816802979,18.106149673461914
920,-84.65866088867188,-71.76468429565429,1001,7.589879512786865,0.001,1,a2c_lr_high_seed1,0.4244619309902191,14.332277297973633,0.720850944519043,0.7360798120498657,8.65223503112793
920,-84.65866088867188,-71.76468429565429,1001,2.6139540672302246,0.001,1,a2c_lr_high_seed1,-0.030783861875534058,5.290897846221924,0.7110582590103149,0.14073491096496582,4.249857425689697
920,-84.65866088867188,-71.76468429565429,1001,2.380814790725708,0.001,1,a2c_lr_high_seed1,-0.2698519825935364,5.302767276763916,0.7170255780220032,0.022785544395446777,9.718253135681152
922,-167.13455200195312,-73.4520050048828,732,164.7349853515625,0.001,1,a2c_lr_high_seed1,-2.1768295764923096,333.8249206542969,0.6465420722961426,-3.4404048919677734,96.17308044433594
922,-167.13455200195312,-73.4520050048828,732,1.1646615266799927,0.001,1,a2c_lr_high_seed1,-0.4602741301059723,3.2512989044189453,0.7138192057609558,-0.3038561940193176,8.164859771728516
922,-167.13455200195312,-73.4520050048828,732,2.5147669315338135,0.001,1,a2c_lr_high_seed1,-0.2221013903617859,5.475079536437988,0.671440064907074,-0.011283792555332184,5.250721454620361
922,-167.13455200195312,-73.4520050048828,732,2.0318570137023926,0.001,1,a2c_lr_high_seed1,0.06206214427947998,3.9409477710723877,0.6790131330490112,0.4267570972442627,8.30708122253418
922,-167.13455200195312,-73.4520050048828,732,1.38528311252594,0.001,1,a2c_lr_high_seed1,-0.23817512392997742,3.2483177185058594,0.7005440592765808,0.03982783108949661,1.176809310913086
922,-167.13455200195312,-73.4520050048828,732,2.0393126010894775,0.001,1,a2c_lr_high_seed1,-0.17553851008415222,4.43112850189209,0.7130215167999268,0.10200449824333191,3.869713544845581
922,-167.13455200195312,-73.4520050048828,732,1.4853101968765259,0.001,1,a2c_lr_high_seed1,0.06534168124198914,2.841452121734619,0.7575370073318481,0.39843320846557617,7.721006870269775
923,-76.35301208496094,-72.89754943847656,1001,4.9537272453308105,0.001,1,a2c_lr_high_seed1,-0.536866307258606,10.982550621032715,0.6820089817047119,-0.1617686152458191,5.867571830749512
923,-76.35301208496094,-72.89754943847656,1001,2.098881483078003,0.001,1,a2c_lr_high_seed1,-0.016898740082979202,4.232975482940674,0.7075142860412598,0.5665718913078308,6.554510116577148
923,-76.35301208496094,-72.89754943847656,1001,1.1508842706680298,0.001,1,a2c_lr_high_seed1,-0.1663762480020523,2.6359715461730957,0.7252258658409119,0.1555672585964203,2.225339651107788
923,-76.35301208496094,-72.89754943847656,1001,1.5113283395767212,0.001,1,a2c_lr_high_seed1,-0.6886059045791626,4.401275157928467,0.7033696174621582,-0.8058120012283325,13.530580520629883
923,-76.35301208496094,-72.89754943847656,1001,2.8100576400756836,0.001,1,a2c_lr_high_seed1,-0.023046892136335373,5.667713165283203,0.7520153522491455,0.30131790041923523,5.914055824279785
923,-76.35301208496094,-72.89754943847656,1001,3.656900405883789,0.001,1,a2c_lr_high_seed1,-0.34096410870552063,7.997200012207031,0.7354921102523804,-0.299666166305542,9.272801399230957
923,-76.35301208496094,-72.89754943847656,1001,2.1225156784057617,0.001,1,a2c_lr_high_seed1,-0.7291616201400757,5.704769134521484,0.7071918845176697,-0.8174344301223755,13.293266296386719
923,-76.35301208496094,-72.89754943847656,1001,4.110361099243164,0.001,1,a2c_lr_high_seed1,0.029685571789741516,8.162898063659668,0.7734377980232239,0.1391543596982956,6.101712703704834
923,-76.35301208496094,-72.89754943847656,1001,3.146550178527832,0.001,1,a2c_lr_high_seed1,0.0344395637512207,6.225661754608154,0.7203717231750488,0.15683680772781372,3.024625301361084
924,-41.10883331298828,-72.7187850189209,1001,9.227924346923828,0.001,1,a2c_lr_high_seed1,0.37773969769477844,17.701812744140625,0.7215709090232849,1.047208547592163,18.041839599609375
924,-41.10883331298828,-72.7187850189209,1001,3.0008203983306885,0.001,1,a2c_lr_high_seed1,0.14549614489078522,5.712101459503174,0.7264779210090637,0.18177929520606995,4.118758201599121
924,-41.10883331298828,-72.7187850189209,1001,7.465089321136475,0.001,1,a2c_lr_high_seed1,0.3498190939426422,14.231918334960938,0.6890554428100586,0.7271128296852112,10.416704177856445
924,-41.10883331298828,-72.7187850189209,1001,2.4005050659179688,0.001,1,a2c_lr_high_seed1,-0.3435384929180145,5.489494800567627,0.7038425803184509,-0.10650192201137543,5.365918159484863
924,-41.10883331298828,-72.7187850189209,1001,2.5225982666015625,0.001,1,a2c_lr_high_seed1,-0.8584783673286438,6.7636871337890625,0.7670902609825134,-1.2048238515853882,18.792831420898438
924,-41.10883331298828,-72.7187850189209,1001,3.980166435241699,0.001,1,a2c_lr_high_seed1,0.41877949237823486,7.124250411987305,0.7380484938621521,0.5967312455177307,9.997023582458496
924,-41.10883331298828,-72.7187850189209,1001,1.3608050346374512,0.001,1,a2c_lr_high_seed1,-0.8002471327781677,4.323549270629883,0.7223562002182007,-0.9410462975502014,15.175962448120117
925,-54.15854263305664,-72.3559732055664,1001,6.943228721618652,0.001,1,a2c_lr_high_seed1,-0.0482446663081646,13.984447479248047,0.7504732608795166,0.03500930592417717,9.383127212524414
926,-55.01675796508789,-72.01158958435059,1001,7.2030768394470215,0.001,1,a2c_lr_high_seed1,0.4537459909915924,13.500102996826172,0.7206282019615173,0.7948750257492065,8.987702369689941
927,-98.51161193847656,-73.08251930236817,1001,9.070256233215332,0.001,1,a2c_lr_high_seed1,0.657014787197113,16.827945709228516,0.7310604453086853,1.147197961807251,20.03957176208496
927,-98.51161193847656,-73.08251930236817,1001,7.76399040222168,0.001,1,a2c_lr_high_seed1,-0.744033932685852,17.01735496520996,0.6532937288284302,-0.528148889541626,20.91963768005371
927,-98.51161193847656,-73.08251930236817,1001,5.206965923309326,0.001,1,a2c_lr_high_seed1,-0.7474699020385742,11.9103422164917,0.7350704669952393,-0.896730899810791,18.05082893371582
928,-70.28883361816406,-73.3076707458496,1001,7.934685707092285,0.001,1,a2c_lr_high_seed1,0.7250567078590393,14.420639038085938,0.6903827786445618,1.1762535572052002,19.73305320739746
928,-70.28883361816406,-73.3076707458496,1001,2.8175790309906006,0.001,1,a2c_lr_high_seed1,-0.1311505138874054,5.898805141448975,0.6731151342391968,0.17305931448936462,7.080489158630371
929,-222.63919067382812,-76.37864807128906,732,25.69203758239746,0.001,1,a2c_lr_high_seed1,-0.849622368812561,53.084659576416016,0.6690601110458374,0.5336439609527588,13.329506874084473
931,-44.94379806518555,-77.54550399780274,1001,13.09866714477539,0.001,1,a2c_lr_high_seed1,1.4928338527679443,23.213130950927734,0.7320135235786438,2.040203332901001,29.902118682861328
931,-44.94379806518555,-77.54550399780274,1001,8.403951644897461,0.001,1,a2c_lr_high_seed1,0.5936539173126221,15.621814727783203,0.609308123588562,1.5610617399215698,11.359260559082031
931,-44.94379806518555,-77.54550399780274,1001,2.0588479042053223,0.001,1,a2c_lr_high_seed1,-0.08497664332389832,4.288977146148682,0.6639358997344971,-0.1966875046491623,4.224226474761963
931,-44.94379806518555,-77.54550399780274,1001,7.730275630950928,0.001,1,a2c_lr_high_seed1,0.41283637285232544,14.63630485534668,0.7131913900375366,0.5150985717773438,12.298343658447266
931,-44.94379806518555,-77.54550399780274,1001,2.7653167247772217,0.001,1,a2c_lr_high_seed1,0.20622721314430237,5.119687080383301,0.7540888786315918,0.472145140171051,9.494726181030273
931,-44.94379806518555,-77.54550399780274,1001,2.293668031692505,0.001,1,a2c_lr_high_seed1,0.09586174041032791,4.397072792053223,0.7300660014152527,0.32387784123420715,5.650529861450195
931,-44.94379806518555,-77.54550399780274,1001,2.313824415206909,0.001,1,a2c_lr_high_seed1,-0.3842132091522217,5.397486686706543,0.7056129574775696,-0.2597977817058563,5.086914539337158
931,-44.94379806518555,-77.54550399780274,1001,3.2374515533447266,0.001,1,a2c_lr_high_seed1,-0.6426045894622803,7.761539936065674,0.7138369083404541,-0.918803870677948,16.49954605102539
931,-44.94379806518555,-77.54550399780274,1001,3.1494622230529785,0.001,1,a2c_lr_high_seed1,-0.8371113538742065,7.9746246337890625,0.7386066913604736,-1.0902209281921387,18.840072631835938
931,-44.94379806518555,-77.54550399780274,1001,3.4671056270599365,0.001,1,a2c_lr_high_seed1,0.20744062960147858,6.520811557769775,0.740844190120697,0.3297373652458191,7.441463947296143
931,-44.94379806518555,-77.54550399780274,1001,3.1938083171844482,0.001,1,a2c_lr_high_seed1,-0.5306193232536316,7.450293064117432,0.7188405990600586,-0.4611591696739197,9.932663917541504
931,-44.94379806518555,-77.54550399780274,1001,1.0050016641616821,0.001,1,a2c_lr_high_seed1,-0.6301833391189575,3.271831512451172,0.7307283878326416,-0.47582778334617615,7.808398723602295
931,-44.94379806518555,-77.54550399780274,1001,2.1642165184020996,0.001,1,a2c_lr_high_seed1,-0.47394859790802,5.277746677398682,0.7081465125083923,-0.3257085978984833,7.382667541503906
931,-44.94379806518555,-77.54550399780274,1001,1.3358533382415771,0.001,1,a2c_lr_high_seed1,-0.42292526364326477,3.5189199447631836,0.6814228296279907,-0.25059691071510315,4.485357761383057
931,-44.94379806518555,-77.54550399780274,1001,1.5070948600769043,0.001,1,a2c_lr_high_seed1,-0.5296851992607117,4.07509708404541,0.7684081196784973,-0.2181948572397232,6.7136759757995605
931,-44.94379806518555,-77.54550399780274,1001,3.3982319831848145,0.001,1,a2c_lr_high_seed1,-0.5620425939559937,7.921922206878662,0.6865631937980652,-0.12548407912254333,7.320339202880859
932,-36.37608337402344,-76.78953536987305,1001,20.298906326293945,0.001,1,a2c_lr_high_seed1,-0.8685426712036133,42.336219787597656,0.6618716716766357,0.845974862575531,48.528472900390625
932,-36.37608337402344,-76.78953536987305,1001,2.930124282836914,0.001,1,a2c_lr_high_seed1,-1.0128570795059204,7.8874101638793945,0.7238453030586243,-1.0921993255615234,16.436670303344727
932,-36.37608337402344,-76.78953536987305,1001,7.099132061004639,0.001,1,a2c_lr_high_seed1,0.28593721985816956,13.627824783325195,0.7174798846244812,0.7105192542076111,13.02398681640625
933,-207.21945190429688,-80.25877601623534,846,128.33607482910156,0.001,1,a2c_lr_high_seed1,-3.701741933822632,264.0771179199219,0.7494579553604126,-3.692110300064087,92.2179183959961
933,-207.21945190429688,-80.25877601623534,846,2.9008095264434814,0.001,1,a2c_lr_high_seed1,-0.34510505199432373,6.4933247566223145,0.7478528022766113,-0.23936955630779266,10.406731605529785
933,-207.21945190429688,-80.25877601623534,846,4.476030349731445,0.001,1,a2c_lr_high_seed1,0.5633122324943542,7.826899528503418,0.7313027381896973,0.864966869354248,15.81965160369873
933,-207.21945190429688,-80.25877601623534,846,1.9384865760803223,0.001,1,a2c_lr_high_seed1,-0.532383382320404,4.943126678466797,0.6933292746543884,-0.4691721200942993,10.453350067138672
934,-62.34726333618164,-80.20975799560547,1001,6.832193851470947,0.001,1,a2c_lr_high_seed1,0.5427448153495789,12.580371856689453,0.7367810606956482,1.1689157485961914,18.60129165649414
934,-62.34726333618164,-80.20975799560547,1001,6.600508213043213,0.001,1,a2c_lr_high_seed1,-0.7612334489822388,14.724721908569336,0.6192558407783508,-0.3695446848869324,17.790084838867188
934,-62.34726333618164,-80.20975799560547,1001,14.365567207336426,0.001,1,a2c_lr_high_seed1,-1.266112208366394,31.264575958251953,0.6081222891807556,-1.3005956411361694,24.644819259643555
936,90.08445739746094,-78.47176025390625,812,237.61642456054688,0.001,1,a2c_lr_high_seed1,0.27005043625831604,474.6939392089844,0.5984970927238464,6.245017051696777,140.2311248779297
937,-184.09982299804688,-79.97403457641602,906,110.0098648071289,0.001,1,a2c_lr_high_seed1,0.9007124304771423,218.2196502685547,0.672301709651947,-1.0193604230880737,69.66361999511719
938,-31.679481506347656,-79.59158569335938,1001,10.674116134643555,0.001,1,a2c_lr_high_seed1,0.616369903087616,20.116886138916016,0.6974555253982544,1.2393361330032349,25.550031661987305
938,-31.679481506347656,-79.59158569335938,1001,6.545637130737305,0.001,1,a2c_lr_high_seed1,1.1770753860473633,10.73852825164795,0.7023223042488098,1.6515412330627441,27.42411994934082
938,-31.679481506347656,-79.59158569335938,1001,4.476052761077881,0.001,1,a2c_lr_high_seed1,0.4097093939781189,8.134088516235352,0.7010476589202881,0.8198646306991577,14.28215217590332
940,-65.033935546875,-77.56841766357422,1001,145.8634490966797,0.001,1,a2c_lr_high_seed1,-2.0078418254852295,295.7439270019531,0.6649384498596191,-3.4110302925109863,98.64847564697266
940,-65.033935546875,-77.56841766357422,1001,2.454005479812622,0.001,1,a2c_lr_high_seed1,-0.3753962218761444,5.660181045532227,0.6887816786766052,-0.3724125623703003,6.368448734283447
940,-65.033935546875,-77.56841766357422,1001,1.5633717775344849,0.001,1,a2c_lr_high_seed1,-0.30662721395492554,3.741450309753418,0.7260642051696777,0.19267931580543518,4.803337097167969
940,-65.033935546875,-77.56841766357422,1001,3.1662890911102295,0.001,1,a2c_lr_high_seed1,0.16210153698921204,6.009893417358398,0.7591798901557922,0.501846432685852,11.434194564819336
940,-65.033935546875,-77.56841766357422,1001,2.403414249420166,0.001,1,a2c_lr_high_seed1,0.0251731276512146,4.757937908172607,0.7277897000312805,0.5071232318878174,10.456526756286621
940,-65.033935546875,-77.56841766357422,1001,2.988257646560669,0.001,1,a2c_lr_high_seed1,-0.7683217525482178,7.514560699462891,0.700924813747406,-0.8505240082740784,16.279518127441406
940,-65.033935546875,-77.56841766357422,1001,0.7964017987251282,0.001,1,a2c_lr_high_seed1,-0.5417397022247314,2.6776716709136963,0.6943297386169434,-0.3281930685043335,5.787442684173584
940,-65.033935546875,-77.56841766357422,1001,1.7177488803863525,0.001,1,a2c_lr_high_seed1,0.005020502954721451,3.426874876022339,0.7090729475021362,0.35561603307724,6.436294078826904
940,-65.033935546875,-77.56841766357422,1001,2.1161015033721924,0.001,1,a2c_lr_high_seed1,-0.34651878476142883,4.926644802093506,0.7021904587745667,-0.022630400955677032,3.52262544631958
940,-65.033935546875,-77.56841766357422,1001,2.212090492248535,0.001,1,a2c_lr_high_seed1,0.4112531542778015,3.6031014919281006,0.7134381532669067,0.8348885178565979,14.07681941986084
941,-160.74307250976562,-79.0508073425293,790,157.36988830566406,0.001,1,a2c_lr_high_seed1,-0.13762477040290833,315.0163879394531,0.6869744658470154,-4.4305572509765625,115.93470764160156
941,-160.74307250976562,-79.0508073425293,790,1.7384300231933594,0.001,1,a2c_lr_high_seed1,-0.6974660158157349,4.873147487640381,0.6776605844497681,-0.7818797826766968,14.89132308959961
941,-160.74307250976562,-79.0508073425293,790,4.042020797729492,0.001,1,a2c_lr_high_seed1,-0.46657055616378784,9.018654823303223,0.7363657355308533,-0.6421734690666199,12.450545310974121
941,-160.74307250976562,-79.0508073425293,790,4.101106643676758,0.001,1,a2c_lr_high_seed1,0.7210084199905396,6.761560440063477,0.6816440224647522,1.1576409339904785,21.151634216308594
941,-160.74307250976562,-79.0508073425293,790,3.0664267539978027,0.001,1,a2c_lr_high_seed1,-0.18284378945827484,6.499992370605469,0.7256817817687988,0.08084315061569214,4.831807613372803
941,-160.74307250976562,-79.0508073425293,790,1.28322172164917,0.001,1,a2c_lr_high_seed1,-0.26906874775886536,3.106043577194214,0.7313824892044067,-0.3594622313976288,6.333006381988525
941,-160.74307250976562,-79.0508073425293,790,4.789513111114502,0.001,1,a2c_lr_high_seed1,0.3614984154701233,8.857576370239258,0.7734547853469849,0.5761446356773376,9.797836303710938
941,-160.74307250976562,-79.0508073425293,790,4.033322334289551,0.001,1,a2c_lr_high_seed1,-0.3188289999961853,8.705903053283691,0.8002390265464783,-0.43341466784477234,7.70954704284668
941,-160.74307250976562,-79.0508073425293,790,2.1321732997894287,0.001,1,a2c_lr_high_seed1,-0.7786918878555298,5.823227882385254,0.7489180564880371,-0.939845085144043,15.604839324951172
941,-160.74307250976562,-79.0508073425293,790,2.6947357654571533,0.001,1,a2c_lr_high_seed1,-0.040969304740428925,5.47288179397583,0.7357586622238159,0.021065138280391693,3.2117226123809814
942,-63.555335998535156,-78.56806671142579,1001,8.216123580932617,0.001,1,a2c_lr_high_seed1,0.4726216197013855,15.48840045928955,0.6978126764297485,0.7041827440261841,12.961071968078613
942,-63.555335998535156,-78.56806671142579,1001,11.489673614501953,0.001,1,a2c_lr_high_seed1,0.6650096774101257,21.650739669799805,0.7061648964881897,1.1333342790603638,16.81976890563965
942,-63.555335998535156,-78.56806671142579,1001,2.7945377826690674,0.001,1,a2c_lr_high_seed1,-0.1897507756948471,5.970053672790527,0.738300085067749,-0.060025498270988464,6.253240585327148
942,-63.555335998535156,-78.56806671142579,1001,1.9034249782562256,0.001,1,a2c_lr_high_seed1,0.011078491806983948,3.786167621612549,0.7373615503311157,0.17967401444911957,5.783382892608643
942,-63.555335998535156,-78.56806671142579,1001,2.4080607891082764,0.001,1,a2c_lr_high_seed1,-0.25465744733810425,5.326936721801758,0.7500397562980652,-0.17786121368408203,4.250762939453125
942,-63.555335998535156,-78.56806671142579,1001,2.2123031616210938,0.001,1,a2c_lr_high_seed1,0.03483042120933533,4.356451511383057,0.7529292702674866,0.23093634843826294,5.55977201461792
944,-50.205833435058594,-77.76817110061646,1001,11.837711334228516,0.001,1,a2c_lr_high_seed1,0.33896011114120483,22.998807907104492,0.6523611545562744,1.098333716392517,22.625022888183594
945,-31.441801071166992,-76.08406660079956,1001,10.88254451751709,0.001,1,a2c_lr_high_seed1,1.0617358684539795,19.64271354675293,0.5486201047897339,2.0848495960235596,33.93825149536133
945,-31.441801071166992,-76.08406660079956,1001,3.067781925201416,0.001,1,a2c_lr_high_seed1,-0.049902476370334625,6.2367401123046875,0.6856824159622192,0.01704886555671692,3.365100383758545
946,-93.69072723388672,-76.93444906234741,1001,8.579408645629883,0.001,1,a2c_lr_high_seed1,0.5023738145828247,16.15546417236328,0.6971461772918701,1.0550720691680908,22.124128341674805
946,-93.69072723388672,-76.93444906234741,1001,3.1882872581481934,0.001,1,a2c_lr_high_seed1,0.1434319168329239,6.091047763824463,0.6684439182281494,0.377084881067276,7.240838527679443
946,-93.69072723388672,-76.93444906234741,1001,2.3800606727600098,0.001,1,a2c_lr_high_seed1,0.11201256513595581,4.537492752075195,0.6982488632202148,0.3015613555908203,6.097077369689941
948,-87.51933288574219,-77.00170499801635,1001,9.656192779541016,0.001,1,a2c_lr_high_seed1,1.0229213237762451,17.26789093017578,0.6744651198387146,1.6814216375350952,27.22429084777832
948,-87.51933288574219,-77.00170499801635,1001,1.3160971403121948,0.001,1,a2c_lr_high_seed1,-0.1430913209915161,2.91972279548645,0.6729651689529419,0.16254687309265137,1.5962812900543213
948,-87.51933288574219,-77.00170499801635,1001,1.6899362802505493,0.001,1,a2c_lr_high_seed1,-0.9728339910507202,5.326904296875,0.6818519830703735,-1.0434153079986572,21.184627532958984
948,-87.51933288574219,-77.00170499801635,1001,1.7456068992614746,0.001,1,a2c_lr_high_seed1,-0.6951098442077637,4.882759094238281,0.6628543734550476,-0.6446676254272461,13.5193510055542
948,-87.51933288574219,-77.00170499801635,1001,1.58899986743927,0.001,1,a2c_lr_high_seed1,-0.5142900943756104,4.207834720611572,0.6274375915527344,-0.3620820641517639,8.395861625671387
948,-87.51933288574219,-77.00170499801635,1001,1.7332100868225098,0.001,1,a2c_lr_high_seed1,-0.06283599883317947,3.5935068130493164,0.7072917222976685,0.07676882296800613,3.352323293685913
948,-87.51933288574219,-77.00170499801635,1001,1.3529932498931885,0.001,1,a2c_lr_high_seed1,-0.540582537651062,3.788573741912842,0.7111107707023621,-0.471055269241333,12.225366592407227
948,-87.51933288574219,-77.00170499801635,1001,0.8390147686004639,0.001,1,a2c_lr_high_seed1,-0.49663281440734863,2.6727354526519775,0.7201333045959473,-0.40529000759124756,9.616920471191406
948,-87.51933288574219,-77.00170499801635,1001,1.2852035760879517,0.001,1,a2c_lr_high_seed1,-0.7798874378204346,4.131583213806152,0.7005603313446045,-0.6043980121612549,10.381335258483887
949,-54.56578826904297,-76.10180097579956,1001,4.555607795715332,0.001,1,a2c_lr_high_seed1,0.0968150869011879,8.918983459472656,0.6990891098976135,0.49178630113601685,10.917153358459473
949,-54.56578826904297,-76.10180097579956,1001,2.8260793685913086,0.001,1,a2c_lr_high_seed1,-0.7947782874107361,7.243116855621338,0.7006707191467285,-0.7791081666946411,15.650794982910156
949,-54.56578826904297,-76.10180097579956,1001,3.2715935707092285,0.001,1,a2c_lr_high_seed1,0.4857981503009796,5.573111534118652,0.7604062557220459,0.8064132928848267,17.29950523376465
949,-54.56578826904297,-76.10180097579956,1001,2.2183759212493896,0.001,1,a2c_lr_high_seed1,-0.18673118948936462,4.811592102050781,0.6889246702194214,0.13989514112472534,2.2070863246917725
949,-54.56578826904297,-76.10180097579956,1001,1.259842038154602,0.001,1,a2c_lr_high_seed1,-0.21165981888771057,2.944462537765503,0.7294455766677856,-0.26499325037002563,7.802245616912842
949,-54.56578826904297,-76.10180097579956,1001,2.8630073070526123,0.001,1,a2c_lr_high_seed1,-1.1452362537384033,8.017780303955078,0.6465383768081665,-1.1858724355697632,22.99403190612793
949,-54.56578826904297,-76.10180097579956,1001,1.8733174800872803,0.001,1,a2c_lr_high_seed1,-0.5076547861099243,4.763411521911621,0.7334423065185547,-0.29715877771377563,6.162626266479492
949,-54.56578826904297,-76.10180097579956,1001,2.7166695594787598,0.001,1,a2c_lr_high_seed1,-0.2932354807853699,6.021137237548828,0.6636230945587158,-0.09516565501689911,4.278314590454102
949,-54.56578826904297,-76.10180097579956,1001,2.0036869049072266,0.001,1,a2c_lr_high_seed1,-0.0017039328813552856,4.012262344360352,0.7402595281600952,-0.09861059486865997,3.215608835220337
949,-54.56578826904297,-76.10180097579956,1001,2.4411063194274902,0.001,1,a2c_lr_high_seed1,-0.06833130866289139,5.020297050476074,0.7109498381614685,-0.037400007247924805,4.065228462219238
950,-14.556714057922363,-75.15382507324219,1001,7.271221160888672,0.001,1,a2c_lr_high_seed1,-0.23723852634429932,15.018318176269531,0.6993812918663025,0.30545300245285034,8.732475280761719
950,-14.556714057922363,-75.15382507324219,1001,5.40646505355835,0.001,1,a2c_lr_high_seed1,0.5201258659362793,9.77415657043457,0.7391400337219238,0.5698431134223938,6.499759197235107
950,-14.556714057922363,-75.15382507324219,1001,4.04133415222168,0.001,1,a2c_lr_high_seed1,0.5682960748672485,6.947444438934326,0.6842918992042542,0.8541900515556335,11.627525329589844
950,-14.556714057922363,-75.15382507324219,1001,2.2982795238494873,0.001,1,a2c_lr_high_seed1,0.09820069372653961,4.401507377624512,0.6750238537788391,0.5870707631111145,11.306441307067871
950,-14.556714057922363,-75.15382507324219,1001,2.6811976432800293,0.001,1,a2c_lr_high_seed1,-0.7271729111671448,6.818241596221924,0.7502273321151733,-0.8178532123565674,14.6998929977417
950,-14.556714057922363,-75.15382507324219,1001,2.667146921157837,0.001,1,a2c_lr_high_seed1,-0.4277975559234619,6.191330909729004,0.7209922671318054,-0.38893914222717285,8.84819221496582
952,-50.44802474975586,-74.9011622619629,1001,11.315362930297852,0.001,1,a2c_lr_high_seed1,0.8908250331878662,20.850444793701172,0.6844629645347595,1.2594759464263916,20.02798843383789
953,-71.19953155517578,-74.94781555175781,1001,11.302454948425293,0.001,1,a2c_lr_high_seed1,0.6652882099151611,21.27562713623047,0.6465495824813843,1.4182746410369873,21.688156127929688
953,-71.19953155517578,-74.94781555175781,1001,5.460429668426514,0.001,1,a2c_lr_high_seed1,0.72173011302948,9.478677749633789,0.6395174860954285,1.1628259420394897,22.17387580871582
954,-68.97677612304688,-75.28304908752442,1001,11.505409240722656,0.001,1,a2c_lr_high_seed1,1.1901309490203857,20.631977081298828,0.710662841796875,1.5223057270050049,29.773115158081055
954,-68.97677612304688,-75.28304908752442,1001,2.834620952606201,0.001,1,a2c_lr_high_seed1,-0.6328256130218506,6.936404705047607,0.7558874487876892,-0.3746822476387024,8.66604995727539
954,-68.97677612304688,-75.28304908752442,1001,3.5204918384552,0.001,1,a2c_lr_high_seed1,0.35084640979766846,6.340632438659668,0.6707425117492676,0.6722691655158997,12.121997833251953
956,-66.85275268554688,-73.66218528747558,1001,13.534820556640625,0.001,1,a2c_lr_high_seed1,0.8491156101226807,25.372623443603516,0.6066601276397705,1.6036741733551025,25.258390426635742
956,-66.85275268554688,-73.66218528747558,1001,4.220598220825195,0.001,1,a2c_lr_high_seed1,-0.06106436252593994,8.56467342376709,0.6740201711654663,0.011878371238708496,6.138402462005615
956,-66.85275268554688,-73.66218528747558,1001,3.284162759780884,0.001,1,a2c_lr_high_seed1,0.06212979555130005,6.44550085067749,0.7174700498580933,0.288244366645813,9.086973190307617
956,-66.85275268554688,-73.66218528747558,1001,4.310920238494873,0.001,1,a2c_lr_high_seed1,0.5988000631332397,7.425690650939941,0.7250393629074097,0.8601574301719666,16.321876525878906
956,-66.85275268554688,-73.66218528747558,1001,2.096949815750122,0.001,1,a2c_lr_high_seed1,-0.12936830520629883,4.453990936279297,0.6774631142616272,0.18480417132377625,5.286577224731445
956,-66.85275268554688,-73.66218528747558,1001,0.9572914242744446,0.001,1,a2c_lr_high_seed1,-0.6129950881004333,3.1419925689697266,0.7097756266593933,-0.2249942123889923,4.472317218780518
956,-66.85275268554688,-73.66218528747558,1001,1.6640899181365967,0.001,1,a2c_lr_high_seed1,-0.18699806928634644,3.7034389972686768,0.6315988302230835,0.09679843485355377,4.476842403411865
956,-66.85275268554688,-73.66218528747558,1001,1.271498203277588,0.001,1,a2c_lr_high_seed1,-0.2932996153831482,3.13102388381958,0.7140100598335266,-0.1557677686214447,3.7829272747039795
956,-66.85275268554688,-73.66218528747558,1001,0.9613683819770813,0.001,1,a2c_lr_high_seed1,-0.6249197125434875,3.1740150451660156,0.7194403409957886,-0.49248671531677246,9.1650390625
956,-66.85275268554688,-73.66218528747558,1001,1.097030758857727,0.001,1,a2c_lr_high_seed1,-0.034548260271549225,2.264617919921875,0.7298764586448669,0.06753106415271759,3.121771812438965
957,-59.91559600830078,-74.53583099365234,1001,3.3609745502471924,0.001,1,a2c_lr_high_seed1,0.06345842778682709,6.596420764923096,0.69435715675354,0.15697342157363892,2.4586546421051025
957,-59.91559600830078,-74.53583099365234,1001,1.680742621421814,0.001,1,a2c_lr_high_seed1,-0.18625584244728088,3.7354514598846436,0.7273241877555847,-0.023180171847343445,3.753194808959961
957,-59.91559600830078,-74.53583099365234,1001,1.8604559898376465,0.001,1,a2c_lr_high_seed1,-0.06411704421043396,3.850593090057373,0.7235095500946045,0.1754242181777954,5.351187705993652
957,-59.91559600830078,-74.53583099365234,1001,1.3230465650558472,0.001,1,a2c_lr_high_seed1,-0.32761716842651367,3.3027114868164062,0.6920455098152161,-0.36337849497795105,6.868831634521484
957,-59.91559600830078,-74.53583099365234,1001,1.9657461643218994,0.001,1,a2c_lr_high_seed1,0.23475943505764008,3.4633047580718994,0.6656597256660461,0.5968608856201172,10.70096206665039
957,-59.91559600830078,-74.53583099365234,1001,1.9023932218551636,0.001,1,a2c_lr_high_seed1,-0.13747787475585938,4.081131935119629,0.6948522329330444,0.17411592602729797,3.1846044063568115
957,-59.91559600830078,-74.53583099365234,1001,1.4587677717208862,0.001,1,a2c_lr_high_seed1,-0.3010546565055847,3.520953893661499,0.6545370221138,-0.16152004897594452,3.1551787853240967
957,-59.91559600830078,-74.53583099365234,1001,2.519310235977173,0.001,1,a2c_lr_high_seed1,-0.00781568419188261,5.055713176727295,0.7306850552558899,0.13532838225364685,6.065956115722656
957,-59.91559600830078,-74.53583099365234,1001,1.149699330329895,0.001,1,a2c_lr_high_seed1,-0.733345627784729,3.767596960067749,0.7535059452056885,-0.8462638258934021,14.527898788452148
958,-15.85616397857666,-74.81573389053345,1001,8.433509826660156,0.001,1,a2c_lr_high_seed1,0.16169330477714539,16.545063018798828,0.7148095965385437,0.21248987317085266,4.562932014465332
958,-15.85616397857666,-74.81573389053345,1001,2.4638631343841553,0.001,1,a2c_lr_high_seed1,-0.35586151480674744,5.640827178955078,0.6891293525695801,-0.21479129791259766,6.838990688323975
958,-15.85616397857666,-74.81573389053345,1001,2.0342531204223633,0.001,1,a2c_lr_high_seed1,-0.3544895052909851,4.778936862945557,0.7256981730461121,-0.5938881635665894,10.270173072814941
958,-15.85616397857666,-74.81573389053345,1001,4.544254779815674,0.001,1,a2c_lr_high_seed1,0.06349804997444153,8.963014602661133,0.7506964206695557,0.3823680281639099,10.974162101745605
958,-15.85616397857666,-74.81573389053345,1001,3.0838356018066406,0.001,1,a2c_lr_high_seed1,-0.07307066023349762,6.315335750579834,0.7614778280258179,-0.19475290179252625,3.9307570457458496
958,-15.85616397857666,-74.81573389053345,1001,1.792273759841919,0.001,1,a2c_lr_high_seed1,0.307253897190094,2.971482038497925,0.721251368522644,0.37118300795555115,6.3427019119262695
958,-15.85616397857666,-74.81573389053345,1001,4.3262410163879395,0.001,1,a2c_lr_high_seed1,-0.12060677260160446,8.895190238952637,0.7473967671394348,-0.06679679453372955,4.807709693908691
960,-105.0998306274414,-73.95232358455658,1001,6.449240684509277,0.001,1,a2c_lr_high_seed1,0.333341509103775,12.23310375213623,0.6530041694641113,0.6998280882835388,7.5497260093688965
961,-62.79942321777344,-73.99126622676849,1001,4.565221786499023,0.001,1,a2c_lr_high_seed1,-0.2082713544368744,9.548334121704102,0.6738075613975525,0.02555665373802185,3.8694770336151123
962,-92.22305297851562,-74.41454778194428,1001,10.581877708435059,0.001,1,a2c_lr_high_seed1,1.299630880355835,18.565919876098633,0.7129896879196167,2.2390737533569336,34.0551872253418
962,-92.22305297851562,-74.41454778194428,1001,3.215590000152588,0.001,1,a2c_lr_high_seed1,-0.07142578810453415,6.575429916381836,0.6992717385292053,0.02890123426914215,5.430671215057373
962,-92.22305297851562,-74.41454778194428,1001,1.899092197418213,0.001,1,a2c_lr_high_seed1,-0.343366414308548,4.486349105834961,0.7159168720245361,-0.20362091064453125,5.7074294090271
964,-31.569602966308594,-74.63716840267182,1001,11.138147354125977,0.001,1,a2c_lr_high_seed1,0.6445213556289673,20.98856544494629,0.6569507122039795,0.8060147166252136,15.500649452209473
964,-31.569602966308594,-74.63716840267182,1001,6.582676887512207,0.001,1,a2c_lr_high_seed1,0.27051669359207153,12.625673294067383,0.6764618158340454,1.0755163431167603,10.908951759338379
964,-31.569602966308594,-74.63716840267182,1001,2.6545205116271973,0.001,1,a2c_lr_high_seed1,-0.9691261053085327,7.248612403869629,0.6595657467842102,-1.2168940305709839,22.305465698242188
964,-31.569602966308594,-74.63716840267182,1001,2.3515825271606445,0.001,1,a2c_lr_high_seed1,-0.4231829345226288,5.550896167755127,0.6825374364852905,-0.10745307803153992,4.80277681350708
964,-31.569602966308594,-74.63716840267182,1001,3.1496284008026123,0.001,1,a2c_lr_high_seed1,0.1341782808303833,6.03228759765625,0.6935093402862549,0.1812596321105957,6.064039707183838
964,-31.569602966308594,-74.63716840267182,1001,2.6663200855255127,0.001,1,a2c_lr_high_seed1,-0.7279185056686401,6.7898478507995605,0.6853646039962769,-0.7326381206512451,15.063139915466309
964,-31.569602966308594,-74.63716840267182,1001,1.8061566352844238,0.001,1,a2c_lr_high_seed1,-0.32601016759872437,4.2657036781311035,0.6850017309188843,-0.2297513782978058,6.032558917999268
964,-31.569602966308594,-74.63716840267182,1001,2.086338996887207,0.001,1,a2c_lr_high_seed1,-0.26208800077438354,4.698295593261719,0.7207536101341248,-0.43231111764907837,8.758445739746094
964,-31.569602966308594,-74.63716840267182,1001,3.017885446548462,0.001,1,a2c_lr_high_seed1,-0.18806913495063782,6.413344860076904,0.7178858518600464,-0.20635059475898743,6.54646635055542
964,-31.569602966308594,-74.63716840267182,1001,1.5304348468780518,0.001,1,a2c_lr_high_seed1,-0.4183056354522705,3.8988637924194336,0.691355288028717,-0.42104196548461914,8.81180191040039
965,-85.71028900146484,-75.01080533504486,1001,6.864335060119629,0.001,1,a2c_lr_high_seed1,0.7762184143066406,12.17752456665039,0.6454190611839294,1.1103119850158691,16.414993286132812
965,-85.71028900146484,-75.01080533504486,1001,1.965171456336975,0.001,1,a2c_lr_high_seed1,0.2399231195449829,3.4519126415252686,0.7079570293426514,0.5735520720481873,10.643305778503418
965,-85.71028900146484,-75.01080533504486,1001,0.949028730392456,0.001,1,a2c_lr_high_seed1,-0.44469666481018066,2.788835287094116,0.6922196745872498,-0.45130541920661926,8.488900184631348
965,-85.71028900146484,-75.01080533504486,1001,2.729144334793091,0.001,1,a2c_lr_high_seed1,0.22843709588050842,5.002867698669434,0.7267429232597351,0.4381253123283386,8.183770179748535
965,-85.71028900146484,-75.01080533504486,1001,1.192284345626831,0.001,1,a2c_lr_high_seed1,-0.3337107300758362,3.0535359382629395,0.7729628086090088,-0.040001798421144485,2.8615546226501465
965,-85.71028900146484,-75.01080533504486,1001,1.3133906126022339,0.001,1,a2c_lr_high_seed1,-0.26330775022506714,3.154843807220459,0.723514974117279,-0.275295615196228,5.59729528427124
965,-85.71028900146484,-75.01080533504486,1001,2.4327101707458496,0.001,1,a2c_lr_high_seed1,-0.662457287311554,6.191802024841309,0.733546793460846,-0.655606210231781,12.181290626525879
965,-85.71028900146484,-75.01080533504486,1001,3.8206162452697754,0.001,1,a2c_lr_high_seed1,-0.1815216839313507,8.005719184875488,0.7218108773231506,-0.0163537859916687,5.250448226928711
965,-85.71028900146484,-75.01080533504486,1001,1.2630319595336914,0.001,1,a2c_lr_high_seed1,-0.44874298572540283,3.425051689147949,0.7508419156074524,-0.34380367398262024,7.244736671447754
966,-37.28129577636719,-73.76140164852143,1001,4.401650428771973,0.001,1,a2c_lr_high_seed1,-0.059394337236881256,8.923517227172852,0.71400386095047,0.0921984389424324,4.945316314697266
966,-37.28129577636719,-73.76140164852143,1001,10.570804595947266,0.001,1,a2c_lr_high_seed1,0.010391905903816223,21.122182846069336,0.6786907911300659,1.107279896736145,6.660349369049072
966,-37.28129577636719,-73.76140164852143,1001,2.4886960983276367,0.001,1,a2c_lr_high_seed1,-0.009793341159820557,4.9984564781188965,0.738930881023407,0.18482759594917297,3.784909963607788
966,-37.28129577636719,-73.76140164852143,1001,3.458076000213623,0.001,1,a2c_lr_high_seed1,0.2669874429702759,6.383546829223633,0.6848497986793518,0.7508448362350464,12.219061851501465
966,-37.28129577636719,-73.76140164852143,1001,2.474682569503784,0.001,1,a2c_lr_high_seed1,-0.09760309755802155,5.146063804626465,0.7462542057037354,0.1561378687620163,5.75130033493042
966,-37.28129577636719,-73.76140164852143,1001,1.5467476844787598,0.001,1,a2c_lr_high_seed1,-0.015722325071692467,3.126392364501953,0.7262518405914307,0.23247432708740234,3.9235942363739014
966,-37.28129577636719,-73.76140164852143,1001,2.3281614780426025,0.001,1,a2c_lr_high_seed1,-0.4982311427593231,5.654217720031738,0.7161872386932373,-0.15665659308433533,4.2136125564575195
968,-79.37047576904297,-70.70549634456634,1001,26.760501861572266,0.001,1,a2c_lr_high_seed1,0.997514009475708,51.52737808227539,0.7010849118232727,2.097571849822998,41.491737365722656
969,-34.8531379699707,-69.82977437496186,1001,7.444765567779541,0.001,1,a2c_lr_high_seed1,-0.049503445625305176,14.989896774291992,0.6794090270996094,-0.1735246777534485,9.105650901794434
970,-69.16297149658203,-69.51986058712005,1001,8.283312797546387,0.001,1,a2c_lr_high_seed1,0.8352288603782654,14.897600173950195,0.7162609100341797,1.6481752395629883,24.98347282409668
970,-69.16297149658203,-69.51986058712005,1001,8.182616233825684,0.001,1,a2c_lr_high_seed1,0.9692835807800293,14.427778244018555,0.5558777451515198,1.424538493156433,23.652074813842773
970,-69.16297149658203,-69.51986058712005,1001,4.524413585662842,0.001,1,a2c_lr_high_seed1,0.970398485660553,7.109292030334473,0.6306278705596924,1.6113550662994385,27.336118698120117
970,-69.16297149658203,-69.51986058712005,1001,3.6888535022735596,0.001,1,a2c_lr_high_seed1,0.6529349088668823,6.073224067687988,0.6935864686965942,1.26711106300354,22.77284049987793
972,-24.489643096923828,-67.64575032711029,1001,9.452776908874512,0.001,1,a2c_lr_high_seed1,0.4731988310813904,17.96047592163086,0.659742534160614,1.3869671821594238,15.650715827941895
972,-24.489643096923828,-67.64575032711029,1001,3.9533042907714844,0.001,1,a2c_lr_high_seed1,0.4242662787437439,7.059454917907715,0.6896196603775024,0.7403318881988525,15.623513221740723
972,-24.489643096923828,-67.64575032711029,1001,2.936549186706543,0.001,1,a2c_lr_high_seed1,0.5496284365653992,4.775214195251465,0.6863400340080261,1.004939079284668,19.03232765197754
972,-24.489643096923828,-67.64575032711029,1001,1.3768091201782227,0.001,1,a2c_lr_high_seed1,-0.5780925154685974,3.911241054534912,0.7187943458557129,-0.6060246825218201,11.171600341796875
972,-24.489643096923828,-67.64575032711029,1001,1.7388345003128052,0.001,1,a2c_lr_high_seed1,-0.6106300354003906,4.700305461883545,0.6882157921791077,-0.5331439971923828,10.013802528381348
972,-24.489643096923828,-67.64575032711029,1001,1.8828778266906738,0.001,1,a2c_lr_high_seed1,-0.17254319787025452,4.1122541427612305,0.7061007022857666,0.1040089875459671,4.3847856521606445
973,-76.5335922241211,-67.64936192989349,383,93.75713348388672,0.001,1,a2c_lr_high_seed1,-2.7809972763061523,193.07760620117188,0.6699358224868774,-2.4515435695648193,57.49482345581055
973,-76.5335922241211,-67.64936192989349,383,2.0461130142211914,0.001,1,a2c_lr_high_seed1,-0.9128042459487915,5.919220447540283,0.6928598880767822,-1.1615949869155884,18.440692901611328
973,-76.5335922241211,-67.64936192989349,383,2.308947801589966,0.001,1,a2c_lr_high_seed1,0.05226676166057587,4.514778137207031,0.7080065608024597,0.3675902187824249,6.790836811065674
974,-68.5694351196289,-68.1985739660263,1001,6.441221714019775,0.001,1,a2c_lr_high_seed1,0.2204880565404892,12.442779541015625,0.6563653945922852,0.7561853528022766,8.453161239624023
974,-68.5694351196289,-68.1985739660263,1001,3.407559394836426,0.001,1,a2c_lr_high_seed1,0.10104275494813919,6.6143341064453125,0.6503599286079407,0.3840544521808624,7.509267330169678
974,-68.5694351196289,-68.1985739660263,1001,0.937771201133728,0.001,1,a2c_lr_high_seed1,-0.17399585247039795,2.2248806953430176,0.673305332660675,-0.0028360188007354736,2.119234323501587
974,-68.5694351196289,-68.1985739660263,1001,5.190715312957764,0.001,1,a2c_lr_high_seed1,-0.3818369507789612,11.146566390991211,0.7307895421981812,-0.2082156091928482,8.822610855102539
974,-68.5694351196289,-68.1985739660263,1001,0.8969919085502625,0.001,1,a2c_lr_high_seed1,-0.5227903127670288,2.840954542160034,0.6950224041938782,-0.43720322847366333,8.469612121582031
974,-68.5694351196289,-68.1985739660263,1001,1.7612922191619873,0.001,1,a2c_lr_high_seed1,-0.3580530881881714,4.240081787109375,0.6956015825271606,-0.11698974668979645,3.3480865955352783
974,-68.5694351196289,-68.1985739660263,1001,0.7551595568656921,0.001,1,a2c_lr_high_seed1,-0.40760087966918945,2.326918125152588,0.6986507773399353,-0.32631000876426697,5.778281211853027
974,-68.5694351196289,-68.1985739660263,1001,1.3773993253707886,0.001,1,a2c_lr_high_seed1,-0.5198882818222046,3.796013593673706,0.7191706895828247,-0.47198644280433655,8.351776123046875
974,-68.5694351196289,-68.1985739660263,1001,2.1670010089874268,0.001,1,a2c_lr_high_seed1,-0.41264691948890686,5.160691738128662,0.6979478597640991,-0.4735254645347595,8.669886589050293
974,-68.5694351196289,-68.1985739660263,1001,3.338191270828247,0.001,1,a2c_lr_high_seed1,-0.5455502271652222,7.768921375274658,0.7193881869316101,-0.5649281144142151,9.590901374816895
975,-46.81508255004883,-68.05170476436615,1001,7.6368088722229,0.001,1,a2c_lr_high_seed1,0.2442682981491089,14.786307334899902,0.6131210327148438,0.22709931433200836,7.834455966949463
975,-46.81508255004883,-68.05170476436615,1001,11.322954177856445,0.001,1,a2c_lr_high_seed1,0.5953970551490784,21.45655632019043,0.7213843464851379,1.2736446857452393,16.716384887695312
975,-46.81508255004883,-68.05170476436615,1001,3.0651299953460693,0.001,1,a2c_lr_high_seed1,-0.015117000788450241,6.161943435668945,0.7247985601425171,0.48057329654693604,8.641698837280273
975,-46.81508255004883,-68.05170476436615,1001,2.621936321258545,0.001,1,a2c_lr_high_seed1,0.19942663609981537,4.84645414352417,0.7174886465072632,0.28097137808799744,5.700008869171143
975,-46.81508255004883,-68.05170476436615,1001,2.111631155014038,0.001,1,a2c_lr_high_seed1,0.18134748935699463,3.8619956970214844,0.7140458822250366,0.6665934324264526,11.35220718383789
975,-46.81508255004883,-68.05170476436615,1001,1.2039071321487427,0.001,1,a2c_lr_high_seed1,-0.938691258430481,4.286491870880127,0.6475458741188049,-1.0567400455474854,18.928911209106445
976,-53.58935546875,-68.0231567144394,1001,7.6602396965026855,0.001,1,a2c_lr_high_seed1,-0.16331708431243896,15.648473739624023,0.6797540783882141,0.27821123600006104,6.346330165863037
977,-57.256900787353516,-67.19806249141693,1001,12.607329368591309,0.001,1,a2c_lr_high_seed1,0.33370423316955566,24.548564910888672,0.6567753553390503,0.4618121385574341,17.854211807250977
977,-57.256900787353516,-67.19806249141693,1001,7.8093180656433105,0.001,1,a2c_lr_high_seed1,-0.1569053828716278,15.933831214904785,0.6923221349716187,-0.03382444381713867,14.480032920837402
978,-84.88143920898438,-67.48991460323333,1001,10.543676376342773,0.001,1,a2c_lr_high_seed1,1.011013150215149,19.066696166992188,0.6845363974571228,1.6754417419433594,29.08347511291504
978,-84.88143920898438,-67.48991460323333,1001,3.000049591064453,0.001,1,a2c_lr_high_seed1,0.07727397233247757,5.846885681152344,0.6673893332481384,0.011527597904205322,6.8734025955200195
978,-84.88143920898438,-67.48991460323333,1001,5.0088934898376465,0.001,1,a2c_lr_high_seed1,0.9728281497955322,8.073495864868164,0.6822477579116821,1.293487310409546,17.341386795043945
980,-48.96306610107422,-63.228797812461856,1001,11.295490264892578,0.001,1,a2c_lr_high_seed1,0.07621537894010544,22.439781188964844,0.6161258816719055,0.8931304812431335,11.077068328857422
980,-48.96306610107422,-63.228797812461856,1001,4.436556339263916,0.001,1,a2c_lr_high_seed1,0.5473867654800415,7.779764175415039,0.712224006652832,1.0830219984054565,20.42470932006836
980,-48.96306610107422,-63.228797812461856,1001,3.187610149383545,0.001,1,a2c_lr_high_seed1,0.3394421339035034,5.697619915008545,0.6417356133460999,0.5421059131622314,7.327510833740234
980,-48.96306610107422,-63.228797812461856,1001,1.7871453762054443,0.001,1,a2c_lr_high_seed1,-0.3988223373889923,4.373355865478516,0.7102782726287842,-0.36935657262802124,7.3531670570373535
980,-48.96306610107422,-63.228797812461856,1001,2.7861077785491943,0.001,1,a2c_lr_high_seed1,-0.8905289769172668,7.354572296142578,0.649402379989624,-1.2011754512786865,23.87439727783203
980,-48.96306610107422,-63.228797812461856,1001,3.6517257690429688,0.001,1,a2c_lr_high_seed1,-0.013903200626373291,7.332649230957031,0.6956106424331665,0.31662869453430176,11.258553504943848
981,-76.01985931396484,-63.85031903743744,1001,6.234063625335693,0.001,1,a2c_lr_high_seed1,0.30667245388031006,11.856141090393066,0.6795135736465454,0.5971666574478149,9.851425170898438
981,-76.01985931396484,-63.85031903743744,1001,3.2382144927978516,0.001,1,a2c_lr_high_seed1,-0.8554054498672485,8.188543319702148,0.6518361568450928,-0.9321091175079346,22.17101287841797
981,-76.01985931396484,-63.85031903743744,1001,1.955733060836792,0.001,1,a2c_lr_high_seed1,-0.20882904529571533,4.3304901123046875,0.6829866170883179,-0.3850041627883911,7.18257999420166
982,-28.771236419677734,-63.69822209835053,1001,6.303910255432129,0.001,1,a2c_lr_high_seed1,0.029115110635757446,12.55093002319336,0.6698485612869263,0.29148346185684204,8.918842315673828
982,-28.771236419677734,-63.69822209835053,1001,2.979463577270508,0.001,1,a2c_lr_high_seed1,0.16803202033042908,5.624208450317383,0.6726710796356201,0.371587872505188,8.83586597442627
983,-92.07008361816406,-61.39523473262787,360,113.78997039794922,0.001,1,a2c_lr_high_seed1,-3.5670487880706787,234.7154541015625,0.7095344066619873,-4.158241271972656,88.8711166381836
983,-92.07008361816406,-61.39523473262787,360,4.281970024108887,0.001,1,a2c_lr_high_seed1,-0.726281464099884,10.017866134643555,0.681210994720459,-0.9822974801063538,20.469650268554688
983,-92.07008361816406,-61.39523473262787,360,4.316811561584473,0.001,1,a2c_lr_high_seed1,-0.363789826631546,9.362652778625488,0.7249088883399963,-0.5061168670654297,12.519157409667969
983,-92.07008361816406,-61.39523473262787,360,3.7355616092681885,0.001,1,a2c_lr_high_seed1,0.28564026951789856,6.901233196258545,0.6951103806495667,0.13394948840141296,8.474884033203125
984,-141.6905059814453,-62.98209958553314,630,92.84046936035156,0.001,1,a2c_lr_high_seed1,-2.8380894660949707,191.35842895507812,0.654279887676239,-3.0769050121307373,63.87831497192383
984,-141.6905059814453,-62.98209958553314,630,4.595526218414307,0.001,1,a2c_lr_high_seed1,-0.6332480311393738,10.45889663696289,0.6743556261062622,-1.0405261516571045,24.83147621154785
984,-141.6905059814453,-62.98209958553314,630,7.076717376708984,0.001,1,a2c_lr_high_seed1,0.5525822639465332,13.049625396728516,0.6774519681930542,1.2599852085113525,12.693400382995605
984,-141.6905059814453,-62.98209958553314,630,2.3621606826782227,0.001,1,a2c_lr_high_seed1,-0.17311391234397888,5.071990966796875,0.7209653854370117,0.007402181625366211,5.43356466293335
985,-34.737606048583984,-62.03105077266693,1001,6.408153057098389,0.001,1,a2c_lr_high_seed1,0.24300988018512726,12.331734657287598,0.724256157875061,0.678063154220581,8.263208389282227
985,-34.737606048583984,-62.03105077266693,1001,4.5242838859558105,0.001,1,a2c_lr_high_seed1,-0.6117133498191833,10.273314476013184,0.6598759293556213,-1.0406944751739502,17.434377670288086
986,-76.36154174804688,-65.35997075557708,302,20.52655029296875,0.001,1,a2c_lr_high_seed1,-0.24475955963134766,41.54402160644531,0.7026675343513489,0.06044605374336243,10.467827796936035
986,-76.36154174804688,-65.35997075557708,302,5.184035778045654,0.001,1,a2c_lr_high_seed1,0.1682819277048111,10.032928466796875,0.7102911472320557,0.8095920085906982,19.113969802856445
986,-76.36154174804688,-65.35997075557708,302,2.0623226165771484,0.001,1,a2c_lr_high_seed1,-0.20145177841186523,4.528965950012207,0.7085333466529846,0.12009428441524506,5.042550563812256
986,-76.36154174804688,-65.35997075557708,302,1.749923825263977,0.001,1,a2c_lr_high_seed1,0.07406000792980194,3.3531644344329834,0.7183836102485657,0.38153886795043945,5.858036041259766
986,-76.36154174804688,-65.35997075557708,302,2.7376983165740967,0.001,1,a2c_lr_high_seed1,-0.3807671368122101,6.238330364227295,0.6997600793838501,-0.2220211923122406,10.34007740020752
987,-22.37212371826172,-62.125416769981385,1001,6.562709808349609,0.001,1,a2c_lr_high_seed1,-0.09917336702346802,13.325220108032227,0.7269147634506226,0.4848949909210205,11.812350273132324
987,-22.37212371826172,-62.125416769981385,1001,2.713068723678589,0.001,1,a2c_lr_high_seed1,-0.35512664914131165,6.137794494628906,0.7018380165100098,0.01844930648803711,4.553374767303467
988,-52.95759582519531,-62.55097905635834,1001,8.409510612487793,0.001,1,a2c_lr_high_seed1,0.41863390803337097,15.983119010925293,0.6832219958305359,0.599376380443573,8.475140571594238
989,-230.5032196044922,-65.18992406368255,942,137.14138793945312,0.001,1,a2c_lr_high_seed1,-0.20453721284866333,274.693115234375,0.6203234195709229,-4.3519487380981445,120.07967376708984
989,-230.5032196044922,-65.18992406368255,942,5.703344345092773,0.001,1,a2c_lr_high_seed1,-0.3203238844871521,12.048714637756348,0.6891387701034546,-0.104291170835495,13.178433418273926
989,-230.5032196044922,-65.18992406368255,942,3.111525297164917,0.001,1,a2c_lr_high_seed1,0.18873006105422974,5.847014904022217,0.7122624516487122,0.44485634565353394,8.128403663635254
989,-230.5032196044922,-65.18992406368255,942,3.8235912322998047,0.001,1,a2c_lr_high_seed1,-0.3257681131362915,8.300149917602539,0.7158064842224121,-0.3721339702606201,9.151905059814453
989,-230.5032196044922,-65.18992406368255,942,2.0336320400238037,0.001,1,a2c_lr_high_seed1,-0.4942329525947571,5.0571794509887695,0.7248198986053467,-0.7534281015396118,16.203359603881836
989,-230.5032196044922,-65.18992406368255,942,2.3517885208129883,0.001,1,a2c_lr_high_seed1,0.05436180531978607,4.59627103805542,0.7087680101394653,0.2341703474521637,6.981540203094482
989,-230.5032196044922,-65.18992406368255,942,2.4441745281219482,0.001,1,a2c_lr_high_seed1,-0.7014371156692505,6.29263973236084,0.7083068490028381,-1.063016653060913,18.418128967285156
989,-230.5032196044922,-65.18992406368255,942,3.3233962059020996,0.001,1,a2c_lr_high_seed1,-0.14173558354377747,6.931640148162842,0.6882598400115967,-0.1885615885257721,10.466318130493164
990,-85.59322357177734,-65.6011098241806,1001,10.667675971984863,0.001,1,a2c_lr_high_seed1,0.780163049697876,19.776399612426758,0.6862404346466064,0.43746837973594666,12.130082130432129
990,-85.59322357177734,-65.6011098241806,1001,5.683401584625244,0.001,1,a2c_lr_high_seed1,0.08522769808769226,11.197669982910156,0.6607387661933899,0.37764716148376465,10.247825622558594
990,-85.59322357177734,-65.6011098241806,1001,3.897749185562134,0.001,1,a2c_lr_high_seed1,-0.23184138536453247,8.260536193847656,0.6776283383369446,-0.2978441119194031,13.75179672241211
990,-85.59322357177734,-65.6011098241806,1001,2.3389909267425537,0.001,1,a2c_lr_high_seed1,-1.2653131484985352,7.2099833488464355,0.6875854134559631,-1.6028691530227661,29.80854606628418
991,-64.57041931152344,-63.67765676021576,1001,8.108616828918457,0.001,1,a2c_lr_high_seed1,-0.42956000566482544,17.077648162841797,0.6479690074920654,-0.6874532699584961,16.16386604309082
991,-64.57041931152344,-63.67765676021576,1001,3.6951310634613037,0.001,1,a2c_lr_high_seed1,-0.8018630743026733,8.995353698730469,0.6826508641242981,-0.8974072337150574,20.697826385498047
991,-64.57041931152344,-63.67765676021576,1001,3.086613416671753,0.001,1,a2c_lr_high_seed1,-0.26157084107398987,6.697744369506836,0.6878295540809631,-0.4970596432685852,10.707858085632324
991,-64.57041931152344,-63.67765676021576,1001,1.944823145866394,0.001,1,a2c_lr_high_seed1,-0.037691112607717514,3.9663658142089844,0.6686147451400757,-0.02016003057360649,4.515631198883057
991,-64.57041931152344,-63.67765676021576,1001,3.7588632106781006,0.001,1,a2c_lr_high_seed1,-0.5358849167823792,8.590801239013672,0.6526042819023132,-0.7842972278594971,17.414339065551758
992,-57.16397476196289,-63.549829535484314,1001,4.981045722961426,0.001,1,a2c_lr_high_seed1,0.3205982744693756,9.322270393371582,0.6875293254852295,0.4765205383300781,8.128314018249512
992,-57.16397476196289,-63.549829535484314,1001,1.853888988494873,0.001,1,a2c_lr_high_seed1,-0.9738824367523193,5.656834125518799,0.6456429958343506,-1.0830273628234863,20.6300048828125
992,-57.16397476196289,-63.549829535484314,1001,3.457847833633423,0.001,1,a2c_lr_high_seed1,-0.6958781480789185,8.308736801147461,0.642474889755249,-1.3747107982635498,28.86324119567871
992,-57.16397476196289,-63.549829535484314,1001,2.7379281520843506,0.001,1,a2c_lr_high_seed1,0.17999650537967682,5.117299556732178,0.7181175947189331,0.25191789865493774,7.4364237785339355
993,-27.505203247070312,-63.86648219585419,1001,6.161553382873535,0.001,1,a2c_lr_high_seed1,0.028522998094558716,12.267345428466797,0.6425285935401917,0.05619668960571289,3.869237184524536
993,-27.505203247070312,-63.86648219585419,1001,4.347835540771484,0.001,1,a2c_lr_high_seed1,-0.20014722645282745,9.097192764282227,0.6138643622398376,-0.2781672179698944,6.617262363433838
994,-115.00698852539062,-65.16250529766083,1001,6.565830230712891,0.001,1,a2c_lr_high_seed1,-0.8506590723991394,14.834249496459961,0.6357188820838928,-0.5357499718666077,19.786052703857422
994,-115.00698852539062,-65.16250529766083,1001,1.4520900249481201,0.001,1,a2c_lr_high_seed1,-0.8973681926727295,4.700293064117432,0.6883417963981628,-1.10810124874115,21.73606300354004
994,-115.00698852539062,-65.16250529766083,1001,1.9587888717651367,0.001,1,a2c_lr_high_seed1,0.004414643160998821,3.910085916519165,0.6687283515930176,0.18118919432163239,3.2758381366729736
994,-115.00698852539062,-65.16250529766083,1001,2.0773110389709473,0.001,1,a2c_lr_high_seed1,-0.32115137577056885,4.798346042633057,0.7105200290679932,-0.4589662253856659,9.682018280029297
994,-115.00698852539062,-65.16250529766083,1001,2.345824718475342,0.001,1,a2c_lr_high_seed1,-0.6753227114677429,6.043684959411621,0.6950265169143677,-0.7911143898963928,16.56260871887207
995,-61.10420227050781,-65.75575332164765,1001,8.237749099731445,0.001,1,a2c_lr_high_seed1,0.2260895073413849,16.024616241455078,0.6483403444290161,1.0361131429672241,9.860273361206055
995,-61.10420227050781,-65.75575332164765,1001,1.81995689868927,0.001,1,a2c_lr_high_seed1,0.09003111720085144,3.461137056350708,0.6427934765815735,0.1782943606376648,4.482219219207764
996,-106.32184600830078,-66.00837569713593,1001,5.241638660430908,0.001,1,a2c_lr_high_seed1,0.3746674358844757,9.735281944274902,0.6699021458625793,0.9113577604293823,17.046558380126953
996,-106.32184600830078,-66.00837569713593,1001,0.8969831466674805,0.001,1,a2c_lr_high_seed1,-0.9661480188369751,3.7275755405426025,0.6566196084022522,-0.8837290406227112,17.377771377563477
997,-60.17289733886719,-65.85726150035858,1001,3.3008108139038086,0.001,1,a2c_lr_high_seed1,-1.0040825605392456,8.611078262329102,0.6455436944961548,-0.8685665726661682,17.47421646118164
997,-60.17289733886719,-65.85726150035858,1001,1.8888407945632935,0.001,1,a2c_lr_high_seed1,-0.015231236815452576,3.8094866275787354,0.6712921261787415,0.35672277212142944,6.4538493156433105
997,-60.17289733886719,-65.85726150035858,1001,1.0527056455612183,0.001,1,a2c_lr_high_seed1,-0.426596462726593,2.9600040912628174,0.6999254822731018,-0.38027864694595337,7.849806308746338
997,-60.17289733886719,-65.85726150035858,1001,1.8963797092437744,0.001,1,a2c_lr_high_seed1,-0.69218909740448,5.178513526916504,0.6880107522010803,-0.9326260685920715,17.978784561157227
997,-60.17289733886719,-65.85726150035858,1001,1.9642444849014282,0.001,1,a2c_lr_high_seed1,-0.7461857199668884,5.422210693359375,0.6750490665435791,-1.0824851989746094,21.916940689086914
997,-60.17289733886719,-65.85726150035858,1001,2.869380235671997,0.001,1,a2c_lr_high_seed1,0.42602086067199707,4.888060092926025,0.6705734729766846,0.6793302893638611,13.825506210327148
997,-60.17289733886719,-65.85726150035858,1001,1.5309338569641113,0.001,1,a2c_lr_high_seed1,-0.18263576924800873,3.4284627437591553,0.6616988778114319,0.06966029107570648,1.8403240442276
997,-60.17289733886719,-65.85726150035858,1001,1.3834099769592285,0.001,1,a2c_lr_high_seed1,-0.7109436392784119,4.190074920654297,0.6837573051452637,-0.8767133355140686,16.35360336303711
998,-49.900447845458984,-65.10488379955292,1001,7.9154558181762695,0.001,1,a2c_lr_high_seed1,-0.17104347050189972,16.17431640625,0.6590361595153809,0.6581956148147583,15.389132499694824
998,-49.900447845458984,-65.10488379955292,1001,1.9075251817703247,0.001,1,a2c_lr_high_seed1,-0.24360567331314087,4.303625583648682,0.6819469928741455,-0.14456933736801147,4.968695163726807
998,-49.900447845458984,-65.10488379955292,1001,1.9279584884643555,0.001,1,a2c_lr_high_seed1,-0.024967238306999207,3.907135009765625,0.6418552994728088,0.005976617336273193,3.251286029815674
999,-59.17857360839844,-65.19713950634002,1001,3.154481887817383,0.001,1,a2c_lr_high_seed1,-0.24389073252677917,6.798055648803711,0.6552630066871643,-0.0072153061628341675,4.310953140258789
999,-59.17857360839844,-65.19713950634002,1001,4.426394462585449,0.001,1,a2c_lr_high_seed1,-0.5264542102813721,9.906996726989746,0.6495867967605591,-0.7678457498550415,16.573184967041016
999,-59.17857360839844,-65.19713950634002,1001,2.2254035472869873,0.001,1,a2c_lr_high_seed1,0.3789377212524414,3.6943092346191406,0.6887309551239014,0.7246261835098267,14.57589054107666
999,-59.17857360839844,-65.19713950634002,1001,1.813691258430481,0.001,1,a2c_lr_high_seed1,0.08800008147954941,3.4526515007019043,0.6345886588096619,0.46516552567481995,9.676299095153809
999,-59.17857360839844,-65.19713950634002,1001,2.104058027267456,0.001,1,a2c_lr_high_seed1,0.03182350844144821,4.145809650421143,0.6701302528381348,0.32628095149993896,8.52988338470459
1000,-88.50143432617188,-66.67603391170502,1001,3.3402974605560303,0.001,1,a2c_lr_high_seed1,-0.4025164246559143,7.487013816833496,0.6930792331695557,-0.021070484071969986,5.910706520080566
1000,-88.50143432617188,-66.67603391170502,1001,2.5506319999694824,0.001,1,a2c_lr_high_seed1,0.011891014873981476,5.078820705413818,0.6695578694343567,0.3273884356021881,4.7278289794921875
1000,-88.50143432617188,-66.67603391170502,1001,1.9939745664596558,0.001,1,a2c_lr_high_seed1,-0.30641353130340576,4.602212905883789,0.7183705568313599,-0.3150651454925537,5.656077861785889
1000,-88.50143432617188,-66.67603391170502,1001,2.497745990753174,0.001,1,a2c_lr_high_seed1,-0.047407366335392,5.091683387756348,0.688220739364624,0.17347672581672668,4.892865180969238
1000,-88.50143432617188,-66.67603391170502,1001,2.4413135051727295,0.001,1,a2c_lr_high_seed1,-0.48841702938079834,5.860785484313965,0.6619722247123718,-0.514052152633667,8.541475296020508
1001,-66.26349639892578,-66.67779798030853,1001,8.022005081176758,0.001,1,a2c_lr_high_seed1,0.03253844380378723,15.980186462402344,0.626248836517334,0.8471431732177734,7.165971755981445
1002,-64.43389129638672,-66.95751531124115,1001,8.875245094299316,0.001,1,a2c_lr_high_seed1,0.02923119068145752,17.6933650970459,0.6683639287948608,0.6218622326850891,14.596298217773438
1002,-64.43389129638672,-66.95751531124115,1001,5.303639888763428,0.001,1,a2c_lr_high_seed1,-0.008597791194915771,10.625822067260742,0.6730561852455139,0.4148896336555481,10.63582706451416
1002,-64.43389129638672,-66.95751531124115,1001,3.3674378395080566,0.001,1,a2c_lr_high_seed1,0.3590880036354065,6.01806116104126,0.6806253790855408,0.5669657588005066,9.686982154846191
1002,-64.43389129638672,-66.95751531124115,1001,2.0051918029785156,0.001,1,a2c_lr_high_seed1,-0.7495613098144531,5.510807991027832,0.6509110927581787,-0.917603611946106,16.28521156311035
1002,-64.43389129638672,-66.95751531124115,1001,2.7562692165374756,0.001,1,a2c_lr_high_seed1,0.019216351211071014,5.475376129150391,0.6351233720779419,0.2773028612136841,5.491826057434082
1003,-43.922264099121094,-66.41196996212005,1001,7.885006427764893,0.001,1,a2c_lr_high_seed1,0.3634268045425415,15.044472694396973,0.6564303040504456,0.6237665414810181,10.984354972839355
1003,-43.922264099121094,-66.41196996212005,1001,1.425389289855957,0.001,1,a2c_lr_high_seed1,-0.3854665160179138,3.6230666637420654,0.6775543093681335,-0.23907828330993652,6.134714603424072
1003,-43.922264099121094,-66.41196996212005,1001,1.5933772325515747,0.001,1,a2c_lr_high_seed1,-0.662259578704834,4.512614727020264,0.6705645322799683,-0.9428759217262268,19.015939712524414
1004,-71.96112823486328,-66.47165700435639,1001,4.759191036224365,0.001,1,a2c_lr_high_seed1,-0.3368028402328491,10.193224906921387,0.6182706356048584,-0.16719794273376465,14.524650573730469
1005,-75.95529174804688,-66.31013188838959,1001,9.33326244354248,0.001,1,a2c_lr_high_seed1,0.48716646432876587,17.693378448486328,0.593100905418396,0.5459180474281311,12.916967391967773
1005,-75.95529174804688,-66.31013188838959,1001,8.454423904418945,0.001,1,a2c_lr_high_seed1,0.6277675628662109,15.654596328735352,0.6421878933906555,1.1384484767913818,27.136194229125977
1005,-75.95529174804688,-66.31013188838959,1001,9.062637329101562,0.001,1,a2c_lr_high_seed1,1.0663928985595703,15.993813514709473,0.6616270542144775,1.24461030960083,30.546886444091797
1005,-75.95529174804688,-66.31013188838959,1001,3.445626735687256,0.001,1,a2c_lr_high_seed1,-0.15272438526153564,7.1980719566345215,0.6847689747810364,-0.006024464964866638,8.124540328979492
1005,-75.95529174804688,-66.31013188838959,1001,1.8416732549667358,0.001,1,a2c_lr_high_seed1,-0.3004204332828522,4.285557270050049,0.6849662065505981,-0.18104833364486694,6.044586181640625
1005,-75.95529174804688,-66.31013188838959,1001,3.5076682567596436,0.001,1,a2c_lr_high_seed1,0.2576359808444977,6.5013251304626465,0.6304349303245544,0.6412402987480164,11.672584533691406
1005,-75.95529174804688,-66.31013188838959,1001,2.1962180137634277,0.001,1,a2c_lr_high_seed1,0.35970765352249146,3.6744320392608643,0.705610990524292,0.589405357837677,10.89399242401123
1005,-75.95529174804688,-66.31013188838959,1001,1.112720251083374,0.001,1,a2c_lr_high_seed1,-0.39170601963996887,3.0102040767669678,0.6758497953414917,-0.20709098875522614,5.119199275970459
1006,-66.1325454711914,-66.29572774410248,1001,4.725995063781738,0.001,1,a2c_lr_high_seed1,-0.4315159320831299,10.316319465637207,0.6484653353691101,-0.04483272135257721,7.513035297393799
1006,-66.1325454711914,-66.29572774410248,1001,2.0727176666259766,0.001,1,a2c_lr_high_seed1,-0.43323051929473877,5.013171672821045,0.6374384760856628,-0.2767200469970703,4.992194175720215
1006,-66.1325454711914,-66.29572774410248,1001,2.221724033355713,0.001,1,a2c_lr_high_seed1,0.14755341410636902,4.149688243865967,0.673632025718689,0.47832587361335754,9.006998062133789
1007,-43.1367073059082,-65.96014997005463,1001,4.666671276092529,0.001,1,a2c_lr_high_seed1,0.07840441912412643,9.177873611450195,0.6700797080993652,0.6660400629043579,12.258953094482422
1007,-43.1367073059082,-65.96014997005463,1001,2.2613980770111084,0.001,1,a2c_lr_high_seed1,0.1247873604297638,4.274598121643066,0.6883514523506165,0.40503910183906555,7.957554340362549
1007,-43.1367073059082,-65.96014997005463,1001,2.7339894771575928,0.001,1,a2c_lr_high_seed1,0.24147632718086243,4.986301898956299,0.6378045082092285,0.4598630368709564,7.556191921234131
1007,-43.1367073059082,-65.96014997005463,1001,2.1204001903533936,0.001,1,a2c_lr_high_seed1,0.10336153209209442,4.035454750061035,0.6888530850410461,0.618818998336792,12.267903327941895
1007,-43.1367073059082,-65.96014997005463,1001,4.247209072113037,0.001,1,a2c_lr_high_seed1,0.7886549830436707,6.9184746742248535,0.6834737062454224,1.15976881980896,21.148733139038086
1007,-43.1367073059082,-65.96014997005463,1001,2.690546989440918,0.001,1,a2c_lr_high_seed1,-0.9672611951828003,7.317027568817139,0.7057307362556458,-1.3212027549743652,22.302244186401367
1008,-36.034934997558594,-66.36372539043427,1001,4.963046550750732,0.001,1,a2c_lr_high_seed1,0.03511644899845123,9.857229232788086,0.6848013401031494,0.006025850772857666,9.869985580444336
1008,-36.034934997558594,-66.36372539043427,1001,3.2577450275421143,0.001,1,a2c_lr_high_seed1,0.5468580722808838,5.423192977905273,0.7094811201095581,0.8597320318222046,14.065067291259766
1008,-36.034934997558594,-66.36372539043427,1001,1.6920884847640991,0.001,1,a2c_lr_high_seed1,0.11438179016113281,3.156745672225952,0.6660884022712708,0.3304729461669922,4.884331226348877
1008,-36.034934997558594,-66.36372539043427,1001,1.757906198501587,0.001,1,a2c_lr_high_seed1,-0.1276322305202484,3.7724337577819824,0.6784431338310242,0.2900441586971283,11.727607727050781
1009,-52.11508560180664,-67.38655822753907,1001,5.748492240905762,0.001,1,a2c_lr_high_seed1,0.2740796208381653,10.950160026550293,0.6673710942268372,1.141798734664917,18.689022064208984
1010,-22.76410675048828,-65.73984375,1001,3.4682555198669434,0.001,1,a2c_lr_high_seed1,0.11782070994377136,6.702179908752441,0.6552383899688721,0.7314966917037964,10.034229278564453
1010,-22.76410675048828,-65.73984375,1001,4.177281856536865,0.001,1,a2c_lr_high_seed1,0.4973854124546051,7.361204624176025,0.705876350402832,0.9939589500427246,16.008508682250977
1010,-22.76410675048828,-65.73984375,1001,5.494622230529785,0.001,1,a2c_lr_high_seed1,0.25117650628089905,10.488241195678711,0.6747801303863525,0.7796263098716736,14.68520736694336
1010,-22.76410675048828,-65.73984375,1001,4.096118927001953,0.001,1,a2c_lr_high_seed1,0.2806507349014282,7.6323089599609375,0.6859571933746338,0.6069905757904053,7.8391618728637695
1010,-22.76410675048828,-65.73984375,1001,1.765273094177246,0.001,1,a2c_lr_high_seed1,-0.6881681084632874,4.908345699310303,0.7317629456520081,-0.6742027997970581,11.64188003540039
1011,-68.2750473022461,-65.84935623168946,1001,6.968086242675781,0.001,1,a2c_lr_high_seed1,0.603363573551178,12.730877876281738,0.7163915634155273,1.1225051879882812,18.17080307006836
1011,-68.2750473022461,-65.84935623168946,1001,1.2511919736862183,0.001,1,a2c_lr_high_seed1,-0.5525657534599304,3.60884428024292,0.6643993854522705,-0.39476531744003296,7.539327621459961
1011,-68.2750473022461,-65.84935623168946,1001,3.315192937850952,0.001,1,a2c_lr_high_seed1,0.44602441787719727,5.739724159240723,0.6936608552932739,1.0830423831939697,17.550559997558594
1012,-29.682344436645508,-64.59854206085205,1001,8.12844181060791,0.001,1,a2c_lr_high_seed1,0.41020452976226807,15.437817573547363,0.6715619564056396,0.8512099981307983,13.839406967163086
1013,4.638081073760986,-63.1204375743866,1001,6.862824440002441,0.001,1,a2c_lr_high_seed1,0.42630037665367126,12.874363899230957,0.658118486404419,0.8932448029518127,11.297513008117676
1013,4.638081073760986,-63.1204375743866,1001,3.0324716567993164,0.001,1,a2c_lr_high_seed1,-0.004939183592796326,6.0760674476623535,0.6230158805847168,0.057601988315582275,4.506612300872803
1013,4.638081073760986,-63.1204375743866,1001,3.192147970199585,0.001,1,a2c_lr_high_seed1,-0.31155070662498474,7.0087738037109375,0.6882296800613403,-0.20117968320846558,8.05551528930664
1013,4.638081073760986,-63.1204375743866,1001,5.947301864624023,0.001,1,a2c_lr_high_seed1,-0.9094049334526062,13.714853286743164,0.7202235460281372,-1.4827897548675537,27.67050552368164
1013,4.638081073760986,-63.1204375743866,1001,4.228605270385742,0.001,1,a2c_lr_high_seed1,0.427581250667572,7.603414535522461,0.6831740736961365,0.6475628614425659,11.589799880981445
1013,4.638081073760986,-63.1204375743866,1001,1.3185087442398071,0.001,1,a2c_lr_high_seed1,-0.5858588218688965,3.810120105743408,0.6924516558647156,-0.701197624206543,12.36959171295166
1013,4.638081073760986,-63.1204375743866,1001,1.7108807563781738,0.001,1,a2c_lr_high_seed1,0.0982179343700409,3.226665496826172,0.6700137257575989,0.2892611026763916,5.738347053527832
1013,4.638081073760986,-63.1204375743866,1001,1.15757417678833,0.001,1,a2c_lr_high_seed1,-0.4607822299003601,3.238142251968384,0.7147943377494812,-0.5017320513725281,8.040136337280273
1015,-41.70823669433594,-63.9661634349823,1001,71.06954193115234,0.001,1,a2c_lr_high_seed1,0.7967811822891235,140.54676818847656,0.6247848868370056,-0.033593129366636276,18.02594566345215
1015,-41.70823669433594,-63.9661634349823,1001,4.698189735412598,0.001,1,a2c_lr_high_seed1,-0.7621893882751465,10.922080993652344,0.6611593961715698,-0.7280240654945374,18.256610870361328
1015,-41.70823669433594,-63.9661634349823,1001,2.2097434997558594,0.001,1,a2c_lr_high_seed1,-0.12267939746379852,4.6662092208862305,0.6815752983093262,-0.06093238666653633,3.8454442024230957
1015,-41.70823669433594,-63.9661634349823,1001,1.2374610900878906,0.001,1,a2c_lr_high_seed1,-0.2071416974067688,2.890631914138794,0.7131614685058594,-0.09559570252895355,2.581613063812256
1016,-5.940335750579834,-63.33934423446655,1001,3.2828023433685303,0.001,1,a2c_lr_high_seed1,-0.4765402674674988,7.5200066566467285,0.6607526540756226,-0.5088176727294922,6.255361557006836
1016,-5.940335750579834,-63.33934423446655,1001,1.7883355617523193,0.001,1,a2c_lr_high_seed1,0.11688318103551865,3.3442225456237793,0.6588226556777954,0.13070014119148254,3.439164638519287
1016,-5.940335750579834,-63.33934423446655,1001,1.805629014968872,0.001,1,a2c_lr_high_seed1,-0.5493435859680176,4.711332321166992,0.6935790181159973,-0.6649341583251953,12.213642120361328
1016,-5.940335750579834,-63.33934423446655,1001,1.574549913406372,0.001,1,a2c_lr_high_seed1,-0.4778416156768799,4.106075763702393,0.6463423371315002,-0.43017852306365967,8.274576187133789
1016,-5.940335750579834,-63.33934423446655,1001,2.3456597328186035,0.001,1,a2c_lr_high_seed1,-0.5832723379135132,5.8591766357421875,0.6562125086784363,-0.7234783172607422,11.956100463867188
1017,-54.421531677246094,-63.593045711517334,1001,11.376078605651855,0.001,1,a2c_lr_high_seed1,0.9090425968170166,20.935373306274414,0.6500062942504883,1.5976241827011108,27.82602882385254
1017,-54.421531677246094,-63.593045711517334,1001,2.16524076461792,0.001,1,a2c_lr_high_seed1,0.0747532919049263,4.18232536315918,0.6750867962837219,0.3058202862739563,2.8750858306884766
1017,-54.421531677246094,-63.593045711517334,1001,3.533034086227417,0.001,1,a2c_lr_high_seed1,-0.07146645337343216,7.210296630859375,0.6476766467094421,0.24495767056941986,7.5557708740234375
1017,-54.421531677246094,-63.593045711517334,1001,1.5021042823791504,0.001,1,a2c_lr_high_seed1,-0.8768634796142578,4.759387493133545,0.7259839177131653,-1.2185925245285034,18.711238861083984
1017,-54.421531677246094,-63.593045711517334,1001,2.162619113922119,0.001,1,a2c_lr_high_seed1,-0.38568902015686035,5.098027229309082,0.7054800987243652,-0.5434638261795044,15.029183387756348
1017,-54.421531677246094,-63.593045711517334,1001,2.515766143798828,0.001,1,a2c_lr_high_seed1,-0.0013847751542925835,5.0357513427734375,0.7247122526168823,-0.07452886551618576,6.175953388214111
1018,-31.840421676635742,-62.64244462966919,1001,9.641877174377441,0.001,1,a2c_lr_high_seed1,0.645983099937439,17.993175506591797,0.6936612129211426,1.3293497562408447,26.46001625061035
1018,-31.840421676635742,-62.64244462966919,1001,1.7406024932861328,0.001,1,a2c_lr_high_seed1,-0.4748385548591614,4.4323039054870605,0.7109920382499695,-0.30139321088790894,6.244189262390137
1018,-31.840421676635742,-62.64244462966919,1001,3.5352659225463867,0.001,1,a2c_lr_high_seed1,-0.051722392439842224,7.175378799438477,0.7012401223182678,0.05207955837249756,9.437664031982422
1018,-31.840421676635742,-62.64244462966919,1001,1.7947258949279785,0.001,1,a2c_lr_high_seed1,-0.7446043491363525,5.0800371170043945,0.688327968120575,-1.0200698375701904,17.718461990356445
1018,-31.840421676635742,-62.64244462966919,1001,2.7033660411834717,0.001,1,a2c_lr_high_seed1,-0.09355934709310532,5.595216751098633,0.6830225586891174,-0.12601591646671295,4.031488418579102
1019,-61.13549041748047,-63.16809167861938,1001,8.500530242919922,0.001,1,a2c_lr_high_seed1,-0.07244314253330231,17.147151947021484,0.6023048758506775,0.46439921855926514,8.660021781921387
1019,-61.13549041748047,-63.16809167861938,1001,1.5560595989227295,0.001,1,a2c_lr_high_seed1,-0.5098392963409424,4.1331024169921875,0.6523691415786743,-0.7382276058197021,14.608766555786133
1020,-59.89962387084961,-62.98282472610474,1001,6.105286598205566,0.001,1,a2c_lr_high_seed1,0.0641571432352066,12.083578109741211,0.6596240997314453,-0.06441748142242432,11.88044548034668
1021,-97.68501281738281,-62.993492603302,1001,5.564006805419922,0.001,1,a2c_lr_high_seed1,-0.20224839448928833,11.533902168273926,0.6958798766136169,-0.2648913562297821,11.033225059509277
1021,-97.68501281738281,-62.993492603302,1001,3.2184622287750244,0.001,1,a2c_lr_high_seed1,-0.6510395407676697,7.740280628204346,0.6384397745132446,-0.9619942903518677,14.6332426071167
1021,-97.68501281738281,-62.993492603302,1001,5.8728928565979,0.001,1,a2c_lr_high_seed1,0.709597110748291,10.327984809875488,0.6965243816375732,1.006245732307434,17.621246337890625
1021,-97.68501281738281,-62.993492603302,1001,1.742583155632019,0.001,1,a2c_lr_high_seed1,-0.24641595780849457,3.979358673095703,0.680159330368042,-0.20842266082763672,7.823472499847412
1021,-97.68501281738281,-62.993492603302,1001,1.6526683568954468,0.001,1,a2c_lr_high_seed1,-0.7067795991897583,4.720317840576172,0.7109305262565613,-0.7479431629180908,12.473883628845215
1021,-97.68501281738281,-62.993492603302,1001,2.0009500980377197,0.001,1,a2c_lr_high_seed1,0.10982386022806168,3.783573627471924,0.6606796383857727,0.5197669267654419,11.428903579711914
1021,-97.68501281738281,-62.993492603302,1001,1.921744704246521,0.001,1,a2c_lr_high_seed1,-0.9022171497344971,5.649312973022461,0.6946268677711487,-1.061127781867981,19.85888671875
1021,-97.68501281738281,-62.993492603302,1001,1.8068562746047974,0.001,1,a2c_lr_high_seed1,-0.37925106287002563,4.373602390289307,0.6939488053321838,-0.22808104753494263,4.2928385734558105
1023,-45.56574630737305,-64.27565584182739,1001,7.304011344909668,0.001,1,a2c_lr_high_seed1,0.5829148292541504,13.44350814819336,0.6577901244163513,1.083584189414978,19.180147171020508
1023,-45.56574630737305,-64.27565584182739,1001,8.76376724243164,0.001,1,a2c_lr_high_seed1,0.24319826066493988,17.042448043823242,0.6556409001350403,0.3169880509376526,10.276461601257324
1023,-45.56574630737305,-64.27565584182739,1001,2.1489720344543457,0.001,1,a2c_lr_high_seed1,-0.46610307693481445,5.231393814086914,0.6217846274375916,-0.6144492626190186,12.933481216430664
1023,-45.56574630737305,-64.27565584182739,1001,2.0188586711883545,0.001,1,a2c_lr_high_seed1,-0.4893607199192047,5.017794609069824,0.6778225898742676,-0.6581389307975769,12.014084815979004
1024,-79.58796691894531,-64.49602647781371,1001,5.561819076538086,0.001,1,a2c_lr_high_seed1,-0.5042715072631836,12.133566856384277,0.6926804780960083,-0.7634279131889343,20.769527435302734
1024,-79.58796691894531,-64.49602647781371,1001,3.5551040172576904,0.001,1,a2c_lr_high_seed1,0.1352362185716629,6.8410964012146,0.68053138256073,0.3134429156780243,7.989072799682617
1024,-79.58796691894531,-64.49602647781371,1001,2.5204665660858154,0.001,1,a2c_lr_high_seed1,-0.5048340559005737,6.051911354064941,0.65488201379776,-0.63318932056427,12.563196182250977
1024,-79.58796691894531,-64.49602647781371,1001,2.379577398300171,0.001,1,a2c_lr_high_seed1,-0.8691170811653137,6.498682022094727,0.6466085314750671,-1.0916730165481567,22.79741668701172
1024,-79.58796691894531,-64.49602647781371,1001,1.4346271753311157,0.001,1,a2c_lr_high_seed1,-0.22727078199386597,3.325209856033325,0.707069993019104,-0.2622870206832886,4.892740249633789
1025,-70.63227081298828,-64.9723702430725,1001,7.116305828094482,0.001,1,a2c_lr_high_seed1,0.3069511353969574,13.620034217834473,0.662172794342041,0.571256697177887,10.790653228759766
1025,-70.63227081298828,-64.9723702430725,1001,3.37618088722229,0.001,1,a2c_lr_high_seed1,-1.2450037002563477,9.243612289428711,0.621600866317749,-2.035083293914795,41.787330627441406
1025,-70.63227081298828,-64.9723702430725,1001,2.800299644470215,0.001,1,a2c_lr_high_seed1,-0.004716722294688225,5.611309051513672,0.6382954120635986,-0.3415032625198364,7.783007621765137
1025,-70.63227081298828,-64.9723702430725,1001,3.370270013809204,0.001,1,a2c_lr_high_seed1,0.13034573197364807,6.481159210205078,0.6554896235466003,0.3451041877269745,10.220159530639648
1025,-70.63227081298828,-64.9723702430725,1001,5.446421146392822,0.001,1,a2c_lr_high_seed1,-0.06072671711444855,11.015578269958496,0.6411910653114319,-0.37011027336120605,14.921292304992676
1025,-70.63227081298828,-64.9723702430725,1001,1.8283604383468628,0.001,1,a2c_lr_high_seed1,-0.7377533316612244,5.133561134338379,0.6666934490203857,-1.0850963592529297,23.742406845092773
1026,-59.41130828857422,-65.08880929946899,1001,6.5537567138671875,0.001,1,a2c_lr_high_seed1,0.08588536083698273,12.937070846557617,0.6643190979957581,0.09752818942070007,11.119073867797852
1026,-59.41130828857422,-65.08880929946899,1001,6.094099521636963,0.001,1,a2c_lr_high_seed1,-0.3424639403820038,12.874467849731445,0.670448362827301,-0.16106033325195312,13.682269096374512
1026,-59.41130828857422,-65.08880929946899,1001,4.191837310791016,0.001,1,a2c_lr_high_seed1,-0.06216326355934143,8.509422302246094,0.7102775573730469,-0.1484561562538147,6.361025333404541
1026,-59.41130828857422,-65.08880929946899,1001,1.7310056686401367,0.001,1,a2c_lr_high_seed1,0.15546011924743652,3.152397632598877,0.6533060073852539,0.272178053855896,6.390116214752197
1026,-59.41130828857422,-65.08880929946899,1001,2.8077828884124756,0.001,1,a2c_lr_high_seed1,-0.004765495657920837,5.626586437225342,0.744843602180481,0.00905504822731018,5.466916561126709
1027,-133.53208923339844,-66.61431306838989,1001,6.304500579833984,0.001,1,a2c_lr_high_seed1,0.04562345892190933,12.51921558380127,0.7305828332901001,-0.020487215369939804,10.021496772766113
1027,-133.53208923339844,-66.61431306838989,1001,3.2985727787017822,0.001,1,a2c_lr_high_seed1,0.30423209071159363,5.989948749542236,0.6336560845375061,0.7104400992393494,16.396799087524414
1028,-108.84526824951172,-67.09358964920044,1001,7.909058570861816,0.001,1,a2c_lr_high_seed1,0.08541926741600037,15.648579597473145,0.6504222750663757,0.19839513301849365,6.180543422698975
1028,-108.84526824951172,-67.09358964920044,1001,3.3420658111572266,0.001,1,a2c_lr_high_seed1,0.08666160702705383,6.512075901031494,0.6336835622787476,0.540664792060852,12.239765167236328
1029,-97.04193878173828,-68.00351305007935,1001,6.800285816192627,0.001,1,a2c_lr_high_seed1,0.5275172591209412,12.546831130981445,0.6470073461532593,1.3166470527648926,27.452167510986328
1029,-97.04193878173828,-68.00351305007935,1001,1.9684749841690063,0.001,1,a2c_lr_high_seed1,0.007647112011909485,3.9231154918670654,0.7299546003341675,0.18511582911014557,8.614896774291992
1029,-97.04193878173828,-68.00351305007935,1001,1.484470248222351,0.001,1,a2c_lr_high_seed1,-0.23344989120960236,3.4372382164001465,0.698898434638977,0.051264673471450806,3.930182933807373
1029,-97.04193878173828,-68.00351305007935,1001,3.2314376831054688,0.001,1,a2c_lr_high_seed1,0.43091872334480286,5.602418422698975,0.6903146505355835,0.43652182817459106,10.130702018737793
1029,-97.04193878173828,-68.00351305007935,1001,2.4625444412231445,0.001,1,a2c_lr_high_seed1,-0.6593868136405945,6.245296478271484,0.7169040441513062,-0.7186716794967651,14.44836711883545
1029,-97.04193878173828,-68.00351305007935,1001,1.8858226537704468,0.001,1,a2c_lr_high_seed1,-0.14930537343025208,4.0716118812561035,0.6779604554176331,-0.05335351452231407,2.703066110610962
1029,-97.04193878173828,-68.00351305007935,1001,2.4135982990264893,0.001,1,a2c_lr_high_seed1,0.036714471876621246,4.755133152008057,0.6827172040939331,0.549492597579956,10.383989334106445
1030,-75.02186584472656,-68.5246890449524,1001,6.052677631378174,0.001,1,a2c_lr_high_seed1,0.5754636526107788,10.955788612365723,0.6802144050598145,1.3149852752685547,23.920936584472656
1031,-57.3375129699707,-68.15104211807251,1001,7.746528148651123,0.001,1,a2c_lr_high_seed1,0.48714277148246765,14.520076751708984,0.652692973613739,1.5248088836669922,21.652067184448242
1031,-57.3375129699707,-68.15104211807251,1001,1.2330818176269531,0.001,1,a2c_lr_high_seed1,-0.22099363803863525,2.9095306396484375,0.6898475885391235,-0.1588703691959381,5.21367883682251
1031,-57.3375129699707,-68.15104211807251,1001,2.9034266471862793,0.001,1,a2c_lr_high_seed1,0.30447810888290405,5.1993184089660645,0.7107080817222595,0.6887685656547546,13.510601997375488
1032,-82.25813293457031,-69.22078004837036,1001,6.077108860015869,0.001,1,a2c_lr_high_seed1,0.8660359382629395,10.423500061035156,0.6772732138633728,1.4030141830444336,23.51660919189453
1032,-82.25813293457031,-69.22078004837036,1001,3.7844841480255127,0.001,1,a2c_lr_high_seed1,-0.2276540994644165,8.025565147399902,0.6445564031600952,-0.1125091165304184,6.656671047210693
1032,-82.25813293457031,-69.22078004837036,1001,2.3161957263946533,0.001,1,a2c_lr_high_seed1,-0.3140028715133667,5.261814594268799,0.7087705135345459,-0.010309651494026184,6.652139663696289
1032,-82.25813293457031,-69.22078004837036,1001,2.478195905685425,0.001,1,a2c_lr_high_seed1,0.29851657152175903,4.360681533813477,0.6614799499511719,0.8006402254104614,14.082450866699219
1032,-82.25813293457031,-69.22078004837036,1001,2.844388246536255,0.001,1,a2c_lr_high_seed1,0.41670387983322144,4.856724262237549,0.6777123808860779,0.697854220867157,14.135307312011719
1032,-82.25813293457031,-69.22078004837036,1001,2.011577606201172,0.001,1,a2c_lr_high_seed1,-0.481462687253952,4.987466812133789,0.6930123567581177,-0.29253870248794556,7.825171947479248
1033,-29.848228454589844,-67.97634294509888,1001,6.1560444831848145,0.001,1,a2c_lr_high_seed1,0.5022587776184082,11.308859825134277,0.6443065404891968,1.059709072113037,17.214595794677734
1033,-29.848228454589844,-67.97634294509888,1001,4.2530951499938965,0.001,1,a2c_lr_high_seed1,0.4768729507923126,7.553851127624512,0.7032645344734192,0.8768364787101746,17.241586685180664
1033,-29.848228454589844,-67.97634294509888,1001,2.509645462036133,0.001,1,a2c_lr_high_seed1,0.06536544114351273,4.890017509460449,0.7288752794265747,0.46506544947624207,10.062661170959473
1033,-29.848228454589844,-67.97634294509888,1001,1.5944842100143433,0.001,1,a2c_lr_high_seed1,0.005723908543586731,3.1788811683654785,0.6803470253944397,0.17027412354946136,5.703147888183594
1033,-29.848228454589844,-67.97634294509888,1001,2.4511263370513916,0.001,1,a2c_lr_high_seed1,0.23904478549957275,4.425560474395752,0.6986935138702393,0.3893811106681824,7.331648826599121
1034,-39.4086799621582,-65.93070642471314,1001,6.829002380371094,0.001,1,a2c_lr_high_seed1,0.3947363495826721,12.86992073059082,0.6943409442901611,0.44881677627563477,8.435098648071289
1034,-39.4086799621582,-65.93070642471314,1001,2.0125932693481445,0.001,1,a2c_lr_high_seed1,-0.2630841135978699,4.552700042724609,0.6725655198097229,-0.20086558163166046,6.759485721588135
1034,-39.4086799621582,-65.93070642471314,1001,3.434641122817993,0.001,1,a2c_lr_high_seed1,0.10921286046504974,6.652274131774902,0.7087002992630005,0.37265270948410034,6.69355583190918
1034,-39.4086799621582,-65.93070642471314,1001,5.598462104797363,0.001,1,a2c_lr_high_seed1,-0.13099297881126404,11.460329055786133,0.7093836665153503,0.10411441326141357,12.320247650146484
1034,-39.4086799621582,-65.93070642471314,1001,3.351344347000122,0.001,1,a2c_lr_high_seed1,0.14795398712158203,6.408224582672119,0.7218355536460876,0.21862295269966125,7.00277853012085
1035,-26.374492645263672,-65.76344415664673,1001,9.026015281677246,0.001,1,a2c_lr_high_seed1,0.9651474952697754,16.123037338256836,0.6511196494102478,1.6158373355865479,25.142263412475586
1035,-26.374492645263672,-65.76344415664673,1001,2.8521363735198975,0.001,1,a2c_lr_high_seed1,-0.34262722730636597,6.390878200531006,0.6754392385482788,-0.5004780888557434,10.424030303955078
1035,-26.374492645263672,-65.76344415664673,1001,3.0642738342285156,0.001,1,a2c_lr_high_seed1,0.5143167972564697,5.101363658905029,0.7247743010520935,0.9461368322372437,15.016701698303223
1036,-83.01990509033203,-65.89661142349243,1001,6.345560073852539,0.001,1,a2c_lr_high_seed1,0.35903027653694153,11.974501609802246,0.7208670377731323,0.856393575668335,13.679291725158691
1037,-44.71859359741211,-66.34354082107544,1001,8.767942428588867,0.001,1,a2c_lr_high_seed1,0.45322707295417786,16.63080596923828,0.6878384947776794,1.0014457702636719,13.61271858215332
1037,-44.71859359741211,-66.34354082107544,1001,3.619891881942749,0.001,1,a2c_lr_high_seed1,0.7795823812484741,5.682017803192139,0.6993772983551025,1.0989660024642944,21.392406463623047
1037,-44.71859359741211,-66.34354082107544,1001,2.4613142013549805,0.001,1,a2c_lr_high_seed1,-0.1435488760471344,5.2110981941223145,0.6860024929046631,0.05392119288444519,3.892106533050537
1037,-44.71859359741211,-66.34354082107544,1001,4.580343723297119,0.001,1,a2c_lr_high_seed1,-0.10623647272586823,9.37462329864502,0.7315089702606201,-0.10899483412504196,14.923409461975098
1037,-44.71859359741211,-66.34354082107544,1001,3.2625560760498047,0.001,1,a2c_lr_high_seed1,-0.4742847681045532,7.475147724151611,0.732972264289856,-0.45946004986763,10.577987670898438
1037,-44.71859359741211,-66.34354082107544,1001,3.1186771392822266,0.001,1,a2c_lr_high_seed1,-0.02179659903049469,6.282414436340332,0.7334127426147461,0.24381735920906067,3.8433728218078613
1037,-44.71859359741211,-66.34354082107544,1001,3.9310600757598877,0.001,1,a2c_lr_high_seed1,-0.870716392993927,9.605026245117188,0.7366973161697388,-0.6651729941368103,12.737674713134766
1038,-44.63932800292969,-66.17717546463012,1001,9.802404403686523,0.001,1,a2c_lr_high_seed1,-0.0347297340631485,19.675594329833984,0.6632254719734192,-0.16421425342559814,6.45531702041626
1039,-48.24507141113281,-62.53201250076294,1001,16.05404281616211,0.001,1,a2c_lr_high_seed1,0.8640589714050293,30.38101577758789,0.5253839492797852,2.4968574047088623,40.35814666748047
1039,-48.24507141113281,-62.53201250076294,1001,2.8976149559020996,0.001,1,a2c_lr_high_seed1,0.22768883407115936,5.34098482131958,0.5662741661071777,0.9675077199935913,18.700647354125977
1040,121.69237518310547,-58.386300525665284,951,204.33250427246094,0.001,1,a2c_lr_high_seed1,0.0436682403087616,408.57891845703125,0.6256023049354553,4.521768569946289,110.98554992675781
1040,121.69237518310547,-58.386300525665284,951,1.842462420463562,0.001,1,a2c_lr_high_seed1,0.106296107172966,3.4736127853393555,0.640008270740509,0.5574177503585815,11.168365478515625
1040,121.69237518310547,-58.386300525665284,951,0.9940412640571594,0.001,1,a2c_lr_high_seed1,-0.5272408723831177,3.043858289718628,0.6469877362251282,-0.13449881970882416,7.402576446533203
1041,90.71859741210938,-55.28052019119263,873,201.21127319335938,0.001,1,a2c_lr_high_seed1,-0.267240047454834,402.9583435058594,0.6597175002098083,4.2181854248046875,114.7312240600586
1041,90.71859741210938,-55.28052019119263,873,2.5851476192474365,0.001,1,a2c_lr_high_seed1,-0.04677560180425644,5.26516580581665,0.6595861911773682,0.4500895142555237,5.503801345825195
1041,90.71859741210938,-55.28052019119263,873,3.173025369644165,0.001,1,a2c_lr_high_seed1,0.09518870711326599,6.156970500946045,0.6484948992729187,0.4383160173892975,4.056597709655762
1041,90.71859741210938,-55.28052019119263,873,4.364206314086914,0.001,1,a2c_lr_high_seed1,0.09789173305034637,8.533939361572266,0.6552728414535522,0.42936599254608154,8.004471778869629
1041,90.71859741210938,-55.28052019119263,873,2.0540735721588135,0.001,1,a2c_lr_high_seed1,0.23972001671791077,3.6300835609436035,0.6882795691490173,0.6712938547134399,10.746332168579102
1041,90.71859741210938,-55.28052019119263,873,2.0173983573913574,0.001,1,a2c_lr_high_seed1,-0.07021300494670868,4.176693916320801,0.7354685068130493,0.2937586307525635,6.047773361206055
1041,90.71859741210938,-55.28052019119263,873,1.975213646888733,0.001,1,a2c_lr_high_seed1,0.07643234729766846,3.7989938259124756,0.7156587243080139,0.11855308711528778,8.356425285339355
1041,90.71859741210938,-55.28052019119263,873,1.6701568365097046,0.001,1,a2c_lr_high_seed1,-1.0385838747024536,5.418944835662842,0.7316590547561646,-1.0340039730072021,16.330217361450195
1041,90.71859741210938,-55.28052019119263,873,1.9949254989624023,0.001,1,a2c_lr_high_seed1,-0.5894402265548706,5.170180320739746,0.7244696617126465,-0.6980960369110107,11.849831581115723
1042,-81.38340759277344,-55.76490884780884,1001,6.379087448120117,0.001,1,a2c_lr_high_seed1,0.07867991924285889,12.602270126342773,0.727586030960083,-0.026842236518859863,11.771687507629395
1042,-81.38340759277344,-55.76490884780884,1001,11.15285587310791,0.001,1,a2c_lr_high_seed1,-1.1228611469268799,24.552719116210938,0.6427852511405945,-0.8126329779624939,13.144336700439453
1042,-81.38340759277344,-55.76490884780884,1001,2.4997899532318115,0.001,1,a2c_lr_high_seed1,-0.7288894653320312,6.458736896514893,0.6890262961387634,-1.0664384365081787,13.661115646362305
1042,-81.38340759277344,-55.76490884780884,1001,3.0389859676361084,0.001,1,a2c_lr_high_seed1,0.26398351788520813,5.551513671875,0.7543660402297974,0.4367397129535675,7.260222434997559
1043,-88.38449096679688,-56.98249460220337,409,92.37356567382812,0.001,1,a2c_lr_high_seed1,-0.8853719830513,186.51904296875,0.5900036096572876,-0.18852123618125916,35.05224609375
1044,-67.97103118896484,-56.041775455474856,1001,5.306722164154053,0.001,1,a2c_lr_high_seed1,0.2394353598356247,10.136093139648438,0.7594711780548096,0.42852693796157837,9.755919456481934
1044,-67.97103118896484,-56.041775455474856,1001,2.6840639114379883,0.001,1,a2c_lr_high_seed1,-0.546067476272583,6.461613178253174,0.675147533416748,-0.5052579045295715,7.613412380218506
1044,-67.97103118896484,-56.041775455474856,1001,1.849874496459961,0.001,1,a2c_lr_high_seed1,-0.40114104747772217,4.503407955169678,0.6883848309516907,-0.33599352836608887,7.809444904327393
1045,-88.014404296875,-56.579979496002196,1001,8.43619155883789,0.001,1,a2c_lr_high_seed1,0.49327123165130615,15.887275695800781,0.717232882976532,1.475135087966919,25.90159797668457
1046,-72.48324584960938,-55.90320749282837,1001,6.061885356903076,0.001,1,a2c_lr_high_seed1,-0.05893779546022415,12.243066787719727,0.7097846269607544,0.4619820713996887,10.409690856933594
1046,-72.48324584960938,-55.90320749282837,1001,2.2327773571014404,0.001,1,a2c_lr_high_seed1,-0.3612852692604065,5.18963098526001,0.7528591752052307,-0.15425100922584534,7.436285018920898
1046,-72.48324584960938,-55.90320749282837,1001,1.670112133026123,0.001,1,a2c_lr_high_seed1,-0.3833751976490021,4.10840368270874,0.7145518660545349,-0.32717186212539673,9.14010238647461
1046,-72.48324584960938,-55.90320749282837,1001,2.427522897720337,0.001,1,a2c_lr_high_seed1,-0.39447543025016785,5.645370960235596,0.6870611906051636,-0.4887629449367523,10.989575386047363
1046,-72.48324584960938,-55.90320749282837,1001,2.545111894607544,0.001,1,a2c_lr_high_seed1,-0.16500374674797058,5.421693801879883,0.7312735319137573,-0.0269182026386261,3.9886839389801025
1046,-72.48324584960938,-55.90320749282837,1001,2.1140527725219727,0.001,1,a2c_lr_high_seed1,-0.7889513373374939,5.807329177856445,0.6605233550071716,-0.8395910859107971,17.493799209594727
1046,-72.48324584960938,-55.90320749282837,1001,1.8157812356948853,0.001,1,a2c_lr_high_seed1,-0.7193652987480164,5.071718215942383,0.7125312685966492,-0.827181339263916,13.103039741516113
1046,-72.48324584960938,-55.90320749282837,1001,3.3183109760284424,0.001,1,a2c_lr_high_seed1,-0.18290060758590698,7.003866672515869,0.7216939330101013,-0.18468430638313293,8.217650413513184
1048,-43.08771896362305,-55.5576096534729,1001,8.700258255004883,0.001,1,a2c_lr_high_seed1,0.42811328172683716,16.5456600189209,0.6845155954360962,0.724105715751648,13.122723579406738
1048,-43.08771896362305,-55.5576096534729,1001,3.8144783973693848,0.001,1,a2c_lr_high_seed1,-0.2715970575809479,8.173474311828613,0.6616966128349304,-0.06668345630168915,7.769161224365234
1049,-87.96006774902344,-56.1332395362854,1001,5.312926292419434,0.001,1,a2c_lr_high_seed1,-0.3829881548881531,11.393268585205078,0.7200693488121033,-0.43739280104637146,14.342406272888184
1049,-87.96006774902344,-56.1332395362854,1001,2.328601598739624,0.001,1,a2c_lr_high_seed1,-0.26987165212631226,5.198405742645264,0.7294619083404541,-0.4615204632282257,10.136378288269043
1049,-87.96006774902344,-56.1332395362854,1001,2.393718719482422,0.001,1,a2c_lr_high_seed1,-0.5056389570236206,5.800159931182861,0.7223122119903564,-0.7132042050361633,16.305557250976562
1049,-87.96006774902344,-56.1332395362854,1001,1.3831113576889038,0.001,1,a2c_lr_high_seed1,-0.38897573947906494,3.545510768890381,0.6683434844017029,-0.533422589302063,11.680680274963379
1049,-87.96006774902344,-56.1332395362854,1001,2.8389289379119873,0.001,1,a2c_lr_high_seed1,-0.1577906459569931,5.9947967529296875,0.6788691878318787,-0.14023500680923462,4.540090560913086
1049,-87.96006774902344,-56.1332395362854,1001,1.5081140995025635,0.001,1,a2c_lr_high_seed1,-0.4097573757171631,3.8370890617370605,0.6730623841285706,-0.36439672112464905,7.570683479309082
1049,-87.96006774902344,-56.1332395362854,1001,0.9408742189407349,0.001,1,a2c_lr_high_seed1,-0.39210593700408936,2.6672980785369873,0.6688901782035828,-0.47578760981559753,11.67476749420166
1049,-87.96006774902344,-56.1332395362854,1001,2.345217227935791,0.001,1,a2c_lr_high_seed1,-0.7449123859405518,6.181589603424072,0.6650948524475098,-1.0244276523590088,21.390583038330078
1050,-106.33795166015625,-56.489969882965084,302,92.3945541381836,0.001,1,a2c_lr_high_seed1,-1.683819055557251,188.15802001953125,0.6333346962928772,-2.7011303901672363,68.06324005126953
1050,-106.33795166015625,-56.489969882965084,302,3.6595592498779297,0.001,1,a2c_lr_high_seed1,-0.0567111074924469,7.43398380279541,0.7215300798416138,-0.23552915453910828,12.921663284301758
1050,-106.33795166015625,-56.489969882965084,302,5.364850044250488,0.001,1,a2c_lr_high_seed1,-0.15678328275680542,11.044636726379395,0.6854459047317505,0.0759444609284401,17.44487190246582
1050,-106.33795166015625,-56.489969882965084,302,4.004176616668701,0.001,1,a2c_lr_high_seed1,0.07223130762577057,7.8653340339660645,0.7219876646995544,0.3774237036705017,7.926586627960205
1050,-106.33795166015625,-56.489969882965084,302,3.176384449005127,0.001,1,a2c_lr_high_seed1,-0.790889322757721,7.935977935791016,0.71525639295578,-0.9386354684829712,20.724327087402344
1051,-46.31146240234375,-56.09092920303345,1001,6.6808576583862305,0.001,1,a2c_lr_high_seed1,-0.8337262868881226,15.030536651611328,0.6840469241142273,-0.6894208192825317,18.074472427368164
1051,-46.31146240234375,-56.09092920303345,1001,2.943427085876465,0.001,1,a2c_lr_high_seed1,-0.6091326475143433,7.106494426727295,0.6876500248908997,-0.671766996383667,16.245744705200195
1052,-220.52005004882812,-59.212652378082275,786,83.94338989257812,0.001,1,a2c_lr_high_seed1,-2.171499252319336,172.2310791015625,0.6452444791793823,-3.3167059421539307,68.68624877929688
1054,-230.92019653320312,-62.64163698196411,943,124.07037353515625,0.001,1,a2c_lr_high_seed1,-3.63667631149292,255.4154052734375,0.6551468372344971,-0.5670818090438843,52.508888244628906
1055,-172.44778442382812,-64.57148683547973,896,122.2616195678711,0.001,1,a2c_lr_high_seed1,-3.7400856018066406,252.00474548339844,0.6602745652198792,-2.3813323974609375,74.0836181640625
1055,-172.44778442382812,-64.57148683547973,896,10.012419700622559,0.001,1,a2c_lr_high_seed1,0.8849513530731201,18.256309509277344,0.686274528503418,1.6993680000305176,39.88172912597656
1055,-172.44778442382812,-64.57148683547973,896,3.779294967651367,0.001,1,a2c_lr_high_seed1,0.22779104113578796,7.104323863983154,0.6581348180770874,0.4943479597568512,14.277172088623047
1055,-172.44778442382812,-64.57148683547973,896,2.2876298427581787,0.001,1,a2c_lr_high_seed1,0.29198241233825684,3.9926934242248535,0.6993407011032104,0.6056882739067078,13.588579177856445
1055,-172.44778442382812,-64.57148683547973,896,2.1681978702545166,0.001,1,a2c_lr_high_seed1,-0.1631242036819458,4.664130687713623,0.7432124614715576,0.06969499588012695,4.219198703765869
1055,-172.44778442382812,-64.57148683547973,896,2.5920915603637695,0.001,1,a2c_lr_high_seed1,-0.0072822123765945435,5.200038909912109,0.6456773281097412,0.5181083679199219,11.3985595703125
1055,-172.44778442382812,-64.57148683547973,896,1.7643178701400757,0.001,1,a2c_lr_high_seed1,-0.20040571689605713,3.9307563304901123,0.6546080112457275,0.26849237084388733,6.861396312713623
1055,-172.44778442382812,-64.57148683547973,896,0.9519647359848022,0.001,1,a2c_lr_high_seed1,-0.9940396547317505,3.8933918476104736,0.6915615200996399,-0.8806143999099731,16.32181167602539
1055,-172.44778442382812,-64.57148683547973,896,2.183844566345215,0.001,1,a2c_lr_high_seed1,-0.19573315978050232,4.760553359985352,0.698939859867096,-0.10004866123199463,7.205715656280518
1056,-223.5888671875,-67.72061326980591,812,17.053176879882812,0.001,1,a2c_lr_high_seed1,0.35785162448883057,33.39198684692383,0.6670031547546387,0.5025311708450317,9.744336128234863
1056,-223.5888671875,-67.72061326980591,812,3.2398595809936523,0.001,1,a2c_lr_high_seed1,0.20296117663383484,6.075162410736084,0.6828237175941467,0.5211153626441956,10.623558044433594
1056,-223.5888671875,-67.72061326980591,812,2.4689645767211914,0.001,1,a2c_lr_high_seed1,0.1300821304321289,4.679234027862549,0.7346450686454773,0.5650560855865479,12.125794410705566
1057,-110.52821350097656,-69.06844339370727,1001,10.999120712280273,0.001,1,a2c_lr_high_seed1,1.0729920864105225,19.853668212890625,0.7053231000900269,2.082016944885254,35.24277877807617
1057,-110.52821350097656,-69.06844339370727,1001,3.5058913230895996,0.001,1,a2c_lr_high_seed1,-0.03546181321144104,7.084169387817383,0.731377124786377,0.5343012809753418,6.021289348602295
1058,-100.81208038330078,-70.36398630142212,757,192.84689331054688,0.001,1,a2c_lr_high_seed1,-1.4737461805343628,388.6424865722656,0.616258978843689,-5.89436674118042,116.05367279052734
1058,-100.81208038330078,-70.36398630142212,757,1.9816683530807495,0.001,1,a2c_lr_high_seed1,-0.008737161755561829,3.9822258949279785,0.7073854207992554,0.2799362540245056,4.887251853942871
1058,-100.81208038330078,-70.36398630142212,757,2.6641900539398193,0.001,1,a2c_lr_high_seed1,0.05430072546005249,5.221151351928711,0.6865124106407166,0.4122989773750305,6.395482063293457
1059,-62.21562194824219,-70.56599702835084,281,137.5283966064453,0.001,1,a2c_lr_high_seed1,-3.092249631881714,281.2427978515625,0.7435868978500366,-4.2830023765563965,105.4764633178711
1059,-62.21562194824219,-70.56599702835084,281,1.7807027101516724,0.001,1,a2c_lr_high_seed1,-0.2828602194786072,4.12856388092041,0.7189160585403442,0.27244412899017334,2.2547714710235596
1059,-62.21562194824219,-70.56599702835084,281,7.194353103637695,0.001,1,a2c_lr_high_seed1,0.6139785647392273,13.162092208862305,0.6715143918991089,1.2056554555892944,20.04387092590332
1059,-62.21562194824219,-70.56599702835084,281,18.758066177368164,0.001,1,a2c_lr_high_seed1,-0.07715261727571487,37.67168045043945,0.6226595044136047,-0.9220946431159973,18.998130798339844
1059,-62.21562194824219,-70.56599702835084,281,6.8338775634765625,0.001,1,a2c_lr_high_seed1,0.2613624334335327,13.14622688293457,0.5983294248580933,1.5240733623504639,28.526823043823242
1059,-62.21562194824219,-70.56599702835084,281,3.394540548324585,0.001,1,a2c_lr_high_seed1,-0.13015365600585938,7.050577163696289,0.5943083763122559,0.435759961605072,15.88836669921875
1060,129.82830810546875,-67.51414873123169,767,212.12924194335938,0.001,1,a2c_lr_high_seed1,0.9771033525466919,422.3055725097656,0.6400011777877808,6.240687370300293,134.99794006347656
1060,129.82830810546875,-67.51414873123169,767,2.9284346103668213,0.001,1,a2c_lr_high_seed1,-0.04765629768371582,5.953648567199707,0.7334429621696472,0.18873299658298492,8.159027099609375
1060,129.82830810546875,-67.51414873123169,767,3.8454017639160156,0.001,1,a2c_lr_high_seed1,0.5047155022621155,6.682768821716309,0.6979998350143433,1.0965296030044556,14.533369064331055
1060,129.82830810546875,-67.51414873123169,767,3.6509180068969727,0.001,1,a2c_lr_high_seed1,0.2716592848300934,6.759881496429443,0.6821315884590149,0.7366803288459778,12.899152755737305
1061,-69.33097076416016,-67.53526720046997,1001,10.266737937927246,0.001,1,a2c_lr_high_seed1,0.5396519899368286,19.455610275268555,0.7190536856651306,1.1264833211898804,17.73375701904297
1061,-69.33097076416016,-67.53526720046997,1001,2.104478597640991,0.001,1,a2c_lr_high_seed1,0.25508278608322144,3.700223684310913,0.7159111499786377,0.6616227030754089,10.653186798095703
1062,8.784893989562988,-66.7659224319458,1001,13.373562812805176,0.001,1,a2c_lr_high_seed1,0.7640093564987183,25.220521926879883,0.7076025605201721,1.281224250793457,26.290603637695312
1063,-61.058773040771484,-68.07985951423645,1001,7.442161560058594,0.001,1,a2c_lr_high_seed1,0.4059571921825409,14.073823928833008,0.7075905203819275,0.9125825762748718,15.197755813598633
1064,-69.83885955810547,-67.1194777393341,1001,5.771866321563721,0.001,1,a2c_lr_high_seed1,0.2298503816127777,11.08541488647461,0.6915343403816223,0.5067418813705444,9.893648147583008
1064,-69.83885955810547,-67.1194777393341,1001,3.1979076862335205,0.001,1,a2c_lr_high_seed1,0.56182861328125,5.273586750030518,0.7142479419708252,0.846493124961853,12.175233840942383
1064,-69.83885955810547,-67.1194777393341,1001,2.493370771408081,0.001,1,a2c_lr_high_seed1,-0.20411455631256104,5.396491527557373,0.7602624893188477,0.03579229116439819,6.8800835609436035
1064,-69.83885955810547,-67.1194777393341,1001,3.083333969116211,0.001,1,a2c_lr_high_seed1,0.503513514995575,5.16117525100708,0.7672926187515259,0.8845824599266052,14.035013198852539
1064,-69.83885955810547,-67.1194777393341,1001,1.4171546697616577,0.001,1,a2c_lr_high_seed1,-0.669033944606781,4.173884868621826,0.7537792325019836,-0.6770493388175964,10.753032684326172
1064,-69.83885955810547,-67.1194777393341,1001,4.224152088165283,0.001,1,a2c_lr_high_seed1,0.6170673370361328,7.215705871582031,0.768390417098999,0.7773991227149963,11.687454223632812
1064,-69.83885955810547,-67.1194777393341,1001,3.488199472427368,0.001,1,a2c_lr_high_seed1,0.10529729723930359,6.767317295074463,0.7564931511878967,0.35168659687042236,6.129817962646484
1065,-111.44512176513672,-68.51421544075012,830,118.37931823730469,0.001,1,a2c_lr_high_seed1,-0.16953952610492706,237.09913635253906,0.7064412832260132,-3.2244415283203125,63.65632247924805
1065,-111.44512176513672,-68.51421544075012,830,1.746991753578186,0.001,1,a2c_lr_high_seed1,-0.1932377815246582,3.8818321228027344,0.6865054368972778,0.08752039074897766,5.935866355895996
1065,-111.44512176513672,-68.51421544075012,830,3.022583246231079,0.001,1,a2c_lr_high_seed1,0.13754446804523468,5.771515846252441,0.7191146612167358,0.5768964886665344,6.408201217651367
1065,-111.44512176513672,-68.51421544075012,830,3.545098304748535,0.001,1,a2c_lr_high_seed1,0.29193660616874695,6.50784158706665,0.7591617107391357,0.9619598388671875,10.159053802490234
1065,-111.44512176513672,-68.51421544075012,830,5.293185234069824,0.001,1,a2c_lr_high_seed1,0.10746565461158752,10.372772216796875,0.6666480302810669,0.22904369235038757,5.86397647857666
1065,-111.44512176513672,-68.51421544075012,830,8.220417022705078,0.001,1,a2c_lr_high_seed1,-0.10008588433265686,16.64219856262207,0.5957651734352112,-0.7678072452545166,17.988231658935547
1065,-111.44512176513672,-68.51421544075012,830,8.287049293518066,0.001,1,a2c_lr_high_seed1,-0.44469672441482544,17.464645385742188,0.5769796371459961,-0.4688996374607086,10.132773399353027
1065,-111.44512176513672,-68.51421544075012,830,10.759016990661621,0.001,1,a2c_lr_high_seed1,0.9438462853431702,19.631399154663086,0.5289185047149658,1.688746690750122,26.895896911621094
1067,105.60595703125,-63.52310968399048,741,319.434814453125,0.001,1,a2c_lr_high_seed1,-0.5055623054504395,639.8817138671875,0.5022160410881042,7.0888566970825195,151.66807556152344
1067,105.60595703125,-63.52310968399048,741,2.6511645317077637,0.001,1,a2c_lr_high_seed1,-0.009333670139312744,5.3224005699157715,0.7022363543510437,0.03700399398803711,4.485161781311035
1067,105.60595703125,-63.52310968399048,741,6.107575416564941,0.001,1,a2c_lr_high_seed1,0.6242161989212036,10.968299865722656,0.7903895378112793,1.1825703382492065,9.664193153381348
1068,1.8567904233932495,-62.849165441989896,1001,9.113840103149414,0.001,1,a2c_lr_high_seed1,-0.14631575345993042,18.521739959716797,0.7147018313407898,0.4280123710632324,6.033873558044434
1069,-136.18130493164062,-64.3500817322731,668,94.56694793701172,0.001,1,a2c_lr_high_seed1,-2.267768383026123,193.67091369628906,0.7379990220069885,-2.491386890411377,60.71154022216797
1069,-136.18130493164062,-64.3500817322731,668,37.96833038330078,0.001,1,a2c_lr_high_seed1,-0.46359455585479736,76.86515045166016,0.6500902771949768,-1.2964773178100586,34.8909797668457
1070,-164.42904663085938,-66.4406701874733,685,64.26834869384766,0.001,1,a2c_lr_high_seed1,-0.24711211025714874,129.0321044921875,0.5918876528739929,-0.9007590413093567,33.764122009277344
1071,63.95526123046875,-63.20786470651627,830,230.8499755859375,0.001,1,a2c_lr_high_seed1,0.5730652809143066,460.55511474609375,0.6351937651634216,6.605445861816406,144.82675170898438
1071,63.95526123046875,-63.20786470651627,830,11.467968940734863,0.001,1,a2c_lr_high_seed1,0.5810513496398926,21.77527618408203,0.7198147773742676,1.1486986875534058,14.173596382141113
1071,63.95526123046875,-63.20786470651627,830,3.5939407348632812,0.001,1,a2c_lr_high_seed1,0.28084397315979004,6.627664566040039,0.7356085181236267,0.7441951036453247,12.209611892700195
1071,63.95526123046875,-63.20786470651627,830,2.806720733642578,0.001,1,a2c_lr_high_seed1,-0.05434851348400116,5.723540782928467,0.7011758685112,0.08830128610134125,5.539580821990967
1071,63.95526123046875,-63.20786470651627,830,7.334587574005127,0.001,1,a2c_lr_high_seed1,0.1675414741039276,14.335348129272461,0.6279303431510925,1.3620721101760864,25.18866729736328
1072,119.77131652832031,-58.421125357151034,640,192.86878967285156,0.001,1,a2c_lr_high_seed1,0.004831703379750252,385.7291564941406,0.6240425109863281,5.300289154052734,127.14488220214844
1072,119.77131652832031,-58.421125357151034,640,3.695195436477661,0.001,1,a2c_lr_high_seed1,0.46198955178260803,6.467778205871582,0.6834253072738647,0.9222239255905151,8.196261405944824
1072,119.77131652832031,-58.421125357151034,640,2.157996416091919,0.001,1,a2c_lr_high_seed1,-0.21824178099632263,4.753787994384766,0.6558488011360168,-0.18418942391872406,8.882144927978516
1072,119.77131652832031,-58.421125357151034,640,1.80357027053833,0.001,1,a2c_lr_high_seed1,-0.1165345162153244,3.8415772914886475,0.6838582158088684,0.12257350981235504,6.381017684936523
1072,119.77131652832031,-58.421125357151034,640,3.027236223220825,0.001,1,a2c_lr_high_seed1,-0.6145424842834473,7.285006999969482,0.7248519659042358,-0.42563533782958984,11.107885360717773
1074,-90.16351318359375,-57.68036169290543,432,149.6596221923828,0.001,1,a2c_lr_high_seed1,-2.968125343322754,305.2569580078125,0.7267485857009888,-3.5142478942871094,99.179443359375
1074,-90.16351318359375,-57.68036169290543,432,2.323810577392578,0.001,1,a2c_lr_high_seed1,-0.6128119230270386,5.874672889709473,0.7137442827224731,-0.47662100195884705,9.710932731628418
1074,-90.16351318359375,-57.68036169290543,432,6.579400539398193,0.001,1,a2c_lr_high_seed1,0.6255687475204468,11.908994674682617,0.6657356023788452,1.355267882347107,18.94306182861328
1074,-90.16351318359375,-57.68036169290543,432,6.082478046417236,0.001,1,a2c_lr_high_seed1,-0.5642867684364319,13.295005798339844,0.7383022308349609,-0.7577217221260071,15.862065315246582
1074,-90.16351318359375,-57.68036169290543,432,2.1437668800354004,0.001,1,a2c_lr_high_seed1,-0.4006454050540924,5.090219497680664,0.6972607970237732,-0.39703020453453064,7.464687347412109
1074,-90.16351318359375,-57.68036169290543,432,17.131948471069336,0.001,1,a2c_lr_high_seed1,-1.0372859239578247,36.33975601196289,0.6429233551025391,-1.2058560848236084,23.61905288696289
1074,-90.16351318359375,-57.68036169290543,432,7.758190155029297,0.001,1,a2c_lr_high_seed1,-0.08117282390594482,15.679790496826172,0.5319755673408508,1.3033485412597656,25.64031410217285
1074,-90.16351318359375,-57.68036169290543,432,1.969896912574768,0.001,1,a2c_lr_high_seed1,-0.5845162272453308,5.109971523284912,0.5725699663162231,0.047806769609451294,10.838393211364746
1074,-90.16351318359375,-57.68036169290543,432,2.9290552139282227,0.001,1,a2c_lr_high_seed1,-0.3579750061035156,6.575211048126221,0.5752704739570618,-0.16837629675865173,7.849184036254883
1076,-64.25018310546875,-54.42260183572769,300,163.1890411376953,0.001,1,a2c_lr_high_seed1,-1.9070605039596558,330.1932067871094,0.5083178877830505,-2.3728744983673096,55.981414794921875
1077,-164.83859252929688,-55.04873190164566,678,123.27313995361328,0.001,1,a2c_lr_high_seed1,1.7097666263580322,243.12794494628906,0.6006127595901489,0.22836817800998688,56.38996124267578
1077,-164.83859252929688,-55.04873190164566,678,4.6281280517578125,0.001,1,a2c_lr_high_seed1,0.3812721371650696,8.494997024536133,0.64254230260849,0.6337978839874268,9.22257137298584
1077,-164.83859252929688,-55.04873190164566,678,3.6942708492279053,0.001,1,a2c_lr_high_seed1,0.23372413218021393,6.92256498336792,0.7356642484664917,0.8155925869941711,12.55615234375
1077,-164.83859252929688,-55.04873190164566,678,5.699769020080566,0.001,1,a2c_lr_high_seed1,0.8383278250694275,9.724214553833008,0.6659265756607056,1.079453468322754,17.60675621032715
1078,40.801910400390625,-52.055788328647616,1001,23.20733642578125,0.001,1,a2c_lr_high_seed1,1.4326852560043335,43.5505256652832,0.6113841533660889,2.1137800216674805,43.09748077392578
1078,40.801910400390625,-52.055788328647616,1001,5.401519775390625,0.001,1,a2c_lr_high_seed1,0.6238462328910828,9.556442260742188,0.547646701335907,0.4212918281555176,13.319180488586426
1079,99.65586853027344,-48.12183218240738,681,214.6905517578125,0.001,1,a2c_lr_high_seed1,-0.15179438889026642,429.6858825683594,0.5943306684494019,5.8447113037109375,143.8778839111328
1080,-11.504988670349121,-46.85149463891983,1001,7.782860279083252,0.001,1,a2c_lr_high_seed1,0.015039198100566864,15.536911010742188,0.6342387199401855,0.2722112238407135,9.339881896972656
1080,-11.504988670349121,-46.85149463891983,1001,6.986405372619629,0.001,1,a2c_lr_high_seed1,-0.007986605167388916,13.990190505981445,0.7033809423446655,-0.10586577653884888,15.313528060913086
1080,-11.504988670349121,-46.85149463891983,1001,3.5892274379730225,0.001,1,a2c_lr_high_seed1,-0.1739058494567871,7.527707099914551,0.7203269004821777,0.23470807075500488,8.931729316711426
1080,-11.504988670349121,-46.85149463891983,1001,2.57222318649292,0.001,1,a2c_lr_high_seed1,0.10071159154176712,4.944462299346924,0.7196235656738281,0.3593583106994629,7.902438640594482
1083,29.18038558959961,-45.99125934839249,1001,267.45440673828125,0.001,1,a2c_lr_high_seed1,-7.154770851135254,549.2197265625,0.6774079203605652,-7.9962334632873535,152.14219665527344
1083,29.18038558959961,-45.99125934839249,1001,3.198772668838501,0.001,1,a2c_lr_high_seed1,-0.01865488290786743,6.436283588409424,0.7143867015838623,0.16458562016487122,10.602831840515137
1084,-84.81036376953125,-46.89929302453995,266,76.99430847167969,0.001,1,a2c_lr_high_seed1,-0.9702453017234802,155.93043518066406,0.6659129858016968,0.12948769330978394,41.571929931640625
1084,-84.81036376953125,-46.89929302453995,266,1.7401633262634277,0.001,1,a2c_lr_high_seed1,-0.6109395027160645,4.7035675048828125,0.6808867454528809,-0.302839994430542,8.891792297363281
1084,-84.81036376953125,-46.89929302453995,266,5.075569152832031,0.001,1,a2c_lr_high_seed1,0.07679510116577148,9.998952865600586,0.7025241255760193,-0.08261999487876892,11.791779518127441
1084,-84.81036376953125,-46.89929302453995,266,1.5748814344406128,0.001,1,a2c_lr_high_seed1,-0.22120073437690735,3.593486785888672,0.6612643599510193,-0.3183836340904236,8.187561988830566
1085,-124.42516326904297,-48.86030643701553,581,69.1003189086914,0.001,1,a2c_lr_high_seed1,-0.8618407845497131,139.92568969726562,0.6860548257827759,-1.2149642705917358,31.4246826171875
1086,-105.3404312133789,-49.30671695947647,603,90.33707427978516,0.001,1,a2c_lr_high_seed1,-3.266253709793091,187.2080078125,0.6823412179946899,-3.1337389945983887,57.003273010253906
1087,-91.3207778930664,-50.238760645389554,242,108.7562255859375,0.001,1,a2c_lr_high_seed1,-2.2494924068450928,222.01272583007812,0.6490789651870728,-2.2135043144226074,73.68304443359375
1087,-91.3207778930664,-50.238760645389554,242,4.56417179107666,0.001,1,a2c_lr_high_seed1,-0.12203988432884216,9.373695373535156,0.6359254121780396,0.014918848872184753,7.291503429412842
1087,-91.3207778930664,-50.238760645389554,242,7.466793060302734,0.001,1,a2c_lr_high_seed1,0.6153151988983154,13.704256057739258,0.6505173444747925,1.3187636137008667,18.470882415771484
1088,29.90424346923828,-48.747889215946195,1001,5.651683807373047,0.001,1,a2c_lr_high_seed1,0.37778040766716003,10.549219131469727,0.7062119245529175,0.9101583957672119,16.368574142456055
1088,29.90424346923828,-48.747889215946195,1001,1.1787408590316772,0.001,1,a2c_lr_high_seed1,-0.6495627760887146,3.658139705657959,0.7661740779876709,-0.5657310485839844,11.9205961227417
1088,29.90424346923828,-48.747889215946195,1001,3.261246681213379,0.001,1,a2c_lr_high_seed1,0.5456526279449463,5.432610511779785,0.7111287117004395,0.9268835783004761,18.377538681030273
1088,29.90424346923828,-48.747889215946195,1001,1.9254469871520996,0.001,1,a2c_lr_high_seed1,-0.5271109342575073,4.9065752029418945,0.729624330997467,-0.30594292283058167,9.700620651245117
1088,29.90424346923828,-48.747889215946195,1001,2.2584519386291504,0.001,1,a2c_lr_high_seed1,-0.6293332576751709,5.777037620544434,0.7336973547935486,-0.5991272330284119,11.598626136779785
1088,29.90424346923828,-48.747889215946195,1001,30.417734146118164,0.001,1,a2c_lr_high_seed1,-0.9667674899101257,62.770355224609375,0.6757988333702087,-2.407351493835449,44.8678092956543
1088,29.90424346923828,-48.747889215946195,1001,5.736653804779053,0.001,1,a2c_lr_high_seed1,-0.21952491998672485,11.913671493530273,0.6572998762130737,1.0027172565460205,25.868671417236328
1089,-124.66373443603516,-50.276262476444245,568,97.43643951416016,0.001,1,a2c_lr_high_seed1,-2.0953121185302734,199.06468200683594,0.5898111462593079,-2.1104187965393066,56.801361083984375
1089,-124.66373443603516,-50.276262476444245,568,3.762176990509033,0.001,1,a2c_lr_high_seed1,0.15825539827346802,7.209103584289551,0.6300343871116638,0.7612435817718506,16.4477481842041
1090,96.65862274169922,-50.776937525272366,774,207.40869140625,0.001,1,a2c_lr_high_seed1,-0.45501595735549927,415.728759765625,0.6734553575515747,4.9219560623168945,133.44390869140625
1090,96.65862274169922,-50.776937525272366,774,1.900254726409912,0.001,1,a2c_lr_high_seed1,-0.45896533131599426,4.71987771987915,0.7188315987586975,-0.27852481603622437,4.9786810874938965
1090,96.65862274169922,-50.776937525272366,774,2.780245065689087,0.001,1,a2c_lr_high_seed1,0.22357571125030518,5.11483097076416,0.7461175918579102,0.552381694316864,9.63790225982666
1091,-137.7283477783203,-55.34587642908096,529,109.91062927246094,0.001,1,a2c_lr_high_seed1,-3.672470808029175,227.1676788330078,0.7425359487533569,-3.549736738204956,80.36812591552734
1091,-137.7283477783203,-55.34587642908096,529,24.05335807800293,0.001,1,a2c_lr_high_seed1,0.9798009395599365,46.14833068847656,0.6078971028327942,1.2775393724441528,19.309667587280273
1091,-137.7283477783203,-55.34587642908096,529,4.840313911437988,0.001,1,a2c_lr_high_seed1,-0.041922297328710556,9.765798568725586,0.6630948185920715,-0.30361390113830566,14.234301567077637
1091,-137.7283477783203,-55.34587642908096,529,5.663041591644287,0.001,1,a2c_lr_high_seed1,0.7121564149856567,9.903056144714355,0.6425594091415405,1.2277809381484985,20.999893188476562
1091,-137.7283477783203,-55.34587642908096,529,4.802918434143066,0.001,1,a2c_lr_high_seed1,-0.2536352574825287,10.11423110961914,0.5618033409118652,-0.2981034219264984,12.851719856262207
1092,112.6813735961914,-51.464580805301665,644,183.45510864257812,0.001,1,a2c_lr_high_seed1,1.038100242614746,364.8353271484375,0.6619720458984375,5.5500383377075195,116.91133117675781
1092,112.6813735961914,-51.464580805301665,644,6.937148094177246,0.001,1,a2c_lr_high_seed1,0.5299092531204224,12.815977096557617,0.7496980428695679,0.8952913880348206,10.853836059570312
1092,112.6813735961914,-51.464580805301665,644,5.613091945648193,0.001,1,a2c_lr_high_seed1,0.36340513825416565,10.500829696655273,0.7282191514968872,0.32873672246932983,9.141440391540527
1093,-193.31744384765625,-53.563239862918856,815,186.1201629638672,0.001,1,a2c_lr_high_seed1,0.19091328978538513,371.8596496582031,0.585964560508728,-4.746248245239258,129.5243682861328
1094,18.04224967956543,-51.84297424554825,1001,10.373664855957031,0.001,1,a2c_lr_high_seed1,0.4267391562461853,19.89521026611328,0.6790103912353516,1.2783899307250977,15.128775596618652
1095,65.95404052734375,-48.76360534906387,1001,14.231290817260742,0.001,1,a2c_lr_high_seed1,0.932400107383728,26.59906578063965,0.6419926881790161,2.4278881549835205,31.946685791015625
1095,65.95404052734375,-48.76360534906387,1001,2.842864990234375,0.001,1,a2c_lr_high_seed1,0.39837566018104553,4.8904571533203125,0.7394325733184814,0.8413896560668945,14.928132057189941
1095,65.95404052734375,-48.76360534906387,1001,3.913334846496582,0.001,1,a2c_lr_high_seed1,0.7601475715637207,6.307872772216797,0.7490309476852417,1.230356216430664,21.91794204711914
1095,65.95404052734375,-48.76360534906387,1001,0.8244596123695374,0.001,1,a2c_lr_high_seed1,-0.7042238712310791,3.058838367462158,0.7357089519500732,-0.7958263158798218,13.685381889343262
1095,65.95404052734375,-48.76360534906387,1001,3.0561835765838623,0.001,1,a2c_lr_high_seed1,-0.023629017174243927,6.161125659942627,0.7502071261405945,0.30180853605270386,6.065908432006836
1095,65.95404052734375,-48.76360534906387,1001,3.5240209102630615,0.001,1,a2c_lr_high_seed1,-0.3236263692378998,7.696506023406982,0.6058157682418823,0.3373391330242157,9.1619873046875
1095,65.95404052734375,-48.76360534906387,1001,3.7456107139587402,0.001,1,a2c_lr_high_seed1,0.3439897298812866,6.804500102996826,0.6288387179374695,1.2881982326507568,23.180679321289062
1096,86.93064880371094,-45.57532745599747,936,202.7069854736328,0.001,1,a2c_lr_high_seed1,-0.36681437492370605,406.14898681640625,0.6854014992713928,5.0071868896484375,124.56558990478516
1097,-63.65315628051758,-45.854275896549225,257,119.56433868408203,0.001,1,a2c_lr_high_seed1,-2.598102331161499,244.32615661621094,0.6412262320518494,-4.487611293792725,112.57357788085938
1097,-63.65315628051758,-45.854275896549225,257,3.1709489822387695,0.001,1,a2c_lr_high_seed1,-0.12449587881565094,6.592414855957031,0.7624799013137817,-0.0246686190366745,4.9954729080200195
1097,-63.65315628051758,-45.854275896549225,257,2.548509359359741,0.001,1,a2c_lr_high_seed1,-0.20957109332084656,5.517643451690674,0.7413332462310791,-0.17398956418037415,4.512502670288086
1097,-63.65315628051758,-45.854275896549225,257,3.662576198577881,0.001,1,a2c_lr_high_seed1,-0.22815218567848206,7.782990455627441,0.7667767405509949,-0.27326714992523193,6.038712978363037
1097,-63.65315628051758,-45.854275896549225,257,4.418045520782471,0.001,1,a2c_lr_high_seed1,0.37935560941696167,8.078959465026855,0.7898170351982117,0.4972034692764282,12.439898490905762
1097,-63.65315628051758,-45.854275896549225,257,3.813692808151245,0.001,1,a2c_lr_high_seed1,-0.13225102424621582,7.893409729003906,0.760993242263794,0.04902547597885132,6.901737689971924
1097,-63.65315628051758,-45.854275896549225,257,4.270580291748047,0.001,1,a2c_lr_high_seed1,-0.05271939933300018,8.64787769317627,0.6387987732887268,0.649989902973175,15.597245216369629
1097,-63.65315628051758,-45.854275896549225,257,9.438015937805176,0.001,1,a2c_lr_high_seed1,1.045515775680542,16.786283493041992,0.6414106488227844,1.9084147214889526,32.47136306762695
1098,-58.59125900268555,-46.16434669733047,1001,13.849441528320312,0.001,1,a2c_lr_high_seed1,1.167414903640747,25.365459442138672,0.7026734352111816,2.0455281734466553,40.570838928222656
1098,-58.59125900268555,-46.16434669733047,1001,3.792881727218628,0.001,1,a2c_lr_high_seed1,-0.12909185886383057,7.845395088195801,0.7241665720939636,-0.007384015247225761,13.552056312561035
1099,-23.06586265563965,-44.8664625954628,1001,6.905513286590576,0.001,1,a2c_lr_high_seed1,0.36451199650764465,13.083465576171875,0.731654703617096,1.0687609910964966,23.42568588256836
1099,-23.06586265563965,-44.8664625954628,1001,7.470520496368408,0.001,1,a2c_lr_high_seed1,0.02459324151277542,14.893342018127441,0.7438443899154663,-0.05771484971046448,18.834131240844727
1099,-23.06586265563965,-44.8664625954628,1001,4.646055698394775,0.001,1,a2c_lr_high_seed1,0.5799933075904846,8.133613586425781,0.7443694472312927,0.7548329830169678,16.08424186706543
1099,-23.06586265563965,-44.8664625954628,1001,1.637040138244629,0.001,1,a2c_lr_high_seed1,-0.44507598876953125,4.165711879730225,0.7398532629013062,-0.4750560224056244,10.61601448059082
1100,31.174488067626953,-42.11621380090713,1001,7.836207866668701,0.001,1,a2c_lr_high_seed1,0.6114838123321533,14.450711250305176,0.6316246390342712,1.3065457344055176,23.708810806274414
1100,31.174488067626953,-42.11621380090713,1001,3.2517147064208984,0.001,1,a2c_lr_high_seed1,-0.4452793002128601,7.395427703857422,0.7197717428207397,-0.3118858337402344,15.534640312194824
1100,31.174488067626953,-42.11621380090713,1001,4.118586540222168,0.001,1,a2c_lr_high_seed1,0.29030781984329224,7.6579132080078125,0.6780791282653809,0.6569019556045532,6.450711250305176
1101,-97.45372772216797,-43.139059107303616,562,46.07848358154297,0.001,1,a2c_lr_high_seed1,0.20854723453521729,91.74093627929688,0.5317180752754211,1.1321468353271484,13.445364952087402
1102,-53.66271209716797,-39.80191234827041,1001,8.281256675720215,0.001,1,a2c_lr_high_seed1,-0.045111577957868576,16.653905868530273,0.5844120383262634,1.0371257066726685,24.80266571044922
1102,-53.66271209716797,-39.80191234827041,1001,7.833500385284424,0.001,1,a2c_lr_high_seed1,0.41404467821121216,14.840206146240234,0.6473193168640137,0.5272358059883118,10.271004676818848
1102,-53.66271209716797,-39.80191234827041,1001,3.4181323051452637,0.001,1,a2c_lr_high_seed1,0.3482717275619507,6.141075134277344,0.6770075559616089,0.24757105112075806,9.644140243530273
1103,12.241242408752441,-38.42883898019791,1001,5.462567329406738,0.001,1,a2c_lr_high_seed1,-0.4988090395927429,11.924125671386719,0.6865606904029846,-0.26451006531715393,7.820083141326904
1104,-46.08285903930664,-34.73209223031998,1001,8.509368896484375,0.001,1,a2c_lr_high_seed1,0.9447424411773682,15.130590438842773,0.6688172817230225,1.056252121925354,17.73270034790039
1104,-46.08285903930664,-34.73209223031998,1001,2.295867919921875,0.001,1,a2c_lr_high_seed1,-0.12592482566833496,4.845124244689941,0.769406795501709,0.3617092967033386,4.212449550628662
1104,-46.08285903930664,-34.73209223031998,1001,2.176274299621582,0.001,1,a2c_lr_high_seed1,-0.5820019841194153,5.518092155456543,0.7698766589164734,-0.6306387186050415,13.891196250915527
1104,-46.08285903930664,-34.73209223031998,1001,2.4147329330444336,0.001,1,a2c_lr_high_seed1,0.24548594653606415,4.33988094329834,0.6936076879501343,0.3897191882133484,8.302338600158691
1104,-46.08285903930664,-34.73209223031998,1001,0.7649494409561157,0.001,1,a2c_lr_high_seed1,-0.673487663269043,2.878178119659424,0.651970624923706,-0.41506218910217285,9.567718505859375
1104,-46.08285903930664,-34.73209223031998,1001,5.920583724975586,0.001,1,a2c_lr_high_seed1,0.6076905727386475,10.62720012664795,0.7068667411804199,1.2135525941848755,22.706472396850586
1104,-46.08285903930664,-34.73209223031998,1001,1.7920677661895752,0.001,1,a2c_lr_high_seed1,-0.2253596931695938,4.03613805770874,0.6415836811065674,-0.11516176164150238,4.552050590515137
1105,-85.10113525390625,-32.98515924692154,235,133.25656127929688,0.001,1,a2c_lr_high_seed1,-3.564643383026123,273.6435852050781,0.6020944118499756,-4.727607727050781,121.04010009765625
1105,-85.10113525390625,-32.98515924692154,235,3.1269173622131348,0.001,1,a2c_lr_high_seed1,0.15821951627731323,5.938738822937012,0.6716998815536499,0.4538390636444092,12.003861427307129
1106,-54.31815719604492,-29.599745047092437,1001,6.804172515869141,0.001,1,a2c_lr_high_seed1,-0.12590032815933228,13.861477851867676,0.6660742163658142,0.43770259618759155,18.523401260375977
1106,-54.31815719604492,-29.599745047092437,1001,2.3687849044799805,0.001,1,a2c_lr_high_seed1,-0.7035294771194458,6.146100997924805,0.7361966967582703,-0.6099820733070374,13.89161491394043
1106,-54.31815719604492,-29.599745047092437,1001,2.278330087661743,0.001,1,a2c_lr_high_seed1,-0.292816162109375,5.143715858459473,0.7117555737495422,-0.05680978298187256,5.719209671020508
1106,-54.31815719604492,-29.599745047092437,1001,1.949105978012085,0.001,1,a2c_lr_high_seed1,-0.7985367774963379,5.496752738952637,0.7335634231567383,-0.8391824960708618,16.67041015625
1106,-54.31815719604492,-29.599745047092437,1001,1.9314210414886475,0.001,1,a2c_lr_high_seed1,-0.4655347764492035,4.79532527923584,0.7068259119987488,-0.48060232400894165,9.559521675109863
1106,-54.31815719604492,-29.599745047092437,1001,1.78581964969635,0.001,1,a2c_lr_high_seed1,-0.10408806800842285,3.7812957763671875,0.7401965856552124,-0.16036896407604218,6.2605509757995605
1106,-54.31815719604492,-29.599745047092437,1001,4.1619110107421875,0.001,1,a2c_lr_high_seed1,0.19137760996818542,7.94255256652832,0.7430173754692078,0.29951411485671997,6.6957173347473145
1106,-54.31815719604492,-29.599745047092437,1001,0.6651832461357117,0.001,1,a2c_lr_high_seed1,-0.7720548510551453,2.8759124279022217,0.7181296348571777,-0.7622259259223938,12.190746307373047
1107,-40.20260238647461,-28.193232824802397,1001,6.339956760406494,0.001,1,a2c_lr_high_seed1,0.7274176478385925,11.226527214050293,0.7243708372116089,1.1741063594818115,20.926027297973633
1107,-40.20260238647461,-28.193232824802397,1001,3.339162826538086,0.001,1,a2c_lr_high_seed1,0.23049432039260864,6.218823432922363,0.7432079315185547,0.4158843755722046,10.180954933166504
1107,-40.20260238647461,-28.193232824802397,1001,2.7479617595672607,0.001,1,a2c_lr_high_seed1,-0.5480480790138245,6.5934858322143555,0.733219563961029,-0.43481796979904175,12.641495704650879
1108,-71.59288024902344,-27.60884882211685,1001,6.465741157531738,0.001,1,a2c_lr_high_seed1,-0.4413287341594696,13.815452575683594,0.6565501093864441,-0.6361786127090454,15.914108276367188
1108,-71.59288024902344,-27.60884882211685,1001,5.741172790527344,0.001,1,a2c_lr_high_seed1,0.7129113078117371,10.057906150817871,0.6916074752807617,1.0979647636413574,17.993757247924805
1108,-71.59288024902344,-27.60884882211685,1001,2.380624532699585,0.001,1,a2c_lr_high_seed1,-0.6932546496391296,6.149229049682617,0.7351820468902588,-0.884037971496582,14.65974235534668
1109,-31.00641632080078,-26.984664709568023,1001,8.111251831054688,0.001,1,a2c_lr_high_seed1,0.6150979399681091,14.993616104125977,0.6544042229652405,1.0881202220916748,18.24877166748047
1109,-31.00641632080078,-26.984664709568023,1001,3.626577615737915,0.001,1,a2c_lr_high_seed1,0.21988318860530853,6.81494140625,0.7763330936431885,0.09292256087064743,7.6634087562561035
1109,-31.00641632080078,-26.984664709568023,1001,2.4543941020965576,0.001,1,a2c_lr_high_seed1,-0.2925833761692047,5.495410442352295,0.7275962829589844,-0.12911827862262726,7.59355354309082
1110,-29.315048217773438,-30.167531836032868,1001,7.4854278564453125,0.001,1,a2c_lr_high_seed1,0.59540855884552,13.781462669372559,0.7121192216873169,0.965049147605896,12.288818359375
1110,-29.315048217773438,-30.167531836032868,1001,3.308924913406372,0.001,1,a2c_lr_high_seed1,-0.8191521763801575,8.257556915283203,0.7014307379722595,-1.2158657312393188,17.90125274658203
1111,-67.5096435546875,-30.131105291843415,1001,8.310648918151855,0.001,1,a2c_lr_high_seed1,-0.337178498506546,17.296981811523438,0.6634678244590759,-0.7503033876419067,24.01181411743164
1111,-67.5096435546875,-30.131105291843415,1001,1.4581552743911743,0.001,1,a2c_lr_high_seed1,-0.11591101437807083,3.149604558944702,0.7360110878944397,0.08792301267385483,2.999913454055786
1111,-67.5096435546875,-30.131105291843415,1001,3.3974461555480957,0.001,1,a2c_lr_high_seed1,-0.003788366913795471,6.803762435913086,0.6465696096420288,0.13069967925548553,8.299752235412598
1112,-39.42364501953125,-31.0952760720253,1001,6.524575710296631,0.001,1,a2c_lr_high_seed1,0.10934536159038544,12.831958770751953,0.7490475177764893,0.1815517544746399,7.50873327255249
1112,-39.42364501953125,-31.0952760720253,1001,2.6795856952667236,0.001,1,a2c_lr_high_seed1,0.13848048448562622,5.083599090576172,0.6942301392555237,0.1541115790605545,4.544404029846191
1112,-39.42364501953125,-31.0952760720253,1001,2.034907102584839,0.001,1,a2c_lr_high_seed1,-0.8246436715126038,5.7205634117126465,0.7310976982116699,-1.1251521110534668,21.60708999633789
1112,-39.42364501953125,-31.0952760720253,1001,1.4283784627914429,0.001,1,a2c_lr_high_seed1,-0.8259305357933044,4.510013580322266,0.6977648138999939,-0.8919193744659424,18.375825881958008
1112,-39.42364501953125,-31.0952760720253,1001,1.8486448526382446,0.001,1,a2c_lr_high_seed1,-0.7210512161254883,5.14077091217041,0.6893980503082275,-0.7997986674308777,15.934508323669434
1113,-93.19915008544922,-31.738083612918853,271,124.08136749267578,0.001,1,a2c_lr_high_seed1,-3.0296123027801514,254.2233428955078,0.695614755153656,-3.624793767929077,94.88951873779297
1113,-93.19915008544922,-31.738083612918853,271,0.9792368412017822,0.001,1,a2c_lr_high_seed1,-0.6758533716201782,3.3116140365600586,0.7168187499046326,-0.5002661347389221,11.250774383544922
1114,-48.972145080566406,-31.320749323368073,1001,4.9372406005859375,0.001,1,a2c_lr_high_seed1,0.3680378198623657,9.139877319335938,0.7359285354614258,0.5294939279556274,10.4629487991333
1114,-48.972145080566406,-31.320749323368073,1001,2.8912580013275146,0.001,1,a2c_lr_high_seed1,-0.5358604788780212,6.855682373046875,0.7226421236991882,-0.5033901333808899,10.63429069519043
1114,-48.972145080566406,-31.320749323368073,1001,3.280054807662964,0.001,1,a2c_lr_high_seed1,0.6249961256980896,5.311608791351318,0.7457172870635986,0.9670260548591614,16.813161849975586
1115,-54.00135040283203,-30.17187389612198,1001,5.8492751121521,0.001,1,a2c_lr_high_seed1,0.6733448505401611,10.353246688842773,0.6929842233657837,1.1065062284469604,13.834351539611816
1115,-54.00135040283203,-30.17187389612198,1001,2.4456183910369873,0.001,1,a2c_lr_high_seed1,0.1415623426437378,4.609580993652344,0.7344551086425781,0.3309248983860016,9.46805477142334
1115,-54.00135040283203,-30.17187389612198,1001,2.247204303741455,0.001,1,a2c_lr_high_seed1,-0.08621871471405029,4.668271541595459,0.7128036022186279,-0.05144163966178894,2.4501919746398926
1115,-54.00135040283203,-30.17187389612198,1001,4.022252559661865,0.001,1,a2c_lr_high_seed1,-1.086836814880371,10.219644546508789,0.7330849170684814,-1.6556850671768188,33.58976745605469
1115,-54.00135040283203,-30.17187389612198,1001,1.744484305381775,0.001,1,a2c_lr_high_seed1,-0.05936839431524277,3.6092121601104736,0.7534586787223816,0.06237904354929924,8.82530689239502
1115,-54.00135040283203,-30.17187389612198,1001,2.7212181091308594,0.001,1,a2c_lr_high_seed1,0.08255665004253387,5.278781890869141,0.7295086979866028,0.32792070508003235,8.393125534057617
1115,-54.00135040283203,-30.17187389612198,1001,2.1349523067474365,0.001,1,a2c_lr_high_seed1,-0.5417540073394775,5.354950904846191,0.7690967917442322,-0.6923633813858032,15.84675407409668
1116,-92.22806549072266,-33.68818447351455,235,115.70317077636719,0.001,1,a2c_lr_high_seed1,-1.7196186780929565,234.84701538085938,0.7202847599983215,-2.8033275604248047,82.21953582763672
1117,-7.9213995933532715,-35.95873160600662,1001,4.034484386444092,0.001,1,a2c_lr_high_seed1,-0.8843571543693542,9.839152336120605,0.7345908284187317,-0.7247827053070068,16.05843162536621
1117,-7.9213995933532715,-35.95873160600662,1001,3.7269880771636963,0.001,1,a2c_lr_high_seed1,0.0903848260641098,7.274653434753418,0.7233818769454956,0.3978891968727112,7.797616481781006
1119,-96.5093994140625,-35.75473788261414,487,132.20440673828125,0.001,1,a2c_lr_high_seed1,-2.7108802795410156,269.8320007324219,0.7239326238632202,-3.0594639778137207,88.27640533447266
1119,-96.5093994140625,-35.75473788261414,487,3.0804364681243896,0.001,1,a2c_lr_high_seed1,0.3334919214248657,5.495276927947998,0.6940674781799316,0.397874116897583,11.803338050842285
1120,-167.59039306640625,-35.817964811325076,960,166.59915161132812,0.001,1,a2c_lr_high_seed1,-0.6361454725265503,334.47198486328125,0.7027935981750488,-3.0556387901306152,73.48954772949219
1120,-167.59039306640625,-35.817964811325076,960,3.813408374786377,0.001,1,a2c_lr_high_seed1,-0.0816277414560318,7.7915449142456055,0.7361372709274292,-0.15761028230190277,6.68971586227417
1120,-167.59039306640625,-35.817964811325076,960,1.8089662790298462,0.001,1,a2c_lr_high_seed1,-0.24204465746879578,4.103423595428467,0.700801432132721,-0.14422903954982758,4.192255973815918
1121,-73.1551742553711,-38.56017352104187,270,144.2876434326172,0.001,1,a2c_lr_high_seed1,-4.309779644012451,297.1962890625,0.7178089022636414,-5.519942760467529,139.955078125
1122,-58.13892364501953,-42.11837832450867,1001,9.481066703796387,0.001,1,a2c_lr_high_seed1,-0.2563368082046509,19.476226806640625,0.7098249793052673,0.008132172748446465,14.461792945861816
1122,-58.13892364501953,-42.11837832450867,1001,2.1526734828948975,0.001,1,a2c_lr_high_seed1,0.402015745639801,3.5027527809143066,0.7185974717140198,0.6941068768501282,12.017021179199219
1122,-58.13892364501953,-42.11837832450867,1001,3.042257308959961,0.001,1,a2c_lr_high_seed1,0.12459917366504669,5.836802005767822,0.7428010106086731,0.5132029056549072,12.25296401977539
1122,-58.13892364501953,-42.11837832450867,1001,3.2058069705963135,0.001,1,a2c_lr_high_seed1,0.168268084526062,6.076496124267578,0.7091805934906006,0.2777353525161743,13.547083854675293
1122,-58.13892364501953,-42.11837832450867,1001,1.5117696523666382,0.001,1,a2c_lr_high_seed1,-0.8903154730796814,4.805639743804932,0.7346401810646057,-1.166883945465088,23.217939376831055
1123,-94.09244537353516,-44.04118689537049,1001,8.05327033996582,0.001,1,a2c_lr_high_seed1,1.0584607124328613,13.991064071655273,0.7225050330162048,1.5466339588165283,28.77982521057129
1123,-94.09244537353516,-44.04118689537049,1001,2.7753841876983643,0.001,1,a2c_lr_high_seed1,0.18394197523593903,5.184367656707764,0.7416760325431824,0.5642011165618896,11.335525512695312
1123,-94.09244537353516,-44.04118689537049,1001,2.300877332687378,0.001,1,a2c_lr_high_seed1,0.03751223534345627,4.528085708618164,0.6778950095176697,0.22110846638679504,4.0293731689453125
1124,-81.84671020507812,-43.874850835800174,270,94.6148452758789,0.001,1,a2c_lr_high_seed1,-1.7282404899597168,192.68760681152344,0.7178726196289062,-2.4762070178985596,69.02059936523438
1124,-81.84671020507812,-43.874850835800174,270,1.864098310470581,0.001,1,a2c_lr_high_seed1,-0.39682915806770325,4.523375511169434,0.7602826356887817,-0.2871377766132355,6.025081157684326
1124,-81.84671020507812,-43.874850835800174,270,1.9834610223770142,0.001,1,a2c_lr_high_seed1,-1.0144658088684082,5.997282028198242,0.7141509652137756,-1.0927503108978271,20.848134994506836
1124,-81.84671020507812,-43.874850835800174,270,1.707267165184021,0.001,1,a2c_lr_high_seed1,-0.7272478938102722,4.870425224304199,0.6975182294845581,-0.6233530640602112,13.454198837280273
1125,-187.49252319335938,-49.56659323692322,967,70.30892944335938,0.001,1,a2c_lr_high_seed1,-2.048189401626587,144.7154541015625,0.6124590039253235,-0.686784029006958,29.42538833618164
1125,-187.49252319335938,-49.56659323692322,967,1.9162596464157104,0.001,1,a2c_lr_high_seed1,-0.8594416975975037,5.552935600280762,0.7663376331329346,-1.0084408521652222,18.55412483215332
1125,-187.49252319335938,-49.56659323692322,967,2.507189989089966,0.001,1,a2c_lr_high_seed1,0.3715062141418457,4.27281379699707,0.7231747508049011,0.6198092103004456,13.346781730651855
1125,-187.49252319335938,-49.56659323692322,967,2.4432754516601562,0.001,1,a2c_lr_high_seed1,-0.538302481174469,5.964572906494141,0.7086053490638733,-0.6510387659072876,13.048858642578125
1125,-187.49252319335938,-49.56659323692322,967,2.697944402694702,0.001,1,a2c_lr_high_seed1,-0.33553755283355713,6.068399429321289,0.7179602384567261,-0.39889997243881226,9.581679344177246
1125,-187.49252319335938,-49.56659323692322,967,2.2163517475128174,0.001,1,a2c_lr_high_seed1,-0.22376373410224915,4.8817009925842285,0.7349519729614258,-0.21494761109352112,7.701456546783447
1126,-92.66886138916016,-50.13496680259705,336,122.4546127319336,0.001,1,a2c_lr_high_seed1,-2.895900011062622,250.70260620117188,0.7956098318099976,-3.8614022731781006,103.13873291015625
1126,-92.66886138916016,-50.13496680259705,336,3.9358229637145996,0.001,1,a2c_lr_high_seed1,0.33058691024780273,7.211932182312012,0.7300013303756714,0.6799838542938232,9.349523544311523
1126,-92.66886138916016,-50.13496680259705,336,4.519446849822998,0.001,1,a2c_lr_high_seed1,0.5197769403457642,8.0007905960083,0.7254500985145569,0.7654365301132202,15.1854887008667
1126,-92.66886138916016,-50.13496680259705,336,21.725278854370117,0.001,1,a2c_lr_high_seed1,-1.1420079469680786,45.735939025878906,0.6831040978431702,-2.0940794944763184,45.88987731933594
1127,-220.52542114257812,-51.24870337486267,879,87.85911560058594,0.001,1,a2c_lr_high_seed1,0.06968878209590912,175.58033752441406,0.7422648668289185,-1.5886905193328857,44.626529693603516
1128,-82.77920532226562,-53.72032568931579,1001,5.9418158531188965,0.001,1,a2c_lr_high_seed1,-0.10525359958410263,12.095555305480957,0.708239734172821,0.154049813747406,4.872308731079102
1128,-82.77920532226562,-53.72032568931579,1001,4.063574314117432,0.001,1,a2c_lr_high_seed1,0.312264621257782,7.504110813140869,0.7455896139144897,0.11044520139694214,10.531728744506836
1129,-24.848918914794922,-56.21042143821716,1001,8.417158126831055,0.001,1,a2c_lr_high_seed1,0.41609182953834534,16.003520965576172,0.6938780546188354,0.8041896224021912,17.52578353881836
1129,-24.848918914794922,-56.21042143821716,1001,1.5206751823425293,0.001,1,a2c_lr_high_seed1,-0.04504244029521942,3.132970094680786,0.7674452662467957,-0.07794323563575745,4.72622537612915
1130,-51.91722106933594,-57.0186660861969,1001,5.4745917320251465,0.001,1,a2c_lr_high_seed1,0.3391132950782776,10.27242660522461,0.734767496585846,0.46301013231277466,8.449101448059082
1130,-51.91722106933594,-57.0186660861969,1001,3.9124763011932373,0.001,1,a2c_lr_high_seed1,0.32785701751708984,7.170722007751465,0.7416476607322693,0.5953435897827148,16.030704498291016
1130,-51.91722106933594,-57.0186660861969,1001,3.987858772277832,0.001,1,a2c_lr_high_seed1,0.30745095014572144,7.362187385559082,0.6860111355781555,0.5916978120803833,15.26220989227295
1130,-51.91722106933594,-57.0186660861969,1001,3.2768747806549072,0.001,1,a2c_lr_high_seed1,-0.6238675713539124,7.802920341491699,0.7179584503173828,-0.7294646501541138,15.475838661193848
1131,-10.07833480834961,-55.55922142982483,1001,7.807066917419434,0.001,1,a2c_lr_high_seed1,0.6313472986221313,14.35288143157959,0.7207633852958679,0.8047509789466858,17.743379592895508
1131,-10.07833480834961,-55.55922142982483,1001,3.1979706287384033,0.001,1,a2c_lr_high_seed1,-0.36467111110687256,7.126667022705078,0.6915389895439148,-0.557863175868988,13.500174522399902
1131,-10.07833480834961,-55.55922142982483,1001,3.6190078258514404,0.001,1,a2c_lr_high_seed1,-0.06937626004219055,7.37815523147583,0.6936228275299072,-0.14018315076828003,10.107799530029297
1132,-134.29623413085938,-56.79390755653381,387,88.82523345947266,0.001,1,a2c_lr_high_seed1,-2.0346717834472656,181.72116088867188,0.681416928768158,-2.980832576751709,68.35017395019531
1132,-134.29623413085938,-56.79390755653381,387,2.689765691757202,0.001,1,a2c_lr_high_seed1,-1.2214055061340332,7.8237833976745605,0.7204219102859497,-1.711092472076416,33.97698211669922
1135,-123.11145782470703,-60.02571152687073,1001,149.7977294921875,0.001,1,a2c_lr_high_seed1,-2.596653699874878,304.78997802734375,0.6068441867828369,-2.4500131607055664,92.50614929199219
1135,-123.11145782470703,-60.02571152687073,1001,4.904433727264404,0.001,1,a2c_lr_high_seed1,-0.10320723801851273,10.016529083251953,0.6238643527030945,0.1399449110031128,10.27656078338623
1135,-123.11145782470703,-60.02571152687073,1001,3.752304792404175,0.001,1,a2c_lr_high_seed1,0.30273064970970154,6.900525093078613,0.6882014274597168,0.5498195290565491,14.45057201385498
1135,-123.11145782470703,-60.02571152687073,1001,2.6326498985290527,0.001,1,a2c_lr_high_seed1,0.01207946240901947,5.242501258850098,0.6802112460136414,0.34695643186569214,7.534354209899902
1135,-123.11145782470703,-60.02571152687073,1001,1.598544716835022,0.001,1,a2c_lr_high_seed1,-0.05725410580635071,3.3129968643188477,0.6996631026268005,-0.08483418822288513,4.0818190574646
1135,-123.11145782470703,-60.02571152687073,1001,2.4679768085479736,0.001,1,a2c_lr_high_seed1,-0.3732330799102783,5.683823108673096,0.7017384171485901,-0.4046829044818878,11.072399139404297
1135,-123.11145782470703,-60.02571152687073,1001,1.6110353469848633,0.001,1,a2c_lr_high_seed1,-0.07671114802360535,3.37691068649292,0.7088320255279541,0.3199111521244049,6.7604241371154785
1137,-78.01844787597656,-59.222656106948854,246,161.85244750976562,0.001,1,a2c_lr_high_seed1,-2.7570900917053223,329.220458984375,0.6916542053222656,-3.6653692722320557,112.48580932617188
1137,-78.01844787597656,-59.222656106948854,246,0.7890750765800476,0.001,1,a2c_lr_high_seed1,-0.4357847571372986,2.451166868209839,0.7236176133155823,-0.2677474617958069,6.998080253601074
1137,-78.01844787597656,-59.222656106948854,246,2.2824761867523193,0.001,1,a2c_lr_high_seed1,-1.258800983428955,7.084037780761719,0.7416964173316956,-1.3584798574447632,25.15054702758789
1137,-78.01844787597656,-59.222656106948854,246,4.128690242767334,0.001,1,a2c_lr_high_seed1,0.2465459555387497,7.765784740447998,0.7481585741043091,0.4085797071456909,16.477006912231445
1137,-78.01844787597656,-59.222656106948854,246,3.935192823410034,0.001,1,a2c_lr_high_seed1,0.5085397958755493,6.854787349700928,0.7406632900238037,0.9172738790512085,15.473356246948242
1137,-78.01844787597656,-59.222656106948854,246,3.455000162124634,0.001,1,a2c_lr_high_seed1,0.00019881129264831543,6.911019802093506,0.7086529731750488,0.3078225255012512,7.059419631958008
1137,-78.01844787597656,-59.222656106948854,246,1.8376332521438599,0.001,1,a2c_lr_high_seed1,-0.7065907120704651,5.090054988861084,0.8035987615585327,-0.7701616287231445,15.61556339263916
1138,-22.308170318603516,-60.26690438270569,1001,8.409323692321777,0.001,1,a2c_lr_high_seed1,-0.17018285393714905,17.160371780395508,0.6793174147605896,0.2766537070274353,8.355621337890625
1138,-22.308170318603516,-60.26690438270569,1001,2.8328757286071777,0.001,1,a2c_lr_high_seed1,-0.612168550491333,6.891632080078125,0.7718657851219177,-0.6344717741012573,16.685131072998047
1139,-72.89019775390625,-59.23143364906311,283,116.74588012695312,0.001,1,a2c_lr_high_seed1,-3.8754971027374268,241.24424743652344,0.7457433342933655,-4.434737682342529,110.42155456542969
1139,-72.89019775390625,-59.23143364906311,283,2.8186447620391846,0.001,1,a2c_lr_high_seed1,-0.6596048474311829,6.958003997802734,0.7525469660758972,-0.8715994358062744,18.38530731201172
1139,-72.89019775390625,-59.23143364906311,283,4.620109558105469,0.001,1,a2c_lr_high_seed1,-0.3794117867946625,10.000528335571289,0.7430037260055542,-0.3601549565792084,8.555384635925293
1139,-72.89019775390625,-59.23143364906311,283,3.005675792694092,0.001,1,a2c_lr_high_seed1,-0.4342908263206482,6.881482124328613,0.7742919325828552,-0.526093065738678,11.63472843170166
1141,-107.75997161865234,-63.52798455238342,1001,82.23141479492188,0.001,1,a2c_lr_high_seed1,0.004888229072093964,164.45445251464844,0.6986207962036133,0.21413694322109222,23.76400375366211
1141,-107.75997161865234,-63.52798455238342,1001,3.0981156826019287,0.001,1,a2c_lr_high_seed1,0.17295339703559875,5.851853370666504,0.7642627358436584,0.4682226777076721,13.00992488861084
1142,-29.881874084472656,-66.37924950599671,1001,3.8140270709991455,0.001,1,a2c_lr_high_seed1,0.1996007114648819,7.230313777923584,0.7304705381393433,0.37919002771377563,7.0296711921691895
1143,-155.39813232421875,-65.62086327552795,732,99.93293762207031,0.001,1,a2c_lr_high_seed1,-2.4295287132263184,204.72634887695312,0.7067912220954895,-2.775752544403076,72.38237762451172
1143,-155.39813232421875,-65.62086327552795,732,2.5696871280670166,0.001,1,a2c_lr_high_seed1,0.30735892057418823,4.526119709014893,0.7316406965255737,0.7554594874382019,16.786893844604492
1143,-155.39813232421875,-65.62086327552795,732,2.9872286319732666,0.001,1,a2c_lr_high_seed1,0.07322362065315247,5.829466342926025,0.7281818389892578,0.41654089093208313,10.892354965209961
1143,-155.39813232421875,-65.62086327552795,732,2.274212121963501,0.001,1,a2c_lr_high_seed1,-0.0399651899933815,4.629817962646484,0.7316755056381226,0.11326514929533005,11.271040916442871
1144,-118.52923583984375,-68.35229298591614,435,112.46826934814453,0.001,1,a2c_lr_high_seed1,-2.9049577713012695,230.74798583984375,0.7649673819541931,-3.0680975914001465,78.26058197021484
1144,-118.52923583984375,-68.35229298591614,435,1.5043426752090454,0.001,1,a2c_lr_high_seed1,-0.23745033144950867,3.485049247741699,0.7315916419029236,0.0003887750208377838,3.5294759273529053
1145,-199.92947387695312,-73.66996327400207,1000,91.5645980834961,0.001,1,a2c_lr_high_seed1,-2.200259208679199,187.53115844726562,0.7214264869689941,-2.2490415573120117,67.08045959472656
1145,-199.92947387695312,-73.66996327400207,1000,2.423403739929199,0.001,1,a2c_lr_high_seed1,-0.7489125728607178,6.3461127281188965,0.739997923374176,-0.6228294968605042,16.53460121154785
1145,-199.92947387695312,-73.66996327400207,1000,2.8950817584991455,0.001,1,a2c_lr_high_seed1,-0.5252162218093872,6.84209680557251,0.7503313422203064,-0.5692979097366333,17.137531280517578
1146,-91.70736694335938,-77.24272358894348,382,66.94499206542969,0.001,1,a2c_lr_high_seed1,-1.9264211654663086,137.7442626953125,0.7144312262535095,-0.8285964727401733,39.52703094482422
1146,-91.70736694335938,-77.24272358894348,382,2.3861749172210693,0.001,1,a2c_lr_high_seed1,-0.21587443351745605,5.205532073974609,0.7167524695396423,-0.11481751501560211,10.044071197509766
1146,-91.70736694335938,-77.24272358894348,382,6.5957794189453125,0.001,1,a2c_lr_high_seed1,0.3520975112915039,12.488821029663086,0.7288345694541931,0.8240655660629272,15.489314079284668
1147,-141.4486846923828,-78.79863415718079,619,101.92606353759766,0.001,1,a2c_lr_high_seed1,-3.0365183353424072,209.92645263671875,0.6394749879837036,-4.218067646026611,102.2870101928711
1147,-141.4486846923828,-78.79863415718079,619,12.63353443145752,0.001,1,a2c_lr_high_seed1,0.4931687116622925,24.282024383544922,0.6470217108726501,0.12904316186904907,27.997852325439453
1148,-138.6577606201172,-80.39996418952941,535,103.81615447998047,0.001,1,a2c_lr_high_seed1,-2.5374884605407715,212.70852661132812,0.620329737663269,-3.1513795852661133,85.6178207397461
1149,-74.3285903930664,-81.42521874427796,1001,8.308825492858887,0.001,1,a2c_lr_high_seed1,0.35303205251693726,15.912895202636719,0.6540868282318115,1.5937576293945312,27.891921997070312
1149,-74.3285903930664,-81.42521874427796,1001,6.269924163818359,0.001,1,a2c_lr_high_seed1,-0.003879159688949585,12.549005508422852,0.6993619799613953,0.3366890847682953,15.882369995117188
1150,-114.94319915771484,-84.34757248878479,352,99.52387237548828,0.001,1,a2c_lr_high_seed1,-2.9790751934051514,205.00723266601562,0.6679832935333252,-3.2513632774353027,79.27715301513672
1150,-114.94319915771484,-84.34757248878479,352,9.10910415649414,0.001,1,a2c_lr_high_seed1,-0.17029258608818054,18.560192108154297,0.6995071172714233,-0.0021178126335144043,15.870176315307617
1150,-114.94319915771484,-84.34757248878479,352,4.66282844543457,0.001,1,a2c_lr_high_seed1,-0.11631506681442261,9.559576988220215,0.6452867984771729,0.8309623599052429,20.05192756652832
1151,-77.41607666015625,-83.94681946754456,370,102.4978256225586,0.001,1,a2c_lr_high_seed1,-1.8232585191726685,208.64352416992188,0.6791433691978455,-3.2684972286224365,89.56665802001953
1153,-105.73414611816406,-82.69059725761413,700,321.3832702636719,0.001,1,a2c_lr_high_seed1,-0.6775031089782715,644.1226196289062,0.5409706234931946,0.180301234126091,99.36255645751953
1153,-105.73414611816406,-82.69059725761413,700,5.490289211273193,0.001,1,a2c_lr_high_seed1,0.981313169002533,9.019320487976074,0.6840671300888062,1.7443619966506958,38.049381256103516
1153,-105.73414611816406,-82.69059725761413,700,2.2196269035339355,0.001,1,a2c_lr_high_seed1,-0.2816930413246155,5.004114627838135,0.7375030517578125,-0.10699701309204102,8.839274406433105
1154,-91.04837799072266,-83.58990763664245,230,117.12677001953125,0.001,1,a2c_lr_high_seed1,-2.0524017810821533,238.35972595214844,0.691791832447052,-3.2384092807769775,101.96440887451172
1154,-91.04837799072266,-83.58990763664245,230,3.1374566555023193,0.001,1,a2c_lr_high_seed1,-1.1272757053375244,8.530938148498535,0.7367298007011414,-1.254240870475769,29.935367584228516
1154,-91.04837799072266,-83.58990763664245,230,2.45499587059021,0.001,1,a2c_lr_high_seed1,0.1562718003988266,4.598778247833252,0.6649172902107239,0.34037163853645325,8.61561393737793
1154,-91.04837799072266,-83.58990763664245,230,1.2850126028060913,0.001,1,a2c_lr_high_seed1,-0.27463310956954956,3.1206750869750977,0.6917688250541687,-0.2756718695163727,6.813429355621338
1154,-91.04837799072266,-83.58990763664245,230,1.894585132598877,0.001,1,a2c_lr_high_seed1,-0.5240523815155029,4.838794708251953,0.7598157525062561,-0.8194468021392822,18.237424850463867
1155,-87.6073226928711,-83.64003138542175,262,114.08751678466797,0.001,1,a2c_lr_high_seed1,-3.3046765327453613,234.78590393066406,0.7525689005851746,-5.009031772613525,137.90570068359375
1156,-90.60126495361328,-84.36569354057312,268,70.52774047851562,0.001,1,a2c_lr_high_seed1,-1.232759714126587,143.5224609375,0.7352961897850037,-2.1021721363067627,64.11344146728516
1156,-90.60126495361328,-84.36569354057312,268,5.23153829574585,0.001,1,a2c_lr_high_seed1,0.16995254158973694,10.124656677246094,0.7422977089881897,0.2315649837255478,6.159815788269043
1156,-90.60126495361328,-84.36569354057312,268,7.945947647094727,0.001,1,a2c_lr_high_seed1,-0.28959667682647705,16.47234344482422,0.6274975538253784,-0.2672685384750366,18.766639709472656
1157,-185.4893341064453,-87.27142817497253,600,134.79470825195312,0.001,1,a2c_lr_high_seed1,0.6788336634635925,268.23291015625,0.5862007737159729,-2.302663803100586,69.22895050048828
1157,-185.4893341064453,-87.27142817497253,600,2.5220303535461426,0.001,1,a2c_lr_high_seed1,0.2943454682826996,4.456667423248291,0.6487632393836975,0.1898982673883438,11.614048957824707
1158,-43.533172607421875,-86.7102340221405,1001,7.920377254486084,0.001,1,a2c_lr_high_seed1,0.07649651169776917,15.688982009887695,0.6105733513832092,0.5264796018600464,12.876112937927246
1158,-43.533172607421875,-86.7102340221405,1001,4.537179470062256,0.001,1,a2c_lr_high_seed1,0.4526415169239044,8.170498847961426,0.7114193439483643,0.6398297548294067,11.4567289352417
1158,-43.533172607421875,-86.7102340221405,1001,3.358262538909912,0.001,1,a2c_lr_high_seed1,0.0918237492442131,6.534314155578613,0.7183760404586792,0.24671100080013275,7.930683612823486
1158,-43.533172607421875,-86.7102340221405,1001,2.803635597229004,0.001,1,a2c_lr_high_seed1,0.16699042916297913,5.2747931480407715,0.7515564560890198,0.438863068819046,11.725314140319824
1159,-126.12345123291016,-88.6125747203827,489,95.68959045410156,0.001,1,a2c_lr_high_seed1,-3.700075149536133,198.78082275390625,0.7514512538909912,-5.075808048248291,121.17874908447266
1159,-126.12345123291016,-88.6125747203827,489,4.246606826782227,0.001,1,a2c_lr_high_seed1,0.025481149554252625,8.443724632263184,0.7369430065155029,0.19172075390815735,7.927750587463379
1159,-126.12345123291016,-88.6125747203827,489,4.978463649749756,0.001,1,a2c_lr_high_seed1,0.9233255386352539,8.111709594726562,0.7167316675186157,1.476714015007019,32.54442596435547
1159,-126.12345123291016,-88.6125747203827,489,6.731697082519531,0.001,1,a2c_lr_high_seed1,-1.3434960842132568,16.151676177978516,0.644470751285553,-1.497719407081604,30.36553192138672
1159,-126.12345123291016,-88.6125747203827,489,8.04765796661377,0.001,1,a2c_lr_high_seed1,0.056758131831884384,15.983074188232422,0.6372127532958984,1.230792760848999,26.089841842651367
1161,82.55558776855469,-85.40304881095886,935,215.98294067382812,0.001,1,a2c_lr_high_seed1,0.34414777159690857,431.27874755859375,0.584646463394165,7.458483695983887,182.13818359375
1162,-109.78620147705078,-86.81029994010925,397,92.05552673339844,0.001,1,a2c_lr_high_seed1,-2.545264720916748,189.2029571533203,0.6843364238739014,-3.210707187652588,95.12467193603516
1162,-109.78620147705078,-86.81029994010925,397,4.783020496368408,0.001,1,a2c_lr_high_seed1,0.47491395473480225,8.617566108703613,0.6764523386955261,1.2420157194137573,21.990385055541992
1162,-109.78620147705078,-86.81029994010925,397,3.854358673095703,0.001,1,a2c_lr_high_seed1,0.44725173711776733,6.8157057762146,0.746001124382019,0.7120001912117004,14.99547004699707
1162,-109.78620147705078,-86.81029994010925,397,2.880934476852417,0.001,1,a2c_lr_high_seed1,-0.10600054264068604,5.975365161895752,0.7475025057792664,0.20126208662986755,14.419873237609863
1163,-215.318115234375,-89.25267924308777,920,77.49005889892578,0.001,1,a2c_lr_high_seed1,-1.6624767780303955,158.30654907226562,0.741161048412323,-2.1326894760131836,67.93427276611328
1163,-215.318115234375,-89.25267924308777,920,2.456418037414551,0.001,1,a2c_lr_high_seed1,0.46427223086357117,3.985713005065918,0.710652232170105,0.6490376591682434,10.851621627807617
1163,-215.318115234375,-89.25267924308777,920,4.931870460510254,0.001,1,a2c_lr_high_seed1,1.0840258598327637,7.697140693664551,0.7256590723991394,1.446087121963501,26.740739822387695
1164,-70.98149871826172,-89.69286631584167,256,60.048763275146484,0.001,1,a2c_lr_high_seed1,-0.5744580030441284,121.24790954589844,0.7342562675476074,-1.794925570487976,52.24516296386719
1164,-70.98149871826172,-89.69286631584167,256,3.578366756439209,0.001,1,a2c_lr_high_seed1,0.5646517872810364,6.028995037078857,0.7824555039405823,0.9250665903091431,14.623114585876465
1164,-70.98149871826172,-89.69286631584167,256,6.825362205505371,0.001,1,a2c_lr_high_seed1,0.3756815195083618,12.900754928588867,0.6967894434928894,1.3138312101364136,26.558456420898438
1164,-70.98149871826172,-89.69286631584167,256,2.584986448287964,0.001,1,a2c_lr_high_seed1,-0.5849414467811584,6.341217994689941,0.6812376976013184,-0.17267164587974548,8.70036506652832
1165,81.61470031738281,-86.98054530143737,847,135.80104064941406,0.001,1,a2c_lr_high_seed1,0.2678069472312927,271.0678405761719,0.6908900737762451,3.4280498027801514,87.71709442138672
1167,-132.03173828125,-89.61811157226562,873,182.0421905517578,0.001,1,a2c_lr_high_seed1,-1.3128231763839722,366.71136474609375,0.663888692855835,-5.342901229858398,111.78167724609375
1167,-132.03173828125,-89.61811157226562,873,4.798794269561768,0.001,1,a2c_lr_high_seed1,0.32732275128364563,8.944474220275879,0.7659376263618469,0.906093955039978,23.614835739135742
1167,-132.03173828125,-89.61811157226562,873,1.2529298067092896,0.001,1,a2c_lr_high_seed1,-0.17699763178825378,2.8613739013671875,0.759522020816803,0.030730966478586197,7.347323894500732
1167,-132.03173828125,-89.61811157226562,873,3.5248219966888428,0.001,1,a2c_lr_high_seed1,0.6550003290176392,5.741118431091309,0.7373476624488831,1.2222142219543457,26.435575485229492
1167,-132.03173828125,-89.61811157226562,873,1.4979337453842163,0.001,1,a2c_lr_high_seed1,0.011593103408813477,2.974132537841797,0.7255834341049194,0.3294034004211426,8.452259063720703
1167,-132.03173828125,-89.61811157226562,873,9.308698654174805,0.001,1,a2c_lr_high_seed1,-0.37827998399734497,19.37515640258789,0.599892258644104,0.0317879319190979,8.72944164276123
1167,-132.03173828125,-89.61811157226562,873,5.042309761047363,0.001,1,a2c_lr_high_seed1,-0.314566969871521,10.714859962463379,0.5531480312347412,-0.680091142654419,17.52374267578125
1167,-132.03173828125,-89.61811157226562,873,14.77342414855957,0.001,1,a2c_lr_high_seed1,0.3269188106060028,28.894168853759766,0.5790987014770508,-0.6907446980476379,39.1397819519043
1167,-132.03173828125,-89.61811157226562,873,8.018292427062988,0.001,1,a2c_lr_high_seed1,-0.24545921385288239,16.528654098510742,0.5748420357704163,0.2763915956020355,12.31075382232666
1168,-64.77188110351562,-90.36124061584472,310,94.17383575439453,0.001,1,a2c_lr_high_seed1,-3.112522602081299,194.57394409179688,0.6099832057952881,-2.851055383682251,80.15019226074219
1169,-13.958089828491211,-88.7102144241333,1001,6.7485127449035645,0.001,1,a2c_lr_high_seed1,-0.22471576929092407,13.947811126708984,0.6769490242004395,0.5690757036209106,15.704343795776367
1169,-13.958089828491211,-88.7102144241333,1001,3.626654624938965,0.001,1,a2c_lr_high_seed1,0.37867456674575806,6.497292518615723,0.6660804152488708,0.9520957469940186,13.757893562316895
1169,-13.958089828491211,-88.7102144241333,1001,3.4292237758636475,0.001,1,a2c_lr_high_seed1,0.07660391926765442,6.7066426277160645,0.7013106942176819,0.7649004459381104,14.004167556762695
1169,-13.958089828491211,-88.7102144241333,1001,8.920256614685059,0.001,1,a2c_lr_high_seed1,0.38866570591926575,17.0645694732666,0.694040834903717,1.5886118412017822,33.9065055847168
1171,-123.81096649169922,-87.20133571624756,624,168.5187225341797,0.001,1,a2c_lr_high_seed1,0.32460108399391174,336.3894958496094,0.6265933513641357,-3.115692138671875,110.0851821899414
1171,-123.81096649169922,-87.20133571624756,624,1.9420377016067505,0.001,1,a2c_lr_high_seed1,0.3165353536605835,3.252509117126465,0.7522178888320923,0.7243633270263672,12.931976318359375
1171,-123.81096649169922,-87.20133571624756,624,2.8689277172088623,0.001,1,a2c_lr_high_seed1,-0.23070408403873444,6.200807571411133,0.7720968723297119,0.08304286003112793,10.886161804199219
1171,-123.81096649169922,-87.20133571624756,624,4.185349464416504,0.001,1,a2c_lr_high_seed1,0.595272958278656,7.181751728057861,0.7990409731864929,0.8598390221595764,20.124624252319336
1171,-123.81096649169922,-87.20133571624756,624,1.5318275690078735,0.001,1,a2c_lr_high_seed1,-0.2834646701812744,3.6321706771850586,0.7930482625961304,-0.2673494219779968,5.95097017288208
1172,-89.03340148925781,-87.81922527313232,1001,8.569308280944824,0.001,1,a2c_lr_high_seed1,0.8735728859901428,15.3928861618042,0.7078481912612915,1.2922672033309937,24.033527374267578
1172,-89.03340148925781,-87.81922527313232,1001,1.833810567855835,0.001,1,a2c_lr_high_seed1,0.4084641933441162,2.8521738052368164,0.7405109405517578,0.7513068914413452,14.814114570617676
1172,-89.03340148925781,-87.81922527313232,1001,5.972081661224365,0.001,1,a2c_lr_high_seed1,0.602211058139801,10.741170883178711,0.7149344086647034,0.8004714846611023,20.43682289123535
1172,-89.03340148925781,-87.81922527313232,1001,10.580497741699219,0.001,1,a2c_lr_high_seed1,0.4268667697906494,20.30855941772461,0.6486082077026367,1.0996743440628052,23.008668899536133
1174,105.67227172851562,-83.29276081085204,793,230.17770385742188,0.001,1,a2c_lr_high_seed1,0.5023233890533447,459.35198974609375,0.6077358722686768,7.539699077606201,198.40487670898438
1174,105.67227172851562,-83.29276081085204,793,7.013883113861084,0.001,1,a2c_lr_high_seed1,0.5626118779182434,12.903868675231934,0.6634295582771301,1.2630220651626587,17.415395736694336
1174,105.67227172851562,-83.29276081085204,793,2.5347201824188232,0.001,1,a2c_lr_high_seed1,-0.30409932136535645,5.679116725921631,0.7388136982917786,-0.25400906801223755,9.815511703491211
1176,-91.14666748046875,-81.10129581451416,238,210.2013397216797,0.001,1,a2c_lr_high_seed1,-4.72912073135376,429.8623046875,0.6848032474517822,-5.788224697113037,175.35145568847656
1176,-91.14666748046875,-81.10129581451416,238,4.313543319702148,0.001,1,a2c_lr_high_seed1,0.1788349747657776,8.270883560180664,0.7332357168197632,0.6094081401824951,14.848204612731934
1176,-91.14666748046875,-81.10129581451416,238,11.02552318572998,0.001,1,a2c_lr_high_seed1,0.7004290223121643,20.651508331298828,0.6600098609924316,1.3533620834350586,24.4058780670166
1176,-91.14666748046875,-81.10129581451416,238,3.5848069190979004,0.001,1,a2c_lr_high_seed1,-0.6588680744171143,8.48858642578125,0.6181284189224243,-0.9621017575263977,19.78611183166504
1177,-66.13822937011719,-78.01355197906494,218,144.09451293945312,0.001,1,a2c_lr_high_seed1,-2.497530460357666,293.185302734375,0.608569860458374,-5.280244827270508,137.43946838378906
1178,-29.004480361938477,-76.9380574798584,1001,22.885541915893555,0.001,1,a2c_lr_high_seed1,0.22862470149993896,45.315120697021484,0.642350971698761,1.1825978755950928,38.50713348388672
1179,-96.00328063964844,-78.36114471435548,181,112.74147033691406,0.001,1,a2c_lr_high_seed1,-3.433687448501587,232.35171508789062,0.7035194635391235,-1.9622797966003418,76.67829895019531
1179,-96.00328063964844,-78.36114471435548,181,2.927924156188965,0.001,1,a2c_lr_high_seed1,0.27520251274108887,5.306912422180176,0.7346070408821106,0.634739339351654,10.255363464355469
1179,-96.00328063964844,-78.36114471435548,181,2.5236034393310547,0.001,1,a2c_lr_high_seed1,-0.32599562406539917,5.700535774230957,0.6687756776809692,-0.37474143505096436,16.026716232299805
1179,-96.00328063964844,-78.36114471435548,181,2.3711538314819336,0.001,1,a2c_lr_high_seed1,-0.3839867413043976,5.511780261993408,0.7496167421340942,-0.46578988432884216,13.70709228515625
1179,-96.00328063964844,-78.36114471435548,181,2.4924678802490234,0.001,1,a2c_lr_high_seed1,-0.18746504187583923,5.3614044189453125,0.7693317532539368,-0.09744219481945038,5.0195770263671875
1179,-96.00328063964844,-78.36114471435548,181,1.9632184505462646,0.001,1,a2c_lr_high_seed1,-0.9968392252922058,5.921637535095215,0.7610381841659546,-1.1575860977172852,24.73271942138672
1179,-96.00328063964844,-78.36114471435548,181,2.608286142349243,0.001,1,a2c_lr_high_seed1,-0.3123168349266052,5.842739582061768,0.7667788863182068,-0.4815523326396942,9.854698181152344
1179,-96.00328063964844,-78.36114471435548,181,2.18471360206604,0.001,1,a2c_lr_high_seed1,-0.9010642766952515,6.173064231872559,0.7541229724884033,-1.111033320426941,23.035533905029297
1180,-81.4482421875,-78.95176513671875,251,83.24150848388672,0.001,1,a2c_lr_high_seed1,-1.8043344020843506,170.0931396484375,0.7218560576438904,-2.077383279800415,59.25446701049805
1183,-59.999114990234375,-77.44241500854493,1001,109.2723388671875,0.001,1,a2c_lr_high_seed1,0.09026380628347397,218.3654327392578,0.6425573825836182,0.557168185710907,54.88254928588867
1183,-59.999114990234375,-77.44241500854493,1001,4.509218215942383,0.001,1,a2c_lr_high_seed1,0.4037264883518219,8.212514877319336,0.7656437158584595,1.1480988264083862,14.268534660339355
1183,-59.999114990234375,-77.44241500854493,1001,4.594881534576416,0.001,1,a2c_lr_high_seed1,0.4244045615196228,8.342484474182129,0.765295147895813,0.8237768411636353,12.680940628051758
1183,-59.999114990234375,-77.44241500854493,1001,2.8320934772491455,0.001,1,a2c_lr_high_seed1,-0.32789385318756104,6.321418762207031,0.7221348285675049,-0.37679582834243774,9.061509132385254
1184,-32.059017181396484,-76.14592247009277,1001,6.555173873901367,0.001,1,a2c_lr_high_seed1,-0.06904369592666626,13.249889373779297,0.7271074056625366,0.187178373336792,16.07737922668457
1184,-32.059017181396484,-76.14592247009277,1001,3.9151272773742676,0.001,1,a2c_lr_high_seed1,-0.025693632662296295,7.883091449737549,0.7247540950775146,0.37932485342025757,11.729745864868164
1184,-32.059017181396484,-76.14592247009277,1001,1.2389743328094482,0.001,1,a2c_lr_high_seed1,-0.4428422749042511,3.3649821281433105,0.6744529604911804,-0.580997884273529,13.311710357666016
1184,-32.059017181396484,-76.14592247009277,1001,1.8334174156188965,0.001,1,a2c_lr_high_seed1,-0.13486354053020477,3.938051223754883,0.7446430921554565,-0.15780040621757507,4.887832164764404
1184,-32.059017181396484,-76.14592247009277,1001,2.422560930252075,0.001,1,a2c_lr_high_seed1,0.19178339838981628,4.463029861450195,0.7373554110527039,0.313122421503067,6.475917339324951
1184,-32.059017181396484,-76.14592247009277,1001,1.4285671710968018,0.001,1,a2c_lr_high_seed1,-0.3493157923221588,3.5571787357330322,0.7064412236213684,-0.5918221473693848,14.587309837341309
1184,-32.059017181396484,-76.14592247009277,1001,4.614134311676025,0.001,1,a2c_lr_high_seed1,-0.7160273790359497,10.661783218383789,0.7299248576164246,-1.0423576831817627,26.436893463134766
1185,-95.7760009765625,-75.59921333312988,194,18.703414916992188,0.001,1,a2c_lr_high_seed1,-1.38773775100708,40.18367385864258,0.684323251247406,-1.3602979183197021,27.054365158081055
1185,-95.7760009765625,-75.59921333312988,194,4.710049152374268,0.001,1,a2c_lr_high_seed1,-0.35232898592948914,10.126124382019043,0.6843400001525879,-0.43754327297210693,16.81065559387207
1185,-95.7760009765625,-75.59921333312988,194,2.2946741580963135,0.001,1,a2c_lr_high_seed1,-0.5200232863426208,5.630866527557373,0.735680341720581,-0.7655730843544006,14.763681411743164
1186,-84.01749420166016,-75.70976341247558,1001,14.835258483886719,0.001,1,a2c_lr_high_seed1,1.1568812131881714,27.358186721801758,0.7162827849388123,1.7210134267807007,38.866790771484375
1186,-84.01749420166016,-75.70976341247558,1001,2.817190408706665,0.001,1,a2c_lr_high_seed1,-0.8073530197143555,7.250423431396484,0.6682582497596741,-1.243770718574524,29.631061553955078
1188,-27.878459930419922,-76.42467964172363,1001,72.72804260253906,0.001,1,a2c_lr_high_seed1,-0.6188539862632751,146.69517517089844,0.694182276725769,0.4028412103652954,40.36966323852539
1188,-27.878459930419922,-76.42467964172363,1001,4.229208469390869,0.001,1,a2c_lr_high_seed1,0.5845246315002441,7.2908616065979,0.7473128437995911,0.7572500109672546,15.413765907287598
1188,-27.878459930419922,-76.42467964172363,1001,2.1703240871429443,0.001,1,a2c_lr_high_seed1,0.15983977913856506,4.022420883178711,0.726313591003418,0.11483275890350342,4.4593000411987305
1188,-27.878459930419922,-76.42467964172363,1001,3.3511714935302734,0.001,1,a2c_lr_high_seed1,-0.005778104066848755,6.715387344360352,0.7440702319145203,0.06663680076599121,9.229280471801758
1188,-27.878459930419922,-76.42467964172363,1001,1.935927391052246,0.001,1,a2c_lr_high_seed1,0.051224417984485626,3.770949363708496,0.7717479467391968,0.15528032183647156,8.724017143249512
1188,-27.878459930419922,-76.42467964172363,1001,2.8883605003356934,0.001,1,a2c_lr_high_seed1,-0.8443237543106079,7.466927528381348,0.7795361280441284,-1.0936897993087769,31.36334991455078
1189,-46.886444091796875,-75.90460456848145,1001,4.036210536956787,0.001,1,a2c_lr_high_seed1,-0.7124547362327576,9.498719215393066,0.6940821409225464,-0.8361155390739441,22.39650535583496
1189,-46.886444091796875,-75.90460456848145,1001,1.198147177696228,0.001,1,a2c_lr_high_seed1,-0.3569276034832001,3.1115567684173584,0.7035915851593018,-0.35680121183395386,10.512005805969238
1189,-46.886444091796875,-75.90460456848145,1001,2.439868927001953,0.001,1,a2c_lr_high_seed1,-0.31397420167922974,5.509214401245117,0.7642499208450317,-0.5147038102149963,16.18646812438965
1189,-46.886444091796875,-75.90460456848145,1001,1.6253507137298584,0.001,1,a2c_lr_high_seed1,-0.7258431911468506,4.703805923461914,0.7090746164321899,-0.8949195146560669,22.019126892089844
1189,-46.886444091796875,-75.90460456848145,1001,2.5883078575134277,0.001,1,a2c_lr_high_seed1,-0.16780973970890045,5.513836860656738,0.8008366227149963,-0.16131535172462463,8.591087341308594
1190,-164.70989990234375,-76.23605659484863,870,104.350341796875,0.001,1,a2c_lr_high_seed1,-2.2677574157714844,213.237548828125,0.6746395230293274,-4.695659637451172,119.842041015625
1190,-164.70989990234375,-76.23605659484863,870,5.3527302742004395,0.001,1,a2c_lr_high_seed1,-1.183011770248413,13.072795867919922,0.6558322906494141,-1.735568881034851,43.1871337890625
1190,-164.70989990234375,-76.23605659484863,870,3.254868984222412,0.001,1,a2c_lr_high_seed1,-0.5091107487678528,7.529527187347412,0.7838122844696045,-1.0942445993423462,31.613903045654297
1193,-119.48343658447266,-77.40515312194825,469,165.11927795410156,0.001,1,a2c_lr_high_seed1,-2.28192138671875,334.8038024902344,0.6956290602684021,-2.4705822467803955,136.4357452392578
1195,-40.42027282714844,-73.71431709289551,1001,24.29525375366211,0.001,1,a2c_lr_high_seed1,1.0243786573410034,46.54318618774414,0.717482328414917,1.4541471004486084,41.00505065917969
1196,-112.50126647949219,-74.13019508361816,162,128.98605346679688,0.001,1,a2c_lr_high_seed1,-4.053615093231201,266.0807800292969,0.7205305695533752,-3.2265055179595947,129.20001220703125
1196,-112.50126647949219,-74.13019508361816,162,7.117274284362793,0.001,1,a2c_lr_high_seed1,0.6410201787948608,12.953953742980957,0.7231037616729736,0.710919976234436,27.67059898376465
1196,-112.50126647949219,-74.13019508361816,162,1.2238081693649292,0.001,1,a2c_lr_high_seed1,-0.3186837136745453,3.0865373611450195,0.7767723798751831,-0.28295883536338806,9.180384635925293
1197,-165.12017822265625,-74.60362495422363,619,109.15550231933594,0.001,1,a2c_lr_high_seed1,-4.210885047912598,226.7342529296875,0.7425081133842468,-4.723160743713379,130.87802124023438
1197,-165.12017822265625,-74.60362495422363,619,4.005590438842773,0.001,1,a2c_lr_high_seed1,-0.3615492880344391,8.735611915588379,0.6661033630371094,-0.31391024589538574,14.38572883605957
1197,-165.12017822265625,-74.60362495422363,619,4.7873616218566895,0.001,1,a2c_lr_high_seed1,-0.513817310333252,10.603825569152832,0.7340017557144165,-0.5540410876274109,24.367542266845703
1197,-165.12017822265625,-74.60362495422363,619,5.24818754196167,0.001,1,a2c_lr_high_seed1,-1.380472183227539,13.258705139160156,0.6928532123565674,-1.3601388931274414,37.57065200805664
1199,-133.3238525390625,-75.22189933776855,247,179.39697265625,0.001,1,a2c_lr_high_seed1,-4.912949562072754,368.6210632324219,0.6072763204574585,-5.828510284423828,189.92051696777344
1199,-133.3238525390625,-75.22189933776855,247,5.819255352020264,0.001,1,a2c_lr_high_seed1,-0.9746875762939453,13.589198112487793,0.6563194990158081,-1.2123651504516602,31.25149154663086
1200,-127.72095489501953,-75.47745445251465,349,104.77276611328125,0.001,1,a2c_lr_high_seed1,-2.091925621032715,213.73080444335938,0.7072319388389587,-2.578420400619507,102.44327545166016
1200,-127.72095489501953,-75.47745445251465,349,4.85506534576416,0.001,1,a2c_lr_high_seed1,0.14358289539813995,9.424315452575684,0.6752390265464783,0.28564152121543884,11.949677467346191
1200,-127.72095489501953,-75.47745445251465,349,3.3362820148468018,0.001,1,a2c_lr_high_seed1,0.009322941303253174,6.6552934646606445,0.6875981092453003,0.3151417076587677,19.52703857421875
1201,-101.11557006835938,-75.95144432067872,168,97.04287719726562,0.001,1,a2c_lr_high_seed1,-2.959212303161621,200.00558471679688,0.7038790583610535,-3.2163023948669434,111.32661437988281
1202,-54.28187561035156,-79.57955757141113,1001,11.82401180267334,0.001,1,a2c_lr_high_seed1,1.5487958192825317,20.55182647705078,0.6973763108253479,1.8104820251464844,34.83025360107422
1202,-54.28187561035156,-79.57955757141113,1001,2.0436787605285645,0.001,1,a2c_lr_high_seed1,0.07213981449604034,3.9444968700408936,0.7096368074417114,0.29459428787231445,8.386772155761719
1202,-54.28187561035156,-79.57955757141113,1001,1.6903138160705566,0.001,1,a2c_lr_high_seed1,-0.41901251673698425,4.220102787017822,0.7250328063964844,-0.24721354246139526,6.422852516174316
1202,-54.28187561035156,-79.57955757141113,1001,4.980447292327881,0.001,1,a2c_lr_high_seed1,0.8631643056869507,8.235952377319336,0.6935192346572876,1.1671310663223267,30.320934295654297
1202,-54.28187561035156,-79.57955757141113,1001,2.241809844970703,0.001,1,a2c_lr_high_seed1,0.36807942390441895,3.7489125728607178,0.7256773114204407,0.7988896369934082,20.041528701782227
1202,-54.28187561035156,-79.57955757141113,1001,2.8778367042541504,0.001,1,a2c_lr_high_seed1,-0.24256592988967896,6.242213249206543,0.7040724158287048,-0.02965579926967621,7.759769439697266
1202,-54.28187561035156,-79.57955757141113,1001,3.202971935272217,0.001,1,a2c_lr_high_seed1,0.48779207468032837,5.43173360824585,0.6869388222694397,0.7672195434570312,16.07830047607422
1202,-54.28187561035156,-79.57955757141113,1001,1.912126064300537,0.001,1,a2c_lr_high_seed1,0.03398675471544266,3.757641553878784,0.6815471649169922,0.37801557779312134,9.799483299255371
1202,-54.28187561035156,-79.57955757141113,1001,1.8131834268569946,0.001,1,a2c_lr_high_seed1,-0.23980581760406494,4.107469081878662,0.7452769875526428,-0.1899501383304596,7.257130146026611
1202,-54.28187561035156,-79.57955757141113,1001,2.268712043762207,0.001,1,a2c_lr_high_seed1,-0.2742818295955658,5.087493896484375,0.7531066536903381,-0.17359305918216705,5.394941806793213
1202,-54.28187561035156,-79.57955757141113,1001,7.039064407348633,0.001,1,a2c_lr_high_seed1,1.2406690120697021,11.59827995300293,0.7449392676353455,1.741225242614746,40.33790588378906
1202,-54.28187561035156,-79.57955757141113,1001,17.26633644104004,0.001,1,a2c_lr_high_seed1,-1.1938434839248657,36.921749114990234,0.6939436197280884,-1.7130224704742432,41.05860137939453
1204,-91.80484771728516,-80.72874641418457,586,172.52716064453125,0.001,1,a2c_lr_high_seed1,-2.6604366302490234,350.3765563964844,0.6924232244491577,-4.925329208374023,130.17356872558594
1204,-91.80484771728516,-80.72874641418457,586,7.544711589813232,0.001,1,a2c_lr_high_seed1,0.6654433012008667,13.760000228881836,0.7320296764373779,0.9724365472793579,28.169170379638672
1204,-91.80484771728516,-80.72874641418457,586,3.482895612716675,0.001,1,a2c_lr_high_seed1,0.3905556797981262,6.186169624328613,0.7448034882545471,0.7407650947570801,19.612865447998047
1204,-91.80484771728516,-80.72874641418457,586,3.373823881149292,0.001,1,a2c_lr_high_seed1,0.20326687395572662,6.342684268951416,0.7852171063423157,0.3218148350715637,8.32713508605957
1205,-42.05819320678711,-79.81776382446289,1001,10.821558952331543,0.001,1,a2c_lr_high_seed1,0.56343674659729,20.51764488220215,0.7004643082618713,1.08475661277771,24.917652130126953
1206,-36.57569122314453,-78.73725234985352,1001,13.167428016662598,0.001,1,a2c_lr_high_seed1,0.9457659721374512,24.444578170776367,0.6269023418426514,1.784153938293457,34.4703369140625
1207,-122.92172241210938,-77.4859001159668,561,36.514957427978516,0.001,1,a2c_lr_high_seed1,1.1149389743804932,70.80147552490234,0.7197616100311279,1.859508752822876,57.63146209716797
1207,-122.92172241210938,-77.4859001159668,561,1.3306461572647095,0.001,1,a2c_lr_high_seed1,-0.14518162608146667,2.9531972408294678,0.770760715007782,-0.012095615267753601,6.989560604095459
1208,-181.69444274902344,-80.24912551879883,771,144.5196533203125,0.001,1,a2c_lr_high_seed1,-0.5139912366867065,290.068603515625,0.6555070877075195,-4.587186813354492,133.5417938232422
1208,-181.69444274902344,-80.24912551879883,771,2.186816453933716,0.001,1,a2c_lr_high_seed1,0.24696549773216248,3.881129503250122,0.7138877511024475,0.5623290538787842,11.637571334838867
1209,-55.64509963989258,-78.83955848693847,1001,12.734695434570312,0.001,1,a2c_lr_high_seed1,0.4282805323600769,24.6142520904541,0.7113568782806396,1.2579996585845947,30.557891845703125
1209,-55.64509963989258,-78.83955848693847,1001,2.7448008060455322,0.001,1,a2c_lr_high_seed1,-0.3634522557258606,6.217934608459473,0.7143965363502502,-0.37364840507507324,10.566094398498535
1209,-55.64509963989258,-78.83955848693847,1001,1.9456852674484253,0.001,1,a2c_lr_high_seed1,-0.22700655460357666,4.346856117248535,0.736213207244873,-0.23839524388313293,5.738186836242676
1209,-55.64509963989258,-78.83955848693847,1001,3.4581806659698486,0.001,1,a2c_lr_high_seed1,0.4912923276424408,5.935232639312744,0.727869987487793,0.8962283134460449,19.588308334350586
1209,-55.64509963989258,-78.83955848693847,1001,2.784221887588501,0.001,1,a2c_lr_high_seed1,-0.3007732927799225,6.171535491943359,0.7723761796951294,-0.41852059960365295,11.334712982177734
1209,-55.64509963989258,-78.83955848693847,1001,4.074701309204102,0.001,1,a2c_lr_high_seed1,0.6858012676239014,6.779318809509277,0.759272575378418,0.9665273427963257,19.40028953552246
1210,-92.62388610839844,-80.31395652770996,240,74.97600555419922,0.001,1,a2c_lr_high_seed1,-0.7402726411819458,151.43399047851562,0.7160981893539429,-1.648422122001648,74.21577453613281
1211,-108.75952911376953,-84.14025886535644,369,82.33224487304688,0.001,1,a2c_lr_high_seed1,-2.871070384979248,170.40797424316406,0.6733648777008057,-2.4788920879364014,85.68705749511719
1212,-54.26517868041992,-83.02983840942383,1001,9.048178672790527,0.001,1,a2c_lr_high_seed1,1.0152344703674316,16.067398071289062,0.7546915411949158,1.873032569885254,37.202274322509766
1212,-54.26517868041992,-83.02983840942383,1001,16.793149948120117,0.001,1,a2c_lr_high_seed1,0.9581165313720703,31.67156219482422,0.7481338977813721,2.5594232082366943,70.14929962158203
1212,-54.26517868041992,-83.02983840942383,1001,1.9203228950500488,0.001,1,a2c_lr_high_seed1,-0.41778260469436646,4.67758846282959,0.6888040900230408,-0.2745439112186432,17.0880184173584
1212,-54.26517868041992,-83.02983840942383,1001,1.9881035089492798,0.001,1,a2c_lr_high_seed1,0.24471765756607056,3.488351345062256,0.789732813835144,0.374884694814682,9.028230667114258
1212,-54.26517868041992,-83.02983840942383,1001,4.111291885375977,0.001,1,a2c_lr_high_seed1,-0.22166219353675842,8.667427062988281,0.7595098614692688,-0.05102565139532089,17.963953018188477
1212,-54.26517868041992,-83.02983840942383,1001,1.8073369264602661,0.001,1,a2c_lr_high_seed1,-0.5754363536834717,4.767017841339111,0.7356326580047607,-0.5795295238494873,17.26526641845703
1213,-105.5594253540039,-80.83466461181641,642,81.24783325195312,0.001,1,a2c_lr_high_seed1,-2.5691986083984375,167.635498046875,0.7136251330375671,-2.330933094024658,61.033077239990234
1213,-105.5594253540039,-80.83466461181641,642,3.394259452819824,0.001,1,a2c_lr_high_seed1,-0.22783435881137848,7.245652675628662,0.7324392199516296,-0.4878728687763214,12.098238945007324
1213,-105.5594253540039,-80.83466461181641,642,3.4230751991271973,0.001,1,a2c_lr_high_seed1,0.1323850303888321,6.582830429077148,0.7250531911849976,0.2375372052192688,7.066636562347412
1213,-105.5594253540039,-80.83466461181641,642,0.9088411927223206,0.001,1,a2c_lr_high_seed1,-0.37050971388816833,2.5602259635925293,0.7620632648468018,-0.4601534605026245,12.13129711151123
1213,-105.5594253540039,-80.83466461181641,642,3.5881218910217285,0.001,1,a2c_lr_high_seed1,0.3814355731010437,6.414865016937256,0.7463295459747314,0.4928278923034668,11.907576560974121
1214,-110.32498931884766,-81.62153442382812,379,96.21912384033203,0.001,1,a2c_lr_high_seed1,-2.680706024169922,197.8011474609375,0.7363377809524536,-2.4706358909606934,69.93717193603516
1214,-110.32498931884766,-81.62153442382812,379,4.409572601318359,0.001,1,a2c_lr_high_seed1,0.5335860848426819,7.753513813018799,0.7706841826438904,0.9247980117797852,20.686540603637695
1215,-44.8304328918457,-84.1504370880127,1001,18.536663055419922,0.001,1,a2c_lr_high_seed1,0.6641027331352234,35.746456146240234,0.6673215627670288,1.5911492109298706,40.41864013671875
1216,-73.85733795166016,-83.62766304016114,1001,9.726415634155273,0.001,1,a2c_lr_high_seed1,1.0885605812072754,17.277040481567383,0.6655305624008179,1.5516769886016846,26.63411521911621
1216,-73.85733795166016,-83.62766304016114,1001,1.9512618780136108,0.001,1,a2c_lr_high_seed1,-1.3467594385147095,6.597501277923584,0.7293506860733032,-1.608184576034546,34.9892463684082
1216,-73.85733795166016,-83.62766304016114,1001,2.696580410003662,0.001,1,a2c_lr_high_seed1,0.8111406564712524,3.772459030151367,0.7897018790245056,1.170384168624878,25.573741912841797
1216,-73.85733795166016,-83.62766304016114,1001,3.235696315765381,0.001,1,a2c_lr_high_seed1,0.36098459362983704,5.750901222229004,0.7388101816177368,0.7212299108505249,18.92120933532715
1216,-73.85733795166016,-83.62766304016114,1001,25.08644676208496,0.001,1,a2c_lr_high_seed1,0.023356109857559204,50.127620697021484,0.7182301878929138,-0.7088713645935059,23.16521644592285
1219,-130.64889526367188,-86.36619575500488,672,144.13528442382812,0.001,1,a2c_lr_high_seed1,-1.5885154008865356,291.44891357421875,0.6605423092842102,-2.4834437370300293,74.22923278808594
1220,-122.91542053222656,-87.99469085693359,624,81.8763198852539,0.001,1,a2c_lr_high_seed1,-1.087656021118164,165.92922973632812,0.640786349773407,-1.6242319345474243,61.932518005371094
1220,-122.91542053222656,-87.99469085693359,624,6.430088043212891,0.001,1,a2c_lr_high_seed1,0.17467468976974487,12.512214660644531,0.6936393976211548,0.07026273012161255,12.853718757629395
1220,-122.91542053222656,-87.99469085693359,624,4.471960067749023,0.001,1,a2c_lr_high_seed1,0.8521600961685181,7.241039276123047,0.719354510307312,1.0442683696746826,22.579296112060547
1220,-122.91542053222656,-87.99469085693359,624,3.5843870639801025,0.001,1,a2c_lr_high_seed1,0.5397961139678955,6.090608596801758,0.7134281992912292,0.836532473564148,20.353975296020508
1221,-123.70620727539062,-87.99259567260742,577,107.22906494140625,0.001,1,a2c_lr_high_seed1,-2.1193065643310547,218.69830322265625,0.7746477723121643,-3.416135549545288,80.57817840576172
1222,-70.81483459472656,-87.62822433471679,157,86.56834411621094,0.001,1,a2c_lr_high_seed1,-0.8126383423805237,174.76345825195312,0.7459859848022461,-1.144466757774353,59.12057876586914
1223,-77.55281829833984,-88.0735166168213,389,68.22505950927734,0.001,1,a2c_lr_high_seed1,-1.3001914024353027,139.05198669433594,0.7419542670249939,-0.6368027925491333,42.43781661987305
1223,-77.55281829833984,-88.0735166168213,389,5.341737747192383,0.001,1,a2c_lr_high_seed1,0.8873847126960754,8.910111427307129,0.7026700377464294,1.7439641952514648,30.001585006713867
1223,-77.55281829833984,-88.0735166168213,389,17.460973739624023,0.001,1,a2c_lr_high_seed1,0.09899196028709412,34.72526550292969,0.6502693295478821,-0.4939332604408264,22.94292449951172
1223,-77.55281829833984,-88.0735166168213,389,4.6942338943481445,0.001,1,a2c_lr_high_seed1,0.5402965545654297,8.309154510498047,0.6400049924850464,1.1281437873840332,23.181114196777344
1224,-95.2403564453125,-92.09176918029785,617,92.62315368652344,0.001,1,a2c_lr_high_seed1,-0.9268944263458252,187.10121154785156,0.5569319128990173,-2.7517173290252686,61.2578125
1225,-88.87273406982422,-92.2803945159912,406,122.86811828613281,0.001,1,a2c_lr_high_seed1,-3.0991010665893555,251.9356231689453,0.5942898392677307,-1.9976787567138672,88.48941040039062
1225,-88.87273406982422,-92.2803945159912,406,12.36987018585205,0.001,1,a2c_lr_high_seed1,0.4412120580673218,23.858596801757812,0.6399503350257874,1.8227744102478027,33.85245895385742
1226,125.19400787353516,-87.95358100891113,634,158.88436889648438,0.001,1,a2c_lr_high_seed1,0.7713068127632141,316.2275085449219,0.6824699640274048,4.8447585105896,115.57263946533203
1227,-110.54057312011719,-88.84162788391113,492,163.36265563964844,0.001,1,a2c_lr_high_seed1,0.5316656827926636,325.66339111328125,0.6986590623855591,-3.125413179397583,121.31248474121094
1227,-110.54057312011719,-88.84162788391113,492,5.768365859985352,0.001,1,a2c_lr_high_seed1,1.0145390033721924,9.509112358093262,0.7295234799385071,1.5663686990737915,34.770263671875
1227,-110.54057312011719,-88.84162788391113,492,3.5198676586151123,0.001,1,a2c_lr_high_seed1,0.4754585027694702,6.090394020080566,0.7879980802536011,0.9434385299682617,22.537710189819336
1227,-110.54057312011719,-88.84162788391113,492,2.976351499557495,0.001,1,a2c_lr_high_seed1,0.5664069652557373,4.821536064147949,0.8235802054405212,0.9401991963386536,20.847444534301758
1227,-110.54057312011719,-88.84162788391113,492,20.030120849609375,0.001,1,a2c_lr_high_seed1,-0.6146244406700134,41.291038513183594,0.7752397656440735,-1.0190739631652832,36.081451416015625
1227,-110.54057312011719,-88.84162788391113,492,7.140679359436035,0.001,1,a2c_lr_high_seed1,0.0640990138053894,14.154537200927734,0.6880612969398499,1.1423208713531494,27.539020538330078
1227,-110.54057312011719,-88.84162788391113,492,128.02655029296875,0.001,1,a2c_lr_high_seed1,-0.49955692887306213,257.053466796875,0.6203397512435913,-4.159207344055176,132.92416381835938
1228,-202.77517700195312,-92.31704181671142,508,76.65657043457031,0.001,1,a2c_lr_high_seed1,0.7314375638961792,151.85147094726562,0.6028088927268982,-0.5788670778274536,57.6217155456543
1229,-62.22820281982422,-91.64154026031494,281,38.47553634643555,0.001,1,a2c_lr_high_seed1,-0.17975778877735138,77.3117904663086,0.6016050577163696,0.8184251189231873,16.080045700073242
1229,-62.22820281982422,-91.64154026031494,281,3.738093137741089,0.001,1,a2c_lr_high_seed1,0.43739262223243713,6.602650165557861,0.6247135996818542,1.5111967325210571,29.08481788635254
1229,-62.22820281982422,-91.64154026031494,281,5.33402681350708,0.001,1,a2c_lr_high_seed1,0.6565384864807129,9.356287956237793,0.6556662321090698,1.4520518779754639,34.27885437011719
1229,-62.22820281982422,-91.64154026031494,281,18.938575744628906,0.001,1,a2c_lr_high_seed1,0.4891914427280426,36.900028228759766,0.6302463412284851,1.9363517761230469,37.028541564941406
1229,-62.22820281982422,-91.64154026031494,281,3.8898587226867676,0.001,1,a2c_lr_high_seed1,0.45115768909454346,6.87851619720459,0.5568720102310181,0.9095134735107422,21.384828567504883
1229,-62.22820281982422,-91.64154026031494,281,5.624671459197998,0.001,1,a2c_lr_high_seed1,0.3790881037712097,10.492365837097168,0.5991894006729126,0.8002924919128418,15.284993171691895
1229,-62.22820281982422,-91.64154026031494,281,7.323447227478027,0.001,1,a2c_lr_high_seed1,0.9896129369735718,12.669038772583008,0.6854432225227356,0.46332740783691406,20.289587020874023
1229,-62.22820281982422,-91.64154026031494,281,8.839128494262695,0.001,1,a2c_lr_high_seed1,0.6227771043777466,16.434112548828125,0.7049579620361328,1.4562982320785522,26.944120407104492
1230,36.86015319824219,-89.2753723526001,1001,14.676762580871582,0.001,1,a2c_lr_high_seed1,1.2015920877456665,26.95162010192871,0.6401498913764954,2.221191167831421,44.90424346923828
1231,115.95516204833984,-86.06415599822998,851,63.733272552490234,0.001,1,a2c_lr_high_seed1,1.1578189134597778,125.15235900878906,0.726510226726532,3.0172364711761475,56.9348258972168
1231,115.95516204833984,-86.06415599822998,851,5.568452835083008,0.001,1,a2c_lr_high_seed1,0.5816788077354431,9.975027084350586,0.7397207617759705,0.9981437921524048,12.085613250732422
1231,115.95516204833984,-86.06415599822998,851,2.5366430282592773,0.001,1,a2c_lr_high_seed1,0.1465936303138733,4.781615257263184,0.7582259178161621,0.40027254819869995,9.63654613494873
1231,115.95516204833984,-86.06415599822998,851,1.9355335235595703,0.001,1,a2c_lr_high_seed1,0.061909012496471405,3.7488622665405273,0.8065616488456726,-0.0020871534943580627,3.9377877712249756
1231,115.95516204833984,-86.06415599822998,851,1.7469795942306519,0.001,1,a2c_lr_high_seed1,-0.2690499722957611,4.0335893630981445,0.7650977969169617,-0.3506103456020355,10.335808753967285
1231,115.95516204833984,-86.06415599822998,851,2.9097137451171875,0.001,1,a2c_lr_high_seed1,-0.060287050902843475,5.941535949707031,0.767122209072113,-0.07484205067157745,9.08280086517334
1232,31.77587890625,-83.70958782196045,1001,7.515684127807617,0.001,1,a2c_lr_high_seed1,0.4845907390117645,14.063642501831055,0.7276796102523804,1.0812320709228516,18.278371810913086
1232,31.77587890625,-83.70958782196045,1001,2.5303523540496826,0.001,1,a2c_lr_high_seed1,0.32803958654403687,4.406111240386963,0.7428814768791199,0.4755594730377197,7.40595006942749
1232,31.77587890625,-83.70958782196045,1001,4.4409708976745605,0.001,1,a2c_lr_high_seed1,-0.49217480421066284,9.867718696594238,0.7139131426811218,-0.7173256874084473,21.443885803222656
1232,31.77587890625,-83.70958782196045,1001,2.3482866287231445,0.001,1,a2c_lr_high_seed1,-0.08592365682125092,4.8700385093688965,0.8089372515678406,-0.11412762105464935,4.105679035186768
1233,-36.540462493896484,-83.24041477203369,1001,11.189221382141113,0.001,1,a2c_lr_high_seed1,1.2305315732955933,19.91895866394043,0.7898660898208618,1.5816643238067627,34.47444152832031
1233,-36.540462493896484,-83.24041477203369,1001,8.685773849487305,0.001,1,a2c_lr_high_seed1,0.971773624420166,15.429481506347656,0.7405188083648682,1.253894567489624,15.948270797729492
1234,-39.80398178100586,-83.39531406402588,1001,7.834562301635742,0.001,1,a2c_lr_high_seed1,0.8620527386665344,13.946513175964355,0.7472229599952698,0.944022536277771,22.02508544921875
1234,-39.80398178100586,-83.39531406402588,1001,3.1562201976776123,0.001,1,a2c_lr_high_seed1,-0.16390687227249146,6.641690254211426,0.7180365324020386,-0.09255235642194748,9.840391159057617
1235,12.931753158569336,-81.22115898132324,1001,10.767417907714844,0.001,1,a2c_lr_high_seed1,1.3212556838989258,18.893857955932617,0.7669329643249512,1.5761442184448242,28.698928833007812
1235,12.931753158569336,-81.22115898132324,1001,5.095484256744385,0.001,1,a2c_lr_high_seed1,-0.042138636112213135,10.276674270629883,0.7140882611274719,0.42793235182762146,9.05467700958252
1236,-112.4770736694336,-81.79035057067871,522,106.18954467773438,0.001,1,a2c_lr_high_seed1,-1.902772068977356,216.18601989746094,0.6953134536743164,-2.1698668003082275,65.11692810058594
1237,-81.33110046386719,-81.2530931854248,195,41.11186599731445,0.001,1,a2c_lr_high_seed1,-1.4634677171707153,85.152099609375,0.7158300280570984,-2.3665497303009033,48.179508209228516
1237,-81.33110046386719,-81.2530931854248,195,4.4752397537231445,0.001,1,a2c_lr_high_seed1,0.6963355541229248,7.5592522621154785,0.721730649471283,1.143021583557129,20.172626495361328
1237,-81.33110046386719,-81.2530931854248,195,2.6617772579193115,0.001,1,a2c_lr_high_seed1,-0.05199461430311203,5.429014205932617,0.7352937459945679,-0.021210193634033203,3.307003974914551
1237,-81.33110046386719,-81.2530931854248,195,2.0696041584014893,0.001,1,a2c_lr_high_seed1,-0.3573659062385559,4.855522155761719,0.791005551815033,-0.45051488280296326,10.785693168640137
1238,-84.03040313720703,-82.37613204956055,1001,9.900592803955078,0.001,1,a2c_lr_high_seed1,0.49721604585647583,18.808197021484375,0.7214645147323608,1.1850064992904663,25.596464157104492
1239,-74.98543548583984,-82.9381118774414,1001,10.643495559692383,0.001,1,a2c_lr_high_seed1,0.008015796542167664,21.272380828857422,0.7106826901435852,0.5256213545799255,17.180055618286133
1239,-74.98543548583984,-82.9381118774414,1001,5.015138149261475,0.001,1,a2c_lr_high_seed1,0.26861369609832764,9.49453067779541,0.7409738302230835,0.5615405440330505,22.46438217163086
1239,-74.98543548583984,-82.9381118774414,1001,1.9265228509902954,0.001,1,a2c_lr_high_seed1,0.40734755992889404,3.039935350418091,0.7923676371574402,0.5019922852516174,11.16574764251709
1239,-74.98543548583984,-82.9381118774414,1001,0.9767686128616333,0.001,1,a2c_lr_high_seed1,-0.5965420007705688,3.1482462882995605,0.8125191926956177,-0.6164935827255249,11.05005931854248
1239,-74.98543548583984,-82.9381118774414,1001,3.185807704925537,0.001,1,a2c_lr_high_seed1,-0.4148331880569458,7.202837944030762,0.7780954837799072,-0.40193191170692444,20.208158493041992
1239,-74.98543548583984,-82.9381118774414,1001,2.8599071502685547,0.001,1,a2c_lr_high_seed1,0.0869063138961792,5.547487258911133,0.7428772449493408,0.3128666579723358,15.095441818237305
1240,-80.14985656738281,-81.24691101074218,232,122.23119354248047,0.001,1,a2c_lr_high_seed1,-4.2286906242370605,252.92127990722656,0.7580258250236511,-4.739723205566406,147.3350830078125
1241,-74.86174011230469,-80.11110748291016,224,94.78189849853516,0.001,1,a2c_lr_high_seed1,-2.765160083770752,195.0955352783203,0.7130691409111023,-3.1476006507873535,89.25808715820312
1242,-34.305721282958984,-78.79003288269043,1001,9.276812553405762,0.001,1,a2c_lr_high_seed1,0.9146039485931396,16.725805282592773,0.6945760846138,1.24367094039917,15.993579864501953
1242,-34.305721282958984,-78.79003288269043,1001,3.4585514068603516,0.001,1,a2c_lr_high_seed1,-0.8605831861495972,8.639778137207031,0.7542575597763062,-1.0239297151565552,23.286893844604492
1242,-34.305721282958984,-78.79003288269043,1001,3.8233814239501953,0.001,1,a2c_lr_high_seed1,-0.5175459980964661,8.683365821838379,0.7555984258651733,-0.6050066351890564,20.23628044128418
1242,-34.305721282958984,-78.79003288269043,1001,4.889331817626953,0.001,1,a2c_lr_high_seed1,0.3669227063655853,9.046407699584961,0.7950738668441772,0.4582246243953705,18.229236602783203
1242,-34.305721282958984,-78.79003288269043,1001,2.6294074058532715,0.001,1,a2c_lr_high_seed1,-0.02219727635383606,5.3046722412109375,0.7314947843551636,-0.022416606545448303,6.239755153656006
1242,-34.305721282958984,-78.79003288269043,1001,1.3121228218078613,0.001,1,a2c_lr_high_seed1,-1.0719635486602783,4.769654273986816,0.7407466769218445,-1.241797685623169,24.13545036315918
1244,-84.8162841796875,-80.65434196472168,230,200.53195190429688,0.001,1,a2c_lr_high_seed1,-3.583197832107544,408.231689453125,0.7005662322044373,-5.991427898406982,143.71495056152344
1244,-84.8162841796875,-80.65434196472168,230,3.3758785724639893,0.001,1,a2c_lr_high_seed1,-0.5802345871925354,7.913682460784912,0.728082537651062,-0.96744304895401,18.31934356689453
1244,-84.8162841796875,-80.65434196472168,230,4.107119083404541,0.001,1,a2c_lr_high_seed1,0.5024867057800293,7.210793495178223,0.7642017006874084,0.6784696578979492,15.708006858825684
1244,-84.8162841796875,-80.65434196472168,230,2.1197192668914795,0.001,1,a2c_lr_high_seed1,-0.6583399772644043,5.557641983032227,0.7616547346115112,-0.7638667225837708,14.113194465637207
1245,-91.09795379638672,-81.66789558410645,303,91.18798828125,0.001,1,a2c_lr_high_seed1,-2.7838644981384277,187.94528198242188,0.788842499256134,-2.9966251850128174,82.60894775390625
1245,-91.09795379638672,-81.66789558410645,303,5.459976673126221,0.001,1,a2c_lr_high_seed1,-0.27490901947021484,11.471243858337402,0.7363900542259216,0.13066598773002625,9.504578590393066
1245,-91.09795379638672,-81.66789558410645,303,2.489591121673584,0.001,1,a2c_lr_high_seed1,-0.6100971698760986,6.200887203216553,0.7553175687789917,-0.7406495809555054,15.70937728881836
1247,-62.332801818847656,-78.34177284240722,223,121.76610565185547,0.001,1,a2c_lr_high_seed1,-3.2734062671661377,250.0804443359375,0.7062037587165833,-3.45625376701355,111.54512023925781
1247,-62.332801818847656,-78.34177284240722,223,2.37729811668396,0.001,1,a2c_lr_high_seed1,-0.5177590250968933,5.791662216186523,0.7738925218582153,-0.8305608034133911,19.72359275817871
1247,-62.332801818847656,-78.34177284240722,223,2.364067554473877,0.001,1,a2c_lr_high_seed1,-0.44560950994491577,5.620882034301758,0.7638136148452759,-0.4608473777770996,15.948397636413574
1248,-58.60390090942383,-77.30232650756835,1001,5.132835388183594,0.001,1,a2c_lr_high_seed1,-0.2388269305229187,10.744795799255371,0.7356234788894653,-0.03492765128612518,4.833459377288818
1249,-80.36090087890625,-76.24306747436523,1001,9.381473541259766,0.001,1,a2c_lr_high_seed1,0.3624807298183441,18.039474487304688,0.7450686097145081,0.31996893882751465,21.312759399414062
1251,-42.020992279052734,-74.48839790344238,1001,90.4770736694336,0.001,1,a2c_lr_high_seed1,-1.506927490234375,183.96942138671875,0.708716869354248,-1.652291178703308,69.05168151855469
1251,-42.020992279052734,-74.48839790344238,1001,2.346059799194336,0.001,1,a2c_lr_high_seed1,-0.3211960792541504,5.335951805114746,0.7199281454086304,-0.48302361369132996,12.337081909179688
1251,-42.020992279052734,-74.48839790344238,1001,4.007555961608887,0.001,1,a2c_lr_high_seed1,0.540309488773346,6.935995101928711,0.7509758472442627,0.716293454170227,17.696521759033203
1251,-42.020992279052734,-74.48839790344238,1001,3.5552735328674316,0.001,1,a2c_lr_high_seed1,0.583651065826416,5.944753646850586,0.7543899416923523,0.7685984969139099,20.23410415649414
1251,-42.020992279052734,-74.48839790344238,1001,2.115111827850342,0.001,1,a2c_lr_high_seed1,-0.03920309245586395,4.3100762367248535,0.723057746887207,0.246443971991539,9.900054931640625
1251,-42.020992279052734,-74.48839790344238,1001,2.622277021408081,0.001,1,a2c_lr_high_seed1,-0.9261186718940735,7.098267555236816,0.7380356788635254,-1.1079295873641968,26.057544708251953
1251,-42.020992279052734,-74.48839790344238,1001,2.1989126205444336,0.001,1,a2c_lr_high_seed1,0.12723323702812195,4.144864082336426,0.7527651190757751,0.35476481914520264,11.027212142944336
1251,-42.020992279052734,-74.48839790344238,1001,3.199976682662964,0.001,1,a2c_lr_high_seed1,-0.5290228128433228,7.459481239318848,0.7412166595458984,-0.6840959787368774,17.016530990600586
1251,-42.020992279052734,-74.48839790344238,1001,2.8812341690063477,0.001,1,a2c_lr_high_seed1,-0.41466620564460754,6.5933837890625,0.7915048599243164,-0.5298458933830261,10.578421592712402
1251,-42.020992279052734,-74.48839790344238,1001,3.9460082054138184,0.001,1,a2c_lr_high_seed1,0.008433878421783447,7.8767595291137695,0.8053252696990967,0.011489138007164001,5.050355434417725
1251,-42.020992279052734,-74.48839790344238,1001,4.133826732635498,0.001,1,a2c_lr_high_seed1,-0.2123056948184967,8.693802833557129,0.7693649530410767,-0.2557653486728668,22.267454147338867
1251,-42.020992279052734,-74.48839790344238,1001,2.72123384475708,0.001,1,a2c_lr_high_seed1,0.5738899111747742,4.296210289001465,0.7613633275032043,0.8696236610412598,18.2783145904541
1252,-87.52677917480469,-75.15329597473145,1001,4.413151264190674,0.001,1,a2c_lr_high_seed1,-0.02366432547569275,8.875176429748535,0.7724322080612183,0.1410788893699646,9.362492561340332
1252,-87.52677917480469,-75.15329597473145,1001,1.933462142944336,0.001,1,a2c_lr_high_seed1,0.27957668900489807,3.309242010116577,0.7355315089225769,0.40599051117897034,8.974820137023926
1252,-87.52677917480469,-75.15329597473145,1001,1.7437622547149658,0.001,1,a2c_lr_high_seed1,-0.1738509237766266,3.8367044925689697,0.7390443086624146,-0.1775076985359192,10.366926193237305
1253,-128.52984619140625,-74.4751505279541,481,70.80790710449219,0.001,1,a2c_lr_high_seed1,-0.733895480632782,143.08497619628906,0.6836692690849304,-1.2184269428253174,39.929412841796875
1253,-128.52984619140625,-74.4751505279541,481,2.731177806854248,0.001,1,a2c_lr_high_seed1,0.2214476615190506,5.020953178405762,0.7464423179626465,0.4699738621711731,12.020910263061523
1253,-128.52984619140625,-74.4751505279541,481,3.513062000274658,0.001,1,a2c_lr_high_seed1,0.2605973780155182,6.506547451019287,0.8092041015625,0.5974115133285522,21.169557571411133
1253,-128.52984619140625,-74.4751505279541,481,1.683326244354248,0.001,1,a2c_lr_high_seed1,-0.2291194200515747,3.8263871669769287,0.7478708028793335,-0.20498351752758026,4.869161128997803
1254,-64.97621154785156,-73.93857780456543,1001,7.471212863922119,0.001,1,a2c_lr_high_seed1,1.1976826190948486,12.548587799072266,0.7632806897163391,1.1356090307235718,22.995868682861328
1254,-64.97621154785156,-73.93857780456543,1001,3.4807355403900146,0.001,1,a2c_lr_high_seed1,0.25719237327575684,6.448525905609131,0.719815194606781,0.2814007103443146,9.154529571533203
1254,-64.97621154785156,-73.93857780456543,1001,4.510740280151367,0.001,1,a2c_lr_high_seed1,0.8271629810333252,7.368686199188232,0.7659385204315186,0.8933947086334229,19.691844940185547
1254,-64.97621154785156,-73.93857780456543,1001,4.256686210632324,0.001,1,a2c_lr_high_seed1,0.06554330885410309,8.38377857208252,0.7460851669311523,0.13516594469547272,14.922581672668457
1255,-94.74960327148438,-74.99240600585938,1001,11.426071166992188,0.001,1,a2c_lr_high_seed1,1.3560943603515625,20.141450881958008,0.7488370537757874,1.8700636625289917,35.1550407409668
1255,-94.74960327148438,-74.99240600585938,1001,3.154435396194458,0.001,1,a2c_lr_high_seed1,0.4443212151527405,5.421669960021973,0.7207163572311401,0.6530348062515259,9.175066947937012
1255,-94.74960327148438,-74.99240600585938,1001,1.7108545303344727,0.001,1,a2c_lr_high_seed1,-0.2589934170246124,3.9411439895629883,0.7240566611289978,-0.26925939321517944,6.753531455993652
1256,-57.96821212768555,-75.42025642395019,1001,10.974658012390137,0.001,1,a2c_lr_high_seed1,0.7004209756851196,20.549938201904297,0.7323240637779236,1.052169680595398,18.3842830657959
1256,-57.96821212768555,-75.42025642395019,1001,3.0498175621032715,0.001,1,a2c_lr_high_seed1,0.09359241276979446,5.913858413696289,0.7039834260940552,0.3414163589477539,9.541738510131836
1256,-57.96821212768555,-75.42025642395019,1001,4.357245445251465,0.001,1,a2c_lr_high_seed1,0.24504360556602478,8.225922584533691,0.7595112323760986,0.4518488049507141,10.368916511535645
1257,-69.96017456054688,-74.36102546691895,1001,11.661255836486816,0.001,1,a2c_lr_high_seed1,0.8213590383529663,21.681196212768555,0.70123291015625,0.8749617338180542,21.639951705932617
1258,-97.5081787109375,-72.67730018615723,1001,8.373703002929688,0.001,1,a2c_lr_high_seed1,-0.16828370094299316,17.085493087768555,0.7597317099571228,-0.031942710280418396,19.229267120361328
1259,-3.6666464805603027,-71.63773112297058,1001,18.014616012573242,0.001,1,a2c_lr_high_seed1,1.2005102634429932,33.629661560058594,0.7242651581764221,1.3985674381256104,35.97120666503906
1259,-3.6666464805603027,-71.63773112297058,1001,2.1194143295288086,0.001,1,a2c_lr_high_seed1,-0.4582294225692749,5.1569061279296875,0.8091508150100708,-0.26088571548461914,6.726668357849121
1259,-3.6666464805603027,-71.63773112297058,1001,2.370452880859375,0.001,1,a2c_lr_high_seed1,-0.06399219483137131,4.8703389167785645,0.7243970632553101,0.25549811124801636,5.680909156799316
1260,-76.7663345336914,-71.32058009147644,179,119.75570678710938,0.001,1,a2c_lr_high_seed1,-4.832383155822754,249.1776885986328,0.7552375793457031,-5.051881313323975,160.22357177734375
1260,-76.7663345336914,-71.32058009147644,179,5.230970859527588,0.001,1,a2c_lr_high_seed1,-0.5519412755966187,11.567289352416992,0.7325546741485596,-0.10550722479820251,11.093104362487793
1260,-76.7663345336914,-71.32058009147644,179,1.538553237915039,0.001,1,a2c_lr_high_seed1,-0.0354057252407074,3.1495070457458496,0.7945621013641357,0.2730470895767212,7.533868789672852
1260,-76.7663345336914,-71.32058009147644,179,4.283817291259766,0.001,1,a2c_lr_high_seed1,0.2519429624080658,8.065213203430176,0.7324498891830444,0.6951706409454346,20.557146072387695
1260,-76.7663345336914,-71.32058009147644,179,1.249040961265564,0.001,1,a2c_lr_high_seed1,-0.205818772315979,2.9112627506256104,0.7715829610824585,0.03348188102245331,5.306423187255859
1260,-76.7663345336914,-71.32058009147644,179,1.3981932401657104,0.001,1,a2c_lr_high_seed1,-0.6167248487472534,4.03131628036499,0.7400311231613159,-0.42746856808662415,11.071246147155762
1260,-76.7663345336914,-71.32058009147644,179,2.6236979961395264,0.001,1,a2c_lr_high_seed1,-0.5886375308036804,6.426153182983398,0.7409841418266296,-0.5263170003890991,11.840704917907715
1261,-105.93338012695312,-71.26405711174012,584,104.4149398803711,0.001,1,a2c_lr_high_seed1,-3.1463050842285156,215.1239776611328,0.7382715344429016,-4.383548259735107,105.54805755615234
1261,-105.93338012695312,-71.26405711174012,584,1.7913854122161865,0.001,1,a2c_lr_high_seed1,-0.4997583329677582,4.583739280700684,0.7258306741714478,-0.40041646361351013,6.197131633758545
1262,-119.25186157226562,-72.56379076957703,1001,14.536532402038574,0.001,1,a2c_lr_high_seed1,0.2834266722202301,28.5076904296875,0.7390081882476807,0.7074004411697388,15.981914520263672
1262,-119.25186157226562,-72.56379076957703,1001,1.930781364440918,0.001,1,a2c_lr_high_seed1,0.202090784907341,3.4588444232940674,0.7315438389778137,0.26241230964660645,6.299508094787598
1262,-119.25186157226562,-72.56379076957703,1001,2.539067506790161,0.001,1,a2c_lr_high_seed1,0.009701266884803772,5.060275554656982,0.7714682817459106,0.002264648675918579,7.283225059509277
1263,-76.6202621459961,-71.98500750541687,1001,16.98373794555664,0.001,1,a2c_lr_high_seed1,1.4077271223068237,31.153484344482422,0.7296955585479736,1.2099090814590454,27.137306213378906
1263,-76.6202621459961,-71.98500750541687,1001,2.895062208175659,0.001,1,a2c_lr_high_seed1,-0.2099873125553131,6.211584091186523,0.7425531148910522,0.051362380385398865,6.722959518432617
1263,-76.6202621459961,-71.98500750541687,1001,1.2823432683944702,0.001,1,a2c_lr_high_seed1,-0.5790684223175049,3.724278211593628,0.7274215221405029,-0.41592124104499817,8.604896545410156
1263,-76.6202621459961,-71.98500750541687,1001,4.690776348114014,0.001,1,a2c_lr_high_seed1,-0.3086576461791992,10.00044059753418,0.7862102389335632,-0.44467592239379883,16.06291961669922
1265,-104.45714569091797,-73.15296824455261,510,220.73715209960938,0.001,1,a2c_lr_high_seed1,-5.7208943367004395,452.9175720214844,0.7338104248046875,-8.18593978881836,227.35678100585938
1266,-17.837310791015625,-72.03256770133972,1001,7.812595367431641,0.001,1,a2c_lr_high_seed1,-0.35831236839294434,16.343244552612305,0.714359700679779,0.25038760900497437,14.179433822631836
1266,-17.837310791015625,-72.03256770133972,1001,2.644662857055664,0.001,1,a2c_lr_high_seed1,0.08394718170166016,5.122957229614258,0.7630061507225037,0.3549516201019287,7.418004035949707
1266,-17.837310791015625,-72.03256770133972,1001,2.8161773681640625,0.001,1,a2c_lr_high_seed1,-0.28151264786720276,6.1969828605651855,0.8013635277748108,-0.26097580790519714,10.399068832397461
1267,-98.56727600097656,-73.70071028709411,357,87.9820785522461,0.001,1,a2c_lr_high_seed1,-1.2426272630691528,178.45094299316406,0.7666465640068054,-2.498732089996338,71.77281951904297
1267,-98.56727600097656,-73.70071028709411,357,2.189119338989258,0.001,1,a2c_lr_high_seed1,-0.21538056433200836,4.81056022644043,0.7802240252494812,-0.08956682682037354,4.953749656677246
1267,-98.56727600097656,-73.70071028709411,357,2.7543606758117676,0.001,1,a2c_lr_high_seed1,-0.9546830058097839,7.41969633102417,0.8045290112495422,-1.204027533531189,27.905410766601562
1267,-98.56727600097656,-73.70071028709411,357,3.1527321338653564,0.001,1,a2c_lr_high_seed1,-0.6412011384963989,7.589406967163086,0.7704371809959412,-0.7839314341545105,17.84410285949707
1268,-55.69094467163086,-70.77694312095642,1001,10.965269088745117,0.001,1,a2c_lr_high_seed1,0.5377047061920166,20.856565475463867,0.7181116342544556,1.3210772275924683,15.833317756652832
1268,-55.69094467163086,-70.77694312095642,1001,1.7925342321395874,0.001,1,a2c_lr_high_seed1,-0.7328709363937378,5.052335739135742,0.7627255320549011,-0.9551014304161072,17.600656509399414
1268,-55.69094467163086,-70.77694312095642,1001,2.4788105487823486,0.001,1,a2c_lr_high_seed1,-0.5710127353668213,6.1012797355651855,0.816650390625,-0.6704869866371155,20.341520309448242
1269,-125.8192138671875,-70.68034949302674,213,55.716331481933594,0.001,1,a2c_lr_high_seed1,-1.4130265712738037,114.26021575927734,0.7507051229476929,-2.030364990234375,52.89516067504883
1271,-43.78428649902344,-67.05348624229431,1001,13.545914649963379,0.001,1,a2c_lr_high_seed1,1.65458083152771,23.784116744995117,0.7245815396308899,2.6282715797424316,39.933528900146484
1271,-43.78428649902344,-67.05348624229431,1001,9.051443099975586,0.001,1,a2c_lr_high_seed1,0.022445164620876312,18.059566497802734,0.7844102382659912,0.5412152409553528,19.030635833740234
1271,-43.78428649902344,-67.05348624229431,1001,4.540150165557861,0.001,1,a2c_lr_high_seed1,0.2608760893344879,8.560073852539062,0.7629015445709229,0.7696073055267334,22.683317184448242
1271,-43.78428649902344,-67.05348624229431,1001,2.4360506534576416,0.001,1,a2c_lr_high_seed1,-0.06963835656642914,5.012993812561035,0.8079555034637451,0.3332464396953583,4.0251359939575195
1271,-43.78428649902344,-67.05348624229431,1001,1.419659972190857,0.001,1,a2c_lr_high_seed1,-0.6583052277565002,4.157498836517334,0.7842565178871155,-0.5956815481185913,13.7723388671875
1271,-43.78428649902344,-67.05348624229431,1001,3.5312793254852295,0.001,1,a2c_lr_high_seed1,0.549248218536377,5.965616226196289,0.7770063877105713,0.9458988904953003,18.23478889465332
1271,-43.78428649902344,-67.05348624229431,1001,2.586292266845703,0.001,1,a2c_lr_high_seed1,-0.21194308996200562,5.59811544418335,0.8222541213035583,-0.1666872203350067,14.704827308654785
1271,-43.78428649902344,-67.05348624229431,1001,2.010606050491333,0.001,1,a2c_lr_high_seed1,-0.21335649490356445,4.449526309967041,0.8005490303039551,-0.14280515909194946,4.3578996658325195
1271,-43.78428649902344,-67.05348624229431,1001,1.9383199214935303,0.001,1,a2c_lr_high_seed1,0.03742269054055214,3.8034489154815674,0.8272240161895752,0.07692503929138184,4.836496353149414
1272,-118.2327880859375,-68.00184531211853,421,63.12839889526367,0.001,1,a2c_lr_high_seed1,-1.4498506784439087,129.1580810546875,0.7881996035575867,-1.3578850030899048,43.91789245605469
1272,-118.2327880859375,-68.00184531211853,421,3.1651453971862793,0.001,1,a2c_lr_high_seed1,-0.6538846492767334,7.639666557312012,0.8033280968666077,-0.33180081844329834,11.289993286132812
1272,-118.2327880859375,-68.00184531211853,421,1.9376779794692993,0.001,1,a2c_lr_high_seed1,-0.6353499889373779,5.147665023803711,0.8046004176139832,-0.4817790389060974,9.485186576843262
1272,-118.2327880859375,-68.00184531211853,421,2.3065249919891357,0.001,1,a2c_lr_high_seed1,-0.5134193897247314,5.641499996185303,0.8056098818778992,-0.47931748628616333,12.096441268920898
1272,-118.2327880859375,-68.00184531211853,421,2.599764585494995,0.001,1,a2c_lr_high_seed1,0.09909816086292267,5.002999782562256,0.8334290981292725,-0.03130827844142914,3.4903206825256348
1273,-83.6468505859375,-68.12372595787048,176,116.28265380859375,0.001,1,a2c_lr_high_seed1,-4.400090217590332,241.36692810058594,0.7183477282524109,-4.376059532165527,134.31564331054688
1274,-70.32061004638672,-67.62533102989197,1001,14.2393159866333,0.001,1,a2c_lr_high_seed1,1.1545684337615967,26.171144485473633,0.8247892260551453,1.755082368850708,28.66332244873047
1275,-95.85699462890625,-67.76501624107361,512,69.10684967041016,0.001,1,a2c_lr_high_seed1,-1.1576467752456665,140.53054809570312,0.7757028937339783,-0.9381213784217834,37.08400344848633
1275,-95.85699462890625,-67.76501624107361,512,3.646968126296997,0.001,1,a2c_lr_high_seed1,0.16004899144172668,6.9753546714782715,0.7582612037658691,0.3249714970588684,10.604284286499023
1275,-95.85699462890625,-67.76501624107361,512,4.207662105560303,0.001,1,a2c_lr_high_seed1,-0.12222355604171753,8.6612548828125,0.7420682907104492,0.08132375776767731,4.168205738067627
1275,-95.85699462890625,-67.76501624107361,512,2.701491355895996,0.001,1,a2c_lr_high_seed1,-0.3226591944694519,6.04986047744751,0.7796314358711243,-0.23549416661262512,12.136446952819824
1278,-110.30614471435547,-67.86854289054871,1001,25.293649673461914,0.001,1,a2c_lr_high_seed1,1.037469506263733,48.51388931274414,0.7643240094184875,2.3896644115448,44.03969955444336
1278,-110.30614471435547,-67.86854289054871,1001,2.325387477874756,0.001,1,a2c_lr_high_seed1,-0.016342610120773315,4.684981822967529,0.7608316540718079,0.18118099868297577,8.07302188873291
1279,-73.78170013427734,-68.09961283683776,191,81.16706085205078,0.001,1,a2c_lr_high_seed1,-1.9268747568130493,166.1893310546875,0.7331680655479431,-1.3881137371063232,63.39509582519531
1279,-73.78170013427734,-68.09961283683776,191,2.3409299850463867,0.001,1,a2c_lr_high_seed1,0.49397820234298706,3.6954803466796875,0.7885192036628723,0.7468624114990234,17.198177337646484
1279,-73.78170013427734,-68.09961283683776,191,2.0125246047973633,0.001,1,a2c_lr_high_seed1,-0.6528850197792053,5.332318305969238,0.7496822476387024,-0.6485607624053955,14.543011665344238
1279,-73.78170013427734,-68.09961283683776,191,2.3198025226593018,0.001,1,a2c_lr_high_seed1,-0.2818683087825775,5.2049241065979,0.7913689017295837,-0.2643425166606903,9.499828338623047
1280,-75.94369506835938,-70.3556898021698,339,99.97382354736328,0.001,1,a2c_lr_high_seed1,-2.132431745529175,204.2140350341797,0.7659749984741211,-2.658332347869873,89.29182434082031
1280,-75.94369506835938,-70.3556898021698,339,2.147596836090088,0.001,1,a2c_lr_high_seed1,-0.6653497815132141,5.627460956573486,0.7838743329048157,-0.6541236042976379,15.30486011505127
1280,-75.94369506835938,-70.3556898021698,339,2.1927268505096436,0.001,1,a2c_lr_high_seed1,-0.3715924918651581,5.130265235900879,0.8131709694862366,-0.27856945991516113,7.474222660064697
1280,-75.94369506835938,-70.3556898021698,339,1.55275559425354,0.001,1,a2c_lr_high_seed1,-0.081669881939888,3.2704195976257324,0.7842319011688232,-0.01162050012499094,6.3920769691467285
1281,-38.62717819213867,-73.44733660697938,1001,9.419530868530273,0.001,1,a2c_lr_high_seed1,-0.08404576778411865,19.00870132446289,0.7745628952980042,0.23713147640228271,5.831416606903076
1281,-38.62717819213867,-73.44733660697938,1001,2.373833656311035,0.001,1,a2c_lr_high_seed1,-1.152159333229065,7.053469181060791,0.7413687109947205,-1.3748058080673218,31.14617919921875
1282,-45.03309631347656,-74.9835161113739,1001,7.0244855880737305,0.001,1,a2c_lr_high_seed1,0.46958181262016296,13.111265182495117,0.7283807992935181,0.7085986137390137,10.832165718078613
1283,-87.04327392578125,-75.9935723400116,210,18.04152488708496,0.001,1,a2c_lr_high_seed1,-0.7418622374534607,37.5682373046875,0.7330747842788696,-0.6562055945396423,21.74904441833496
1283,-87.04327392578125,-75.9935723400116,210,1.9930342435836792,0.001,1,a2c_lr_high_seed1,-0.45843374729156494,4.904534339904785,0.7991558909416199,-0.411577969789505,10.656778335571289
1284,-157.3321533203125,-78.34413577079773,659,70.63458251953125,0.001,1,a2c_lr_high_seed1,-1.417034387588501,144.10484313964844,0.8011289834976196,-2.07112717628479,54.74197006225586
1284,-157.3321533203125,-78.34413577079773,659,2.856158971786499,0.001,1,a2c_lr_high_seed1,-0.6663934588432312,7.046638011932373,0.7666158080101013,-0.7166752219200134,16.86302375793457
1285,-82.20407104492188,-80.24685225486755,165,86.10746002197266,0.001,1,a2c_lr_high_seed1,-2.7327163219451904,177.68197631835938,0.8104007840156555,-2.4929354190826416,86.84214782714844
1285,-82.20407104492188,-80.24685225486755,165,2.3472108840942383,0.001,1,a2c_lr_high_seed1,0.3024054169654846,4.091174125671387,0.7814506888389587,0.5402531027793884,12.498486518859863
1285,-82.20407104492188,-80.24685225486755,165,4.779694080352783,0.001,1,a2c_lr_high_seed1,-0.44603487849235535,10.453081130981445,0.8115222454071045,-0.3727453649044037,9.664230346679688
1285,-82.20407104492188,-80.24685225486755,165,2.686511993408203,0.001,1,a2c_lr_high_seed1,0.0359109491109848,5.302812099456787,0.804815411567688,0.14483293890953064,9.517107963562012
1286,-88.27811431884766,-79.76287306785584,190,69.2831039428711,0.001,1,a2c_lr_high_seed1,-2.081185817718506,142.73023986816406,0.8352041840553284,-2.670060873031616,72.72191619873047
1286,-88.27811431884766,-79.76287306785584,190,3.011173725128174,0.001,1,a2c_lr_high_seed1,-0.4431453049182892,6.9102582931518555,0.8101719617843628,-0.3946578800678253,11.081066131591797
1286,-88.27811431884766,-79.76287306785584,190,2.646287202835083,0.001,1,a2c_lr_high_seed1,-0.04443822801113129,5.38299560546875,0.7724431157112122,-0.09021315723657608,10.446502685546875
1287,-164.05548095703125,-81.41736067771912,790,84.32689666748047,0.001,1,a2c_lr_high_seed1,-3.5685853958129883,175.79249572753906,0.7655487060546875,-4.6568074226379395,124.37519073486328
1287,-164.05548095703125,-81.41736067771912,790,5.660548686981201,0.001,1,a2c_lr_high_seed1,0.06564100086688995,11.191509246826172,0.8466500639915466,0.05084998905658722,6.439123630523682
1287,-164.05548095703125,-81.41736067771912,790,6.130709171295166,0.001,1,a2c_lr_high_seed1,0.089864082634449,12.083175659179688,0.7427369356155396,0.7104238867759705,15.732521057128906
1287,-164.05548095703125,-81.41736067771912,790,3.6582789421081543,0.001,1,a2c_lr_high_seed1,-0.2814004123210907,7.880771636962891,0.7064124941825867,0.12167797982692719,12.8043212890625
1289,-162.88119506835938,-79.60602843284607,502,285.2096862792969,0.001,1,a2c_lr_high_seed1,-1.8622143268585205,574.1451416015625,0.6720125675201416,2.9752655029296875,131.14695739746094
1290,-109.38786315917969,-80.19078856468201,261,91.28119659423828,0.001,1,a2c_lr_high_seed1,-3.248166084289551,189.06005859375,0.6620149612426758,-2.224494695663452,69.50104522705078
1290,-109.38786315917969,-80.19078856468201,261,5.223287582397461,0.001,1,a2c_lr_high_seed1,0.41729193925857544,9.613497734069824,0.7533219456672668,0.15944363176822662,21.775503158569336
1292,-58.51765823364258,-80.3767538356781,1001,19.410400390625,0.001,1,a2c_lr_high_seed1,1.029983639717102,36.76230239868164,0.7341215014457703,1.8006712198257446,37.85243225097656
1292,-58.51765823364258,-80.3767538356781,1001,5.52602481842041,0.001,1,a2c_lr_high_seed1,-0.07038375735282898,11.194416046142578,0.7997753620147705,0.0038052797317504883,21.476276397705078
1293,-111.3529052734375,-78.17622710227967,145,73.06707000732422,0.001,1,a2c_lr_high_seed1,-2.1402597427368164,150.41615295410156,0.7448812127113342,-1.7831554412841797,65.2608871459961
1293,-111.3529052734375,-78.17622710227967,145,3.340043544769287,0.001,1,a2c_lr_high_seed1,0.37110435962677,5.93936824798584,0.7447031140327454,0.5018497109413147,13.405280113220215
1293,-111.3529052734375,-78.17622710227967,145,3.2708144187927246,0.001,1,a2c_lr_high_seed1,0.15858574211597443,6.225990295410156,0.7666162848472595,0.28365814685821533,10.90241813659668
1294,-101.3753662109375,-78.50740874290466,154,83.51054382324219,0.001,1,a2c_lr_high_seed1,-3.6009552478790283,174.22433471679688,0.6717617511749268,-2.037121295928955,83.10692596435547
1294,-101.3753662109375,-78.50740874290466,154,3.033397674560547,0.001,1,a2c_lr_high_seed1,0.14354267716407776,5.781396865844727,0.8435264229774475,0.04540012776851654,6.2241692543029785
1295,-81.33370971679688,-78.31212386131287,165,90.93487548828125,0.001,1,a2c_lr_high_seed1,-2.6275928020477295,187.12648010253906,0.7715392112731934,-2.7628605365753174,105.2789306640625
1295,-81.33370971679688,-78.31212386131287,165,2.199711799621582,0.001,1,a2c_lr_high_seed1,-0.26093757152557373,4.922978401184082,0.8396843671798706,-0.261508047580719,8.01621150970459
1295,-81.33370971679688,-78.31212386131287,165,2.774447202682495,0.001,1,a2c_lr_high_seed1,-0.7627155780792236,7.075896263122559,0.7854183912277222,-0.9562571048736572,20.487974166870117
1296,-72.45392608642578,-78.78155226707459,1001,9.312804222106934,0.001,1,a2c_lr_high_seed1,1.080912470817566,16.465435028076172,0.8257490396499634,1.1086783409118652,22.860355377197266
1297,-109.3501205444336,-79.72189864158631,135,104.36256408691406,0.001,1,a2c_lr_high_seed1,-3.7575795650482178,216.24185180664062,0.7894906997680664,-4.423593521118164,145.468994140625
1297,-109.3501205444336,-79.72189864158631,135,3.006779909133911,0.001,1,a2c_lr_high_seed1,-0.08444179594516754,6.184042453765869,0.7994977235794067,0.058382220566272736,10.692965507507324
1297,-109.3501205444336,-79.72189864158631,135,5.3387627601623535,0.001,1,a2c_lr_high_seed1,-1.6952165365219116,14.069589614868164,0.8152163028717041,-2.1424012184143066,48.2383918762207
1297,-109.3501205444336,-79.72189864158631,135,1.833686351776123,0.001,1,a2c_lr_high_seed1,-0.5793312788009644,4.82752799987793,0.7463477253913879,-0.43064916133880615,13.510093688964844
1297,-109.3501205444336,-79.72189864158631,135,1.6505998373031616,0.001,1,a2c_lr_high_seed1,-0.3461344838142395,3.9951295852661133,0.8305869102478027,-0.4202561676502228,14.666947364807129
1298,-143.82435607910156,-81.42630774497985,514,71.72508239746094,0.001,1,a2c_lr_high_seed1,-3.1109819412231445,149.6736602783203,0.7611419558525085,-3.6157617568969727,92.80777740478516
1300,-195.7611083984375,-84.13301260948181,761,91.74353790283203,0.001,1,a2c_lr_high_seed1,-2.5457327365875244,188.58004760742188,0.7556447386741638,-2.8989505767822266,113.12652587890625
1300,-195.7611083984375,-84.13301260948181,761,3.549920082092285,0.001,1,a2c_lr_high_seed1,-0.5632423162460327,8.227831840515137,0.753330409526825,-0.4511644244194031,18.327062606811523
1302,-115.13058471679688,-86.43992980003357,469,160.1291961669922,0.001,1,a2c_lr_high_seed1,-4.931318283081055,330.12261962890625,0.79761803150177,-6.454037189483643,205.81356811523438
1302,-115.13058471679688,-86.43992980003357,469,6.007832050323486,0.001,1,a2c_lr_high_seed1,-0.29461371898651123,12.606374740600586,0.7412868738174438,0.11415290832519531,16.711769104003906
1302,-115.13058471679688,-86.43992980003357,469,1.9161421060562134,0.001,1,a2c_lr_high_seed1,0.17484475672245026,3.48408842086792,0.746879518032074,0.3872900903224945,9.303390502929688
1302,-115.13058471679688,-86.43992980003357,469,2.6258020401000977,0.001,1,a2c_lr_high_seed1,0.09089337289333344,5.071389675140381,0.7860404849052429,0.3465006947517395,8.495678901672363
1302,-115.13058471679688,-86.43992980003357,469,2.081021308898926,0.001,1,a2c_lr_high_seed1,-0.46191835403442383,5.087401866912842,0.7612763047218323,-0.48274388909339905,11.983563423156738
1302,-115.13058471679688,-86.43992980003357,469,3.7094383239746094,0.001,1,a2c_lr_high_seed1,-1.4374399185180664,10.29526138305664,0.7523660063743591,-1.5153939723968506,33.0987663269043
1302,-115.13058471679688,-86.43992980003357,469,2.7646355628967285,0.001,1,a2c_lr_high_seed1,0.21389716863632202,5.10304069519043,0.7819483280181885,0.45568612217903137,10.237683296203613
1303,-78.67450714111328,-85.44282301902771,200,29.94794273376465,0.001,1,a2c_lr_high_seed1,-1.029710292816162,61.956825256347656,0.759090781211853,-0.679802417755127,27.666976928710938
1304,-188.94549560546875,-87.92220870018005,540,65.43360900878906,0.001,1,a2c_lr_high_seed1,-1.7969416379928589,134.4626922607422,0.796741247177124,-2.0702173709869385,73.63023376464844
1305,-7.757652759552002,-86.18236968994141,1001,13.600540161132812,0.001,1,a2c_lr_high_seed1,0.03311348706483841,27.136367797851562,0.757239043712616,0.10607976466417313,17.451622009277344
1306,-97.0805892944336,-86.96461723327637,1001,8.521284103393555,0.001,1,a2c_lr_high_seed1,0.1641302853822708,16.71588706970215,0.7899805307388306,0.3515222668647766,10.628729820251465
1306,-97.0805892944336,-86.96461723327637,1001,2.67549991607666,0.001,1,a2c_lr_high_seed1,0.2850605845451355,4.782523155212402,0.8222028017044067,0.5183355808258057,14.453739166259766
1306,-97.0805892944336,-86.96461723327637,1001,3.5647902488708496,0.001,1,a2c_lr_high_seed1,0.466738760471344,6.197772026062012,0.8344792127609253,0.7847025990486145,17.486223220825195
1307,-94.7885971069336,-87.4611856842041,202,71.36927032470703,0.001,1,a2c_lr_high_seed1,-1.115713357925415,144.97154235839844,0.7859624624252319,-2.437706470489502,88.31776428222656
1308,-114.30015563964844,-87.79702522277832,505,89.74523162841797,0.001,1,a2c_lr_high_seed1,-2.5838446617126465,184.65969848632812,0.7670066356658936,-3.0486114025115967,88.3281478881836
1308,-114.30015563964844,-87.79702522277832,505,2.645874261856079,0.001,1,a2c_lr_high_seed1,-0.2969641089439392,5.887231349945068,0.7771589159965515,-0.2542053163051605,15.806431770324707
1309,-108.33348083496094,-89.89036190986633,246,55.024391174316406,0.001,1,a2c_lr_high_seed1,-0.7936381101608276,111.6375732421875,0.7592512369155884,-0.7976576089859009,37.6414680480957
1309,-108.33348083496094,-89.89036190986633,246,4.473316192626953,0.001,1,a2c_lr_high_seed1,0.013066470623016357,8.922109603881836,0.8046969175338745,-0.10157173871994019,19.690242767333984
1309,-108.33348083496094,-89.89036190986633,246,1.7801603078842163,0.001,1,a2c_lr_high_seed1,-0.24532219767570496,4.052476406097412,0.7557260394096375,-0.2821950912475586,8.623133659362793
1310,-111.23120880126953,-90.5796593952179,280,64.53765106201172,0.001,1,a2c_lr_high_seed1,-1.9442988634109497,132.96559143066406,0.8432358503341675,-1.997583270072937,77.10881805419922
1310,-111.23120880126953,-90.5796593952179,280,3.0454931259155273,0.001,1,a2c_lr_high_seed1,0.4335072338581085,5.225552082061768,0.7901581525802612,0.4141309857368469,10.984017372131348
1311,-176.0830078125,-91.98265194892883,746,101.98947143554688,0.001,1,a2c_lr_high_seed1,-3.2737653255462646,210.52816772460938,0.8444719314575195,-4.177459716796875,121.94351959228516
1311,-176.0830078125,-91.98265194892883,746,10.677111625671387,0.001,1,a2c_lr_high_seed1,-0.8937497735023499,23.14324951171875,0.7633956074714661,-0.6970047354698181,24.605873107910156
1311,-176.0830078125,-91.98265194892883,746,1.851254940032959,0.001,1,a2c_lr_high_seed1,-0.6178262829780579,4.9397149085998535,0.7763107419013977,-0.8474404215812683,22.455615997314453
1311,-176.0830078125,-91.98265194892883,746,2.3501129150390625,0.001,1,a2c_lr_high_seed1,-0.215807244181633,5.133434772491455,0.7973250150680542,-0.13575613498687744,6.239362716674805
1311,-176.0830078125,-91.98265194892883,746,4.098306179046631,0.001,1,a2c_lr_high_seed1,0.07058572769165039,8.056934356689453,0.7466328144073486,0.1640758514404297,11.889517784118652
1312,-102.63304138183594,-91.65027554512024,338,107.90271759033203,0.001,1,a2c_lr_high_seed1,-4.289297103881836,224.38558959960938,0.7817550301551819,-4.404038906097412,141.07070922851562
1312,-102.63304138183594,-91.65027554512024,338,2.4757914543151855,0.001,1,a2c_lr_high_seed1,-0.45326805114746094,5.859703540802002,0.7922094464302063,-0.23039768636226654,14.065900802612305
1313,-51.57137680053711,-91.14929783821106,1001,13.021284103393555,0.001,1,a2c_lr_high_seed1,0.24834588170051575,25.547447204589844,0.7855639457702637,0.40807485580444336,14.395349502563477
1313,-51.57137680053711,-91.14929783821106,1001,3.259028911590576,0.001,1,a2c_lr_high_seed1,0.43768733739852905,5.644122123718262,0.719593346118927,0.5625523924827576,13.191267013549805
1315,-181.37713623046875,-93.62150776863098,659,82.39720916748047,0.001,1,a2c_lr_high_seed1,-2.387070894241333,169.57000732421875,0.7260652780532837,-2.038072347640991,78.9989242553711
1315,-181.37713623046875,-93.62150776863098,659,3.9842121601104736,0.001,1,a2c_lr_high_seed1,0.27881330251693726,7.412384986877441,0.7936499118804932,0.2803429961204529,8.442008972167969
1316,-71.88372802734375,-94.70243611335755,1001,17.334287643432617,0.001,1,a2c_lr_high_seed1,1.4869710206985474,31.696176528930664,0.7715590000152588,1.262018084526062,28.28265380859375
1316,-71.88372802734375,-94.70243611335755,1001,3.241870641708374,0.001,1,a2c_lr_high_seed1,0.40705588459968567,5.671245574951172,0.8079767823219299,0.5400518774986267,14.441049575805664
1316,-71.88372802734375,-94.70243611335755,1001,3.5695202350616455,0.001,1,a2c_lr_high_seed1,-0.35346218943595886,7.847624778747559,0.8299151062965393,-0.40582457184791565,15.921475410461426
1318,-86.7861557006836,-95.7097929096222,181,205.92864990234375,0.001,1,a2c_lr_high_seed1,-6.930273056030273,425.7194519042969,0.8127425909042358,-8.382800102233887,251.50238037109375
1318,-86.7861557006836,-95.7097929096222,181,9.208963394165039,0.001,1,a2c_lr_high_seed1,-0.02735142409801483,18.474021911621094,0.6964371204376221,0.7770717144012451,18.720273971557617
1319,-106.68744659423828,-95.3271575641632,510,90.16310119628906,0.001,1,a2c_lr_high_seed1,-2.146211862564087,184.62010192871094,0.7436832785606384,-3.399789333343506,106.79285430908203
1320,-117.58557891845703,-97.2489855670929,259,45.940879821777344,0.001,1,a2c_lr_high_seed1,-0.7412155866622925,93.36566162109375,0.7358247637748718,-0.901091992855072,36.62356185913086
1320,-117.58557891845703,-97.2489855670929,259,2.6171844005584717,0.001,1,a2c_lr_high_seed1,0.34978485107421875,4.536432266235352,0.8164733648300171,0.4198468327522278,14.792695999145508
1321,-117.5732421875,-98.72476468086242,440,66.24613189697266,0.001,1,a2c_lr_high_seed1,-2.3919448852539062,137.27767944335938,0.7659372091293335,-2.7877650260925293,98.32162475585938
1321,-117.5732421875,-98.72476468086242,440,3.2453770637512207,0.001,1,a2c_lr_high_seed1,-0.7980780005455017,8.088443756103516,0.7666593790054321,-0.8489537239074707,23.039203643798828
1321,-117.5732421875,-98.72476468086242,440,4.493570327758789,0.001,1,a2c_lr_high_seed1,0.6662441492080688,7.656174659729004,0.7612549066543579,0.8387609720230103,27.202587127685547
1321,-117.5732421875,-98.72476468086242,440,2.2105181217193604,0.001,1,a2c_lr_high_seed1,-0.5252047181129456,5.472978591918945,0.7664440870285034,-0.627936601638794,17.42900276184082
1323,-57.10115051269531,-97.70710644721984,1001,93.29671478271484,0.001,1,a2c_lr_high_seed1,-1.1922798156738281,188.97938537597656,0.6955333352088928,-0.5437405705451965,65.45921325683594
1323,-57.10115051269531,-97.70710644721984,1001,4.862617015838623,0.001,1,a2c_lr_high_seed1,0.6297502517700195,8.4673490524292,0.8076062202453613,1.2080354690551758,32.87565231323242
1323,-57.10115051269531,-97.70710644721984,1001,3.3465847969055176,0.001,1,a2c_lr_high_seed1,0.12951473891735077,6.435719966888428,0.7899901866912842,0.3228379189968109,19.9902400970459
1323,-57.10115051269531,-97.70710644721984,1001,3.741619110107422,0.001,1,a2c_lr_high_seed1,-0.32693490386009216,8.138686180114746,0.7891385555267334,-0.3212890028953552,20.924583435058594
1324,-82.93016052246094,-97.95929745674134,396,38.4332275390625,0.001,1,a2c_lr_high_seed1,-0.26553404331207275,77.39915466308594,0.8161320686340332,-0.29161831736564636,25.55003547668457
1326,-77.01614379882812,-98.26372494697571,167,190.73898315429688,0.001,1,a2c_lr_high_seed1,-5.692941665649414,392.8653869628906,0.7597516179084778,-6.297163963317871,233.061279296875
1328,-108.50237274169922,-100.03646340370179,1001,78.5431900024414,0.001,1,a2c_lr_high_seed1,-0.27242934703826904,157.63272094726562,0.7402794361114502,0.9922094345092773,30.919187545776367
1328,-108.50237274169922,-100.03646340370179,1001,5.520136833190918,0.001,1,a2c_lr_high_seed1,0.6639116406440735,9.713909149169922,0.7297563552856445,0.8376747965812683,31.522321701049805
1328,-108.50237274169922,-100.03646340370179,1001,3.478041410446167,0.001,1,a2c_lr_high_seed1,-0.682598888874054,8.322824478149414,0.771968424320221,-1.1109410524368286,31.647380828857422
1329,-115.4505615234375,-100.86984063148499,274,46.45133590698242,0.001,1,a2c_lr_high_seed1,-0.07227051258087158,93.04878234863281,0.7875111103057861,-0.2983457148075104,28.13262939453125
1329,-115.4505615234375,-100.86984063148499,274,2.2574477195739746,0.001,1,a2c_lr_high_seed1,-0.30179181694984436,5.120020866394043,0.7708739638328552,-0.2294667363166809,22.238740921020508
1330,-94.27529907226562,-101.23647271156311,162,86.4590835571289,0.001,1,a2c_lr_high_seed1,-3.392782211303711,179.70535278320312,0.805709958076477,-3.245046854019165,129.5009002685547
1330,-94.27529907226562,-101.23647271156311,162,27.617137908935547,0.001,1,a2c_lr_high_seed1,-1.4462711811065674,58.128257751464844,0.7189475893974304,-3.2544848918914795,83.16868591308594
1332,-82.80494689941406,-105.53958771705628,257,166.33384704589844,0.001,1,a2c_lr_high_seed1,-2.148263454437256,336.9656982421875,0.7329360842704773,-5.650182723999023,188.05813598632812
1333,-95.82598114013672,-105.71524186134339,248,89.83096313476562,0.001,1,a2c_lr_high_seed1,-3.217939853668213,186.09921264648438,0.7007020711898804,-3.302323818206787,118.56683349609375
1334,-110.93197631835938,-104.78723832130432,354,60.9773063659668,0.001,1,a2c_lr_high_seed1,-0.8845772743225098,123.72517395019531,0.7005632519721985,-0.05045795440673828,37.75169372558594
1334,-110.93197631835938,-104.78723832130432,354,4.8632330894470215,0.001,1,a2c_lr_high_seed1,0.5246767997741699,8.678667068481445,0.7772798538208008,0.31783655285835266,18.044330596923828
1334,-110.93197631835938,-104.78723832130432,354,4.422968864440918,0.001,1,a2c_lr_high_seed1,0.49447157979011536,7.8585004806518555,0.7531076669692993,0.5918437838554382,17.52918815612793
1334,-110.93197631835938,-104.78723832130432,354,4.2351884841918945,0.001,1,a2c_lr_high_seed1,-0.7376506924629211,9.947248458862305,0.7847733497619629,-0.9296674728393555,36.46034622192383
1335,-87.47561645507812,-104.89266922950745,182,50.64581298828125,0.001,1,a2c_lr_high_seed1,-1.9245810508728027,105.1422119140625,0.7148970365524292,-1.9339613914489746,70.19422149658203
1335,-87.47561645507812,-104.89266922950745,182,1.9791404008865356,0.001,1,a2c_lr_high_seed1,-0.3285948634147644,4.617123126983643,0.8262635469436646,-0.2808243930339813,9.419323921203613
1337,-175.467041015625,-105.35399064064026,523,112.4455795288086,0.001,1,a2c_lr_high_seed1,-4.961216926574707,234.8151397705078,0.7736930847167969,-5.375701904296875,194.43704223632812
1337,-175.467041015625,-105.35399064064026,523,2.319856643676758,0.001,1,a2c_lr_high_seed1,0.575857937335968,3.4895551204681396,0.7788054347038269,0.9254851937294006,22.80875587463379
1337,-175.467041015625,-105.35399064064026,523,4.3215012550354,0.001,1,a2c_lr_high_seed1,1.1874051094055176,6.269753456115723,0.7804775238037109,1.677627682685852,44.319644927978516
1337,-175.467041015625,-105.35399064064026,523,2.17557430267334,0.001,1,a2c_lr_high_seed1,0.21480056643486023,3.923165798187256,0.8091874122619629,0.5085682272911072,17.59579086303711
1338,-96.480224609375,-109.17223450660705,1001,20.16373062133789,0.001,1,a2c_lr_high_seed1,1.086669921875,38.15577697753906,0.8286377787590027,1.731248378753662,46.626102447509766
1339,-146.78482055664062,-108.85030701637268,555,47.0427131652832,0.001,1,a2c_lr_high_seed1,-3.369670867919922,100.82633972167969,0.7855587601661682,-2.7009975910186768,90.43519592285156
1339,-146.78482055664062,-108.85030701637268,555,2.432798385620117,0.001,1,a2c_lr_high_seed1,-0.029284626245498657,4.92572021484375,0.7769280672073364,0.1062251627445221,9.878252983093262
1339,-146.78482055664062,-108.85030701637268,555,4.002669811248779,0.001,1,a2c_lr_high_seed1,0.4252083897590637,7.156479358673096,0.778268575668335,0.5592120289802551,29.286724090576172
1339,-146.78482055664062,-108.85030701637268,555,2.3358726501464844,0.001,1,a2c_lr_high_seed1,-0.4389853775501251,5.551208019256592,0.7460466623306274,-0.5088440775871277,15.230873107910156
1340,-107.78617095947266,-108.81827317237854,348,62.17411422729492,0.001,1,a2c_lr_high_seed1,-0.0956619381904602,124.54103088378906,0.7409296631813049,0.7922284603118896,42.667457580566406
1340,-107.78617095947266,-108.81827317237854,348,4.762458324432373,0.001,1,a2c_lr_high_seed1,0.8504749536514282,7.825543403625488,0.7883733510971069,1.2859925031661987,38.72064208984375
1340,-107.78617095947266,-108.81827317237854,348,1.8570079803466797,0.001,1,a2c_lr_high_seed1,0.19081583619117737,3.3338842391967773,0.749933660030365,0.37018829584121704,11.029679298400879
1340,-107.78617095947266,-108.81827317237854,348,5.644347667694092,0.001,1,a2c_lr_high_seed1,0.8965128064155579,9.497209548950195,0.7702201008796692,1.3184679746627808,31.14357566833496
1340,-107.78617095947266,-108.81827317237854,348,5.127781391143799,0.001,1,a2c_lr_high_seed1,0.25732746720314026,9.742533683776855,0.8130030632019043,0.1444363296031952,14.556097984313965
1340,-107.78617095947266,-108.81827317237854,348,12.736236572265625,0.001,1,a2c_lr_high_seed1,0.18257750570774078,25.108667373657227,0.6745920777320862,1.2679057121276855,49.41483688354492
1340,-107.78617095947266,-108.81827317237854,348,3.6737732887268066,0.001,1,a2c_lr_high_seed1,0.7838050127029419,5.781315803527832,0.6894210577011108,1.4419721364974976,39.108245849609375
1342,-79.53067016601562,-107.07926888465882,228,214.66319274902344,0.001,1,a2c_lr_high_seed1,-0.6353833079338074,430.5986633300781,0.7561637163162231,1.6069567203521729,122.4012451171875
1342,-79.53067016601562,-107.07926888465882,228,3.1059162616729736,0.001,1,a2c_lr_high_seed1,0.02488577365875244,6.163700103759766,0.81937575340271,-0.013506084680557251,11.521170616149902
1343,-119.51386260986328,-107.24248803138732,446,36.79045486450195,0.001,1,a2c_lr_high_seed1,-0.5486274361610413,74.6797103881836,0.7745621204376221,-0.4749847650527954,26.49559783935547
1343,-119.51386260986328,-107.24248803138732,446,5.160591125488281,0.001,1,a2c_lr_high_seed1,1.1656162738800049,7.991562843322754,0.8067237138748169,1.643310308456421,40.540199279785156
1343,-119.51386260986328,-107.24248803138732,446,1.518908977508545,0.001,1,a2c_lr_high_seed1,-0.3603193461894989,3.759979248046875,0.761248767375946,-0.1624428629875183,9.192091941833496
1343,-119.51386260986328,-107.24248803138732,446,4.05158805847168,0.001,1,a2c_lr_high_seed1,1.065211296081543,5.974343776702881,0.7952147722244263,1.2606558799743652,36.13630294799805
1343,-119.51386260986328,-107.24248803138732,446,2.9673287868499756,0.001,1,a2c_lr_high_seed1,-0.8226832151412964,7.581633567810059,0.8047209978103638,-0.9710363149642944,23.395458221435547
1344,-30.844467163085938,-105.8318700504303,1001,17.31194305419922,0.001,1,a2c_lr_high_seed1,0.3990432024002075,33.82725524902344,0.7279757261276245,0.6753387451171875,26.203462600708008
1345,-156.2145538330078,-107.32948693275452,599,47.281436920166016,0.001,1,a2c_lr_high_seed1,-0.4953608810901642,95.55504608154297,0.7234035134315491,-0.9211393594741821,43.39925003051758
1347,-94.59457397460938,-106.2143069934845,237,84.90562438964844,0.001,1,a2c_lr_high_seed1,-1.7274030447006226,173.2674102783203,0.6775597333908081,-0.21078166365623474,61.65165328979492
1347,-94.59457397460938,-106.2143069934845,237,4.159778594970703,0.001,1,a2c_lr_high_seed1,-0.6838229894638062,9.688544273376465,0.6704994440078735,-0.5305144786834717,26.005355834960938
1348,-94.50141906738281,-105.22784825325012,374,61.23389434814453,0.001,1,a2c_lr_high_seed1,-2.2058119773864746,126.8810806274414,0.8344845771789551,-2.52242374420166,90.12313079833984
1348,-94.50141906738281,-105.22784825325012,374,16.690610885620117,0.001,1,a2c_lr_high_seed1,0.5017080903053284,32.37937545776367,0.786372184753418,1.2605712413787842,46.213592529296875
1349,-78.3189468383789,-104.4138853931427,199,90.18714141845703,0.001,1,a2c_lr_high_seed1,-4.089855670928955,188.55560302734375,0.802825927734375,-3.9737818241119385,160.74603271484375
1349,-78.3189468383789,-104.4138853931427,199,4.867557048797607,0.001,1,a2c_lr_high_seed1,-0.3479771018028259,10.432539939880371,0.7356647253036499,-0.3247440755367279,23.358427047729492
1350,-70.65919494628906,-101.91184712409974,1001,14.053933143615723,0.001,1,a2c_lr_high_seed1,1.2715637683868408,25.56627082824707,0.7660523653030396,1.4441272020339966,37.15624237060547
1352,-167.4674530029297,-102.69242146492005,523,94.14020538330078,0.001,1,a2c_lr_high_seed1,-2.4813997745513916,193.24456787109375,0.6784833669662476,-2.365081787109375,116.80652618408203
1353,-94.97742462158203,-103.01847981452941,268,74.75005340576172,0.001,1,a2c_lr_high_seed1,-3.0803027153015137,155.6621856689453,0.7380800843238831,-3.4036672115325928,133.26400756835938
1353,-94.97742462158203,-103.01847981452941,268,6.200805187225342,0.001,1,a2c_lr_high_seed1,0.4868239760398865,11.429521560668945,0.7794848680496216,0.6931108832359314,37.2156982421875
1354,-102.8248291015625,-101.29606648445129,187,97.54322052001953,0.001,1,a2c_lr_high_seed1,-1.3548256158828735,197.79763793945312,0.7731280326843262,-1.6422278881072998,131.40121459960938
1354,-102.8248291015625,-101.29606648445129,187,4.461986541748047,0.001,1,a2c_lr_high_seed1,0.6877602338790894,7.5499043464660645,0.7259311676025391,1.3014142513275146,47.46491241455078
1354,-102.8248291015625,-101.29606648445129,187,3.1582698822021484,0.001,1,a2c_lr_high_seed1,0.21279308199882507,5.8925065994262695,0.776605486869812,0.4121991991996765,14.222090721130371
1354,-102.8248291015625,-101.29606648445129,187,2.1211180686950684,0.001,1,a2c_lr_high_seed1,0.27968481183052063,3.684500217437744,0.8168922662734985,0.4989810287952423,14.907440185546875
1355,-82.64286041259766,-102.79377063751221,208,45.7475471496582,0.001,1,a2c_lr_high_seed1,-0.25067663192749023,91.99789428710938,0.7260853052139282,-0.1657131165266037,23.854440689086914
1355,-82.64286041259766,-102.79377063751221,208,3.744091749191284,0.001,1,a2c_lr_high_seed1,0.1760772168636322,7.137587070465088,0.7789126634597778,0.39870989322662354,19.378353118896484
1356,-81.93223571777344,-102.49080356597901,176,62.0443229675293,0.001,1,a2c_lr_high_seed1,-0.011137217283248901,124.1124038696289,0.7385694980621338,0.21991021931171417,58.20924377441406
1356,-81.93223571777344,-102.49080356597901,176,3.7548999786376953,0.001,1,a2c_lr_high_seed1,0.5490869879722595,6.413147926330566,0.760987401008606,0.6784642338752747,26.29648208618164
1357,-93.33445739746094,-102.46172077178954,153,95.97648620605469,0.001,1,a2c_lr_high_seed1,-2.556046724319458,197.0665740966797,0.7520719170570374,-3.212313652038574,162.91001892089844
1357,-93.33445739746094,-102.46172077178954,153,8.284191131591797,0.001,1,a2c_lr_high_seed1,1.343608021736145,13.882696151733398,0.7646774649620056,2.128596305847168,55.805660247802734
1357,-93.33445739746094,-102.46172077178954,153,4.402369499206543,0.001,1,a2c_lr_high_seed1,0.7308661937713623,7.344626426696777,0.8094958066940308,1.3045103549957275,34.023990631103516
1357,-93.33445739746094,-102.46172077178954,153,3.1750571727752686,0.001,1,a2c_lr_high_seed1,-0.5333771109580994,7.418463706970215,0.7975692749023438,-0.43326255679130554,20.87373924255371
1357,-93.33445739746094,-102.46172077178954,153,3.9172375202178955,0.001,1,a2c_lr_high_seed1,0.531659722328186,6.772809028625488,0.8266812562942505,0.6073618531227112,16.409486770629883
1357,-93.33445739746094,-102.46172077178954,153,2.423031806945801,0.001,1,a2c_lr_high_seed1,0.12148240953683853,4.604612350463867,0.7566913366317749,0.19358862936496735,8.666004180908203
1357,-93.33445739746094,-102.46172077178954,153,4.7246856689453125,0.001,1,a2c_lr_high_seed1,0.4688228666782379,8.513383865356445,0.8290332555770874,0.3993280231952667,29.431352615356445
1358,-85.89828491210938,-101.89368335723877,204,68.78595733642578,0.001,1,a2c_lr_high_seed1,-1.4309873580932617,140.4354705810547,0.7938531637191772,-1.3197109699249268,85.38358306884766
1358,-85.89828491210938,-101.89368335723877,204,4.949505805969238,0.001,1,a2c_lr_high_seed1,0.6239956021308899,8.652656555175781,0.8180619478225708,0.9324417114257812,31.063068389892578
1358,-85.89828491210938,-101.89368335723877,204,4.340695381164551,0.001,1,a2c_lr_high_seed1,0.17245198786258698,8.338035583496094,0.7741942405700684,0.3045448064804077,11.959826469421387
1358,-85.89828491210938,-101.89368335723877,204,7.72400426864624,0.001,1,a2c_lr_high_seed1,1.6926289796829224,12.064433097839355,0.8411053419113159,1.8753429651260376,45.6834716796875
1358,-85.89828491210938,-101.89368335723877,204,4.507464408874512,0.001,1,a2c_lr_high_seed1,0.7004491090774536,7.615501403808594,0.7352950572967529,1.0357555150985718,32.98582077026367
1359,-57.83320617675781,-100.88367786407471,1001,22.318754196166992,0.001,1,a2c_lr_high_seed1,2.3387999534606934,39.961490631103516,0.7917947769165039,2.896958112716675,74.1855697631836
1360,-74.5116958618164,-100.14928760528565,1001,25.982646942138672,0.001,1,a2c_lr_high_seed1,2.33791184425354,47.291072845458984,0.8011214137077332,3.0118250846862793,76.67192077636719
1361,-74.77545166015625,-98.12313648223876,228,73.85275268554688,0.001,1,a2c_lr_high_seed1,-1.1301805973052979,149.967529296875,0.8346032500267029,-1.639435887336731,87.48745727539062
1361,-74.77545166015625,-98.12313648223876,228,3.1979990005493164,0.001,1,a2c_lr_high_seed1,0.26100218296051025,5.8755364418029785,0.7714486122131348,0.46665507555007935,12.552647590637207
1362,-34.269744873046875,-96.75587055206299,1001,8.003649711608887,0.001,1,a2c_lr_high_seed1,0.9368368983268738,14.135165214538574,0.7697198987007141,1.28415048122406,28.269250869750977
1362,-34.269744873046875,-96.75587055206299,1001,2.0502688884735107,0.001,1,a2c_lr_high_seed1,0.09179657697677612,3.918531656265259,0.7935044169425964,0.09565243124961853,11.971183776855469
1362,-34.269744873046875,-96.75587055206299,1001,2.3747544288635254,0.001,1,a2c_lr_high_seed1,-0.14350825548171997,5.038128852844238,0.801842212677002,-0.10574591159820557,5.934730052947998
1362,-34.269744873046875,-96.75587055206299,1001,5.369628429412842,0.001,1,a2c_lr_high_seed1,0.44629523158073425,9.848150253295898,0.7421696782112122,0.6396732926368713,16.66085433959961
1364,-61.221343994140625,-95.51759563446045,1001,35.661720275878906,0.001,1,a2c_lr_high_seed1,1.2982276678085327,68.72840118408203,0.7103506326675415,3.133336067199707,74.84444427490234
1364,-61.221343994140625,-95.51759563446045,1001,5.0328450202941895,0.001,1,a2c_lr_high_seed1,0.3355696201324463,9.395914077758789,0.6814534068107605,1.0496997833251953,32.71955108642578
1366,-67.17947387695312,-92.53905422210693,267,57.9628791809082,0.001,1,a2c_lr_high_seed1,-0.6891158223152161,117.30546569824219,0.736188530921936,-0.22320745885372162,35.48237991333008
1366,-67.17947387695312,-92.53905422210693,267,2.4839935302734375,0.001,1,a2c_lr_high_seed1,-0.04111206531524658,5.05171537399292,0.7518808245658875,0.18602243065834045,5.013267517089844
1366,-67.17947387695312,-92.53905422210693,267,1.528113603591919,0.001,1,a2c_lr_high_seed1,0.19930796325206757,2.6591737270355225,0.781177818775177,0.44932806491851807,9.845210075378418
1366,-67.17947387695312,-92.53905422210693,267,2.9837818145751953,0.001,1,a2c_lr_high_seed1,0.41161230206489563,5.146009922027588,0.8354921340942383,0.8660959005355835,23.70273780822754
1366,-67.17947387695312,-92.53905422210693,267,3.51190185546875,0.001,1,a2c_lr_high_seed1,-0.6723737120628357,8.37017822265625,0.8133772015571594,-0.6581318378448486,18.66200065612793
1367,-161.53884887695312,-93.41303310394287,480,68.25521087646484,0.001,1,a2c_lr_high_seed1,-3.5246009826660156,143.56117248535156,0.7701376080513,-3.1925055980682373,100.0508804321289
1367,-161.53884887695312,-93.41303310394287,480,1.9541724920272827,0.001,1,a2c_lr_high_seed1,-0.2968883514404297,4.503732681274414,0.8054832816123962,-0.0836670845746994,12.761502265930176
1368,-22.186983108520508,-92.12104965209961,1001,19.38128662109375,0.001,1,a2c_lr_high_seed1,0.7894951701164246,37.18507766723633,0.7484623193740845,1.9347916841506958,45.447547912597656
1368,-22.186983108520508,-92.12104965209961,1001,4.391807556152344,0.001,1,a2c_lr_high_seed1,0.19912001490592957,8.387020111083984,0.8227273225784302,0.47483012080192566,10.042597770690918
1369,-133.02378845214844,-92.64777648925781,493,78.3803482055664,0.001,1,a2c_lr_high_seed1,-2.0956871509552,160.9535675048828,0.7455832958221436,-1.908450722694397,72.66735076904297
1369,-133.02378845214844,-92.64777648925781,493,3.169522285461426,0.001,1,a2c_lr_high_seed1,0.4742937684059143,5.3919196128845215,0.731320858001709,0.6571375131607056,19.667282104492188
1369,-133.02378845214844,-92.64777648925781,493,2.0872390270233154,0.001,1,a2c_lr_high_seed1,0.001960769295692444,4.172159671783447,0.801628589630127,0.26372912526130676,5.763183116912842
1369,-133.02378845214844,-92.64777648925781,493,2.866838216781616,0.001,1,a2c_lr_high_seed1,0.33302485942840576,5.069167137145996,0.7702261209487915,0.837213933467865,21.025972366333008
1369,-133.02378845214844,-92.64777648925781,493,2.6960203647613525,0.001,1,a2c_lr_high_seed1,0.24094785749912262,4.911801338195801,0.8283483982086182,0.38962322473526,16.67261505126953
1369,-133.02378845214844,-92.64777648925781,493,1.1570652723312378,0.001,1,a2c_lr_high_seed1,0.05484285578131676,2.2060022354125977,0.7786761522293091,0.3712574243545532,10.002595901489258
1369,-133.02378845214844,-92.64777648925781,493,2.5944268703460693,0.001,1,a2c_lr_high_seed1,0.020284943282604218,5.1498332023620605,0.7746011018753052,0.3389233350753784,10.790631294250488
1369,-133.02378845214844,-92.64777648925781,493,2.3191921710968018,0.001,1,a2c_lr_high_seed1,-0.022048309445381165,4.6841654777526855,0.8423800468444824,0.33797261118888855,13.376893043518066
1369,-133.02378845214844,-92.64777648925781,493,1.5954792499542236,0.001,1,a2c_lr_high_seed1,-0.36709094047546387,3.926725387573242,0.7924963235855103,-0.12775179743766785,3.412808656692505
1370,-80.28514862060547,-91.90176788330078,286,75.49822998046875,0.001,1,a2c_lr_high_seed1,-0.5800393223762512,152.1580810546875,0.7718256115913391,-0.6767038702964783,72.65249633789062
1371,-103.95775604248047,-91.62945816040039,432,41.60996627807617,0.001,1,a2c_lr_high_seed1,0.015914320945739746,83.18959045410156,0.7444590926170349,-0.32099372148513794,24.567617416381836
1371,-103.95775604248047,-91.62945816040039,432,2.856822967529297,0.001,1,a2c_lr_high_seed1,0.5166243314743042,4.682039737701416,0.8211262822151184,0.8227620124816895,17.942188262939453
1371,-103.95775604248047,-91.62945816040039,432,4.10084342956543,0.001,1,a2c_lr_high_seed1,0.6162195205688477,6.970818996429443,0.7859491109848022,0.9337597489356995,20.86269187927246
1372,-146.02703857421875,-92.67208740234375,781,135.5561065673828,0.001,1,a2c_lr_high_seed1,-0.11037459224462509,271.3344421386719,0.7326771020889282,-3.7702322006225586,107.8614501953125
1373,-11.077220916748047,-91.7516088104248,1001,10.23167610168457,0.001,1,a2c_lr_high_seed1,0.6446144580841064,19.175472259521484,0.6743199229240417,1.3603482246398926,25.373252868652344
1373,-11.077220916748047,-91.7516088104248,1001,3.188542127609253,0.001,1,a2c_lr_high_seed1,-0.02790505439043045,6.434539318084717,0.8225968480110168,-0.04797838628292084,15.384687423706055
1373,-11.077220916748047,-91.7516088104248,1001,4.830639839172363,0.001,1,a2c_lr_high_seed1,0.7686342597007751,8.12569808959961,0.8437223434448242,1.0070340633392334,26.202167510986328
1374,-75.81488800048828,-91.60930335998535,144,94.74127960205078,0.001,1,a2c_lr_high_seed1,-2.9766106605529785,195.43736267089844,0.7967295050621033,-2.9783196449279785,157.2733612060547
1374,-75.81488800048828,-91.60930335998535,144,21.80664825439453,0.001,1,a2c_lr_high_seed1,1.1939289569854736,41.226932525634766,0.7478232979774475,1.264620065689087,23.80137825012207
1374,-75.81488800048828,-91.60930335998535,144,7.244676113128662,0.001,1,a2c_lr_high_seed1,1.162013292312622,12.166765213012695,0.7194458842277527,0.9305596351623535,38.00016403198242
1375,15.634466171264648,-89.49093898773194,1001,16.80672264099121,0.001,1,a2c_lr_high_seed1,1.6409637928009033,30.333171844482422,0.8279195427894592,1.5690346956253052,35.679073333740234
1375,15.634466171264648,-89.49093898773194,1001,1.9312924146652222,0.001,1,a2c_lr_high_seed1,0.08415523916482925,3.695979595184326,0.8526336550712585,0.22818820178508759,14.315377235412598
1377,-4.764776229858398,-85.638661403656,1001,19.85246467590332,0.001,1,a2c_lr_high_seed1,0.6456051468849182,38.415103912353516,0.6931444406509399,1.8774346113204956,50.97364807128906
1377,-4.764776229858398,-85.638661403656,1001,2.6943492889404297,0.001,1,a2c_lr_high_seed1,0.32417774200439453,4.741994380950928,0.8256152272224426,0.7424828410148621,20.109081268310547
1377,-4.764776229858398,-85.638661403656,1001,1.9515223503112793,0.001,1,a2c_lr_high_seed1,-0.1955839991569519,4.295731067657471,0.7591752409934998,0.0822506844997406,4.370782375335693
1377,-4.764776229858398,-85.638661403656,1001,9.939762115478516,0.001,1,a2c_lr_high_seed1,0.39070436358451843,19.099531173706055,0.7078335881233215,0.43940550088882446,11.994467735290527
1377,-4.764776229858398,-85.638661403656,1001,5.0861968994140625,0.001,1,a2c_lr_high_seed1,-0.6558159589767456,11.485475540161133,0.7250005602836609,-1.3834667205810547,34.59130096435547
1377,-4.764776229858398,-85.638661403656,1001,7.601434707641602,0.001,1,a2c_lr_high_seed1,-1.324479341506958,17.853437423706055,0.8049495816230774,-1.9076679944992065,43.0481071472168
1378,-81.54579162597656,-85.09952978134156,207,110.10425567626953,0.001,1,a2c_lr_high_seed1,-3.360529899597168,226.93118286132812,0.8059237003326416,-4.69265079498291,161.48048400878906
1379,-8.250992774963379,-82.95553840637207,1001,6.4288811683654785,0.001,1,a2c_lr_high_seed1,0.21518993377685547,12.428933143615723,0.7753289937973022,0.4368487000465393,10.471545219421387
1381,-143.53244018554688,-81.59136375427246,664,277.6561279296875,0.001,1,a2c_lr_high_seed1,-3.793365955352783,562.900390625,0.694622814655304,-8.15738296508789,198.58653259277344
1382,-110.94966125488281,-82.15425804138184,419,48.9046745300293,0.001,1,a2c_lr_high_seed1,0.8437209129333496,96.12342071533203,0.7558720111846924,2.285112142562866,56.266117095947266
1382,-110.94966125488281,-82.15425804138184,419,4.358575820922852,0.001,1,a2c_lr_high_seed1,0.5185341835021973,7.6817169189453125,0.8166881799697876,0.7699034214019775,19.519001007080078
1382,-110.94966125488281,-82.15425804138184,419,3.6270577907562256,0.001,1,a2c_lr_high_seed1,0.7265632748603821,5.802608966827393,0.8098973631858826,1.2193115949630737,24.72873306274414
1382,-110.94966125488281,-82.15425804138184,419,2.9731249809265137,0.001,1,a2c_lr_high_seed1,-0.09318502247333527,6.134319305419922,0.8496610522270203,-0.009235650300979614,12.057753562927246
1382,-110.94966125488281,-82.15425804138184,419,3.6904001235961914,0.001,1,a2c_lr_high_seed1,-0.11112815141677856,7.604681015014648,0.8122234344482422,-0.10237175971269608,8.648192405700684
1382,-110.94966125488281,-82.15425804138184,419,2.6028804779052734,0.001,1,a2c_lr_high_seed1,0.15640714764595032,4.8945536613464355,0.8034265041351318,0.27314409613609314,7.357184410095215
1382,-110.94966125488281,-82.15425804138184,419,2.2253470420837402,0.001,1,a2c_lr_high_seed1,-0.6185400485992432,5.689436912536621,0.8314316272735596,-0.6735979318618774,21.42547607421875
1382,-110.94966125488281,-82.15425804138184,419,3.4158060550689697,0.001,1,a2c_lr_high_seed1,0.20014594495296478,6.432855606079102,0.7676780223846436,0.5108712911605835,17.47500228881836
1384,-112.97491455078125,-82.16044197082519,550,136.36093139648438,0.001,1,a2c_lr_high_seed1,-2.5869638919830322,277.8973083496094,0.7674926519393921,-2.926417112350464,85.296875
1386,-40.409427642822266,-80.89914794921874,1001,82.1078109741211,0.001,1,a2c_lr_high_seed1,0.10934925079345703,163.99847412109375,0.7772973775863647,1.5759607553482056,43.956398010253906
1386,-40.409427642822266,-80.89914794921874,1001,3.3223204612731934,0.001,1,a2c_lr_high_seed1,0.22671905159950256,6.192873954772949,0.8356524109840393,0.4838419556617737,10.400067329406738
1386,-40.409427642822266,-80.89914794921874,1001,4.238964080810547,0.001,1,a2c_lr_high_seed1,-0.6004815697669983,9.680564880371094,0.8366228938102722,-0.44482898712158203,16.62339210510254
1386,-40.409427642822266,-80.89914794921874,1001,4.127620697021484,0.001,1,a2c_lr_high_seed1,0.6035901308059692,7.049686431884766,0.8123712539672852,0.8212077617645264,22.942523956298828
1386,-40.409427642822266,-80.89914794921874,1001,3.1284384727478027,0.001,1,a2c_lr_high_seed1,-0.5722244381904602,7.402962684631348,0.8183934092521667,-0.5552191138267517,19.731306076049805
1386,-40.409427642822266,-80.89914794921874,1001,1.8543672561645508,0.001,1,a2c_lr_high_seed1,-0.06086544692516327,3.832186460494995,0.860553503036499,0.1192747950553894,7.358911037445068
1387,12.272004127502441,-77.1443670463562,1001,4.928928375244141,0.001,1,a2c_lr_high_seed1,-0.47014424204826355,10.799742698669434,0.7987449169158936,-0.3693621754646301,13.34566593170166
1388,-74.10272979736328,-76.69681715011596,254,92.96831512451172,0.001,1,a2c_lr_high_seed1,-2.1941475868225098,190.32652282714844,0.8046318888664246,-2.765111207962036,100.40833282470703
1388,-74.10272979736328,-76.69681715011596,254,4.427190780639648,0.001,1,a2c_lr_high_seed1,0.20709705352783203,8.44177532196045,0.7939037680625916,0.4929426312446594,22.99380111694336
1388,-74.10272979736328,-76.69681715011596,254,2.6388986110687256,0.001,1,a2c_lr_high_seed1,0.23027272522449493,4.818995475769043,0.8719421029090881,0.542266845703125,16.479198455810547
1388,-74.10272979736328,-76.69681715011596,254,4.028414726257324,0.001,1,a2c_lr_high_seed1,0.36719149351119995,7.324184894561768,0.8694707155227661,0.7545310258865356,25.063682556152344
1389,-102.86016082763672,-75.81832395553589,401,94.20855712890625,0.001,1,a2c_lr_high_seed1,-4.020843982696533,196.46046447753906,0.8277981877326965,-5.126220703125,135.7938690185547
1391,-90.88460540771484,-78.46239347457886,155,197.76541137695312,0.001,1,a2c_lr_high_seed1,-1.1301565170288086,397.7923889160156,0.6250300407409668,-3.2760918140411377,132.27337646484375
1391,-90.88460540771484,-78.46239347457886,155,5.2630228996276855,0.001,1,a2c_lr_high_seed1,0.21264588832855225,10.102294921875,0.7705919146537781,0.6045695543289185,29.291793823242188
1392,90.4627914428711,-75.06252424240112,805,55.00322341918945,0.001,1,a2c_lr_high_seed1,1.0863198041915894,107.83536529541016,0.7765830159187317,2.682631731033325,67.9073715209961
1392,90.4627914428711,-75.06252424240112,805,7.820428848266602,0.001,1,a2c_lr_high_seed1,1.2369906902313232,13.168436050415039,0.779904305934906,1.5212266445159912,42.148983001708984
1392,90.4627914428711,-75.06252424240112,805,7.5612359046936035,0.001,1,a2c_lr_high_seed1,0.8328239321708679,13.458477020263672,0.8264574408531189,1.5146716833114624,49.250274658203125
1393,-81.04133605957031,-74.29307371139527,196,90.58109283447266,0.001,1,a2c_lr_high_seed1,-1.7876372337341309,184.73916625976562,0.8580471873283386,-1.8186850547790527,104.58126068115234
1393,-81.04133605957031,-74.29307371139527,196,10.067173957824707,0.001,1,a2c_lr_high_seed1,0.48739150166511536,19.160926818847656,0.680765688419342,1.9097766876220703,42.65103530883789
1393,-81.04133605957031,-74.29307371139527,196,12.376391410827637,0.001,1,a2c_lr_high_seed1,0.92778480052948,22.898622512817383,0.704890251159668,1.8129663467407227,38.68197250366211
1394,123.84198760986328,-71.19934461593628,645,160.6237030029297,0.001,1,a2c_lr_high_seed1,0.4582158625125885,320.332275390625,0.6498720645904541,5.987204074859619,153.69839477539062
1394,123.84198760986328,-71.19934461593628,645,19.204662322998047,0.001,1,a2c_lr_high_seed1,-0.3531344532966614,39.116737365722656,0.5728389024734497,-0.2910009026527405,21.791242599487305
1396,-121.18280029296875,-67.67414308547974,1001,73.76744079589844,0.001,1,a2c_lr_high_seed1,-0.3808414041996002,148.2981414794922,0.7889880537986755,1.7808845043182373,59.68585205078125
1396,-121.18280029296875,-67.67414308547974,1001,5.121192455291748,0.001,1,a2c_lr_high_seed1,0.7066552639007568,8.830753326416016,0.8397594690322876,1.1596043109893799,21.647850036621094
1397,-47.56376647949219,-66.73352693557739,385,72.30216217041016,0.001,1,a2c_lr_high_seed1,-1.8915959596633911,148.38916015625,0.8218255043029785,-1.6553672552108765,50.92857360839844
1397,-47.56376647949219,-66.73352693557739,385,3.4326741695404053,0.001,1,a2c_lr_high_seed1,0.2599390149116516,6.347144603729248,0.8371709585189819,0.5209686160087585,7.427397727966309
1397,-47.56376647949219,-66.73352693557739,385,7.844112396240234,0.001,1,a2c_lr_high_seed1,0.017742887139320374,15.654273986816406,0.767634928226471,-0.09459975361824036,15.059284210205078
1398,-47.177982330322266,-65.78705820083619,415,31.676734924316406,0.001,1,a2c_lr_high_seed1,-0.02254846692085266,63.400028228759766,0.7313210964202881,0.7525213956832886,22.597414016723633
1399,-89.94229888916016,-66.01952524185181,198,60.60905838012695,0.001,1,a2c_lr_high_seed1,-1.1333004236221313,123.48609924316406,0.6891415119171143,-0.6446687579154968,67.15489959716797
1400,121.06340026855469,-62.18507333755493,754,179.536376953125,0.001,1,a2c_lr_high_seed1,0.9977822303771973,357.0786437988281,0.7302828431129456,6.572007179260254,164.2833709716797
1400,121.06340026855469,-62.18507333755493,754,13.171069145202637,0.001,1,a2c_lr_high_seed1,1.4560227394104004,23.431718826293945,0.8134307861328125,2.6639811992645264,49.27627944946289
1400,121.06340026855469,-62.18507333755493,754,2.7751927375793457,0.001,1,a2c_lr_high_seed1,-0.02811817079782486,5.608256816864014,0.8175607919692993,0.20955753326416016,8.428629875183105
1400,121.06340026855469,-62.18507333755493,754,2.653125047683716,0.001,1,a2c_lr_high_seed1,0.3517060875892639,4.604563236236572,0.8625519871711731,0.6547299027442932,14.652612686157227
1400,121.06340026855469,-62.18507333755493,754,1.477170467376709,0.001,1,a2c_lr_high_seed1,-0.4335516095161438,3.8231358528137207,0.8459107875823975,-0.21101203560829163,6.0145263671875
1400,121.06340026855469,-62.18507333755493,754,2.0091495513916016,0.001,1,a2c_lr_high_seed1,-0.24029582738876343,4.500513553619385,0.8114145398139954,-0.08049565553665161,7.807765483856201
1400,121.06340026855469,-62.18507333755493,754,2.0122430324554443,0.001,1,a2c_lr_high_seed1,0.18777431547641754,3.6505587100982666,0.810524582862854,0.6000715494155884,17.43555450439453
1400,121.06340026855469,-62.18507333755493,754,1.940312147140503,0.001,1,a2c_lr_high_seed1,0.15804412961006165,3.566105365753174,0.7846009731292725,0.6573953032493591,12.995471000671387
1400,121.06340026855469,-62.18507333755493,754,1.6781295537948608,0.001,1,a2c_lr_high_seed1,-0.6942929625511169,4.746596336364746,0.8756331205368042,-0.2933845818042755,7.295612335205078
1400,121.06340026855469,-62.18507333755493,754,40.423702239990234,0.001,1,a2c_lr_high_seed1,1.7592225074768066,77.33039855957031,0.7223051190376282,3.164590358734131,61.61986541748047
1401,134.61444091796875,-57.16368661880493,498,177.02011108398438,0.001,1,a2c_lr_high_seed1,-0.5556759238243103,355.1528625488281,0.647190272808075,4.326194763183594,171.7118682861328
1401,134.61444091796875,-57.16368661880493,498,18.94168472290039,0.001,1,a2c_lr_high_seed1,1.3500064611434937,35.184818267822266,0.7304329872131348,1.7462259531021118,28.333385467529297
1401,134.61444091796875,-57.16368661880493,498,6.885988712310791,0.001,1,a2c_lr_high_seed1,0.26995357871055603,13.233417510986328,0.6736804842948914,0.8948667645454407,18.310867309570312
1401,134.61444091796875,-57.16368661880493,498,1.512570858001709,0.001,1,a2c_lr_high_seed1,-0.9867925643920898,5.000146389007568,0.7097163796424866,-0.9652009606361389,18.466096878051758
1402,73.64434051513672,-52.341450748443606,1001,2.498434066772461,0.001,1,a2c_lr_high_seed1,-0.0723104476928711,5.143007755279541,0.7592824697494507,0.22253848612308502,8.23701000213623
1402,73.64434051513672,-52.341450748443606,1001,2.476639986038208,0.001,1,a2c_lr_high_seed1,0.12238570302724838,4.7098565101623535,0.6739604473114014,0.5137481689453125,9.234668731689453
1402,73.64434051513672,-52.341450748443606,1001,6.189054489135742,0.001,1,a2c_lr_high_seed1,0.5612928867340088,11.256987571716309,0.7325063347816467,0.6339066624641418,19.145126342773438
1402,73.64434051513672,-52.341450748443606,1001,8.477520942687988,0.001,1,a2c_lr_high_seed1,-0.6561538577079773,18.268497467041016,0.5741093158721924,-0.4879443049430847,14.305078506469727
1402,73.64434051513672,-52.341450748443606,1001,9.437707901000977,0.001,1,a2c_lr_high_seed1,0.6820846796035767,17.512462615966797,0.6080583333969116,1.1419692039489746,26.46226692199707
1403,-142.93374633789062,-53.30057718276978,612,221.1609649658203,0.001,1,a2c_lr_high_seed1,0.08962070196866989,442.1437072753906,0.49629008769989014,-5.946584224700928,195.98292541503906
1405,3.839362621307373,-47.083270673751834,1001,91.10152435302734,0.001,1,a2c_lr_high_seed1,0.5341899991035461,181.1359100341797,0.6164465546607971,3.263134479522705,73.69248962402344
1406,-76.89790344238281,-46.98258402824402,233,130.3145751953125,0.001,1,a2c_lr_high_seed1,-2.7449541091918945,266.1203918457031,0.6757621765136719,-5.261063575744629,154.26112365722656
1408,77.08727264404297,-44.7353594493866,1001,52.52224349975586,0.001,1,a2c_lr_high_seed1,-0.3748225271701813,105.79545593261719,0.6628381609916687,-1.3369632959365845,43.97983169555664
1408,77.08727264404297,-44.7353594493866,1001,2.079517126083374,0.001,1,a2c_lr_high_seed1,0.20853102207183838,3.743417739868164,0.7226218581199646,0.45352327823638916,19.348657608032227
1409,50.034423828125,-42.57800684928894,1001,3.5142359733581543,0.001,1,a2c_lr_high_seed1,-0.4014216661453247,7.83281135559082,0.7481735944747925,-0.3197094202041626,10.257367134094238
1409,50.034423828125,-42.57800684928894,1001,4.785910606384277,0.001,1,a2c_lr_high_seed1,-0.041543323546648026,9.65652847290039,0.8103241324424744,0.24636264145374298,15.764180183410645
1409,50.034423828125,-42.57800684928894,1001,4.325754165649414,0.001,1,a2c_lr_high_seed1,-0.12797090411186218,8.909046173095703,0.7980681657791138,-0.07548925280570984,12.513800621032715
1409,50.034423828125,-42.57800684928894,1001,2.765062093734741,0.001,1,a2c_lr_high_seed1,0.44503775238990784,4.641765594482422,0.8585312962532043,0.7502248287200928,14.215799331665039
1409,50.034423828125,-42.57800684928894,1001,1.1981561183929443,0.001,1,a2c_lr_high_seed1,-0.2955116331577301,2.988844633102417,0.7546335458755493,-0.12465715408325195,3.5095129013061523
1410,-72.87728118896484,-42.54531855583191,234,66.4078598022461,0.001,1,a2c_lr_high_seed1,-1.8482186794281006,136.51364135742188,0.7378482818603516,-2.4075934886932373,74.14350128173828
1410,-72.87728118896484,-42.54531855583191,234,4.451644420623779,0.001,1,a2c_lr_high_seed1,0.19531013071537018,8.514226913452148,0.778928279876709,0.6340700387954712,21.57525062561035
1410,-72.87728118896484,-42.54531855583191,234,2.454429864883423,0.001,1,a2c_lr_high_seed1,-0.7872145175933838,6.484890937805176,0.8011461496353149,-0.5394493341445923,16.59600257873535
1410,-72.87728118896484,-42.54531855583191,234,2.9367215633392334,0.001,1,a2c_lr_high_seed1,-0.330163836479187,6.535310745239258,0.7698743343353271,-0.1944742202758789,6.176956653594971
1411,-111.42353820800781,-43.27828028678894,432,73.93750762939453,0.001,1,a2c_lr_high_seed1,-3.5412325859069824,154.958984375,0.7577954530715942,-3.4197676181793213,102.27110290527344
1411,-111.42353820800781,-43.27828028678894,432,3.8637423515319824,0.001,1,a2c_lr_high_seed1,-0.2938023507595062,8.316746711730957,0.8286570310592651,-0.25761884450912476,14.552881240844727
1411,-111.42353820800781,-43.27828028678894,432,4.758355140686035,0.001,1,a2c_lr_high_seed1,0.25242480635643005,9.013533592224121,0.8362951874732971,0.46760883927345276,11.102522850036621
1412,-73.33531951904297,-44.05959177970886,532,155.05992126464844,0.001,1,a2c_lr_high_seed1,-4.153844833374023,318.4290771484375,0.7737585306167603,-5.553877830505371,126.67772674560547
1413,-98.19340515136719,-44.338997755050656,255,66.26813507080078,0.001,1,a2c_lr_high_seed1,-1.998358964920044,136.53460693359375,0.8062573075294495,-1.7230335474014282,77.4320068359375
1414,-104.4551773071289,-45.203674421310424,506,63.33694839477539,0.001,1,a2c_lr_high_seed1,-1.8995424509048462,130.4744873046875,0.7498449087142944,-2.108719825744629,76.3191909790039
1414,-104.4551773071289,-45.203674421310424,506,3.7726776599884033,0.001,1,a2c_lr_high_seed1,-0.049078166484832764,7.645066261291504,0.7771273255348206,-0.0230562686920166,11.765634536743164
1414,-104.4551773071289,-45.203674421310424,506,3.821671485900879,0.001,1,a2c_lr_high_seed1,-0.40947210788726807,8.463958740234375,0.8358491063117981,-0.3780399560928345,19.192153930664062
1414,-104.4551773071289,-45.203674421310424,506,3.108940601348877,0.001,1,a2c_lr_high_seed1,-1.0470556020736694,8.31357192993164,0.7896470427513123,-1.3309645652770996,33.58774185180664
1415,-9.118672370910645,-44.642961473464965,1001,7.678359031677246,0.001,1,a2c_lr_high_seed1,0.49651598930358887,14.365166664123535,0.7401490807533264,0.6873812675476074,18.6629581451416
1415,-9.118672370910645,-44.642961473464965,1001,5.741423606872559,0.001,1,a2c_lr_high_seed1,0.3798093795776367,10.724860191345215,0.8160023093223572,0.3731546700000763,10.101090431213379
1416,-83.94532775878906,-44.97827855110168,213,19.99981117248535,0.001,1,a2c_lr_high_seed1,-0.22183653712272644,40.44473648071289,0.7212996482849121,0.19905820488929749,13.004854202270508
1416,-83.94532775878906,-44.97827855110168,213,3.791839838027954,0.001,1,a2c_lr_high_seed1,-0.30824580788612366,8.201834678649902,0.831658661365509,-0.19208495318889618,11.176322937011719
1417,-89.55403137207031,-43.538582201004026,255,103.13005065917969,0.001,1,a2c_lr_high_seed1,-2.6598494052886963,211.5813446044922,0.7730501890182495,-3.111004590988159,105.68197631835938
1417,-89.55403137207031,-43.538582201004026,255,5.07307767868042,0.001,1,a2c_lr_high_seed1,0.0564308762550354,10.034904479980469,0.80558180809021,0.11602932214736938,8.372895240783691
1417,-89.55403137207031,-43.538582201004026,255,3.0815398693084717,0.001,1,a2c_lr_high_seed1,0.21357421576976776,5.737633228302002,0.850943922996521,0.19212986528873444,8.554136276245117
1417,-89.55403137207031,-43.538582201004026,255,1.866358757019043,0.001,1,a2c_lr_high_seed1,-0.3398558497428894,4.4140625,0.8165877461433411,-0.25908219814300537,11.727720260620117
1417,-89.55403137207031,-43.538582201004026,255,2.443267822265625,0.001,1,a2c_lr_high_seed1,0.4358595609664917,4.016454696655273,0.8191101551055908,0.5523671507835388,11.658589363098145
1418,-79.5017318725586,-44.68487717628479,1001,7.798556327819824,0.001,1,a2c_lr_high_seed1,-0.4115985035896301,16.4217472076416,0.7187803387641907,-0.8000317811965942,23.23642921447754
1418,-79.5017318725586,-44.68487717628479,1001,4.301784992218018,0.001,1,a2c_lr_high_seed1,-0.20050561428070068,9.006200790405273,0.8098416924476624,-0.16923123598098755,17.690711975097656
1420,-65.09262084960938,-42.179282121658325,361,107.35799407958984,0.001,1,a2c_lr_high_seed1,-2.072922468185425,218.86325073242188,0.7087128162384033,-2.246567487716675,99.03651428222656
1421,-111.75806427001953,-42.335288286209106,262,72.37193298339844,0.001,1,a2c_lr_high_seed1,-3.4816653728485107,151.70880126953125,0.8018529415130615,-3.4214680194854736,109.01270294189453
1422,-18.288684844970703,-39.78052121162415,1001,11.935362815856934,0.001,1,a2c_lr_high_seed1,1.0110480785369873,21.850215911865234,0.7937241196632385,1.6201133728027344,44.35489273071289
1423,-84.37137603759766,-41.246404314041136,169,88.79228210449219,0.001,1,a2c_lr_high_seed1,-2.536987066268921,182.66006469726562,0.7620226740837097,-2.3907077312469482,90.3060073852539
1423,-84.37137603759766,-41.246404314041136,169,3.3789963722229004,0.001,1,a2c_lr_high_seed1,-0.3390011787414551,7.437536716461182,0.7707834243774414,-0.38790363073349,19.694469451904297
1423,-84.37137603759766,-41.246404314041136,169,4.601211071014404,0.001,1,a2c_lr_high_seed1,-1.5038516521453857,12.21171760559082,0.7958685159683228,-1.875162124633789,54.97597885131836
1423,-84.37137603759766,-41.246404314041136,169,3.369899272918701,0.001,1,a2c_lr_high_seed1,-0.21164484322071075,7.164611339569092,0.7614687085151672,-0.04560115188360214,14.892062187194824
1423,-84.37137603759766,-41.246404314041136,169,5.231332778930664,0.001,1,a2c_lr_high_seed1,0.0704757571220398,10.323403358459473,0.8446184396743774,0.19942227005958557,24.695444107055664
1424,-70.6644287109375,-41.14339512825012,274,69.83343505859375,0.001,1,a2c_lr_high_seed1,-2.4345037937164307,144.53756713867188,0.8451442718505859,-3.3527162075042725,112.0406723022461
1424,-70.6644287109375,-41.14339512825012,274,2.290402412414551,0.001,1,a2c_lr_high_seed1,-0.20114953815937042,4.984740734100342,0.8185710906982422,-0.1364060938358307,15.298144340515137
1425,-81.52883911132812,-43.08666123390198,285,74.01691436767578,0.001,1,a2c_lr_high_seed1,-3.078810214996338,154.19305419921875,0.8020634055137634,-2.4014225006103516,98.06242370605469
1427,-30.987743377685547,-45.45463332176209,1001,63.255130767822266,0.001,1,a2c_lr_high_seed1,-3.643059730529785,133.79795837402344,0.7883358001708984,-4.030617713928223,142.33053588867188
1427,-30.987743377685547,-45.45463332176209,1001,6.123095989227295,0.001,1,a2c_lr_high_seed1,-0.4300408363342285,13.107898712158203,0.8125149011611938,-0.420846164226532,7.955201148986816
1427,-30.987743377685547,-45.45463332176209,1001,2.6881422996520996,0.001,1,a2c_lr_high_seed1,-0.9554764032363892,7.288939476013184,0.8510448336601257,-0.830215334892273,23.298124313354492
1427,-30.987743377685547,-45.45463332176209,1001,3.3527426719665527,0.001,1,a2c_lr_high_seed1,-0.41675490140914917,7.540559768676758,0.7821486592292786,-0.5592726469039917,25.26604461669922
1429,-123.74153137207031,-47.588546419143675,482,65.08204650878906,0.001,1,a2c_lr_high_seed1,-2.4780683517456055,135.12173461914062,0.752577543258667,-2.954888105392456,108.61283874511719
1430,-102.96719360351562,-47.67698620796204,152,72.2577133178711,0.001,1,a2c_lr_high_seed1,-2.5097599029541016,149.5364990234375,0.7778910398483276,-2.101315975189209,116.91072845458984
1431,-121.74304962158203,-47.24119839668274,470,53.81631851196289,0.001,1,a2c_lr_high_seed1,-2.274662733078003,112.18338012695312,0.7111374139785767,-2.536238431930542,99.0818862915039
1431,-121.74304962158203,-47.24119839668274,470,17.257564544677734,0.001,1,a2c_lr_high_seed1,0.18884550034999847,34.13892364501953,0.7412925362586975,0.7539981007575989,30.386205673217773
1431,-121.74304962158203,-47.24119839668274,470,2.490947961807251,0.001,1,a2c_lr_high_seed1,-0.11192148178815842,5.2072625160217285,0.7618467807769775,0.050053611397743225,12.386312484741211
1431,-121.74304962158203,-47.24119839668274,470,3.3069121837615967,0.001,1,a2c_lr_high_seed1,-0.8104152083396912,8.23609733581543,0.7213127017021179,-0.718400239944458,25.933414459228516
1431,-121.74304962158203,-47.24119839668274,470,1.8908733129501343,0.001,1,a2c_lr_high_seed1,-0.5019546151161194,4.787252902984619,0.7985584139823914,-0.5777221322059631,18.657611846923828
1432,-103.54116821289062,-47.0930285358429,1001,19.98235321044922,0.001,1,a2c_lr_high_seed1,-0.6406514644622803,41.24749755859375,0.744426429271698,-0.36745530366897583,20.44857406616211
1432,-103.54116821289062,-47.0930285358429,1001,2.9207277297973633,0.001,1,a2c_lr_high_seed1,-0.16016536951065063,6.163453102111816,0.8335479497909546,-0.0019588321447372437,14.271698951721191
1432,-103.54116821289062,-47.0930285358429,1001,1.870316505432129,0.001,1,a2c_lr_high_seed1,-0.6196996569633484,4.981699466705322,0.8335022926330566,-0.7016710638999939,20.309112548828125
1432,-103.54116821289062,-47.0930285358429,1001,3.0974836349487305,0.001,1,a2c_lr_high_seed1,-0.7661566734313965,7.728878021240234,0.7987954020500183,-1.1138215065002441,28.701618194580078
1433,-144.35186767578125,-48.09822110176086,450,29.00012969970703,0.001,1,a2c_lr_high_seed1,-0.0033464357256889343,58.00855255126953,0.8008760213851929,0.7403519749641418,19.01641082763672
1433,-144.35186767578125,-48.09822110176086,450,4.850483417510986,0.001,1,a2c_lr_high_seed1,0.10620748996734619,9.49021053314209,0.8293178677558899,0.22913478314876556,17.561779022216797
1434,-79.1529541015625,-47.42178189277649,402,41.202999114990234,0.001,1,a2c_lr_high_seed1,-1.0675097703933716,84.5426254272461,0.8063269853591919,-0.15989714860916138,45.18397903442383
1434,-79.1529541015625,-47.42178189277649,402,3.1260101795196533,0.001,1,a2c_lr_high_seed1,0.2312321960926056,5.791131973266602,0.7878627181053162,0.5504682660102844,17.298086166381836
1434,-79.1529541015625,-47.42178189277649,402,2.946913957595825,0.001,1,a2c_lr_high_seed1,-0.601528525352478,7.098358154296875,0.7364842891693115,-0.40941065549850464,15.532502174377441
1434,-79.1529541015625,-47.42178189277649,402,4.146146774291992,0.001,1,a2c_lr_high_seed1,0.7508312463760376,6.792161464691162,0.7653735280036926,1.0800108909606934,26.30687713623047
1434,-79.1529541015625,-47.42178189277649,402,4.799961566925049,0.001,1,a2c_lr_high_seed1,-0.2874692678451538,10.17656421661377,0.8510359525680542,0.19606123864650726,16.706323623657227
1435,-108.22776794433594,-47.907655000686646,359,70.27521514892578,0.001,1,a2c_lr_high_seed1,-1.512473464012146,143.5767822265625,0.7035917043685913,-2.533878803253174,88.44091796875
1435,-108.22776794433594,-47.907655000686646,359,29.7969970703125,0.001,1,a2c_lr_high_seed1,0.5889376401901245,58.41756820678711,0.7249007821083069,1.9039404392242432,39.86232376098633
1435,-108.22776794433594,-47.907655000686646,359,5.117677211761475,0.001,1,a2c_lr_high_seed1,0.11967858672142029,9.997404098510742,0.7033355236053467,1.1152443885803223,34.67963409423828
1436,-115.82450103759766,-49.41595646858215,641,176.3396453857422,0.001,1,a2c_lr_high_seed1,-1.941591501235962,356.5637512207031,0.6410278081893921,-5.588376522064209,148.625
1437,-4.343772888183594,-49.748272008895874,925,221.7992401123047,0.001,1,a2c_lr_high_seed1,0.23257391154766083,443.1348571777344,0.7639411091804504,5.951759338378906,212.97430419921875
1437,-4.343772888183594,-49.748272008895874,925,2.8642523288726807,0.001,1,a2c_lr_high_seed1,0.07301727682352066,5.584231853485107,0.8809067010879517,0.0952015221118927,5.083862781524658
1437,-4.343772888183594,-49.748272008895874,925,50.600669860839844,0.001,1,a2c_lr_high_seed1,0.6178176403045654,99.96715545654297,0.7241959571838379,-0.29990673065185547,34.786991119384766
1437,-4.343772888183594,-49.748272008895874,925,8.213057518005371,0.001,1,a2c_lr_high_seed1,-0.4978469908237457,17.42314910888672,0.6707517504692078,-0.4615650475025177,24.479022979736328
1439,42.28186798095703,-47.31275275230408,1001,78.09447479248047,0.001,1,a2c_lr_high_seed1,-1.362291693687439,158.9149932861328,0.7326188087463379,-0.6677353978157043,79.4480209350586
1441,-110.04084777832031,-44.07665198326111,201,249.91017150878906,0.001,1,a2c_lr_high_seed1,-2.1699061393737793,504.16162109375,0.7251699566841125,4.067112445831299,207.54421997070312
1442,-82.1037368774414,-47.52798254966736,483,53.716888427734375,0.001,1,a2c_lr_high_seed1,0.5093390941619873,106.41665649414062,0.7774298787117004,0.03417620062828064,41.902793884277344
1442,-82.1037368774414,-47.52798254966736,483,4.157888412475586,0.001,1,a2c_lr_high_seed1,0.16647657752037048,7.984606742858887,0.8914901614189148,0.4009275436401367,17.421295166015625
1443,-108.3974380493164,-48.07510458946228,239,25.46553611755371,0.001,1,a2c_lr_high_seed1,-0.43007123470306396,51.79283142089844,0.807957112789154,-0.16496817767620087,18.65595817565918
1443,-108.3974380493164,-48.07510458946228,239,3.829878807067871,0.001,1,a2c_lr_high_seed1,0.4194187521934509,6.822604656219482,0.8423554301261902,0.4779108762741089,13.647943496704102
1444,-81.3990478515625,-52.1799252986908,145,59.7408561706543,0.001,1,a2c_lr_high_seed1,-1.5577983856201172,122.5989990234375,0.8446223735809326,-1.9333381652832031,88.3583984375
1445,-73.19700622558594,-55.839422369003294,207,77.23078918457031,0.001,1,a2c_lr_high_seed1,-1.2632123231887817,156.9898223876953,0.9081109762191772,-1.7280826568603516,84.06050109863281
1447,-72.89170837402344,-53.55109198570251,256,60.949562072753906,0.001,1,a2c_lr_high_seed1,-1.6003459692001343,125.10136413574219,0.7750551104545593,-0.8888611197471619,53.81494140625
1447,-72.89170837402344,-53.55109198570251,256,8.779606819152832,0.001,1,a2c_lr_high_seed1,0.9005011916160583,15.759906768798828,0.8475759029388428,1.5789774656295776,56.88776397705078
1448,-75.59349822998047,-54.11940230369568,261,54.32554244995117,0.001,1,a2c_lr_high_seed1,-2.338395118713379,113.3294906616211,0.8090835809707642,-2.6547951698303223,84.89253234863281
1449,-75.33763122558594,-53.8273089504242,149,87.05796813964844,0.001,1,a2c_lr_high_seed1,-0.8334547281265259,175.78431701660156,0.7331558465957642,-2.681647539138794,97.92317962646484
1449,-75.33763122558594,-53.8273089504242,149,10.140433311462402,0.001,1,a2c_lr_high_seed1,-0.6891240477561951,21.66042137145996,0.6536709070205688,-1.2889928817749023,41.05746078491211
1449,-75.33763122558594,-53.8273089504242,149,17.603153228759766,0.001,1,a2c_lr_high_seed1,-0.23009124398231506,35.66770553588867,0.6087901592254639,1.7406314611434937,42.89089584350586
1450,-81.64106750488281,-57.881398305892944,197,116.83088684082031,0.001,1,a2c_lr_high_seed1,-3.243694543838501,240.1505584716797,0.6975166201591492,-1.840528130531311,120.47454071044922
1451,-99.26441955566406,-62.5589755153656,354,47.19013595581055,0.001,1,a2c_lr_high_seed1,-1.6522409915924072,97.68614196777344,0.693545937538147,-1.7997844219207764,63.00696563720703
1452,-84.48588562011719,-65.72158003807068,301,58.04754638671875,0.001,1,a2c_lr_high_seed1,-1.6557992696762085,119.4080810546875,0.6927520036697388,-2.305406332015991,93.3287582397461
1453,111.76658630371094,-60.62757338523865,797,236.73033142089844,0.001,1,a2c_lr_high_seed1,0.8288128972053528,471.8045654296875,0.7637935280799866,6.355945587158203,145.4351348876953
1453,111.76658630371094,-60.62757338523865,797,4.390447616577148,0.001,1,a2c_lr_high_seed1,0.35266417264938354,8.07722282409668,0.8277868628501892,0.6622357368469238,28.357929229736328
1453,111.76658630371094,-60.62757338523865,797,3.460028648376465,0.001,1,a2c_lr_high_seed1,0.17646907269954681,6.568655490875244,0.7682607173919678,0.24789759516716003,30.164947509765625
1454,-82.68211364746094,-64.71238112449646,296,72.76641845703125,0.001,1,a2c_lr_high_seed1,-1.912066102027893,149.35842895507812,0.7290541529655457,-2.1456105709075928,107.73432922363281
1457,-82.2366943359375,-67.6248553276062,234,244.19801330566406,0.001,1,a2c_lr_high_seed1,-7.885891437530518,504.16925048828125,0.7137875556945801,-9.764652252197266,334.0173034667969
1457,-82.2366943359375,-67.6248553276062,234,2.527209520339966,0.001,1,a2c_lr_high_seed1,-0.2998015284538269,5.65559720993042,0.7874020338058472,-0.25234466791152954,11.945047378540039
1457,-82.2366943359375,-67.6248553276062,234,4.989246845245361,0.001,1,a2c_lr_high_seed1,0.8625519871711731,8.254911422729492,0.7610111832618713,1.365439772605896,41.37720489501953
1458,-73.03369903564453,-70.62727476119996,142,60.980899810791016,0.001,1,a2c_lr_high_seed1,-3.5803451538085938,129.12411499023438,0.8127468228340149,-3.009835720062256,111.18342590332031
1458,-73.03369903564453,-70.62727476119996,142,5.466294765472412,0.001,1,a2c_lr_high_seed1,0.1488656848669052,10.636423110961914,0.7825561165809631,0.41585978865623474,29.763879776000977
1459,-103.46290588378906,-73.69722135543823,158,107.13037872314453,0.001,1,a2c_lr_high_seed1,-3.8382697105407715,221.9388885498047,0.7935594320297241,-4.323429584503174,178.9566650390625
1459,-103.46290588378906,-73.69722135543823,158,8.206353187561035,0.001,1,a2c_lr_high_seed1,0.9127664566040039,14.5888671875,0.8471249938011169,1.459256649017334,46.7313232421875
1459,-103.46290588378906,-73.69722135543823,158,2.959221839904785,0.001,1,a2c_lr_high_seed1,-0.04685996472835541,6.0137739181518555,0.8050370812416077,0.4046471118927002,18.186155319213867
1459,-103.46290588378906,-73.69722135543823,158,3.9155757427215576,0.001,1,a2c_lr_high_seed1,0.4084571599960327,7.015876770019531,0.8199109435081482,0.8377280235290527,21.78594970703125
1459,-103.46290588378906,-73.69722135543823,158,3.1868085861206055,0.001,1,a2c_lr_high_seed1,0.33383908867836,5.707430362701416,0.7458115816116333,0.4945543110370636,19.37987518310547
1459,-103.46290588378906,-73.69722135543823,158,4.206311225891113,0.001,1,a2c_lr_high_seed1,0.07028906047344208,8.273770332336426,0.86286860704422,0.31579750776290894,19.930206298828125
1460,-121.31963348388672,-74.66606840133667,351,81.85094451904297,0.001,1,a2c_lr_high_seed1,-1.9985287189483643,167.70050048828125,0.7801954746246338,-2.623481273651123,107.53043365478516
1460,-121.31963348388672,-74.66606840133667,351,6.085736274719238,0.001,1,a2c_lr_high_seed1,0.5512366890907288,11.070568084716797,0.784581184387207,0.5321373343467712,23.20035171508789
1460,-121.31963348388672,-74.66606840133667,351,6.2352213859558105,0.001,1,a2c_lr_high_seed1,0.0005474686622619629,12.470829010009766,0.7407646775245667,-0.06114846467971802,38.689430236816406
1460,-121.31963348388672,-74.66606840133667,351,7.007095813751221,0.001,1,a2c_lr_high_seed1,-0.0649731308221817,14.145702362060547,0.782218337059021,-0.3664719760417938,30.84446144104004
1460,-121.31963348388672,-74.66606840133667,351,16.021638870239258,0.001,1,a2c_lr_high_seed1,1.2318480014801025,29.58119773864746,0.8077698945999146,1.5783504247665405,39.55502700805664
1462,-117.93043518066406,-75.92514265060424,644,222.18898010253906,0.001,1,a2c_lr_high_seed1,-2.47286057472229,449.32501220703125,0.6765162348747253,-6.900484561920166,225.7694549560547
1463,-112.00967407226562,-76.20146802902222,174,53.07612228393555,0.001,1,a2c_lr_high_seed1,-0.4811211824417114,107.11601257324219,0.7621092796325684,-0.9819738864898682,49.46559524536133
1464,-215.64602661132812,-78.4252850151062,931,66.84040832519531,0.001,1,a2c_lr_high_seed1,-2.64459228515625,138.97149658203125,0.7467076778411865,-2.8738248348236084,87.27068328857422
1464,-215.64602661132812,-78.4252850151062,931,4.070887088775635,0.001,1,a2c_lr_high_seed1,0.3198987543582916,7.503595352172852,0.8092091679573059,0.26035210490226746,9.174680709838867
1464,-215.64602661132812,-78.4252850151062,931,2.2308812141418457,0.001,1,a2c_lr_high_seed1,-0.21749743819236755,4.898361682891846,0.8022739291191101,-0.33648523688316345,14.061795234680176
1465,-92.61172485351562,-80.0951460647583,143,18.47551155090332,0.001,1,a2c_lr_high_seed1,-0.198564350605011,37.3497200012207,0.7840434312820435,-0.6361285448074341,33.96714782714844
1466,-108.96672821044922,-80.59557407379151,203,106.16963195800781,0.001,1,a2c_lr_high_seed1,-4.001718521118164,220.3441925048828,0.7464547157287598,-5.385067462921143,215.70860290527344
1467,-101.37528228759766,-80.83199909210205,213,100.48478698730469,0.001,1,a2c_lr_high_seed1,-2.5093846321105957,205.98989868164062,0.7783699035644531,-3.8041648864746094,162.6417694091797
1467,-101.37528228759766,-80.83199909210205,213,4.004469394683838,0.001,1,a2c_lr_high_seed1,-0.7100695371627808,9.430459022521973,0.6904816627502441,-0.798935055732727,23.105012893676758
1468,-32.65009307861328,-79.89496631622315,1001,17.23524284362793,0.001,1,a2c_lr_high_seed1,0.23539626598358154,34.00120544433594,0.7551105618476868,0.5092725157737732,29.492769241333008
1470,-28.10429573059082,-80.8745390701294,1001,86.97354125976562,0.001,1,a2c_lr_high_seed1,-1.4359959363937378,176.82064819335938,0.7823820114135742,-2.3804943561553955,136.24974060058594
1470,-28.10429573059082,-80.8745390701294,1001,9.687828063964844,0.001,1,a2c_lr_high_seed1,1.4792548418045044,16.41868019104004,0.7671310901641846,2.2240209579467773,66.2596664428711
1470,-28.10429573059082,-80.8745390701294,1001,1.8697855472564697,0.001,1,a2c_lr_high_seed1,-0.49296846985816956,4.726963996887207,0.7280582785606384,-0.8424411416053772,23.85976791381836
1470,-28.10429573059082,-80.8745390701294,1001,3.3570735454559326,0.001,1,a2c_lr_high_seed1,0.2709784209728241,6.173842906951904,0.826369047164917,0.3897896707057953,19.63896942138672
1471,-175.94107055664062,-82.15819919586181,782,49.56441116333008,0.001,1,a2c_lr_high_seed1,1.0393872261047363,97.05176544189453,0.8578960299491882,0.1471346914768219,35.0672607421875
1471,-175.94107055664062,-82.15819919586181,782,5.384531497955322,0.001,1,a2c_lr_high_seed1,-0.6852317452430725,12.141069412231445,0.7714975476264954,-0.7844735980033875,30.83053207397461
1472,-76.29911804199219,-83.31840785980225,220,48.82102966308594,0.001,1,a2c_lr_high_seed1,-1.7503514289855957,101.14424133300781,0.7413850426673889,-1.6613411903381348,62.69599533081055
1473,-97.35235595703125,-83.57802745819092,213,83.1243667602539,0.001,1,a2c_lr_high_seed1,-1.7574681043624878,169.76528930664062,0.8051670789718628,-2.5682947635650635,128.00001525878906
1473,-97.35235595703125,-83.57802745819092,213,5.050968647003174,0.001,1,a2c_lr_high_seed1,0.3193035125732422,9.464912414550781,0.7908377647399902,0.42082226276397705,15.608222007751465
1475,-88.73468017578125,-84.06756298065186,277,73.02685546875,0.001,1,a2c_lr_high_seed1,-2.2389016151428223,150.53311157226562,0.79997718334198,-2.3279030323028564,92.38065338134766
1476,-137.78245544433594,-85.04272762298584,442,71.87631225585938,0.001,1,a2c_lr_high_seed1,-2.1104352474212646,147.97508239746094,0.7903035283088684,-2.126188278198242,95.15778350830078
1476,-137.78245544433594,-85.04272762298584,442,9.15219497680664,0.001,1,a2c_lr_high_seed1,-0.2519991993904114,18.80987548828125,0.7437628507614136,-0.38659408688545227,20.008575439453125
1476,-137.78245544433594,-85.04272762298584,442,1.865692377090454,0.001,1,a2c_lr_high_seed1,-0.1807398796081543,4.094211578369141,0.6735115647315979,-0.01068258285522461,7.763332843780518
1477,-64.82525634765625,-85.71947788238525,177,20.376155853271484,0.001,1,a2c_lr_high_seed1,0.2668762803077698,40.22014617919922,0.7925688028335571,0.7719615697860718,46.95263671875
1477,-64.82525634765625,-85.71947788238525,177,4.2061591148376465,0.001,1,a2c_lr_high_seed1,-0.23345568776130676,8.880770683288574,0.770641565322876,-0.40699368715286255,23.962825775146484
1478,-101.93755340576172,-86.3032107925415,298,82.99713897705078,0.001,1,a2c_lr_high_seed1,-3.595099925994873,173.18617248535156,0.8496483564376831,-4.395944595336914,168.20217895507812
1478,-101.93755340576172,-86.3032107925415,298,3.0507819652557373,0.001,1,a2c_lr_high_seed1,0.24503563344478607,5.6130690574646,0.7881515622138977,0.2493496686220169,12.363061904907227
1479,-106.18177795410156,-85.95201572418213,263,52.706295013427734,0.001,1,a2c_lr_high_seed1,-1.821122169494629,109.05642700195312,0.7990686297416687,-2.45051646232605,92.9281005859375
1480,-111.80400085449219,-86.12875186920166,249,57.929569244384766,0.001,1,a2c_lr_high_seed1,-0.7749770879745483,117.4107437133789,0.8250995874404907,-1.3551009893417358,91.50102233886719
1480,-111.80400085449219,-86.12875186920166,249,4.099316596984863,0.001,1,a2c_lr_high_seed1,0.5068268775939941,7.18663215637207,0.8264028429985046,0.6489125490188599,18.977062225341797
1480,-111.80400085449219,-86.12875186920166,249,3.458094358444214,0.001,1,a2c_lr_high_seed1,0.21282309293746948,6.492167949676514,0.8128502368927002,0.38531413674354553,14.193496704101562
1481,-94.0578384399414,-85.57504764556884,271,55.589744567871094,0.001,1,a2c_lr_high_seed1,-1.4581753015518188,114.09732055664062,0.7417206764221191,-1.118053674697876,57.28204345703125
1482,-78.35973358154297,-85.0714189529419,173,65.75529479980469,0.001,1,a2c_lr_high_seed1,-1.9211561679840088,135.3544158935547,0.7530317306518555,-2.56671142578125,117.07295989990234
1483,-62.75666427612305,-83.43951488494874,1001,18.502153396606445,0.001,1,a2c_lr_high_seed1,1.5420855283737183,33.921836853027344,0.8498209118843079,1.4805363416671753,44.02550506591797
1483,-62.75666427612305,-83.43951488494874,1001,9.022626876831055,0.001,1,a2c_lr_high_seed1,1.0206592082977295,16.005552291870117,0.8089332580566406,1.4682140350341797,56.56565475463867
1483,-62.75666427612305,-83.43951488494874,1001,3.2145326137542725,0.001,1,a2c_lr_high_seed1,0.18062669038772583,6.069423198699951,0.8056382536888123,0.4525645077228546,23.59984588623047
1484,-112.7592544555664,-84.1116408920288,169,61.0102424621582,0.001,1,a2c_lr_high_seed1,-1.9077138900756836,125.837646484375,0.8673107624053955,-2.2553062438964844,130.7034454345703
1484,-112.7592544555664,-84.1116408920288,169,4.28787088394165,0.001,1,a2c_lr_high_seed1,0.811738133430481,6.953901290893555,0.818011462688446,1.1639535427093506,41.90428161621094
1484,-112.7592544555664,-84.1116408920288,169,4.488159656524658,0.001,1,a2c_lr_high_seed1,0.5336853265762329,7.910601615905762,0.8265931010246277,0.8620957136154175,23.26451873779297
1485,7.805155277252197,-81.79098242759704,1001,23.43992805480957,0.001,1,a2c_lr_high_seed1,2.1443557739257812,42.59272766113281,0.7924383282661438,2.80338716506958,82.0713119506836
1485,7.805155277252197,-81.79098242759704,1001,4.474564075469971,0.001,1,a2c_lr_high_seed1,0.8403521776199341,7.270068168640137,0.8218348622322083,1.2926431894302368,39.705631256103516
1486,-89.88816833496094,-81.27225577354432,282,69.11248779296875,0.001,1,a2c_lr_high_seed1,-1.2013556957244873,140.62933349609375,0.8223115801811218,-0.9288092851638794,65.29420471191406
1486,-89.88816833496094,-81.27225577354432,282,2.5611870288848877,0.001,1,a2c_lr_high_seed1,0.34030842781066895,4.443377494812012,0.8101871013641357,0.6502431631088257,18.030635833740234
1486,-89.88816833496094,-81.27225577354432,282,2.102687358856201,0.001,1,a2c_lr_high_seed1,-0.20054695010185242,4.608139991760254,0.835631787776947,-0.03840675950050354,16.626543045043945
1486,-89.88816833496094,-81.27225577354432,282,4.204134464263916,0.001,1,a2c_lr_high_seed1,0.7999685406684875,6.80975341796875,0.7107876539230347,1.2849318981170654,38.87034606933594
1487,-80.58674621582031,-82.79711524009704,1001,19.60736656188965,0.001,1,a2c_lr_high_seed1,2.0889508724212646,35.03829574584961,0.7322789430618286,3.133104085922241,80.46700286865234
1487,-80.58674621582031,-82.79711524009704,1001,2.231581926345825,0.001,1,a2c_lr_high_seed1,-0.7038679718971252,5.872457027435303,0.7786850929260254,-0.7628371119499207,26.840654373168945
1487,-80.58674621582031,-82.79711524009704,1001,4.144608974456787,0.001,1,a2c_lr_high_seed1,0.5144999027252197,7.261851787567139,0.8166749477386475,0.6511821746826172,23.913612365722656
1487,-80.58674621582031,-82.79711524009704,1001,4.281692981719971,0.001,1,a2c_lr_high_seed1,0.2813171148300171,8.002403259277344,0.8260864615440369,0.21881619095802307,14.968460083007812
1487,-80.58674621582031,-82.79711524009704,1001,5.4015679359436035,0.001,1,a2c_lr_high_seed1,1.5863847732543945,7.631917953491211,0.7758666276931763,1.9185596704483032,55.09895706176758
1489,-63.7191047668457,-84.99752821922303,1001,110.87237548828125,0.001,1,a2c_lr_high_seed1,-1.394275426864624,224.534912109375,0.8125118017196655,-1.6795835494995117,134.69622802734375
1489,-63.7191047668457,-84.99752821922303,1001,3.9124555587768555,0.001,1,a2c_lr_high_seed1,0.466522216796875,6.893375396728516,0.7543986439704895,1.104001522064209,24.204084396362305
1489,-63.7191047668457,-84.99752821922303,1001,1.562330961227417,0.001,1,a2c_lr_high_seed1,-0.290848970413208,3.707986831665039,0.8134599328041077,-0.28824931383132935,15.41618824005127
1489,-63.7191047668457,-84.99752821922303,1001,3.551656723022461,0.001,1,a2c_lr_high_seed1,0.23859445750713348,6.627703666687012,0.7895336151123047,0.44287145137786865,10.074324607849121
1489,-63.7191047668457,-84.99752821922303,1001,3.750908613204956,0.001,1,a2c_lr_high_seed1,0.40482965111732483,6.693650245666504,0.7463505864143372,0.9325562119483948,27.955678939819336
1489,-63.7191047668457,-84.99752821922303,1001,2.0217366218566895,0.001,1,a2c_lr_high_seed1,-0.48676109313964844,5.018526554107666,0.7654911875724792,-0.45489025115966797,13.877082824707031
1490,-51.484554290771484,-87.62464728355408,1001,7.901726245880127,0.001,1,a2c_lr_high_seed1,1.1132874488830566,13.578481674194336,0.8018583655357361,1.4280904531478882,30.15192985534668
1490,-51.484554290771484,-87.62464728355408,1001,3.3129639625549316,0.001,1,a2c_lr_high_seed1,-0.4475356936454773,7.522531509399414,0.7659478187561035,-0.2798669934272766,7.9204277992248535
1490,-51.484554290771484,-87.62464728355408,1001,5.658555030822754,0.001,1,a2c_lr_high_seed1,1.273464322090149,8.771795272827148,0.8067902326583862,1.6041533946990967,43.02705383300781
1491,-59.61453628540039,-86.61612105369568,1001,15.89215087890625,0.001,1,a2c_lr_high_seed1,1.3495935201644897,29.08661460876465,0.7500590085983276,2.0910162925720215,54.26705551147461
1491,-59.61453628540039,-86.61612105369568,1001,3.1489064693450928,0.001,1,a2c_lr_high_seed1,-0.12562574446201324,6.550670146942139,0.802831768989563,-0.16743680834770203,14.265758514404297
1491,-59.61453628540039,-86.61612105369568,1001,6.873827934265137,0.001,1,a2c_lr_high_seed1,-0.018553301692008972,13.786178588867188,0.7081325650215149,-0.29580700397491455,17.246192932128906
1492,-161.18109130859375,-88.19766814231872,756,69.10537719726562,0.001,1,a2c_lr_high_seed1,-2.3390133380889893,142.89031982421875,0.7667738199234009,-3.4972424507141113,119.56268310546875
1492,-161.18109130859375,-88.19766814231872,756,2.5542492866516113,0.001,1,a2c_lr_high_seed1,-0.009481878951191902,5.128946781158447,0.7421865463256836,0.1439853310585022,9.918449401855469
1492,-161.18109130859375,-88.19766814231872,756,3.76434588432312,0.001,1,a2c_lr_high_seed1,-0.2814387381076813,8.093032836914062,0.7316917777061462,-0.3697795867919922,19.215293884277344
1494,-63.03968811035156,-86.20122115135193,283,86.57821655273438,0.001,1,a2c_lr_high_seed1,0.45447975397109985,172.2490234375,0.7817544937133789,0.05252641439437866,96.81507873535156
1494,-63.03968811035156,-86.20122115135193,283,6.658953666687012,0.001,1,a2c_lr_high_seed1,0.9190114736557007,11.481504440307617,0.8103796243667603,1.4287936687469482,39.07881546020508
1494,-63.03968811035156,-86.20122115135193,283,2.6388440132141113,0.001,1,a2c_lr_high_seed1,-0.3665478825569153,6.012357711791992,0.7871076464653015,-0.5198488831520081,20.81538963317871
1495,-75.93379211425781,-86.25595686912537,1001,8.431879997253418,0.001,1,a2c_lr_high_seed1,0.2718255817890167,16.32155418395996,0.7225569486618042,0.5955917239189148,19.403514862060547
1495,-75.93379211425781,-86.25595686912537,1001,5.3266730308532715,0.001,1,a2c_lr_high_seed1,0.6912029981613159,9.272457122802734,0.7585969567298889,0.9875236749649048,31.826520919799805
1495,-75.93379211425781,-86.25595686912537,1001,2.3869714736938477,0.001,1,a2c_lr_high_seed1,0.2746981978416443,4.226140975952148,0.7972165942192078,0.45314180850982666,15.85600471496582
1495,-75.93379211425781,-86.25595686912537,1001,4.721014022827148,0.001,1,a2c_lr_high_seed1,0.422054648399353,8.599478721618652,0.78021240234375,0.5151717662811279,16.753427505493164
1496,-96.26249694824219,-88.55244002342224,1001,17.765226364135742,0.001,1,a2c_lr_high_seed1,0.8879452347755432,33.75598907470703,0.7139674425125122,1.4205727577209473,37.58198165893555
1496,-96.26249694824219,-88.55244002342224,1001,4.876786708831787,0.001,1,a2c_lr_high_seed1,0.7998547554016113,8.155242919921875,0.6893611550331116,1.3430954217910767,36.2225227355957
1497,-68.66604614257812,-88.46792677879334,218,78.20881652832031,0.001,1,a2c_lr_high_seed1,-3.0776546001434326,162.57452392578125,0.7903828024864197,-3.8055102825164795,164.27792358398438
1497,-68.66604614257812,-88.46792677879334,218,6.871760368347168,0.001,1,a2c_lr_high_seed1,0.4626009166240692,12.819945335388184,0.8128070831298828,0.8972893953323364,30.328020095825195
1497,-68.66604614257812,-88.46792677879334,218,2.098083257675171,0.001,1,a2c_lr_high_seed1,0.28537845611572266,3.6270296573638916,0.8099046945571899,0.4355584681034088,11.040501594543457
1497,-68.66604614257812,-88.46792677879334,218,1.6179982423782349,0.001,1,a2c_lr_high_seed1,-0.35518878698349,3.9480786323547363,0.8521836400032043,-0.3762666881084442,12.534334182739258
1497,-68.66604614257812,-88.46792677879334,218,3.446824312210083,0.001,1,a2c_lr_high_seed1,-0.4195387661457062,7.734349250793457,0.811613917350769,-0.38255810737609863,17.989574432373047
1498,-113.8920669555664,-89.23389815330505,430,49.86320495605469,0.001,1,a2c_lr_high_seed1,-0.15401044487953186,100.03589630126953,0.7305442094802856,0.036836713552474976,13.983002662658691
1498,-113.8920669555664,-89.23389815330505,430,3.4938371181488037,0.001,1,a2c_lr_high_seed1,-0.026766624301671982,7.042736530303955,0.76469886302948,-0.0433405339717865,18.518051147460938
1498,-113.8920669555664,-89.23389815330505,430,3.406101703643799,0.001,1,a2c_lr_high_seed1,0.3887450397014618,6.036330223083496,0.8084677457809448,0.595582902431488,18.26247787475586
1500,-70.40567016601562,-89.50204802513123,1001,32.85114669799805,0.001,1,a2c_lr_high_seed1,1.9271575212478638,61.84947204589844,0.7464232444763184,2.8190436363220215,63.08216094970703
1500,-70.40567016601562,-89.50204802513123,1001,2.778445243835449,0.001,1,a2c_lr_high_seed1,0.27647119760513306,5.005500793457031,0.7762764096260071,0.6135413646697998,16.839216232299805
1501,-86.7157974243164,-89.25107558250427,309,71.28499603271484,0.001,1,a2c_lr_high_seed1,-0.9761955142021179,144.5239715576172,0.794693648815155,-1.9159008264541626,98.36820220947266
1501,-86.7157974243164,-89.25107558250427,309,2.4740121364593506,0.001,1,a2c_lr_high_seed1,-0.6248408555984497,6.199296474456787,0.7950178384780884,-0.5041228532791138,15.113046646118164
1501,-86.7157974243164,-89.25107558250427,309,5.633164405822754,0.001,1,a2c_lr_high_seed1,-0.4286724925041199,12.125164031982422,0.745213508605957,-0.14260457456111908,30.758163452148438
1501,-86.7157974243164,-89.25107558250427,309,4.430638313293457,0.001,1,a2c_lr_high_seed1,0.929307758808136,7.004348278045654,0.8432987332344055,1.3476816415786743,35.98930358886719
1501,-86.7157974243164,-89.25107558250427,309,2.884589433670044,0.001,1,a2c_lr_high_seed1,0.12084373831748962,5.529078006744385,0.7931373715400696,0.35740095376968384,12.59432315826416
1501,-86.7157974243164,-89.25107558250427,309,2.613729238510132,0.001,1,a2c_lr_high_seed1,-0.5291377902030945,6.287346363067627,0.8061550855636597,-0.49765369296073914,19.179880142211914
1502,-121.78749084472656,-89.99710768699646,570,70.04965209960938,0.001,1,a2c_lr_high_seed1,-2.6816887855529785,145.46417236328125,0.7453616857528687,-3.1378183364868164,100.41748046875
1503,-35.713565826416016,-92.946710729599,1001,13.234612464904785,0.001,1,a2c_lr_high_seed1,1.0627716779708862,24.34520149230957,0.7604054808616638,1.724733591079712,47.68455123901367
1503,-35.713565826416016,-92.946710729599,1001,4.941955089569092,0.001,1,a2c_lr_high_seed1,0.661771833896637,8.561898231506348,0.7656726241111755,0.9338064193725586,32.77997970581055
1504,-63.454345703125,-92.56215537071228,1001,8.958456039428711,0.001,1,a2c_lr_high_seed1,0.954897403717041,16.008834838867188,0.8583332300186157,1.2744818925857544,31.035995483398438
1504,-63.454345703125,-92.56215537071228,1001,5.9881157875061035,0.001,1,a2c_lr_high_seed1,-0.1451358050107956,12.268080711364746,0.7885701060295105,-0.1597214639186859,19.588275909423828
1504,-63.454345703125,-92.56215537071228,1001,2.7563748359680176,0.001,1,a2c_lr_high_seed1,0.18148288130760193,5.151457786560059,0.8369213342666626,0.3935832679271698,17.433164596557617
1505,-51.25760269165039,-90.01441679954529,1001,13.862380027770996,0.001,1,a2c_lr_high_seed1,0.919374942779541,25.887550354003906,0.7692232728004456,1.0994428396224976,24.99622917175293
1506,-65.16883850097656,-89.28259734153748,195,46.70889663696289,0.001,1,a2c_lr_high_seed1,0.19372038543224335,93.03181457519531,0.7336268424987793,0.49147674441337585,16.90435028076172
1506,-65.16883850097656,-89.28259734153748,195,2.638686418533325,0.001,1,a2c_lr_high_seed1,-0.4749821424484253,6.228760719299316,0.711596667766571,-0.2378096878528595,17.30287742614746
1506,-65.16883850097656,-89.28259734153748,195,3.059495449066162,0.001,1,a2c_lr_high_seed1,-0.46839070320129395,7.057314872741699,0.7713745832443237,-0.6909379959106445,24.919828414916992
1506,-65.16883850097656,-89.28259734153748,195,5.211991786956787,0.001,1,a2c_lr_high_seed1,0.9372520446777344,8.551020622253418,0.7705462574958801,1.2492945194244385,39.96438217163086
1507,-129.00811767578125,-90.21802580833435,712,59.96063232421875,0.001,1,a2c_lr_high_seed1,-1.3291159868240356,122.58094787597656,0.7263834476470947,-1.9804223775863647,70.12553405761719
1507,-129.00811767578125,-90.21802580833435,712,2.9862618446350098,0.001,1,a2c_lr_high_seed1,-0.09306254982948303,6.160099029541016,0.7249916195869446,-0.026905715465545654,12.355598449707031
1508,-68.9636459350586,-90.13662474632264,222,62.694664001464844,0.001,1,a2c_lr_high_seed1,-0.6846809387207031,126.76023864746094,0.7736823558807373,-0.7870543003082275,28.876222610473633
1509,-60.79421615600586,-89.28325095176697,238,76.57131958007812,0.001,1,a2c_lr_high_seed1,-1.5925438404083252,156.32931518554688,0.7912468910217285,-2.1440298557281494,92.22419738769531
1509,-60.79421615600586,-89.28325095176697,238,2.381554365158081,0.001,1,a2c_lr_high_seed1,-0.4506227970123291,5.665842056274414,0.7438180446624756,-0.290220707654953,12.550002098083496
1510,-102.08893585205078,-88.89863699913025,173,106.86101531982422,0.001,1,a2c_lr_high_seed1,-5.271674156188965,224.2669677734375,0.7939186096191406,-5.869573593139648,237.58628845214844
1510,-102.08893585205078,-88.89863699913025,173,4.323726177215576,0.001,1,a2c_lr_high_seed1,0.2511085867881775,8.146703720092773,0.734533429145813,0.617501437664032,20.863100051879883
1510,-102.08893585205078,-88.89863699913025,173,2.823418140411377,0.001,1,a2c_lr_high_seed1,-0.21120300889015198,6.070786476135254,0.7719006538391113,-0.27723583579063416,11.564445495605469
1511,-113.40365600585938,-88.57106741905213,161,95.01800537109375,0.001,1,a2c_lr_high_seed1,-3.348003387451172,196.73355102539062,0.762467086315155,-3.547562599182129,169.56289672851562
1511,-113.40365600585938,-88.57106741905213,161,6.166305065155029,0.001,1,a2c_lr_high_seed1,0.19647708535194397,11.941245079040527,0.7944154739379883,0.11600181460380554,21.967185974121094
1512,-129.42811584472656,-88.80102103233338,652,23.19461441040039,0.001,1,a2c_lr_high_seed1,-0.39007025957107544,47.17101287841797,0.8227663040161133,-0.19912448525428772,15.017389297485352
1512,-129.42811584472656,-88.80102103233338,652,7.353583335876465,0.001,1,a2c_lr_high_seed1,0.706464946269989,13.295814514160156,0.7886042594909668,0.9144198298454285,30.929237365722656
1514,-39.76483917236328,-84.73868842124939,1001,33.281776428222656,0.001,1,a2c_lr_high_seed1,2.100766658782959,62.36345672607422,0.7165986895561218,2.9462201595306396,65.02519226074219
1514,-39.76483917236328,-84.73868842124939,1001,7.172834396362305,0.001,1,a2c_lr_high_seed1,-0.2528455853462219,14.852970123291016,0.8046697378158569,-0.6563760042190552,39.2195930480957
1515,-38.90113067626953,-83.66447653770447,1001,10.840137481689453,0.001,1,a2c_lr_high_seed1,1.1897927522659302,19.302268981933594,0.7900651693344116,1.722784161567688,46.03288269042969
1516,-193.17701721191406,-85.34868231773376,726,69.49346160888672,0.001,1,a2c_lr_high_seed1,-2.3379905223846436,143.6643829345703,0.737533450126648,-3.1767196655273438,109.63481903076172
1517,-102.17774963378906,-85.3647316646576,136,71.44084167480469,0.001,1,a2c_lr_high_seed1,-1.4271595478057861,145.73753356933594,0.7636189460754395,-2.111056089401245,119.23851776123047
1517,-102.17774963378906,-85.3647316646576,136,4.329853534698486,0.001,1,a2c_lr_high_seed1,-0.34174686670303345,9.34482192993164,0.8107142448425293,-0.3845079839229584,14.913285255432129
1517,-102.17774963378906,-85.3647316646576,136,3.3897151947021484,0.001,1,a2c_lr_high_seed1,0.1882879137992859,6.404446601867676,0.7960779070854187,0.2962024211883545,11.604790687561035
1517,-102.17774963378906,-85.3647316646576,136,3.1111581325531006,0.001,1,a2c_lr_high_seed1,-0.19448165595531464,6.612884998321533,0.8027058839797974,-0.027499184012413025,12.210363388061523
1517,-102.17774963378906,-85.3647316646576,136,4.317469120025635,0.001,1,a2c_lr_high_seed1,-0.2983846664428711,9.233338356018066,0.8152881860733032,-0.03174510598182678,27.805694580078125
1517,-102.17774963378906,-85.3647316646576,136,3.1158196926116943,0.001,1,a2c_lr_high_seed1,0.12284327298402786,5.987512111663818,0.7796052098274231,0.2687237560749054,17.180089950561523
1518,-110.24231719970703,-86.91657614707947,433,39.42999267578125,0.001,1,a2c_lr_high_seed1,-0.7461371421813965,80.35369873046875,0.7226953506469727,-0.4725269377231598,19.621196746826172
1518,-110.24231719970703,-86.91657614707947,433,3.8115451335906982,0.001,1,a2c_lr_high_seed1,0.34595102071762085,6.932801723480225,0.8068718314170837,0.5509531497955322,19.597890853881836
1519,-89.60401153564453,-86.53058585166931,281,73.47129821777344,0.001,1,a2c_lr_high_seed1,-1.1280827522277832,149.20018005371094,0.7060323357582092,-1.4473464488983154,95.7834701538086
1519,-89.60401153564453,-86.53058585166931,281,1.9476349353790283,0.001,1,a2c_lr_high_seed1,-0.5516695976257324,5.000268936157227,0.8299300670623779,-0.3667330741882324,18.597246170043945
1519,-89.60401153564453,-86.53058585166931,281,1.6168863773345947,0.001,1,a2c_lr_high_seed1,-0.17422452569007874,3.5838396549224854,0.8089396357536316,0.21184366941452026,13.35794448852539
1519,-89.60401153564453,-86.53058585166931,281,4.097134590148926,0.001,1,a2c_lr_high_seed1,0.7358875274658203,6.7240519523620605,0.7791270017623901,1.0833864212036133,31.490859985351562
1520,-63.63405227661133,-87.24118098258973,193,47.63101577758789,0.001,1,a2c_lr_high_seed1,-1.060597538948059,97.38484191894531,0.8105528354644775,-0.8332968354225159,42.3937873840332
1520,-63.63405227661133,-87.24118098258973,193,0.7362390160560608,0.001,1,a2c_lr_high_seed1,-0.5206242799758911,2.5152878761291504,0.7806344628334045,-0.3012452721595764,9.498676300048828
1520,-63.63405227661133,-87.24118098258973,193,3.4991142749786377,0.001,1,a2c_lr_high_seed1,0.06768633425235748,6.8643927574157715,0.768361508846283,0.20220941305160522,13.901397705078125
1520,-63.63405227661133,-87.24118098258973,193,2.2604475021362305,0.001,1,a2c_lr_high_seed1,-0.223444402217865,4.969438552856445,0.8272666931152344,-0.14225345849990845,10.975699424743652
1520,-63.63405227661133,-87.24118098258973,193,1.701459527015686,0.001,1,a2c_lr_high_seed1,-0.2588229179382324,3.922140598297119,0.7878978252410889,-0.3835514783859253,8.842944145202637
1521,-108.73281860351562,-85.89701594352722,1001,34.49905776977539,0.001,1,a2c_lr_high_seed1,1.7208161354064941,65.55796813964844,0.7424377202987671,2.0869622230529785,70.17935943603516
1521,-108.73281860351562,-85.89701594352722,1001,2.889132499694824,0.001,1,a2c_lr_high_seed1,0.2705887258052826,5.238618850708008,0.7656731605529785,0.5014544725418091,10.97719955444336
1521,-108.73281860351562,-85.89701594352722,1001,1.3069686889648438,0.001,1,a2c_lr_high_seed1,-0.3166711628437042,3.248965263366699,0.8428205251693726,-0.43888282775878906,12.585901260375977
1521,-108.73281860351562,-85.89701594352722,1001,3.688614845275879,0.001,1,a2c_lr_high_seed1,0.36810916662216187,6.642596244812012,0.7925912737846375,0.46570679545402527,17.22396469116211
1522,-18.738298416137695,-84.74579955101014,1001,7.569228649139404,0.001,1,a2c_lr_high_seed1,-0.23545534908771515,15.610991477966309,0.8116661906242371,0.06384789943695068,21.615074157714844
1522,-18.738298416137695,-84.74579955101014,1001,1.7781141996383667,0.001,1,a2c_lr_high_seed1,-0.6459877490997314,4.8497209548950195,0.7585165500640869,-0.7696400880813599,20.55672264099121
1522,-18.738298416137695,-84.74579955101014,1001,2.708021402359009,0.001,1,a2c_lr_high_seed1,-0.2209007292985916,5.859543800354004,0.8497265577316284,-0.19540739059448242,11.581299781799316
1522,-18.738298416137695,-84.74579955101014,1001,3.2373931407928467,0.001,1,a2c_lr_high_seed1,0.09084678441286087,6.294772148132324,0.8397371768951416,0.42960065603256226,13.862906455993652
1524,-98.47636413574219,-84.18752158164978,432,84.359130859375,0.001,1,a2c_lr_high_seed1,-2.6570212841033936,174.0337371826172,0.7177718877792358,-3.403205633163452,109.15935516357422
1524,-98.47636413574219,-84.18752158164978,432,3.526726722717285,0.001,1,a2c_lr_high_seed1,-0.15185371041297913,7.358663082122803,0.7509775161743164,-0.21172156929969788,9.883207321166992
1525,-26.4526424407959,-82.94188082695007,1001,10.415053367614746,0.001,1,a2c_lr_high_seed1,0.02951711416244507,20.772579193115234,0.753120481967926,-0.0899234414100647,28.72195053100586
1525,-26.4526424407959,-82.94188082695007,1001,5.116090297698975,0.001,1,a2c_lr_high_seed1,-0.6440320611000061,11.521745681762695,0.7503842711448669,-1.0088000297546387,31.998655319213867
1525,-26.4526424407959,-82.94188082695007,1001,7.1347222328186035,0.001,1,a2c_lr_high_seed1,0.24428418278694153,13.782559394836426,0.8413993716239929,0.6595692038536072,53.34210968017578
1526,-56.4221305847168,-81.3146743297577,1001,11.145212173461914,0.001,1,a2c_lr_high_seed1,-0.039572834968566895,22.371173858642578,0.8022446632385254,0.0923113226890564,11.164677619934082
1527,-44.262977600097656,-80.90342875480651,1001,11.443674087524414,0.001,1,a2c_lr_high_seed1,0.45687219500541687,21.975322723388672,0.8588372468948364,0.46996164321899414,27.014760971069336
1528,-99.22502136230469,-80.84917811393738,222,80.08497619628906,0.001,1,a2c_lr_high_seed1,-2.519716262817383,165.21092224121094,0.769686758518219,-3.375112295150757,136.53697204589844
1528,-99.22502136230469,-80.84917811393738,222,3.677628993988037,0.001,1,a2c_lr_high_seed1,0.09798850119113922,7.160730838775635,0.7250163555145264,0.0929751917719841,23.43975067138672
1529,-122.84072875976562,-81.18235713005066,428,76.48225402832031,0.001,1,a2c_lr_high_seed1,-2.0152225494384766,156.99647521972656,0.762962818145752,-2.106245994567871,88.84662628173828
1529,-122.84072875976562,-81.18235713005066,428,2.584988832473755,0.001,1,a2c_lr_high_seed1,0.4909789562225342,4.189617156982422,0.7986776232719421,0.7365848422050476,21.081562042236328
1529,-122.84072875976562,-81.18235713005066,428,4.041312217712402,0.001,1,a2c_lr_high_seed1,0.45342177152633667,7.17732048034668,0.7696713805198669,0.4950438141822815,18.93159294128418
1529,-122.84072875976562,-81.18235713005066,428,4.653115272521973,0.001,1,a2c_lr_high_seed1,0.18196146190166473,8.943840026855469,0.766116201877594,0.2792605459690094,19.649961471557617
1529,-122.84072875976562,-81.18235713005066,428,1.823240041732788,0.001,1,a2c_lr_high_seed1,-0.09359948337078094,3.8352930545806885,0.8069949746131897,0.015360206365585327,5.1818437576293945
1530,-96.1821517944336,-80.86992014884949,1001,20.972684860229492,0.001,1,a2c_lr_high_seed1,1.4798052310943604,38.98735809326172,0.7983490228652954,1.7293236255645752,52.05790328979492
1530,-96.1821517944336,-80.86992014884949,1001,4.865699768066406,0.001,1,a2c_lr_high_seed1,-0.2169468253850937,10.166855812072754,0.781349241733551,0.17886340618133545,20.45452117919922
1530,-96.1821517944336,-80.86992014884949,1001,2.6033337116241455,0.001,1,a2c_lr_high_seed1,-0.4951833486557007,6.198515892028809,0.7406769394874573,-0.37618720531463623,21.901832580566406
1530,-96.1821517944336,-80.86992014884949,1001,1.904387354850769,0.001,1,a2c_lr_high_seed1,-0.07029367983341217,3.9509146213531494,0.7763203382492065,0.06266282498836517,12.989524841308594
