episode,total_reward,moving_avg_reward,episode_length,loss,learning_rate,seed,exp_name,policy_loss,value_loss,entropy,adv_mean,grad_norm
3,-163.4757537841797,-271.33360290527344,86,858.0680541992188,0.0003,1,a2c_entropy_low_seed1,-23.126007080078125,1762.389404296875,1.3848929405212402,-16.687557220458984,46.29287338256836
8,-121.76776123046875,-182.03458404541016,128,539.2011108398438,0.0003,1,a2c_entropy_low_seed1,-32.093238830566406,1142.590087890625,1.3849245309829712,-23.268037796020508,46.916324615478516
8,-121.76776123046875,-182.03458404541016,128,135.3142852783203,0.0003,1,a2c_entropy_low_seed1,-14.689844131469727,300.0096435546875,1.3851070404052734,-10.588858604431152,23.596569061279297
10,-168.37826538085938,-192.27215270996095,85,642.787841796875,0.0003,1,a2c_entropy_low_seed1,-11.339483261108398,1308.2559814453125,1.384830117225647,-8.152608871459961,19.183013916015625
15,-273.75201416015625,-195.07561848958332,82,883.713623046875,0.0003,1,a2c_entropy_low_seed1,-31.06112289428711,1829.55078125,1.3847439289093018,-22.49683380126953,48.16520309448242
17,-126.41178894042969,-184.25236600988052,77,311.505615234375,0.0003,1,a2c_entropy_low_seed1,-23.966222763061523,670.945068359375,1.3848276138305664,-17.361955642700195,34.57158279418945
18,-199.40420532226562,-185.09413486056857,113,307.521728515625,0.0003,1,a2c_entropy_low_seed1,-13.676003456115723,642.3968505859375,1.3849244117736816,-9.754323959350586,25.90394401550293
23,-64.12939453125,-187.37222820779553,107,710.1416625976562,0.0003,1,a2c_entropy_low_seed1,-28.556201934814453,1477.3970947265625,1.3847579956054688,-20.57445526123047,56.6339225769043
24,-185.40399169921875,-187.29021835327148,95,56.56293869018555,0.0003,1,a2c_entropy_low_seed1,-6.7077484130859375,126.54276275634766,1.385036826133728,-4.84282922744751,11.711573600769043
28,-94.96089935302734,-178.57324436732702,82,776.6204833984375,0.0003,1,a2c_entropy_low_seed1,-29.948814392089844,1613.139892578125,1.3844257593154907,-21.576507568359375,52.194095611572266
31,-120.0431900024414,-178.0969021704889,97,282.0461730957031,0.0003,1,a2c_entropy_low_seed1,-16.35464096069336,596.8030395507812,1.3847880363464355,-11.759944915771484,26.4047908782959
32,-113.65971374511719,-176.08324003219604,117,152.468017578125,0.0003,1,a2c_entropy_low_seed1,-13.209583282470703,331.3565673828125,1.3848644495010376,-9.52906608581543,22.384624481201172
38,-199.8549041748047,-173.22469550684878,96,1022.32080078125,0.0003,1,a2c_entropy_low_seed1,-46.99310302734375,2138.629150390625,1.3842334747314453,-34.0515251159668,85.19850158691406
39,-254.6129913330078,-175.3115748870067,94,123.88580322265625,0.0003,1,a2c_entropy_low_seed1,-11.575828552246094,270.9246520996094,1.3848013877868652,-8.249773979187012,20.63800811767578
40,-91.14094543457031,-173.2073091506958,74,203.66175842285156,0.0003,1,a2c_entropy_low_seed1,-20.80810546875,448.94110107421875,1.3844237327575684,-14.944238662719727,35.901123046875
44,-335.6595153808594,-182.02614385431463,105,1600.6865234375,0.0003,1,a2c_entropy_low_seed1,-47.00296401977539,3295.38037109375,1.383705496788025,-33.840267181396484,101.76351928710938
46,-280.44622802734375,-183.10323897652003,111,332.40008544921875,0.0003,1,a2c_entropy_low_seed1,-19.49895477294922,703.7994995117188,1.3842984437942505,-14.011468887329102,42.736778259277344
47,-317.75628662109375,-185.96819743704287,128,351.4012756347656,0.0003,1,a2c_entropy_low_seed1,7.410463333129883,687.9830322265625,1.3843090534210205,5.24219274520874,16.411962509155273
53,-132.74078369140625,-169.06392486572267,103,618.3184204101562,0.0003,1,a2c_entropy_low_seed1,-29.547704696655273,1295.733642578125,1.383798599243164,-21.66568374633789,59.38163757324219
55,-96.13372039794922,-170.94957901000976,91,197.81825256347656,0.0003,1,a2c_entropy_low_seed1,-13.18222427368164,422.0023193359375,1.384307622909546,-9.564407348632812,26.252174377441406
57,-53.75532531738281,-165.7585368347168,67,154.01962280273438,0.0003,1,a2c_entropy_low_seed1,-9.492613792419434,327.0258483886719,1.3844157457351685,-6.837259292602539,18.61465835571289
60,-11.284721374511719,-157.78581031799317,111,481.7119140625,0.0003,1,a2c_entropy_low_seed1,-11.840605735778809,987.1064453125,1.3840595483779907,-8.379281997680664,22.404943466186523
63,-428.29791259765625,-160.18674110412599,79,1527.302490234375,0.0003,1,a2c_entropy_low_seed1,-44.92431640625,3144.455078125,1.383171558380127,-32.57080841064453,117.95979309082031
65,-100.54767608642578,-159.55995552062987,128,241.19366455078125,0.0003,1,a2c_entropy_low_seed1,-21.137462615966797,524.6636352539062,1.3841511011123657,-15.217449188232422,43.33743667602539
66,-329.0030517578125,-164.54513343811035,83,490.26080322265625,0.0003,1,a2c_entropy_low_seed1,-18.4198055267334,1017.3626098632812,1.3834047317504883,-13.467266082763672,48.7374267578125
71,-321.3489074707031,-175.22627708435058,87,1663.2060546875,0.0003,1,a2c_entropy_low_seed1,-49.840206146240234,3426.093994140625,1.3821017742156982,-35.637351989746094,136.94749450683594
73,-57.47243118286133,-170.01469482421874,71,151.1180419921875,0.0003,1,a2c_entropy_low_seed1,-10.697698593139648,323.6328430175781,1.3841588497161865,-7.7109246253967285,24.065458297729492
76,-409.4884033203125,-172.30747314453126,151,1458.7578125,0.0003,1,a2c_entropy_low_seed1,-37.972900390625,2993.462890625,1.3829658031463623,-27.421588897705078,110.17095947265625
80,-81.18959045410156,-164.54907287597655,94,562.3197021484375,0.0003,1,a2c_entropy_low_seed1,-22.183210372924805,1169.0072021484375,1.3833861351013184,-15.84963607788086,52.60157012939453
81,-253.51290893554688,-167.21846725463868,81,130.43870544433594,0.0003,1,a2c_entropy_low_seed1,-11.421689987182617,283.72216796875,1.3832480907440186,-8.233826637268066,28.486894607543945
82,-198.25921630859375,-168.9104573059082,85,501.1099548339844,0.0003,1,a2c_entropy_low_seed1,-20.362850189208984,1042.947021484375,1.3831779956817627,-14.706652641296387,58.65665817260742
86,-198.459228515625,-172.4294563293457,105,519.0223999023438,0.0003,1,a2c_entropy_low_seed1,-26.781766891479492,1091.609619140625,1.3827019929885864,-19.408039093017578,75.94154357910156
90,-51.0616455078125,-170.83580368041993,158,793.436279296875,0.0003,1,a2c_entropy_low_seed1,-28.152029037475586,1643.177978515625,1.3830397129058838,-20.241304397583008,77.92623901367188
90,-51.0616455078125,-170.83580368041993,158,200.26181030273438,0.0003,1,a2c_entropy_low_seed1,-21.93244743347168,444.389892578125,1.3838245868682861,-15.663309097290039,54.25526428222656
92,-104.75694274902344,-165.96595153808593,89,988.1951904296875,0.0003,1,a2c_entropy_low_seed1,-20.6224308013916,2017.6365966796875,1.3823143243789673,-15.093133926391602,66.07543182373047
94,-300.72283935546875,-164.15445587158203,117,636.7582397460938,0.0003,1,a2c_entropy_low_seed1,-32.67965316772461,1338.8770751953125,1.3811637163162231,-23.739057540893555,128.70729064941406
97,-534.03076171875,-175.00238983154296,111,130.50111389160156,0.0003,1,a2c_entropy_low_seed1,-11.616847038269043,284.2373046875,1.382760763168335,-8.47026252746582,37.59742736816406
101,-76.73462677001953,-177.84119522094727,56,370.7196960449219,0.0003,1,a2c_entropy_low_seed1,-14.678645133972168,770.798095703125,1.3829805850982666,-10.66879940032959,50.654762268066406
103,-82.27876281738281,-177.64208084106446,112,320.4345397949219,0.0003,1,a2c_entropy_low_seed1,-19.06730079650879,679.0050659179688,1.3831297159194946,-13.879449844360352,56.92144775390625
106,-71.34846496582031,-178.75253509521485,68,292.3166198730469,0.0003,1,a2c_entropy_low_seed1,-24.125396728515625,632.8854370117188,1.3826241493225098,-17.379554748535156,72.83991241455078
107,-214.7872314453125,-181.97317321777345,107,251.089599609375,0.0003,1,a2c_entropy_low_seed1,-20.090438842773438,542.3614501953125,1.3831284046173096,-14.351757049560547,61.25783920288086
108,-424.308837890625,-189.28001762390136,136,652.4424438476562,0.0003,1,a2c_entropy_low_seed1,-13.694161415100098,1332.2745361328125,1.3815827369689941,-9.61499309539795,67.36419677734375
113,-108.1869888305664,-182.69165519714355,90,590.337890625,0.0003,1,a2c_entropy_low_seed1,-31.164724349975586,1243.006591796875,1.3814336061477661,-22.47069549560547,109.81916809082031
114,-234.31654357910156,-185.3492261505127,73,130.31300354003906,0.0003,1,a2c_entropy_low_seed1,-8.743572235107422,278.1145324707031,1.3826539516448975,-6.154794692993164,33.98504638671875
117,-285.28955078125,-178.97222190856934,82,574.7090454101562,0.0003,1,a2c_entropy_low_seed1,-29.847423553466797,1209.1142578125,1.3823003768920898,-21.592050552368164,116.82164001464844
119,-243.76214599609375,-177.0582738494873,99,373.3728942871094,0.0003,1,a2c_entropy_low_seed1,-17.19649887084961,781.1401977539062,1.3819248676300049,-12.392810821533203,71.51982879638672
123,-123.39183807373047,-170.62208892822267,69,270.1676940917969,0.0003,1,a2c_entropy_low_seed1,-17.538816452026367,575.4144287109375,1.3818515539169312,-12.799661636352539,67.69891357421875
125,-73.47258758544922,-172.33241912841797,68,245.66073608398438,0.0003,1,a2c_entropy_low_seed1,-20.352916717529297,532.0286865234375,1.3819810152053833,-14.782155990600586,77.51940155029297
127,22.324668884277344,-166.21140838623046,85,901.1072387695312,0.0003,1,a2c_entropy_low_seed1,-28.961421966552734,1860.138671875,1.3808844089508057,-20.588909149169922,114.47498321533203
130,-114.2456283569336,-179.49252471923828,88,525.7623901367188,0.0003,1,a2c_entropy_low_seed1,-20.33188247680664,1092.18994140625,1.3813891410827637,-15.395761489868164,104.64897918701172
133,-130.92822265625,-170.9152653503418,84,311.8974304199219,0.0003,1,a2c_entropy_low_seed1,-17.279537200927734,658.3553466796875,1.3820629119873047,-12.298079490661621,69.63975524902344
135,-121.88584899902344,-171.20940460205077,78,413.9292907714844,0.0003,1,a2c_entropy_low_seed1,-14.888175964355469,857.6363525390625,1.3819369077682495,-10.896942138671875,56.88176345825195
136,-17.17182159423828,-167.58365646362304,110,194.87037658691406,0.0003,1,a2c_entropy_low_seed1,-11.14816665649414,412.0384521484375,1.3825647830963135,-8.0663480758667,44.81990432739258
141,-129.54165649414062,-170.16391021728515,69,757.517578125,0.0003,1,a2c_entropy_low_seed1,-36.549888610839844,1588.13623046875,1.3799508810043335,-26.760873794555664,171.3813934326172
142,-221.69403076171875,-172.50265197753907,114,158.43898010253906,0.0003,1,a2c_entropy_low_seed1,-12.887139320373535,342.65362548828125,1.382043719291687,-9.24268913269043,57.47223663330078
144,-135.15289306640625,-169.29373565673828,57,358.9371337890625,0.0003,1,a2c_entropy_low_seed1,-25.021495819091797,767.9186401367188,1.3822388648986816,-17.960805892944336,108.48796844482422
145,-222.00332641601562,-164.67315521240235,95,180.7677001953125,0.0003,1,a2c_entropy_low_seed1,-16.923877716064453,395.384521484375,1.3818672895431519,-12.427549362182617,87.5075912475586
149,-122.44111633300781,-162.4619578552246,70,1067.165771484375,0.0003,1,a2c_entropy_low_seed1,-36.95418167114258,2208.241455078125,1.3801168203353882,-26.941394805908203,210.57566833496094
151,-432.3290100097656,-170.82223770141601,90,318.85650634765625,0.0003,1,a2c_entropy_low_seed1,-17.23508644104004,672.1845703125,1.381354808807373,-12.45315933227539,90.37153625488281
153,-233.8736572265625,-173.95661849975585,101,536.262939453125,0.0003,1,a2c_entropy_low_seed1,-20.14870262145996,1112.8245849609375,1.381627082824707,-14.576390266418457,112.90509796142578
156,-95.31922149658203,-178.60889404296876,100,440.174560546875,0.0003,1,a2c_entropy_low_seed1,-17.47288703918457,915.2963256835938,1.3814411163330078,-12.449302673339844,100.34297180175781
157,-229.49087524414062,-178.9029669189453,103,185.6560821533203,0.0003,1,a2c_entropy_low_seed1,-6.998696327209473,385.3109436035156,1.3818683624267578,-5.14816427230835,49.966156005859375
161,-69.4114990234375,-170.46080291748046,76,462.8499450683594,0.0003,1,a2c_entropy_low_seed1,-20.0513858795166,965.8040771484375,1.3818519115447998,-14.306718826293945,103.94112396240234
165,-111.56723022460938,-162.1280497741699,100,479.4926452636719,0.0003,1,a2c_entropy_low_seed1,-14.202568054199219,987.391845703125,1.382234811782837,-10.31668758392334,60.36537551879883
165,-111.56723022460938,-162.1280497741699,100,85.20364379882812,0.0003,1,a2c_entropy_low_seed1,-9.023926734924316,188.45652770996094,1.3818817138671875,-6.5030012130737305,41.82158279418945
169,-97.60400390625,-152.92692474365234,114,394.14642333984375,0.0003,1,a2c_entropy_low_seed1,-25.699878692626953,839.6940307617188,1.3811445236206055,-18.598630905151367,146.41636657714844
172,-323.07574462890625,-168.70841445922852,138,1352.0556640625,0.0003,1,a2c_entropy_low_seed1,-39.7849235534668,2783.6826171875,1.3801435232162476,-28.683673858642578,269.47491455078125
173,-180.80526733398438,-169.8566830444336,114,119.13960266113281,0.0003,1,a2c_entropy_low_seed1,-3.451903820037842,245.1844024658203,1.3826041221618652,-2.4006829261779785,21.472518920898438
177,-130.50637817382812,-169.0844384765625,78,437.3745422363281,0.0003,1,a2c_entropy_low_seed1,-27.39838409423828,929.5472412109375,1.382244348526001,-19.604990005493164,152.1869354248047
179,-134.97171020507812,-159.93201507568358,125,311.42388916015625,0.0003,1,a2c_entropy_low_seed1,-23.938444137573242,670.72607421875,1.3813949823379517,-17.017454147338867,133.2751007080078
181,-309.40966796875,-164.2550946044922,105,613.2622680664062,0.0003,1,a2c_entropy_low_seed1,-13.83459186553955,1254.195068359375,1.3799470663070679,-9.787303924560547,117.33917999267578
184,-2.1997756958007812,-167.99431274414061,94,477.2516174316406,0.0003,1,a2c_entropy_low_seed1,-14.643579483032227,983.7918090820312,1.381403923034668,-10.482542991638184,110.46311950683594
187,-114.14583587646484,-168.2703773498535,78,254.0208740234375,0.0003,1,a2c_entropy_low_seed1,-14.762225151062012,537.5675659179688,1.3818347454071045,-10.731863975524902,90.01556396484375
189,-134.37393188476562,-164.17301254272462,127,269.8322448730469,0.0003,1,a2c_entropy_low_seed1,-15.263916969299316,570.1937255859375,1.3814332485198975,-11.00913143157959,90.17096710205078
192,-148.62307739257812,-161.954853515625,99,332.77716064453125,0.0003,1,a2c_entropy_low_seed1,-21.632740020751953,708.8212280273438,1.3807131052017212,-15.764476776123047,130.85951232910156
194,-226.1704559326172,-163.28409790039063,72,467.3077087402344,0.0003,1,a2c_entropy_low_seed1,-22.668132781982422,979.9530639648438,1.3799750804901123,-16.310279846191406,140.987060546875
196,-130.59193420410156,-160.03710418701172,92,678.0000610351562,0.0003,1,a2c_entropy_low_seed1,-11.332478523254395,1378.6663818359375,1.3810454607009888,-8.0791015625,62.7276496887207
201,-437.49774169921875,-149.67821594238282,107,707.8512573242188,0.0003,1,a2c_entropy_low_seed1,-31.136749267578125,1477.9774169921875,1.3792556524276733,-22.295621871948242,220.38040161132812
203,-322.65484619140625,-150.43167694091798,99,473.8523254394531,0.0003,1,a2c_entropy_low_seed1,-23.80312728881836,995.3123168945312,1.3799949884414673,-17.35776710510254,160.29727172851562
207,-374.5123291015625,-147.70695999145508,97,934.3560180664062,0.0003,1,a2c_entropy_low_seed1,-35.04193878173828,1938.7972412109375,1.3798253536224365,-25.49518585205078,248.75010681152344
208,-155.97625732421875,-148.22388259887694,96,241.1241455078125,0.0003,1,a2c_entropy_low_seed1,-18.019275665283203,518.2882080078125,1.3811490535736084,-12.96463394165039,110.11968231201172
211,-140.845703125,-147.8563426208496,128,683.5181274414062,0.0003,1,a2c_entropy_low_seed1,-32.77452087402344,1432.586669921875,1.378772497177124,-23.746259689331055,224.1080780029297
214,-282.1835632324219,-166.0568069458008,84,647.362548828125,0.0003,1,a2c_entropy_low_seed1,-26.837722778320312,1348.40185546875,1.3791389465332031,-19.148887634277344,206.73281860351562
216,-72.59674072265625,-166.4346401977539,98,282.4566345214844,0.0003,1,a2c_entropy_low_seed1,-16.420040130615234,597.7547607421875,1.37990140914917,-11.948400497436523,127.707275390625
220,-120.26522827148438,-167.12341567993164,82,345.154541015625,0.0003,1,a2c_entropy_low_seed1,-16.25282859802246,722.816162109375,1.380948543548584,-11.641880989074707,122.88607025146484
223,-61.63614273071289,-158.74346641540527,83,263.8467102050781,0.0003,1,a2c_entropy_low_seed1,-18.11155891418457,563.91796875,1.380922794342041,-13.232843399047852,123.59453582763672
226,-233.85629272460938,-163.8775841522217,90,549.4744262695312,0.0003,1,a2c_entropy_low_seed1,-28.26982307434082,1155.4898681640625,1.3797590732574463,-20.192604064941406,206.73045349121094
228,-101.50215911865234,-164.52979133605956,82,236.6450653076172,0.0003,1,a2c_entropy_low_seed1,-14.192623138427734,501.6767578125,1.3813214302062988,-9.95971393585205,101.36066436767578
231,-288.55194091796875,-164.1951441192627,97,719.020263671875,0.0003,1,a2c_entropy_low_seed1,-28.78902816772461,1495.619873046875,1.3794529438018799,-20.945026397705078,265.6227722167969
233,-80.63459014892578,-159.5322124481201,84,300.1221923828125,0.0003,1,a2c_entropy_low_seed1,-19.988330841064453,640.2224731445312,1.379551887512207,-14.622774124145508,153.46485900878906
235,-102.27279663085938,-163.59807624816895,100,710.9830932617188,0.0003,1,a2c_entropy_low_seed1,-31.249839782714844,1484.4671630859375,1.3769917488098145,-22.689170837402344,278.64678955078125
238,-172.47415161132812,-173.18671058654786,83,257.775146484375,0.0003,1,a2c_entropy_low_seed1,-17.69527244567871,550.9422607421875,1.3779634237289429,-12.818742752075195,158.93508911132812
240,-233.78358459472656,-176.89566230773926,120,294.2061462402344,0.0003,1,a2c_entropy_low_seed1,-8.093111038208008,604.5999145507812,1.378471851348877,-5.989282608032227,87.572998046875
244,-138.70782470703125,-177.32000190734863,90,798.3302612304688,0.0003,1,a2c_entropy_low_seed1,-29.243024826049805,1655.14794921875,1.3773307800292969,-21.452362060546875,274.4598388671875
246,-74.62689208984375,-177.51345649719238,102,185.45895385742188,0.0003,1,a2c_entropy_low_seed1,-17.484548568725586,405.88836669921875,1.3784509897232056,-12.482504844665527,127.08365631103516
248,-326.64141845703125,-181.87126838684082,105,343.269287109375,0.0003,1,a2c_entropy_low_seed1,-21.04827117919922,728.6365356445312,1.376875877380371,-15.272210121154785,193.5966796875
251,-231.1923370361328,-181.70141212463378,81,366.7054748535156,0.0003,1,a2c_entropy_low_seed1,-20.458539962768555,774.3294067382812,1.376192569732666,-14.720219612121582,184.03497314453125
253,-105.66034698486328,-182.1193270111084,123,117.66082000732422,0.0003,1,a2c_entropy_low_seed1,-8.247781753540039,251.81857299804688,1.3798274993896484,-6.0015788078308105,63.321327209472656
256,-130.03341674804688,-184.8951000213623,91,374.3887939453125,0.0003,1,a2c_entropy_low_seed1,-23.215940475463867,795.2108764648438,1.3788998126983643,-16.66130256652832,203.9317169189453
259,-188.15744018554688,-180.95287696838378,88,405.38018798828125,0.0003,1,a2c_entropy_low_seed1,-22.41477394104004,855.59130859375,1.3775827884674072,-16.124614715576172,185.32760620117188
262,-155.1192169189453,-179.0599674987793,121,352.50994873046875,0.0003,1,a2c_entropy_low_seed1,-12.237318992614746,729.4959106445312,1.3776965141296387,-8.689691543579102,93.05909729003906
264,-121.9255142211914,-167.53394485473632,86,160.86642456054688,0.0003,1,a2c_entropy_low_seed1,-13.866727828979492,349.4676818847656,1.376549243927002,-9.892095565795898,116.22706604003906
266,-254.3153533935547,-169.84036605834962,97,190.16172790527344,0.0003,1,a2c_entropy_low_seed1,-6.26348352432251,392.851806640625,1.3758102655410767,-4.362437725067139,74.87671661376953
269,-145.78469848632812,-162.91311653137208,100,356.8062744140625,0.0003,1,a2c_entropy_low_seed1,-26.069725036621094,765.75341796875,1.3744803667068481,-19.030601501464844,229.2928009033203
271,-58.458526611328125,-162.39756019592286,119,159.5977020263672,0.0003,1,a2c_entropy_low_seed1,-13.042769432067871,345.2823181152344,1.3755937814712524,-9.45681381225586,117.3867416381836
274,-73.00728607177734,-167.30068435668946,66,469.8329772949219,0.0003,1,a2c_entropy_low_seed1,-28.27457618713379,996.2164306640625,1.3731701374053955,-20.223154067993164,274.3147277832031
278,-274.3265380859375,-167.64651245117187,156,539.3800659179688,0.0003,1,a2c_entropy_low_seed1,-30.282821655273438,1139.3271484375,1.3741531372070312,-22.037811279296875,340.3592529296875
280,-102.03024291992188,-171.42266311645508,72,612.0403442382812,0.0003,1,a2c_entropy_low_seed1,-20.458038330078125,1264.998046875,1.3725134134292603,-15.12724781036377,222.49546813964844
285,-87.55583190917969,-162.53433975219727,68,337.8771667480469,0.0003,1,a2c_entropy_low_seed1,-19.20194435119629,714.1596069335938,1.37552809715271,-14.038463592529297,189.62022399902344
287,-87.83800506591797,-154.0017224121094,67,244.49937438964844,0.0003,1,a2c_entropy_low_seed1,-13.25040054321289,515.5009155273438,1.3764368295669556,-9.36416244506836,140.16175842285156
289,-84.77485656738281,-151.52085189819337,85,440.1686706542969,0.0003,1,a2c_entropy_low_seed1,-1.5709900856018066,883.480712890625,1.3751012086868286,-0.9454653263092041,31.531982421875
292,-119.919921875,-142.70023162841798,95,251.3258819580078,0.0003,1,a2c_entropy_low_seed1,-12.757657051086426,528.16845703125,1.3754546642303467,-9.268918991088867,124.9912338256836
296,-243.52784729003906,-142.9216567993164,123,369.81036376953125,0.0003,1,a2c_entropy_low_seed1,-17.007320404052734,773.6367797851562,1.3743022680282593,-12.306625366210938,205.01744079589844
297,-63.48250961303711,-142.89162742614747,65,89.63719940185547,0.0003,1,a2c_entropy_low_seed1,-8.188386917114258,195.6525421142578,1.3763881921768188,-5.8639936447143555,76.92121124267578
301,-115.03262329101562,-133.3189705657959,95,456.2055358886719,0.0003,1,a2c_entropy_low_seed1,-25.7205810546875,963.8536376953125,1.3759664297103882,-18.430065155029297,279.2850646972656
301,-115.03262329101562,-133.3189705657959,95,258.490234375,0.0003,1,a2c_entropy_low_seed1,6.733729839324951,503.5144348144531,1.3758164644241333,5.142608642578125,79.79833221435547
304,-121.56095123291016,-127.97221725463868,131,204.32659912109375,0.0003,1,a2c_entropy_low_seed1,-11.46731185913086,431.5892028808594,1.3760462999343872,-8.4169340133667,128.0195770263672
308,-70.66587829589844,-126.23415649414062,101,320.9465637207031,0.0003,1,a2c_entropy_low_seed1,-21.406469345092773,684.7074584960938,1.3751007318496704,-15.362696647644043,214.7294158935547
309,-87.87725067138672,-124.22855270385742,135,132.1574249267578,0.0003,1,a2c_entropy_low_seed1,-13.670409202575684,291.65704345703125,1.3750686645507812,-9.824551582336426,140.29159545898438
313,-291.7045593261719,-132.2182395172119,94,629.11181640625,0.0003,1,a2c_entropy_low_seed1,-27.09209632873535,1312.4091796875,1.3740288019180298,-19.97750473022461,352.3145751953125
313,-291.7045593261719,-132.2182395172119,94,183.25025939941406,0.0003,1,a2c_entropy_low_seed1,4.982322692871094,356.5372314453125,1.3744630813598633,3.8951034545898438,62.57680130004883
319,-95.74488067626953,-134.0947723388672,73,1077.7080078125,0.0003,1,a2c_entropy_low_seed1,-36.15549850463867,2227.728515625,1.371911644935608,-26.63751792907715,394.17767333984375
321,-209.4827880859375,-135.69204818725586,134,284.1725158691406,0.0003,1,a2c_entropy_low_seed1,-20.871065139770508,610.0885009765625,1.3731884956359863,-15.210038185119629,241.3473663330078
321,-209.4827880859375,-135.69204818725586,134,21.238637924194336,0.0003,1,a2c_entropy_low_seed1,-1.0800538063049316,44.638755798339844,1.3718675374984741,-0.6433008313179016,7.800413608551025
326,-169.65188598632812,-133.33793823242186,95,432.9599914550781,0.0003,1,a2c_entropy_low_seed1,-23.687570571899414,913.2965087890625,1.3734080791473389,-17.535762786865234,284.4102783203125
328,-167.66555786132812,-127.46235404968262,98,226.72352600097656,0.0003,1,a2c_entropy_low_seed1,-19.197265625,491.84295654296875,1.373172640800476,-14.213171005249023,213.833251953125
330,-148.00184631347656,-124.19893302917481,125,192.1043243408203,0.0003,1,a2c_entropy_low_seed1,-15.471382141113281,415.1528015136719,1.3700729608535767,-11.051377296447754,188.25045776367188
332,-116.923583984375,-124.59810874938965,88,218.7907257080078,0.0003,1,a2c_entropy_low_seed1,-11.31241226196289,460.2076416015625,1.3710346221923828,-8.057721138000488,157.3920440673828
336,-57.62154769897461,-127.4538882446289,85,245.7818145751953,0.0003,1,a2c_entropy_low_seed1,-11.561772346496582,514.6885375976562,1.3731279373168945,-8.542776107788086,158.99545288085938
339,-340.57861328125,-131.27377296447753,101,376.42864990234375,0.0003,1,a2c_entropy_low_seed1,-19.847396850585938,792.553466796875,1.371004581451416,-14.769166946411133,300.3974304199219
339,-340.57861328125,-131.27377296447753,101,259.10614013671875,0.0003,1,a2c_entropy_low_seed1,-12.155240058898926,542.5241088867188,1.3705463409423828,-8.710108757019043,139.7952880859375
343,-267.68109130859375,-141.89595985412598,78,794.251708984375,0.0003,1,a2c_entropy_low_seed1,-36.02220916748047,1660.5491943359375,1.3700001239776611,-26.512725830078125,563.2976684570312
345,-205.69427490234375,-147.29271827697755,87,271.28192138671875,0.0003,1,a2c_entropy_low_seed1,-18.839738845825195,580.2446899414062,1.3730851411819458,-13.149803161621094,238.5250701904297
347,-175.6555633544922,-151.1295573425293,167,279.78857421875,0.0003,1,a2c_entropy_low_seed1,-15.906452178955078,591.3914184570312,1.3704297542572021,-11.626145362854004,218.0718231201172
349,-66.09121704101562,-149.79295608520508,76,172.09927368164062,0.0003,1,a2c_entropy_low_seed1,-12.121161460876465,368.4422302246094,1.369875192642212,-8.749094009399414,156.52101135253906
354,-330.31451416015625,-155.85797592163087,128,1117.95361328125,0.0003,1,a2c_entropy_low_seed1,-34.90667724609375,2305.721923828125,1.3704320192337036,-26.594406127929688,590.0538940429688
355,-226.39654541015625,-156.26854843139648,99,90.6209487915039,0.0003,1,a2c_entropy_low_seed1,-6.815498352050781,194.874267578125,1.3727622032165527,-4.7444682121276855,91.91446685791016
358,-74.7388916015625,-157.2874661254883,73,239.5725860595703,0.0003,1,a2c_entropy_low_seed1,-15.998117446899414,511.1427917480469,1.372797966003418,-11.63374137878418,206.5362548828125
360,-102.07571411132812,-158.15373977661133,89,200.7340087890625,0.0003,1,a2c_entropy_low_seed1,-21.756072998046875,444.9815368652344,1.3713585138320923,-15.809946060180664,273.23876953125
362,-278.3043212890625,-160.7993193054199,138,284.73046875,0.0003,1,a2c_entropy_low_seed1,-23.97438621520996,617.4110717773438,1.3621771335601807,-17.169790267944336,293.78106689453125
363,-213.56546020507812,-159.23653732299806,130,181.92779541015625,0.0003,1,a2c_entropy_low_seed1,-11.822372436523438,387.5016784667969,1.3574490547180176,-8.503089904785156,175.55091857910156
369,-105.78236389160156,-168.3795622253418,76,753.5986938476562,0.0003,1,a2c_entropy_low_seed1,-34.38541030883789,1575.9696044921875,1.3603062629699707,-24.908226013183594,527.9593505859375
369,-105.78236389160156,-168.3795622253418,76,51.433998107910156,0.0003,1,a2c_entropy_low_seed1,-8.952244758605957,120.77385711669922,1.3707594871520996,-6.33369255065918,116.154296875
372,-89.72315979003906,-167.9520719909668,94,203.2337188720703,0.0003,1,a2c_entropy_low_seed1,-16.295473098754883,439.05975341796875,1.3695741891860962,-11.949692726135254,246.52854919433594
374,-367.9553527832031,-172.43763320922852,120,128.7584228515625,0.0003,1,a2c_entropy_low_seed1,-2.8432092666625977,263.20465087890625,1.3701552152633667,-2.042072296142578,56.74170684814453
377,-38.53986358642578,-169.48035011291503,141,248.5310516357422,0.0003,1,a2c_entropy_low_seed1,-10.19561767578125,517.4547119140625,1.3704513311386108,-7.517722129821777,133.59170532226562
380,-155.47665405273438,-167.656438369751,88,232.20465087890625,0.0003,1,a2c_entropy_low_seed1,-13.370192527770996,491.15106201171875,1.368904709815979,-9.771600723266602,181.94784545898438
382,-79.1258773803711,-165.77402030944825,119,220.99656677246094,0.0003,1,a2c_entropy_low_seed1,-14.409833908081055,470.8141784667969,1.3707776069641113,-10.213919639587402,194.4950714111328
384,-92.9869384765625,-160.83331199645997,85,209.35537719726562,0.0003,1,a2c_entropy_low_seed1,-15.26940631866455,449.2509460449219,1.3673639297485352,-10.801790237426758,237.08053588867188
386,-381.5585021972656,-168.81455993652344,134,202.45986938476562,0.0003,1,a2c_entropy_low_seed1,-14.188708305358887,433.29852294921875,1.3628275394439697,-10.203516960144043,244.4424285888672
388,-70.182861328125,-170.60350975036621,82,187.86053466796875,0.0003,1,a2c_entropy_low_seed1,-12.28125286102295,400.284912109375,1.3577333688735962,-8.863553047180176,183.152099609375
392,-255.23355102539062,-166.19464057922363,130,307.892822265625,0.0003,1,a2c_entropy_low_seed1,-15.23518180847168,646.25732421875,1.3607430458068848,-10.546075820922852,224.6796875
393,-101.13321685791016,-162.86368309020997,94,114.62509155273438,0.0003,1,a2c_entropy_low_seed1,-10.890938758850098,251.03341674804688,1.3645710945129395,-7.783371925354004,153.97764587402344
396,-66.85176086425781,-153.13039909362794,118,744.3594360351562,0.0003,1,a2c_entropy_low_seed1,-28.42083740234375,1545.5618896484375,1.3627994060516357,-20.402008056640625,450.09539794921875
398,-46.82107162475586,-155.45630142211914,91,171.75079345703125,0.0003,1,a2c_entropy_low_seed1,-9.768184661865234,363.0393371582031,1.3624213933944702,-6.856959819793701,175.1905059814453
401,-67.06014251708984,-157.7513919067383,65,449.8326721191406,0.0003,1,a2c_entropy_low_seed1,-27.376371383666992,954.41943359375,1.3616290092468262,-19.75827407836914,496.1009216308594
401,-67.06014251708984,-157.7513919067383,65,100.32302856445312,0.0003,1,a2c_entropy_low_seed1,-0.6334662437438965,201.91436767578125,1.3680602312088013,-0.2837545871734619,36.814552307128906
404,-192.92019653320312,-158.7439492034912,125,226.1505126953125,0.0003,1,a2c_entropy_low_seed1,-17.484615325927734,487.2716369628906,1.361456274986267,-12.789196968078613,306.2877197265625
407,-82.38804626464844,-162.32681434631348,81,869.541259765625,0.0003,1,a2c_entropy_low_seed1,-18.41408920288086,1775.9119873046875,1.354786992073059,-14.029657363891602,475.0807800292969
409,-52.45948028564453,-162.12539512634277,126,120.28812408447266,0.0003,1,a2c_entropy_low_seed1,-4.361355304718018,249.30032348632812,1.3561816215515137,-3.148305892944336,77.4341812133789
412,-272.078369140625,-158.3290754699707,160,164.61639404296875,0.0003,1,a2c_entropy_low_seed1,-9.636152267456055,348.5064392089844,1.3553307056427002,-7.104026794433594,167.17266845703125
414,-73.44926452636719,-155.3917091369629,92,85.76824951171875,0.0003,1,a2c_entropy_low_seed1,-7.465433120727539,186.46871948242188,1.3563876152038574,-5.60692834854126,111.76560974121094
416,-73.52845001220703,-151.91478942871095,70,145.4365692138672,0.0003,1,a2c_entropy_low_seed1,-11.180512428283691,313.2355041503906,1.3544520139694214,-8.074315071105957,189.63034057617188
418,-360.0832824707031,-147.02635955810547,143,789.8931274414062,0.0003,1,a2c_entropy_low_seed1,-19.466903686523438,1618.721435546875,1.357360601425171,-13.696126937866211,442.55615234375
420,-67.21987915039062,-145.26038024902343,73,159.9262237548828,0.0003,1,a2c_entropy_low_seed1,-12.227739334106445,344.30926513671875,1.3551976680755615,-8.81411361694336,200.83116149902344
423,-204.0299835205078,-149.7748161315918,128,150.20547485351562,0.0003,1,a2c_entropy_low_seed1,-10.974398612976074,322.361083984375,1.3549221754074097,-8.04824447631836,191.453125
426,-238.24917602539062,-146.41135704040528,130,221.0660858154297,0.0003,1,a2c_entropy_low_seed1,-15.891658782958984,473.9168395996094,1.3523032665252686,-12.016168594360352,258.0263671875
427,-206.8789825439453,-149.77813941955566,107,73.877685546875,0.0003,1,a2c_entropy_low_seed1,-5.55991792678833,158.87657165527344,1.3551713228225708,-4.2722954750061035,112.50865173339844
429,-187.1907501220703,-151.75956428527832,128,271.52197265625,0.0003,1,a2c_entropy_low_seed1,-18.565656661987305,580.1765747070312,1.3477736711502075,-13.175211906433105,328.0725402832031
433,-46.74061965942383,-153.52948532104492,88,215.62176513671875,0.0003,1,a2c_entropy_low_seed1,-4.910686492919922,441.0662536621094,1.3510105609893799,-3.843240737915039,73.14924621582031
434,-77.62326049804688,-153.2222117614746,74,114.68973541259766,0.0003,1,a2c_entropy_low_seed1,-4.000840187072754,237.38250732421875,1.3523114919662476,-2.5239336490631104,49.23604202270508
437,-121.7078857421875,-145.848745803833,138,180.225830078125,0.0003,1,a2c_entropy_low_seed1,-6.230119228363037,372.9132385253906,1.3540253639221191,-4.104677200317383,99.75181579589844
441,-52.403465270996094,-141.77036598205567,111,136.01502990722656,0.0003,1,a2c_entropy_low_seed1,-5.274745941162109,282.5809020996094,1.3484344482421875,-3.473802328109741,92.93338775634766
442,-83.16932678222656,-138.3290814971924,77,94.48883056640625,0.0003,1,a2c_entropy_low_seed1,-3.9646708965301514,196.90834045410156,1.3437628746032715,-2.5308802127838135,51.02133560180664
446,-165.9754638671875,-140.47343002319337,90,377.3204345703125,0.0003,1,a2c_entropy_low_seed1,-23.87777328491211,802.3977661132812,1.3428550958633423,-17.547943115234375,388.2679443359375
449,-269.34625244140625,-139.08101570129395,155,314.5733947753906,0.0003,1,a2c_entropy_low_seed1,-15.908905029296875,660.9659423828125,1.3459932804107666,-11.53123664855957,339.4491882324219
450,-67.43429565429688,-133.87740425109862,81,81.51055908203125,0.0003,1,a2c_entropy_low_seed1,-9.018125534057617,181.0587158203125,1.345178484916687,-6.50598669052124,145.02700805664062
452,-106.10379791259766,-133.80801063537598,89,66.7269515991211,0.0003,1,a2c_entropy_low_seed1,-2.5051496028900146,138.46554565429688,1.340244174003601,-1.6610583066940308,35.34055709838867
454,-196.99452209472656,-134.1251306915283,149,169.67080688476562,0.0003,1,a2c_entropy_low_seed1,-9.333510398864746,358.0099792480469,1.3360633850097656,-6.599832534790039,164.51962280273438
457,-90.61284637451172,-128.1813744354248,89,172.900390625,0.0003,1,a2c_entropy_low_seed1,-12.829225540161133,371.4605712890625,1.3439480066299438,-9.369528770446777,220.41160583496094
458,-181.34542846679688,-129.2012798309326,144,109.95269012451172,0.0003,1,a2c_entropy_low_seed1,-5.927422523498535,231.76156616210938,1.3412201404571533,-4.251180648803711,105.1734619140625
460,-349.8535461425781,-136.79198616027833,143,459.4559020996094,0.0003,1,a2c_entropy_low_seed1,-16.57691192626953,952.0669555664062,1.3406097888946533,-12.27638053894043,406.6506042480469
462,-198.04827880859375,-136.92676223754881,118,208.6511688232422,0.0003,1,a2c_entropy_low_seed1,-16.853605270385742,451.0108947753906,1.3396522998809814,-12.035111427307129,338.2894287109375
463,-159.37757873535156,-138.37993545532225,169,156.68154907226562,0.0003,1,a2c_entropy_low_seed1,-9.281793594360352,331.92803955078125,1.329956293106079,-6.5176310539245605,195.5519561767578
467,-98.93502807617188,-144.58917358398438,70,155.96031188964844,0.0003,1,a2c_entropy_low_seed1,-7.787467956542969,327.49688720703125,1.3254737854003906,-5.71996545791626,181.7748260498047
468,-105.93734741210938,-139.5062548828125,110,47.97895431518555,0.0003,1,a2c_entropy_low_seed1,-1.5894906520843506,99.13821411132812,1.3281718492507935,-1.0428868532180786,27.392269134521484
471,-112.3624267578125,-139.02375595092772,94,238.08306884765625,0.0003,1,a2c_entropy_low_seed1,-21.02058219909668,518.2086181640625,1.3228691816329956,-14.652678489685059,382.514404296875
474,-316.8585205078125,-143.98342277526856,116,514.2378540039062,0.0003,1,a2c_entropy_low_seed1,-21.84521484375,1072.16748046875,1.3159489631652832,-15.528383255004883,524.73291015625
477,-69.23194885253906,-142.16617637634278,85,241.0902862548828,0.0003,1,a2c_entropy_low_seed1,-12.850004196166992,507.88189697265625,1.3273214101791382,-9.267845153808594,310.0635986328125
477,-69.23194885253906,-142.16617637634278,85,39.6447639465332,0.0003,1,a2c_entropy_low_seed1,-1.561775803565979,82.41439819335938,1.3226350545883179,-0.6573280096054077,29.764244079589844
480,-56.32044982910156,-135.50676994323732,126,117.22439575195312,0.0003,1,a2c_entropy_low_seed1,-1.6790138483047485,237.8081512451172,1.323920726776123,-1.2667344808578491,38.26607131958008
485,-261.79376220703125,-145.19231491088868,96,665.6654663085938,0.0003,1,a2c_entropy_low_seed1,-32.37349319458008,1396.0792236328125,1.3223038911819458,-24.169261932373047,767.8861083984375
486,-53.49704360961914,-143.61207695007323,86,212.8331298828125,0.0003,1,a2c_entropy_low_seed1,-9.654406547546387,444.97637939453125,1.3272159099578857,-6.694828987121582,223.6131591796875
486,-53.49704360961914,-143.61207695007323,86,64.75037384033203,0.0003,1,a2c_entropy_low_seed1,-5.287900924682617,140.07786560058594,1.3124512434005737,-3.8746109008789062,159.0663604736328
489,-177.17855834960938,-149.32416191101075,103,194.93402099609375,0.0003,1,a2c_entropy_low_seed1,-8.330453872680664,406.5302734375,1.3067682981491089,-5.406675338745117,173.78675842285156
490,-87.53181457519531,-149.89209373474122,133,202.90028381347656,0.0003,1,a2c_entropy_low_seed1,-3.7856712341308594,413.37322998046875,1.3110355138778687,-2.2499208450317383,48.00048828125
494,-31.647010803222656,-156.75044387817383,77,649.8189086914062,0.0003,1,a2c_entropy_low_seed1,-20.239723205566406,1340.11865234375,1.3108024597167969,-13.98857593536377,387.01959228515625
496,-74.10841369628906,-151.99944427490234,94,102.68310546875,0.0003,1,a2c_entropy_low_seed1,-5.3783183097839355,216.1241455078125,1.3041359186172485,-4.023845672607422,84.90221405029297
497,-110.6565170288086,-150.97478897094726,88,61.67232894897461,0.0003,1,a2c_entropy_low_seed1,-2.772244691848755,128.89044189453125,1.2965573072433472,-2.0272278785705566,61.07246398925781
499,-122.99673461914062,-149.0147216796875,97,124.60012817382812,0.0003,1,a2c_entropy_low_seed1,-9.3638277053833,267.92919921875,1.2850817441940308,-6.514175891876221,169.87843322753906
500,-177.1876983642578,-151.2097897338867,105,111.0821762084961,0.0003,1,a2c_entropy_low_seed1,-6.6736040115356445,235.51284790039062,1.284792184829712,-4.7010040283203125,123.05320739746094
503,-48.922035217285156,-153.07892761230468,77,197.05711364746094,0.0003,1,a2c_entropy_low_seed1,-12.504343032836914,419.12420654296875,1.2888686656951904,-9.051055908203125,255.1142578125
504,-194.37408447265625,-153.02651885986327,188,50.26845169067383,0.0003,1,a2c_entropy_low_seed1,-5.264758110046387,111.06771087646484,1.2929041385650635,-3.427018165588379,94.2038803100586
506,-264.3648681640625,-154.78863983154298,210,232.6138916015625,0.0003,1,a2c_entropy_low_seed1,-10.418359756469727,486.0658264160156,1.2984073162078857,-8.096190452575684,288.5079040527344
507,-109.55072021484375,-155.16739730834962,175,77.476806640625,0.0003,1,a2c_entropy_low_seed1,-2.548790454864502,160.052490234375,1.2894344329833984,-1.5569666624069214,65.83756256103516
509,-152.8931121826172,-152.55512420654296,111,168.76541137695312,0.0003,1,a2c_entropy_low_seed1,-10.8440523147583,359.22021484375,1.2808195352554321,-7.014159202575684,238.77195739746094
511,-135.0482177734375,-153.644755859375,159,116.71736907958984,0.0003,1,a2c_entropy_low_seed1,4.771581649780273,223.89285278320312,1.2785593271255493,4.076515197753906,110.3964614868164
512,-28.452415466308594,-150.2528385925293,108,134.03192138671875,0.0003,1,a2c_entropy_low_seed1,-6.854016304016113,281.7731628417969,1.2902592420578003,-4.92313814163208,136.4099884033203
516,-140.40811157226562,-147.2802342224121,253,160.30364990234375,0.0003,1,a2c_entropy_low_seed1,-8.946824073791504,338.5022277832031,1.2799195051193237,-6.1090312004089355,185.01780700683594
517,-25.480697631835938,-145.81114761352538,120,91.755859375,0.0003,1,a2c_entropy_low_seed1,0.4520268440246582,182.6089324951172,1.2716270685195923,0.8028074502944946,62.56913375854492
518,-55.949851989746094,-144.81139770507812,83,142.5216522216797,0.0003,1,a2c_entropy_low_seed1,-9.071213722229004,303.18701171875,1.2697172164916992,-6.615416049957275,233.22586059570312
523,-72.3003158569336,-147.17826507568358,97,196.1609649658203,0.0003,1,a2c_entropy_low_seed1,-16.408618927001953,425.1404113769531,1.2659518718719482,-11.87497615814209,368.4092712402344
524,-100.59152221679688,-142.8529251098633,103,87.8278579711914,0.0003,1,a2c_entropy_low_seed1,-12.019851684570312,199.69667053222656,1.253839373588562,-9.377362251281738,277.7190246582031
526,-160.1411895751953,-144.95942733764647,80,377.9621887207031,0.0003,1,a2c_entropy_low_seed1,-24.18130111694336,804.2882080078125,1.2418904304504395,-20.366979598999023,700.0883178710938
527,-333.488525390625,-150.2445588684082,98,521.9776611328125,0.0003,1,a2c_entropy_low_seed1,-22.881793975830078,1089.7200927734375,1.24375319480896,-20.09514617919922,724.3504638671875
528,-356.32220458984375,-155.76991912841797,145,717.82373046875,0.0003,1,a2c_entropy_low_seed1,-32.9923210144043,1501.63330078125,1.2240667343139648,-26.456390380859375,1115.595947265625
531,-524.39306640625,-174.3084162902832,200,189.05877685546875,0.0003,1,a2c_entropy_low_seed1,-7.986900329589844,394.09259033203125,1.2213762998580933,-6.562506675720215,426.60089111328125
534,-216.58953857421875,-182.67498054504395,142,120.5047607421875,0.0003,1,a2c_entropy_low_seed1,-4.9861555099487305,250.98304748535156,1.2274460792541504,-3.7072091102600098,167.00755310058594
535,-163.75656127929688,-180.71423652648926,102,83.54877471923828,0.0003,1,a2c_entropy_low_seed1,-5.586406230926514,178.2716064453125,1.2494170665740967,-4.53986930847168,155.83790588378906
538,-56.00071716308594,-177.30961868286133,103,304.1552429199219,0.0003,1,a2c_entropy_low_seed1,-6.886348724365234,622.08447265625,1.2680360078811646,-5.169969081878662,176.28619384765625
539,-33.18907165527344,-174.4298289489746,104,46.10594177246094,0.0003,1,a2c_entropy_low_seed1,-5.929809093475342,104.07276916503906,1.2673732042312622,-4.0921311378479,123.47677612304688
541,-137.06964111328125,-171.62466903686524,173,123.73714447021484,0.0003,1,a2c_entropy_low_seed1,-5.616270065307617,258.7080993652344,1.267511010169983,-4.431344509124756,117.4022216796875
544,-82.59944152832031,-180.4324513244629,110,1085.1256103515625,0.0003,1,a2c_entropy_low_seed1,-31.353008270263672,2232.95849609375,1.2517701387405396,-23.310894012451172,1021.5670166015625
545,-116.677978515625,-181.42976715087892,122,121.44683074951172,0.0003,1,a2c_entropy_low_seed1,-7.789683818817139,258.4742431640625,1.22055184841156,-6.376722812652588,234.80223083496094
546,-192.52186584472656,-183.79803619384765,103,90.93240356445312,0.0003,1,a2c_entropy_low_seed1,-8.367715835571289,198.60145568847656,1.2179605960845947,-5.902176856994629,203.09474182128906
550,-89.4081802368164,-194.04442047119142,92,364.0526123046875,0.0003,1,a2c_entropy_low_seed1,-15.671504974365234,759.449462890625,1.219773530960083,-12.84219741821289,430.5557556152344
552,-233.54566955566406,-194.295908203125,131,302.762939453125,0.0003,1,a2c_entropy_low_seed1,-13.732020378112793,632.9911499023438,1.2129710912704468,-10.935689926147461,443.72857666015625
552,-233.54566955566406,-194.295908203125,131,100.15991973876953,0.0003,1,a2c_entropy_low_seed1,-10.010212898254395,220.3414764404297,1.2127578258514404,-9.468073844909668,339.0546569824219
552,-233.54566955566406,-194.295908203125,131,146.2748565673828,0.0003,1,a2c_entropy_low_seed1,-7.513862133026123,307.57861328125,1.1956539154052734,-6.669156074523926,291.8064270019531
555,-214.48304748535156,-197.5864401245117,109,233.9128875732422,0.0003,1,a2c_entropy_low_seed1,-13.12813949584961,494.083251953125,1.180125117301941,-11.963996887207031,356.75775146484375
556,-44.19363021850586,-193.1830153656006,164,273.30792236328125,0.0003,1,a2c_entropy_low_seed1,-9.863475799560547,566.3439331054688,1.179724931716919,-8.17935562133789,301.1665344238281
558,-313.97674560546875,-205.67244331359862,192,134.88267517089844,0.0003,1,a2c_entropy_low_seed1,-7.253002166748047,284.27252197265625,1.1566129922866821,-5.843020915985107,232.0400390625
560,-460.12713623046875,-206.5073343658447,183,131.47421264648438,0.0003,1,a2c_entropy_low_seed1,0.5859594345092773,261.7777099609375,1.1758899688720703,0.8911328911781311,54.413063049316406
562,-73.37461853027344,-212.19449424743652,101,186.54177856445312,0.0003,1,a2c_entropy_low_seed1,-2.957263469696045,378.9992980957031,1.2164692878723145,-2.843187093734741,146.71437072753906
564,-41.31599807739258,-208.12500427246093,157,97.19612121582031,0.0003,1,a2c_entropy_low_seed1,-2.5211732387542725,199.4358367919922,1.2521955966949463,-1.9257898330688477,71.16960906982422
567,-64.1544189453125,-210.31255477905273,124,101.16146087646484,0.0003,1,a2c_entropy_low_seed1,-9.606322288513184,221.5368194580078,1.2522993087768555,-7.04582405090332,220.3670196533203
567,-64.1544189453125,-210.31255477905273,124,76.74568939208984,0.0003,1,a2c_entropy_low_seed1,-4.7992095947265625,163.0910186767578,1.2256982326507568,-3.665156364440918,132.03269958496094
568,-143.1298828125,-212.0561553955078,153,82.09375762939453,0.0003,1,a2c_entropy_low_seed1,-1.2820194959640503,166.7527618408203,1.2010818719863892,-0.9585626125335693,35.13547134399414
569,-218.38955688476562,-213.62280242919923,115,166.92794799804688,0.0003,1,a2c_entropy_low_seed1,-1.3983820676803589,336.6538391113281,1.198946237564087,-0.42382216453552246,83.8310317993164
572,-302.27642822265625,-211.13567626953125,205,367.6679992675781,0.0003,1,a2c_entropy_low_seed1,-15.983867645263672,767.304931640625,1.2058353424072266,-13.122615814208984,564.0439453125
574,-95.02555084228516,-217.0105581665039,232,79.12751770019531,0.0003,1,a2c_entropy_low_seed1,-3.844682216644287,165.9456329345703,1.2359477281570435,-3.0172579288482666,133.31317138671875
576,-74.96588134765625,-216.01386657714843,146,47.41341781616211,0.0003,1,a2c_entropy_low_seed1,-1.7130533456802368,98.25418853759766,1.2447426319122314,-0.4988732933998108,40.60127639770508
576,-74.96588134765625,-216.01386657714843,146,24.253026962280273,0.0003,1,a2c_entropy_low_seed1,-4.887373924255371,58.28205108642578,1.2466660737991333,-3.753638744354248,128.43850708007812
578,-332.92559814453125,-210.90252609252929,134,657.9322509765625,0.0003,1,a2c_entropy_low_seed1,-23.650760650634766,1363.167236328125,1.2387195825576782,-19.491304397583008,833.7265625
579,-256.45654296875,-207.55611251831056,123,880.1879272460938,0.0003,1,a2c_entropy_low_seed1,-28.743852615356445,1817.86474609375,1.2145189046859741,-23.563203811645508,754.8055419921875
581,-371.1540832519531,-205.68522079467775,192,90.83216094970703,0.0003,1,a2c_entropy_low_seed1,-4.169687271118164,190.00489807128906,1.2126774787902832,-3.6094415187835693,125.76947784423828
582,-375.6492919921875,-211.96834884643556,161,110.75079345703125,0.0003,1,a2c_entropy_low_seed1,-5.213204383850098,231.92921447753906,1.2235018014907837,-4.249360084533691,186.74917602539062
584,-21.217117309570312,-198.23658386230468,114,96.07926177978516,0.0003,1,a2c_entropy_low_seed1,-9.039210319519043,210.23814392089844,1.2018811702728271,-7.9055681228637695,277.69476318359375
586,-246.15023803710938,-200.17502685546876,108,174.28245544433594,0.0003,1,a2c_entropy_low_seed1,-4.026902198791504,356.6199035644531,1.2033791542053223,-3.254875898361206,133.5671844482422
587,-288.3089904785156,-205.98141326904297,136,187.47763061523438,0.0003,1,a2c_entropy_low_seed1,-15.412538528442383,405.78155517578125,1.2090554237365723,-12.699395179748535,589.423583984375
588,-303.32623291015625,-210.92792358398438,292,247.5054931640625,0.0003,1,a2c_entropy_low_seed1,-7.984641075134277,510.9814758300781,1.2191319465637207,-6.130873203277588,239.28134155273438
589,-257.398193359375,-215.4121060180664,152,114.6979751586914,0.0003,1,a2c_entropy_low_seed1,4.091665744781494,221.21383666992188,1.2194041013717651,4.049674034118652,270.88189697265625
591,-64.47494506835938,-217.18856201171874,134,195.42665100097656,0.0003,1,a2c_entropy_low_seed1,-15.521855354309082,421.89825439453125,1.2486250400543213,-12.445697784423828,527.499267578125
594,-584.0250244140625,-228.85078002929689,330,604.5551147460938,0.0003,1,a2c_entropy_low_seed1,-27.92081642150879,1264.953125,1.2319631576538086,-19.12027359008789,960.7039184570312
596,-574.801513671875,-235.40964622497557,150,765.6783447265625,0.0003,1,a2c_entropy_low_seed1,-9.129420280456543,1549.61669921875,1.2291042804718018,-8.7055025100708,666.4747314453125
596,-574.801513671875,-235.40964622497557,150,108.13864135742188,0.0003,1,a2c_entropy_low_seed1,-1.5586917400360107,219.39588928222656,1.2236393690109253,-1.3659164905548096,112.47364044189453
597,-152.55618286132812,-231.16371055603028,155,72.3883285522461,0.0003,1,a2c_entropy_low_seed1,-0.7832328081130981,146.34434509277344,1.2183858156204224,-1.1326557397842407,103.03720092773438
601,-46.00639724731445,-226.44330627441406,121,221.39920043945312,0.0003,1,a2c_entropy_low_seed1,0.7690664529800415,441.261474609375,1.231558084487915,0.8281358480453491,126.89381408691406
603,-84.77277374267578,-224.61816925048828,179,156.90428161621094,0.0003,1,a2c_entropy_low_seed1,8.023042678833008,297.7637634277344,1.2665761709213257,7.34817361831665,302.502197265625
605,-38.48185348510742,-216.97275131225587,92,56.92861557006836,0.0003,1,a2c_entropy_low_seed1,2.2455573081970215,109.36740112304688,1.278130292892456,2.444547653198242,112.9083480834961
605,-38.48185348510742,-216.97275131225587,92,42.219112396240234,0.0003,1,a2c_entropy_low_seed1,1.0703861713409424,82.29872131347656,1.2656744718551636,1.2930887937545776,58.31179428100586
608,-140.17623901367188,-208.45737922668457,93,153.2395477294922,0.0003,1,a2c_entropy_low_seed1,-11.376352310180664,329.2330627441406,1.2442258596420288,-8.696237564086914,327.1650695800781
608,-140.17623901367188,-208.45737922668457,93,69.02284240722656,0.0003,1,a2c_entropy_low_seed1,3.898621082305908,130.2496795654297,1.2341569662094116,3.4442343711853027,119.69347381591797
612,-268.9883728027344,-199.26926078796387,184,348.35357666015625,0.0003,1,a2c_entropy_low_seed1,-1.5054504871368408,699.7193603515625,1.2547471523284912,-0.34141069650650024,139.39378356933594
613,-289.89031982421875,-204.5680037689209,184,131.9738311767578,0.0003,1,a2c_entropy_low_seed1,-4.112497329711914,272.1739196777344,1.2604774236679077,-2.102677583694458,126.32058715820312
616,-35.301918029785156,-198.5616259765625,125,164.87014770507812,0.0003,1,a2c_entropy_low_seed1,-11.19304084777832,352.12762451171875,1.26619291305542,-9.369880676269531,394.53369140625
617,-92.24996185302734,-199.1235368347168,93,212.6225128173828,0.0003,1,a2c_entropy_low_seed1,-7.922844886779785,441.09197998046875,1.2470037937164307,-6.604714393615723,377.6177978515625
618,-229.47470092773438,-200.8504331970215,138,303.1079406738281,0.0003,1,a2c_entropy_low_seed1,-7.393755912780762,621.004638671875,1.234968900680542,-6.101614475250244,254.73715209960938
621,-25.499267578125,-203.30856353759765,98,103.65742492675781,0.0003,1,a2c_entropy_low_seed1,-4.775423526763916,216.86692810058594,1.2409154176712036,-2.709665060043335,99.32689666748047
622,-295.42498779296875,-203.1715347290039,206,422.954345703125,0.0003,1,a2c_entropy_low_seed1,-7.602115631103516,861.1141357421875,1.2256746292114258,-5.287351608276367,203.5338897705078
622,-295.42498779296875,-203.1715347290039,206,156.47705078125,0.0003,1,a2c_entropy_low_seed1,-6.81005334854126,326.575439453125,1.2099065780639648,-5.095478057861328,326.76953125
624,-348.5267333984375,-205.10135330200194,199,558.6693725585938,0.0003,1,a2c_entropy_low_seed1,-10.772448539733887,1138.8848876953125,1.2101123332977295,-10.520535469055176,736.3480834960938
626,-482.85736083984375,-206.51020294189453,196,104.81250762939453,0.0003,1,a2c_entropy_low_seed1,1.3189423084259033,206.9883575439453,1.2152448892593384,2.249504566192627,115.62116241455078
626,-482.85736083984375,-206.51020294189453,196,52.54118347167969,0.0003,1,a2c_entropy_low_seed1,-2.3897321224212646,109.86304473876953,1.2144137620925903,-1.1110135316848755,56.3029670715332
629,-302.1642761230469,-203.06461654663087,166,324.6197509765625,0.0003,1,a2c_entropy_low_seed1,-6.498353004455566,662.2374267578125,1.2099480628967285,-4.543764591217041,347.0770263671875
631,-249.5733642578125,-195.542109375,109,85.8987808227539,0.0003,1,a2c_entropy_low_seed1,1.214485764503479,169.3698272705078,1.2323750257492065,0.666505753993988,34.825904846191406
631,-249.5733642578125,-195.542109375,109,63.821800231933594,0.0003,1,a2c_entropy_low_seed1,0.41178059577941895,126.82127380371094,1.2349252700805664,0.980820894241333,51.115543365478516
633,-101.71033477783203,-189.50468902587892,101,197.18267822265625,0.0003,1,a2c_entropy_low_seed1,-13.150872230529785,420.6683349609375,1.2197635173797607,-9.368586540222168,373.9001770019531
634,-277.55181884765625,-194.63138305664063,136,360.74658203125,0.0003,1,a2c_entropy_low_seed1,-13.116520881652832,747.7274169921875,1.2031711339950562,-9.971319198608398,360.2407531738281
635,-358.1394958496094,-195.7340985107422,394,387.0957946777344,0.0003,1,a2c_entropy_low_seed1,-8.208794593811035,790.6104125976562,1.1958637237548828,-5.527174949645996,405.7364196777344
639,-236.42758178710938,-196.86885986328124,203,285.9894104003906,0.0003,1,a2c_entropy_low_seed1,-11.651505470275879,595.2830810546875,1.2202367782592773,-8.49578857421875,403.9566955566406
639,-236.42758178710938,-196.86885986328124,203,167.61297607421875,0.0003,1,a2c_entropy_low_seed1,-3.1387133598327637,341.50457763671875,1.1881916522979736,-3.037137508392334,166.23135375976562
640,-54.1445426940918,-192.40412864685058,84,251.03500366210938,0.0003,1,a2c_entropy_low_seed1,-6.791680335998535,515.654541015625,1.1725932359695435,-5.880233287811279,294.4324035644531
644,-52.21312713623047,-179.37250984191894,102,195.75791931152344,0.0003,1,a2c_entropy_low_seed1,-9.827117919921875,411.1712951660156,1.2189781665802002,-8.19930362701416,318.10693359375
645,-205.17007446289062,-182.22907852172852,150,75.38352966308594,0.0003,1,a2c_entropy_low_seed1,-3.0371034145355225,156.84246826171875,1.208232045173645,-2.6662909984588623,154.4419708251953
646,-307.92205810546875,-176.8914894104004,135,167.53604125976562,0.0003,1,a2c_entropy_low_seed1,-7.842458248138428,350.7582092285156,1.2075657844543457,-5.786553859710693,233.57179260253906
646,-307.92205810546875,-176.8914894104004,135,99.83623504638672,0.0003,1,a2c_entropy_low_seed1,-6.140537261962891,211.9547119140625,1.1677418947219849,-5.179688453674316,211.65814208984375
649,-262.7864990234375,-186.09795043945311,157,391.4911193847656,0.0003,1,a2c_entropy_low_seed1,-15.349078178405762,813.6815795898438,1.167724847793579,-15.040287971496582,772.41650390625
651,-50.95133972167969,-185.31402702331542,158,138.7022705078125,0.0003,1,a2c_entropy_low_seed1,-8.961797714233398,295.3293151855469,1.1914476156234741,-7.2824788093566895,319.2569274902344
651,-50.95133972167969,-185.31402702331542,158,120.83879089355469,0.0003,1,a2c_entropy_low_seed1,0.37504327297210693,240.92864990234375,1.1671671867370605,0.3266536593437195,55.057960510253906
653,-585.7133178710938,-196.730396194458,232,777.9068603515625,0.0003,1,a2c_entropy_low_seed1,-9.262360572814941,1574.339599609375,1.1593533754348755,-8.25908374786377,717.3722534179688
655,-267.0567626953125,-200.77216117858887,127,543.6246337890625,0.0003,1,a2c_entropy_low_seed1,-9.482542037963867,1106.215576171875,1.1880855560302734,-8.653196334838867,484.7254333496094
658,-57.41273880004883,-207.6903175354004,174,209.9654998779297,0.0003,1,a2c_entropy_low_seed1,-2.4870591163635254,424.9063415527344,1.212022304534912,-0.9167068004608154,176.74249267578125
658,-57.41273880004883,-207.6903175354004,174,26.15125846862793,0.0003,1,a2c_entropy_low_seed1,-0.6608278155326843,53.625404357910156,1.2305539846420288,-0.28290748596191406,41.8477668762207
659,-300.64837646484375,-212.11258972167968,296,19.411968231201172,0.0003,1,a2c_entropy_low_seed1,-0.7495821714401245,40.3243408203125,1.2398815155029297,-0.529987096786499,29.24337387084961
661,-20.429351806640625,-209.93120635986327,128,76.97423553466797,0.0003,1,a2c_entropy_low_seed1,-5.109643936157227,164.1689910888672,1.2415930032730103,-3.8854713439941406,155.16189575195312
662,-154.1051788330078,-207.63354248046875,194,85.0658187866211,0.0003,1,a2c_entropy_low_seed1,-3.120842218399048,176.37454223632812,1.2281535863876343,-2.1354920864105225,91.02017974853516
663,-168.76031494140625,-205.2109423828125,172,354.78289794921875,0.0003,1,a2c_entropy_low_seed1,-1.3333981037139893,712.2338256835938,1.2293121814727783,-1.0250182151794434,126.54736328125
665,-205.26544189453125,-214.1817741394043,190,201.82046508789062,0.0003,1,a2c_entropy_low_seed1,-2.2556989192962646,408.1535339355469,1.2323297262191772,-2.458840847015381,130.15762329101562
665,-205.26544189453125,-214.1817741394043,190,108.32726287841797,0.0003,1,a2c_entropy_low_seed1,-2.480544090270996,221.61683654785156,1.2266783714294434,-1.2064021825790405,61.31159973144531
666,-130.2246856689453,-216.0802294921875,237,106.54246520996094,0.0003,1,a2c_entropy_low_seed1,-3.2522966861724854,219.59071350097656,1.192753791809082,-2.7281808853149414,176.65480041503906
668,-339.3577880859375,-221.19803909301757,182,265.01898193359375,0.0003,1,a2c_entropy_low_seed1,-4.1609392166137695,538.3610229492188,1.1797610521316528,-4.420341491699219,352.9283447265625
670,-76.28001403808594,-213.781443939209,221,136.8629608154297,0.0003,1,a2c_entropy_low_seed1,-2.0398616790771484,277.8068542480469,1.2238150835037231,-1.1099168062210083,72.8568115234375
673,-213.83334350585938,-218.86379791259765,197,73.84487915039062,0.0003,1,a2c_entropy_low_seed1,-2.7206130027770996,153.1322021484375,1.2272422313690186,-1.7335290908813477,85.11845397949219
674,-56.626155853271484,-213.02578636169434,88,122.4702377319336,0.0003,1,a2c_entropy_low_seed1,2.6509225368499756,239.6398468017578,1.2241891622543335,3.744633197784424,218.95005798339844
675,-189.34107971191406,-216.20332191467284,165,59.3126220703125,0.0003,1,a2c_entropy_low_seed1,-3.8782858848571777,126.38304901123047,1.2337499856948853,-2.326169013977051,137.44390869140625
676,-200.8602294921875,-210.56337928771973,164,66.91388702392578,0.0003,1,a2c_entropy_low_seed1,-0.9234960079193115,135.6759796142578,1.2183371782302856,-0.24135500192642212,70.2801513671875
679,-182.86813354492188,-208.3877855682373,148,235.13055419921875,0.0003,1,a2c_entropy_low_seed1,12.559368133544922,445.1435852050781,1.2165461778640747,11.509757041931152,637.301025390625
680,-151.99220275878906,-209.46010444641112,177,73.34762573242188,0.0003,1,a2c_entropy_low_seed1,7.8448591232299805,131.00677490234375,1.241422414779663,6.764527320861816,316.7318420410156
682,-140.5300750732422,-206.9647868347168,157,154.31991577148438,0.0003,1,a2c_entropy_low_seed1,7.174291610717773,294.2925109863281,1.2435005903244019,5.618775367736816,233.29180908203125
685,4.390724182128906,-194.03956367492677,126,47.20009231567383,0.0003,1,a2c_entropy_low_seed1,-1.7660034894943237,97.93344116210938,1.2502551078796387,-0.8716542720794678,43.063011169433594
686,-73.38826751708984,-189.1307787322998,91,161.0236358642578,0.0003,1,a2c_entropy_low_seed1,10.234692573547363,301.5791015625,1.2285192012786865,8.334192276000977,409.7252502441406
687,-54.15762710571289,-182.467412109375,173,90.50572204589844,0.0003,1,a2c_entropy_low_seed1,-8.167455673217773,197.34756469726562,1.2029061317443848,-5.657451629638672,258.0789794921875
689,-275.830810546875,-182.43947998046875,198,448.3574523925781,0.0003,1,a2c_entropy_low_seed1,-5.897219181060791,908.510498046875,1.1746892929077148,-4.181619167327881,326.1328125
689,-275.830810546875,-182.43947998046875,198,102.2283935546875,0.0003,1,a2c_entropy_low_seed1,6.091394901275635,192.27520751953125,1.2015836238861084,5.959883689880371,289.11785888671875
694,-205.09661865234375,-180.7833307647705,209,291.4537048339844,0.0003,1,a2c_entropy_low_seed1,-1.3196842670440674,585.5479736328125,1.2279102802276611,0.032302141189575195,190.74827575683594
695,-129.31344604492188,-179.26619819641112,172,72.54700469970703,0.0003,1,a2c_entropy_low_seed1,6.352845191955566,132.3895721435547,1.2538607120513916,5.802280902862549,274.7186279296875
695,-129.31344604492188,-179.26619819641112,172,66.3692626953125,0.0003,1,a2c_entropy_low_seed1,8.609380722045898,115.52101135253906,1.2439607381820679,7.582359313964844,321.6936340332031
700,-125.24028015136719,-156.25943702697754,160,208.6377716064453,0.0003,1,a2c_entropy_low_seed1,-0.5435227155685425,418.3638000488281,1.225192666053772,-0.2559202313423157,95.01927185058594
700,-125.24028015136719,-156.25943702697754,160,82.4246597290039,0.0003,1,a2c_entropy_low_seed1,6.228776931762695,152.39300537109375,1.2373369932174683,5.411762237548828,232.87278747558594
700,-125.24028015136719,-156.25943702697754,160,52.7793083190918,0.0003,1,a2c_entropy_low_seed1,0.07507097721099854,105.40969848632812,1.2191276550292969,0.18825668096542358,33.89864730834961
704,-176.39572143554688,-149.39286949157716,218,355.8953857421875,0.0003,1,a2c_entropy_low_seed1,3.622896194458008,704.5462036132812,1.1939364671707153,3.5898756980895996,171.5116424560547
705,-12.016143798828125,-144.29205711364747,220,76.59395599365234,0.0003,1,a2c_entropy_low_seed1,4.535704612731934,144.1177215576172,1.2237942218780518,4.893267631530762,219.39674377441406
706,-84.33760070800781,-139.77906425476075,143,132.79031372070312,0.0003,1,a2c_entropy_low_seed1,-0.6778985857963562,266.9376220703125,1.1955798864364624,1.2802352905273438,77.0307846069336
706,-84.33760070800781,-139.77906425476075,143,86.05081939697266,0.0003,1,a2c_entropy_low_seed1,-5.503375053405762,183.10955810546875,1.1730495691299438,-3.3734922409057617,155.6769561767578
707,-193.92575073242188,-136.2021947479248,228,324.6997375488281,0.0003,1,a2c_entropy_low_seed1,6.657587051391602,636.08544921875,1.1614482402801514,5.963777542114258,244.94459533691406
712,-266.682373046875,-135.869822845459,152,315.64703369140625,0.0003,1,a2c_entropy_low_seed1,1.774482250213623,627.746337890625,1.2003123760223389,2.824929714202881,158.9311065673828
713,-127.64168548583984,-135.04745025634764,161,59.32691192626953,0.0003,1,a2c_entropy_low_seed1,5.686806678771973,107.28144836425781,1.2355332374572754,4.9419026374816895,249.22950744628906
714,-49.552589416503906,-128.85285995483397,208,92.85627746582031,0.0003,1,a2c_entropy_low_seed1,4.2186174392700195,177.27655029296875,1.2324459552764893,3.8492579460144043,173.3110809326172
716,-90.37046813964844,-124.56093811035156,116,59.220916748046875,0.0003,1,a2c_entropy_low_seed1,-0.1812443733215332,118.80551147460938,1.1892430782318115,-0.06396424770355225,26.97161102294922
718,-298.26861572265625,-119.57556549072265,125,469.97723388671875,0.0003,1,a2c_entropy_low_seed1,-3.6470422744750977,947.2496948242188,1.1315052509307861,-3.6448004245758057,224.0245819091797
720,-69.5859603881836,-119.44364540100098,112,86.30397033691406,0.0003,1,a2c_entropy_low_seed1,-2.28023099899292,177.1695556640625,1.1622869968414307,-1.761055827140808,89.48395538330078
723,-229.53236389160156,-115.49290550231933,207,89.99026489257812,0.0003,1,a2c_entropy_low_seed1,-3.8084769248962402,187.59866333007812,1.181959629058838,-2.89070987701416,153.8318634033203
723,-229.53236389160156,-115.49290550231933,207,51.769527435302734,0.0003,1,a2c_entropy_low_seed1,4.53286600112915,94.47451782226562,1.1981160640716553,4.085891246795654,182.12342834472656
725,-50.38882064819336,-112.22908393859863,126,73.05120849609375,0.0003,1,a2c_entropy_low_seed1,4.4554853439331055,137.19264221191406,1.18856942653656,4.686248779296875,199.3106689453125
725,-50.38882064819336,-112.22908393859863,126,92.56451416015625,0.0003,1,a2c_entropy_low_seed1,7.7134809494018555,169.7032470703125,1.1701310873031616,7.130749225616455,291.3200988769531
727,-78.20659637451172,-108.23720878601074,207,69.4136962890625,0.0003,1,a2c_entropy_low_seed1,-0.04086434841156006,138.91029357910156,1.1729596853256226,0.8487522602081299,64.63725280761719
727,-78.20659637451172,-108.23720878601074,207,83.96989440917969,0.0003,1,a2c_entropy_low_seed1,0.2737019658088684,167.39353942871094,1.1525068283081055,0.4748055636882782,66.05307006835938
729,-27.325607299804688,-104.57634330749512,185,90.91046905517578,0.0003,1,a2c_entropy_low_seed1,0.26219671964645386,181.29771423339844,1.173327088356018,-0.18832147121429443,59.13943099975586
733,-357.40289306640625,-109.8706307220459,237,93.41465759277344,0.0003,1,a2c_entropy_low_seed1,-7.18703031539917,201.20455932617188,1.1958796977996826,-6.621495723724365,339.3290710449219
733,-357.40289306640625,-109.8706307220459,237,102.72505950927734,0.0003,1,a2c_entropy_low_seed1,-6.760259628295898,218.97186279296875,1.2179360389709473,-5.257781028747559,243.76324462890625
734,-193.0757598876953,-112.91469306945801,172,162.801025390625,0.0003,1,a2c_entropy_low_seed1,-0.8798608779907227,327.36297607421875,1.1840543746948242,-1.0304961204528809,113.02223205566406
735,-92.27058410644531,-114.8479192352295,131,46.68901824951172,0.0003,1,a2c_entropy_low_seed1,-0.19289858639240265,93.7650146484375,1.1821779012680054,0.08500713109970093,33.576866149902344
736,-289.1793212890625,-119.16374031066894,165,101.20753479003906,0.0003,1,a2c_entropy_low_seed1,1.5771865844726562,199.26182556152344,1.1300504207611084,2.7092857360839844,129.75270080566406
736,-289.1793212890625,-119.16374031066894,165,82.69965362548828,0.0003,1,a2c_entropy_low_seed1,-1.6503381729125977,168.7010955810547,1.1075040102005005,-0.8360613584518433,86.33003234863281
738,-134.81588745117188,-119.42320739746094,195,315.5650634765625,0.0003,1,a2c_entropy_low_seed1,-1.903516411781311,634.938232421875,1.0922536849975586,-0.04018700122833252,204.32083129882812
742,-61.311241149902344,-117.93289276123046,125,113.37457275390625,0.0003,1,a2c_entropy_low_seed1,-5.489108085632324,237.72850036621094,1.137453317642212,-4.431276798248291,196.78826904296875
742,-61.311241149902344,-117.93289276123046,125,380.2590637207031,0.0003,1,a2c_entropy_low_seed1,11.176761627197266,738.165771484375,1.162007451057434,10.983638763427734,709.3666381835938
744,-388.7174987792969,-121.70191497802735,399,109.69117736816406,0.0003,1,a2c_entropy_low_seed1,-2.187293291091919,223.7581329345703,1.1872849464416504,-2.070976972579956,145.3179473876953
745,-28.739295959472656,-119.69043197631837,119,279.9757080078125,0.0003,1,a2c_entropy_low_seed1,11.684349060058594,536.5839233398438,1.2033922672271729,9.53316593170166,417.94500732421875
746,-2.0580825805664062,-119.7377426147461,131,96.26636505126953,0.0003,1,a2c_entropy_low_seed1,2.0857362747192383,188.3624267578125,1.1738851070404053,1.4737968444824219,79.90322875976562
748,-26.65966033935547,-122.2587644958496,155,199.37367248535156,0.0003,1,a2c_entropy_low_seed1,-1.2901546955108643,401.3288269042969,1.1546385288238525,-1.129335880279541,101.49449157714844
750,-254.33106994628906,-125.16291656494141,139,321.2908630371094,0.0003,1,a2c_entropy_low_seed1,-0.6317002773284912,643.8462524414062,1.1254552602767944,-1.5422312021255493,137.74728393554688
751,-276.6547546386719,-130.03203872680663,239,114.38626098632812,0.0003,1,a2c_entropy_low_seed1,1.2714667320251465,226.23072814941406,1.14645254611969,1.4395530223846436,72.30174255371094
752,-173.67990112304688,-129.42528213500975,263,155.1757354736328,0.0003,1,a2c_entropy_low_seed1,0.30021315813064575,309.7522277832031,1.176403522491455,1.293168306350708,48.03943634033203
754,-24.181610107421875,-126.30488395690918,207,55.729732513427734,0.0003,1,a2c_entropy_low_seed1,-1.8591076135635376,115.17884826660156,1.1646705865859985,-0.8266687393188477,33.25126266479492
754,-24.181610107421875,-126.30488395690918,207,192.54786682128906,0.0003,1,a2c_entropy_low_seed1,9.855669975280762,365.3855285644531,1.1400777101516724,9.822226524353027,479.3755798339844
755,-174.30157470703125,-129.55059257507324,182,108.90001678466797,0.0003,1,a2c_entropy_low_seed1,4.294244766235352,209.21267700195312,1.127007246017456,4.785980224609375,193.56668090820312
759,17.984786987304688,-124.13338264465332,122,182.96995544433594,0.0003,1,a2c_entropy_low_seed1,3.3357696533203125,359.2695007324219,1.1367554664611816,3.5466725826263428,172.8999786376953
760,-241.16441345214844,-127.50693977355957,266,44.036251068115234,0.0003,1,a2c_entropy_low_seed1,-0.20374339818954468,88.48112487792969,1.1367583274841309,0.8519583940505981,47.13943862915039
761,-124.94853210449219,-127.05890663146972,108,73.24205017089844,0.0003,1,a2c_entropy_low_seed1,0.6479079723358154,145.18942260742188,1.139121174812317,1.0347583293914795,53.852699279785156
763,-28.889801025390625,-124.50448539733887,94,102.7453384399414,0.0003,1,a2c_entropy_low_seed1,1.9993659257888794,201.49307250976562,1.1357672214508057,2.2474536895751953,101.83531951904297
763,-28.889801025390625,-124.50448539733887,94,148.56338500976562,0.0003,1,a2c_entropy_low_seed1,7.301406383514404,282.5251159667969,1.1469545364379883,7.460926055908203,330.4986572265625
765,-135.1385498046875,-126.56062805175782,348,57.889549255371094,0.0003,1,a2c_entropy_low_seed1,-2.969397783279419,121.71905517578125,1.156363606452942,-1.4363021850585938,59.40690994262695
765,-135.1385498046875,-126.56062805175782,348,103.96297454833984,0.0003,1,a2c_entropy_low_seed1,-0.7425544261932373,209.41217041015625,1.1175055503845215,0.22939777374267578,114.19707489013672
769,5.0062408447265625,-123.60740234375,134,260.3468017578125,0.0003,1,a2c_entropy_low_seed1,0.895521879196167,518.9037475585938,1.1469684839248657,1.9799058437347412,169.8387908935547
770,-240.6150665283203,-127.02798446655274,244,204.3070831298828,0.0003,1,a2c_entropy_low_seed1,-4.289698600769043,417.1947326660156,1.1471445560455322,-4.050638198852539,155.12872314453125
771,-156.1011962890625,-125.09090957641601,278,116.22190856933594,0.0003,1,a2c_entropy_low_seed1,3.5371391773223877,225.3706817626953,1.1419168710708618,3.794611692428589,143.10760498046875
772,-52.69019317626953,-123.95235778808593,168,58.954097747802734,0.0003,1,a2c_entropy_low_seed1,0.7795661687850952,116.3501968383789,1.1364810466766357,0.7492156028747559,45.69675064086914
773,-160.4199676513672,-122.57010986328125,139,102.49950408935547,0.0003,1,a2c_entropy_low_seed1,-4.174314975738525,213.34878540039062,1.1391997337341309,-3.5879359245300293,166.25254821777344
774,-69.02063751220703,-123.30277587890625,147,40.27030944824219,0.0003,1,a2c_entropy_low_seed1,-2.4587366580963135,85.459228515625,1.1382783651351929,-1.2515480518341064,68.1611328125
774,-69.02063751220703,-123.30277587890625,147,167.79397583007812,0.0003,1,a2c_entropy_low_seed1,10.619969367980957,314.3491516113281,1.1301627159118652,10.258116722106934,429.43170166015625
777,-236.8681640625,-129.556237411499,227,234.49241638183594,0.0003,1,a2c_entropy_low_seed1,-7.271992206573486,483.52996826171875,1.1532238721847534,-5.748305797576904,304.42498779296875
777,-236.8681640625,-129.556237411499,227,57.20820236206055,0.0003,1,a2c_entropy_low_seed1,-3.508450508117676,121.4344482421875,1.1421728134155273,-2.843827247619629,146.7594451904297
779,-45.384334564208984,-129.6998403930664,172,124.5629653930664,0.0003,1,a2c_entropy_low_seed1,7.800014019012451,233.52703857421875,1.135225772857666,8.218826293945312,395.0453796386719
780,-135.62588500976562,-128.6988119506836,209,66.321533203125,0.0003,1,a2c_entropy_low_seed1,-2.72932767868042,138.10287475585938,1.1578649282455444,-1.698695421218872,54.56242370605469
780,-135.62588500976562,-128.6988119506836,209,56.821189880371094,0.0003,1,a2c_entropy_low_seed1,1.325534701347351,110.99241638183594,1.1068471670150757,1.3085620403289795,45.01799774169922
780,-135.62588500976562,-128.6988119506836,209,103.3955078125,0.0003,1,a2c_entropy_low_seed1,3.7150630950927734,199.36195373535156,1.0696109533309937,3.700507879257202,185.64755249023438
781,-184.48248291015625,-131.60883239746093,261,390.50848388671875,0.0003,1,a2c_entropy_low_seed1,8.645586013793945,763.7268676757812,1.0734721422195435,10.255901336669922,396.59661865234375
784,-289.13726806640625,-127.16559692382812,392,135.9620361328125,0.0003,1,a2c_entropy_low_seed1,1.5427765846252441,268.8396911621094,1.1462831497192383,2.0592408180236816,68.58876037597656
786,-65.90916442871094,-121.23275772094726,216,81.9082260131836,0.0003,1,a2c_entropy_low_seed1,-9.466193199157715,182.74998474121094,1.1383432149887085,-8.343513488769531,288.88751220703125
786,-65.90916442871094,-121.23275772094726,216,84.96495056152344,0.0003,1,a2c_entropy_low_seed1,5.253608226776123,159.4237823486328,1.1048533916473389,6.2797465324401855,255.34193420410156
786,-65.90916442871094,-121.23275772094726,216,155.00767517089844,0.0003,1,a2c_entropy_low_seed1,7.882541656494141,294.2513732910156,1.1069624423980713,7.526809215545654,298.8153991699219
789,-214.50323486328125,-117.28674079895019,177,124.93914794921875,0.0003,1,a2c_entropy_low_seed1,-7.4407057762146,264.76080322265625,1.0987763404846191,-6.8549041748046875,338.24139404296875
791,30.874832153320312,-120.32664268493653,126,244.2397918701172,0.0003,1,a2c_entropy_low_seed1,6.309587478637695,475.86151123046875,1.107884168624878,5.812674045562744,198.10191345214844
794,-123.11521911621094,-115.8472974395752,216,202.9465789794922,0.0003,1,a2c_entropy_low_seed1,-3.983016014099121,413.86029052734375,1.1103761196136475,-3.9451842308044434,191.86561584472656
794,-123.11521911621094,-115.8472974395752,216,121.037353515625,0.0003,1,a2c_entropy_low_seed1,8.524818420410156,225.02618408203125,1.1083108186721802,8.742265701293945,345.000732421875
794,-123.11521911621094,-115.8472974395752,216,101.61641693115234,0.0003,1,a2c_entropy_low_seed1,3.8996095657348633,195.4347381591797,1.1336932182312012,4.054834365844727,155.98631286621094
795,-75.79164123535156,-116.78834434509277,165,185.548583984375,0.0003,1,a2c_entropy_low_seed1,2.9029996395111084,365.29229736328125,1.1199911832809448,4.218792915344238,109.86822509765625
798,31.656112670898438,-111.73950706481934,128,149.39312744140625,0.0003,1,a2c_entropy_low_seed1,0.6739405393600464,297.4394836425781,1.1112041473388672,3.218839645385742,187.0474395751953
799,37.603546142578125,-110.04160835266113,141,131.65740966796875,0.0003,1,a2c_entropy_low_seed1,-4.922441482543945,273.1607971191406,1.1064268350601196,-3.421804189682007,177.44631958007812
801,-8.654083251953125,-105.80747108459472,216,85.62267303466797,0.0003,1,a2c_entropy_low_seed1,-2.452463388442993,176.1513671875,1.0938423871994019,-2.011150360107422,112.25126647949219
801,-8.654083251953125,-105.80747108459472,216,109.74544525146484,0.0003,1,a2c_entropy_low_seed1,4.088858127593994,211.31423950195312,1.0676867961883545,4.835596084594727,185.1341552734375
801,-8.654083251953125,-105.80747108459472,216,310.32818603515625,0.0003,1,a2c_entropy_low_seed1,-1.7096195220947266,624.07666015625,1.0530881881713867,-1.3940231800079346,235.5120849609375
802,-371.03436279296875,-109.75456031799317,277,480.7276306152344,0.0003,1,a2c_entropy_low_seed1,-12.548185348510742,986.552734375,1.0768108367919922,-10.34312629699707,611.577880859375
805,-171.08352661132812,-119.47245239257812,194,135.3626708984375,0.0003,1,a2c_entropy_low_seed1,-2.6514220237731934,276.0293273925781,1.1214557886123657,-2.9195058345794678,101.15560913085938
806,-267.3911437988281,-122.38102340698242,232,102.47574615478516,0.0003,1,a2c_entropy_low_seed1,2.8888213634490967,199.1750030517578,1.1577295064926147,3.334646701812744,109.2036361694336
807,-224.84585571289062,-126.15850601196288,228,211.75808715820312,0.0003,1,a2c_entropy_low_seed1,2.4452285766601562,418.6268005371094,1.1050915718078613,-0.04011392593383789,96.71598052978516
807,-224.84585571289062,-126.15850601196288,228,72.4087905883789,0.0003,1,a2c_entropy_low_seed1,3.2408082485198975,138.33706665039062,1.0925649404525757,4.372344017028809,148.5151824951172
807,-224.84585571289062,-126.15850601196288,228,39.88158416748047,0.0003,1,a2c_entropy_low_seed1,-0.6898488402366638,81.14397430419922,1.1033602952957153,-0.3663898706436157,27.084877014160156
807,-224.84585571289062,-126.15850601196288,228,92.64822387695312,0.0003,1,a2c_entropy_low_seed1,6.100491046905518,173.0965576171875,1.0994340181350708,5.98275899887085,209.14385986328125
811,-221.93435668945312,-127.08511306762695,216,226.07467651367188,0.0003,1,a2c_entropy_low_seed1,-0.05445173382759094,452.2593994140625,1.1161161661148071,0.5639441013336182,86.40101623535156
812,-71.6168441772461,-123.76318603515625,216,27.68471336364746,0.0003,1,a2c_entropy_low_seed1,0.5572360754013062,54.25606918334961,1.1141177415847778,1.1089661121368408,52.19416809082031
812,-71.6168441772461,-123.76318603515625,216,88.9619369506836,0.0003,1,a2c_entropy_low_seed1,9.380868911743164,159.1632080078125,1.069739580154419,8.812387466430664,307.442626953125
813,-89.5334701538086,-124.97605941772461,112,88.6974105834961,0.0003,1,a2c_entropy_low_seed1,2.3258893489837646,172.74411010742188,1.0669684410095215,3.328449010848999,146.3606414794922
813,-89.5334701538086,-124.97605941772461,112,90.31674194335938,0.0003,1,a2c_entropy_low_seed1,-2.551438808441162,185.73744201660156,1.077247977256775,-1.2349998950958252,86.03666687011719
814,-324.7500915527344,-130.51616645812987,292,240.6498565673828,0.0003,1,a2c_entropy_low_seed1,2.217296600341797,476.8661804199219,1.0781147480010986,1.693028450012207,108.8280258178711
814,-324.7500915527344,-130.51616645812987,292,178.65794372558594,0.0003,1,a2c_entropy_low_seed1,1.0798779726028442,355.1572265625,1.109606146812439,2.0395915508270264,177.1162567138672
814,-324.7500915527344,-130.51616645812987,292,354.00640869140625,0.0003,1,a2c_entropy_low_seed1,11.34041976928711,685.3330688476562,1.117680549621582,12.885476112365723,424.02044677734375
816,18.04015350341797,-129.18529403686523,250,154.3527069091797,0.0003,1,a2c_entropy_low_seed1,-1.8437175750732422,312.3940124511719,1.1485309600830078,-0.7736470699310303,70.51765441894531
817,4.222503662109375,-128.58763793945312,272,79.95115661621094,0.0003,1,a2c_entropy_low_seed1,-2.8111534118652344,165.52574157714844,1.1307772397994995,-1.1803340911865234,64.23861694335938
817,4.222503662109375,-128.58763793945312,272,30.920278549194336,0.0003,1,a2c_entropy_low_seed1,-1.2063474655151367,64.25437927246094,1.1262799501419067,-1.324715495109558,43.24690246582031
817,4.222503662109375,-128.58763793945312,272,60.851280212402344,0.0003,1,a2c_entropy_low_seed1,-3.032741069793701,127.7691650390625,1.118640661239624,-2.310558557510376,62.35757064819336
819,-358.40557861328125,-131.22230117797852,385,222.29222106933594,0.0003,1,a2c_entropy_low_seed1,-3.8152122497558594,452.2159423828125,1.056298851966858,-4.579600811004639,237.23765563964844
819,-358.40557861328125,-131.22230117797852,385,36.97935485839844,0.0003,1,a2c_entropy_low_seed1,-1.055006980895996,76.06977081298828,1.0490010976791382,-0.6629619598388672,43.908504486083984
819,-358.40557861328125,-131.22230117797852,385,96.28450775146484,0.0003,1,a2c_entropy_low_seed1,3.036644697189331,186.49676513671875,1.0407755374908447,1.5158339738845825,79.75639343261719
819,-358.40557861328125,-131.22230117797852,385,84.84884643554688,0.0003,1,a2c_entropy_low_seed1,5.561715602874756,158.5753173828125,1.0597922801971436,6.704415321350098,323.2784118652344
820,-210.52053833007812,-130.62041061401368,238,265.3437805175781,0.0003,1,a2c_entropy_low_seed1,-9.810394287109375,550.3093872070312,1.0596747398376465,-6.915848731994629,150.4437255859375
820,-210.52053833007812,-130.62041061401368,238,152.15306091308594,0.0003,1,a2c_entropy_low_seed1,-0.7412917613983154,305.7897033691406,1.004677414894104,-0.2966725826263428,121.03657531738281
822,-342.3585205078125,-138.5398648071289,409,107.45496368408203,0.0003,1,a2c_entropy_low_seed1,-1.7735875844955444,218.45814514160156,1.0358433723449707,-1.233172059059143,62.616798400878906
822,-342.3585205078125,-138.5398648071289,409,60.85783386230469,0.0003,1,a2c_entropy_low_seed1,-3.4974865913391113,128.7117156982422,1.0768934488296509,-3.3954079151153564,125.27226257324219
824,-291.2041015625,-143.99333236694335,401,192.9098358154297,0.0003,1,a2c_entropy_low_seed1,-5.042440414428711,395.90557861328125,1.0521961450576782,-6.671216011047363,256.705078125
826,-20.232038497924805,-146.45766017913817,1001,162.55812072753906,0.0003,1,a2c_entropy_low_seed1,2.6847445964813232,319.7478332519531,1.0820753574371338,1.4828087091445923,79.28329467773438
826,-20.232038497924805,-146.45766017913817,1001,92.56623840332031,0.0003,1,a2c_entropy_low_seed1,5.805617809295654,173.52232360839844,1.076537013053894,6.007326602935791,223.73683166503906
826,-20.232038497924805,-146.45766017913817,1001,32.855445861816406,0.0003,1,a2c_entropy_low_seed1,1.839085340499878,62.03379821777344,1.0735470056533813,1.9706827402114868,84.41233825683594
828,-178.97512817382812,-144.3976517868042,202,236.36141967773438,0.0003,1,a2c_entropy_low_seed1,-4.420190811157227,481.56427001953125,1.0436227321624756,-5.185855865478516,209.43223571777344
828,-178.97512817382812,-144.3976517868042,202,80.97467041015625,0.0003,1,a2c_entropy_low_seed1,3.3099241256713867,155.33056640625,1.0644056797027588,4.1486334800720215,169.4259033203125
828,-178.97512817382812,-144.3976517868042,202,94.0206527709961,0.0003,1,a2c_entropy_low_seed1,-0.16627556085586548,188.37493896484375,1.0904912948608398,0.5033677816390991,35.375038146972656
829,-228.9461212158203,-148.06888751983644,305,188.88491821289062,0.0003,1,a2c_entropy_low_seed1,-10.661316871643066,399.0934753417969,1.0189191102981567,-10.866908073425293,379.04168701171875
831,-479.7009582519531,-154.0270555496216,381,560.1419067382812,0.0003,1,a2c_entropy_low_seed1,2.150324583053589,1115.984130859375,1.00125253200531,-1.5712056159973145,239.3788604736328
831,-479.7009582519531,-154.0270555496216,381,102.0658950805664,0.0003,1,a2c_entropy_low_seed1,7.805391311645508,188.52206420898438,1.052088975906372,7.953734397888184,307.34686279296875
831,-479.7009582519531,-154.0270555496216,381,86.63246154785156,0.0003,1,a2c_entropy_low_seed1,0.6459455490112305,171.97410583496094,1.0651155710220337,-0.25141263008117676,50.94709396362305
832,-290.986572265625,-160.03249088287353,332,149.7102508544922,0.0003,1,a2c_entropy_low_seed1,4.632883071899414,290.15582275390625,1.095099925994873,5.40139102935791,172.3006134033203
832,-290.986572265625,-160.03249088287353,332,62.018646240234375,0.0003,1,a2c_entropy_low_seed1,-4.677712440490723,133.39382934570312,1.1105570793151855,-4.396251201629639,139.73704528808594
833,-67.88182067871094,-158.59676486968993,287,68.024658203125,0.0003,1,a2c_entropy_low_seed1,0.1940246820449829,135.66233825683594,1.0714197158813477,0.26121461391448975,54.071834564208984
834,-267.91546630859375,-158.1723288345337,309,51.15378952026367,0.0003,1,a2c_entropy_low_seed1,-0.18156516551971436,102.67180633544922,1.0969964265823364,-0.12143510580062866,41.849185943603516
835,-97.04345703125,-159.73522235870362,442,72.00900268554688,0.0003,1,a2c_entropy_low_seed1,-3.787001609802246,151.59312438964844,1.1090812683105469,-2.8738338947296143,87.2674789428711
835,-97.04345703125,-159.73522235870362,442,63.525306701660156,0.0003,1,a2c_entropy_low_seed1,2.1098008155822754,122.83212280273438,1.1115106344223022,2.709476947784424,92.16361236572266
836,-107.11663818359375,-160.55937183380126,312,64.26667785644531,0.0003,1,a2c_entropy_low_seed1,4.542842864990234,119.44878387451172,1.118449330329895,4.135524749755859,143.2816619873047
836,-107.11663818359375,-160.55937183380126,312,56.39659118652344,0.0003,1,a2c_entropy_low_seed1,-3.3279974460601807,119.45028686523438,1.1092840433120728,-2.8131566047668457,72.3565444946289
836,-107.11663818359375,-160.55937183380126,312,102.4205322265625,0.0003,1,a2c_entropy_low_seed1,7.569413661956787,189.70335388183594,1.1084043979644775,7.281240940093994,255.35215759277344
837,-102.65560913085938,-160.5574069595337,191,80.69515228271484,0.0003,1,a2c_entropy_low_seed1,2.042686700820923,157.3060302734375,1.104784369468689,1.9976680278778076,89.3193588256836
837,-102.65560913085938,-160.5574069595337,191,177.4036407470703,0.0003,1,a2c_entropy_low_seed1,5.494110107421875,343.8201599121094,1.0949320793151855,4.620835304260254,160.64186096191406
838,-312.153076171875,-165.82351131439208,665,65.23738098144531,0.0003,1,a2c_entropy_low_seed1,-0.9697836637496948,132.41543579101562,1.114427924156189,-0.010597467422485352,36.42828369140625
839,-103.19083404541016,-163.59726329803468,475,175.95761108398438,0.0003,1,a2c_entropy_low_seed1,8.859736442565918,334.1968688964844,1.1241469383239746,8.158635139465332,241.8575439453125
840,-5.5848236083984375,-156.03836345672607,150,86.63707733154297,0.0003,1,a2c_entropy_low_seed1,0.8442178964614868,171.5868377685547,1.1072916984558105,1.4776759147644043,86.18561553955078
841,-243.05503845214844,-161.51696086883544,390,294.68572998046875,0.0003,1,a2c_entropy_low_seed1,6.247713088989258,576.8771362304688,1.1027488708496094,5.306802272796631,153.02487182617188
841,-243.05503845214844,-161.51696086883544,390,74.85991668701172,0.0003,1,a2c_entropy_low_seed1,2.49109148979187,144.7388153076172,1.1536357402801514,2.7553815841674805,112.20338439941406
841,-243.05503845214844,-161.51696086883544,390,60.836936950683594,0.0003,1,a2c_entropy_low_seed1,-1.9444531202316284,125.56391906738281,1.137686014175415,-0.4901556968688965,36.0605583190918
842,-74.37672424316406,-158.52185985565185,218,67.65914916992188,0.0003,1,a2c_entropy_low_seed1,-0.6285525560379028,136.57650756835938,1.0984773635864258,-0.2766895592212677,34.25836181640625
844,-238.8451385498047,-159.75320247650146,446,182.66969299316406,0.0003,1,a2c_entropy_low_seed1,0.616848349571228,364.1067810058594,1.1104074716567993,0.07263129949569702,85.82486724853516
844,-238.8451385498047,-159.75320247650146,446,31.171039581298828,0.0003,1,a2c_entropy_low_seed1,4.258893966674805,53.825443267822266,1.1514685153961182,4.69004487991333,156.84364318847656
844,-238.8451385498047,-159.75320247650146,446,44.0931396484375,0.0003,1,a2c_entropy_low_seed1,-0.9505798816680908,90.08857727050781,1.1340844631195068,-0.49730539321899414,21.97981834411621
845,-117.42739868164062,-160.58591762542724,291,65.95365905761719,0.0003,1,a2c_entropy_low_seed1,3.0955007076263428,125.71746826171875,1.141709566116333,2.5574300289154053,81.30735778808594
845,-117.42739868164062,-160.58591762542724,291,151.63783264160156,0.0003,1,a2c_entropy_low_seed1,4.9247846603393555,293.4272155761719,1.1330751180648804,5.540343284606934,212.57115173339844
845,-117.42739868164062,-160.58591762542724,291,76.41024780273438,0.0003,1,a2c_entropy_low_seed1,0.7647494077682495,151.29212951660156,1.130143165588379,1.9665461778640747,110.19930267333984
845,-117.42739868164062,-160.58591762542724,291,60.530296325683594,0.0003,1,a2c_entropy_low_seed1,-0.5399541258811951,122.14161682128906,1.1165575981140137,0.3247513771057129,40.76856994628906
845,-117.42739868164062,-160.58591762542724,291,41.57981491088867,0.0003,1,a2c_entropy_low_seed1,-0.482196569442749,84.12512969970703,1.1064329147338867,-0.14728939533233643,38.40676498413086
846,-74.63404846191406,-163.3219582748413,268,202.6529998779297,0.0003,1,a2c_entropy_low_seed1,9.651238441467285,386.0046081542969,1.10072660446167,10.199884414672852,301.5817565917969
846,-74.63404846191406,-163.3219582748413,268,144.53091430664062,0.0003,1,a2c_entropy_low_seed1,4.412530422210693,280.2378845214844,1.1298502683639526,3.7297425270080566,175.813720703125
847,-147.592529296875,-163.1184328842163,327,193.96470642089844,0.0003,1,a2c_entropy_low_seed1,-4.252085208892822,396.4347229003906,1.1348602771759033,-3.7994632720947266,107.6444091796875
849,-358.5572204589844,-172.73969425201415,739,177.78892517089844,0.0003,1,a2c_entropy_low_seed1,-0.551348090171814,356.681640625,1.1005611419677734,-0.4198570251464844,86.0499267578125
849,-358.5572204589844,-172.73969425201415,739,28.382614135742188,0.0003,1,a2c_entropy_low_seed1,2.466808319091797,51.8327522277832,1.1391510963439941,2.441222906112671,80.51313018798828
850,10.295612335205078,-166.3212844467163,1001,52.34170913696289,0.0003,1,a2c_entropy_low_seed1,-2.6732401847839355,110.03106689453125,1.166367530822754,-1.909287691116333,44.065738677978516
851,-26.13843536376953,-166.67097148895263,186,102.57608032226562,0.0003,1,a2c_entropy_low_seed1,3.9910693168640137,197.17120361328125,1.182018756866455,4.756336688995361,142.64747619628906
851,-26.13843536376953,-166.67097148895263,186,80.47422790527344,0.0003,1,a2c_entropy_low_seed1,5.756966590881348,149.43568420410156,1.1659960746765137,5.233345985412598,166.27882385253906
851,-26.13843536376953,-166.67097148895263,186,55.009796142578125,0.0003,1,a2c_entropy_low_seed1,-3.1376028060913086,116.29595947265625,1.1581801176071167,-2.7789299488067627,74.39871978759766
851,-26.13843536376953,-166.67097148895263,186,33.757022857666016,0.0003,1,a2c_entropy_low_seed1,1.3864854574203491,64.7422103881836,1.1364226341247559,1.4169249534606934,58.000667572021484
853,-59.84499740600586,-156.36362064361572,596,114.0945816040039,0.0003,1,a2c_entropy_low_seed1,-4.663768768310547,237.51783752441406,1.149517297744751,-3.4245896339416504,80.11152648925781
853,-59.84499740600586,-156.36362064361572,596,37.40509796142578,0.0003,1,a2c_entropy_low_seed1,-4.878418922424316,84.56815338134766,1.1211934089660645,-3.619077205657959,105.96051025390625
854,-131.52194213867188,-154.71813236236574,289,112.92858123779297,0.0003,1,a2c_entropy_low_seed1,8.69503402709961,208.4681854248047,1.078739881515503,9.242252349853516,271.3132629394531
855,-69.9266586303711,-152.6949950027466,345,61.054237365722656,0.0003,1,a2c_entropy_low_seed1,-1.0922012329101562,124.29396057128906,1.0838826894760132,-0.6307482719421387,38.8546257019043
855,-69.9266586303711,-152.6949950027466,345,122.47663879394531,0.0003,1,a2c_entropy_low_seed1,1.6705095767974854,241.61334228515625,1.0866023302078247,1.1791127920150757,74.92942810058594
856,-240.06932067871094,-152.14855854034423,274,42.254669189453125,0.0003,1,a2c_entropy_low_seed1,1.4779020547866821,81.55464935302734,1.1112072467803955,1.5674176216125488,38.78871154785156
857,-58.88469696044922,-148.8293353652954,356,50.279170989990234,0.0003,1,a2c_entropy_low_seed1,-3.1353163719177246,106.830078125,1.1082991361618042,-1.9670989513397217,67.86725616455078
857,-58.88469696044922,-148.8293353652954,356,40.99284362792969,0.0003,1,a2c_entropy_low_seed1,-1.076979398727417,84.14071655273438,1.068861484527588,-0.5399441719055176,36.60281753540039
858,-230.41009521484375,-150.5153168106079,162,207.26031494140625,0.0003,1,a2c_entropy_low_seed1,0.17994540929794312,414.1617736816406,1.0414788722991943,-0.842431902885437,131.23175048828125
858,-230.41009521484375,-150.5153168106079,162,89.932861328125,0.0003,1,a2c_entropy_low_seed1,5.539219379425049,168.7883758544922,1.0989617109298706,6.533011436462402,225.859619140625
858,-230.41009521484375,-150.5153168106079,162,54.48561096191406,0.0003,1,a2c_entropy_low_seed1,3.522745132446289,101.92683410644531,1.0986236333847046,3.0337727069854736,90.51253509521484
858,-230.41009521484375,-150.5153168106079,162,74.54706573486328,0.0003,1,a2c_entropy_low_seed1,-3.3329968452453613,155.76123046875,1.0963903665542603,-3.336189031600952,102.3321533203125
859,-280.0770263671875,-156.3616385269165,372,112.3147201538086,0.0003,1,a2c_entropy_low_seed1,5.30814790725708,214.0142364501953,1.0910522937774658,4.165047645568848,76.73604583740234
859,-280.0770263671875,-156.3616385269165,372,82.15030670166016,0.0003,1,a2c_entropy_low_seed1,0.27057573199272156,163.76055908203125,1.0958505868911743,1.4225132465362549,91.49203491210938
860,-47.27271270751953,-156.3496754837036,689,51.373268127441406,0.0003,1,a2c_entropy_low_seed1,1.0373685359954834,100.67289733886719,1.0959628820419312,1.1496412754058838,40.98646926879883
861,-138.96783447265625,-154.69034503936768,473,150.55772399902344,0.0003,1,a2c_entropy_low_seed1,-1.2494996786117554,303.6155700683594,1.1324117183685303,-0.6819887161254883,47.99126434326172
862,22.574359893798828,-152.8065209579468,1001,73.50465393066406,0.0003,1,a2c_entropy_low_seed1,3.8892173767089844,139.23196411132812,1.0998432636260986,3.503617763519287,89.2285385131836
863,-59.16605758666992,-152.199172706604,291,97.09615325927734,0.0003,1,a2c_entropy_low_seed1,6.068784713745117,182.05581665039062,1.0821468830108643,5.572287082672119,148.6850128173828
863,-59.16605758666992,-152.199172706604,291,36.08216094970703,0.0003,1,a2c_entropy_low_seed1,1.3706278800964355,69.42415618896484,1.091489553451538,1.809600591659546,67.87256622314453
863,-59.16605758666992,-152.199172706604,291,107.89981079101562,0.0003,1,a2c_entropy_low_seed1,5.460921287536621,204.87887573242188,1.103432059288025,5.234997749328613,157.25363159179688
864,-18.53105926513672,-146.07479206085205,121,45.996742248535156,0.0003,1,a2c_entropy_low_seed1,-2.456742286682129,96.9080810546875,1.1137237548828125,-2.41229248046875,66.21129608154297
864,-18.53105926513672,-146.07479206085205,121,38.01276397705078,0.0003,1,a2c_entropy_low_seed1,2.344559669494629,71.33751678466797,1.1082139015197754,2.222522735595703,66.0213623046875
867,-19.277488708496094,-150.21161632537843,243,111.8294448852539,0.0003,1,a2c_entropy_low_seed1,-4.895954132080078,233.45191955566406,1.1089563369750977,-4.0068769454956055,168.21954345703125
867,-19.277488708496094,-150.21161632537843,243,43.22919845581055,0.0003,1,a2c_entropy_low_seed1,3.3307464122772217,79.79808807373047,1.1796345710754395,3.3184845447540283,83.41399383544922
867,-19.277488708496094,-150.21161632537843,243,16.802711486816406,0.0003,1,a2c_entropy_low_seed1,-0.45045071840286255,34.507484436035156,1.1598321199417114,-0.2662636339664459,24.96274757385254
867,-19.277488708496094,-150.21161632537843,243,44.095157623291016,0.0003,1,a2c_entropy_low_seed1,0.9048802256584167,86.38168334960938,1.1318155527114868,1.3865362405776978,59.640663146972656
868,-61.85234069824219,-151.13499324798585,281,107.78458404541016,0.0003,1,a2c_entropy_low_seed1,-4.4619550704956055,224.49417114257812,1.0969815254211426,-2.634542942047119,56.56486511230469
868,-61.85234069824219,-151.13499324798585,281,121.55309295654297,0.0003,1,a2c_entropy_low_seed1,4.641168117523193,233.82492065429688,1.067044734954834,6.54055118560791,201.871337890625
868,-61.85234069824219,-151.13499324798585,281,79.04014587402344,0.0003,1,a2c_entropy_low_seed1,4.117323875427246,149.84677124023438,1.1222528219223022,4.040010452270508,122.67430114746094
868,-61.85234069824219,-151.13499324798585,281,90.6696548461914,0.0003,1,a2c_entropy_low_seed1,1.6035593748092651,178.13330078125,1.1196085214614868,1.2187575101852417,49.746089935302734
868,-61.85234069824219,-151.13499324798585,281,112.16773986816406,0.0003,1,a2c_entropy_low_seed1,5.250235080718994,213.8361053466797,1.10585618019104,6.2778191566467285,158.29197692871094
870,61.29449462890625,-138.46752941131592,164,110.61382293701172,0.0003,1,a2c_entropy_low_seed1,1.6165270805358887,217.99569702148438,1.1020853519439697,0.5242304801940918,37.53736114501953
870,61.29449462890625,-138.46752941131592,164,72.81112670898438,0.0003,1,a2c_entropy_low_seed1,3.7057101726531982,138.21192932128906,1.105517864227295,4.649753570556641,141.98178100585938
872,-36.687744140625,-129.29676753997802,1001,72.02407836914062,0.0003,1,a2c_entropy_low_seed1,0.26750433444976807,143.51426696777344,1.11372971534729,0.22852003574371338,40.360843658447266
873,-266.92681884765625,-130.4171062850952,365,35.398929595947266,0.0003,1,a2c_entropy_low_seed1,-0.4963017702102661,71.7916030883789,1.1338775157928467,0.31517481803894043,19.161996841430664
874,-247.61541748046875,-129.5453326034546,907,58.832984924316406,0.0003,1,a2c_entropy_low_seed1,1.5225515365600586,114.62198638916016,1.1184380054473877,1.7587045431137085,64.26969146728516
876,15.602546691894531,-123.36018470764161,126,126.77796173095703,0.0003,1,a2c_entropy_low_seed1,0.3412845730781555,252.87445068359375,1.0965899229049683,1.4577521085739136,38.423404693603516
877,18.417625427246094,-122.04811027526856,202,65.2260513305664,0.0003,1,a2c_entropy_low_seed1,0.16851556301116943,130.11619567871094,1.1281131505966187,1.2962772846221924,40.52469253540039
877,18.417625427246094,-122.04811027526856,202,30.82029914855957,0.0003,1,a2c_entropy_low_seed1,-2.7014737129211426,67.044677734375,1.1340174674987793,-2.5889649391174316,60.06425857543945
877,18.417625427246094,-122.04811027526856,202,104.06103515625,0.0003,1,a2c_entropy_low_seed1,4.402875900268555,199.31741333007812,1.1007870435714722,5.477094650268555,178.34800720214844
877,18.417625427246094,-122.04811027526856,202,45.908287048339844,0.0003,1,a2c_entropy_low_seed1,0.7397887706756592,90.33812713623047,1.1282209157943726,1.4548523426055908,46.36152267456055
877,18.417625427246094,-122.04811027526856,202,32.94732666015625,0.0003,1,a2c_entropy_low_seed1,0.3270232677459717,65.24168395996094,1.0737435817718506,0.46061164140701294,17.686559677124023
879,-184.45639038085938,-119.17579963684082,705,200.83457946777344,0.0003,1,a2c_entropy_low_seed1,-1.4086170196533203,404.4874267578125,1.04143488407135,1.2119934558868408,89.9543685913086
879,-184.45639038085938,-119.17579963684082,705,87.22489166259766,0.0003,1,a2c_entropy_low_seed1,2.917076826095581,168.61663818359375,1.0065969228744507,2.7069759368896484,78.98595428466797
880,-203.7930145263672,-120.48534370422364,212,116.86637878417969,0.0003,1,a2c_entropy_low_seed1,2.215519428253174,229.30276489257812,1.0474168062210083,1.9339025020599365,50.613365173339844
882,-59.83574676513672,-106.49276771545411,299,189.552734375,0.0003,1,a2c_entropy_low_seed1,0.8558145761489868,377.3948974609375,1.0622541904449463,2.330868721008301,68.73768615722656
882,-59.83574676513672,-106.49276771545411,299,88.25755310058594,0.0003,1,a2c_entropy_low_seed1,3.6682169437408447,169.17971801757812,1.046881079673767,4.822250843048096,149.11013793945312
883,-13.609306335449219,-105.40731742858887,169,117.99336242675781,0.0003,1,a2c_entropy_low_seed1,-4.578523635864258,245.144775390625,1.0040608644485474,-2.684044122695923,86.72034454345703
884,-236.35545349121094,-104.77611717224121,552,244.13690185546875,0.0003,1,a2c_entropy_low_seed1,1.0466976165771484,486.181396484375,0.9727250337600708,1.6891289949417114,89.17291259765625
885,-57.432830810546875,-103.98390464782715,254,160.92054748535156,0.0003,1,a2c_entropy_low_seed1,-1.9787826538085938,325.7996520996094,1.0212455987930298,0.9238783121109009,49.63076400756836
886,-145.935302734375,-104.76027793884278,524,62.30861282348633,0.0003,1,a2c_entropy_low_seed1,0.369089275598526,123.88008880615234,1.0442695617675781,1.9172642230987549,47.11194610595703
888,-57.292236328125,-101.10809837341309,198,112.42742156982422,0.0003,1,a2c_entropy_low_seed1,-3.38960599899292,231.63510131835938,1.051093578338623,-1.7155604362487793,60.43986892700195
889,-10.097267150878906,-99.24622703552247,251,94.64639282226562,0.0003,1,a2c_entropy_low_seed1,-1.0570943355560303,191.40798950195312,1.016497015953064,-0.49391594529151917,55.046871185302734
889,-10.097267150878906,-99.24622703552247,251,85.91087341308594,0.0003,1,a2c_entropy_low_seed1,0.486716628074646,170.8493194580078,1.0103731155395508,1.7256816625595093,75.05038452148438
890,-180.54486083984375,-102.74542778015137,550,191.04664611816406,0.0003,1,a2c_entropy_low_seed1,2.1631271839141846,377.7680358886719,0.9991769194602966,3.7242817878723145,104.3283462524414
892,-27.072769165039062,-96.48694679260254,162,119.27294158935547,0.0003,1,a2c_entropy_low_seed1,2.559384822845459,233.4281005859375,0.989008903503418,3.453857660293579,73.74609375
892,-27.072769165039062,-96.48694679260254,162,86.58800506591797,0.0003,1,a2c_entropy_low_seed1,-1.8733551502227783,176.92369079589844,0.9761638641357422,-0.27457094192504883,40.894779205322266
892,-27.072769165039062,-96.48694679260254,162,247.1912384033203,0.0003,1,a2c_entropy_low_seed1,-3.2419791221618652,500.8674011230469,0.9678395986557007,-3.82706880569458,186.4420928955078
895,-28.833450317382812,-100.38305305480957,239,432.5451965332031,0.0003,1,a2c_entropy_low_seed1,-8.524249076843262,882.139892578125,0.9526870250701904,-9.98972225189209,488.22662353515625
896,-268.1842041015625,-104.25405616760254,227,204.6016387939453,0.0003,1,a2c_entropy_low_seed1,5.411534309387207,398.3812255859375,1.0119894742965698,5.4302167892456055,118.63996124267578
897,72.25086975097656,-99.8571881866455,173,67.50077819824219,0.0003,1,a2c_entropy_low_seed1,-3.1139233112335205,141.23045349121094,1.0550233125686646,-1.0260566473007202,53.664554595947266
897,72.25086975097656,-99.8571881866455,173,67.57970428466797,0.0003,1,a2c_entropy_low_seed1,3.309375762939453,128.54171752929688,1.0579164028167725,3.6428980827331543,103.6819839477539
897,72.25086975097656,-99.8571881866455,173,54.03987121582031,0.0003,1,a2c_entropy_low_seed1,0.6796442270278931,106.72148132324219,1.0263550281524658,0.6098706722259521,29.035316467285156
897,72.25086975097656,-99.8571881866455,173,60.14501190185547,0.0003,1,a2c_entropy_low_seed1,0.41051584482192993,119.47000885009766,1.0160179138183594,1.2861469984054565,49.592506408691406
897,72.25086975097656,-99.8571881866455,173,125.35396575927734,0.0003,1,a2c_entropy_low_seed1,-0.10112617909908295,250.91119384765625,1.0118037462234497,0.5814184546470642,57.94987869262695
899,-61.75404357910156,-95.57237915039063,344,209.53839111328125,0.0003,1,a2c_entropy_low_seed1,-0.8658361434936523,420.8094177246094,0.9693126678466797,-2.8269033432006836,149.38018798828125
900,-30.547805786132812,-96.38924751281738,257,100.85485076904297,0.0003,1,a2c_entropy_low_seed1,-0.23789000511169434,202.1865234375,1.0435079336166382,0.36911433935165405,46.15995407104492
900,-30.547805786132812,-96.38924751281738,257,257.01123046875,0.0003,1,a2c_entropy_low_seed1,-10.631122589111328,535.2857666015625,1.0481703281402588,-12.448616027832031,427.9894714355469
901,-255.18588256835938,-100.97019645690918,318,63.979209899902344,0.0003,1,a2c_entropy_low_seed1,3.799260139465332,120.3609848022461,1.0855225324630737,3.356717586517334,93.7749252319336
901,-255.18588256835938,-100.97019645690918,318,18.966123580932617,0.0003,1,a2c_entropy_low_seed1,1.277833104133606,35.37763214111328,1.0537248849868774,0.9473195672035217,26.258277893066406
902,-228.74411010742188,-102.42984642028809,733,182.0631866455078,0.0003,1,a2c_entropy_low_seed1,-0.28402435779571533,364.6954650878906,1.0509576797485352,0.5035496950149536,74.13887786865234
902,-228.74411010742188,-102.42984642028809,733,22.648767471313477,0.0003,1,a2c_entropy_low_seed1,-0.08168274164199829,45.46196365356445,1.062949538230896,0.6392677426338196,24.88381576538086
902,-228.74411010742188,-102.42984642028809,733,52.49205780029297,0.0003,1,a2c_entropy_low_seed1,1.459324836730957,102.06651306152344,1.0435208082199097,1.7304751873016357,54.736289978027344
903,-146.8932647705078,-104.17081176757813,472,113.41353607177734,0.0003,1,a2c_entropy_low_seed1,-4.016780853271484,234.86166381835938,1.0203770399093628,-2.7005650997161865,64.81663513183594
904,-99.4821548461914,-103.53001602172851,649,130.7784423828125,0.0003,1,a2c_entropy_low_seed1,4.092477321624756,253.3729248046875,1.0183465480804443,6.029550552368164,126.70824432373047
904,-99.4821548461914,-103.53001602172851,649,61.27751159667969,0.0003,1,a2c_entropy_low_seed1,-1.2693641185760498,125.0947494506836,1.0017050504684448,-0.5591530799865723,26.56221580505371
905,-77.17158508300781,-103.67491455078125,515,119.31118774414062,0.0003,1,a2c_entropy_low_seed1,5.446395397186279,227.73057556152344,0.986051082611084,6.2889251708984375,167.34005737304688
906,-14.942230224609375,-99.17237274169922,207,99.32423400878906,0.0003,1,a2c_entropy_low_seed1,1.427086353302002,195.79531860351562,1.0208699703216553,1.7957345247268677,66.71717071533203
906,-14.942230224609375,-99.17237274169922,207,113.76309204101562,0.0003,1,a2c_entropy_low_seed1,3.993475914001465,219.54025268554688,1.0262818336486816,5.66750955581665,154.58717346191406
907,-99.4029312133789,-99.98273742675781,382,76.32478332519531,0.0003,1,a2c_entropy_low_seed1,1.0087189674377441,150.63314819335938,1.0176925659179688,0.9716742038726807,32.23581314086914
907,-99.4029312133789,-99.98273742675781,382,63.20491409301758,0.0003,1,a2c_entropy_low_seed1,1.5897222757339478,123.23136901855469,0.9863554239273071,2.266399621963501,64.45601654052734
907,-99.4029312133789,-99.98273742675781,382,86.94445037841797,0.0003,1,a2c_entropy_low_seed1,2.4921135902404785,168.90570068359375,1.0154500007629395,3.1544718742370605,64.3778305053711
907,-99.4029312133789,-99.98273742675781,382,115.92267608642578,0.0003,1,a2c_entropy_low_seed1,-0.759075939655304,233.364501953125,0.992800235748291,-2.911501407623291,169.7722625732422
908,-301.02447509765625,-101.39502502441407,515,77.1789321899414,0.0003,1,a2c_entropy_low_seed1,2.979506492614746,148.39984130859375,0.9994422793388367,3.343581199645996,73.34962463378906
910,-232.28834533691406,-99.61965393066406,596,95.66525268554688,0.0003,1,a2c_entropy_low_seed1,-4.071599960327148,199.4747314453125,1.0228688716888428,-2.880215644836426,90.9034652709961
910,-232.28834533691406,-99.61965393066406,596,52.42594909667969,0.0003,1,a2c_entropy_low_seed1,2.754124164581299,99.3447036743164,1.056242823600769,2.9616453647613525,82.27973175048828
912,-10.598258972167969,-99.90551872253418,209,121.63096618652344,0.0003,1,a2c_entropy_low_seed1,-3.7086100578308105,250.68020629882812,1.045364499092102,-4.175763130187988,106.9577407836914
912,-10.598258972167969,-99.90551872253418,209,53.83761978149414,0.0003,1,a2c_entropy_low_seed1,0.4089565873146057,106.85836791992188,1.0441222190856934,0.30301976203918457,35.84701919555664
913,-229.82833862304688,-103.31876434326172,460,61.93668746948242,0.0003,1,a2c_entropy_low_seed1,0.6892364025115967,122.49591064453125,1.008744478225708,0.9888157844543457,26.842025756835938
913,-229.82833862304688,-103.31876434326172,460,122.34754943847656,0.0003,1,a2c_entropy_low_seed1,3.592833995819092,237.5104217529297,0.990226149559021,5.058084964752197,128.738037109375
914,-49.73152542114258,-103.94277366638184,231,66.49671936035156,0.0003,1,a2c_entropy_low_seed1,3.888211488723755,125.218017578125,1.0136579275131226,3.8022146224975586,74.79529571533203
915,-121.54187774658203,-105.63874938964844,152,92.24510955810547,0.0003,1,a2c_entropy_low_seed1,5.7094526290893555,173.07235717773438,1.0347175598144531,6.725893020629883,133.01181030273438
915,-121.54187774658203,-105.63874938964844,152,56.93394088745117,0.0003,1,a2c_entropy_low_seed1,0.7096695899963379,112.44957733154297,1.0401562452316284,1.5788512229919434,46.82710647583008
916,-84.09044647216797,-102.22576644897461,302,71.19316864013672,0.0003,1,a2c_entropy_low_seed1,0.10493102669715881,142.17750549316406,1.043958306312561,0.13597416877746582,28.560619354248047
916,-84.09044647216797,-102.22576644897461,302,70.83158874511719,0.0003,1,a2c_entropy_low_seed1,-0.8563094735145569,143.37684631347656,1.0506254434585571,0.46756511926651,28.740936279296875
916,-84.09044647216797,-102.22576644897461,302,69.57469940185547,0.0003,1,a2c_entropy_low_seed1,1.1940295696258545,136.76235961914062,1.0293048620224,1.822900414466858,43.62740707397461
917,-58.64535903930664,-103.01312385559082,1001,105.68499755859375,0.0003,1,a2c_entropy_low_seed1,7.035676956176758,197.29971313476562,1.074687123298645,7.6935133934021,191.94541931152344
917,-58.64535903930664,-103.01312385559082,1001,129.79612731933594,0.0003,1,a2c_entropy_low_seed1,5.178548812866211,249.2362823486328,1.1300091743469238,4.984289646148682,110.70419311523438
917,-58.64535903930664,-103.01312385559082,1001,59.44099426269531,0.0003,1,a2c_entropy_low_seed1,4.097809791564941,110.68751525878906,1.1453912258148193,3.9901912212371826,74.53998565673828
917,-58.64535903930664,-103.01312385559082,1001,30.346954345703125,0.0003,1,a2c_entropy_low_seed1,-4.9324049949646,70.55984497070312,1.126503348350525,-4.130185604095459,80.30287170410156
917,-58.64535903930664,-103.01312385559082,1001,37.9794807434082,0.0003,1,a2c_entropy_low_seed1,-2.26735258102417,80.49478912353516,1.1208385229110718,-2.6881659030914307,47.035762786865234
917,-58.64535903930664,-103.01312385559082,1001,45.309810638427734,0.0003,1,a2c_entropy_low_seed1,-0.7728146314620972,92.1664047241211,1.1485881805419922,-0.21327972412109375,22.719833374023438
917,-58.64535903930664,-103.01312385559082,1001,18.66520881652832,0.0003,1,a2c_entropy_low_seed1,-0.30271613597869873,37.936973571777344,1.1236270666122437,-0.09201312065124512,15.621829986572266
917,-58.64535903930664,-103.01312385559082,1001,57.22514724731445,0.0003,1,a2c_entropy_low_seed1,4.454633712768555,105.54214477539062,1.1199162006378174,3.983734130859375,97.51813507080078
917,-58.64535903930664,-103.01312385559082,1001,53.71586227416992,0.0003,1,a2c_entropy_low_seed1,-0.6131603717803955,108.65916442871094,1.1248185634613037,-0.43978336453437805,39.17781448364258
917,-58.64535903930664,-103.01312385559082,1001,147.2095947265625,0.0003,1,a2c_entropy_low_seed1,-2.824571371078491,300.06939697265625,1.0645688772201538,-3.3242220878601074,178.03672790527344
918,-302.87469482421875,-107.83357093811036,391,33.03825759887695,0.0003,1,a2c_entropy_low_seed1,-2.015202522277832,70.10806274414062,1.1406489610671997,-2.12962007522583,39.95354080200195
918,-302.87469482421875,-107.83357093811036,391,21.498252868652344,0.0003,1,a2c_entropy_low_seed1,-4.2386016845703125,51.4748649597168,1.15767240524292,-4.222064018249512,75.34901428222656
919,39.267181396484375,-107.11127891540528,1001,30.836326599121094,0.0003,1,a2c_entropy_low_seed1,2.6469202041625977,56.37992858886719,1.1127598285675049,2.5813918113708496,55.417659759521484
919,39.267181396484375,-107.11127891540528,1001,32.628875732421875,0.0003,1,a2c_entropy_low_seed1,-2.5583136081695557,70.37545776367188,1.0767326354980469,-2.0866074562072754,46.8416748046875
919,39.267181396484375,-107.11127891540528,1001,58.25992202758789,0.0003,1,a2c_entropy_low_seed1,0.061632126569747925,116.39762878417969,1.0430504083633423,0.737263023853302,24.314605712890625
921,-30.24536895751953,-107.65645706176758,187,260.1813659667969,0.0003,1,a2c_entropy_low_seed1,-1.5453071594238281,523.454345703125,1.0040326118469238,-1.7686436176300049,142.49502563476562
922,-311.68426513671875,-113.15638748168945,674,103.13605499267578,0.0003,1,a2c_entropy_low_seed1,-5.363580703735352,217.0003662109375,1.0910271406173706,-5.418977737426758,139.17410278320312
923,-183.3895263671875,-111.48564163208007,165,239.2215576171875,0.0003,1,a2c_entropy_low_seed1,0.4698628783226013,477.50445556640625,1.065686821937561,-0.9897280931472778,127.90422821044922
924,-238.9308319091797,-111.3119499206543,965,105.71920776367188,0.0003,1,a2c_entropy_low_seed1,1.5575212240219116,208.324462890625,1.08921480178833,1.7748866081237793,49.1068000793457
924,-238.9308319091797,-111.3119499206543,965,23.29874610900879,0.0003,1,a2c_entropy_low_seed1,-3.266751289367676,53.132102966308594,1.1098721027374268,-2.9322195053100586,62.325965881347656
924,-238.9308319091797,-111.3119499206543,965,77.78973388671875,0.0003,1,a2c_entropy_low_seed1,4.861149311065674,145.85826110839844,1.0912327766418457,5.565610408782959,116.14213562011719
926,13.110995292663574,-108.93532228469849,1001,72.39539337158203,0.0003,1,a2c_entropy_low_seed1,1.704698085784912,141.38247680664062,1.07657790184021,1.8979541063308716,42.59794235229492
926,13.110995292663574,-108.93532228469849,1001,41.283653259277344,0.0003,1,a2c_entropy_low_seed1,2.6501872539520264,77.26802062988281,1.090442419052124,3.1413016319274902,67.15930938720703
927,-38.968238830566406,-110.08303956985473,1001,57.821781158447266,0.0003,1,a2c_entropy_low_seed1,0.3657207190990448,114.9132080078125,1.0859973430633545,0.5073806047439575,29.87578010559082
927,-38.968238830566406,-110.08303956985473,1001,88.17752075195312,0.0003,1,a2c_entropy_low_seed1,3.030304431915283,170.29550170898438,1.0695288181304932,3.6264076232910156,83.85071563720703
930,-162.543212890625,-104.66696531295776,340,206.59896850585938,0.0003,1,a2c_entropy_low_seed1,-4.647639274597168,422.4942932128906,1.0804524421691895,-4.4176836013793945,138.7414093017578
930,-162.543212890625,-104.66696531295776,340,41.90988540649414,0.0003,1,a2c_entropy_low_seed1,-5.934283256530762,95.68941497802734,1.072736144065857,-4.973134994506836,108.19374084472656
930,-162.543212890625,-104.66696531295776,340,46.04588317871094,0.0003,1,a2c_entropy_low_seed1,6.673583030700684,78.74562072753906,1.0251340866088867,6.48701810836792,144.5352325439453
931,-28.086387634277344,-105.00423337936401,234,93.11066436767578,0.0003,1,a2c_entropy_low_seed1,-3.1681556701660156,192.55868530273438,1.05014169216156,-2.4535155296325684,80.79131317138672
932,-178.73289489746094,-107.3821763420105,345,86.67562103271484,0.0003,1,a2c_entropy_low_seed1,2.850189208984375,167.6519012451172,1.0451562404632568,2.9849419593811035,62.729034423828125
932,-178.73289489746094,-107.3821763420105,345,66.35527038574219,0.0003,1,a2c_entropy_low_seed1,6.457198619842529,119.79719543457031,1.0566840171813965,6.1039276123046875,117.29222869873047
932,-178.73289489746094,-107.3821763420105,345,39.653541564941406,0.0003,1,a2c_entropy_low_seed1,-1.2920503616333008,81.8922348022461,1.0510320663452148,-0.4381338357925415,19.584426879882812
932,-178.73289489746094,-107.3821763420105,345,68.00259399414062,0.0003,1,a2c_entropy_low_seed1,5.204253196716309,125.59772491455078,1.0331698656082153,6.181839942932129,123.53590393066406
934,-28.894020080566406,-103.0735954093933,246,77.42072296142578,0.0003,1,a2c_entropy_low_seed1,-5.997002124786377,166.83651733398438,1.06797194480896,-5.0852484703063965,118.51698303222656
935,-103.36518859863281,-103.99224256515502,419,131.2479248046875,0.0003,1,a2c_entropy_low_seed1,-0.6840742230415344,263.8650207519531,1.0334440469741821,0.16257637739181519,51.69126510620117
936,-16.72264862060547,-101.40798948287964,215,96.91545104980469,0.0003,1,a2c_entropy_low_seed1,-1.3793234825134277,196.59060668945312,1.0549733638763428,-0.18638160824775696,24.155399322509766
937,-133.53504943847656,-100.58054105758667,409,81.49746704101562,0.0003,1,a2c_entropy_low_seed1,2.4461240768432617,158.10374450683594,1.0480798482894897,2.7515339851379395,70.0473861694336
937,-133.53504943847656,-100.58054105758667,409,58.03563690185547,0.0003,1,a2c_entropy_low_seed1,5.426480293273926,105.21935272216797,1.0363777875900269,5.5893049240112305,112.10173797607422
937,-133.53504943847656,-100.58054105758667,409,47.97382736206055,0.0003,1,a2c_entropy_low_seed1,1.510129451751709,92.928466796875,1.0667697191238403,1.427657961845398,30.599586486816406
938,-26.71373748779297,-99.96897108078002,203,108.78607177734375,0.0003,1,a2c_entropy_low_seed1,-3.901460886001587,225.37611389160156,1.0479084253311157,-2.1977121829986572,47.955474853515625
940,-24.076507568359375,-98.56966291427612,243,199.45281982421875,0.0003,1,a2c_entropy_low_seed1,-2.253739356994629,403.4141845703125,1.0660310983657837,-2.525867462158203,92.91214752197266
940,-24.076507568359375,-98.56966291427612,243,17.973814010620117,0.0003,1,a2c_entropy_low_seed1,0.036065224558115005,35.8765869140625,1.0925555229187012,0.13647927343845367,14.014947891235352
941,-30.503456115722656,-99.63103315353393,220,78.10812377929688,0.0003,1,a2c_entropy_low_seed1,1.584664225578308,153.04798889160156,1.0741254091262817,2.16695499420166,40.82558059692383
941,-30.503456115722656,-99.63103315353393,220,53.48380661010742,0.0003,1,a2c_entropy_low_seed1,2.652177572250366,101.66432189941406,1.0585960149765015,3.255282163619995,67.51451873779297
941,-30.503456115722656,-99.63103315353393,220,98.97367858886719,0.0003,1,a2c_entropy_low_seed1,2.803192138671875,192.34202575683594,1.0490832328796387,3.4614500999450684,105.41822052001953
943,-29.851402282714844,-96.08030973434448,158,150.0471649169922,0.0003,1,a2c_entropy_low_seed1,-2.0690903663635254,304.23358154296875,1.0670206546783447,-1.2457445859909058,65.13390350341797
943,-29.851402282714844,-96.08030973434448,158,40.17491912841797,0.0003,1,a2c_entropy_low_seed1,2.123525381088257,76.10385131835938,1.0622223615646362,2.1209049224853516,37.72578811645508
945,-28.900787353515625,-91.63018636703491,1001,69.37954711914062,0.0003,1,a2c_entropy_low_seed1,1.5630989074707031,135.63400268554688,1.097670078277588,1.9823660850524902,38.19652557373047
945,-28.900787353515625,-91.63018636703491,1001,62.237518310546875,0.0003,1,a2c_entropy_low_seed1,3.4149067401885986,117.64632415771484,1.0953654050827026,3.769679546356201,65.32432556152344
945,-28.900787353515625,-91.63018636703491,1001,45.62281799316406,0.0003,1,a2c_entropy_low_seed1,3.0165255069732666,85.21371459960938,1.125960111618042,3.235530376434326,65.57975006103516
945,-28.900787353515625,-91.63018636703491,1001,22.657730102539062,0.0003,1,a2c_entropy_low_seed1,-0.48866844177246094,46.293914794921875,1.1191868782043457,-0.025373876094818115,9.772017478942871
945,-28.900787353515625,-91.63018636703491,1001,45.33271408081055,0.0003,1,a2c_entropy_low_seed1,-0.4185188412666321,91.50357055664062,1.109951138496399,-0.31029635667800903,25.541030883789062
946,-52.91663360595703,-87.3248349571228,341,62.22037124633789,0.0003,1,a2c_entropy_low_seed1,-3.1760828495025635,130.7939910888672,1.0826612710952759,-2.5483410358428955,56.89793395996094
946,-52.91663360595703,-87.3248349571228,341,77.72662353515625,0.0003,1,a2c_entropy_low_seed1,-1.7946630716323853,159.04364013671875,1.0715405941009521,-1.090856671333313,58.270442962646484
947,-232.69708251953125,-93.42379400253296,297,155.844970703125,0.0003,1,a2c_entropy_low_seed1,0.4212956428527832,310.848388671875,1.0488672256469727,-1.5466283559799194,122.7376480102539
947,-232.69708251953125,-93.42379400253296,297,42.3249397277832,0.0003,1,a2c_entropy_low_seed1,3.4889309406280518,77.67312622070312,1.1038451194763184,3.782404661178589,62.78915786743164
947,-232.69708251953125,-93.42379400253296,297,34.73963165283203,0.0003,1,a2c_entropy_low_seed1,1.114443063735962,67.25148010253906,1.107201099395752,1.070147156715393,27.655187606811523
948,-23.681859970092773,-91.1812529182434,1001,57.37753677368164,0.0003,1,a2c_entropy_low_seed1,5.313736915588379,104.1286849975586,1.0831947326660156,5.364408016204834,87.92013549804688
948,-23.681859970092773,-91.1812529182434,1001,23.33708381652832,0.0003,1,a2c_entropy_low_seed1,-2.9095005989074707,52.4942626953125,1.093942403793335,-2.3048593997955322,38.729488372802734
948,-23.681859970092773,-91.1812529182434,1001,61.99501037597656,0.0003,1,a2c_entropy_low_seed1,3.2930455207824707,117.40501403808594,1.0819422006607056,3.7607204914093018,79.66519927978516
948,-23.681859970092773,-91.1812529182434,1001,75.0606918334961,0.0003,1,a2c_entropy_low_seed1,1.810713768005371,146.5010223388672,1.070896863937378,2.3855059146881104,56.36656188964844
948,-23.681859970092773,-91.1812529182434,1001,42.04646682739258,0.0003,1,a2c_entropy_low_seed1,2.476925849914551,79.14018249511719,1.1009209156036377,1.704150915145874,44.73971176147461
949,-86.72672271728516,-91.68070650100708,479,71.30594635009766,0.0003,1,a2c_entropy_low_seed1,1.6312837600708008,139.35043334960938,1.1168123483657837,1.7833399772644043,28.913129806518555
949,-86.72672271728516,-91.68070650100708,479,31.552120208740234,0.0003,1,a2c_entropy_low_seed1,-1.334473729133606,65.77428436279297,1.0935099124908447,-0.7816641330718994,11.882057189941406
949,-86.72672271728516,-91.68070650100708,479,91.38151550292969,0.0003,1,a2c_entropy_low_seed1,3.785621166229248,175.1929168701172,1.1277198791503906,5.191792964935303,108.19081115722656
949,-86.72672271728516,-91.68070650100708,479,47.04203414916992,0.0003,1,a2c_entropy_low_seed1,-0.29614385962486267,94.67749786376953,1.14396071434021,-0.41127151250839233,24.511127471923828
949,-86.72672271728516,-91.68070650100708,479,50.647586822509766,0.0003,1,a2c_entropy_low_seed1,2.2226006984710693,96.85111999511719,1.146106481552124,2.0270135402679443,53.19557189941406
950,-34.558223724365234,-91.76091485977173,1001,32.89889144897461,0.0003,1,a2c_entropy_low_seed1,0.22516858577728271,65.34858703613281,1.1422957181930542,0.24663805961608887,12.233835220336914
950,-34.558223724365234,-91.76091485977173,1001,66.6529541015625,0.0003,1,a2c_entropy_low_seed1,2.2301809787750244,128.84669494628906,1.1417243480682373,2.6952626705169678,54.75323486328125
950,-34.558223724365234,-91.76091485977173,1001,73.01750183105469,0.0003,1,a2c_entropy_low_seed1,1.9977284669876099,142.04067993164062,1.1363943815231323,2.619302272796631,52.90169143676758
951,25.011695861816406,-86.15696329116821,1001,34.57303237915039,0.0003,1,a2c_entropy_low_seed1,2.783113718032837,63.580970764160156,1.137237310409546,2.6028361320495605,49.93010330200195
951,25.011695861816406,-86.15696329116821,1001,21.56877899169922,0.0003,1,a2c_entropy_low_seed1,1.6576519012451172,39.8233757019043,1.122925043106079,1.4836548566818237,35.62770080566406
952,-64.38896179199219,-82.86986032485962,320,44.10231018066406,0.0003,1,a2c_entropy_low_seed1,-0.060654208064079285,88.32710266113281,1.1777645349502563,-0.2138732373714447,18.81901741027832
952,-64.38896179199219,-82.86986032485962,320,21.145483016967773,0.0003,1,a2c_entropy_low_seed1,1.675167202949524,38.94181442260742,1.1817625761032104,1.8542085886001587,35.93239974975586
952,-64.38896179199219,-82.86986032485962,320,54.966827392578125,0.0003,1,a2c_entropy_low_seed1,0.28944772481918335,109.35591125488281,1.1554661989212036,0.7901478409767151,25.046916961669922
952,-64.38896179199219,-82.86986032485962,320,19.78802490234375,0.0003,1,a2c_entropy_low_seed1,0.9804270267486572,37.616363525390625,1.1687891483306885,0.4938434958457947,20.72113037109375
952,-64.38896179199219,-82.86986032485962,320,34.56124496459961,0.0003,1,a2c_entropy_low_seed1,5.099854469299316,58.923980712890625,1.1958101987838745,4.769207954406738,85.40522766113281
953,76.49927520751953,-78.40200952529908,1001,27.62002182006836,0.0003,1,a2c_entropy_low_seed1,-1.0285125970840454,57.29820251464844,1.131423830986023,-0.44090092182159424,14.276799201965332
954,-5.588695049285889,-76.52414032936096,1001,43.92462921142578,0.0003,1,a2c_entropy_low_seed1,4.047371864318848,79.75559997558594,1.0833234786987305,4.263832092285156,62.64482116699219
955,-30.432228088378906,-75.58935318946838,280,117.26568603515625,0.0003,1,a2c_entropy_low_seed1,-0.944015622138977,236.42047119140625,1.0711537599563599,1.4621398448944092,50.82807922363281
955,-30.432228088378906,-75.58935318946838,280,33.72083282470703,0.0003,1,a2c_entropy_low_seed1,1.0376638174057007,65.3674545288086,1.1135762929916382,1.4630895853042603,31.701740264892578
957,65.96366882324219,-72.79244652748108,154,107.65878295898438,0.0003,1,a2c_entropy_low_seed1,-1.2346574068069458,217.7880401611328,1.1542466878890991,-0.6340869665145874,55.94443130493164
957,65.96366882324219,-72.79244652748108,154,38.269893646240234,0.0003,1,a2c_entropy_low_seed1,-1.8442585468292236,80.22943115234375,1.1329089403152466,-0.771723747253418,23.068130493164062
958,53.75445556640625,-65.69686791419983,161,84.06835174560547,0.0003,1,a2c_entropy_low_seed1,-0.016081351786851883,168.16998291015625,1.1093980073928833,1.6809816360473633,36.30636215209961
959,23.06870460510254,-65.10963704109191,1001,45.97053527832031,0.0003,1,a2c_entropy_low_seed1,0.589876651763916,90.76244354248047,1.1314237117767334,1.3241188526153564,20.991989135742188
960,-45.356719970703125,-61.3710045337677,1001,54.585514068603516,0.0003,1,a2c_entropy_low_seed1,-0.4096255898475647,109.99136352539062,1.0815999507904053,-0.6218483448028564,22.55428695678711
962,10.428031921386719,-60.955695695877075,156,93.70787048339844,0.0003,1,a2c_entropy_low_seed1,-2.425405263900757,192.267578125,1.0149950981140137,-1.0155771970748901,41.481910705566406
962,10.428031921386719,-60.955695695877075,156,28.786664962768555,0.0003,1,a2c_entropy_low_seed1,1.8898789882659912,53.794612884521484,1.0403372049331665,2.322443723678589,40.66817092895508
963,6.601114749908447,-56.22710662841797,1001,44.42295837402344,0.0003,1,a2c_entropy_low_seed1,2.6299691200256348,83.58698272705078,1.0049867630004883,3.272913932800293,63.58234405517578
963,6.601114749908447,-56.22710662841797,1001,93.54277801513672,0.0003,1,a2c_entropy_low_seed1,6.705415725708008,173.67572021484375,0.9954209923744202,7.257261753082275,126.6895751953125
966,12.553482055664062,-49.30600425720215,147,100.3637466430664,0.0003,1,a2c_entropy_low_seed1,-8.153705596923828,217.03594970703125,1.059384822845459,-6.899995803833008,138.81507873535156
966,12.553482055664062,-49.30600425720215,147,38.76899719238281,0.0003,1,a2c_entropy_low_seed1,1.4991440773010254,74.54071044921875,1.009730339050293,2.423619270324707,36.08058547973633
967,-84.29742431640625,-49.819045562744144,364,183.55844116210938,0.0003,1,a2c_entropy_low_seed1,-3.264760732650757,373.64739990234375,1.0219531059265137,-1.3677366971969604,77.0992431640625
967,-84.29742431640625,-49.819045562744144,364,84.40264129638672,0.0003,1,a2c_entropy_low_seed1,5.707420825958252,157.3914794921875,1.0360027551651,6.425189971923828,109.22389221191406
967,-84.29742431640625,-49.819045562744144,364,65.7540512084961,0.0003,1,a2c_entropy_low_seed1,4.995289325714111,121.51856994628906,1.0589851140975952,5.709696292877197,81.80403137207031
967,-84.29742431640625,-49.819045562744144,364,44.97612380981445,0.0003,1,a2c_entropy_low_seed1,-1.96417236328125,93.88168334960938,1.0874959230422974,-1.4161295890808105,44.276893615722656
968,-9.355186462402344,-43.948655395507814,207,86.6226577758789,0.0003,1,a2c_entropy_low_seed1,-1.5796453952789307,176.4056854248047,1.0900325775146484,-0.40342575311660767,27.971406936645508
968,-9.355186462402344,-43.948655395507814,207,23.649621963500977,0.0003,1,a2c_entropy_low_seed1,0.5439846515655518,46.212337493896484,1.064119577407837,0.8260458707809448,16.116558074951172
969,-1.730255126953125,-44.768604125976566,256,91.32791137695312,0.0003,1,a2c_entropy_low_seed1,2.8309669494628906,176.99496459960938,1.0688005685806274,3.2393081188201904,38.92789077758789
971,5.8914794921875,-46.65876426696777,222,132.82278442382812,0.0003,1,a2c_entropy_low_seed1,-5.132454872131348,275.91162109375,1.1211190223693848,-4.171936511993408,80.13809967041016
971,5.8914794921875,-46.65876426696777,222,18.962902069091797,0.0003,1,a2c_entropy_low_seed1,0.6498057842254639,36.62731170654297,1.1192272901535034,1.0400456190109253,12.960957527160645
971,5.8914794921875,-46.65876426696777,222,21.829504013061523,0.0003,1,a2c_entropy_low_seed1,0.7141736149787903,42.23176193237305,1.1011672019958496,0.565350353717804,16.619691848754883
971,5.8914794921875,-46.65876426696777,222,16.534948348999023,0.0003,1,a2c_entropy_low_seed1,0.7808080315589905,31.509382247924805,1.1029788255691528,1.4601699113845825,16.955039978027344
971,5.8914794921875,-46.65876426696777,222,31.57617950439453,0.0003,1,a2c_entropy_low_seed1,-1.623026728630066,66.39950561523438,1.094594955444336,-1.3715200424194336,18.788286209106445
971,5.8914794921875,-46.65876426696777,222,21.106721878051758,0.0003,1,a2c_entropy_low_seed1,0.22060754895210266,41.77333068847656,1.1030709743499756,0.7841135263442993,15.396028518676758
971,5.8914794921875,-46.65876426696777,222,34.6682014465332,0.0003,1,a2c_entropy_low_seed1,-1.50096595287323,72.3394546508789,1.1178637742996216,-1.1403547525405884,22.549518585205078
972,-22.66429901123047,-40.878364944458006,251,28.506763458251953,0.0003,1,a2c_entropy_low_seed1,-1.9605848789215088,60.93579864501953,1.1013818979263306,-1.518931269645691,36.21236801147461
974,-48.722251892089844,-37.021413803100586,352,117.69681549072266,0.0003,1,a2c_entropy_low_seed1,-1.8243277072906494,239.04335021972656,1.070652961730957,-1.630491852760315,36.434425354003906
974,-48.722251892089844,-37.021413803100586,352,26.640249252319336,0.0003,1,a2c_entropy_low_seed1,-1.88288152217865,57.04733657836914,1.0757298469543457,-1.1670339107513428,28.640869140625
974,-48.722251892089844,-37.021413803100586,352,44.35927200317383,0.0003,1,a2c_entropy_low_seed1,2.387958526611328,83.94368743896484,1.0613048076629639,3.2052388191223145,48.81325149536133
974,-48.722251892089844,-37.021413803100586,352,21.916915893554688,0.0003,1,a2c_entropy_low_seed1,-1.5238779783248901,46.88268280029297,1.096429705619812,-1.2463148832321167,23.01194190979004
974,-48.722251892089844,-37.021413803100586,352,42.41043472290039,0.0003,1,a2c_entropy_low_seed1,0.535006046295166,83.7519302368164,1.0783448219299316,0.2697741985321045,22.741554260253906
974,-48.722251892089844,-37.021413803100586,352,47.64220428466797,0.0003,1,a2c_entropy_low_seed1,2.0326595306396484,91.22017669677734,1.0796812772750854,3.0170960426330566,39.35803985595703
974,-48.722251892089844,-37.021413803100586,352,57.15114974975586,0.0003,1,a2c_entropy_low_seed1,-5.616107940673828,125.53559875488281,1.084888219833374,-5.790509223937988,118.15547943115234
975,-338.77593994140625,-45.16095024108887,488,380.850830078125,0.0003,1,a2c_entropy_low_seed1,1.1487860679626465,759.4051513671875,1.0301542282104492,-3.75184965133667,276.9898376464844
975,-338.77593994140625,-45.16095024108887,488,27.08613395690918,0.0003,1,a2c_entropy_low_seed1,1.634031891822815,50.90534591674805,1.1424024105072021,1.6832265853881836,29.893817901611328
975,-338.77593994140625,-45.16095024108887,488,18.9303035736084,0.0003,1,a2c_entropy_low_seed1,1.825570821762085,34.21059799194336,1.1319695711135864,1.6675305366516113,23.2939453125
976,73.4251937866211,-43.95466627120972,1001,52.227874755859375,0.0003,1,a2c_entropy_low_seed1,1.7695069313049316,100.91783142089844,1.09915030002594,1.4868268966674805,30.951276779174805
976,73.4251937866211,-43.95466627120972,1001,16.187637329101562,0.0003,1,a2c_entropy_low_seed1,-1.463837742805481,35.30397033691406,1.0203436613082886,-0.9759407043457031,20.35024070739746
978,-11.025489807128906,-42.95813192367554,387,71.88616943359375,0.0003,1,a2c_entropy_low_seed1,-3.877164363861084,151.5277099609375,1.0354981422424316,-2.7075352668762207,69.62236785888672
978,-11.025489807128906,-42.95813192367554,387,44.7433967590332,0.0003,1,a2c_entropy_low_seed1,2.329519748687744,84.82878112792969,1.0303699970245361,2.737802505493164,57.47317886352539
979,73.79549407958984,-41.89588228225708,1001,24.021709442138672,0.0003,1,a2c_entropy_low_seed1,1.9265992641448975,44.19126892089844,1.0486451387405396,2.5342342853546143,42.15188217163086
979,73.79549407958984,-41.89588228225708,1001,53.15333557128906,0.0003,1,a2c_entropy_low_seed1,0.9177603721618652,104.47220611572266,1.0532011985778809,1.481792688369751,19.392797470092773
979,73.79549407958984,-41.89588228225708,1001,24.021991729736328,0.0003,1,a2c_entropy_low_seed1,-1.4503659009933472,50.945770263671875,1.0566887855529785,-1.0852773189544678,32.28342819213867
979,73.79549407958984,-41.89588228225708,1001,51.80677795410156,0.0003,1,a2c_entropy_low_seed1,-2.2110345363616943,108.03669738769531,1.0761566162109375,-0.985365629196167,22.430356979370117
980,-76.74443817138672,-40.17990678787231,338,85.26068878173828,0.0003,1,a2c_entropy_low_seed1,-2.3030505180358887,175.1285400390625,1.0656741857528687,-1.4097926616668701,33.29566955566406
980,-76.74443817138672,-40.17990678787231,338,34.87263107299805,0.0003,1,a2c_entropy_low_seed1,3.07806658744812,63.59016799926758,1.0372698307037354,3.55950665473938,45.153648376464844
980,-76.74443817138672,-40.17990678787231,338,28.834104537963867,0.0003,1,a2c_entropy_low_seed1,-4.926928520202637,67.52311706542969,1.0499398708343506,-4.729599952697754,73.34074401855469
980,-76.74443817138672,-40.17990678787231,338,50.475799560546875,0.0003,1,a2c_entropy_low_seed1,3.6812543869018555,93.590087890625,0.9959678649902344,3.4064736366271973,51.8769645690918
981,-0.5845413208007812,-39.629869861602785,310,140.16807556152344,0.0003,1,a2c_entropy_low_seed1,-0.566986083984375,281.47113037109375,1.022099494934082,0.1805812269449234,38.219886779785156
983,-118.40925598144531,-38.077682209014895,1001,60.380821228027344,0.0003,1,a2c_entropy_low_seed1,-2.0114922523498535,124.78568267822266,1.0529468059539795,-1.1263421773910522,36.69843673706055
983,-118.40925598144531,-38.077682209014895,1001,29.22249984741211,0.0003,1,a2c_entropy_low_seed1,3.249562978744507,51.946861267089844,0.9863798022270203,3.1219308376312256,50.98798370361328
983,-118.40925598144531,-38.077682209014895,1001,28.140920639038086,0.0003,1,a2c_entropy_low_seed1,-1.935845136642456,60.15454864501953,1.0184816122055054,-1.786115288734436,34.264183044433594
983,-118.40925598144531,-38.077682209014895,1001,55.828006744384766,0.0003,1,a2c_entropy_low_seed1,1.425539255142212,108.80596160888672,1.0325478315353394,3.04201078414917,39.86588668823242
983,-118.40925598144531,-38.077682209014895,1001,64.61587524414062,0.0003,1,a2c_entropy_low_seed1,-4.863495826721191,138.95977783203125,1.0305373668670654,-3.9203929901123047,66.91317749023438
985,-306.0990295410156,-45.79490526199341,943,302.9556884765625,0.0003,1,a2c_entropy_low_seed1,-3.1446359157562256,612.2015991210938,0.9971328377723694,-2.8901524543762207,113.10850524902344
986,-5.947410583496094,-45.57940050125122,183,96.76155853271484,0.0003,1,a2c_entropy_low_seed1,-1.4501310586929321,196.42440795898438,1.0263718366622925,-1.7058501243591309,42.285030364990234
987,-52.72746658325195,-43.963248844146726,209,47.59526443481445,0.0003,1,a2c_entropy_low_seed1,4.206564903259277,86.7784194946289,1.0218348503112793,4.316464900970459,56.93345260620117
988,35.00900650024414,-42.728793964385986,1001,61.82433319091797,0.0003,1,a2c_entropy_low_seed1,3.8173508644104004,116.01502990722656,1.0694384574890137,4.01809024810791,65.1123046875
988,35.00900650024414,-42.728793964385986,1001,98.62238311767578,0.0003,1,a2c_entropy_low_seed1,5.165860652923584,186.9140625,1.0285656452178955,5.933744430541992,92.71394348144531
988,35.00900650024414,-42.728793964385986,1001,30.921289443969727,0.0003,1,a2c_entropy_low_seed1,-2.0290608406066895,65.90174865722656,1.0493810176849365,-1.756853699684143,36.84600067138672
988,35.00900650024414,-42.728793964385986,1001,181.70806884765625,0.0003,1,a2c_entropy_low_seed1,9.067987442016602,345.28118896484375,1.0380356311798096,10.084498405456543,177.06039428710938
990,71.9737548828125,-39.26694551467895,168,83.764892578125,0.0003,1,a2c_entropy_low_seed1,-5.3599371910095215,178.25071716308594,1.045829176902771,-5.0866289138793945,96.38900756835938
991,10.526016235351562,-38.44635606765747,224,108.70796203613281,0.0003,1,a2c_entropy_low_seed1,1.5190520286560059,214.3788299560547,1.0092228651046753,2.2328109741210938,46.83991241455078
991,10.526016235351562,-38.44635606765747,224,62.146636962890625,0.0003,1,a2c_entropy_low_seed1,1.4534022808074951,121.38748168945312,1.0160688161849976,2.5500996112823486,45.141807556152344
992,6.241676330566406,-37.8713458442688,312,65.00658416748047,0.0003,1,a2c_entropy_low_seed1,1.5972545146942139,126.81967163085938,1.0014410018920898,2.0483360290527344,22.715286254882812
992,6.241676330566406,-37.8713458442688,312,65.99082946777344,0.0003,1,a2c_entropy_low_seed1,2.6907007694244385,126.60125732421875,1.0081396102905273,4.753931999206543,63.022621154785156
993,-70.94680786132812,-38.693253955841065,839,47.7153205871582,0.0003,1,a2c_entropy_low_seed1,-2.0349674224853516,99.5015869140625,1.014286994934082,-0.8785915374755859,32.91029357910156
993,-70.94680786132812,-38.693253955841065,839,29.055511474609375,0.0003,1,a2c_entropy_low_seed1,-0.41785097122192383,58.9477424621582,1.0201172828674316,-0.05275529623031616,34.27931213378906
994,33.836891174316406,-37.23023355484009,1001,49.47535705566406,0.0003,1,a2c_entropy_low_seed1,2.9922549724578857,92.96717071533203,0.9712079167366028,4.451402187347412,84.27652740478516
995,1.1320877075195312,-36.62957605361939,225,96.27092742919922,0.0003,1,a2c_entropy_low_seed1,0.4524831771850586,191.63784790039062,0.9567545056343079,1.1160318851470947,30.07579803466797
995,1.1320877075195312,-36.62957605361939,225,42.317115783691406,0.0003,1,a2c_entropy_low_seed1,0.10700210928916931,84.42121124267578,0.9854984879493713,0.3963122069835663,15.95670223236084
995,1.1320877075195312,-36.62957605361939,225,88.31800842285156,0.0003,1,a2c_entropy_low_seed1,4.395929336547852,167.84515380859375,0.9923094511032104,5.173582077026367,78.50464630126953
995,1.1320877075195312,-36.62957605361939,225,69.81417083740234,0.0003,1,a2c_entropy_low_seed1,1.1172966957092285,137.394775390625,1.028317928314209,1.0737674236297607,42.515010833740234
996,-14.163734436035156,-35.85451807022095,377,49.570098876953125,0.0003,1,a2c_entropy_low_seed1,1.1747009754180908,96.79179382324219,0.9966168403625488,2.0273776054382324,32.638572692871094
996,-14.163734436035156,-35.85451807022095,377,73.081787109375,0.0003,1,a2c_entropy_low_seed1,3.5047879219055176,139.15501403808594,1.0149401426315308,4.6084513664245605,63.56144714355469
996,-14.163734436035156,-35.85451807022095,377,23.058706283569336,0.0003,1,a2c_entropy_low_seed1,0.46482014656066895,45.188758850097656,0.9874202013015747,0.3402966856956482,14.33703327178955
998,-46.78621292114258,-31.54655752182007,407,138.05014038085938,0.0003,1,a2c_entropy_low_seed1,0.5055596828460693,275.0902404785156,1.0561177730560303,1.6513750553131104,44.09840393066406
998,-46.78621292114258,-31.54655752182007,407,24.602825164794922,0.0003,1,a2c_entropy_low_seed1,2.285280227661133,44.63616180419922,1.0733915567398071,2.632429838180542,35.35139846801758
998,-46.78621292114258,-31.54655752182007,407,47.63230514526367,0.0003,1,a2c_entropy_low_seed1,-2.608578681945801,100.48282623291016,1.0609673261642456,-2.2599639892578125,30.207056045532227
999,-29.824817657470703,-30.40851942062378,1001,34.296905517578125,0.0003,1,a2c_entropy_low_seed1,3.5271077156066895,61.54065704345703,1.0635128021240234,3.7400729656219482,46.42242431640625
999,-29.824817657470703,-30.40851942062378,1001,24.233407974243164,0.0003,1,a2c_entropy_low_seed1,-3.0575852394104004,54.583065032958984,1.0799516439437866,-2.965791940689087,38.60544204711914
1000,-60.23517608642578,-30.92205846786499,433,101.49653625488281,0.0003,1,a2c_entropy_low_seed1,-3.6065831184387207,210.20730590820312,1.0605063438415527,-2.711339235305786,46.22671890258789
1000,-60.23517608642578,-30.92205846786499,433,21.15144157409668,0.0003,1,a2c_entropy_low_seed1,-1.523735761642456,45.35136795043945,1.013596773147583,-0.7039114236831665,16.633947372436523
1000,-60.23517608642578,-30.92205846786499,433,33.41313934326172,0.0003,1,a2c_entropy_low_seed1,0.45920443534851074,65.90888214111328,1.0168453454971313,0.7747356295585632,17.29967498779297
1000,-60.23517608642578,-30.92205846786499,433,23.731107711791992,0.0003,1,a2c_entropy_low_seed1,1.2577875852584839,44.94769287109375,1.054668664932251,0.8721429109573364,17.330005645751953
1000,-60.23517608642578,-30.92205846786499,433,56.75835037231445,0.0003,1,a2c_entropy_low_seed1,3.644413471221924,106.22892761230469,1.0547460317611694,3.8218741416931152,64.53734588623047
1000,-60.23517608642578,-30.92205846786499,433,26.000595092773438,0.0003,1,a2c_entropy_low_seed1,-2.1167237758636475,56.235713958740234,1.077355146408081,-2.3491992950439453,34.5294303894043
1000,-60.23517608642578,-30.92205846786499,433,33.62266159057617,0.0003,1,a2c_entropy_low_seed1,1.8722198009490967,63.50193405151367,1.0540869235992432,2.0837137699127197,35.02955627441406
1001,11.774667739868164,-31.186799030303956,1001,42.2628059387207,0.0003,1,a2c_entropy_low_seed1,1.9904448986053467,80.54579162597656,1.0711959600448608,0.9114183187484741,32.16859436035156
1002,32.84385681152344,-29.242142658233643,239,40.44287109375,0.0003,1,a2c_entropy_low_seed1,-2.7571935653686523,86.40118408203125,1.0498639345169067,-2.0158286094665527,51.05760192871094
1002,32.84385681152344,-29.242142658233643,239,79.06864929199219,0.0003,1,a2c_entropy_low_seed1,2.4563260078430176,153.2257080078125,1.0746159553527832,3.0981106758117676,61.873382568359375
1003,-88.93582153320312,-32.5508445930481,462,82.8519515991211,0.0003,1,a2c_entropy_low_seed1,0.09091341495513916,165.523193359375,1.1065768003463745,-0.04389148950576782,20.198280334472656
1004,70.78709411621094,-31.02332880973816,1001,26.55792808532715,0.0003,1,a2c_entropy_low_seed1,-2.3705661296844482,57.85808181762695,1.0953013896942139,-2.1837093830108643,37.62877655029297
1004,70.78709411621094,-31.02332880973816,1001,29.443859100341797,0.0003,1,a2c_entropy_low_seed1,3.3542654514312744,52.180259704589844,1.0727431774139404,3.3752174377441406,45.81827163696289
1004,70.78709411621094,-31.02332880973816,1001,18.945825576782227,0.0003,1,a2c_entropy_low_seed1,-1.5604047775268555,41.01356887817383,1.1106961965560913,-1.3510774374008179,21.270009994506836
1004,70.78709411621094,-31.02332880973816,1001,22.354984283447266,0.0003,1,a2c_entropy_low_seed1,0.11055916547775269,44.48996353149414,1.1153604984283447,-0.1300223171710968,15.573814392089844
1004,70.78709411621094,-31.02332880973816,1001,19.562068939208984,0.0003,1,a2c_entropy_low_seed1,-3.766568183898926,46.65839767456055,1.1226619482040405,-3.477593421936035,56.705562591552734
1004,70.78709411621094,-31.02332880973816,1001,54.84096908569336,0.0003,1,a2c_entropy_low_seed1,5.615883827209473,98.45126342773438,1.091578722000122,5.510782718658447,81.61665344238281
1004,70.78709411621094,-31.02332880973816,1001,10.373871803283691,0.0003,1,a2c_entropy_low_seed1,-1.4549894332885742,23.658817291259766,1.0948729515075684,-1.1036078929901123,18.482234954833984
1004,70.78709411621094,-31.02332880973816,1001,44.64312744140625,0.0003,1,a2c_entropy_low_seed1,2.718902111053467,83.84951782226562,1.071291208267212,3.6113083362579346,51.18063735961914
1006,89.64104461669922,-27.48720278739929,1001,68.18456268310547,0.0003,1,a2c_entropy_low_seed1,-1.224487543106079,138.8192138671875,1.116810917854309,-0.8265527486801147,24.43598747253418
1006,89.64104461669922,-27.48720278739929,1001,24.350173950195312,0.0003,1,a2c_entropy_low_seed1,2.1757266521453857,44.349979400634766,1.0832487344741821,2.2762792110443115,32.933692932128906
1006,89.64104461669922,-27.48720278739929,1001,28.987022399902344,0.0003,1,a2c_entropy_low_seed1,0.6290745735168457,56.716976165771484,1.0781382322311401,1.3736305236816406,18.263826370239258
1006,89.64104461669922,-27.48720278739929,1001,24.986249923706055,0.0003,1,a2c_entropy_low_seed1,1.4275224208831787,47.1185188293457,1.0625849962234497,1.9664382934570312,24.296659469604492
1007,2.3310465812683105,-28.75985523223877,1001,64.47979736328125,0.0003,1,a2c_entropy_low_seed1,4.188633918762207,120.58336639404297,1.0345335006713867,4.188450813293457,65.91069030761719
1007,2.3310465812683105,-28.75985523223877,1001,43.48883819580078,0.0003,1,a2c_entropy_low_seed1,2.300558567047119,82.37759399414062,1.0379676818847656,2.562150001525879,45.34564971923828
1008,-168.3607635498047,-33.20215961456299,872,77.44979095458984,0.0003,1,a2c_entropy_low_seed1,1.1437456607818604,152.6131591796875,1.0677403211593628,1.6058920621871948,26.11632537841797
1008,-168.3607635498047,-33.20215961456299,872,57.49132537841797,0.0003,1,a2c_entropy_low_seed1,4.68582820892334,105.61205291748047,1.0640289783477783,4.6576642990112305,74.55013275146484
1009,-39.96388244628906,-34.46281135559082,1001,34.838565826416016,0.0003,1,a2c_entropy_low_seed1,0.6001189947128296,68.4779281616211,1.035241961479187,1.5266916751861572,34.44065856933594
1009,-39.96388244628906,-34.46281135559082,1001,21.552080154418945,0.0003,1,a2c_entropy_low_seed1,1.4011807441711426,40.302852630615234,1.0516741275787354,2.1257150173187256,23.7343807220459
1010,-16.42430877685547,-33.88416313171387,308,36.28593826293945,0.0003,1,a2c_entropy_low_seed1,-0.5561474561691284,73.68524169921875,1.0653371810913086,-0.7557823061943054,35.25979232788086
1011,-94.50604248046875,-33.367297897338865,640,98.15664672851562,0.0003,1,a2c_entropy_low_seed1,1.3826367855072021,193.54905700683594,1.0437474250793457,2.205610990524292,25.67445182800293
1012,-43.79313659667969,-34.451721267700194,260,204.66346740722656,0.0003,1,a2c_entropy_low_seed1,3.163548469543457,403.0008544921875,1.0079028606414795,4.562394618988037,59.00770950317383
1013,-44.04098129272461,-35.46456318855286,422,124.28990936279297,0.0003,1,a2c_entropy_low_seed1,-0.575835108757019,249.73251342773438,1.0296536684036255,0.37207651138305664,31.369129180908203
1014,33.10289001464844,-35.387223711013796,237,97.62361145019531,0.0003,1,a2c_entropy_low_seed1,3.9773335456848145,187.29359436035156,1.031486988067627,4.088761806488037,44.80693817138672
1014,33.10289001464844,-35.387223711013796,237,50.38438034057617,0.0003,1,a2c_entropy_low_seed1,2.3402600288391113,96.08929443359375,1.049928903579712,3.2616496086120605,53.76386260986328
1015,38.806976318359375,-35.58912159919739,188,59.2579460144043,0.0003,1,a2c_entropy_low_seed1,0.6860729455947876,117.14479064941406,1.0477757453918457,0.8867303729057312,19.206422805786133
1015,38.806976318359375,-35.58912159919739,188,23.119285583496094,0.0003,1,a2c_entropy_low_seed1,1.9165329933166504,42.40656280517578,1.0568174123764038,2.3772993087768555,26.543638229370117
1015,38.806976318359375,-35.58912159919739,188,33.122344970703125,0.0003,1,a2c_entropy_low_seed1,0.46908503770828247,65.30758666992188,1.066251516342163,1.462056279182434,20.04660415649414
1016,-31.10055923461914,-36.46220242500305,1001,43.0042724609375,0.0003,1,a2c_entropy_low_seed1,4.986507415771484,76.03660583496094,1.0735092163085938,4.859194755554199,59.3925666809082
1016,-31.10055923461914,-36.46220242500305,1001,57.27071762084961,0.0003,1,a2c_entropy_low_seed1,3.1038317680358887,108.3348388671875,1.0663813352584839,2.543191432952881,63.918331146240234
1017,-18.771934509277344,-35.151692628860474,171,120.70368194580078,0.0003,1,a2c_entropy_low_seed1,-2.098567485809326,245.60556030273438,1.0698444843292236,-0.17918753623962402,31.95374870300293
1018,21.387718200683594,-34.53683453559876,302,69.37509155273438,0.0003,1,a2c_entropy_low_seed1,-1.1498172283172607,141.05093383789062,1.120911955833435,-0.9375346899032593,31.908449172973633
1019,69.35183715820312,-33.11519268989563,1001,39.51991271972656,0.0003,1,a2c_entropy_low_seed1,3.059141159057617,72.922607421875,1.0670742988586426,3.4698710441589355,63.64939498901367
1019,69.35183715820312,-33.11519268989563,1001,34.917179107666016,0.0003,1,a2c_entropy_low_seed1,2.9089572429656982,64.01748657226562,1.0487163066864014,3.077103614807129,31.985109329223633
1020,10.147407531738281,-29.39420132637024,344,77.63147735595703,0.0003,1,a2c_entropy_low_seed1,0.7205482721328735,153.8229217529297,1.067429780960083,1.2251824140548706,22.884946823120117
1020,10.147407531738281,-29.39420132637024,344,31.048725128173828,0.0003,1,a2c_entropy_low_seed1,1.387479305267334,59.32354736328125,1.057421088218689,1.6998841762542725,21.247961044311523
1021,8.808204650878906,-29.33586682319641,240,42.37755584716797,0.0003,1,a2c_entropy_low_seed1,-3.263188600540161,91.28257751464844,1.0909401178359985,-2.518951416015625,48.84347915649414
1022,19.90955352783203,-28.48438977241516,165,114.20328521728516,0.0003,1,a2c_entropy_low_seed1,-3.4724934101104736,235.3526153564453,1.0562443733215332,-3.9669435024261475,99.4022445678711
1022,19.90955352783203,-28.48438977241516,165,74.02926635742188,0.0003,1,a2c_entropy_low_seed1,2.0356698036193848,143.9882354736328,1.0314128398895264,3.719432830810547,55.960472106933594
1022,19.90955352783203,-28.48438977241516,165,18.5467586517334,0.0003,1,a2c_entropy_low_seed1,-0.3693065941333771,37.833168029785156,1.0378140211105347,-0.579148530960083,13.954791069030762
1022,19.90955352783203,-28.48438977241516,165,39.3976936340332,0.0003,1,a2c_entropy_low_seed1,3.982612371444702,70.83120727539062,1.0414938926696777,4.740093231201172,51.07930374145508
1022,19.90955352783203,-28.48438977241516,165,43.60118103027344,0.0003,1,a2c_entropy_low_seed1,-2.8693504333496094,92.94210815429688,1.0422240495681763,-3.5307226181030273,62.5981559753418
1022,19.90955352783203,-28.48438977241516,165,73.02627563476562,0.0003,1,a2c_entropy_low_seed1,4.099393844604492,137.85479736328125,1.0355280637741089,5.179210662841797,58.95937728881836
1023,-89.56295776367188,-26.660637941360473,413,121.63606262207031,0.0003,1,a2c_entropy_low_seed1,-5.8021159172058105,254.87741088867188,1.0571582317352295,-5.881775856018066,126.09363555908203
1025,-36.78778076171875,-19.097540559768678,214,88.04705047607422,0.0003,1,a2c_entropy_low_seed1,-3.3807435035705566,182.85662841796875,1.0324422121047974,-2.884061098098755,88.41316223144531
1025,-36.78778076171875,-19.097540559768678,214,28.562694549560547,0.0003,1,a2c_entropy_low_seed1,0.8399472832679749,55.446537017822266,1.0396522283554077,1.656838297843933,32.06490707397461
1025,-36.78778076171875,-19.097540559768678,214,19.252975463867188,0.0003,1,a2c_entropy_low_seed1,2.340341329574585,33.826351165771484,1.0832494497299194,2.678190231323242,38.70890426635742
1025,-36.78778076171875,-19.097540559768678,214,60.07140350341797,0.0003,1,a2c_entropy_low_seed1,2.4172956943511963,115.30926513671875,1.0508733987808228,2.745530366897583,45.784751892089844
1026,32.211448669433594,-19.921815462112427,1001,53.823463439941406,0.0003,1,a2c_entropy_low_seed1,3.9595656394958496,99.72882080078125,1.0209159851074219,4.222609996795654,54.79684829711914
1026,32.211448669433594,-19.921815462112427,1001,38.90483093261719,0.0003,1,a2c_entropy_low_seed1,-0.5042575597763062,78.8192138671875,1.0364012718200684,0.5199514031410217,19.815996170043945
1029,-83.55804443359375,-23.89144513130188,533,286.49383544921875,0.0003,1,a2c_entropy_low_seed1,-10.909085273742676,594.806884765625,1.0465245246887207,-8.560785293579102,175.6100616455078
1030,63.90706253051758,-21.078415117263795,1001,42.496315002441406,0.0003,1,a2c_entropy_low_seed1,2.8671329021453857,79.25938415527344,1.0207017660140991,3.161344289779663,45.52165222167969
1031,77.4620590209961,-19.517483110427857,1001,32.1773796081543,0.0003,1,a2c_entropy_low_seed1,1.2972723245620728,61.76123809814453,1.0186995267868042,2.2772011756896973,47.762088775634766
1031,77.4620590209961,-19.517483110427857,1001,38.637046813964844,0.0003,1,a2c_entropy_low_seed1,2.6258533000946045,72.02336120605469,0.9770303964614868,2.882990598678589,36.80731201171875
1031,77.4620590209961,-19.517483110427857,1001,32.69804382324219,0.0003,1,a2c_entropy_low_seed1,-3.5502214431762695,72.49750518798828,0.9797124862670898,-3.1442534923553467,36.2023811340332
1031,77.4620590209961,-19.517483110427857,1001,45.628108978271484,0.0003,1,a2c_entropy_low_seed1,2.795574903488159,85.666015625,0.9481886029243469,3.106800079345703,31.917593002319336
1032,-3.5923919677734375,-19.822211961746216,262,56.299110412597656,0.0003,1,a2c_entropy_low_seed1,-4.811417102813721,122.2220687866211,1.0124915838241577,-4.320844650268555,67.21176147460938
1032,-3.5923919677734375,-19.822211961746216,262,109.62798309326172,0.0003,1,a2c_entropy_low_seed1,3.521900177001953,212.2131805419922,1.0204658508300781,3.5016183853149414,72.06217193603516
1032,-3.5923919677734375,-19.822211961746216,262,48.1389274597168,0.0003,1,a2c_entropy_low_seed1,0.9725015163421631,94.33390045166016,1.0473583936691284,1.3711659908294678,19.72589111328125
1032,-3.5923919677734375,-19.822211961746216,262,52.07115936279297,0.0003,1,a2c_entropy_low_seed1,-1.649473786354065,107.44230651855469,1.0376439094543457,-1.292460560798645,30.490121841430664
1032,-3.5923919677734375,-19.822211961746216,262,48.8282356262207,0.0003,1,a2c_entropy_low_seed1,3.3423140048980713,90.9728775024414,1.0380293130874634,4.0004730224609375,44.297950744628906
1033,-20.837890625,-17.87078465461731,360,64.55368041992188,0.0003,1,a2c_entropy_low_seed1,-2.3171937465667725,133.7427978515625,1.0588905811309814,-2.3233237266540527,45.48435592651367
1033,-20.837890625,-17.87078465461731,360,11.964612007141113,0.0003,1,a2c_entropy_low_seed1,-1.4383184909820557,26.806909561157227,1.0494859218597412,-1.2636725902557373,22.389665603637695
1033,-20.837890625,-17.87078465461731,360,41.18241500854492,0.0003,1,a2c_entropy_low_seed1,2.6973135471343994,76.97125244140625,1.0500258207321167,2.9735679626464844,37.02889633178711
1033,-20.837890625,-17.87078465461731,360,27.409849166870117,0.0003,1,a2c_entropy_low_seed1,2.3771963119506836,50.06636047363281,1.0569589138031006,2.516360282897949,32.84127426147461
1033,-20.837890625,-17.87078465461731,360,36.95631408691406,0.0003,1,a2c_entropy_low_seed1,1.1395771503448486,71.63457489013672,1.0969648361206055,1.3945612907409668,24.65648651123047
1033,-20.837890625,-17.87078465461731,360,19.96727752685547,0.0003,1,a2c_entropy_low_seed1,-2.338838815689087,44.61334228515625,1.1119043827056885,-1.9085092544555664,25.23964500427246
1033,-20.837890625,-17.87078465461731,360,52.84877014160156,0.0003,1,a2c_entropy_low_seed1,3.3873913288116455,98.92384338378906,1.0802030563354492,3.424651622772217,40.922279357910156
1033,-20.837890625,-17.87078465461731,360,21.000253677368164,0.0003,1,a2c_entropy_low_seed1,-2.961890697479248,47.92532730102539,1.0358421802520752,-2.475670337677002,34.968048095703125
1033,-20.837890625,-17.87078465461731,360,42.054481506347656,0.0003,1,a2c_entropy_low_seed1,1.0597059726715088,81.9906234741211,1.0775201320648193,2.5994873046875,24.6007080078125
1034,-9.938446044921875,-13.829126939773559,439,53.353031158447266,0.0003,1,a2c_entropy_low_seed1,-2.0712227821350098,110.8496322631836,1.1221060752868652,-1.861130952835083,36.45994567871094
1035,-98.27015686035156,-9.672549486160278,589,45.70322036743164,0.0003,1,a2c_entropy_low_seed1,-2.514777183532715,96.43710327148438,1.1055984497070312,-1.4285717010498047,27.629987716674805
1035,-98.27015686035156,-9.672549486160278,589,13.406170845031738,0.0003,1,a2c_entropy_low_seed1,-0.7864516973495483,28.38634490966797,1.1009342670440674,-0.1670590043067932,11.523819923400879
1035,-98.27015686035156,-9.672549486160278,589,23.4554386138916,0.0003,1,a2c_entropy_low_seed1,0.8529012799263,45.2061767578125,1.1026055812835693,1.2228882312774658,15.211981773376465
1037,-127.87464904785156,-13.147073183059693,747,113.72235870361328,0.0003,1,a2c_entropy_low_seed1,-5.337132930755615,238.12005615234375,1.0716434717178345,-4.765620708465576,81.63908386230469
1039,95.29549407958984,-12.98766682624817,1001,121.0678482055664,0.0003,1,a2c_entropy_low_seed1,-2.028090476989746,246.19285583496094,0.975165843963623,-2.7233927249908447,82.5888671875
1039,95.29549407958984,-12.98766682624817,1001,31.30284881591797,0.0003,1,a2c_entropy_low_seed1,-2.4384193420410156,67.48357391357422,1.0390794277191162,-2.0393362045288086,31.96210479736328
1039,95.29549407958984,-12.98766682624817,1001,39.257728576660156,0.0003,1,a2c_entropy_low_seed1,3.4156155586242676,71.6852035522461,0.9790952801704407,4.195149898529053,51.359527587890625
1039,95.29549407958984,-12.98766682624817,1001,38.0985107421875,0.0003,1,a2c_entropy_low_seed1,-0.09543436765670776,76.38887023925781,0.9783197045326233,0.08779792487621307,17.14653778076172
1039,95.29549407958984,-12.98766682624817,1001,26.107208251953125,0.0003,1,a2c_entropy_low_seed1,0.8976567387580872,50.42009735107422,0.996441125869751,0.9768040180206299,13.798978805541992
1039,95.29549407958984,-12.98766682624817,1001,59.85946273803711,0.0003,1,a2c_entropy_low_seed1,1.8796859979629517,115.96051025390625,0.9528024196624756,1.8536025285720825,28.936111450195312
1042,83.99569702148438,-13.467047548294067,1001,173.58255004882812,0.0003,1,a2c_entropy_low_seed1,-1.2433956861495972,349.65289306640625,1.008518099784851,0.33993470668792725,39.83329772949219
1043,98.70576477050781,-10.073996095657348,1001,34.677818298339844,0.0003,1,a2c_entropy_low_seed1,-3.2029852867126465,75.76253509521484,0.9343615770339966,-2.6204097270965576,30.245174407958984
1044,6.3738250732421875,-10.623257417678833,252,84.13349914550781,0.0003,1,a2c_entropy_low_seed1,-0.7745040655136108,169.81692504882812,0.9156774878501892,1.256303071975708,46.571903228759766
1044,6.3738250732421875,-10.623257417678833,252,54.02738571166992,0.0003,1,a2c_entropy_low_seed1,-3.043187379837036,114.14207458496094,0.93390291929245,-2.4007582664489746,36.38606643676758
1044,6.3738250732421875,-10.623257417678833,252,50.133060455322266,0.0003,1,a2c_entropy_low_seed1,2.4435648918151855,95.37992858886719,0.9383523464202881,2.8640170097351074,33.09346008300781
1045,-87.44355773925781,-12.39477032661438,485,132.13177490234375,0.0003,1,a2c_entropy_low_seed1,-3.9996321201324463,272.2637634277344,0.932880699634552,-2.4681997299194336,52.809654235839844
1046,43.20680236816406,-11.247359590530396,178,76.7348403930664,0.0003,1,a2c_entropy_low_seed1,-2.52614426612854,158.52293395996094,0.9637091159820557,-0.9844204187393188,39.339141845703125
1047,26.245712280273438,-10.838551301956176,214,60.83456802368164,0.0003,1,a2c_entropy_low_seed1,0.3686758279800415,120.9327392578125,0.9547994136810303,1.1468489170074463,23.297893524169922
1047,26.245712280273438,-10.838551301956176,214,63.58662033081055,0.0003,1,a2c_entropy_low_seed1,-3.5471572875976562,134.26853942871094,0.9868573546409607,-4.436986923217773,60.124271392822266
1047,26.245712280273438,-10.838551301956176,214,118.62965393066406,0.0003,1,a2c_entropy_low_seed1,1.5243852138519287,234.21160888671875,1.0614893436431885,2.0276339054107666,58.32442855834961
1047,26.245712280273438,-10.838551301956176,214,23.265281677246094,0.0003,1,a2c_entropy_low_seed1,-2.9997973442077637,52.53117752075195,1.0189814567565918,-3.1563515663146973,36.3313102722168
1047,26.245712280273438,-10.838551301956176,214,9.455761909484863,0.0003,1,a2c_entropy_low_seed1,-1.0072026252746582,20.926956176757812,1.0279682874679565,-1.1416912078857422,15.184823036193848
1047,26.245712280273438,-10.838551301956176,214,28.26564598083496,0.0003,1,a2c_entropy_low_seed1,-2.3684024810791016,61.269134521484375,1.0394792556762695,-2.0127110481262207,28.03833770751953
1047,26.245712280273438,-10.838551301956176,214,52.08134841918945,0.0003,1,a2c_entropy_low_seed1,-2.9141383171081543,109.99197387695312,0.9960713982582092,-1.7470595836639404,44.473087310791016
1047,26.245712280273438,-10.838551301956176,214,30.533370971679688,0.0003,1,a2c_entropy_low_seed1,0.34086164832115173,60.386009216308594,0.990464985370636,0.2728131413459778,17.5655460357666
1048,-171.69375610351562,-13.336702165603638,496,99.85835266113281,0.0003,1,a2c_entropy_low_seed1,-0.5612617135047913,200.84024047851562,1.0079731941223145,-0.5547651052474976,37.54186248779297
1048,-171.69375610351562,-13.336702165603638,496,39.71061706542969,0.0003,1,a2c_entropy_low_seed1,-1.6706769466400146,82.76368713378906,1.0978732109069824,-1.5585353374481201,41.604618072509766
1048,-171.69375610351562,-13.336702165603638,496,19.48223114013672,0.0003,1,a2c_entropy_low_seed1,-1.3123855590820312,41.590309143066406,1.0759626626968384,-1.2293328046798706,27.22633934020996
1048,-171.69375610351562,-13.336702165603638,496,25.508934020996094,0.0003,1,a2c_entropy_low_seed1,1.4409940242767334,48.136924743652344,1.0466887950897217,1.3248540163040161,34.943336486816406
1048,-171.69375610351562,-13.336702165603638,496,20.232330322265625,0.0003,1,a2c_entropy_low_seed1,0.4874861240386963,39.49073028564453,1.0417778491973877,0.9290019273757935,20.89990997314453
1049,-251.02850341796875,-17.760775880813597,501,194.62567138671875,0.0003,1,a2c_entropy_low_seed1,-1.1295398473739624,391.511474609375,1.0458428859710693,-1.0625696182250977,57.70289611816406
1049,-251.02850341796875,-17.760775880813597,501,19.99958610534668,0.0003,1,a2c_entropy_low_seed1,-1.8588230609893799,43.71791458129883,1.0932097434997559,-1.6218485832214355,22.022354125976562
1049,-251.02850341796875,-17.760775880813597,501,11.708980560302734,0.0003,1,a2c_entropy_low_seed1,1.074025273323059,21.27099609375,1.084871530532837,1.5219650268554688,14.848998069763184
1049,-251.02850341796875,-17.760775880813597,501,12.964465141296387,0.0003,1,a2c_entropy_low_seed1,0.16056334972381592,25.608901977539062,1.0991885662078857,0.6965337991714478,12.291705131530762
1049,-251.02850341796875,-17.760775880813597,501,27.818239212036133,0.0003,1,a2c_entropy_low_seed1,-2.1058590412139893,59.849308013916016,1.1101363897323608,-1.611640214920044,24.327362060546875
1050,30.75657844543457,-15.940940790176391,1001,53.23835372924805,0.0003,1,a2c_entropy_low_seed1,-1.798537254333496,110.07479858398438,1.0176900625228882,-1.9984990358352661,40.35099411010742
1051,30.586639404296875,-15.564701356887817,1001,33.35784149169922,0.0003,1,a2c_entropy_low_seed1,2.1223433017730713,62.47195816040039,0.9586508274078369,3.131141424179077,52.152713775634766
1051,30.586639404296875,-15.564701356887817,1001,45.984352111816406,0.0003,1,a2c_entropy_low_seed1,2.9228415489196777,86.12406158447266,1.0397106409072876,3.8660526275634766,56.994075775146484
1051,30.586639404296875,-15.564701356887817,1001,40.750099182128906,0.0003,1,a2c_entropy_low_seed1,1.0358835458755493,79.42949676513672,1.0661296844482422,1.9562596082687378,27.78089714050293
1051,30.586639404296875,-15.564701356887817,1001,19.211536407470703,0.0003,1,a2c_entropy_low_seed1,-0.6253945231437683,39.67493438720703,1.0712889432907104,-0.5310341119766235,14.254922866821289
1051,30.586639404296875,-15.564701356887817,1001,31.197385787963867,0.0003,1,a2c_entropy_low_seed1,2.430302619934082,57.53522491455078,1.057159185409546,3.001462697982788,33.557003021240234
1051,30.586639404296875,-15.564701356887817,1001,29.737070083618164,0.0003,1,a2c_entropy_low_seed1,-1.4330120086669922,62.34123229980469,1.0695455074310303,-0.8769188523292542,26.931108474731445
1053,-30.760643005371094,-17.74981442451477,378,83.69642639160156,0.0003,1,a2c_entropy_low_seed1,1.3810280561447144,164.63185119628906,1.048271894454956,1.7921819686889648,27.36132049560547
1054,102.24539184570312,-17.120648469924927,1001,46.05253219604492,0.0003,1,a2c_entropy_low_seed1,0.9428548812866211,90.22044372558594,1.094678282737732,1.5347235202789307,35.05316925048828
1054,102.24539184570312,-17.120648469924927,1001,24.513778686523438,0.0003,1,a2c_entropy_low_seed1,1.09938645362854,46.82984161376953,1.0563533306121826,1.2751147747039795,17.468666076660156
1054,102.24539184570312,-17.120648469924927,1001,34.398292541503906,0.0003,1,a2c_entropy_low_seed1,0.7749452590942383,67.24776458740234,1.0712934732437134,1.7157173156738281,22.989282608032227
1054,102.24539184570312,-17.120648469924927,1001,42.33473587036133,0.0003,1,a2c_entropy_low_seed1,3.3782236576080322,77.91407012939453,1.0456855297088623,3.992025136947632,57.919166564941406
1055,-19.31844711303711,-17.83240803718567,1001,27.28824806213379,0.0003,1,a2c_entropy_low_seed1,3.1071553230285645,48.36327362060547,1.0857365131378174,3.0527048110961914,54.04335403442383
1056,-47.605621337890625,-20.577341356277465,1001,18.96974754333496,0.0003,1,a2c_entropy_low_seed1,-0.5466145873069763,39.03378677368164,1.064832091331482,-0.025549590587615967,12.850054740905762
1056,-47.605621337890625,-20.577341356277465,1001,21.850080490112305,0.0003,1,a2c_entropy_low_seed1,2.5943942070007324,38.51241683959961,1.0454415082931519,2.9705636501312256,30.357749938964844
1056,-47.605621337890625,-20.577341356277465,1001,33.96106719970703,0.0003,1,a2c_entropy_low_seed1,1.059305191040039,65.80460357666016,1.0803749561309814,2.102015256881714,28.423137664794922
1056,-47.605621337890625,-20.577341356277465,1001,30.803556442260742,0.0003,1,a2c_entropy_low_seed1,0.8220893740653992,59.9640007019043,1.06748366355896,0.9967299699783325,16.23570442199707
1056,-47.605621337890625,-20.577341356277465,1001,24.89817237854004,0.0003,1,a2c_entropy_low_seed1,1.1135530471801758,47.57026290893555,1.0274951457977295,1.9984428882598877,47.69114685058594
1056,-47.605621337890625,-20.577341356277465,1001,15.669419288635254,0.0003,1,a2c_entropy_low_seed1,0.9185671806335449,29.502824783325195,1.1195684671401978,1.106704831123352,23.85724449157715
1057,-5.670173645019531,-20.737365760803222,207,97.89265441894531,0.0003,1,a2c_entropy_low_seed1,-1.2810899019241333,198.34857177734375,1.0805912017822266,-2.500406265258789,44.77973937988281
1057,-5.670173645019531,-20.737365760803222,207,37.65834045410156,0.0003,1,a2c_entropy_low_seed1,3.7799465656280518,67.75788116455078,1.0893622636795044,4.1561784744262695,57.811302185058594
1057,-5.670173645019531,-20.737365760803222,207,18.807697296142578,0.0003,1,a2c_entropy_low_seed1,0.9840672016143799,35.648441314697266,1.1827301979064941,0.9036352634429932,15.481025695800781
1058,2.701815605163574,-17.316114177703856,1001,16.941577911376953,0.0003,1,a2c_entropy_low_seed1,-0.8987382650375366,35.68174743652344,1.1157397031784058,-0.6875173449516296,20.922710418701172
1058,2.701815605163574,-17.316114177703856,1001,18.612768173217773,0.0003,1,a2c_entropy_low_seed1,-0.6454154253005981,38.517494201660156,1.1247551441192627,0.22310346364974976,9.260224342346191
1058,2.701815605163574,-17.316114177703856,1001,59.31026840209961,0.0003,1,a2c_entropy_low_seed1,1.9699337482452393,114.6817626953125,1.0927664041519165,2.739826202392578,29.48588752746582
1058,2.701815605163574,-17.316114177703856,1001,11.475944519042969,0.0003,1,a2c_entropy_low_seed1,2.0722107887268066,18.80856704711914,1.0979546308517456,2.1322786808013916,26.224157333374023
1058,2.701815605163574,-17.316114177703856,1001,13.099440574645996,0.0003,1,a2c_entropy_low_seed1,-0.843356728553772,27.886699676513672,1.1037300825119019,-0.700031042098999,11.406764030456543
1058,2.701815605163574,-17.316114177703856,1001,17.6738338470459,0.0003,1,a2c_entropy_low_seed1,2.77718448638916,29.794401168823242,1.1012277603149414,3.194044589996338,34.12767791748047
1059,3.7802581787109375,-16.44123136520386,312,88.31816864013672,0.0003,1,a2c_entropy_low_seed1,-3.692256450653076,184.02197265625,1.1250661611557007,-3.048182487487793,63.15287399291992
1059,3.7802581787109375,-16.44123136520386,312,14.27601432800293,0.0003,1,a2c_entropy_low_seed1,-1.2721843719482422,31.097518920898438,1.1207761764526367,-0.8197323679924011,15.110221862792969
1059,3.7802581787109375,-16.44123136520386,312,31.387649536132812,0.0003,1,a2c_entropy_low_seed1,0.59401535987854,61.5883674621582,1.098663091659546,1.6096925735473633,25.19521713256836
1060,135.58937072753906,-13.400957775115966,1001,16.92254066467285,0.0003,1,a2c_entropy_low_seed1,1.0604426860809326,31.72527503967285,1.07766854763031,1.4743582010269165,19.688425064086914
1061,148.2784423828125,-8.545268077850341,1001,25.082874298095703,0.0003,1,a2c_entropy_low_seed1,2.2641143798828125,45.638545989990234,1.026962161064148,2.382161855697632,34.29374694824219
1061,148.2784423828125,-8.545268077850341,1001,26.762903213500977,0.0003,1,a2c_entropy_low_seed1,0.4031808376312256,52.72045135498047,1.0089054107666016,1.4147359132766724,18.910045623779297
1061,148.2784423828125,-8.545268077850341,1001,15.852083206176758,0.0003,1,a2c_entropy_low_seed1,-0.6461862325668335,32.997562408447266,1.0235037803649902,0.14594116806983948,10.392983436584473
1061,148.2784423828125,-8.545268077850341,1001,26.17510986328125,0.0003,1,a2c_entropy_low_seed1,1.2775238752365112,49.796226501464844,1.0534729957580566,1.5799634456634521,22.734121322631836
1061,148.2784423828125,-8.545268077850341,1001,40.91426467895508,0.0003,1,a2c_entropy_low_seed1,-1.278351068496704,84.38629913330078,1.06877863407135,-0.8307344913482666,19.775753021240234
1061,148.2784423828125,-8.545268077850341,1001,33.728294372558594,0.0003,1,a2c_entropy_low_seed1,3.393925189971924,60.66980743408203,1.0718181133270264,3.4892055988311768,45.5534553527832
1062,-4.9337158203125,-7.768079662322998,1001,18.630815505981445,0.0003,1,a2c_entropy_low_seed1,-0.18517790734767914,37.6330680847168,1.0805612802505493,-0.1473335474729538,13.172013282775879
1063,23.801450729370117,-6.411231021881104,1001,20.219314575195312,0.0003,1,a2c_entropy_low_seed1,-0.5244631767272949,41.48861312866211,1.055637240409851,0.14637422561645508,12.009047508239746
1064,133.80015563964844,-4.397285709381103,1001,16.38604736328125,0.0003,1,a2c_entropy_low_seed1,-0.6516837477684021,34.07645034790039,0.9862496852874756,0.20435833930969238,11.344501495361328
1064,133.80015563964844,-4.397285709381103,1001,66.04812622070312,0.0003,1,a2c_entropy_low_seed1,4.390159606933594,123.31698608398438,1.0493130683898926,5.119289875030518,58.97175979614258
1064,133.80015563964844,-4.397285709381103,1001,16.291296005249023,0.0003,1,a2c_entropy_low_seed1,-3.0190844535827637,38.621822357177734,1.059462070465088,-2.560316562652588,33.08074188232422
1064,133.80015563964844,-4.397285709381103,1001,25.75733184814453,0.0003,1,a2c_entropy_low_seed1,-1.1036324501037598,53.72296905517578,1.043099284172058,-0.8250258564949036,15.867959976196289
1064,133.80015563964844,-4.397285709381103,1001,44.29011535644531,0.0003,1,a2c_entropy_low_seed1,-1.4666461944580078,91.5145492553711,1.0255777835845947,-1.5736010074615479,24.71177101135254
1066,-48.6310920715332,-5.825148372650147,539,132.7835693359375,0.0003,1,a2c_entropy_low_seed1,-2.0526890754699707,269.67352294921875,1.0013939142227173,-1.719792127609253,44.31985092163086
1066,-48.6310920715332,-5.825148372650147,539,25.900278091430664,0.0003,1,a2c_entropy_low_seed1,-3.5074081420898438,58.81639862060547,1.024970531463623,-2.91961669921875,36.83453369140625
1066,-48.6310920715332,-5.825148372650147,539,30.856718063354492,0.0003,1,a2c_entropy_low_seed1,1.0564239025115967,59.601619720458984,1.0307960510253906,1.3244000673294067,17.481225967407227
1067,-58.232666015625,-6.614363002777099,321,179.24298095703125,0.0003,1,a2c_entropy_low_seed1,-6.317295074462891,371.1215515136719,0.9970651865005493,-6.4627790451049805,102.26427459716797
1068,-92.2616958618164,-8.8873512840271,571,83.77313995361328,0.0003,1,a2c_entropy_low_seed1,-2.031623601913452,171.6105194091797,0.9961549639701843,-1.1276023387908936,36.379364013671875
1068,-92.2616958618164,-8.8873512840271,571,18.11484718322754,0.0003,1,a2c_entropy_low_seed1,0.9914212226867676,34.24783706665039,0.9840167164802551,1.4286446571350098,14.554071426391602
1068,-92.2616958618164,-8.8873512840271,571,107.38616943359375,0.0003,1,a2c_entropy_low_seed1,6.479617118835449,201.8140411376953,0.9381662011146545,7.757225513458252,80.15129089355469
1068,-92.2616958618164,-8.8873512840271,571,12.160811424255371,0.0003,1,a2c_entropy_low_seed1,-2.083937406539917,28.490528106689453,1.0294642448425293,-1.6918950080871582,19.853546142578125
1069,89.70098114013672,-8.480368404388427,1001,33.72645950317383,0.0003,1,a2c_entropy_low_seed1,0.8205259442329407,65.81283569335938,0.9665924310684204,2.0419464111328125,22.865528106689453
1069,89.70098114013672,-8.480368404388427,1001,24.041399002075195,0.0003,1,a2c_entropy_low_seed1,-2.580386161804199,53.24454879760742,0.9805396795272827,-1.6967723369598389,17.309782028198242
1069,89.70098114013672,-8.480368404388427,1001,20.424562454223633,0.0003,1,a2c_entropy_low_seed1,0.19847369194030762,40.453147888183594,0.969214677810669,0.7939848303794861,11.791645050048828
1069,89.70098114013672,-8.480368404388427,1001,56.1746940612793,0.0003,1,a2c_entropy_low_seed1,1.65580415725708,109.03883361816406,1.0494741201400757,1.923309564590454,27.35904312133789
1069,89.70098114013672,-8.480368404388427,1001,19.339431762695312,0.0003,1,a2c_entropy_low_seed1,-3.391749143600464,45.46337890625,1.019897699356079,-2.8014631271362305,29.61074447631836
1069,89.70098114013672,-8.480368404388427,1001,30.685768127441406,0.0003,1,a2c_entropy_low_seed1,-0.18427205085754395,61.74107360839844,0.9909659028053284,0.5935081243515015,11.986178398132324
1069,89.70098114013672,-8.480368404388427,1001,61.15821838378906,0.0003,1,a2c_entropy_low_seed1,-2.4472975730895996,127.2120361328125,1.0048527717590332,-1.939802646636963,34.07465744018555
1069,89.70098114013672,-8.480368404388427,1001,63.74760055541992,0.0003,1,a2c_entropy_low_seed1,-0.2563030421733856,128.00877380371094,0.9657954573631287,0.8929358720779419,23.09027099609375
1069,89.70098114013672,-8.480368404388427,1001,38.726993560791016,0.0003,1,a2c_entropy_low_seed1,-0.5553392171859741,78.56560516357422,0.9421678185462952,0.030253887176513672,15.111539840698242
1070,-48.17465591430664,-9.646809673309326,419,185.29568481445312,0.0003,1,a2c_entropy_low_seed1,-5.980813503265381,382.553955078125,0.9488433599472046,-6.797503471374512,130.35888671875
1072,-2.6196446418762207,-13.504958486557006,1001,86.2811050415039,0.0003,1,a2c_entropy_low_seed1,3.191448926925659,166.18028259277344,0.9717410206794739,2.4743173122406006,31.742494583129883
1072,-2.6196446418762207,-13.504958486557006,1001,45.13945007324219,0.0003,1,a2c_entropy_low_seed1,3.416041612625122,83.44783782958984,1.0190434455871582,4.613509654998779,48.67591094970703
1073,-68.35186767578125,-13.080736684799195,837,89.91796112060547,0.0003,1,a2c_entropy_low_seed1,-2.377610445022583,184.59214782714844,1.0003756284713745,-0.5001219511032104,33.26557922363281
1073,-68.35186767578125,-13.080736684799195,837,10.974897384643555,0.0003,1,a2c_entropy_low_seed1,-1.3837920427322388,24.718366622924805,0.9873725175857544,-1.2745280265808105,20.910789489746094
1073,-68.35186767578125,-13.080736684799195,837,32.75990676879883,0.0003,1,a2c_entropy_low_seed1,0.43223845958709717,64.65636444091797,1.030303716659546,1.433481216430664,22.40587615966797
1073,-68.35186767578125,-13.080736684799195,837,34.98173522949219,0.0003,1,a2c_entropy_low_seed1,0.15375882387161255,69.65696716308594,1.0172746181488037,0.4706670641899109,16.593154907226562
1073,-68.35186767578125,-13.080736684799195,837,32.81698989868164,0.0003,1,a2c_entropy_low_seed1,2.3283932209014893,60.978233337402344,1.0342291593551636,2.9826836585998535,36.4670524597168
1073,-68.35186767578125,-13.080736684799195,837,10.651206970214844,0.0003,1,a2c_entropy_low_seed1,-1.5456619262695312,24.394775390625,1.0381470918655396,-1.3869075775146484,21.0327205657959
1074,54.91630935668945,-12.531299657821656,1001,18.366456985473633,0.0003,1,a2c_entropy_low_seed1,-0.01213836669921875,36.758216857910156,1.0265893936157227,0.02048647403717041,16.842557907104492
1075,-33.262733459472656,-12.460798711776734,315,77.5014419555664,0.0003,1,a2c_entropy_low_seed1,-3.156156063079834,161.3162078857422,0.9998759031295776,-2.951080083847046,49.92130661010742
1075,-33.262733459472656,-12.460798711776734,315,37.543243408203125,0.0003,1,a2c_entropy_low_seed1,-1.965517282485962,79.0185546875,1.0315955877304077,-1.431149959564209,27.040081024169922
1075,-33.262733459472656,-12.460798711776734,315,38.44038391113281,0.0003,1,a2c_entropy_low_seed1,2.701467990875244,71.47884368896484,1.0184402465820312,3.455878496170044,44.67562484741211
1075,-33.262733459472656,-12.460798711776734,315,33.69359588623047,0.0003,1,a2c_entropy_low_seed1,-1.8048675060272217,70.99794006347656,1.0167102813720703,-1.9089100360870361,35.13994216918945
1075,-33.262733459472656,-12.460798711776734,315,25.4475040435791,0.0003,1,a2c_entropy_low_seed1,-0.5696234107017517,52.035301208496094,1.0462305545806885,-0.014963099732995033,15.14749813079834
1076,-104.57360076904297,-15.196499700546264,1001,23.87371826171875,0.0003,1,a2c_entropy_low_seed1,-1.712571382522583,51.17355728149414,0.9766649007797241,-0.5263164043426514,22.94510841369629
1076,-104.57360076904297,-15.196499700546264,1001,15.264381408691406,0.0003,1,a2c_entropy_low_seed1,-1.155996561050415,32.84173583984375,0.9801554679870605,-1.4213645458221436,26.06293296813965
1077,109.58597564697266,-12.79358328819275,1001,76.36344909667969,0.0003,1,a2c_entropy_low_seed1,1.9520697593688965,148.82374572753906,0.9965167045593262,1.9858043193817139,36.832054138183594
1078,-110.70692443847656,-13.504832983016968,260,136.99444580078125,0.0003,1,a2c_entropy_low_seed1,-1.713279128074646,277.4164123535156,0.9728878736495972,-4.139690399169922,118.87957000732422
1078,-110.70692443847656,-13.504832983016968,260,18.977195739746094,0.0003,1,a2c_entropy_low_seed1,0.5409517288208008,36.873443603515625,0.9517871141433716,1.0658705234527588,14.85791015625
1078,-110.70692443847656,-13.504832983016968,260,35.71613693237305,0.0003,1,a2c_entropy_low_seed1,0.01147305965423584,71.41035461425781,1.0266916751861572,0.6553663015365601,11.898802757263184
1078,-110.70692443847656,-13.504832983016968,260,28.828899383544922,0.0003,1,a2c_entropy_low_seed1,-0.06509232521057129,57.78901672363281,1.0338250398635864,0.7468755841255188,16.200164794921875
1079,97.66588592529297,-9.880354375839234,1001,22.6259708404541,0.0003,1,a2c_entropy_low_seed1,-2.696089744567871,50.6451416015625,1.0199573040008545,-2.308126211166382,29.29298973083496
1079,97.66588592529297,-9.880354375839234,1001,19.27277183532715,0.0003,1,a2c_entropy_low_seed1,1.1500217914581299,36.246463775634766,0.9644715189933777,2.2792608737945557,22.608964920043945
1079,97.66588592529297,-9.880354375839234,1001,24.481779098510742,0.0003,1,a2c_entropy_low_seed1,-5.334972381591797,59.634521484375,1.0195167064666748,-4.3737359046936035,51.191959381103516
1079,97.66588592529297,-9.880354375839234,1001,27.764320373535156,0.0003,1,a2c_entropy_low_seed1,2.0519394874572754,51.42575454711914,0.9908710718154907,3.3312575817108154,34.44023513793945
1079,97.66588592529297,-9.880354375839234,1001,24.42601203918457,0.0003,1,a2c_entropy_low_seed1,-5.059263229370117,58.97156524658203,1.0159647464752197,-4.573430061340332,48.83061981201172
1079,97.66588592529297,-9.880354375839234,1001,84.78778076171875,0.0003,1,a2c_entropy_low_seed1,4.520183563232422,160.5361785888672,0.9780915975570679,5.397905349731445,65.73196411132812
1080,-124.51753234863281,-13.648846273422242,617,190.99522399902344,0.0003,1,a2c_entropy_low_seed1,-4.762474536895752,391.5163879394531,0.9774803519248962,-6.711706161499023,120.60497283935547
1081,-4.801353454589844,-15.29411452293396,474,80.82710266113281,0.0003,1,a2c_entropy_low_seed1,-2.662686347961426,166.98060607910156,1.0195753574371338,-2.1476683616638184,54.600345611572266
1081,-4.801353454589844,-15.29411452293396,474,12.700682640075684,0.0003,1,a2c_entropy_low_seed1,-0.968874454498291,27.340118408203125,1.0055830478668213,-0.4271770715713501,8.67906379699707
1081,-4.801353454589844,-15.29411452293396,474,9.378288269042969,0.0003,1,a2c_entropy_low_seed1,-1.3026096820831299,21.362850189208984,1.055530309677124,-0.8500696420669556,10.740975379943848
1083,-88.59358215332031,-17.702424001693725,1001,16.0872802734375,0.0003,1,a2c_entropy_low_seed1,0.4815019369125366,31.212560653686523,1.002288818359375,0.8055964708328247,13.252008438110352
1084,-118.90768432617188,-19.881808767318727,974,64.91283416748047,0.0003,1,a2c_entropy_low_seed1,-5.47960090637207,140.78579711914062,0.9334508776664734,-4.13783073425293,59.95770263671875
1084,-118.90768432617188,-19.881808767318727,974,29.755451202392578,0.0003,1,a2c_entropy_low_seed1,1.060011625289917,57.39186096191406,0.9814609289169312,1.9452645778656006,30.824390411376953
1084,-118.90768432617188,-19.881808767318727,974,51.982574462890625,0.0003,1,a2c_entropy_low_seed1,2.1777141094207764,99.61070251464844,0.9847407341003418,3.3419547080993652,37.60280227661133
1084,-118.90768432617188,-19.881808767318727,974,20.562850952148438,0.0003,1,a2c_entropy_low_seed1,0.7116702795028687,39.70338439941406,1.0238229036331177,0.7902467846870422,11.093538284301758
1084,-118.90768432617188,-19.881808767318727,974,24.28011703491211,0.0003,1,a2c_entropy_low_seed1,0.44479215145111084,47.671661376953125,1.0119763612747192,0.914808452129364,15.097710609436035
1084,-118.90768432617188,-19.881808767318727,974,17.423686981201172,0.0003,1,a2c_entropy_low_seed1,-1.1925095319747925,37.23342514038086,1.0330129861831665,-0.6477793455123901,10.936017990112305
1084,-118.90768432617188,-19.881808767318727,974,33.85282516479492,0.0003,1,a2c_entropy_low_seed1,0.987359344959259,65.73194885253906,1.0118290185928345,1.2696993350982666,16.433761596679688
1085,27.244590759277344,-17.371513814926146,242,105.02272033691406,0.0003,1,a2c_entropy_low_seed1,-3.389863967895508,216.826171875,1.0067017078399658,-3.7889328002929688,61.96556091308594
1085,27.244590759277344,-17.371513814926146,242,11.842691421508789,0.0003,1,a2c_entropy_low_seed1,0.11995911598205566,23.44647216796875,1.0077695846557617,1.0068316459655762,13.929412841796875
1085,27.244590759277344,-17.371513814926146,242,21.6122989654541,0.0003,1,a2c_entropy_low_seed1,-1.6293246746063232,46.48430252075195,1.0547839403152466,-1.246760606765747,22.305767059326172
1085,27.244590759277344,-17.371513814926146,242,19.141080856323242,0.0003,1,a2c_entropy_low_seed1,1.6654189825057983,34.952362060546875,1.0372904539108276,1.722899079322815,18.717288970947266
1085,27.244590759277344,-17.371513814926146,242,19.87459373474121,0.0003,1,a2c_entropy_low_seed1,-0.39063799381256104,40.53150939941406,1.0448458194732666,-0.10360604524612427,12.398455619812012
1085,27.244590759277344,-17.371513814926146,242,20.723482131958008,0.0003,1,a2c_entropy_low_seed1,0.9859151840209961,39.4762077331543,1.0712288618087769,1.0717641115188599,10.623072624206543
1085,27.244590759277344,-17.371513814926146,242,11.367575645446777,0.0003,1,a2c_entropy_low_seed1,-0.126539945602417,22.98934555053711,1.1135650873184204,-0.20132160186767578,17.387897491455078
1085,27.244590759277344,-17.371513814926146,242,6.6902289390563965,0.0003,1,a2c_entropy_low_seed1,-0.9514050483703613,15.284339904785156,1.0717167854309082,-0.49833187460899353,10.55836296081543
1085,27.244590759277344,-17.371513814926146,242,11.15395450592041,0.0003,1,a2c_entropy_low_seed1,-0.6727911233901978,23.654537200927734,1.0457878112792969,-0.30231791734695435,15.303196907043457
1087,121.36665344238281,-8.32344573020935,1001,21.60756492614746,0.0003,1,a2c_entropy_low_seed1,-1.9127044677734375,47.04157257080078,1.0333688259124756,-1.0979691743850708,16.199665069580078
1087,121.36665344238281,-8.32344573020935,1001,15.069513320922852,0.0003,1,a2c_entropy_low_seed1,-0.36830925941467285,30.876659393310547,1.014376163482666,0.07245999574661255,12.31033706665039
1087,121.36665344238281,-8.32344573020935,1001,41.75270080566406,0.0003,1,a2c_entropy_low_seed1,0.5985110998153687,82.30938720703125,1.0106745958328247,1.5456907749176025,30.3038330078125
1087,121.36665344238281,-8.32344573020935,1001,27.283432006835938,0.0003,1,a2c_entropy_low_seed1,-1.6771503686904907,57.922183990478516,1.0177607536315918,-1.1110888719558716,26.130329132080078
1088,-106.51727294921875,-9.016306753158569,1001,19.28135108947754,0.0003,1,a2c_entropy_low_seed1,2.009432792663574,34.544830322265625,0.9946712851524353,2.7342236042022705,29.850645065307617
1088,-106.51727294921875,-9.016306753158569,1001,14.722875595092773,0.0003,1,a2c_entropy_low_seed1,-2.26157808303833,33.969932556152344,1.0265487432479858,-1.7404735088348389,30.017189025878906
1089,-56.832828521728516,-12.058873205184936,704,144.12820434570312,0.0003,1,a2c_entropy_low_seed1,-4.967832088470459,298.1930847167969,0.998868465423584,-4.0012640953063965,46.959651947021484
1090,-12.258308410644531,-11.4951571559906,514,129.29795837402344,0.0003,1,a2c_entropy_low_seed1,0.28907981514930725,258.0187072753906,0.932972252368927,-0.9430667757987976,57.83049774169922
1090,-12.258308410644531,-11.4951571559906,514,30.481861114501953,0.0003,1,a2c_entropy_low_seed1,1.4908969402313232,57.98296356201172,1.031968593597412,2.125767946243286,32.833866119384766
1090,-12.258308410644531,-11.4951571559906,514,34.44865036010742,0.0003,1,a2c_entropy_low_seed1,1.730302095413208,65.437744140625,1.04505455493927,2.1907858848571777,25.08089828491211
1091,-78.68558502197266,-13.493285360336303,1001,17.7772216796875,0.0003,1,a2c_entropy_low_seed1,-0.9425795674324036,37.440650939941406,1.0492076873779297,-0.6223185062408447,17.34481430053711
1092,-2.8728790283203125,-15.230656881332397,338,60.706268310546875,0.0003,1,a2c_entropy_low_seed1,-4.6157402992248535,130.64500427246094,0.9821854829788208,-4.637080669403076,64.39543151855469
1093,88.58711242675781,-15.433029928207397,1001,20.654518127441406,0.0003,1,a2c_entropy_low_seed1,0.35547447204589844,40.59901428222656,0.926889955997467,1.3980076313018799,25.27237319946289
1093,88.58711242675781,-15.433029928207397,1001,63.8894157409668,0.0003,1,a2c_entropy_low_seed1,3.8786559104919434,120.02243041992188,0.911113440990448,5.211514472961426,71.72772979736328
1094,-48.620182037353516,-16.532910070419312,1001,29.548931121826172,0.0003,1,a2c_entropy_low_seed1,1.4479979276657104,56.20281219482422,0.9460552334785461,1.9191679954528809,24.37286949157715
1094,-48.620182037353516,-16.532910070419312,1001,34.61792755126953,0.0003,1,a2c_entropy_low_seed1,0.281905859708786,68.67302703857422,0.9871026277542114,1.4970451593399048,25.01911735534668
1094,-48.620182037353516,-16.532910070419312,1001,13.06269645690918,0.0003,1,a2c_entropy_low_seed1,-1.2253994941711426,28.577194213867188,1.0023972988128662,-0.7620110511779785,10.92577838897705
1094,-48.620182037353516,-16.532910070419312,1001,36.855690002441406,0.0003,1,a2c_entropy_low_seed1,1.388453483581543,70.93545532226562,0.987630307674408,1.7362936735153198,22.858888626098633
1094,-48.620182037353516,-16.532910070419312,1001,24.20419692993164,0.0003,1,a2c_entropy_low_seed1,-2.527588367462158,53.46459197998047,1.023106575012207,-1.987675666809082,24.713062286376953
1095,40.94525146484375,-13.96513388633728,420,100.379638671875,0.0003,1,a2c_entropy_low_seed1,-1.0072983503341675,202.7748565673828,0.9740542769432068,0.309759259223938,41.853294372558594
1096,-29.205963134765625,-15.413389196395874,636,66.13003540039062,0.0003,1,a2c_entropy_low_seed1,-3.4650816917419434,139.19126892089844,1.0323165655136108,-3.337022304534912,43.43974685668945
1096,-29.205963134765625,-15.413389196395874,636,22.401784896850586,0.0003,1,a2c_entropy_low_seed1,-1.1199942827224731,47.04459762573242,1.0388339757919312,-0.7219278812408447,14.17004680633545
1097,-4.024505615234375,-16.01879355430603,348,58.13037872314453,0.0003,1,a2c_entropy_low_seed1,-1.050147294998169,118.362060546875,1.0096700191497803,-1.8810423612594604,36.15399169921875
1097,-4.024505615234375,-16.01879355430603,348,19.625883102416992,0.0003,1,a2c_entropy_low_seed1,0.9314433336257935,37.389862060546875,0.9827142953872681,1.320166826248169,21.0943603515625
1097,-4.024505615234375,-16.01879355430603,348,16.6347713470459,0.0003,1,a2c_entropy_low_seed1,0.07772092521190643,33.11509704589844,0.9960014224052429,0.71937495470047,14.976536750793457
1097,-4.024505615234375,-16.01879355430603,348,3.4972198009490967,0.0003,1,a2c_entropy_low_seed1,-0.4897826313972473,7.975013256072998,1.0084078311920166,-0.09654039144515991,3.227823257446289
1097,-4.024505615234375,-16.01879355430603,348,15.428038597106934,0.0003,1,a2c_entropy_low_seed1,-2.7927968502044678,36.442718505859375,1.0480432510375977,-2.2988455295562744,27.789676666259766
1097,-4.024505615234375,-16.01879355430603,348,10.120853424072266,0.0003,1,a2c_entropy_low_seed1,-0.09889674931764603,20.440523147583008,1.0226268768310547,0.10757305473089218,5.533791542053223
1097,-4.024505615234375,-16.01879355430603,348,16.234962463378906,0.0003,1,a2c_entropy_low_seed1,-4.77442741394043,42.01979446411133,1.014008641242981,-4.27768611907959,43.85127639770508
1098,-196.69036865234375,-16.518725805282592,795,171.58775329589844,0.0003,1,a2c_entropy_low_seed1,-3.6721835136413574,350.5208740234375,0.9971296787261963,-5.775627613067627,103.82693481445312
1098,-196.69036865234375,-16.518725805282592,795,20.502254486083984,0.0003,1,a2c_entropy_low_seed1,-2.0721793174743652,45.14984130859375,0.9710922241210938,-1.5200676918029785,33.33473205566406
1098,-196.69036865234375,-16.518725805282592,795,37.047706604003906,0.0003,1,a2c_entropy_low_seed1,-0.9290074706077576,75.95435333251953,0.9216383695602417,0.45676863193511963,20.461591720581055
1098,-196.69036865234375,-16.518725805282592,795,21.97696876525879,0.0003,1,a2c_entropy_low_seed1,0.2238987684249878,43.507118225097656,0.9769502282142639,0.3975623548030853,8.16501235961914
1098,-196.69036865234375,-16.518725805282592,795,17.199264526367188,0.0003,1,a2c_entropy_low_seed1,-1.722196340560913,37.843936920166016,1.0149414539337158,-1.3889496326446533,15.080904960632324
1099,-37.853302001953125,-12.25522177696228,706,92.30689239501953,0.0003,1,a2c_entropy_low_seed1,-0.4041149616241455,185.42300415039062,0.9986321926116943,-0.9359869956970215,57.35791778564453
1099,-37.853302001953125,-12.25522177696228,706,11.849233627319336,0.0003,1,a2c_entropy_low_seed1,-1.2041661739349365,26.1077880859375,0.9871501922607422,-0.7946053743362427,11.075150489807129
1099,-37.853302001953125,-12.25522177696228,706,19.750808715820312,0.0003,1,a2c_entropy_low_seed1,-0.7657564878463745,41.03417205810547,1.0397260189056396,-0.5110964179039001,14.584291458129883
1099,-37.853302001953125,-12.25522177696228,706,20.42557144165039,0.0003,1,a2c_entropy_low_seed1,-1.2788320779800415,43.40981674194336,1.0096721649169922,-1.0012319087982178,14.896477699279785
1100,-52.92641830444336,-13.92888171195984,1001,12.791031837463379,0.0003,1,a2c_entropy_low_seed1,-1.8512216806411743,29.2855224609375,1.0147016048431396,-1.617382526397705,21.136402130126953
1100,-52.92641830444336,-13.92888171195984,1001,10.293485641479492,0.0003,1,a2c_entropy_low_seed1,-0.4591330587863922,21.50620460510254,0.9665830135345459,-0.09619307518005371,7.237746238708496
1100,-52.92641830444336,-13.92888171195984,1001,12.790032386779785,0.0003,1,a2c_entropy_low_seed1,-1.060474157333374,27.702022552490234,1.008643627166748,-0.5369840264320374,10.183785438537598
1100,-52.92641830444336,-13.92888171195984,1001,13.290312767028809,0.0003,1,a2c_entropy_low_seed1,-2.4590015411376953,31.49964714050293,1.0190098285675049,-2.507913112640381,32.414703369140625
1101,-95.31980895996094,-16.447010679244997,1001,12.196558952331543,0.0003,1,a2c_entropy_low_seed1,-1.7302254438400269,27.854576110839844,1.0078318119049072,-1.4698859453201294,19.500261306762695
1101,-95.31980895996094,-16.447010679244997,1001,29.73827362060547,0.0003,1,a2c_entropy_low_seed1,2.7826554775238037,53.912193298339844,0.9566695690155029,3.1492490768432617,38.58738708496094
1101,-95.31980895996094,-16.447010679244997,1001,27.067157745361328,0.0003,1,a2c_entropy_low_seed1,0.7214397192001343,52.69242477416992,0.9889008402824402,0.8510739207267761,18.28660774230957
1102,18.429523468017578,-13.386680707931518,1001,19.860647201538086,0.0003,1,a2c_entropy_low_seed1,-0.4661325216293335,40.654579162597656,1.01692795753479,-0.257348895072937,12.09376049041748
1102,18.429523468017578,-13.386680707931518,1001,16.4998779296875,0.0003,1,a2c_entropy_low_seed1,-1.8005244731903076,36.60183334350586,1.0288845300674438,-1.2620538473129272,16.567474365234375
1102,18.429523468017578,-13.386680707931518,1001,14.24852180480957,0.0003,1,a2c_entropy_low_seed1,-0.9666907787322998,30.431488037109375,1.0631217956542969,-0.8999203443527222,14.855772018432617
1102,18.429523468017578,-13.386680707931518,1001,14.639941215515137,0.0003,1,a2c_entropy_low_seed1,-2.7094807624816895,34.699867248535156,1.0242877006530762,-1.994480848312378,31.307289123535156
1102,18.429523468017578,-13.386680707931518,1001,9.944910049438477,0.0003,1,a2c_entropy_low_seed1,0.7730201482772827,18.344833374023438,1.052445888519287,0.5462573766708374,6.5050506591796875
1102,18.429523468017578,-13.386680707931518,1001,13.998794555664062,0.0003,1,a2c_entropy_low_seed1,-1.1994621753692627,30.39751625061035,1.0036462545394897,-1.1707780361175537,15.197477340698242
1104,-97.87885284423828,-16.01603678703308,1001,40.6285285949707,0.0003,1,a2c_entropy_low_seed1,-1.4472013711929321,84.15241241455078,0.9565800428390503,-0.7652792930603027,27.857662200927734
1104,-97.87885284423828,-16.01603678703308,1001,28.433303833007812,0.0003,1,a2c_entropy_low_seed1,1.7325263023376465,53.402488708496094,0.9334700107574463,2.8582980632781982,44.57011032104492
1105,-73.7789306640625,-17.10524645805359,1001,55.26259231567383,0.0003,1,a2c_entropy_low_seed1,2.668976306915283,105.18818664550781,0.9520668983459473,3.9840002059936523,44.237022399902344
1105,-73.7789306640625,-17.10524645805359,1001,25.999847412109375,0.0003,1,a2c_entropy_low_seed1,-1.3969690799713135,54.79463577270508,1.0015898942947388,-0.03993576765060425,9.97053337097168
1105,-73.7789306640625,-17.10524645805359,1001,31.121007919311523,0.0003,1,a2c_entropy_low_seed1,0.02069920301437378,62.201576232910156,0.9585759043693542,1.3761329650878906,28.089252471923828
1105,-73.7789306640625,-17.10524645805359,1001,17.593835830688477,0.0003,1,a2c_entropy_low_seed1,-0.52183997631073,36.232330322265625,0.9817740321159363,0.015992216765880585,11.263772964477539
1105,-73.7789306640625,-17.10524645805359,1001,41.2867546081543,0.0003,1,a2c_entropy_low_seed1,4.338236331939697,73.8980484008789,1.017027735710144,5.127659797668457,53.76946258544922
1105,-73.7789306640625,-17.10524645805359,1001,18.301342010498047,0.0003,1,a2c_entropy_low_seed1,-3.299077033996582,43.20178985595703,0.9549810886383057,-2.297905445098877,31.714649200439453
1105,-73.7789306640625,-17.10524645805359,1001,19.624897003173828,0.0003,1,a2c_entropy_low_seed1,0.27355727553367615,38.70361328125,0.9351252317428589,1.1525366306304932,14.009817123413086
1105,-73.7789306640625,-17.10524645805359,1001,19.563823699951172,0.0003,1,a2c_entropy_low_seed1,0.296394944190979,38.535850524902344,0.991357147693634,0.9163545966148376,20.478225708007812
1106,-48.61741638183594,-17.125482358932494,1001,9.175161361694336,0.0003,1,a2c_entropy_low_seed1,-1.3954997062683105,21.142311096191406,0.9876396059989929,-0.7957425117492676,12.177289009094238
1106,-48.61741638183594,-17.125482358932494,1001,8.850740432739258,0.0003,1,a2c_entropy_low_seed1,-1.4230300188064575,20.548553466796875,1.012637734413147,-0.8887110948562622,11.720001220703125
1107,-7.5892181396484375,-17.163863248825074,385,49.292144775390625,0.0003,1,a2c_entropy_low_seed1,-0.24988827109336853,99.08506774902344,0.9988569617271423,0.5160712003707886,12.766558647155762
1107,-7.5892181396484375,-17.163863248825074,385,21.596616744995117,0.0003,1,a2c_entropy_low_seed1,2.6031081676483154,37.98799514770508,0.9779677391052246,3.009861946105957,34.80111312866211
1108,35.985450744628906,-16.498190546035765,1001,24.275989532470703,0.0003,1,a2c_entropy_low_seed1,-1.6486108303070068,51.85017395019531,0.972383975982666,-0.6114166975021362,19.65654945373535
1108,35.985450744628906,-16.498190546035765,1001,20.827251434326172,0.0003,1,a2c_entropy_low_seed1,-2.363291025161743,46.382041931152344,0.9566264152526855,-1.7084540128707886,24.2160701751709
1108,35.985450744628906,-16.498190546035765,1001,43.921600341796875,0.0003,1,a2c_entropy_low_seed1,0.10507404804229736,87.63402557373047,0.9738457798957825,1.398341178894043,26.53495979309082
1108,35.985450744628906,-16.498190546035765,1001,37.92195129394531,0.0003,1,a2c_entropy_low_seed1,1.0413686037063599,73.76211547851562,0.9552391171455383,1.2681971788406372,22.598003387451172
1108,35.985450744628906,-16.498190546035765,1001,14.652253150939941,0.0003,1,a2c_entropy_low_seed1,-1.3087546825408936,31.92301368713379,0.9967741370201111,-0.7308042049407959,13.83722972869873
1109,51.3372917175293,-15.547049875259399,1001,24.083288192749023,0.0003,1,a2c_entropy_low_seed1,-1.2042633295059204,50.576107025146484,1.0050339698791504,-0.9290040731430054,12.702938079833984
1109,51.3372917175293,-15.547049875259399,1001,39.22206497192383,0.0003,1,a2c_entropy_low_seed1,-2.283806324005127,83.01278686523438,1.0423293113708496,-1.6422083377838135,27.969402313232422
1109,51.3372917175293,-15.547049875259399,1001,30.382089614868164,0.0003,1,a2c_entropy_low_seed1,0.5485218167304993,59.6682014465332,1.0651051998138428,0.5881472826004028,15.445582389831543
1111,-36.74315643310547,-22.788309106826784,660,86.99594116210938,0.0003,1,a2c_entropy_low_seed1,-5.609139919281006,185.21119689941406,1.0363829135894775,-5.040506362915039,67.04055786132812
1111,-36.74315643310547,-22.788309106826784,660,16.725156784057617,0.0003,1,a2c_entropy_low_seed1,0.5790778994560242,32.29309844970703,0.9405646324157715,1.375495433807373,19.346492767333984
1111,-36.74315643310547,-22.788309106826784,660,14.656710624694824,0.0003,1,a2c_entropy_low_seed1,-1.684948205947876,32.684303283691406,0.9861511588096619,-1.0956840515136719,17.031517028808594
1111,-36.74315643310547,-22.788309106826784,660,21.060195922851562,0.0003,1,a2c_entropy_low_seed1,-2.5400938987731934,47.201576232910156,0.9942453503608704,-2.0983195304870605,27.847688674926758
1112,-124.70841217041016,-25.183803033828735,1001,23.644479751586914,0.0003,1,a2c_entropy_low_seed1,0.14231565594673157,47.00529098510742,0.963028073310852,0.58277428150177,15.054282188415527
1112,-124.70841217041016,-25.183803033828735,1001,15.568596839904785,0.0003,1,a2c_entropy_low_seed1,0.37001603841781616,30.398090362548828,0.9283441305160522,1.2461377382278442,22.410400390625
1112,-124.70841217041016,-25.183803033828735,1001,21.448646545410156,0.0003,1,a2c_entropy_low_seed1,1.106520414352417,40.68522262573242,0.9681950807571411,1.4075990915298462,25.070505142211914
1112,-124.70841217041016,-25.183803033828735,1001,9.392894744873047,0.0003,1,a2c_entropy_low_seed1,-0.8069320321083069,20.400680541992188,1.0255413055419922,-0.7728649377822876,14.168041229248047
1112,-124.70841217041016,-25.183803033828735,1001,8.267560005187988,0.0003,1,a2c_entropy_low_seed1,-0.9214545488357544,18.3790340423584,1.004744291305542,-0.3665333390235901,5.861501216888428
1113,73.93807220458984,-24.18107060432434,1001,15.825526237487793,0.0003,1,a2c_entropy_low_seed1,-1.2575702667236328,34.16716766357422,0.9754700660705566,-0.49959596991539,19.307605743408203
1113,73.93807220458984,-24.18107060432434,1001,17.216712951660156,0.0003,1,a2c_entropy_low_seed1,-0.2660115361213684,34.9664306640625,0.9814425110816956,0.26620393991470337,9.30669116973877
1113,73.93807220458984,-24.18107060432434,1001,13.772095680236816,0.0003,1,a2c_entropy_low_seed1,0.7848846912384033,25.97538185119629,0.9602410793304443,1.1173018217086792,16.692842483520508
1113,73.93807220458984,-24.18107060432434,1001,7.599208831787109,0.0003,1,a2c_entropy_low_seed1,-1.2383050918579102,17.67599105834961,0.9631181955337524,-0.7920256853103638,9.175063133239746
1113,73.93807220458984,-24.18107060432434,1001,11.349589347839355,0.0003,1,a2c_entropy_low_seed1,-1.2281689643859863,25.15656089782715,1.0431889295578003,-0.9884399771690369,15.020733833312988
1113,73.93807220458984,-24.18107060432434,1001,7.409424304962158,0.0003,1,a2c_entropy_low_seed1,-1.59847092628479,18.016780853271484,0.9905678033828735,-1.508435606956482,17.38409423828125
1113,73.93807220458984,-24.18107060432434,1001,12.635049819946289,0.0003,1,a2c_entropy_low_seed1,-1.4743198156356812,28.21976089477539,1.0215340852737427,-1.1878926753997803,20.140905380249023
1113,73.93807220458984,-24.18107060432434,1001,11.503727912902832,0.0003,1,a2c_entropy_low_seed1,0.4005533754825592,22.207361221313477,1.0125384330749512,0.7366589307785034,10.951827049255371
1113,73.93807220458984,-24.18107060432434,1001,5.653295516967773,0.0003,1,a2c_entropy_low_seed1,-2.4077835083007812,16.12320899963379,1.0510401725769043,-1.989902138710022,24.379838943481445
1113,73.93807220458984,-24.18107060432434,1001,11.564329147338867,0.0003,1,a2c_entropy_low_seed1,-0.9317222833633423,24.99312973022461,1.0264122486114502,-0.9515872597694397,11.434274673461914
1114,-88.41292572021484,-28.625332231521607,1001,21.813493728637695,0.0003,1,a2c_entropy_low_seed1,-1.8688055276870728,47.365604400634766,1.0083556175231934,-1.798151969909668,29.80030059814453
1114,-88.41292572021484,-28.625332231521607,1001,17.99547004699707,0.0003,1,a2c_entropy_low_seed1,-0.3994269371032715,36.79081726074219,1.021661639213562,0.05810278654098511,14.197504043579102
1115,-92.03230285644531,-30.164865808486937,1001,23.302921295166016,0.0003,1,a2c_entropy_low_seed1,-1.1374375820159912,48.88177490234375,1.0555026531219482,-0.4850255250930786,15.304397583007812
1115,-92.03230285644531,-30.164865808486937,1001,16.374588012695312,0.0003,1,a2c_entropy_low_seed1,-1.5230250358581543,35.79621887207031,0.9928794503211975,-1.0043730735778809,13.667675018310547
1116,25.753633499145508,-28.677171297073365,1001,46.87187957763672,0.0003,1,a2c_entropy_low_seed1,0.7938920259475708,92.15695190429688,0.9767548441886902,1.664922833442688,43.12981033325195
1116,25.753633499145508,-28.677171297073365,1001,14.089113235473633,0.0003,1,a2c_entropy_low_seed1,-0.5027782320976257,29.184738159179688,0.9548608064651489,-0.04970651865005493,10.488950729370117
1116,25.753633499145508,-28.677171297073365,1001,18.769956588745117,0.0003,1,a2c_entropy_low_seed1,0.953744113445282,35.63337707519531,0.9537490010261536,1.9663586616516113,29.556493759155273
1116,25.753633499145508,-28.677171297073365,1001,28.940473556518555,0.0003,1,a2c_entropy_low_seed1,-3.4057908058166504,64.69354248046875,1.0149425268173218,-2.9986026287078857,32.2883415222168
1116,25.753633499145508,-28.677171297073365,1001,11.965075492858887,0.0003,1,a2c_entropy_low_seed1,-0.7106838226318359,25.352510452270508,0.9913443922996521,-0.20454703271389008,9.426702499389648
1117,-104.80182647705078,-29.60855450630188,1001,10.98201847076416,0.0003,1,a2c_entropy_low_seed1,-0.31070676445961,22.586397171020508,0.9461005330085754,0.14614811539649963,7.09541130065918
1117,-104.80182647705078,-29.60855450630188,1001,23.631757736206055,0.0003,1,a2c_entropy_low_seed1,1.2470242977142334,44.77046203613281,0.996483564376831,1.5608760118484497,19.483638763427734
1117,-104.80182647705078,-29.60855450630188,1001,39.835296630859375,0.0003,1,a2c_entropy_low_seed1,2.107030153274536,75.45755767822266,1.0251470804214478,2.3780012130737305,35.82466125488281
1118,-68.78472900390625,-29.139015169143676,1001,10.709022521972656,0.0003,1,a2c_entropy_low_seed1,-1.616223931312561,24.651458740234375,0.9642050862312317,-0.9821373224258423,14.91842269897461
1119,8.434289932250977,-30.764348993301393,1001,9.47611141204834,0.0003,1,a2c_entropy_low_seed1,0.20694787800312042,18.5391902923584,0.8647663593292236,1.0489051342010498,16.81836700439453
1119,8.434289932250977,-30.764348993301393,1001,18.033403396606445,0.0003,1,a2c_entropy_low_seed1,0.7793583869934082,34.50907897949219,0.9863451719284058,1.3886322975158691,23.61151885986328
1119,8.434289932250977,-30.764348993301393,1001,25.826501846313477,0.0003,1,a2c_entropy_low_seed1,1.4842053651809692,48.685604095458984,1.0116922855377197,1.6536517143249512,26.253496170043945
1120,-28.013059616088867,-30.361117067337037,1001,11.836633682250977,0.0003,1,a2c_entropy_low_seed1,-2.901620626449585,29.477493286132812,0.9834945797920227,-2.3687758445739746,33.11605453491211
1120,-28.013059616088867,-30.361117067337037,1001,22.614362716674805,0.0003,1,a2c_entropy_low_seed1,1.287454605102539,42.65477752685547,0.9604934453964233,2.224303960800171,29.577804565429688
1120,-28.013059616088867,-30.361117067337037,1001,16.05104637145996,0.0003,1,a2c_entropy_low_seed1,1.5565156936645508,28.990022659301758,0.9613574743270874,1.8849302530288696,21.696184158325195
1120,-28.013059616088867,-30.361117067337037,1001,9.699875831604004,0.0003,1,a2c_entropy_low_seed1,-2.4243502616882324,24.249422073364258,0.9707867503166199,-2.0366263389587402,25.717172622680664
1120,-28.013059616088867,-30.361117067337037,1001,12.773765563964844,0.0003,1,a2c_entropy_low_seed1,-0.16752535104751587,25.88349723815918,0.9155506491661072,0.6815778613090515,11.959247589111328
1121,-73.95602416992188,-28.608836793899535,1001,11.687629699707031,0.0003,1,a2c_entropy_low_seed1,-2.023106336593628,27.422500610351562,1.0278509855270386,-2.059251070022583,26.797922134399414
1121,-73.95602416992188,-28.608836793899535,1001,10.746719360351562,0.0003,1,a2c_entropy_low_seed1,-1.9300893545150757,25.354639053344727,1.0226224660873413,-1.6459972858428955,18.860246658325195
1121,-73.95602416992188,-28.608836793899535,1001,15.348594665527344,0.0003,1,a2c_entropy_low_seed1,-2.6446433067321777,35.98749542236328,1.019476294517517,-2.0456292629241943,28.612855911254883
1121,-73.95602416992188,-28.608836793899535,1001,11.003429412841797,0.0003,1,a2c_entropy_low_seed1,0.1714770495891571,21.664901733398438,0.9971158504486084,0.6454449892044067,8.557003021240234
1121,-73.95602416992188,-28.608836793899535,1001,19.45648193359375,0.0003,1,a2c_entropy_low_seed1,-2.901090621948242,44.71615219116211,1.005571722984314,-2.6409764289855957,30.04791259765625
1121,-73.95602416992188,-28.608836793899535,1001,18.18885612487793,0.0003,1,a2c_entropy_low_seed1,-1.0012669563293457,38.381202697753906,0.9589430093765259,-0.427517294883728,13.212388038635254
1121,-73.95602416992188,-28.608836793899535,1001,41.09104537963867,0.0003,1,a2c_entropy_low_seed1,0.7667838335037231,80.64945983886719,0.9399935007095337,1.6534383296966553,36.655357360839844
1121,-73.95602416992188,-28.608836793899535,1001,16.47673225402832,0.0003,1,a2c_entropy_low_seed1,-0.11405281722545624,33.182525634765625,0.9553703665733337,0.7342568635940552,14.063422203063965
1121,-73.95602416992188,-28.608836793899535,1001,12.565848350524902,0.0003,1,a2c_entropy_low_seed1,-1.2495895624160767,27.631832122802734,0.955723762512207,-1.1897850036621094,18.63827896118164
1121,-73.95602416992188,-28.608836793899535,1001,7.843113422393799,0.0003,1,a2c_entropy_low_seed1,-0.39345794916152954,16.47406005859375,0.9174341559410095,0.1386519968509674,8.183220863342285
1122,10.153230667114258,-28.353379287719726,1001,13.197847366333008,0.0003,1,a2c_entropy_low_seed1,-0.49357813596725464,27.38374900817871,0.8985575437545776,-0.3411042094230652,13.193092346191406
1122,10.153230667114258,-28.353379287719726,1001,8.94436264038086,0.0003,1,a2c_entropy_low_seed1,-0.5279784202575684,18.94562530517578,0.9418451189994812,-0.4254392087459564,10.019196510314941
1123,-97.94577026367188,-28.94525733947754,1001,9.433745384216309,0.0003,1,a2c_entropy_low_seed1,-1.1977275609970093,21.263853073120117,0.9082167148590088,-0.7347703576087952,15.950915336608887
1123,-97.94577026367188,-28.94525733947754,1001,14.465274810791016,0.0003,1,a2c_entropy_low_seed1,-0.47517234086990356,29.88184356689453,0.9494897127151489,-0.2506520748138428,15.835931777954102
1123,-97.94577026367188,-28.94525733947754,1001,16.598955154418945,0.0003,1,a2c_entropy_low_seed1,1.743009090423584,29.712871551513672,0.9805179238319397,1.9179856777191162,24.046892166137695
1124,21.682649612426758,-29.609930534362793,1001,7.559274196624756,0.0003,1,a2c_entropy_low_seed1,-1.1059579849243164,17.33148193359375,1.0179283618927002,-0.698197603225708,14.503665924072266
1124,21.682649612426758,-29.609930534362793,1001,5.4569478034973145,0.0003,1,a2c_entropy_low_seed1,0.19975653290748596,10.515439987182617,1.0577901601791382,0.34079602360725403,5.568604469299316
1125,-62.492408752441406,-30.194524040222166,839,149.78736877441406,0.0003,1,a2c_entropy_low_seed1,-6.240748405456543,312.0572204589844,0.9679124355316162,-6.5483293533325195,111.84215545654297
1126,-138.16221618652344,-30.866296348571776,832,86.38387298583984,0.0003,1,a2c_entropy_low_seed1,-2.579869031906128,177.928466796875,0.969004213809967,-4.0330305099487305,82.54351806640625
1127,-88.64079284667969,-34.83083171844483,1001,12.491695404052734,0.0003,1,a2c_entropy_low_seed1,0.36536574363708496,24.253677368164062,1.0193148851394653,1.1967142820358276,14.798351287841797
1127,-88.64079284667969,-34.83083171844483,1001,12.971402168273926,0.0003,1,a2c_entropy_low_seed1,-1.0191388130187988,27.982059478759766,0.9777601361274719,-0.16457337141036987,14.413422584533691
1127,-88.64079284667969,-34.83083171844483,1001,23.68160629272461,0.0003,1,a2c_entropy_low_seed1,2.093080520629883,43.177974700927734,0.9246284365653992,2.802428960800171,47.326690673828125
1127,-88.64079284667969,-34.83083171844483,1001,10.787681579589844,0.0003,1,a2c_entropy_low_seed1,0.32161059975624084,20.93314552307129,1.002444863319397,0.7318358421325684,14.022528648376465
1127,-88.64079284667969,-34.83083171844483,1001,15.20533275604248,0.0003,1,a2c_entropy_low_seed1,0.21954980492591858,29.972585678100586,1.0209219455718994,0.6739727854728699,11.86095142364502
1127,-88.64079284667969,-34.83083171844483,1001,7.471155166625977,0.0003,1,a2c_entropy_low_seed1,-1.5087454319000244,17.96078872680664,0.9881929755210876,-0.9009429812431335,14.90640926361084
1127,-88.64079284667969,-34.83083171844483,1001,12.063597679138184,0.0003,1,a2c_entropy_low_seed1,-1.2762303352355957,26.680633544921875,0.9788357615470886,-0.7754476070404053,13.1641206741333
1128,30.802553176879883,-32.000642166137695,1001,19.61441993713379,0.0003,1,a2c_entropy_low_seed1,2.583998441696167,34.06181716918945,0.972474992275238,3.338702440261841,43.354373931884766
1128,30.802553176879883,-32.000642166137695,1001,18.148351669311523,0.0003,1,a2c_entropy_low_seed1,-4.796987533569336,45.89169692993164,1.0173200368881226,-4.258097171783447,57.46218490600586
1128,30.802553176879883,-32.000642166137695,1001,40.52629470825195,0.0003,1,a2c_entropy_low_seed1,3.5728228092193604,73.9079360961914,0.9945043325424194,4.359553813934326,53.35340881347656
1128,30.802553176879883,-32.000642166137695,1001,11.136175155639648,0.0003,1,a2c_entropy_low_seed1,-0.2755528688430786,22.82444953918457,0.9935451745986938,0.2984999418258667,8.306051254272461
1128,30.802553176879883,-32.000642166137695,1001,11.535727500915527,0.0003,1,a2c_entropy_low_seed1,-3.027165412902832,29.12681007385254,1.0236819982528687,-2.843385696411133,39.40008544921875
1128,30.802553176879883,-32.000642166137695,1001,15.554646492004395,0.0003,1,a2c_entropy_low_seed1,2.1645026206970215,26.78127670288086,0.9908450841903687,2.136075496673584,24.457151412963867
1129,6.119677543640137,-33.83156633377075,1001,12.9424409866333,0.0003,1,a2c_entropy_low_seed1,-2.525421380996704,30.93673324584961,1.009716510772705,-2.2347354888916016,33.3112907409668
1129,6.119677543640137,-33.83156633377075,1001,12.933171272277832,0.0003,1,a2c_entropy_low_seed1,-0.27576613426208496,26.41887664794922,1.001889944076538,0.06498515605926514,16.422048568725586
1129,6.119677543640137,-33.83156633377075,1001,28.71786117553711,0.0003,1,a2c_entropy_low_seed1,-0.22932690382003784,57.89533996582031,0.9647386074066162,1.00308358669281,20.95785140991211
1129,6.119677543640137,-33.83156633377075,1001,8.912812232971191,0.0003,1,a2c_entropy_low_seed1,-0.3765886425971985,18.57980728149414,1.0059559345245361,0.2590772807598114,7.7692108154296875
1129,6.119677543640137,-33.83156633377075,1001,13.67501163482666,0.0003,1,a2c_entropy_low_seed1,1.0472042560577393,25.25664710998535,1.0313352346420288,1.6126059293746948,17.949695587158203
1129,6.119677543640137,-33.83156633377075,1001,8.546320915222168,0.0003,1,a2c_entropy_low_seed1,-2.495680093765259,22.085046768188477,1.045246958732605,-1.951183795928955,22.886981964111328
1129,6.119677543640137,-33.83156633377075,1001,9.576214790344238,0.0003,1,a2c_entropy_low_seed1,-1.6705914735794067,22.4946346282959,1.0232794284820557,-0.981028139591217,15.054814338684082
1129,6.119677543640137,-33.83156633377075,1001,17.98014259338379,0.0003,1,a2c_entropy_low_seed1,1.411530613899231,33.13824462890625,1.0206687450408936,2.0583126544952393,26.221765518188477
1129,6.119677543640137,-33.83156633377075,1001,9.916346549987793,0.0003,1,a2c_entropy_low_seed1,-2.92155122756958,25.67682456970215,1.0277783870697021,-2.5669028759002686,31.255271911621094
1130,21.83452033996582,-30.90452527999878,1001,15.007479667663574,0.0003,1,a2c_entropy_low_seed1,-0.8533182144165039,31.72262954711914,1.0346189737319946,-0.5356965065002441,14.1742582321167
1130,21.83452033996582,-30.90452527999878,1001,19.676177978515625,0.0003,1,a2c_entropy_low_seed1,-2.458164691925049,44.26972579956055,1.041865587234497,-1.9430859088897705,29.55998420715332
1131,-22.730066299438477,-31.26309953689575,1001,27.029415130615234,0.0003,1,a2c_entropy_low_seed1,0.6680030822753906,52.72383499145508,1.0115694999694824,1.4009041786193848,29.524063110351562
1131,-22.730066299438477,-31.26309953689575,1001,17.730201721191406,0.0003,1,a2c_entropy_low_seed1,0.020863324403762817,35.419654846191406,0.9750607013702393,0.8374596834182739,20.270061492919922
1131,-22.730066299438477,-31.26309953689575,1001,14.310175895690918,0.0003,1,a2c_entropy_low_seed1,0.4670034646987915,27.687355041503906,1.0107285976409912,1.0457450151443481,18.908763885498047
1132,-84.76476287841797,-31.833351306915283,1001,11.163772583007812,0.0003,1,a2c_entropy_low_seed1,-0.8517233729362488,24.032014846801758,1.0222530364990234,-0.671684741973877,11.794961929321289
1132,-84.76476287841797,-31.833351306915283,1001,14.28282356262207,0.0003,1,a2c_entropy_low_seed1,-1.604161262512207,31.774948120117188,0.9790490865707397,-0.8115092515945435,23.749332427978516
1132,-84.76476287841797,-31.833351306915283,1001,11.855929374694824,0.0003,1,a2c_entropy_low_seed1,-1.7503364086151123,27.21350860595703,0.9768874049186707,-0.9957997798919678,15.322160720825195
1134,-44.085384368896484,-29.29671754837036,1001,14.74933910369873,0.0003,1,a2c_entropy_low_seed1,1.2390637397766113,27.021549224853516,0.9975939989089966,1.9059072732925415,24.18486785888672
1135,-23.30176544189453,-30.3076446723938,1001,12.433451652526855,0.0003,1,a2c_entropy_low_seed1,-1.0654783248901367,26.998865127563477,1.0047571659088135,-0.6170081496238708,9.064773559570312
1135,-23.30176544189453,-30.3076446723938,1001,11.442456245422363,0.0003,1,a2c_entropy_low_seed1,-1.5499974489212036,25.985897064208984,0.9906983375549316,-1.178091049194336,19.25860023498535
1135,-23.30176544189453,-30.3076446723938,1001,16.254594802856445,0.0003,1,a2c_entropy_low_seed1,1.2162587642669678,30.077634811401367,0.9606996774673462,2.25384521484375,37.59646224975586
1135,-23.30176544189453,-30.3076446723938,1001,18.907472610473633,0.0003,1,a2c_entropy_low_seed1,-0.4834243655204773,38.782798767089844,1.0032464265823364,0.11621749401092529,9.902854919433594
1135,-23.30176544189453,-30.3076446723938,1001,14.503349304199219,0.0003,1,a2c_entropy_low_seed1,-1.088810682296753,31.18531036376953,0.9900402426719666,-0.4104529023170471,18.544734954833984
1135,-23.30176544189453,-30.3076446723938,1001,5.599836826324463,0.0003,1,a2c_entropy_low_seed1,-0.27839434146881104,11.757466316223145,1.0043421983718872,-0.25290820002555847,11.117152214050293
1135,-23.30176544189453,-30.3076446723938,1001,7.452938079833984,0.0003,1,a2c_entropy_low_seed1,-1.073196291923523,17.05328369140625,1.0142817497253418,-0.7174415588378906,13.826700210571289
1135,-23.30176544189453,-30.3076446723938,1001,12.354676246643066,0.0003,1,a2c_entropy_low_seed1,0.3710628151893616,23.96820831298828,0.9820922613143921,0.8299909234046936,13.313712120056152
1136,27.74513816833496,-31.725455684661867,1001,9.685298919677734,0.0003,1,a2c_entropy_low_seed1,-1.1470164060592651,21.665660858154297,1.0299307107925415,-0.7618030309677124,13.297968864440918
1136,27.74513816833496,-31.725455684661867,1001,7.417580604553223,0.0003,1,a2c_entropy_low_seed1,-1.278435468673706,17.393033981323242,1.0016616582870483,-0.9340402483940125,15.774740219116211
1136,27.74513816833496,-31.725455684661867,1001,20.59780502319336,0.0003,1,a2c_entropy_low_seed1,0.0664033591747284,41.06378173828125,0.9747946262359619,0.6306386590003967,16.755414962768555
1136,27.74513816833496,-31.725455684661867,1001,9.784024238586426,0.0003,1,a2c_entropy_low_seed1,-1.6678078174591064,22.904705047607422,1.040970802307129,-1.6704845428466797,23.848228454589844
1136,27.74513816833496,-31.725455684661867,1001,12.453537940979004,0.0003,1,a2c_entropy_low_seed1,-0.11378943175077438,25.135692596435547,1.0381958484649658,0.19917449355125427,6.353503704071045
1137,-55.512508392333984,-35.2630389213562,1001,8.444090843200684,0.0003,1,a2c_entropy_low_seed1,-2.2731940746307373,21.43565559387207,1.0856720209121704,-2.2637834548950195,34.58351135253906
1137,-55.512508392333984,-35.2630389213562,1001,6.43339729309082,0.0003,1,a2c_entropy_low_seed1,-1.6886852979660034,16.2452335357666,1.06820809841156,-1.487284541130066,23.525312423706055
1137,-55.512508392333984,-35.2630389213562,1001,11.645281791687012,0.0003,1,a2c_entropy_low_seed1,-2.687375545501709,28.666316986083984,1.0016626119613647,-2.313228130340576,32.79119873046875
1137,-55.512508392333984,-35.2630389213562,1001,8.014497756958008,0.0003,1,a2c_entropy_low_seed1,0.6224426031112671,14.785086631774902,0.9759478569030762,1.4170913696289062,19.784021377563477
1137,-55.512508392333984,-35.2630389213562,1001,9.492087364196777,0.0003,1,a2c_entropy_low_seed1,-1.0624828338623047,21.11009407043457,0.9536992907524109,-0.4983823299407959,10.031425476074219
1137,-55.512508392333984,-35.2630389213562,1001,14.00243854522705,0.0003,1,a2c_entropy_low_seed1,-1.227607011795044,30.46109390258789,1.0036119222640991,-0.5257611870765686,18.3613338470459
1137,-55.512508392333984,-35.2630389213562,1001,14.21249008178711,0.0003,1,a2c_entropy_low_seed1,-0.23837649822235107,28.902711868286133,0.9791908860206604,0.44907987117767334,7.497498989105225
1137,-55.512508392333984,-35.2630389213562,1001,15.595658302307129,0.0003,1,a2c_entropy_low_seed1,-2.252723217010498,35.6977653503418,1.0016908645629883,-1.6674224138259888,20.333797454833984
1137,-55.512508392333984,-35.2630389213562,1001,18.8577880859375,0.0003,1,a2c_entropy_low_seed1,-1.136418342590332,39.98942947387695,1.0163248777389526,-0.6428730487823486,20.90726089477539
1137,-55.512508392333984,-35.2630389213562,1001,44.25175857543945,0.0003,1,a2c_entropy_low_seed1,2.7237234115600586,83.05707550048828,1.010326623916626,2.7374496459960938,42.95900344848633
1138,-81.72765350341797,-34.76724653244018,1001,24.94647979736328,0.0003,1,a2c_entropy_low_seed1,0.8653366565704346,48.163307189941406,1.0227524042129517,1.1933256387710571,20.371124267578125
1138,-81.72765350341797,-34.76724653244018,1001,13.989008903503418,0.0003,1,a2c_entropy_low_seed1,0.24914366006851196,27.48070526123047,0.9754219055175781,0.2592388689517975,12.45415210723877
1139,-84.54055786132812,-35.32140111923218,1001,37.019657135009766,0.0003,1,a2c_entropy_low_seed1,1.4811580181121826,71.07799530029297,0.9985659718513489,2.5500423908233643,42.072288513183594
1139,-84.54055786132812,-35.32140111923218,1001,20.539461135864258,0.0003,1,a2c_entropy_low_seed1,-0.31784725189208984,41.71567153930664,1.0574508905410767,0.1721549928188324,18.02301597595215
1140,37.99906921386719,-34.31625356674194,1001,24.78150749206543,0.0003,1,a2c_entropy_low_seed1,0.5932724475860596,48.37742614746094,0.9567997455596924,1.698326826095581,27.053497314453125
1140,37.99906921386719,-34.31625356674194,1001,18.209739685058594,0.0003,1,a2c_entropy_low_seed1,0.01113271713256836,36.398193359375,0.9790440797805786,0.5567846894264221,18.443477630615234
1140,37.99906921386719,-34.31625356674194,1001,41.3045768737793,0.0003,1,a2c_entropy_low_seed1,3.015291690826416,76.57948303222656,0.9137729406356812,4.653833866119385,64.22999572753906
1142,-34.480316162109375,-35.203009090423585,1001,13.093027114868164,0.0003,1,a2c_entropy_low_seed1,0.009920328855514526,26.167268753051758,1.055304765701294,0.6451247930526733,10.603524208068848
1142,-34.480316162109375,-35.203009090423585,1001,17.058773040771484,0.0003,1,a2c_entropy_low_seed1,1.098156213760376,31.922304153442383,1.0717681646347046,1.7875162363052368,22.135883331298828
1144,-13.868736267089844,-35.300251979827884,299,165.44366455078125,0.0003,1,a2c_entropy_low_seed1,1.871510624885559,327.14520263671875,0.899899423122406,-1.552547574043274,75.4370346069336
1144,-13.868736267089844,-35.300251979827884,299,9.837539672851562,0.0003,1,a2c_entropy_low_seed1,0.37187469005584717,18.93223762512207,0.9083528518676758,0.8358073234558105,20.371978759765625
1144,-13.868736267089844,-35.300251979827884,299,43.46505355834961,0.0003,1,a2c_entropy_low_seed1,3.313967227935791,80.30313873291016,0.972522497177124,4.467440128326416,67.44593811035156
1144,-13.868736267089844,-35.300251979827884,299,10.966557502746582,0.0003,1,a2c_entropy_low_seed1,-2.988300323486328,27.910694122314453,0.9791273474693298,-2.1781697273254395,27.70087242126465
1144,-13.868736267089844,-35.300251979827884,299,16.014101028442383,0.0003,1,a2c_entropy_low_seed1,-0.6233675479888916,33.27584457397461,0.9074663519859314,0.5416128039360046,13.747328758239746
1144,-13.868736267089844,-35.300251979827884,299,12.255477905273438,0.0003,1,a2c_entropy_low_seed1,-1.6675806045532227,27.847148895263672,1.0325896739959717,-1.1954638957977295,14.880269050598145
1144,-13.868736267089844,-35.300251979827884,299,17.67990493774414,0.0003,1,a2c_entropy_low_seed1,-0.17535609006881714,35.71156692504883,1.046528697013855,0.12210100889205933,16.060562133789062
1145,-32.60325241088867,-36.77122205734253,1001,14.838174819946289,0.0003,1,a2c_entropy_low_seed1,1.7099871635437012,26.257352828979492,0.9756966829299927,2.3478426933288574,31.704513549804688
1145,-32.60325241088867,-36.77122205734253,1001,6.135056018829346,0.0003,1,a2c_entropy_low_seed1,-1.5223801136016846,15.315871238708496,0.9988301396369934,-1.0137256383895874,10.846776962280273
1145,-32.60325241088867,-36.77122205734253,1001,6.975277900695801,0.0003,1,a2c_entropy_low_seed1,-0.16945262253284454,14.290460586547852,0.999849796295166,0.40583688020706177,7.687212944030762
1145,-32.60325241088867,-36.77122205734253,1001,7.370853900909424,0.0003,1,a2c_entropy_low_seed1,-0.3521772623062134,15.447028160095215,0.9659885168075562,0.08882215619087219,6.351930141448975
1145,-32.60325241088867,-36.77122205734253,1001,17.63372230529785,0.0003,1,a2c_entropy_low_seed1,-2.9900832176208496,41.248619079589844,1.0053069591522217,-2.720551013946533,40.378387451171875
1146,-67.36557006835938,-37.5344141960144,1001,9.284539222717285,0.0003,1,a2c_entropy_low_seed1,-0.6891911625862122,19.948530197143555,1.070245623588562,-0.6322938203811646,12.863773345947266
1146,-67.36557006835938,-37.5344141960144,1001,20.688295364379883,0.0003,1,a2c_entropy_low_seed1,-0.264149934053421,41.90589141845703,1.0008153915405273,0.3547503352165222,11.52981185913086
1146,-67.36557006835938,-37.5344141960144,1001,13.877516746520996,0.0003,1,a2c_entropy_low_seed1,-0.9226861000061035,29.601417541503906,1.0118764638900757,-0.651689350605011,20.417634963989258
1146,-67.36557006835938,-37.5344141960144,1001,12.08364486694336,0.0003,1,a2c_entropy_low_seed1,-0.025660961866378784,24.219573974609375,0.9635881781578064,0.5812678337097168,14.029887199401855
1146,-67.36557006835938,-37.5344141960144,1001,15.373855590820312,0.0003,1,a2c_entropy_low_seed1,1.4064773321151733,27.93577003479004,1.013214111328125,1.5639506578445435,19.166685104370117
1146,-67.36557006835938,-37.5344141960144,1001,8.975555419921875,0.0003,1,a2c_entropy_low_seed1,-0.6168315410614014,19.185832977294922,1.058434247970581,-0.33177340030670166,5.627649307250977
1146,-67.36557006835938,-37.5344141960144,1001,9.99464225769043,0.0003,1,a2c_entropy_low_seed1,-1.3270608186721802,22.644447326660156,1.0411144495010376,-1.1590070724487305,17.053035736083984
1146,-67.36557006835938,-37.5344141960144,1001,14.674870491027832,0.0003,1,a2c_entropy_low_seed1,-2.6100528240203857,34.570884704589844,1.0382226705551147,-2.244596481323242,34.97901153564453
1146,-67.36557006835938,-37.5344141960144,1001,10.92995548248291,0.0003,1,a2c_entropy_low_seed1,-1.270391821861267,24.40176773071289,1.0737484693527222,-1.1663202047348022,17.903053283691406
1146,-67.36557006835938,-37.5344141960144,1001,7.90656042098999,0.0003,1,a2c_entropy_low_seed1,0.471011221408844,14.872136116027832,1.0377767086029053,0.6133254170417786,9.96922492980957
1146,-67.36557006835938,-37.5344141960144,1001,4.899518966674805,0.0003,1,a2c_entropy_low_seed1,-0.9559914469718933,11.711978912353516,0.9588624238967896,-0.2043321579694748,5.840396881103516
1146,-67.36557006835938,-37.5344141960144,1001,9.852739334106445,0.0003,1,a2c_entropy_low_seed1,0.23348039388656616,19.239534378051758,1.0163618326187134,0.757898211479187,9.445270538330078
1147,89.0069808959961,-35.673784465789794,1001,26.41521453857422,0.0003,1,a2c_entropy_low_seed1,1.7649325132369995,49.30155563354492,0.9910674095153809,2.5249829292297363,36.069419860839844
1147,89.0069808959961,-35.673784465789794,1001,11.039544105529785,0.0003,1,a2c_entropy_low_seed1,0.05155476927757263,21.977012634277344,1.0336732864379883,0.13406340777873993,10.613557815551758
1148,-33.71125030517578,-32.41420209884644,1001,35.77984619140625,0.0003,1,a2c_entropy_low_seed1,1.2291754484176636,69.10237121582031,1.026746392250061,2.1370043754577637,35.21432876586914
1148,-33.71125030517578,-32.41420209884644,1001,11.475454330444336,0.0003,1,a2c_entropy_low_seed1,-0.5753579139709473,24.102582931518555,0.9576835632324219,0.31054019927978516,14.259442329406738
1148,-33.71125030517578,-32.41420209884644,1001,16.537841796875,0.0003,1,a2c_entropy_low_seed1,-0.1337134838104248,33.34407043457031,0.9616910815238953,0.8419334292411804,20.41743278503418
1149,-58.14342498779297,-32.820004558563234,1001,28.728679656982422,0.0003,1,a2c_entropy_low_seed1,2.270334482192993,52.917667388916016,0.9750705361366272,2.5973997116088867,37.230690002441406
1150,58.03274154663086,-30.600821361541747,1001,25.49054527282715,0.0003,1,a2c_entropy_low_seed1,-3.561239004135132,58.1045036315918,0.9357273578643799,-2.825705051422119,34.422786712646484
1152,-55.857460021972656,-30.995976543426515,1001,52.93299102783203,0.0003,1,a2c_entropy_low_seed1,2.535076141357422,100.79678344726562,0.9533382654190063,4.181707382202148,65.99002838134766
1152,-55.857460021972656,-30.995976543426515,1001,19.66504669189453,0.0003,1,a2c_entropy_low_seed1,-0.4608924686908722,40.252845764160156,0.9692456722259521,0.5622938275337219,12.752676010131836
1152,-55.857460021972656,-30.995976543426515,1001,12.070713996887207,0.0003,1,a2c_entropy_low_seed1,0.3663487434387207,23.40972900390625,0.9969199299812317,0.7369803786277771,13.31446361541748
1152,-55.857460021972656,-30.995976543426515,1001,8.694319725036621,0.0003,1,a2c_entropy_low_seed1,0.32706713676452637,16.735511779785156,1.0066978931427002,0.538998544216156,11.15460205078125
1152,-55.857460021972656,-30.995976543426515,1001,4.137357711791992,0.0003,1,a2c_entropy_low_seed1,-1.0870486497879028,10.449851989746094,1.0393476486206055,-0.5293601155281067,10.228170394897461
1152,-55.857460021972656,-30.995976543426515,1001,9.574616432189941,0.0003,1,a2c_entropy_low_seed1,0.0237027108669281,19.102855682373047,1.0275245904922485,0.6529935598373413,8.115274429321289
1152,-55.857460021972656,-30.995976543426515,1001,4.646966457366943,0.0003,1,a2c_entropy_low_seed1,-2.801933526992798,14.898887634277344,1.0884348154067993,-2.2765607833862305,27.80005645751953
1153,42.43716812133789,-30.9051491355896,1001,6.975318908691406,0.0003,1,a2c_entropy_low_seed1,0.012435436248779297,13.926807403564453,1.0407202243804932,0.5146351456642151,9.968511581420898
1153,42.43716812133789,-30.9051491355896,1001,8.01729965209961,0.0003,1,a2c_entropy_low_seed1,-2.0050549507141113,20.04572105407715,1.011342167854309,-1.356170415878296,16.844276428222656
1153,42.43716812133789,-30.9051491355896,1001,8.181811332702637,0.0003,1,a2c_entropy_low_seed1,-0.4560169279575348,17.27661895751953,0.9637864828109741,0.22315415740013123,7.992916107177734
1153,42.43716812133789,-30.9051491355896,1001,10.391701698303223,0.0003,1,a2c_entropy_low_seed1,0.3594987392425537,20.065427780151367,1.0223736763000488,0.6491328477859497,9.925333023071289
1153,42.43716812133789,-30.9051491355896,1001,3.9519412517547607,0.0003,1,a2c_entropy_low_seed1,-1.27263605594635,10.450204849243164,1.050518274307251,-0.999836802482605,13.255819320678711
1153,42.43716812133789,-30.9051491355896,1001,6.160292625427246,0.0003,1,a2c_entropy_low_seed1,-0.8667185306549072,14.055109024047852,1.0874789953231812,-0.9395208358764648,16.935001373291016
1154,12.560432434082031,-28.696363430023194,1001,9.192082405090332,0.0003,1,a2c_entropy_low_seed1,-0.39337530732154846,19.17194175720215,1.0269800424575806,0.2931562066078186,5.948765754699707
1154,12.560432434082031,-28.696363430023194,1001,7.704555988311768,0.0003,1,a2c_entropy_low_seed1,-1.5409934520721436,18.49215316772461,1.0534982681274414,-1.458543300628662,16.567337036132812
1154,12.560432434082031,-28.696363430023194,1001,11.528671264648438,0.0003,1,a2c_entropy_low_seed1,-0.5307595133781433,24.119903564453125,1.0421093702316284,-0.17462196946144104,12.510842323303223
1154,12.560432434082031,-28.696363430023194,1001,10.954906463623047,0.0003,1,a2c_entropy_low_seed1,-1.1967741250991821,24.30440330505371,1.0408079624176025,-0.7946493029594421,11.256514549255371
1154,12.560432434082031,-28.696363430023194,1001,11.471156120300293,0.0003,1,a2c_entropy_low_seed1,-2.393768310546875,27.730854034423828,1.0046751499176025,-1.7493212223052979,22.30874252319336
1154,12.560432434082031,-28.696363430023194,1001,18.51981544494629,0.0003,1,a2c_entropy_low_seed1,0.8464157581329346,35.3477668762207,0.9684181809425354,1.783242106437683,26.87464141845703
1154,12.560432434082031,-28.696363430023194,1001,7.0493316650390625,0.0003,1,a2c_entropy_low_seed1,-1.879417061805725,17.85850715637207,1.0101957321166992,-1.4675084352493286,17.47149085998535
1154,12.560432434082031,-28.696363430023194,1001,13.436332702636719,0.0003,1,a2c_entropy_low_seed1,-3.0372464656829834,32.94816207885742,1.0029932260513306,-2.5911169052124023,32.46063995361328
1154,12.560432434082031,-28.696363430023194,1001,20.844266891479492,0.0003,1,a2c_entropy_low_seed1,0.5864704847335815,40.516605377197266,1.0110743045806885,0.5900808572769165,14.213350296020508
1154,12.560432434082031,-28.696363430023194,1001,4.787489891052246,0.0003,1,a2c_entropy_low_seed1,-0.5671883225440979,10.710359573364258,1.003738284111023,-0.45159056782722473,5.918955326080322
1154,12.560432434082031,-28.696363430023194,1001,2.9792799949645996,0.0003,1,a2c_entropy_low_seed1,-1.7422627210617065,9.444046020507812,0.9605506062507629,-1.3468894958496094,17.187461853027344
1155,-15.77462387084961,-27.536277294158936,1001,4.893033027648926,0.0003,1,a2c_entropy_low_seed1,-1.5978753566741943,12.98275089263916,0.9345029592514038,-0.9859980344772339,11.862205505371094
1155,-15.77462387084961,-27.536277294158936,1001,5.131515026092529,0.0003,1,a2c_entropy_low_seed1,-0.8452289700508118,11.9544038772583,0.9156319499015808,-0.4362238347530365,6.616803169250488
1155,-15.77462387084961,-27.536277294158936,1001,7.645607948303223,0.0003,1,a2c_entropy_low_seed1,-2.2311689853668213,19.754514694213867,0.9615679979324341,-1.7859845161437988,23.502912521362305
1156,52.28213119506836,-25.51828634262085,1001,18.22622299194336,0.0003,1,a2c_entropy_low_seed1,0.5067354440689087,35.439964294433594,0.9869623184204102,0.8133528828620911,21.032499313354492
1156,52.28213119506836,-25.51828634262085,1001,10.206790924072266,0.0003,1,a2c_entropy_low_seed1,0.7959393262863159,18.822677612304688,0.9741169214248657,1.0968780517578125,17.59320068359375
1156,52.28213119506836,-25.51828634262085,1001,4.906500816345215,0.0003,1,a2c_entropy_low_seed1,-0.3651736080646515,10.5443754196167,1.0265600681304932,-0.37402570247650146,6.406813621520996
1158,-62.6306266784668,-26.39780439376831,1001,6.41846227645874,0.0003,1,a2c_entropy_low_seed1,-0.914517343044281,14.666913032531738,0.9536762237548828,-0.30853527784347534,7.191863536834717
1159,-109.48181915283203,-29.614186611175537,1001,6.521252632141113,0.0003,1,a2c_entropy_low_seed1,-1.2512623071670532,15.545924186706543,0.8942769765853882,-0.7175935506820679,11.534700393676758
1160,-45.44148254394531,-29.6939764213562,1001,26.060781478881836,0.0003,1,a2c_entropy_low_seed1,-0.29760098457336426,52.71769714355469,0.9306663870811462,1.1969597339630127,28.441652297973633
1160,-45.44148254394531,-29.6939764213562,1001,31.444833755493164,0.0003,1,a2c_entropy_low_seed1,3.9359898567199707,55.01858901977539,0.8989545702934265,4.408132076263428,62.108856201171875
1160,-45.44148254394531,-29.6939764213562,1001,7.093782424926758,0.0003,1,a2c_entropy_low_seed1,0.23599359393119812,13.716552734375,0.9743071794509888,0.8687396049499512,11.546058654785156
1160,-45.44148254394531,-29.6939764213562,1001,8.042032241821289,0.0003,1,a2c_entropy_low_seed1,-0.8484781384468079,17.78201675415039,0.9958165287971497,0.0004928857088088989,4.2518439292907715
1160,-45.44148254394531,-29.6939764213562,1001,8.687121391296387,0.0003,1,a2c_entropy_low_seed1,-0.5329542756080627,18.44114875793457,0.9977048635482788,0.023550227284431458,7.293528079986572
1160,-45.44148254394531,-29.6939764213562,1001,8.587599754333496,0.0003,1,a2c_entropy_low_seed1,-1.0370445251464844,19.25026512145996,0.9758923053741455,-0.2678854763507843,4.983956813812256
1161,-30.442548751831055,-29.567964267730712,1001,9.637853622436523,0.0003,1,a2c_entropy_low_seed1,-1.626958966255188,22.53063201904297,1.0062916278839111,-1.1766505241394043,16.10975456237793
1162,-133.6489715576172,-29.746775455474854,853,124.54096221923828,0.0003,1,a2c_entropy_low_seed1,-6.203771114349365,261.49053955078125,1.0623879432678223,-6.187559127807617,71.8750991821289
1162,-133.6489715576172,-29.746775455474854,853,7.541654586791992,0.0003,1,a2c_entropy_low_seed1,-0.7492926120758057,16.582908630371094,1.014622688293457,-0.19112786650657654,7.339179039001465
1162,-133.6489715576172,-29.746775455474854,853,32.487098693847656,0.0003,1,a2c_entropy_low_seed1,1.3184661865234375,62.33829879760742,1.0342227220535278,2.4221901893615723,56.57364273071289
1162,-133.6489715576172,-29.746775455474854,853,5.683861255645752,0.0003,1,a2c_entropy_low_seed1,-1.6588783264160156,14.686538696289062,1.0597054958343506,-1.6422733068466187,22.185443878173828
1162,-133.6489715576172,-29.746775455474854,853,7.491203308105469,0.0003,1,a2c_entropy_low_seed1,-2.6406755447387695,20.264787673950195,1.0295878648757935,-2.386077404022217,35.45117950439453
1162,-133.6489715576172,-29.746775455474854,853,5.434467792510986,0.0003,1,a2c_entropy_low_seed1,-1.4129546880722046,13.695816040039062,0.9709364175796509,-0.7617054581642151,10.911661148071289
1162,-133.6489715576172,-29.746775455474854,853,9.047014236450195,0.0003,1,a2c_entropy_low_seed1,-0.2908322811126709,18.67671775817871,1.0248115062713623,-0.06871190667152405,6.048391342163086
1162,-133.6489715576172,-29.746775455474854,853,8.328632354736328,0.0003,1,a2c_entropy_low_seed1,-1.2416510581970215,19.141559600830078,0.9915632009506226,-0.7553702592849731,10.923466682434082
1162,-133.6489715576172,-29.746775455474854,853,10.774723052978516,0.0003,1,a2c_entropy_low_seed1,-0.4032347500324249,22.356882095336914,0.967069149017334,-0.017541874200105667,6.410017490386963
1162,-133.6489715576172,-29.746775455474854,853,5.676175117492676,0.0003,1,a2c_entropy_low_seed1,-1.1282249689102173,13.609771728515625,0.9716446399688721,-0.6654382944107056,8.400168418884277
1162,-133.6489715576172,-29.746775455474854,853,7.065675735473633,0.0003,1,a2c_entropy_low_seed1,-0.959587037563324,16.051517486572266,0.9916706085205078,-0.3599260449409485,6.28837776184082
1162,-133.6489715576172,-29.746775455474854,853,16.218326568603516,0.0003,1,a2c_entropy_low_seed1,-1.4406789541244507,35.31905746459961,1.0441641807556152,-1.1901817321777344,21.185340881347656
1162,-133.6489715576172,-29.746775455474854,853,10.09813404083252,0.0003,1,a2c_entropy_low_seed1,-1.130048155784607,22.4573917388916,1.028002142906189,-0.5818967223167419,9.94874095916748
1162,-133.6489715576172,-29.746775455474854,853,8.497557640075684,0.0003,1,a2c_entropy_low_seed1,-0.10189376771450043,17.199892044067383,0.989413857460022,0.38288962841033936,10.368208885192871
1163,-92.24935913085938,-33.07052408218384,749,189.03790283203125,0.0003,1,a2c_entropy_low_seed1,-5.332082271575928,388.74090576171875,0.9467984437942505,-6.67987060546875,128.40037536621094
1163,-92.24935913085938,-33.07052408218384,749,17.49371910095215,0.0003,1,a2c_entropy_low_seed1,-0.02692621946334839,35.04227066040039,0.9798220992088318,0.2996516525745392,13.407086372375488
1163,-92.24935913085938,-33.07052408218384,749,23.845273971557617,0.0003,1,a2c_entropy_low_seed1,1.8015282154083252,44.08845138549805,0.9604297280311584,2.3128769397735596,32.436134338378906
1165,-116.2658462524414,-32.22854417800903,778,124.99465942382812,0.0003,1,a2c_entropy_low_seed1,-3.239933490753174,256.4701232910156,0.9289909601211548,-3.609987258911133,86.83229064941406
1165,-116.2658462524414,-32.22854417800903,778,17.83847999572754,0.0003,1,a2c_entropy_low_seed1,1.0048425197601318,33.668251037597656,0.9747525453567505,1.6222641468048096,25.529394149780273
1166,-4.647690296173096,-32.8365706539154,1001,37.37733459472656,0.0003,1,a2c_entropy_low_seed1,1.050918698310852,72.65379333496094,0.9637409448623657,2.0983686447143555,50.09839630126953
1166,-4.647690296173096,-32.8365706539154,1001,10.184139251708984,0.0003,1,a2c_entropy_low_seed1,-1.6843860149383545,23.738082885742188,1.0318433046340942,-1.6689691543579102,28.394861221313477
1166,-4.647690296173096,-32.8365706539154,1001,17.42692756652832,0.0003,1,a2c_entropy_low_seed1,0.4427567720413208,33.96928405761719,0.9415634274482727,1.3912653923034668,28.55891227722168
1167,-31.61271095275879,-31.372788343429566,1001,7.376953601837158,0.0003,1,a2c_entropy_low_seed1,1.003196358680725,12.748414993286133,0.9002164006233215,1.526763916015625,22.403860092163086
1167,-31.61271095275879,-31.372788343429566,1001,7.7272210121154785,0.0003,1,a2c_entropy_low_seed1,0.47180575132369995,14.51183032989502,0.9998084902763367,0.7288397550582886,14.103938102722168
1168,-64.521240234375,-31.28751856803894,1001,7.470170497894287,0.0003,1,a2c_entropy_low_seed1,-0.5414749383926392,16.024261474609375,0.9704750776290894,-0.21617844700813293,5.392779350280762
1168,-64.521240234375,-31.28751856803894,1001,12.27238941192627,0.0003,1,a2c_entropy_low_seed1,0.24095910787582397,24.063831329345703,0.9709394574165344,0.7927325963973999,21.665925979614258
1168,-64.521240234375,-31.28751856803894,1001,11.039854049682617,0.0003,1,a2c_entropy_low_seed1,-0.5821190476417542,23.244930267333984,0.9840314388275146,0.02122826874256134,11.973678588867188
1168,-64.521240234375,-31.28751856803894,1001,7.864651679992676,0.0003,1,a2c_entropy_low_seed1,-1.672289490699768,19.074874877929688,0.9931614995002747,-1.3048020601272583,23.075729370117188
1168,-64.521240234375,-31.28751856803894,1001,6.59076452255249,0.0003,1,a2c_entropy_low_seed1,0.47052693367004395,12.241467475891113,0.9930063486099243,0.7873120903968811,12.368263244628906
1168,-64.521240234375,-31.28751856803894,1001,7.087948799133301,0.0003,1,a2c_entropy_low_seed1,-2.221534013748169,18.61996841430664,1.0032812356948853,-2.0386226177215576,32.10309600830078
1168,-64.521240234375,-31.28751856803894,1001,7.656289100646973,0.0003,1,a2c_entropy_low_seed1,-0.5892298817634583,16.492027282714844,0.9886767268180847,-0.46244341135025024,14.333613395690918
1170,-47.71028518676758,-33.645458478927615,1001,10.996471405029297,0.0003,1,a2c_entropy_low_seed1,0.4388463497161865,21.116226196289062,0.9760785102844238,0.6380215883255005,16.105318069458008
1170,-47.71028518676758,-33.645458478927615,1001,5.412440299987793,0.0003,1,a2c_entropy_low_seed1,-0.7655339241027832,12.35694408416748,0.9958298206329346,-0.5495395660400391,9.524401664733887
1170,-47.71028518676758,-33.645458478927615,1001,36.15784454345703,0.0003,1,a2c_entropy_low_seed1,1.8281078338623047,68.66046142578125,0.994601309299469,2.622121810913086,47.048377990722656
1170,-47.71028518676758,-33.645458478927615,1001,19.05477523803711,0.0003,1,a2c_entropy_low_seed1,1.0791081190109253,35.95230484008789,0.969413161277771,1.7299855947494507,36.347412109375
1170,-47.71028518676758,-33.645458478927615,1001,10.688104629516602,0.0003,1,a2c_entropy_low_seed1,0.16336917877197266,21.050479888916016,1.0098034143447876,0.19438332319259644,10.03393840789795
1170,-47.71028518676758,-33.645458478927615,1001,7.070714950561523,0.0003,1,a2c_entropy_low_seed1,0.11746436357498169,13.907554626464844,1.0535011291503906,0.5654388666152954,8.97972297668457
1170,-47.71028518676758,-33.645458478927615,1001,6.203631401062012,0.0003,1,a2c_entropy_low_seed1,0.3459404408931732,11.716410636901855,1.0293737649917603,0.5095177292823792,6.872649192810059
1170,-47.71028518676758,-33.645458478927615,1001,5.400522232055664,0.0003,1,a2c_entropy_low_seed1,-0.45717233419418335,11.716424942016602,1.035599946975708,-0.16260209679603577,5.575526237487793
1170,-47.71028518676758,-33.645458478927615,1001,5.532771110534668,0.0003,1,a2c_entropy_low_seed1,-0.4583086371421814,11.983213424682617,1.0535322427749634,-0.20731574296951294,4.415716648101807
1170,-47.71028518676758,-33.645458478927615,1001,7.3368611335754395,0.0003,1,a2c_entropy_low_seed1,-0.2561113238334656,15.186909675598145,0.9647660851478577,0.3587459325790405,6.4140238761901855
1170,-47.71028518676758,-33.645458478927615,1001,6.767848968505859,0.0003,1,a2c_entropy_low_seed1,-1.0569968223571777,15.65078067779541,1.0894618034362793,-0.8039834499359131,10.290800094604492
1170,-47.71028518676758,-33.645458478927615,1001,6.074640274047852,0.0003,1,a2c_entropy_low_seed1,-2.338977098464966,16.828332901000977,1.09818696975708,-1.7372801303863525,26.081626892089844
1170,-47.71028518676758,-33.645458478927615,1001,5.945295333862305,0.0003,1,a2c_entropy_low_seed1,-1.1249926090240479,14.141643524169922,1.068295955657959,-0.5242377519607544,8.552666664123535
1170,-47.71028518676758,-33.645458478927615,1001,3.7504727840423584,0.0003,1,a2c_entropy_low_seed1,-0.592373788356781,8.686657905578613,0.9645020961761475,-0.2697478234767914,5.911353588104248
1171,-65.13182067871094,-33.468974409103396,887,57.78750991821289,0.0003,1,a2c_entropy_low_seed1,-3.6866886615753174,122.94941711425781,1.0256143808364868,-3.3759288787841797,59.99534225463867
1172,-60.880470275878906,-34.88964842796326,1001,14.492523193359375,0.0003,1,a2c_entropy_low_seed1,-0.6348451375961304,30.25568199157715,0.945416271686554,-0.01954159140586853,16.2479248046875
1172,-60.880470275878906,-34.88964842796326,1001,21.86832618713379,0.0003,1,a2c_entropy_low_seed1,0.2017647624015808,43.334068298339844,0.9449983835220337,0.998060405254364,26.311628341674805
1173,-56.842689514160156,-34.06758681297302,1001,12.730507850646973,0.0003,1,a2c_entropy_low_seed1,1.3948249816894531,22.672340393066406,0.9743859171867371,2.017951250076294,32.51887512207031
1173,-56.842689514160156,-34.06758681297302,1001,7.594520568847656,0.0003,1,a2c_entropy_low_seed1,-2.1583335399627686,19.506698608398438,0.9900597929954529,-2.028585433959961,30.889272689819336
1174,-85.4424819946289,-36.210089445114136,989,109.24009704589844,0.0003,1,a2c_entropy_low_seed1,-3.441051721572876,225.36328125,0.9773240685462952,-2.4278345108032227,66.38741302490234
1174,-85.4424819946289,-36.210089445114136,989,13.6923246383667,0.0003,1,a2c_entropy_low_seed1,1.2177131175994873,24.950138092041016,0.9150997400283813,2.0609734058380127,36.0516471862793
1174,-85.4424819946289,-36.210089445114136,989,11.90740966796875,0.0003,1,a2c_entropy_low_seed1,-1.0220730304718018,25.859952926635742,0.9873464107513428,-0.5592458248138428,12.322185516357422
1175,-101.2193603515625,-36.98462847709656,1001,25.087217330932617,0.0003,1,a2c_entropy_low_seed1,1.1386284828186035,47.89817810058594,0.9990302324295044,2.1056597232818604,26.42323112487793
1175,-101.2193603515625,-36.98462847709656,1001,16.48185920715332,0.0003,1,a2c_entropy_low_seed1,1.1161103248596191,30.73253631591797,1.0393884181976318,0.9302306771278381,20.092683792114258
1176,6.392017841339111,-34.09354379653931,1001,23.842262268066406,0.0003,1,a2c_entropy_low_seed1,1.0227006673812866,45.64015579223633,1.034600019454956,1.2088079452514648,17.875930786132812
1176,6.392017841339111,-34.09354379653931,1001,15.22204875946045,0.0003,1,a2c_entropy_low_seed1,1.3032233715057373,27.838642120361328,0.9910488128662109,2.1608755588531494,42.85455322265625
1176,6.392017841339111,-34.09354379653931,1001,3.6528830528259277,0.0003,1,a2c_entropy_low_seed1,-0.7712250351905823,8.849222183227539,1.0061290264129639,-0.406444251537323,7.550684928894043
1176,6.392017841339111,-34.09354379653931,1001,9.295388221740723,0.0003,1,a2c_entropy_low_seed1,-0.518812358379364,19.62943458557129,1.0339977741241455,-0.17824715375900269,7.666396141052246
1176,6.392017841339111,-34.09354379653931,1001,11.65079116821289,0.0003,1,a2c_entropy_low_seed1,-1.145742416381836,25.594097137451172,1.0290532112121582,-0.41458559036254883,10.070775032043457
1176,6.392017841339111,-34.09354379653931,1001,13.187795639038086,0.0003,1,a2c_entropy_low_seed1,1.5681878328323364,23.24018669128418,0.970069169998169,2.18514084815979,26.456993103027344
1176,6.392017841339111,-34.09354379653931,1001,18.962181091308594,0.0003,1,a2c_entropy_low_seed1,-0.4419279098510742,38.8091926574707,0.9776676297187805,0.2351711392402649,22.639339447021484
1177,77.92706298828125,-30.762186679840088,1001,6.947522163391113,0.0003,1,a2c_entropy_low_seed1,1.1674484014511108,11.561141967773438,0.9945142865180969,1.6981680393218994,26.476104736328125
1179,-43.81924057006836,-32.24487769126892,488,140.16180419921875,0.0003,1,a2c_entropy_low_seed1,-3.705498695373535,287.735595703125,0.9770997762680054,-3.161201238632202,63.38233947753906
1179,-43.81924057006836,-32.24487769126892,488,27.758075714111328,0.0003,1,a2c_entropy_low_seed1,2.746319055557251,50.02445983886719,0.946639895439148,3.3169169425964355,46.45732498168945
1179,-43.81924057006836,-32.24487769126892,488,6.771326541900635,0.0003,1,a2c_entropy_low_seed1,-0.22295048832893372,13.989572525024414,1.0187792778015137,-0.22142276167869568,9.299524307250977
1179,-43.81924057006836,-32.24487769126892,488,26.57359504699707,0.0003,1,a2c_entropy_low_seed1,1.7293205261230469,49.68949508666992,0.9453181028366089,2.2847442626953125,37.77943801879883
1179,-43.81924057006836,-32.24487769126892,488,6.411300182342529,0.0003,1,a2c_entropy_low_seed1,-0.4924365282058716,13.808486938476562,1.0134625434875488,-0.1327148973941803,5.915339469909668
1179,-43.81924057006836,-32.24487769126892,488,4.933009147644043,0.0003,1,a2c_entropy_low_seed1,-1.1252273321151733,12.117476463317871,1.0029233694076538,-0.7899764776229858,13.626008033752441
1179,-43.81924057006836,-32.24487769126892,488,7.25506067276001,0.0003,1,a2c_entropy_low_seed1,-1.9386963844299316,18.3885498046875,1.0355576276779175,-1.5687733888626099,24.330183029174805
1179,-43.81924057006836,-32.24487769126892,488,17.67538070678711,0.0003,1,a2c_entropy_low_seed1,1.0627033710479736,33.22639465332031,1.041295051574707,1.0991960763931274,23.247100830078125
1179,-43.81924057006836,-32.24487769126892,488,6.164290428161621,0.0003,1,a2c_entropy_low_seed1,-0.34247979521751404,13.014612197875977,1.071594476699829,-0.17493854463100433,5.336302280426025
1179,-43.81924057006836,-32.24487769126892,488,7.852015972137451,0.0003,1,a2c_entropy_low_seed1,-0.7550575137138367,17.215187072753906,1.0406620502471924,-0.24801385402679443,6.587467193603516
1179,-43.81924057006836,-32.24487769126892,488,21.157297134399414,0.0003,1,a2c_entropy_low_seed1,2.4574010372161865,37.40078353881836,0.9934757947921753,2.486255168914795,31.617841720581055
1179,-43.81924057006836,-32.24487769126892,488,13.624874114990234,0.0003,1,a2c_entropy_low_seed1,-3.1897358894348145,33.63030242919922,1.0834485292434692,-2.470470428466797,38.77930450439453
1179,-43.81924057006836,-32.24487769126892,488,8.178153038024902,0.0003,1,a2c_entropy_low_seed1,-0.648274838924408,17.653886795043945,1.0316022634506226,-0.4781690835952759,11.608108520507812
1180,13.877789497375488,-32.40401230812073,1001,8.212851524353027,0.0003,1,a2c_entropy_low_seed1,-0.7961068153381348,18.018922805786133,1.004572868347168,-0.45574793219566345,8.098771095275879
1181,73.857421875,-30.47226254463196,1001,10.766926765441895,0.0003,1,a2c_entropy_low_seed1,0.12272556126117706,21.289466857910156,1.0644482374191284,0.30931204557418823,13.759830474853516
1181,73.857421875,-30.47226254463196,1001,24.83822250366211,0.0003,1,a2c_entropy_low_seed1,2.2600040435791016,45.15741729736328,0.980685293674469,2.485677719116211,37.81638717651367
1181,73.857421875,-30.47226254463196,1001,9.076691627502441,0.0003,1,a2c_entropy_low_seed1,-1.2029743194580078,20.56035041809082,1.0176762342453003,-0.6103547215461731,10.579681396484375
1181,73.857421875,-30.47226254463196,1001,4.364107131958008,0.0003,1,a2c_entropy_low_seed1,-1.4842841625213623,11.697824478149414,1.0416278839111328,-1.1236612796783447,20.63361358642578
1182,25.991859436035156,-28.257130098342895,1001,14.66771125793457,0.0003,1,a2c_entropy_low_seed1,1.9557855129241943,25.42483139038086,0.979960024356842,2.8703675270080566,42.81215286254883
1182,25.991859436035156,-28.257130098342895,1001,11.241863250732422,0.0003,1,a2c_entropy_low_seed1,-0.44959723949432373,23.383922576904297,1.0008971691131592,-0.049331068992614746,13.60590934753418
1182,25.991859436035156,-28.257130098342895,1001,31.99764633178711,0.0003,1,a2c_entropy_low_seed1,0.316662073135376,63.363037109375,1.0663957595825195,1.1291786432266235,49.28306198120117
1183,-51.8155632019043,-28.56175747871399,1001,10.422438621520996,0.0003,1,a2c_entropy_low_seed1,-0.21845397353172302,21.28278350830078,0.9973947405815125,0.40681177377700806,10.91482925415039
1183,-51.8155632019043,-28.56175747871399,1001,13.807046890258789,0.0003,1,a2c_entropy_low_seed1,-0.6207753419876099,28.856664657592773,1.0196796655654907,-0.5493549704551697,14.221115112304688
1184,17.34606170654297,-27.3331285572052,1001,35.715301513671875,0.0003,1,a2c_entropy_low_seed1,2.694783926010132,66.04203033447266,0.9918180108070374,3.493901252746582,62.995399475097656
1184,17.34606170654297,-27.3331285572052,1001,12.120382308959961,0.0003,1,a2c_entropy_low_seed1,-1.677618384361267,27.596967697143555,0.966475248336792,-1.0275415182113647,20.025285720825195
1184,17.34606170654297,-27.3331285572052,1001,16.418703079223633,0.0003,1,a2c_entropy_low_seed1,1.1117206811904907,30.614965438842773,1.0010707378387451,1.7847851514816284,31.888885498046875
1185,131.61363220214844,-24.23482060432434,838,190.3981475830078,0.0003,1,a2c_entropy_low_seed1,2.5488269329071045,375.6995849609375,0.9338372349739075,5.480767726898193,137.5501251220703
1185,131.61363220214844,-24.23482060432434,838,27.080238342285156,0.0003,1,a2c_entropy_low_seed1,-0.8714407086372375,55.904319763183594,0.9629466533660889,0.03345686197280884,12.365981101989746
1185,131.61363220214844,-24.23482060432434,838,36.44223403930664,0.0003,1,a2c_entropy_low_seed1,-1.4001247882843018,75.68568420410156,0.9666469097137451,-1.4816557168960571,28.908336639404297
1186,-156.4700927734375,-27.91912522315979,931,113.09732055664062,0.0003,1,a2c_entropy_low_seed1,0.4223264455795288,225.3509063720703,0.9195786118507385,-1.0963090658187866,63.00680160522461
1187,28.008554458618164,-26.24870396614075,1001,4.525552749633789,0.0003,1,a2c_entropy_low_seed1,0.3758508563041687,8.300399780273438,0.995823323726654,0.9148738980293274,15.06753921508789
1187,28.008554458618164,-26.24870396614075,1001,8.797730445861816,0.0003,1,a2c_entropy_low_seed1,-0.24241971969604492,18.08133316040039,1.0327728986740112,0.36346885561943054,9.30477237701416
1187,28.008554458618164,-26.24870396614075,1001,11.25108814239502,0.0003,1,a2c_entropy_low_seed1,0.4008876085281372,21.70145034790039,1.0499061346054077,0.9871084690093994,24.296030044555664
1187,28.008554458618164,-26.24870396614075,1001,2.874596118927002,0.0003,1,a2c_entropy_low_seed1,-1.548531413078308,8.8472900390625,1.0346044301986694,-1.0049101114273071,19.624868392944336
1187,28.008554458618164,-26.24870396614075,1001,7.484470367431641,0.0003,1,a2c_entropy_low_seed1,-2.779752254486084,20.529457092285156,1.0114264488220215,-2.1206576824188232,37.064815521240234
1187,28.008554458618164,-26.24870396614075,1001,11.351081848144531,0.0003,1,a2c_entropy_low_seed1,0.21982955932617188,22.263519287109375,1.0148590803146362,0.7938408851623535,18.224897384643555
1187,28.008554458618164,-26.24870396614075,1001,11.779427528381348,0.0003,1,a2c_entropy_low_seed1,-0.3009730577468872,24.161863327026367,1.0632116794586182,0.14381378889083862,7.239290237426758
1187,28.008554458618164,-26.24870396614075,1001,5.4488606452941895,0.0003,1,a2c_entropy_low_seed1,-0.24639910459518433,11.391485214233398,0.9662317037582397,0.06443232297897339,7.472626209259033
1187,28.008554458618164,-26.24870396614075,1001,9.873432159423828,0.0003,1,a2c_entropy_low_seed1,-0.911759078502655,21.571382522583008,0.9991129040718079,-0.3704853653907776,9.498744010925293
1187,28.008554458618164,-26.24870396614075,1001,5.924482822418213,0.0003,1,a2c_entropy_low_seed1,-0.7157193422317505,13.281414985656738,1.0107612609863281,-0.3753913640975952,6.479087829589844
1187,28.008554458618164,-26.24870396614075,1001,7.317772388458252,0.0003,1,a2c_entropy_low_seed1,-0.45213431119918823,15.540802001953125,0.988487184047699,-0.12674525380134583,4.852726936340332
1187,28.008554458618164,-26.24870396614075,1001,7.152863502502441,0.0003,1,a2c_entropy_low_seed1,-1.8639404773712158,18.03466033935547,1.0529180765151978,-1.6280384063720703,26.02293586730957
1187,28.008554458618164,-26.24870396614075,1001,8.713669776916504,0.0003,1,a2c_entropy_low_seed1,-0.4998391270637512,18.428104400634766,1.086907148361206,-0.3633452355861664,6.41624641418457
1187,28.008554458618164,-26.24870396614075,1001,4.984641075134277,0.0003,1,a2c_entropy_low_seed1,-2.2146964073181152,14.399739265441895,1.0643889904022217,-1.749351978302002,25.694656372070312
1188,-23.693166732788086,-25.08801423072815,1001,8.23831558227539,0.0003,1,a2c_entropy_low_seed1,-1.3061057329177856,19.089900970458984,1.058397650718689,-0.8679620623588562,13.948240280151367
1189,-67.48619079589844,-24.746926889419555,1001,6.13266134262085,0.0003,1,a2c_entropy_low_seed1,-0.39422857761383057,13.054780960083008,1.0013562440872192,0.23332089185714722,6.308413028717041
1189,-67.48619079589844,-24.746926889419555,1001,4.713813781738281,0.0003,1,a2c_entropy_low_seed1,-1.7782797813415527,12.985211372375488,1.024102807044983,-1.425632357597351,20.801729202270508
1189,-67.48619079589844,-24.746926889419555,1001,6.676877498626709,0.0003,1,a2c_entropy_low_seed1,-0.021822988986968994,13.398380279541016,0.9797453284263611,0.46312737464904785,7.907907009124756
1189,-67.48619079589844,-24.746926889419555,1001,9.226219177246094,0.0003,1,a2c_entropy_low_seed1,-1.5479179620742798,21.549325942993164,1.0511753559112549,-1.2123955488204956,18.72491455078125
1190,-20.40730857849121,-25.915054445266723,1001,11.782925605773926,0.0003,1,a2c_entropy_low_seed1,1.4493436813354492,20.668197631835938,1.0342774391174316,1.6134411096572876,26.252138137817383
1190,-20.40730857849121,-25.915054445266723,1001,21.616851806640625,0.0003,1,a2c_entropy_low_seed1,-0.19320258498191833,43.6211051940918,0.997397780418396,0.38980910181999207,19.578739166259766
1190,-20.40730857849121,-25.915054445266723,1001,9.157674789428711,0.0003,1,a2c_entropy_low_seed1,0.11326277256011963,18.08984375,1.0204881429672241,0.46893489360809326,15.38306999206543
1190,-20.40730857849121,-25.915054445266723,1001,30.109832763671875,0.0003,1,a2c_entropy_low_seed1,-3.762315273284912,67.74525451660156,0.9568443894386292,-2.3141589164733887,35.06876754760742
1192,-56.737815856933594,-26.549571962356566,1001,46.54231643676758,0.0003,1,a2c_entropy_low_seed1,-1.4125014543533325,95.91063690185547,0.998764157295227,-1.459301233291626,28.00447654724121
1193,45.231422424316406,-26.624413957595824,1001,6.995966911315918,0.0003,1,a2c_entropy_low_seed1,-1.324547290802002,16.642032623291016,1.0043597221374512,-0.8152288198471069,18.182838439941406
1193,45.231422424316406,-26.624413957595824,1001,28.6599178314209,0.0003,1,a2c_entropy_low_seed1,0.32853323221206665,56.663734436035156,0.9661953449249268,0.9370424747467041,24.04480743408203
1193,45.231422424316406,-26.624413957595824,1001,12.589141845703125,0.0003,1,a2c_entropy_low_seed1,0.30804482102394104,24.56321907043457,1.023828387260437,0.874630868434906,27.083824157714844
1193,45.231422424316406,-26.624413957595824,1001,9.36047077178955,0.0003,1,a2c_entropy_low_seed1,0.6180698275566101,17.485836029052734,1.0338613986968994,0.9915328025817871,20.496002197265625
1193,45.231422424316406,-26.624413957595824,1001,7.58664608001709,0.0003,1,a2c_entropy_low_seed1,-1.1064174175262451,17.38715934753418,1.0317919254302979,-0.49628016352653503,10.940174102783203
1193,45.231422424316406,-26.624413957595824,1001,8.15843677520752,0.0003,1,a2c_entropy_low_seed1,0.22125524282455444,15.87537956237793,1.0167258977890015,0.5752330422401428,8.30919075012207
1194,-62.775630950927734,-27.602551851272583,1001,10.845008850097656,0.0003,1,a2c_entropy_low_seed1,0.4138604998588562,20.86327362060547,0.9773916602134705,1.0223438739776611,17.854679107666016
1194,-62.775630950927734,-27.602551851272583,1001,6.725335597991943,0.0003,1,a2c_entropy_low_seed1,-0.669161319732666,14.789942741394043,0.9484522342681885,-0.15279944241046906,6.584237098693848
1195,-56.66292953491211,-28.083745393753052,1001,5.372554779052734,0.0003,1,a2c_entropy_low_seed1,-0.8351672291755676,12.41641902923584,0.9744311571121216,-0.32584458589553833,6.76881742477417
1195,-56.66292953491211,-28.083745393753052,1001,6.790898323059082,0.0003,1,a2c_entropy_low_seed1,-1.213852047920227,16.010509490966797,1.0087331533432007,-0.9209192991256714,16.124921798706055
1195,-56.66292953491211,-28.083745393753052,1001,7.925064563751221,0.0003,1,a2c_entropy_low_seed1,-0.2958050072193146,16.44275665283203,1.017535924911499,0.030742987990379333,7.740890979766846
1195,-56.66292953491211,-28.083745393753052,1001,6.563174724578857,0.0003,1,a2c_entropy_low_seed1,0.6050392389297485,11.917276382446289,1.005639672279358,1.0023506879806519,17.447065353393555
1195,-56.66292953491211,-28.083745393753052,1001,5.924282073974609,0.0003,1,a2c_entropy_low_seed1,-1.7776062488555908,15.404759407043457,0.9827046394348145,-1.463318109512329,22.855937957763672
1195,-56.66292953491211,-28.083745393753052,1001,5.516943454742432,0.0003,1,a2c_entropy_low_seed1,-0.810849666595459,12.656583786010742,0.9973222017288208,-0.10579267144203186,6.275135040283203
1195,-56.66292953491211,-28.083745393753052,1001,6.012088775634766,0.0003,1,a2c_entropy_low_seed1,-1.0102607011795044,14.045747756958008,1.0491448640823364,-0.747191309928894,13.1442232131958
1195,-56.66292953491211,-28.083745393753052,1001,6.576301097869873,0.0003,1,a2c_entropy_low_seed1,-0.6797253489494324,14.513108253479004,1.0553523302078247,-0.3130953311920166,8.28933334350586
1195,-56.66292953491211,-28.083745393753052,1001,4.208950042724609,0.0003,1,a2c_entropy_low_seed1,-1.8245904445648193,12.068095207214355,1.0146958827972412,-1.38657546043396,19.702077865600586
1196,-85.0871810913086,-28.438177614212037,583,147.10147094726562,0.0003,1,a2c_entropy_low_seed1,-1.4752167463302612,297.1543273925781,0.9391508102416992,-3.6249160766601562,91.68541717529297
1196,-85.0871810913086,-28.438177614212037,583,8.058104515075684,0.0003,1,a2c_entropy_low_seed1,1.1388399600982666,13.839553833007812,1.023749589920044,1.3981056213378906,21.860946655273438
1196,-85.0871810913086,-28.438177614212037,583,6.464810371398926,0.0003,1,a2c_entropy_low_seed1,-0.4571467936038971,13.844988822937012,1.074636459350586,-0.32549402117729187,9.863091468811035
1196,-85.0871810913086,-28.438177614212037,583,7.137028217315674,0.0003,1,a2c_entropy_low_seed1,-2.2043700218200684,18.683853149414062,1.0563397407531738,-1.8353954553604126,32.197940826416016
1197,-38.68832778930664,-30.99208378791809,1001,13.526504516601562,0.0003,1,a2c_entropy_low_seed1,0.9889851808547974,25.076065063476562,1.0261588096618652,1.5662405490875244,23.20261001586914
1198,-68.77720642089844,-31.693402910232543,1001,8.517831802368164,0.0003,1,a2c_entropy_low_seed1,-0.3676055073738098,17.771800994873047,0.9264944791793823,0.5229412317276001,13.350310325622559
1198,-68.77720642089844,-31.693402910232543,1001,6.8327507972717285,0.0003,1,a2c_entropy_low_seed1,-1.1149615049362183,15.896441459655762,1.016461730003357,-0.9814980030059814,18.550691604614258
1198,-68.77720642089844,-31.693402910232543,1001,6.875629901885986,0.0003,1,a2c_entropy_low_seed1,-0.4672798216342926,14.686875343322754,1.0555133819580078,-0.19843579828739166,9.212177276611328
1198,-68.77720642089844,-31.693402910232543,1001,26.652984619140625,0.0003,1,a2c_entropy_low_seed1,1.1713660955429077,50.96424102783203,1.0025924444198608,2.433227062225342,42.61018371582031
1198,-68.77720642089844,-31.693402910232543,1001,4.774390697479248,0.0003,1,a2c_entropy_low_seed1,-1.3904989957809448,12.330821990966797,1.042822003364563,-1.1365070343017578,18.42563247680664
1199,18.601428985595703,-30.15850583076477,1001,3.953447103500366,0.0003,1,a2c_entropy_low_seed1,-0.6062355041503906,9.12039566040039,1.0302704572677612,-0.15469540655612946,6.147469520568848
1199,18.601428985595703,-30.15850583076477,1001,3.1306023597717285,0.0003,1,a2c_entropy_low_seed1,-1.683990716934204,9.630195617675781,1.0092484951019287,-1.2512916326522827,17.104177474975586
1199,18.601428985595703,-30.15850583076477,1001,13.380112648010254,0.0003,1,a2c_entropy_low_seed1,0.7257590889930725,25.309728622436523,1.0218889713287354,1.19825279712677,29.241641998291016
1200,-60.565391540527344,-32.530468492507936,1001,7.391430377960205,0.0003,1,a2c_entropy_low_seed1,-1.961503267288208,18.70690155029297,1.0344864130020142,-1.9310352802276611,28.184852600097656
1200,-60.565391540527344,-32.530468492507936,1001,7.52804708480835,0.0003,1,a2c_entropy_low_seed1,0.42408713698387146,14.208992004394531,1.0715723037719727,0.5857840776443481,8.079944610595703
1201,-32.57754898071289,-32.36620778083801,1001,5.365882873535156,0.0003,1,a2c_entropy_low_seed1,-1.5425562858581543,13.817856788635254,0.9785574078559875,-0.958503782749176,19.975618362426758
1201,-32.57754898071289,-32.36620778083801,1001,8.311962127685547,0.0003,1,a2c_entropy_low_seed1,-0.48289594054222107,17.59068489074707,0.9694250822067261,0.10098107904195786,15.412137985229492
1201,-32.57754898071289,-32.36620778083801,1001,4.249576568603516,0.0003,1,a2c_entropy_low_seed1,-0.7133190631866455,9.926794052124023,1.0034077167510986,-0.18031544983386993,13.686254501342773
1201,-32.57754898071289,-32.36620778083801,1001,10.198628425598145,0.0003,1,a2c_entropy_low_seed1,0.32654857635498047,19.7451171875,0.9567779898643494,0.8674017190933228,16.670652389526367
1201,-32.57754898071289,-32.36620778083801,1001,11.51516056060791,0.0003,1,a2c_entropy_low_seed1,-0.3142281174659729,23.659730911254883,0.9541122317314148,0.06326478719711304,13.618362426757812
1202,9.638243675231934,-31.05629370689392,1001,8.366461753845215,0.0003,1,a2c_entropy_low_seed1,1.3747199773788452,13.984508514404297,1.0233426094055176,1.502868413925171,23.933317184448242
1202,9.638243675231934,-31.05629370689392,1001,3.439069986343384,0.0003,1,a2c_entropy_low_seed1,-0.5332599878311157,7.945674896240234,1.0149922370910645,-0.3719484508037567,8.903980255126953
1203,-32.04874038696289,-32.54601187705994,1001,10.473926544189453,0.0003,1,a2c_entropy_low_seed1,0.5949549674987793,19.758941650390625,0.9985353350639343,0.9766378402709961,24.8913516998291
1203,-32.04874038696289,-32.54601187705994,1001,11.375505447387695,0.0003,1,a2c_entropy_low_seed1,-0.2770640254020691,23.306129455566406,0.9897041916847229,-0.3997858166694641,11.731085777282715
1204,-129.2379150390625,-35.381978826522825,785,202.9556884765625,0.0003,1,a2c_entropy_low_seed1,-4.858407020568848,415.6291198730469,0.930426836013794,-6.514397144317627,121.10723876953125
1204,-129.2379150390625,-35.381978826522825,785,33.63504409790039,0.0003,1,a2c_entropy_low_seed1,2.4319965839385986,62.406959533691406,0.8656561374664307,3.4639997482299805,60.9119758605957
1204,-129.2379150390625,-35.381978826522825,785,5.501278877258301,0.0003,1,a2c_entropy_low_seed1,-2.388340711593628,15.780198097229004,0.9589506983757019,-2.1195900440216064,35.47000503540039
1204,-129.2379150390625,-35.381978826522825,785,9.248089790344238,0.0003,1,a2c_entropy_low_seed1,-0.11594730615615845,18.729042053222656,0.9662172198295593,0.2837038040161133,12.521584510803223
1204,-129.2379150390625,-35.381978826522825,785,14.542725563049316,0.0003,1,a2c_entropy_low_seed1,0.5670368671417236,27.952285766601562,0.9073719382286072,0.8976196050643921,15.724658012390137
1204,-129.2379150390625,-35.381978826522825,785,6.925726413726807,0.0003,1,a2c_entropy_low_seed1,0.017127200961112976,13.818224906921387,1.0265215635299683,-0.15527880191802979,6.894009590148926
1204,-129.2379150390625,-35.381978826522825,785,8.346368789672852,0.0003,1,a2c_entropy_low_seed1,-2.0931735038757324,20.88010025024414,1.0146578550338745,-2.0245707035064697,35.16313552856445
1204,-129.2379150390625,-35.381978826522825,785,2.806246757507324,0.0003,1,a2c_entropy_low_seed1,-0.916377067565918,7.446214199066162,0.9664831757545471,-0.8590527176856995,14.796978950500488
1204,-129.2379150390625,-35.381978826522825,785,9.474252700805664,0.0003,1,a2c_entropy_low_seed1,0.6139321327209473,17.72167205810547,1.030266523361206,0.8158904910087585,15.936992645263672
1204,-129.2379150390625,-35.381978826522825,785,3.7018659114837646,0.0003,1,a2c_entropy_low_seed1,-0.43375080823898315,8.272234916687012,1.0013192892074585,-0.152265727519989,4.956391334533691
1204,-129.2379150390625,-35.381978826522825,785,9.073177337646484,0.0003,1,a2c_entropy_low_seed1,-0.8631285429000854,19.873638153076172,1.026592493057251,-0.8768885135650635,17.03639793395996
1204,-129.2379150390625,-35.381978826522825,785,3.493619203567505,0.0003,1,a2c_entropy_low_seed1,0.05686923488974571,6.874523162841797,1.023449182510376,0.21650230884552002,5.174404144287109
1205,-38.27837371826172,-35.83205382347107,1001,7.3967156410217285,0.0003,1,a2c_entropy_low_seed1,-0.2527619004249573,15.299939155578613,0.9845765829086304,0.16468289494514465,8.277900695800781
1206,61.142051696777344,-35.65485541343689,1001,16.412382125854492,0.0003,1,a2c_entropy_low_seed1,1.5686466693878174,29.688426971435547,0.9585634469985962,1.7054736614227295,33.804603576660156
1206,61.142051696777344,-35.65485541343689,1001,13.816873550415039,0.0003,1,a2c_entropy_low_seed1,-0.2930315434932709,28.220760345458984,0.949035108089447,0.20115849375724792,17.10565185546875
1206,61.142051696777344,-35.65485541343689,1001,5.043197154998779,0.0003,1,a2c_entropy_low_seed1,-0.9734383225440979,12.034258842468262,0.9882082343101501,-0.5727795958518982,13.73755168914795
1206,61.142051696777344,-35.65485541343689,1001,5.729017734527588,0.0003,1,a2c_entropy_low_seed1,0.2499115765094757,10.959278106689453,1.0660045146942139,0.4904433786869049,10.758461952209473
1207,-32.459171295166016,-37.24505797386169,1001,11.525225639343262,0.0003,1,a2c_entropy_low_seed1,0.05788472294807434,22.935697555541992,1.01583731174469,0.5476303100585938,17.778362274169922
1207,-32.459171295166016,-37.24505797386169,1001,3.864400863647461,0.0003,1,a2c_entropy_low_seed1,0.38329583406448364,6.963224411010742,1.014372706413269,0.6697859168052673,12.752384185791016
1207,-32.459171295166016,-37.24505797386169,1001,16.613048553466797,0.0003,1,a2c_entropy_low_seed1,0.6741400957107544,31.878820419311523,1.0019056797027588,1.4773058891296387,38.87693405151367
1208,-70.8105239868164,-37.408655920028686,1001,7.257787704467773,0.0003,1,a2c_entropy_low_seed1,-0.7150358557701111,15.94661808013916,0.9709950089454651,-0.10340114682912827,6.4503607749938965
1208,-70.8105239868164,-37.408655920028686,1001,6.207310676574707,0.0003,1,a2c_entropy_low_seed1,-1.0896074771881104,14.594816207885742,0.9805422425270081,-0.5567822456359863,12.527746200561523
1209,-59.21078872680664,-36.403235311508176,1001,21.33060073852539,0.0003,1,a2c_entropy_low_seed1,1.6558982133865356,39.35037612915039,0.9709373712539673,2.9878978729248047,61.35165023803711
1209,-59.21078872680664,-36.403235311508176,1001,11.062577247619629,0.0003,1,a2c_entropy_low_seed1,0.0683838427066803,21.989458084106445,1.0728821754455566,0.02578471601009369,14.265758514404297
1209,-59.21078872680664,-36.403235311508176,1001,26.20840835571289,0.0003,1,a2c_entropy_low_seed1,0.18911641836166382,52.03961181640625,1.0279289484024048,1.0866718292236328,33.508636474609375
1209,-59.21078872680664,-36.403235311508176,1001,7.058682918548584,0.0003,1,a2c_entropy_low_seed1,-0.5248725414276123,15.168129920959473,1.0199536085128784,0.14493587613105774,10.365262985229492
1209,-59.21078872680664,-36.403235311508176,1001,9.43039321899414,0.0003,1,a2c_entropy_low_seed1,-0.17593036592006683,19.213720321655273,1.0729639530181885,0.30607450008392334,10.082079887390137
1209,-59.21078872680664,-36.403235311508176,1001,5.98855447769165,0.0003,1,a2c_entropy_low_seed1,-1.4000071287155151,14.778090476989746,0.9671911001205444,-0.6842519640922546,13.043993949890137
1210,-53.018829345703125,-36.554782247543336,1001,14.409335136413574,0.0003,1,a2c_entropy_low_seed1,0.18853795528411865,28.44253921508789,0.9448108673095703,1.4122755527496338,21.206438064575195
1211,33.17315673828125,-35.28246813774109,1001,11.017780303955078,0.0003,1,a2c_entropy_low_seed1,0.9054723381996155,20.2255802154541,0.9648832678794861,1.6519275903701782,29.557964324951172
1211,33.17315673828125,-35.28246813774109,1001,15.333992958068848,0.0003,1,a2c_entropy_low_seed1,0.5609740614891052,29.547029495239258,0.9918996691703796,1.2708337306976318,28.946516036987305
1211,33.17315673828125,-35.28246813774109,1001,21.521089553833008,0.0003,1,a2c_entropy_low_seed1,0.575593113899231,41.892051696777344,1.0601332187652588,1.4304040670394897,45.65983963012695
1212,-22.196022033691406,-33.05340914726257,1001,14.128718376159668,0.0003,1,a2c_entropy_low_seed1,0.6261043548583984,27.006206512451172,0.9784293174743652,1.3276792764663696,20.261394500732422
1212,-22.196022033691406,-33.05340914726257,1001,3.1255643367767334,0.0003,1,a2c_entropy_low_seed1,-0.16655638813972473,6.5852155685424805,0.9739760756492615,0.18534862995147705,7.217403888702393
1212,-22.196022033691406,-33.05340914726257,1001,10.012165069580078,0.0003,1,a2c_entropy_low_seed1,0.8221778869628906,18.380992889404297,1.0181193351745605,1.4034959077835083,31.989219665527344
1212,-22.196022033691406,-33.05340914726257,1001,3.826625108718872,0.0003,1,a2c_entropy_low_seed1,0.1666182577610016,7.3210296630859375,1.016139268875122,0.5077934265136719,11.308732032775879
1212,-22.196022033691406,-33.05340914726257,1001,4.394705295562744,0.0003,1,a2c_entropy_low_seed1,-1.167229175567627,11.1248779296875,1.0087590217590332,-0.5320905447006226,15.587157249450684
1212,-22.196022033691406,-33.05340914726257,1001,4.760618686676025,0.0003,1,a2c_entropy_low_seed1,-0.8194341659545898,11.161148071289062,1.0426517724990845,-0.49805986881256104,7.956053733825684
1212,-22.196022033691406,-33.05340914726257,1001,9.183032035827637,0.0003,1,a2c_entropy_low_seed1,-0.4586859345436096,19.284408569335938,0.973057210445404,-0.04939407855272293,10.873507499694824
1212,-22.196022033691406,-33.05340914726257,1001,8.480412483215332,0.0003,1,a2c_entropy_low_seed1,-0.20996439456939697,17.381744384765625,0.9897767305374146,0.2511860132217407,12.45384693145752
1212,-22.196022033691406,-33.05340914726257,1001,7.963479518890381,0.0003,1,a2c_entropy_low_seed1,-0.37033915519714355,16.668685913085938,1.048418402671814,-0.29827162623405457,6.167547702789307
1212,-22.196022033691406,-33.05340914726257,1001,3.195737838745117,0.0003,1,a2c_entropy_low_seed1,-1.3726152181625366,9.13772201538086,1.0155872106552124,-0.8409972786903381,14.444441795349121
1212,-22.196022033691406,-33.05340914726257,1001,4.360796928405762,0.0003,1,a2c_entropy_low_seed1,-1.9768511056900024,12.676305770874023,1.0097990036010742,-1.6232402324676514,27.41385269165039
1213,54.48666000366211,-30.118688764572145,1001,5.391958236694336,0.0003,1,a2c_entropy_low_seed1,0.15516482293605804,10.474555969238281,0.968990683555603,0.5539431571960449,7.153040885925293
1214,62.442970275878906,-28.428221616744995,1001,6.984780788421631,0.0003,1,a2c_entropy_low_seed1,-0.9079481959342957,15.78636646270752,0.9092000722885132,-0.567718505859375,10.211146354675293
1214,62.442970275878906,-28.428221616744995,1001,17.654760360717773,0.0003,1,a2c_entropy_low_seed1,1.015108585357666,33.28017044067383,0.8648163676261902,0.9228011965751648,21.05620574951172
1214,62.442970275878906,-28.428221616744995,1001,29.54448699951172,0.0003,1,a2c_entropy_low_seed1,0.33406078815460205,58.4217529296875,0.8997987508773804,1.4233075380325317,43.287940979003906
1214,62.442970275878906,-28.428221616744995,1001,4.792867660522461,0.0003,1,a2c_entropy_low_seed1,-0.8599778413772583,11.306525230407715,0.8344610929489136,-0.331182062625885,8.367196083068848
1215,-0.5726940035820007,-26.114358571767806,1001,3.7534165382385254,0.0003,1,a2c_entropy_low_seed1,-0.12041614949703217,7.74855899810791,0.8938084244728088,0.18262720108032227,7.254378318786621
1215,-0.5726940035820007,-26.114358571767806,1001,8.82345199584961,0.0003,1,a2c_entropy_low_seed1,-1.210893154144287,20.06968879699707,0.9986642599105835,-1.112345814704895,26.232030868530273
1216,-136.12249755859375,-28.74385471701622,900,176.6493682861328,0.0003,1,a2c_entropy_low_seed1,-2.0211079120635986,357.3418884277344,0.934306263923645,-5.886488437652588,137.2647247314453
1217,27.930988311767578,-27.552980731725693,1001,4.135465621948242,0.0003,1,a2c_entropy_low_seed1,-0.7582067251205444,9.788330078125,0.9851348996162415,-0.6672695875167847,10.294347763061523
1217,27.930988311767578,-27.552980731725693,1001,11.804766654968262,0.0003,1,a2c_entropy_low_seed1,-1.1661338806152344,25.942764282226562,0.9624793529510498,-1.0811138153076172,21.082284927368164
1217,27.930988311767578,-27.552980731725693,1001,28.79656219482422,0.0003,1,a2c_entropy_low_seed1,-0.5253868699073792,58.64496994018555,1.071044683456421,-0.6306997537612915,19.076904296875
1217,27.930988311767578,-27.552980731725693,1001,6.6097002029418945,0.0003,1,a2c_entropy_low_seed1,-3.0585546493530273,19.3375301361084,1.0204973220825195,-2.8574492931365967,56.08363342285156
1217,27.930988311767578,-27.552980731725693,1001,9.283652305603027,0.0003,1,a2c_entropy_low_seed1,-1.5555881261825562,21.6794490814209,0.9690790176391602,-1.2062528133392334,25.603506088256836
1217,27.930988311767578,-27.552980731725693,1001,4.060418605804443,0.0003,1,a2c_entropy_low_seed1,-0.8991745114326477,9.920190811157227,1.004582166671753,-0.7552915811538696,13.470502853393555
1217,27.930988311767578,-27.552980731725693,1001,6.923243999481201,0.0003,1,a2c_entropy_low_seed1,0.2847405672073364,13.277971267700195,0.9640896320343018,0.4904584288597107,8.487546920776367
1217,27.930988311767578,-27.552980731725693,1001,16.11848258972168,0.0003,1,a2c_entropy_low_seed1,1.6030458211898804,29.03190803527832,1.032410740852356,1.4219081401824951,22.917774200439453
1218,35.67906188964844,-25.548974689245224,1001,2.5410470962524414,0.0003,1,a2c_entropy_low_seed1,-1.761006236076355,8.605162620544434,1.0555251836776733,-1.4998767375946045,28.63823890686035
1219,-39.47317123413086,-24.543128513097763,1001,3.1102659702301025,0.0003,1,a2c_entropy_low_seed1,-1.0826504230499268,8.386862754821777,1.0300978422164917,-0.8436089754104614,18.41486358642578
1219,-39.47317123413086,-24.543128513097763,1001,11.211017608642578,0.0003,1,a2c_entropy_low_seed1,-0.17141252756118774,22.765838623046875,0.9784159660339355,0.5725787281990051,15.634564399719238
1219,-39.47317123413086,-24.543128513097763,1001,3.502518653869629,0.0003,1,a2c_entropy_low_seed1,-1.9054298400878906,10.816923141479492,1.026270866394043,-1.43825101852417,25.857707977294922
1220,-53.36252212524414,-24.656173251867294,1001,4.6022162437438965,0.0003,1,a2c_entropy_low_seed1,-0.4098508358001709,10.025146484375,1.0115996599197388,0.07917755842208862,5.552097320556641
1220,-53.36252212524414,-24.656173251867294,1001,12.017912864685059,0.0003,1,a2c_entropy_low_seed1,1.087158441543579,21.862445831298828,0.937108039855957,2.1479735374450684,45.106689453125
1220,-53.36252212524414,-24.656173251867294,1001,7.303036212921143,0.0003,1,a2c_entropy_low_seed1,-0.8361997604370117,16.27944564819336,0.9736625552177429,-0.2173682451248169,7.644237041473389
1220,-53.36252212524414,-24.656173251867294,1001,4.847218036651611,0.0003,1,a2c_entropy_low_seed1,-0.06959843635559082,9.834630012512207,0.996786892414093,0.37147802114486694,9.701818466186523
1220,-53.36252212524414,-24.656173251867294,1001,3.691533088684082,0.0003,1,a2c_entropy_low_seed1,-0.41576290130615234,8.21555233001709,0.960381805896759,-0.05655355006456375,5.1283369064331055
1220,-53.36252212524414,-24.656173251867294,1001,3.4709036350250244,0.0003,1,a2c_entropy_low_seed1,-2.577579975128174,12.097939491271973,0.9721689820289612,-2.003504514694214,36.92375183105469
1220,-53.36252212524414,-24.656173251867294,1001,4.796225070953369,0.0003,1,a2c_entropy_low_seed1,-0.2516431212425232,10.096640586853027,0.9042211771011353,0.23469284176826477,8.906913757324219
1220,-53.36252212524414,-24.656173251867294,1001,7.5054144859313965,0.0003,1,a2c_entropy_low_seed1,0.28742796182632446,14.43695068359375,0.9775574207305908,0.9131065011024475,15.810091018676758
1220,-53.36252212524414,-24.656173251867294,1001,2.3896636962890625,0.0003,1,a2c_entropy_low_seed1,-2.238603115081787,9.257545471191406,1.0117464065551758,-1.7323551177978516,29.3358211517334
1220,-53.36252212524414,-24.656173251867294,1001,9.595558166503906,0.0003,1,a2c_entropy_low_seed1,-0.8071185350418091,20.806303024291992,0.9500948190689087,-0.19003435969352722,8.546788215637207
1220,-53.36252212524414,-24.656173251867294,1001,5.692074298858643,0.0003,1,a2c_entropy_low_seed1,-0.16518282890319824,11.715574264526367,1.0595247745513916,0.3163013458251953,7.972295761108398
1221,-71.41927337646484,-24.781922305822373,1001,2.502856731414795,0.0003,1,a2c_entropy_low_seed1,-1.2074857950210571,7.42173957824707,1.0549989938735962,-0.6977629065513611,10.830852508544922
1222,-42.8203125,-24.420719150304794,1001,4.993099689483643,0.0003,1,a2c_entropy_low_seed1,-1.856633186340332,13.70047664642334,1.0105996131896973,-1.50417160987854,26.624649047851562
1222,-42.8203125,-24.420719150304794,1001,26.84633445739746,0.0003,1,a2c_entropy_low_seed1,1.5520267486572266,50.58960723876953,0.9911491274833679,2.1199190616607666,45.79921340942383
1222,-42.8203125,-24.420719150304794,1001,8.31522274017334,0.0003,1,a2c_entropy_low_seed1,0.09858566522598267,16.43427085876465,0.997644305229187,0.4412386417388916,14.888644218444824
1222,-42.8203125,-24.420719150304794,1001,14.720130920410156,0.0003,1,a2c_entropy_low_seed1,1.1391667127609253,27.162912368774414,0.9847230911254883,1.5605711936950684,25.283946990966797
1222,-42.8203125,-24.420719150304794,1001,8.240437507629395,0.0003,1,a2c_entropy_low_seed1,-1.6693966388702393,19.82065773010254,0.9907565712928772,-1.2818679809570312,22.18841552734375
1223,-61.8011474609375,-24.51988830924034,1001,7.453764915466309,0.0003,1,a2c_entropy_low_seed1,-0.7077662944793701,16.32400894165039,0.9458298683166504,-0.4460742473602295,12.508644104003906
1224,-65.30461883544922,-24.11713104605675,1001,33.68022155761719,0.0003,1,a2c_entropy_low_seed1,2.0754408836364746,63.210514068603516,0.9553064107894897,2.860828399658203,52.774444580078125
1224,-65.30461883544922,-24.11713104605675,1001,21.932119369506836,0.0003,1,a2c_entropy_low_seed1,0.8295333385467529,42.20612335205078,0.948651909828186,1.4821346998214722,34.249691009521484
1225,39.48859405517578,-21.302971957921983,1001,27.88553810119629,0.0003,1,a2c_entropy_low_seed1,-0.09208843111991882,55.95624923706055,0.9961843490600586,-0.11030767112970352,27.298471450805664
1225,39.48859405517578,-21.302971957921983,1001,20.773818969726562,0.0003,1,a2c_entropy_low_seed1,1.4919089078903198,38.564823150634766,1.003541111946106,1.7686347961425781,54.97007369995117
1225,39.48859405517578,-21.302971957921983,1001,20.266855239868164,0.0003,1,a2c_entropy_low_seed1,1.208043098449707,38.11859130859375,0.964169979095459,1.5569562911987305,47.61017608642578
1225,39.48859405517578,-21.302971957921983,1001,3.888274669647217,0.0003,1,a2c_entropy_low_seed1,-0.826391875743866,9.430362701416016,1.0294601917266846,-0.4514908194541931,12.876775741577148
1225,39.48859405517578,-21.302971957921983,1001,4.13424825668335,0.0003,1,a2c_entropy_low_seed1,-0.5775893926620483,9.424715995788574,1.0401813983917236,-0.26930633187294006,6.447292804718018
1225,39.48859405517578,-21.302971957921983,1001,7.220310211181641,0.0003,1,a2c_entropy_low_seed1,-1.1649895906448364,16.771682739257812,1.0831199884414673,-1.0912432670593262,20.910690307617188
1225,39.48859405517578,-21.302971957921983,1001,2.6735777854919434,0.0003,1,a2c_entropy_low_seed1,-0.9782509803771973,7.3047285079956055,1.070846438407898,-0.7819609045982361,17.54458999633789
1226,-58.01066207885742,-22.591025556325913,1001,4.130083084106445,0.0003,1,a2c_entropy_low_seed1,-0.924136757850647,10.109407424926758,0.967626690864563,-0.4293944835662842,9.838829040527344
1226,-58.01066207885742,-22.591025556325913,1001,6.77204704284668,0.0003,1,a2c_entropy_low_seed1,-1.6748708486557007,16.89476203918457,0.92641282081604,-1.171472191810608,25.123088836669922
1227,-93.28235626220703,-26.015213941335677,1001,14.716808319091797,0.0003,1,a2c_entropy_low_seed1,0.8535909652709961,27.72734832763672,0.9142130017280579,1.2383238077163696,30.42094612121582
1227,-93.28235626220703,-26.015213941335677,1001,6.49995756149292,0.0003,1,a2c_entropy_low_seed1,-0.15408378839492798,13.30899429321289,0.9119067788124084,0.15612393617630005,8.53027057647705
1228,-46.64750671386719,-27.080302489995958,1001,11.491348266601562,0.0003,1,a2c_entropy_low_seed1,-0.01726245880126953,23.01821517944336,0.9943636655807495,0.33590614795684814,15.42052173614502
1228,-46.64750671386719,-27.080302489995958,1001,7.155137538909912,0.0003,1,a2c_entropy_low_seed1,-0.930723249912262,16.172706604003906,0.9850132465362549,-0.7203029990196228,13.104515075683594
1228,-46.64750671386719,-27.080302489995958,1001,14.529072761535645,0.0003,1,a2c_entropy_low_seed1,1.300804853439331,26.4575252532959,0.9892810583114624,1.2810146808624268,35.17604446411133
1228,-46.64750671386719,-27.080302489995958,1001,3.6535589694976807,0.0003,1,a2c_entropy_low_seed1,0.43872785568237305,6.430692672729492,1.0302526950836182,0.5613958239555359,11.108346939086914
1228,-46.64750671386719,-27.080302489995958,1001,4.714042663574219,0.0003,1,a2c_entropy_low_seed1,-0.6419767737388611,10.713022232055664,0.9828550815582275,-0.29968899488449097,9.806092262268066
1228,-46.64750671386719,-27.080302489995958,1001,2.9735465049743652,0.0003,1,a2c_entropy_low_seed1,-1.8449745178222656,9.638082504272461,1.0402287244796753,-1.5379477739334106,30.67057228088379
1228,-46.64750671386719,-27.080302489995958,1001,4.515806198120117,0.0003,1,a2c_entropy_low_seed1,-0.2488001435995102,9.53018569946289,0.9723498225212097,0.17625531554222107,4.793853282928467
1228,-46.64750671386719,-27.080302489995958,1001,4.67626428604126,0.0003,1,a2c_entropy_low_seed1,-0.6706898212432861,10.69488525390625,0.977126955986023,-0.2902011275291443,6.892341613769531
1228,-46.64750671386719,-27.080302489995958,1001,4.250127792358398,0.0003,1,a2c_entropy_low_seed1,-0.40264517068862915,9.306602478027344,1.0566352605819702,-0.06674960255622864,4.84978723526001
1229,-111.92086029052734,-28.442334884405135,931,138.74819946289062,0.0003,1,a2c_entropy_low_seed1,-7.228766918182373,291.9549560546875,1.031531572341919,-5.937821388244629,97.5590591430664
1229,-111.92086029052734,-28.442334884405135,931,5.683289051055908,0.0003,1,a2c_entropy_low_seed1,-1.9738259315490723,15.315139770507812,0.9101106524467468,-1.3743350505828857,32.412841796875
1229,-111.92086029052734,-28.442334884405135,931,42.528926849365234,0.0003,1,a2c_entropy_low_seed1,1.484755516052246,82.08929443359375,0.951716423034668,2.6847710609436035,75.7540512084961
1229,-111.92086029052734,-28.442334884405135,931,6.322179317474365,0.0003,1,a2c_entropy_low_seed1,-1.0694656372070312,14.784178733825684,0.8890258073806763,-0.252927303314209,9.653594017028809
1230,-24.611310958862305,-29.212116893529892,1001,11.780058860778809,0.0003,1,a2c_entropy_low_seed1,0.12750941514968872,23.306032180786133,0.9329128265380859,0.8097726106643677,17.34728240966797
1231,-104.66685485839844,-32.78260242819786,855,114.27593994140625,0.0003,1,a2c_entropy_low_seed1,-2.5802717208862305,233.71339416503906,0.9761980772018433,-3.074826717376709,60.7689208984375
1231,-104.66685485839844,-32.78260242819786,855,25.141698837280273,0.0003,1,a2c_entropy_low_seed1,0.9966530203819275,48.29106140136719,0.9691190123558044,1.5848859548568726,30.270532608032227
1231,-104.66685485839844,-32.78260242819786,855,21.092092514038086,0.0003,1,a2c_entropy_low_seed1,0.006738871335983276,42.17163848876953,0.9314172863960266,0.48133230209350586,28.852642059326172
1232,-20.763368606567383,-33.71770698904991,1001,9.455513000488281,0.0003,1,a2c_entropy_low_seed1,0.6164125204086304,17.679134368896484,0.9324682354927063,0.9449692368507385,20.413070678710938
1232,-20.763368606567383,-33.71770698904991,1001,6.465733528137207,0.0003,1,a2c_entropy_low_seed1,0.13465574383735657,12.663129806518555,0.9741830825805664,0.3736393451690674,13.212538719177246
1232,-20.763368606567383,-33.71770698904991,1001,4.8059000968933105,0.0003,1,a2c_entropy_low_seed1,-0.1381884217262268,9.889158248901367,0.9810500144958496,0.022565796971321106,4.323395252227783
1233,31.034048080444336,-32.06071476340294,1001,9.066789627075195,0.0003,1,a2c_entropy_low_seed1,0.6028586030006409,16.928844451904297,0.9817875623703003,0.952455461025238,21.39532470703125
1233,31.034048080444336,-32.06071476340294,1001,9.606626510620117,0.0003,1,a2c_entropy_low_seed1,-0.9682946801185608,21.15085220336914,1.0085910558700562,-0.603062629699707,18.285255432128906
1233,31.034048080444336,-32.06071476340294,1001,5.995469570159912,0.0003,1,a2c_entropy_low_seed1,0.9674264192581177,10.056985855102539,0.8992661237716675,1.1357181072235107,22.986404418945312
1233,31.034048080444336,-32.06071476340294,1001,3.7963016033172607,0.0003,1,a2c_entropy_low_seed1,-0.6294442415237427,8.852538108825684,1.0465445518493652,-0.4284083843231201,8.115018844604492
1233,31.034048080444336,-32.06071476340294,1001,3.27445650100708,0.0003,1,a2c_entropy_low_seed1,-1.4423836469650269,9.434699058532715,1.0185319185256958,-1.1353700160980225,23.286846160888672
1233,31.034048080444336,-32.06071476340294,1001,2.6617634296417236,0.0003,1,a2c_entropy_low_seed1,-0.5319290161132812,6.388396739959717,1.0119928121566772,-0.35368311405181885,6.40192174911499
1233,31.034048080444336,-32.06071476340294,1001,3.586477756500244,0.0003,1,a2c_entropy_low_seed1,-1.1374858617782593,9.44892692565918,0.9994640946388245,-0.8041512966156006,14.857341766357422
1233,31.034048080444336,-32.06071476340294,1001,4.438254356384277,0.0003,1,a2c_entropy_low_seed1,-0.21370439231395721,9.304938316345215,1.0207215547561646,0.12748943269252777,4.008479595184326
1234,-32.42319869995117,-33.056099971532824,1001,7.343047142028809,0.0003,1,a2c_entropy_low_seed1,-2.3908274173736572,19.46874237060547,0.9937057495117188,-2.1209208965301514,46.42211151123047
1235,-60.1380729675293,-36.89113407492638,1001,19.369138717651367,0.0003,1,a2c_entropy_low_seed1,1.6232355833053589,35.49278259277344,0.9776955246925354,2.0171236991882324,52.161033630371094
1235,-60.1380729675293,-36.89113407492638,1001,9.574970245361328,0.0003,1,a2c_entropy_low_seed1,0.4613075256347656,18.22832489013672,0.998879075050354,0.39810046553611755,13.406537055969238
1235,-60.1380729675293,-36.89113407492638,1001,9.769556999206543,0.0003,1,a2c_entropy_low_seed1,0.2036256343126297,19.132863998413086,1.0020655393600464,0.44844841957092285,11.076109886169434
1236,-36.74809646606445,-34.496694148778914,1001,7.311036109924316,0.0003,1,a2c_entropy_low_seed1,-0.5289823412895203,15.681036949157715,1.000200629234314,-0.5201447606086731,16.163814544677734
1236,-36.74809646606445,-34.496694148778914,1001,10.219746589660645,0.0003,1,a2c_entropy_low_seed1,0.446694016456604,19.547142028808594,1.0381845235824585,0.6354272365570068,26.375267028808594
1236,-36.74809646606445,-34.496694148778914,1001,6.767343997955322,0.0003,1,a2c_entropy_low_seed1,-0.009188011288642883,13.554035186767578,0.9710484743118286,0.2557336091995239,7.448853969573975
1236,-36.74809646606445,-34.496694148778914,1001,3.512204647064209,0.0003,1,a2c_entropy_low_seed1,-1.7422375679016113,10.50989055633545,1.0063070058822632,-1.730389952659607,37.7674674987793
1236,-36.74809646606445,-34.496694148778914,1001,7.279260158538818,0.0003,1,a2c_entropy_low_seed1,-0.004504770040512085,14.56851577758789,0.9860854148864746,0.33706074953079224,14.369682312011719
1236,-36.74809646606445,-34.496694148778914,1001,6.248894691467285,0.0003,1,a2c_entropy_low_seed1,-1.344428300857544,15.187630653381348,0.9841893315315247,-1.054794192314148,21.476972579956055
1236,-36.74809646606445,-34.496694148778914,1001,6.730088710784912,0.0003,1,a2c_entropy_low_seed1,-0.5738769173622131,14.60897445678711,1.0436935424804688,-0.23793579638004303,9.118964195251465
1236,-36.74809646606445,-34.496694148778914,1001,3.319652795791626,0.0003,1,a2c_entropy_low_seed1,-1.2877955436706543,9.215910911560059,1.01419997215271,-0.9077763557434082,18.06905746459961
1236,-36.74809646606445,-34.496694148778914,1001,5.550754547119141,0.0003,1,a2c_entropy_low_seed1,-0.284587562084198,11.67163372039795,0.9495207071304321,0.3040347695350647,9.732378005981445
1237,-13.577295303344727,-35.328411144018176,1001,7.069809436798096,0.0003,1,a2c_entropy_low_seed1,-0.43363019824028015,15.007874488830566,0.9956903457641602,-0.09068885445594788,6.216554164886475
1237,-13.577295303344727,-35.328411144018176,1001,5.716797351837158,0.0003,1,a2c_entropy_low_seed1,0.23644199967384338,10.96164321899414,0.9327815175056458,0.6260497570037842,11.510063171386719
1237,-13.577295303344727,-35.328411144018176,1001,25.789113998413086,0.0003,1,a2c_entropy_low_seed1,-3.933816909790039,59.446754455566406,0.8920108079910278,-3.148851156234741,56.96483612060547
1238,-20.64021110534668,-35.26735203146934,1001,6.3553547859191895,0.0003,1,a2c_entropy_low_seed1,0.004683036357164383,12.702170372009277,0.8264156579971313,0.8414778709411621,19.550983428955078
1239,-47.77246856689453,-34.873077586889266,1001,12.612569808959961,0.0003,1,a2c_entropy_low_seed1,0.5343908667564392,24.15726089477539,0.9020450115203857,1.6843087673187256,41.03076934814453
1239,-47.77246856689453,-34.873077586889266,1001,7.362936496734619,0.0003,1,a2c_entropy_low_seed1,-0.31538116931915283,15.357635498046875,1.0004167556762695,-0.19900870323181152,10.345321655273438
1239,-47.77246856689453,-34.873077586889266,1001,16.946857452392578,0.0003,1,a2c_entropy_low_seed1,-0.14454710483551025,34.18376922607422,0.960558295249939,0.6330161690711975,32.68367385864258
1240,-61.9732780456543,-35.70439697623253,1001,9.408665657043457,0.0003,1,a2c_entropy_low_seed1,-1.7297145128250122,22.277759552001953,1.0003842115402222,-1.047427773475647,24.146800994873047
1241,-143.28631591796875,-36.55243728995323,931,190.50294494628906,0.0003,1,a2c_entropy_low_seed1,-0.6213496923446655,382.24945068359375,0.8424699306488037,-4.108757019042969,107.80430603027344
1241,-143.28631591796875,-36.55243728995323,931,25.748523712158203,0.0003,1,a2c_entropy_low_seed1,1.7272558212280273,48.04347229003906,0.9394168257713318,2.581491470336914,53.58962631225586
1241,-143.28631591796875,-36.55243728995323,931,12.414695739746094,0.0003,1,a2c_entropy_low_seed1,-0.13675960898399353,25.103900909423828,0.9896228909492493,0.13981270790100098,20.935575485229492
1241,-143.28631591796875,-36.55243728995323,931,5.608345031738281,0.0003,1,a2c_entropy_low_seed1,-0.3317819833755493,11.881247520446777,0.9937654137611389,-0.2106820046901703,15.214017868041992
1241,-143.28631591796875,-36.55243728995323,931,6.3362135887146,0.0003,1,a2c_entropy_low_seed1,0.006989657878875732,12.659463882446289,1.0151866674423218,0.22874920070171356,5.668093204498291
1241,-143.28631591796875,-36.55243728995323,931,5.680507659912109,0.0003,1,a2c_entropy_low_seed1,-1.7298762798309326,14.821706771850586,0.9388391971588135,-1.545896291732788,29.257261276245117
1241,-143.28631591796875,-36.55243728995323,931,3.763477087020874,0.0003,1,a2c_entropy_low_seed1,-0.989229679107666,9.506393432617188,0.979913055896759,-0.7019244432449341,14.723511695861816
1241,-143.28631591796875,-36.55243728995323,931,6.386198997497559,0.0003,1,a2c_entropy_low_seed1,-0.577068567276001,13.927481651306152,0.9455921053886414,-0.27850550413131714,13.292654037475586
1241,-143.28631591796875,-36.55243728995323,931,2.539745807647705,0.0003,1,a2c_entropy_low_seed1,-1.0440728664398193,7.168626308441162,0.9887821674346924,-0.8918649554252625,15.874858856201172
1241,-143.28631591796875,-36.55243728995323,931,4.016595363616943,0.0003,1,a2c_entropy_low_seed1,0.21003197133541107,7.61407995223999,0.9524472951889038,0.5723168253898621,10.040550231933594
1242,1.9095125198364258,-35.379490722417835,1001,8.665263175964355,0.0003,1,a2c_entropy_low_seed1,-0.010136589407920837,17.351764678955078,0.9649651050567627,0.430426687002182,11.19512939453125
1243,-31.372243881225586,-36.911564048528675,1001,8.537132263183594,0.0003,1,a2c_entropy_low_seed1,-0.06295257806777954,17.201189041137695,1.0182950496673584,0.11506983637809753,11.230825424194336
1243,-31.372243881225586,-36.911564048528675,1001,6.286953449249268,0.0003,1,a2c_entropy_low_seed1,0.07829609513282776,12.418342590332031,1.027799129486084,0.415054589509964,15.654282569885254
1243,-31.372243881225586,-36.911564048528675,1001,5.0032124519348145,0.0003,1,a2c_entropy_low_seed1,-1.6496021747589111,13.306596755981445,0.9679584503173828,-1.557959794998169,28.747426986694336
1244,-45.79364776611328,-36.571924384832386,1001,9.880897521972656,0.0003,1,a2c_entropy_low_seed1,0.04549853503704071,19.671743392944336,0.9458212852478027,0.779491662979126,14.853313446044922
1244,-45.79364776611328,-36.571924384832386,1001,8.434109687805176,0.0003,1,a2c_entropy_low_seed1,-1.3086061477661133,19.486448287963867,1.0162930488586426,-0.9679989218711853,19.180814743041992
1244,-45.79364776611328,-36.571924384832386,1001,8.648927688598633,0.0003,1,a2c_entropy_low_seed1,0.22238615155220032,16.854093551635742,1.0105257034301758,0.9485391974449158,24.140871047973633
1244,-45.79364776611328,-36.571924384832386,1001,3.9813852310180664,0.0003,1,a2c_entropy_low_seed1,-2.2909765243530273,12.545653343200684,0.9298830032348633,-1.7279515266418457,33.254005432128906
1244,-45.79364776611328,-36.571924384832386,1001,2.9103775024414062,0.0003,1,a2c_entropy_low_seed1,-0.6850943565368652,7.191888809204102,0.944980800151825,-0.4021148383617401,8.468929290771484
1244,-45.79364776611328,-36.571924384832386,1001,2.8890221118927,0.0003,1,a2c_entropy_low_seed1,-0.0325905978679657,5.844244956970215,1.019545555114746,0.32689327001571655,6.773247718811035
1244,-45.79364776611328,-36.571924384832386,1001,3.53874135017395,0.0003,1,a2c_entropy_low_seed1,-1.695419430732727,10.469274520874023,0.9533447027206421,-1.0000187158584595,19.563777923583984
1244,-45.79364776611328,-36.571924384832386,1001,4.625049591064453,0.0003,1,a2c_entropy_low_seed1,0.14941132068634033,8.952232360839844,0.955362856388092,0.7178704738616943,11.571969032287598
1244,-45.79364776611328,-36.571924384832386,1001,3.3832688331604004,0.0003,1,a2c_entropy_low_seed1,-1.7932398319244385,10.354021072387695,1.003563404083252,-1.379437804222107,23.401060104370117
1245,-63.195892333984375,-36.70258364081383,1001,6.504088401794434,0.0003,1,a2c_entropy_low_seed1,-0.7585545778274536,14.526304244995117,1.0187674760818481,-0.5155603885650635,9.250228881835938
1245,-63.195892333984375,-36.70258364081383,1001,6.837067604064941,0.0003,1,a2c_entropy_low_seed1,0.2986845374107361,13.077752113342285,0.9865337014198303,0.4777320623397827,11.819328308105469
1245,-63.195892333984375,-36.70258364081383,1001,18.425617218017578,0.0003,1,a2c_entropy_low_seed1,-0.9116879105567932,38.67562484741211,1.013545274734497,-0.5369184613227844,13.626636505126953
1246,-72.10753631591797,-36.44299074530601,1001,5.344783306121826,0.0003,1,a2c_entropy_low_seed1,0.03750266879796982,10.615511894226074,0.9509286880493164,0.2275293469429016,5.308857440948486
1246,-72.10753631591797,-36.44299074530601,1001,3.703763961791992,0.0003,1,a2c_entropy_low_seed1,-0.7950359582901001,8.99858283996582,0.9833680987358093,-0.4562569558620453,13.990276336669922
1247,2.8763248920440674,-35.611697691679,1001,6.186922550201416,0.0003,1,a2c_entropy_low_seed1,-1.4029474258422852,15.180728912353516,0.9888430833816528,-0.9941883683204651,21.04940414428711
1247,2.8763248920440674,-35.611697691679,1001,20.908863067626953,0.0003,1,a2c_entropy_low_seed1,2.1324918270111084,37.55373764038086,0.9962763786315918,2.5323896408081055,58.40530776977539
1248,-138.66163635253906,-37.00938629031182,976,107.59603881835938,0.0003,1,a2c_entropy_low_seed1,-0.5070382356643677,216.20712280273438,0.9617089629173279,-1.0739004611968994,43.3359489440918
1249,-45.48344802856445,-38.291083830595014,1001,4.719300270080566,0.0003,1,a2c_entropy_low_seed1,-0.8116557598114014,11.062856674194336,0.9437445998191833,-0.3671366572380066,11.399575233459473
1249,-45.48344802856445,-38.291083830595014,1001,9.9793701171875,0.0003,1,a2c_entropy_low_seed1,0.6707891225814819,18.618066787719727,0.9048506021499634,1.1403553485870361,26.30100440979004
1249,-45.48344802856445,-38.291083830595014,1001,10.470993995666504,0.0003,1,a2c_entropy_low_seed1,0.5154194831848145,19.912111282348633,0.9623369574546814,0.7541692852973938,23.750652313232422
1249,-45.48344802856445,-38.291083830595014,1001,10.998539924621582,0.0003,1,a2c_entropy_low_seed1,1.5411863327026367,18.915685653686523,0.9792909622192383,1.9085384607315063,39.14654541015625
1249,-45.48344802856445,-38.291083830595014,1001,3.2078278064727783,0.0003,1,a2c_entropy_low_seed1,-1.0447160005569458,8.506112098693848,1.0245200395584106,-0.8603804111480713,17.421401977539062
1249,-45.48344802856445,-38.291083830595014,1001,2.3674893379211426,0.0003,1,a2c_entropy_low_seed1,-1.9019312858581543,8.53984260559082,1.0011308193206787,-1.5321135520935059,31.252309799194336
1249,-45.48344802856445,-38.291083830595014,1001,4.292134761810303,0.0003,1,a2c_entropy_low_seed1,-1.1837968826293945,10.952813148498535,0.9502127170562744,-0.8899788856506348,20.96442413330078
1249,-45.48344802856445,-38.291083830595014,1001,5.143548011779785,0.0003,1,a2c_entropy_low_seed1,0.5058844089508057,9.276333808898926,1.0073788166046143,0.6303955912590027,12.645191192626953
1249,-45.48344802856445,-38.291083830595014,1001,5.453249454498291,0.0003,1,a2c_entropy_low_seed1,0.09015104919672012,10.727234840393066,1.037318468093872,0.4409196376800537,8.302085876464844
1249,-45.48344802856445,-38.291083830595014,1001,3.3321266174316406,0.0003,1,a2c_entropy_low_seed1,-0.5514498949050903,7.768180847167969,1.0279786586761475,-0.5132226943969727,10.797451972961426
1250,-52.03170394897461,-38.12041007876396,1001,9.859511375427246,0.0003,1,a2c_entropy_low_seed1,-0.16894857585430145,20.057897567749023,0.9789004325866699,0.2584681212902069,6.6184821128845215
1250,-52.03170394897461,-38.12041007876396,1001,2.8326618671417236,0.0003,1,a2c_entropy_low_seed1,-0.19192305207252502,6.05018424987793,1.014133095741272,0.09117379784584045,3.959559917449951
1251,-36.27424240112305,-38.194343947172165,1001,20.57946014404297,0.0003,1,a2c_entropy_low_seed1,1.4754549264907837,38.20896530151367,0.9552302360534668,1.664937138557434,45.092369079589844
1251,-36.27424240112305,-38.194343947172165,1001,4.600365161895752,0.0003,1,a2c_entropy_low_seed1,-1.148163914680481,11.498029708862305,0.9715865850448608,-0.7862547039985657,17.2757625579834
1252,-48.41133499145508,-39.3553355205059,1001,17.737512588500977,0.0003,1,a2c_entropy_low_seed1,1.0577754974365234,33.36045455932617,0.9790220260620117,1.09967839717865,31.06361198425293
1252,-48.41133499145508,-39.3553355205059,1001,6.995413780212402,0.0003,1,a2c_entropy_low_seed1,-0.24504953622817993,14.481877326965332,0.9509513974189758,-0.062273308634757996,5.0806121826171875
1252,-48.41133499145508,-39.3553355205059,1001,7.111489772796631,0.0003,1,a2c_entropy_low_seed1,-0.7173011302947998,15.658578872680664,0.9962908625602722,-0.5086270570755005,11.77304458618164
1252,-48.41133499145508,-39.3553355205059,1001,10.051136016845703,0.0003,1,a2c_entropy_low_seed1,0.07962048053741455,19.944040298461914,1.009601354598999,0.2746122479438782,10.074178695678711
1252,-48.41133499145508,-39.3553355205059,1001,6.460899829864502,0.0003,1,a2c_entropy_low_seed1,-0.37334221601486206,13.669487953186035,1.0045366287231445,-0.14204761385917664,7.7360382080078125
1252,-48.41133499145508,-39.3553355205059,1001,2.8902816772460938,0.0003,1,a2c_entropy_low_seed1,-1.4783833026885986,8.738325119018555,0.9949493408203125,-1.2266871929168701,26.41709327697754
1252,-48.41133499145508,-39.3553355205059,1001,5.706165313720703,0.0003,1,a2c_entropy_low_seed1,-1.1404149532318115,13.69412899017334,0.9692422151565552,-0.9128808975219727,17.011720657348633
1252,-48.41133499145508,-39.3553355205059,1001,4.0559282302856445,0.0003,1,a2c_entropy_low_seed1,-1.3049397468566895,10.72271728515625,0.9814518094062805,-1.0496675968170166,23.025724411010742
1252,-48.41133499145508,-39.3553355205059,1001,5.376404762268066,0.0003,1,a2c_entropy_low_seed1,-0.46183717250823975,11.677486419677734,1.0023080110549927,-0.40043169260025024,10.109870910644531
1253,-35.72856140136719,-39.428931940793994,1001,4.41572380065918,0.0003,1,a2c_entropy_low_seed1,-0.3176678419113159,9.467768669128418,0.9851752519607544,-0.1939532458782196,5.481770992279053
1253,-35.72856140136719,-39.428931940793994,1001,5.844344615936279,0.0003,1,a2c_entropy_low_seed1,-0.7495537996292114,13.188766479492188,0.9695207476615906,-0.5623529553413391,18.939151763916016
1253,-35.72856140136719,-39.428931940793994,1001,7.227004051208496,0.0003,1,a2c_entropy_low_seed1,-1.2312023639678955,16.917377471923828,0.9649417400360107,-0.6528632640838623,13.914900779724121
1254,-56.0062255859375,-37.96429815173149,1001,4.275169372558594,0.0003,1,a2c_entropy_low_seed1,-0.5964687466621399,9.74421501159668,0.9387378096580505,-0.16343775391578674,9.851582527160645
1255,-99.62901306152344,-39.19131093859673,903,118.0623779296875,0.0003,1,a2c_entropy_low_seed1,-3.6216113567352295,243.3688507080078,0.8703582286834717,-2.8464033603668213,54.43820571899414
1256,-45.119319915771484,-41.3165383708477,1001,9.969691276550293,0.0003,1,a2c_entropy_low_seed1,1.0776385068893433,17.785045623779297,0.9403295516967773,1.551569938659668,36.69507598876953
1256,-45.119319915771484,-41.3165383708477,1001,20.242034912109375,0.0003,1,a2c_entropy_low_seed1,0.6598154306411743,39.16535949707031,0.9185367822647095,1.2297264337539673,38.16166305541992
1256,-45.119319915771484,-41.3165383708477,1001,5.989057540893555,0.0003,1,a2c_entropy_low_seed1,-0.5195356607437134,13.018118858337402,0.9323089122772217,-0.23694822192192078,17.641359329223633
1256,-45.119319915771484,-41.3165383708477,1001,6.328559398651123,0.0003,1,a2c_entropy_low_seed1,0.3363461196422577,11.985404968261719,0.9786226749420166,0.6981568336486816,22.761667251586914
1257,-29.809114456176758,-41.26353723406792,1001,5.201564788818359,0.0003,1,a2c_entropy_low_seed1,0.49786078929901123,9.408365249633789,0.9572011232376099,0.9774638414382935,21.24880027770996
1257,-29.809114456176758,-41.26353723406792,1001,3.8418936729431152,0.0003,1,a2c_entropy_low_seed1,-1.1920812129974365,10.068941116333008,0.9915586113929749,-0.8039294481277466,23.574804306030273
1257,-29.809114456176758,-41.26353723406792,1001,5.998235702514648,0.0003,1,a2c_entropy_low_seed1,-0.3250264525413513,12.647459030151367,0.9346084594726562,0.04219019412994385,11.86342716217041
1257,-29.809114456176758,-41.26353723406792,1001,6.952211856842041,0.0003,1,a2c_entropy_low_seed1,-0.8901582360267639,15.685747146606445,1.0072815418243408,-0.4176958203315735,11.331947326660156
1257,-29.809114456176758,-41.26353723406792,1001,4.33551025390625,0.0003,1,a2c_entropy_low_seed1,-0.963672935962677,10.599339485168457,0.9730913043022156,-0.41438931226730347,14.455815315246582
1257,-29.809114456176758,-41.26353723406792,1001,2.750037431716919,0.0003,1,a2c_entropy_low_seed1,-0.4144933819770813,6.330098628997803,1.0373127460479736,-0.2122715562582016,5.120825290679932
1257,-29.809114456176758,-41.26353723406792,1001,5.237090587615967,0.0003,1,a2c_entropy_low_seed1,-0.2738874852657318,11.022857666015625,0.9011707305908203,0.08314555138349533,7.177710056304932
1257,-29.809114456176758,-41.26353723406792,1001,32.870567321777344,0.0003,1,a2c_entropy_low_seed1,0.7862706184387207,64.1695556640625,0.9625300765037537,2.1689774990081787,42.76041030883789
1257,-29.809114456176758,-41.26353723406792,1001,8.588418960571289,0.0003,1,a2c_entropy_low_seed1,-1.6502189636230469,20.478191375732422,0.914789080619812,-1.9078850746154785,39.85161209106445
1258,-10.079874038696289,-40.04892423510552,1001,8.04580307006836,0.0003,1,a2c_entropy_low_seed1,0.14480352401733398,15.802919387817383,0.9201701283454895,0.4770689904689789,10.802773475646973
1258,-10.079874038696289,-40.04892423510552,1001,3.6726012229919434,0.0003,1,a2c_entropy_low_seed1,-0.75574791431427,8.857588768005371,0.890823483467102,-0.6167315244674683,14.680337905883789
1259,2.11220645904541,-38.822464331388474,1001,10.462900161743164,0.0003,1,a2c_entropy_low_seed1,0.22687868773937225,20.472944259643555,0.9017084836959839,0.5920069217681885,21.272491455078125
1259,2.11220645904541,-38.822464331388474,1001,8.25069808959961,0.0003,1,a2c_entropy_low_seed1,-0.8029249906539917,18.108205795288086,0.9595638513565063,-0.9574567675590515,19.41121482849121
1260,-60.95810317993164,-38.981249808073045,1001,11.265167236328125,0.0003,1,a2c_entropy_low_seed1,0.12941282987594604,22.2724666595459,0.9571542739868164,0.8483231067657471,23.52014923095703
1260,-60.95810317993164,-38.981249808073045,1001,6.703472137451172,0.0003,1,a2c_entropy_low_seed1,0.2203003168106079,12.967300415039062,0.9562050700187683,0.37420785427093506,12.926970481872559
1260,-60.95810317993164,-38.981249808073045,1001,3.9363865852355957,0.0003,1,a2c_entropy_low_seed1,-0.9169970750808716,9.707719802856445,0.9525805115699768,-0.3940245509147644,11.377304077148438
1260,-60.95810317993164,-38.981249808073045,1001,18.121931076049805,0.0003,1,a2c_entropy_low_seed1,1.732938528060913,32.77888870239258,0.903185248374939,2.4132349491119385,45.87744903564453
1260,-60.95810317993164,-38.981249808073045,1001,1.9369808435440063,0.0003,1,a2c_entropy_low_seed1,-0.298150897026062,4.4712605476379395,0.997102677822113,-0.018611758947372437,3.8557302951812744
1260,-60.95810317993164,-38.981249808073045,1001,2.8687825202941895,0.0003,1,a2c_entropy_low_seed1,-1.0866338014602661,7.91184663772583,1.013864517211914,-0.909108579158783,21.499086380004883
1260,-60.95810317993164,-38.981249808073045,1001,3.171691417694092,0.0003,1,a2c_entropy_low_seed1,-0.6512066721916199,7.646787643432617,0.9911534786224365,-0.5924322009086609,11.335412979125977
1260,-60.95810317993164,-38.981249808073045,1001,3.0294647216796875,0.0003,1,a2c_entropy_low_seed1,-0.1822246015071869,6.424322128295898,0.9438687562942505,0.2566547393798828,7.567150592803955
1260,-60.95810317993164,-38.981249808073045,1001,15.846612930297852,0.0003,1,a2c_entropy_low_seed1,-0.44596531987190247,32.58613204956055,0.9747083783149719,0.42956405878067017,23.723316192626953
1260,-60.95810317993164,-38.981249808073045,1001,5.406008720397949,0.0003,1,a2c_entropy_low_seed1,-0.2940477728843689,11.401001930236816,0.8887622952461243,0.020786775276064873,8.895565032958984
1261,17.87055015563965,-39.28730193972588,1001,6.526103973388672,0.0003,1,a2c_entropy_low_seed1,0.2911168038845062,12.470890045166016,0.9151558876037598,0.681683361530304,13.733283996582031
1262,131.05201721191406,-36.22234115481377,951,172.06805419921875,0.0003,1,a2c_entropy_low_seed1,-0.8146064281463623,345.7662658691406,0.9489167928695679,3.9176483154296875,128.2422332763672
1262,131.05201721191406,-36.22234115481377,951,11.599053382873535,0.0003,1,a2c_entropy_low_seed1,-0.04267370328307152,23.284433364868164,0.977707028388977,0.33683472871780396,11.413490295410156
1263,-61.48284912109375,-38.54173133730888,1001,8.754745483398438,0.0003,1,a2c_entropy_low_seed1,1.0896141529083252,15.331220626831055,0.9566007256507874,1.5046324729919434,30.12350082397461
1264,-45.13080978393555,-40.69320693850517,1001,9.57696533203125,0.0003,1,a2c_entropy_low_seed1,-0.11171635240316391,19.37828826904297,0.9247961044311523,-0.16555023193359375,7.4730000495910645
1264,-45.13080978393555,-40.69320693850517,1001,9.025162696838379,0.0003,1,a2c_entropy_low_seed1,0.18642276525497437,17.67837905883789,0.8986828923225403,0.5662644505500793,23.130929946899414
1264,-45.13080978393555,-40.69320693850517,1001,22.38643455505371,0.0003,1,a2c_entropy_low_seed1,2.667375326156616,39.439056396484375,0.938145101070404,2.947301149368286,70.41085052490234
1264,-45.13080978393555,-40.69320693850517,1001,4.233206748962402,0.0003,1,a2c_entropy_low_seed1,-0.030941814184188843,8.529289245605469,0.9918305277824402,0.15427815914154053,6.120677471160889
1265,-44.843910217285156,-41.57863126277923,1001,6.332613468170166,0.0003,1,a2c_entropy_low_seed1,-0.054971903562545776,12.776153564453125,0.9837038516998291,0.0583186000585556,3.763578176498413
1265,-44.843910217285156,-41.57863126277923,1001,5.601171016693115,0.0003,1,a2c_entropy_low_seed1,-0.5961582064628601,12.395644187927246,0.9862842559814453,-0.3791953921318054,13.193380355834961
1265,-44.843910217285156,-41.57863126277923,1001,5.6526312828063965,0.0003,1,a2c_entropy_low_seed1,0.21419543027877808,10.877930641174316,1.0589921474456787,0.3782586455345154,8.167901039123535
1265,-44.843910217285156,-41.57863126277923,1001,6.648952960968018,0.0003,1,a2c_entropy_low_seed1,-0.09830573201179504,13.495471954345703,0.9543160200119019,0.27139079570770264,11.847259521484375
1265,-44.843910217285156,-41.57863126277923,1001,4.612178325653076,0.0003,1,a2c_entropy_low_seed1,-0.4696391224861145,10.164634704589844,0.9997551441192627,-0.1410476565361023,7.495419025421143
1265,-44.843910217285156,-41.57863126277923,1001,3.333313465118408,0.0003,1,a2c_entropy_low_seed1,-0.9837673902511597,8.635172843933105,1.0109739303588867,-0.49217313528060913,11.24800968170166
1265,-44.843910217285156,-41.57863126277923,1001,2.1669652462005615,0.0003,1,a2c_entropy_low_seed1,-0.6590712070465088,5.652996063232422,0.9231320023536682,-0.4131879210472107,10.183133125305176
1265,-44.843910217285156,-41.57863126277923,1001,6.001616477966309,0.0003,1,a2c_entropy_low_seed1,-0.31988584995269775,12.644033432006836,1.0289217233657837,0.024920091032981873,4.643851280212402
1265,-44.843910217285156,-41.57863126277923,1001,2.908658504486084,0.0003,1,a2c_entropy_low_seed1,-0.8622460961341858,7.542850017547607,1.0406986474990845,-0.5499527454376221,9.094498634338379
1265,-44.843910217285156,-41.57863126277923,1001,18.71495819091797,0.0003,1,a2c_entropy_low_seed1,0.17618480324745178,37.078521728515625,0.9761940836906433,0.9321874380111694,19.180519104003906
1266,-31.79971694946289,-39.49217565059662,1001,4.598208427429199,0.0003,1,a2c_entropy_low_seed1,-0.7793254852294922,10.75600528717041,0.9370574951171875,-0.33072879910469055,10.010749816894531
1267,64.67967987060547,-38.75720181941986,1001,21.824970245361328,0.0003,1,a2c_entropy_low_seed1,2.3412046432495117,38.96847152709961,0.9384377002716064,2.8215441703796387,61.639217376708984
1267,64.67967987060547,-38.75720181941986,1001,6.504718780517578,0.0003,1,a2c_entropy_low_seed1,-0.030995666980743408,13.072367668151855,0.9383352398872375,0.31352365016937256,8.399604797363281
1267,64.67967987060547,-38.75720181941986,1001,3.516282081604004,0.0003,1,a2c_entropy_low_seed1,0.17288939654827118,6.687755107879639,0.9700711369514465,0.3841525912284851,13.115913391113281
1268,3.994145154953003,-39.39090015411377,1001,3.9022655487060547,0.0003,1,a2c_entropy_low_seed1,-0.6295428276062012,9.064616203308105,0.9994367957115173,-0.43361562490463257,11.23942756652832
1268,3.994145154953003,-39.39090015411377,1001,4.302570819854736,0.0003,1,a2c_entropy_low_seed1,0.017060458660125732,8.572071075439453,1.0499136447906494,0.15814273059368134,3.8558077812194824
1268,3.994145154953003,-39.39090015411377,1001,6.461730480194092,0.0003,1,a2c_entropy_low_seed1,-1.2617757320404053,15.448020935058594,1.007786512374878,-0.8852761387825012,22.97852325439453
1268,3.994145154953003,-39.39090015411377,1001,4.694973468780518,0.0003,1,a2c_entropy_low_seed1,0.05253458023071289,9.285882949829102,1.0048675537109375,0.567756175994873,11.171141624450684
1268,3.994145154953003,-39.39090015411377,1001,2.3987374305725098,0.0003,1,a2c_entropy_low_seed1,-2.131582736968994,9.061569213867188,0.9287976622581482,-1.5608787536621094,27.655553817749023
1268,3.994145154953003,-39.39090015411377,1001,5.5408220291137695,0.0003,1,a2c_entropy_low_seed1,-0.19497980177402496,11.472602844238281,0.9998490810394287,0.12208959460258484,9.275721549987793
1268,3.994145154953003,-39.39090015411377,1001,5.302323341369629,0.0003,1,a2c_entropy_low_seed1,-0.3505927324295044,11.306814193725586,0.9825997352600098,0.21518921852111816,14.89531135559082
1269,-127.77810668945312,-41.15699886322022,906,157.0149688720703,0.0003,1,a2c_entropy_low_seed1,-3.851804256439209,321.7344665527344,0.9278838038444519,-5.778938293457031,106.67552947998047
1269,-127.77810668945312,-41.15699886322022,906,3.363847017288208,0.0003,1,a2c_entropy_low_seed1,-0.31473636627197266,7.3580851554870605,0.9183684587478638,-0.11909572780132294,6.45475959777832
1271,-132.87448120117188,-41.394092984199524,899,201.3744659423828,0.0003,1,a2c_entropy_low_seed1,-1.0446112155914307,404.83892822265625,0.7605247497558594,-6.063182353973389,161.04148864746094
1271,-132.87448120117188,-41.394092984199524,899,34.01866149902344,0.0003,1,a2c_entropy_low_seed1,1.2480963468551636,65.54206848144531,0.9353624582290649,2.19138240814209,58.891136169433594
1271,-132.87448120117188,-41.394092984199524,899,11.851438522338867,0.0003,1,a2c_entropy_low_seed1,1.1913151741027832,21.321142196655273,0.8968459963798523,1.6406199932098389,44.60129928588867
1271,-132.87448120117188,-41.394092984199524,899,3.3904943466186523,0.0003,1,a2c_entropy_low_seed1,-2.0949184894561768,10.971750259399414,0.9244310855865479,-1.7648181915283203,35.769676208496094
1272,4.929914951324463,-40.43908843517303,1001,4.839599132537842,0.0003,1,a2c_entropy_low_seed1,0.7108837366104126,8.258317947387695,0.8865411877632141,0.9989020824432373,22.575891494750977
1272,4.929914951324463,-40.43908843517303,1001,3.3290116786956787,0.0003,1,a2c_entropy_low_seed1,-1.2817407846450806,9.222437858581543,0.9330530166625977,-1.1243607997894287,27.914419174194336
1272,4.929914951324463,-40.43908843517303,1001,6.955856800079346,0.0003,1,a2c_entropy_low_seed1,-0.10053535550832748,14.113710403442383,0.926305890083313,0.2744036614894867,12.044182777404785
1272,4.929914951324463,-40.43908843517303,1001,4.8443074226379395,0.0003,1,a2c_entropy_low_seed1,-0.16426491737365723,10.018089294433594,0.9454725980758667,0.16992521286010742,4.8257646560668945
1273,-47.98811721801758,-40.16282783031463,1001,5.081165790557861,0.0003,1,a2c_entropy_low_seed1,-0.8932415246963501,11.949813842773438,0.9998924732208252,-0.992658793926239,28.867006301879883
1273,-47.98811721801758,-40.16282783031463,1001,4.379030704498291,0.0003,1,a2c_entropy_low_seed1,-0.6049031019210815,9.968883514404297,1.0160002708435059,-0.6368634700775146,19.41848373413086
1273,-47.98811721801758,-40.16282783031463,1001,2.0676727294921875,0.0003,1,a2c_entropy_low_seed1,-1.27354896068573,6.683451175689697,1.0082049369812012,-1.1259506940841675,26.527055740356445
1273,-47.98811721801758,-40.16282783031463,1001,5.900871276855469,0.0003,1,a2c_entropy_low_seed1,-1.5495262145996094,14.901744842529297,0.949614405632019,-1.4650367498397827,33.64120101928711
1273,-47.98811721801758,-40.16282783031463,1001,5.702787399291992,0.0003,1,a2c_entropy_low_seed1,0.6020534038543701,10.202489852905273,1.022626280784607,0.733473539352417,17.844867706298828
1273,-47.98811721801758,-40.16282783031463,1001,1.6826637983322144,0.0003,1,a2c_entropy_low_seed1,-1.6089802980422974,6.584299087524414,1.0108633041381836,-1.3934496641159058,29.14909553527832
1273,-47.98811721801758,-40.16282783031463,1001,1.3376169204711914,0.0003,1,a2c_entropy_low_seed1,-1.3644230365753174,5.4050726890563965,0.9928581118583679,-1.0103155374526978,19.05771827697754
1273,-47.98811721801758,-40.16282783031463,1001,6.919696807861328,0.0003,1,a2c_entropy_low_seed1,-1.0668268203735352,15.973952293395996,0.9049203395843506,-0.6116421818733215,24.87188148498535
1273,-47.98811721801758,-40.16282783031463,1001,3.547053337097168,0.0003,1,a2c_entropy_low_seed1,-0.3063216805458069,7.7077226638793945,0.9729347229003906,0.2421165406703949,8.22694206237793
1273,-47.98811721801758,-40.16282783031463,1001,9.587197303771973,0.0003,1,a2c_entropy_low_seed1,-0.9269486665725708,21.029258728027344,0.9675055742263794,-0.891374409198761,20.023591995239258
1274,-65.76918029785156,-40.17211905956268,1001,37.7558479309082,0.0003,1,a2c_entropy_low_seed1,0.768386721611023,73.97583770751953,0.9184528589248657,0.631055474281311,24.64799690246582
1275,42.93141174316406,-40.10326270580292,1001,6.1968159675598145,0.0003,1,a2c_entropy_low_seed1,0.5931971073150635,11.20824909210205,1.0114586353302002,0.9311795830726624,17.382795333862305
1275,42.93141174316406,-40.10326270580292,1001,9.748824119567871,0.0003,1,a2c_entropy_low_seed1,-0.7670626640319824,21.03264808654785,0.8752990365028381,-0.6963485479354858,21.18284797668457
1275,42.93141174316406,-40.10326270580292,1001,6.040927410125732,0.0003,1,a2c_entropy_low_seed1,0.5459769368171692,10.99081802368164,0.9171691536903381,0.8476347327232361,22.711076736450195
1276,-59.777069091796875,-40.1385908460617,1001,6.115569591522217,0.0003,1,a2c_entropy_low_seed1,-0.03634646534919739,12.304683685302734,0.8514611721038818,0.19024115800857544,8.471614837646484
1276,-59.777069091796875,-40.1385908460617,1001,8.588019371032715,0.0003,1,a2c_entropy_low_seed1,0.31463301181793213,16.54762840270996,0.8572523593902588,0.8530671000480652,23.806840896606445
1277,102.2812271118164,-36.22731917858124,812,129.6833038330078,0.0003,1,a2c_entropy_low_seed1,-1.4092481136322021,262.1860046386719,0.9084893465042114,2.135361671447754,85.83219909667969
1277,102.2812271118164,-36.22731917858124,812,8.420990943908691,0.0003,1,a2c_entropy_low_seed1,0.7048581838607788,15.43327522277832,1.0082292556762695,1.1012728214263916,27.255266189575195
1277,102.2812271118164,-36.22731917858124,812,18.445337295532227,0.0003,1,a2c_entropy_low_seed1,1.8048373460769653,33.28195571899414,0.9579209685325623,2.3803975582122803,60.52870559692383
1277,102.2812271118164,-36.22731917858124,812,5.94502067565918,0.0003,1,a2c_entropy_low_seed1,-0.08191080391407013,12.054882049560547,1.0196220874786377,0.22694027423858643,11.29434585571289
1277,102.2812271118164,-36.22731917858124,812,2.2513835430145264,0.0003,1,a2c_entropy_low_seed1,-1.0582388639450073,6.620262145996094,1.0171093940734863,-0.7084465026855469,15.342988014221191
1277,102.2812271118164,-36.22731917858124,812,2.9178168773651123,0.0003,1,a2c_entropy_low_seed1,-0.4445040225982666,6.725651264190674,1.0093672275543213,-0.16127225756645203,8.972578048706055
1277,102.2812271118164,-36.22731917858124,812,5.270636081695557,0.0003,1,a2c_entropy_low_seed1,0.7580814957618713,9.02609634399414,0.9870442152023315,1.1384971141815186,26.969038009643555
1278,-37.063255310058594,-36.03563415050507,1001,3.1689605712890625,0.0003,1,a2c_entropy_low_seed1,-0.5904045104980469,7.519733428955078,1.0035001039505005,-0.41622477769851685,8.752789497375488
1279,-82.43950653076172,-35.44600707530975,1001,4.138206958770752,0.0003,1,a2c_entropy_low_seed1,-1.3499937057495117,10.977347373962402,0.9463732242584229,-1.042819619178772,27.2832088470459
1279,-82.43950653076172,-35.44600707530975,1001,35.33547592163086,0.0003,1,a2c_entropy_low_seed1,2.8641269207000732,64.94365692138672,0.9610419869422913,3.572230577468872,102.38227844238281
1279,-82.43950653076172,-35.44600707530975,1001,7.38952112197876,0.0003,1,a2c_entropy_low_seed1,0.7376995086669922,13.304655075073242,1.0116610527038574,1.130695104598999,33.33488464355469
1279,-82.43950653076172,-35.44600707530975,1001,3.861755609512329,0.0003,1,a2c_entropy_low_seed1,-1.080552101135254,9.885636329650879,1.0208896398544312,-0.7600392699241638,15.924346923828125
1280,-43.26687240600586,-35.819118304252626,1001,4.46071720123291,0.0003,1,a2c_entropy_low_seed1,-0.522922158241272,9.96826457977295,0.9863806962966919,0.11816485971212387,5.750803470611572
1280,-43.26687240600586,-35.819118304252626,1001,24.27946662902832,0.0003,1,a2c_entropy_low_seed1,1.049178123474121,46.46154022216797,0.965030312538147,1.7064650058746338,44.41605758666992
1280,-43.26687240600586,-35.819118304252626,1001,7.2210845947265625,0.0003,1,a2c_entropy_low_seed1,-1.8142175674438477,18.071645736694336,1.0414010286331177,-1.672508716583252,35.996768951416016
1281,-5.405190467834473,-33.83388501644134,1001,9.208882331848145,0.0003,1,a2c_entropy_low_seed1,0.40150222182273865,17.615741729736328,0.9819247722625732,0.5896449089050293,21.71622085571289
1281,-5.405190467834473,-33.83388501644134,1001,4.441644668579102,0.0003,1,a2c_entropy_low_seed1,-0.46854129433631897,9.821371078491211,0.9996393918991089,-0.336875855922699,14.956357955932617
1282,-133.016845703125,-36.078954558372494,698,231.74452209472656,0.0003,1,a2c_entropy_low_seed1,0.9200903177261353,461.6497497558594,0.8878766298294067,-4.468131065368652,160.556884765625
1282,-133.016845703125,-36.078954558372494,698,5.850306034088135,0.0003,1,a2c_entropy_low_seed1,-0.508996307849884,12.71961784362793,1.0130361318588257,-0.21576273441314697,17.86549949645996
1282,-133.016845703125,-36.078954558372494,698,4.739813327789307,0.0003,1,a2c_entropy_low_seed1,0.2802724540233612,8.920055389404297,0.9737198948860168,0.5319606065750122,17.535606384277344
1282,-133.016845703125,-36.078954558372494,698,12.921361923217773,0.0003,1,a2c_entropy_low_seed1,0.8097358345985413,24.224252700805664,1.0013715028762817,0.9619547724723816,17.544321060180664
1282,-133.016845703125,-36.078954558372494,698,3.8865392208099365,0.0003,1,a2c_entropy_low_seed1,-1.3727308511734009,10.519493103027344,0.9533491134643555,-1.1213603019714355,27.195688247680664
1282,-133.016845703125,-36.078954558372494,698,9.392772674560547,0.0003,1,a2c_entropy_low_seed1,-0.2768433094024658,19.340076446533203,0.8458976745605469,0.6820996999740601,18.078815460205078
1282,-133.016845703125,-36.078954558372494,698,6.876619815826416,0.0003,1,a2c_entropy_low_seed1,-1.963581919670105,17.681320190429688,0.9166598320007324,-1.520169734954834,29.33255386352539
1282,-133.016845703125,-36.078954558372494,698,54.20418930053711,0.0003,1,a2c_entropy_low_seed1,1.8852243423461914,104.6386947631836,0.7620058059692383,1.5355234146118164,30.14634895324707
1284,-92.18321990966797,-37.28211076259613,571,164.34010314941406,0.0003,1,a2c_entropy_low_seed1,-2.446782112121582,333.574462890625,0.6881149411201477,-4.90336275100708,126.59175872802734
1284,-92.18321990966797,-37.28211076259613,571,7.652786731719971,0.0003,1,a2c_entropy_low_seed1,-0.572722852230072,16.4517822265625,0.7626285552978516,0.3239103853702545,16.621017456054688
1284,-92.18321990966797,-37.28211076259613,571,12.323043823242188,0.0003,1,a2c_entropy_low_seed1,0.9612454175949097,22.724435806274414,0.8391218781471252,1.081855058670044,27.602283477783203
1284,-92.18321990966797,-37.28211076259613,571,2.0497825145721436,0.0003,1,a2c_entropy_low_seed1,-0.6837009191513062,5.467779159545898,0.8122402429580688,-0.42076072096824646,12.189685821533203
1286,-18.198686599731445,-33.273854575157166,1001,65.5938720703125,0.0003,1,a2c_entropy_low_seed1,-0.7577146291732788,132.7040252685547,0.8478853106498718,0.6342489123344421,29.005647659301758
1286,-18.198686599731445,-33.273854575157166,1001,23.745899200439453,0.0003,1,a2c_entropy_low_seed1,1.6316659450531006,44.22938919067383,0.9237936735153198,2.0811851024627686,69.8251724243164
1287,81.96427917480469,-31.36302308559418,1001,6.258137226104736,0.0003,1,a2c_entropy_low_seed1,0.10089918971061707,12.315441131591797,0.9647594690322876,0.6320974230766296,21.609651565551758
1287,81.96427917480469,-31.36302308559418,1001,23.37315559387207,0.0003,1,a2c_entropy_low_seed1,0.37059253454208374,46.006141662597656,1.0150099992752075,0.534161388874054,35.261940002441406
1287,81.96427917480469,-31.36302308559418,1001,4.671902179718018,0.0003,1,a2c_entropy_low_seed1,0.037435442209243774,9.269905090332031,0.9716859459877014,0.43578800559043884,17.751005172729492
1287,81.96427917480469,-31.36302308559418,1001,3.238994836807251,0.0003,1,a2c_entropy_low_seed1,-0.2793603837490082,7.037639141082764,0.9289840459823608,0.06749799847602844,5.210907936096191
1287,81.96427917480469,-31.36302308559418,1001,9.119046211242676,0.0003,1,a2c_entropy_low_seed1,-0.8328803777694702,19.904815673828125,0.9636719226837158,-0.4681470990180969,13.225252151489258
1288,-124.72119903564453,-33.44464284420013,663,158.15199279785156,0.0003,1,a2c_entropy_low_seed1,-1.8834986686706543,320.0718688964844,0.8792482614517212,-5.287230491638184,129.5012969970703
1288,-124.72119903564453,-33.44464284420013,663,6.55009126663208,0.0003,1,a2c_entropy_low_seed1,-0.39010196924209595,13.881318092346191,0.9316620826721191,0.014003336429595947,10.753706932067871
1288,-124.72119903564453,-33.44464284420013,663,10.493927001953125,0.0003,1,a2c_entropy_low_seed1,1.0869733095169067,18.8149356842041,1.0288583040237427,1.363524079322815,40.95154571533203
1288,-124.72119903564453,-33.44464284420013,663,6.7993292808532715,0.0003,1,a2c_entropy_low_seed1,-0.29312777519226074,14.185857772827148,0.9427524209022522,-0.026766791939735413,9.663708686828613
1288,-124.72119903564453,-33.44464284420013,663,3.9140617847442627,0.0003,1,a2c_entropy_low_seed1,-0.07301223278045654,7.975037097930908,0.8890836834907532,0.642061173915863,16.656784057617188
1288,-124.72119903564453,-33.44464284420013,663,2.7084431648254395,0.0003,1,a2c_entropy_low_seed1,-0.03377442806959152,5.485276222229004,0.8410623073577881,0.5402207970619202,13.474943161010742
1288,-124.72119903564453,-33.44464284420013,663,3.989290714263916,0.0003,1,a2c_entropy_low_seed1,-1.6244196891784668,11.228318214416504,0.8975358009338379,-0.9138858318328857,20.107656478881836
1290,14.085806846618652,-28.502254786491395,1001,136.3924560546875,0.0003,1,a2c_entropy_low_seed1,0.9168213605880737,270.9521179199219,0.8635964393615723,4.584672451019287,117.13578796386719
1290,14.085806846618652,-28.502254786491395,1001,7.327132701873779,0.0003,1,a2c_entropy_low_seed1,0.1641538143157959,14.326837539672852,0.8797740936279297,0.68048495054245,18.319183349609375
1290,14.085806846618652,-28.502254786491395,1001,11.600299835205078,0.0003,1,a2c_entropy_low_seed1,0.9945069551467896,21.212566375732422,0.9797523021697998,1.3198833465576172,37.3912353515625
1290,14.085806846618652,-28.502254786491395,1001,2.3182053565979004,0.0003,1,a2c_entropy_low_seed1,-1.2766540050506592,7.190693378448486,0.9744556546211243,-0.9876639246940613,18.776700973510742
1290,14.085806846618652,-28.502254786491395,1001,2.6405889987945557,0.0003,1,a2c_entropy_low_seed1,-1.7571593523025513,8.796417236328125,0.9206270575523376,-1.5810949802398682,32.01778793334961
1290,14.085806846618652,-28.502254786491395,1001,7.3940277099609375,0.0003,1,a2c_entropy_low_seed1,1.1490358114242554,12.490925788879395,0.9424515962600708,1.3810479640960693,24.424072265625
1290,14.085806846618652,-28.502254786491395,1001,5.069294452667236,0.0003,1,a2c_entropy_low_seed1,-1.0917677879333496,12.323152542114258,1.0283151865005493,-0.9224154353141785,17.147510528564453
1290,14.085806846618652,-28.502254786491395,1001,13.206226348876953,0.0003,1,a2c_entropy_low_seed1,-0.32535529136657715,27.064180374145508,1.0168027877807617,-0.20931780338287354,21.162668228149414
1290,14.085806846618652,-28.502254786491395,1001,15.117555618286133,0.0003,1,a2c_entropy_low_seed1,1.129314661026001,27.977453231811523,0.9700554609298706,1.5746839046478271,31.700504302978516
1290,14.085806846618652,-28.502254786491395,1001,4.692269325256348,0.0003,1,a2c_entropy_low_seed1,-0.5884410738945007,10.562334060668945,0.9133608341217041,-0.5082648992538452,12.422297477722168
1290,14.085806846618652,-28.502254786491395,1001,37.70045471191406,0.0003,1,a2c_entropy_low_seed1,-1.3859328031539917,78.17378997802734,1.0137827396392822,-1.1096824407577515,36.74751281738281
1290,14.085806846618652,-28.502254786491395,1001,11.272165298461914,0.0003,1,a2c_entropy_low_seed1,0.2717568874359131,22.00177764892578,0.9618331789970398,-0.18832671642303467,12.029496192932129
1290,14.085806846618652,-28.502254786491395,1001,25.46702003479004,0.0003,1,a2c_entropy_low_seed1,-1.1848787069320679,53.304786682128906,0.987809419631958,-0.8517200946807861,26.757282257080078
1290,14.085806846618652,-28.502254786491395,1001,2.362210750579834,0.0003,1,a2c_entropy_low_seed1,-1.4371190071105957,7.599574565887451,0.9151849746704102,-1.3706860542297363,27.413156509399414
1292,40.229515075683594,-25.02788927555084,1001,23.421262741088867,0.0003,1,a2c_entropy_low_seed1,1.2751367092132568,44.29302978515625,0.7766631841659546,2.8811428546905518,44.6936149597168
1292,40.229515075683594,-25.02788927555084,1001,3.10295033454895,0.0003,1,a2c_entropy_low_seed1,-1.1465413570404053,8.499885559082031,0.9019612073898315,-1.1774736642837524,23.526805877685547
1293,104.52079010009766,-22.31002859592438,941,101.08311462402344,0.0003,1,a2c_entropy_low_seed1,1.0755834579467773,200.01602172851562,0.954581081867218,3.392448902130127,80.86896514892578
1294,39.96949768066406,-20.59476568698883,1001,7.486438274383545,0.0003,1,a2c_entropy_low_seed1,-0.028448432683944702,15.030653953552246,0.8804917931556702,-0.033565372228622437,9.879165649414062
1294,39.96949768066406,-20.59476568698883,1001,20.129758834838867,0.0003,1,a2c_entropy_low_seed1,0.41008076071739197,39.44032287597656,0.9644664525985718,0.6400126218795776,43.25844192504883
1295,-21.339933395385742,-19.757646508216858,1001,30.884706497192383,0.0003,1,a2c_entropy_low_seed1,2.819119691848755,56.13206481933594,0.8933143019676208,3.717289686203003,97.16532897949219
1295,-21.339933395385742,-19.757646508216858,1001,3.404874801635742,0.0003,1,a2c_entropy_low_seed1,-1.2868913412094116,9.384496688842773,0.9641114473342896,-1.1058268547058105,24.04518699645996
1295,-21.339933395385742,-19.757646508216858,1001,6.805904865264893,0.0003,1,a2c_entropy_low_seed1,-0.8269946575164795,15.266761779785156,0.9622788429260254,-0.7779222726821899,21.194347381591797
1295,-21.339933395385742,-19.757646508216858,1001,4.566011905670166,0.0003,1,a2c_entropy_low_seed1,-0.8113608956336975,10.755702018737793,0.9563084840774536,-0.635292112827301,15.949649810791016
1295,-21.339933395385742,-19.757646508216858,1001,3.9046077728271484,0.0003,1,a2c_entropy_low_seed1,0.46205002069473267,6.886096477508545,0.9808591604232788,0.5698861479759216,12.410672187805176
1296,-28.25306510925293,-18.880557084083556,1001,4.450716972351074,0.0003,1,a2c_entropy_low_seed1,-0.5056436657905579,9.913697242736816,0.9759781360626221,-0.32856854796409607,15.181585311889648
1296,-28.25306510925293,-18.880557084083556,1001,4.187100410461426,0.0003,1,a2c_entropy_low_seed1,-1.9452041387557983,12.265535354614258,0.9262202978134155,-1.644159197807312,38.56278991699219
1296,-28.25306510925293,-18.880557084083556,1001,7.359088897705078,0.0003,1,a2c_entropy_low_seed1,1.0763051509857178,12.566479682922363,0.9120998382568359,1.4469314813613892,33.86740493774414
1296,-28.25306510925293,-18.880557084083556,1001,4.487614631652832,0.0003,1,a2c_entropy_low_seed1,-0.5977662801742554,10.171703338623047,0.9412315487861633,-0.47316551208496094,14.606925010681152
1296,-28.25306510925293,-18.880557084083556,1001,5.236940383911133,0.0003,1,a2c_entropy_low_seed1,-0.5328354835510254,11.540569305419922,1.017143726348877,-0.38533324003219604,10.641571998596191
1296,-28.25306510925293,-18.880557084083556,1001,2.5463297367095947,0.0003,1,a2c_entropy_low_seed1,-1.2914314270019531,7.676498889923096,0.9764906167984009,-1.0953782796859741,25.558229446411133
1296,-28.25306510925293,-18.880557084083556,1001,2.604466199874878,0.0003,1,a2c_entropy_low_seed1,-0.5689204335212708,6.347713470458984,0.9401180148124695,-0.3660898208618164,9.434671401977539
1298,-40.9986457824707,-17.967212991714476,1001,4.355569362640381,0.0003,1,a2c_entropy_low_seed1,-0.6729292273521423,10.057971954345703,0.9750171303749084,-0.4244990050792694,15.757073402404785
1298,-40.9986457824707,-17.967212991714476,1001,3.284961700439453,0.0003,1,a2c_entropy_low_seed1,-0.9287863969802856,8.428424835205078,0.9287612438201904,-0.676941990852356,15.536044120788574
1298,-40.9986457824707,-17.967212991714476,1001,17.672517776489258,0.0003,1,a2c_entropy_low_seed1,1.0412664413452148,33.263423919677734,0.9180953502655029,1.8460725545883179,56.42314529418945
1298,-40.9986457824707,-17.967212991714476,1001,3.837017297744751,0.0003,1,a2c_entropy_low_seed1,-0.7054485082626343,9.085897445678711,0.9657469987869263,-0.6811833381652832,15.162561416625977
1298,-40.9986457824707,-17.967212991714476,1001,3.5072073936462402,0.0003,1,a2c_entropy_low_seed1,-0.001597374677658081,7.018558502197266,0.9487268924713135,0.2859271764755249,15.363393783569336
1298,-40.9986457824707,-17.967212991714476,1001,2.910921812057495,0.0003,1,a2c_entropy_low_seed1,-0.409507691860199,6.641769886016846,0.9107270836830139,0.009328633546829224,3.6789591312408447
1298,-40.9986457824707,-17.967212991714476,1001,5.257640838623047,0.0003,1,a2c_entropy_low_seed1,-0.6635204553604126,11.843313217163086,0.9908572435379028,-0.21732263267040253,14.590597152709961
1298,-40.9986457824707,-17.967212991714476,1001,6.595902919769287,0.0003,1,a2c_entropy_low_seed1,0.12153023481369019,12.949736595153809,0.9907675981521606,0.4474612772464752,9.566349983215332
1298,-40.9986457824707,-17.967212991714476,1001,4.034480571746826,0.0003,1,a2c_entropy_low_seed1,-0.8699132800102234,9.809805870056152,1.0185195207595825,-0.5716395974159241,13.444845199584961
1299,-156.3583526611328,-20.184711084365844,776,190.24961853027344,0.0003,1,a2c_entropy_low_seed1,-3.01481032371521,386.52978515625,0.9281606078147888,-5.357275009155273,145.05413818359375
1299,-156.3583526611328,-20.184711084365844,776,7.755708694458008,0.0003,1,a2c_entropy_low_seed1,0.01233719289302826,15.487632751464844,0.8901757597923279,0.6012639999389648,15.737954139709473
1299,-156.3583526611328,-20.184711084365844,776,36.09319305419922,0.0003,1,a2c_entropy_low_seed1,2.120882034301758,67.945556640625,0.9336092472076416,2.995803117752075,57.04874038696289
1299,-156.3583526611328,-20.184711084365844,776,4.036896705627441,0.0003,1,a2c_entropy_low_seed1,-0.1336650848388672,8.342097282409668,0.9735037684440613,-0.01765979826450348,6.748892307281494
1299,-156.3583526611328,-20.184711084365844,776,22.6124267578125,0.0003,1,a2c_entropy_low_seed1,-0.20296373963356018,45.63166809082031,0.8901470899581909,-1.0862351655960083,25.28531265258789
1301,-51.47138977050781,-18.978280458450318,1001,11.19367790222168,0.0003,1,a2c_entropy_low_seed1,-0.654129147529602,23.696441650390625,0.8278113007545471,-0.3869370222091675,31.98356819152832
1302,89.32791900634766,-16.223495378494263,934,161.94659423828125,0.0003,1,a2c_entropy_low_seed1,1.0146819353103638,321.8647155761719,0.8723648190498352,6.0500874519348145,165.46067810058594
1302,89.32791900634766,-16.223495378494263,934,5.619822978973389,0.0003,1,a2c_entropy_low_seed1,0.7016767859458923,9.837244033813477,0.9513345956802368,0.8295562267303467,21.8360652923584
1302,89.32791900634766,-16.223495378494263,934,2.7290289402008057,0.0003,1,a2c_entropy_low_seed1,0.08532378077507019,5.288396835327148,0.986786425113678,0.19564217329025269,12.543254852294922
1302,89.32791900634766,-16.223495378494263,934,3.5765438079833984,0.0003,1,a2c_entropy_low_seed1,-0.2842099666595459,7.722516059875488,1.0086499452590942,-0.08203393220901489,4.364371299743652
1302,89.32791900634766,-16.223495378494263,934,2.344109535217285,0.0003,1,a2c_entropy_low_seed1,-0.7642635107040405,6.217724800109863,0.978346586227417,-0.7042734622955322,14.359528541564941
1303,-31.29697036743164,-16.134863557815553,1001,8.086495399475098,0.0003,1,a2c_entropy_low_seed1,-0.16064462065696716,16.495227813720703,0.9475563168525696,0.08630470931529999,5.891116619110107
1303,-31.29697036743164,-16.134863557815553,1001,3.6511545181274414,0.0003,1,a2c_entropy_low_seed1,0.08847063779830933,7.126253604888916,0.8857777714729309,0.5182784795761108,18.547269821166992
1303,-31.29697036743164,-16.134863557815553,1001,2.5217747688293457,0.0003,1,a2c_entropy_low_seed1,-0.9110150933265686,6.866576671600342,0.9969080686569214,-0.6920556426048279,17.233430862426758
1303,-31.29697036743164,-16.134863557815553,1001,2.6409192085266113,0.0003,1,a2c_entropy_low_seed1,-0.08960184454917908,5.461994171142578,0.9523170590400696,0.135888010263443,5.563072204589844
1303,-31.29697036743164,-16.134863557815553,1001,1.5115821361541748,0.0003,1,a2c_entropy_low_seed1,-1.4606826305389404,5.945539474487305,1.009850025177002,-1.1748887300491333,24.643783569335938
1304,-53.085811614990234,-16.076455278396608,1001,5.808333396911621,0.0003,1,a2c_entropy_low_seed1,-1.5652148723602295,14.74803638458252,0.9406185150146484,-1.0389100313186646,25.332809448242188
1304,-53.085811614990234,-16.076455278396608,1001,13.447065353393555,0.0003,1,a2c_entropy_low_seed1,0.33333390951156616,26.2283878326416,0.9253017902374268,0.9150586128234863,42.89794921875
1304,-53.085811614990234,-16.076455278396608,1001,11.381643295288086,0.0003,1,a2c_entropy_low_seed1,-0.6934448480606079,24.151119232177734,0.9417657256126404,-0.35584941506385803,20.700149536132812
1304,-53.085811614990234,-16.076455278396608,1001,2.4926741123199463,0.0003,1,a2c_entropy_low_seed1,-1.1146235466003418,7.215574264526367,0.9789640307426453,-1.0508394241333008,24.59906768798828
1304,-53.085811614990234,-16.076455278396608,1001,8.612173080444336,0.0003,1,a2c_entropy_low_seed1,0.5498830080032349,16.12554359436035,0.9629702568054199,0.7685620784759521,24.17000389099121
1304,-53.085811614990234,-16.076455278396608,1001,4.0851054191589355,0.0003,1,a2c_entropy_low_seed1,-0.00309724360704422,8.177421569824219,1.0161491632461548,0.2844860553741455,8.625978469848633
1305,-64.96266174316406,-15.383128252029419,1001,2.6966521739959717,0.0003,1,a2c_entropy_low_seed1,-1.34822678565979,8.090718269348145,0.9601404666900635,-1.0330933332443237,23.10517692565918
1306,3.2702760696411133,-14.415336332321168,1001,7.092777252197266,0.0003,1,a2c_entropy_low_seed1,-0.22884050011634827,14.64415454864502,0.9189392328262329,-0.5269799828529358,17.445249557495117
1306,3.2702760696411133,-14.415336332321168,1001,25.15976333618164,0.0003,1,a2c_entropy_low_seed1,0.21616095304489136,49.8881721496582,0.9700096845626831,1.3474198579788208,54.93622589111328
1306,3.2702760696411133,-14.415336332321168,1001,13.062487602233887,0.0003,1,a2c_entropy_low_seed1,-0.030259311199188232,26.18643569946289,0.9416348934173584,0.43648406863212585,24.445541381835938
1306,3.2702760696411133,-14.415336332321168,1001,3.0647616386413574,0.0003,1,a2c_entropy_low_seed1,-1.160476803779602,8.451478004455566,1.0011569261550903,-0.9798198938369751,19.419540405273438
1306,3.2702760696411133,-14.415336332321168,1001,1.8753764629364014,0.0003,1,a2c_entropy_low_seed1,-0.7748857736587524,5.301515102386475,0.9906423091888428,-0.6649487614631653,14.592121124267578
1306,3.2702760696411133,-14.415336332321168,1001,1.8116893768310547,0.0003,1,a2c_entropy_low_seed1,-0.642473578453064,4.909252166748047,0.9262069463729858,-0.46053948998451233,10.692994117736816
1306,3.2702760696411133,-14.415336332321168,1001,8.010449409484863,0.0003,1,a2c_entropy_low_seed1,-1.0955699682235718,18.21297836303711,0.9411364793777466,-0.7361661791801453,17.37459945678711
1306,3.2702760696411133,-14.415336332321168,1001,16.48468017578125,0.0003,1,a2c_entropy_low_seed1,0.5005044341087341,31.969188690185547,0.834680438041687,1.5953192710876465,31.01229476928711
1307,-34.13432693481445,-14.501840581893921,1001,5.294740676879883,0.0003,1,a2c_entropy_low_seed1,-0.9355909824371338,12.461531639099121,0.8675365447998047,-0.28705891966819763,13.228151321411133
1307,-34.13432693481445,-14.501840581893921,1001,3.2300825119018555,0.0003,1,a2c_entropy_low_seed1,-0.3375362455844879,7.136211395263672,0.9735668301582336,-0.3498895466327667,10.156207084655762
1307,-34.13432693481445,-14.501840581893921,1001,6.1866774559021,0.0003,1,a2c_entropy_low_seed1,0.74713134765625,10.879962921142578,0.870587170124054,0.8862643837928772,25.532974243164062
1308,61.646339416503906,-13.067316312789917,923,122.93204498291016,0.0003,1,a2c_entropy_low_seed1,0.8924119472503662,244.0802459716797,0.9802212715148926,3.5163140296936035,94.32386779785156
1308,61.646339416503906,-13.067316312789917,923,5.043889045715332,0.0003,1,a2c_entropy_low_seed1,-1.0396091938018799,12.167964935302734,0.9686628580093384,-0.9469382166862488,21.59354591369629
1309,-39.16476821899414,-13.892855806350708,1001,7.769357681274414,0.0003,1,a2c_entropy_low_seed1,1.4348524808883667,12.670027732849121,1.0172317028045654,1.700843334197998,37.19686508178711
1310,-14.619077682495117,-12.966075296401977,1001,4.5042572021484375,0.0003,1,a2c_entropy_low_seed1,-0.2125059962272644,9.434540748596191,1.0148868560791016,-0.002342820167541504,8.877520561218262
1310,-14.619077682495117,-12.966075296401977,1001,2.8447346687316895,0.0003,1,a2c_entropy_low_seed1,-0.5641457438468933,6.818624496459961,0.8635663986206055,-0.5006809830665588,11.00967788696289
1310,-14.619077682495117,-12.966075296401977,1001,6.398090839385986,0.0003,1,a2c_entropy_low_seed1,0.8328772783279419,11.131340980529785,0.9133110046386719,1.1612751483917236,33.721858978271484
1310,-14.619077682495117,-12.966075296401977,1001,2.2090208530426025,0.0003,1,a2c_entropy_low_seed1,-0.8999684453010559,6.218906879425049,0.9283223748207092,-0.6669405102729797,17.308015823364258
1310,-14.619077682495117,-12.966075296401977,1001,5.375102519989014,0.0003,1,a2c_entropy_low_seed1,-0.09869888424873352,10.94857406616211,0.9708126783370972,0.1614684909582138,15.51809310913086
1311,-60.006351470947266,-14.523613328933715,1001,7.222741603851318,0.0003,1,a2c_entropy_low_seed1,0.2513974606990814,13.943673133850098,0.9847884178161621,0.529690682888031,17.15312385559082
1311,-60.006351470947266,-14.523613328933715,1001,2.884554862976074,0.0003,1,a2c_entropy_low_seed1,-0.779305100440979,7.328710079193115,0.9900151491165161,-0.566757321357727,20.81918716430664
1311,-60.006351470947266,-14.523613328933715,1001,6.573709487915039,0.0003,1,a2c_entropy_low_seed1,0.48218393325805664,12.184009552001953,0.9582254886627197,0.6598108410835266,18.995895385742188
1311,-60.006351470947266,-14.523613328933715,1001,4.269856929779053,0.0003,1,a2c_entropy_low_seed1,-1.2803423404693604,11.101422309875488,1.0233793258666992,-1.4422595500946045,32.65692138671875
1311,-60.006351470947266,-14.523613328933715,1001,2.658402442932129,0.0003,1,a2c_entropy_low_seed1,-0.4666968584060669,6.2511701583862305,0.9716894626617432,-0.02575753629207611,4.938229560852051
1312,-16.41439437866211,-17.47294156074524,1001,9.861431121826172,0.0003,1,a2c_entropy_low_seed1,0.3473765254020691,19.02903938293457,0.9308332204818726,0.7133141756057739,15.057247161865234
1312,-16.41439437866211,-17.47294156074524,1001,4.2676215171813965,0.0003,1,a2c_entropy_low_seed1,-0.20930072665214539,8.954771995544434,0.9280440807342529,0.08187872171401978,6.294332504272461
1312,-16.41439437866211,-17.47294156074524,1001,3.8783416748046875,0.0003,1,a2c_entropy_low_seed1,0.039701513946056366,7.678228378295898,0.9477506875991821,0.4069388210773468,14.669537544250488
1312,-16.41439437866211,-17.47294156074524,1001,2.4359452724456787,0.0003,1,a2c_entropy_low_seed1,0.10164737701416016,4.669592380523682,0.9966366291046143,0.30095982551574707,8.455894470214844
1312,-16.41439437866211,-17.47294156074524,1001,20.785564422607422,0.0003,1,a2c_entropy_low_seed1,1.4135733842849731,38.74492263793945,0.9438114166259766,1.6580324172973633,31.860029220581055
1312,-16.41439437866211,-17.47294156074524,1001,3.56672739982605,0.0003,1,a2c_entropy_low_seed1,-0.04673206806182861,7.227889537811279,0.9704498648643494,0.29087764024734497,8.964071273803711
1312,-16.41439437866211,-17.47294156074524,1001,3.045177698135376,0.0003,1,a2c_entropy_low_seed1,0.14638900756835938,5.798530101776123,0.9526687860488892,0.4313631057739258,7.953454971313477
1314,-64.4785385131836,-15.680471620559693,1001,10.612311363220215,0.0003,1,a2c_entropy_low_seed1,-0.7157162427902222,22.657024383544922,0.9687556028366089,-0.48759710788726807,19.38625144958496
1314,-64.4785385131836,-15.680471620559693,1001,13.610071182250977,0.0003,1,a2c_entropy_low_seed1,0.5716809034347534,26.077749252319336,0.968476414680481,1.2638212442398071,39.95918655395508
1314,-64.4785385131836,-15.680471620559693,1001,14.436187744140625,0.0003,1,a2c_entropy_low_seed1,1.504501223564148,25.864301681518555,0.9293959140777588,1.7204416990280151,49.07859420776367
1314,-64.4785385131836,-15.680471620559693,1001,2.9957115650177,0.0003,1,a2c_entropy_low_seed1,-0.4260252118110657,6.844423770904541,0.9504485130310059,0.06729400157928467,8.734696388244629
1314,-64.4785385131836,-15.680471620559693,1001,3.440361261367798,0.0003,1,a2c_entropy_low_seed1,-0.6313042044639587,8.14431095123291,0.9798370003700256,-0.0839187279343605,9.12559700012207
1314,-64.4785385131836,-15.680471620559693,1001,3.5649077892303467,0.0003,1,a2c_entropy_low_seed1,-1.8319928646087646,10.794766426086426,0.9649127125740051,-1.4707040786743164,31.57326889038086
1314,-64.4785385131836,-15.680471620559693,1001,15.732378005981445,0.0003,1,a2c_entropy_low_seed1,-1.2166215181350708,33.89898681640625,0.987682044506073,-1.2854502201080322,32.10017776489258
1314,-64.4785385131836,-15.680471620559693,1001,32.05167007446289,0.0003,1,a2c_entropy_low_seed1,2.3042781352996826,59.495574951171875,0.7960186004638672,3.3548643589019775,63.24702453613281
1314,-64.4785385131836,-15.680471620559693,1001,3.2491252422332764,0.0003,1,a2c_entropy_low_seed1,-0.043073803186416626,6.585199356079102,0.8010700941085815,0.5150325298309326,20.663902282714844
1315,21.217567443847656,-14.359242067337036,1001,1.778922200202942,0.0003,1,a2c_entropy_low_seed1,-0.6974065899848938,4.953463077545166,0.8055944442749023,-0.44748273491859436,11.80248737335205
1315,21.217567443847656,-14.359242067337036,1001,12.647505760192871,0.0003,1,a2c_entropy_low_seed1,-1.228858232498169,27.75353240966797,0.8058386445045471,-0.37904220819473267,9.764126777648926
1317,-70.26383209228516,-19.704509630203248,1001,46.863895416259766,0.0003,1,a2c_entropy_low_seed1,0.15931487083435059,93.409912109375,0.7444779276847839,1.2397620677947998,29.396902084350586
1317,-70.26383209228516,-19.704509630203248,1001,3.2939720153808594,0.0003,1,a2c_entropy_low_seed1,0.1997726559638977,6.189259052276611,0.8602057099342346,0.6170394420623779,18.674612045288086
1317,-70.26383209228516,-19.704509630203248,1001,3.611236810684204,0.0003,1,a2c_entropy_low_seed1,-0.2801365554332733,7.7836408615112305,0.8942551612854004,-0.015729382634162903,6.4005327224731445
1317,-70.26383209228516,-19.704509630203248,1001,4.060359001159668,0.0003,1,a2c_entropy_low_seed1,0.5517560243606567,7.01808500289917,0.8794674873352051,0.9163987040519714,22.931852340698242
1318,6.538309097290039,-19.653626351356507,1001,2.5167126655578613,0.0003,1,a2c_entropy_low_seed1,-0.6354973316192627,6.305361747741699,0.941585123538971,-0.25263315439224243,8.183101654052734
1318,6.538309097290039,-19.653626351356507,1001,4.0160393714904785,0.0003,1,a2c_entropy_low_seed1,-1.6178089380264282,11.268627166748047,0.9306730031967163,-1.3261263370513916,31.738908767700195
1319,-112.26274108886719,-19.343319039344788,769,175.412353515625,0.0003,1,a2c_entropy_low_seed1,-2.3117635250091553,355.4491271972656,0.8789108395576477,-4.636115550994873,117.99788665771484
1319,-112.26274108886719,-19.343319039344788,769,8.841728210449219,0.0003,1,a2c_entropy_low_seed1,0.8877745270729065,15.908906936645508,0.9989500045776367,1.0245084762573242,35.36490249633789
1320,-40.70185470581055,-20.082115726470946,1001,10.63243293762207,0.0003,1,a2c_entropy_low_seed1,1.4949817657470703,18.275880813598633,0.9792092442512512,2.177809238433838,49.777442932128906
1320,-40.70185470581055,-20.082115726470946,1001,5.3212666511535645,0.0003,1,a2c_entropy_low_seed1,-0.036969706416130066,10.71740436553955,0.9320228695869446,0.022012576460838318,9.183719635009766
1320,-40.70185470581055,-20.082115726470946,1001,10.138298988342285,0.0003,1,a2c_entropy_low_seed1,0.3263724446296692,19.62480926513672,0.9555808305740356,0.9123539328575134,33.76703643798828
1320,-40.70185470581055,-20.082115726470946,1001,2.1677353382110596,0.0003,1,a2c_entropy_low_seed1,-0.5613108277320862,5.459080219268799,0.9879586696624756,-0.45917224884033203,9.903610229492188
1320,-40.70185470581055,-20.082115726470946,1001,2.59342885017395,0.0003,1,a2c_entropy_low_seed1,-0.5105879306793213,6.208985328674316,0.9516128301620483,-0.41728049516677856,10.205214500427246
1320,-40.70185470581055,-20.082115726470946,1001,5.0921950340271,0.0003,1,a2c_entropy_low_seed1,-0.2539093494415283,10.693206787109375,0.9985998272895813,-0.14053668081760406,12.067532539367676
1320,-40.70185470581055,-20.082115726470946,1001,3.2243683338165283,0.0003,1,a2c_entropy_low_seed1,-0.7878117561340332,8.025314331054688,0.9541234374046326,-0.5044050812721252,13.215702056884766
1320,-40.70185470581055,-20.082115726470946,1001,4.613285064697266,0.0003,1,a2c_entropy_low_seed1,-0.08759146928787231,9.402715682983398,0.962561845779419,0.0704897940158844,4.795362949371338
1320,-40.70185470581055,-20.082115726470946,1001,3.1317381858825684,0.0003,1,a2c_entropy_low_seed1,-0.3686164319515228,7.001697063446045,0.9882360696792603,-0.23246607184410095,8.025236129760742
1320,-40.70185470581055,-20.082115726470946,1001,24.672903060913086,0.0003,1,a2c_entropy_low_seed1,0.6158149242401123,48.115169525146484,0.9904803037643433,0.7837629914283752,21.17243766784668
1320,-40.70185470581055,-20.082115726470946,1001,3.50451922416687,0.0003,1,a2c_entropy_low_seed1,-0.12812134623527527,7.266263484954834,0.9823495149612427,-0.16605713963508606,6.942019462585449
1320,-40.70185470581055,-20.082115726470946,1001,1.5671977996826172,0.0003,1,a2c_entropy_low_seed1,-1.015977144241333,5.167284965515137,0.9351127743721008,-0.6898570656776428,16.30472183227539
1322,12.412296295166016,-18.070094747543337,1001,7.100605010986328,0.0003,1,a2c_entropy_low_seed1,-0.054586995393037796,14.311284065246582,0.9001352190971375,0.4451066553592682,13.274060249328613
1322,12.412296295166016,-18.070094747543337,1001,8.956233978271484,0.0003,1,a2c_entropy_low_seed1,1.0557541847229004,15.801937103271484,0.9756201505661011,1.2367371320724487,35.165252685546875
1322,12.412296295166016,-18.070094747543337,1001,2.7396621704101562,0.0003,1,a2c_entropy_low_seed1,-0.8026286959648132,7.0855393409729,0.9576119780540466,-0.5104324817657471,10.424623489379883
1322,12.412296295166016,-18.070094747543337,1001,3.6225457191467285,0.0003,1,a2c_entropy_low_seed1,-1.0027899742126465,9.251632690429688,0.9611934423446655,-0.6887414455413818,17.270740509033203
1322,12.412296295166016,-18.070094747543337,1001,2.64963960647583,0.0003,1,a2c_entropy_low_seed1,-0.5584022402763367,6.417082786560059,0.9989030361175537,-0.515069842338562,16.03676414489746
1322,12.412296295166016,-18.070094747543337,1001,3.4841785430908203,0.0003,1,a2c_entropy_low_seed1,-0.17707832157611847,7.323545455932617,1.0319464206695557,-0.11174988746643066,7.377130031585693
1322,12.412296295166016,-18.070094747543337,1001,27.788558959960938,0.0003,1,a2c_entropy_low_seed1,2.0122480392456055,51.553585052490234,0.9628299474716187,1.990291714668274,36.38352966308594
1322,12.412296295166016,-18.070094747543337,1001,6.752471446990967,0.0003,1,a2c_entropy_low_seed1,0.32221126556396484,12.861395835876465,0.875248908996582,1.0321741104125977,23.443593978881836
1322,12.412296295166016,-18.070094747543337,1001,5.694098472595215,0.0003,1,a2c_entropy_low_seed1,-0.642810046672821,12.674760818481445,0.9444962739944458,-0.43052753806114197,21.57271957397461
1323,-15.328810691833496,-17.416908617019654,1001,25.605594635009766,0.0003,1,a2c_entropy_low_seed1,2.3537683486938477,46.50459671020508,0.9471722841262817,3.1752912998199463,72.65771484375
1324,-105.18177032470703,-18.205160417556762,829,24.705368041992188,0.0003,1,a2c_entropy_low_seed1,-0.40469107031822205,50.221107482910156,0.9861935377120972,-0.45159345865249634,14.590871810913086
1326,-19.710111618041992,-17.98735342979431,1001,21.243104934692383,0.0003,1,a2c_entropy_low_seed1,1.6959803104400635,39.09519577026367,0.9476343393325806,2.4519739151000977,71.42213439941406
1326,-19.710111618041992,-17.98735342979431,1001,7.811661720275879,0.0003,1,a2c_entropy_low_seed1,0.8290017247200012,13.966294288635254,0.9745619297027588,1.1105430126190186,34.985687255859375
1327,-157.81268310546875,-23.189231634140015,795,185.7057342529297,0.0003,1,a2c_entropy_low_seed1,-2.1778550148010254,375.7680969238281,0.9216629862785339,-4.445059776306152,122.69110107421875
1327,-157.81268310546875,-23.189231634140015,795,6.569828033447266,0.0003,1,a2c_entropy_low_seed1,0.9147315621376038,11.311128616333008,0.9351637363433838,1.3000599145889282,39.08447265625
1327,-157.81268310546875,-23.189231634140015,795,7.039405822753906,0.0003,1,a2c_entropy_low_seed1,-0.08107930421829224,14.24191665649414,0.9457541108131409,0.33512040972709656,16.643293380737305
1327,-157.81268310546875,-23.189231634140015,795,1.6990712881088257,0.0003,1,a2c_entropy_low_seed1,-0.06817706674337387,3.5354368686676025,0.9400396943092346,0.32403984665870667,9.040862083435059
1328,-20.25054931640625,-22.852977514266968,1001,3.4541850090026855,0.0003,1,a2c_entropy_low_seed1,-0.03909054398536682,6.987510681152344,0.9594141244888306,0.19316110014915466,5.28973388671875
1328,-20.25054931640625,-22.852977514266968,1001,4.379426002502441,0.0003,1,a2c_entropy_low_seed1,-0.5800352096557617,9.919937133789062,1.0142468214035034,-0.24463734030723572,8.854853630065918
1328,-20.25054931640625,-22.852977514266968,1001,8.028979301452637,0.0003,1,a2c_entropy_low_seed1,0.45972296595573425,15.13945198059082,0.9375737905502319,0.962327241897583,27.56971549987793
1328,-20.25054931640625,-22.852977514266968,1001,3.5197670459747314,0.0003,1,a2c_entropy_low_seed1,0.2544710040092468,6.531517505645752,0.9254812598228455,0.4349188208580017,15.075751304626465
1328,-20.25054931640625,-22.852977514266968,1001,2.7791898250579834,0.0003,1,a2c_entropy_low_seed1,-0.04226809740066528,5.643886566162109,0.9707669019699097,0.28932875394821167,7.422863483428955
1328,-20.25054931640625,-22.852977514266968,1001,1.7548739910125732,0.0003,1,a2c_entropy_low_seed1,-0.4176849126815796,4.346068859100342,0.9509849548339844,-0.13935182988643646,5.43113374710083
1328,-20.25054931640625,-22.852977514266968,1001,3.6273250579833984,0.0003,1,a2c_entropy_low_seed1,-0.5554078221321106,8.366427421569824,0.9617674350738525,-0.04144278168678284,9.521512031555176
1328,-20.25054931640625,-22.852977514266968,1001,2.131690740585327,0.0003,1,a2c_entropy_low_seed1,-0.46452265977859497,5.193445205688477,1.0186562538146973,-0.07049843668937683,3.111239433288574
1328,-20.25054931640625,-22.852977514266968,1001,26.664384841918945,0.0003,1,a2c_entropy_low_seed1,2.2204995155334473,48.88875961303711,0.9866419434547424,2.2746312618255615,39.5916862487793
1328,-20.25054931640625,-22.852977514266968,1001,2.0152673721313477,0.0003,1,a2c_entropy_low_seed1,-0.7348480224609375,5.501227378845215,0.9967432618141174,-0.6717370748519897,15.938517570495605
1328,-20.25054931640625,-22.852977514266968,1001,3.9688773155212402,0.0003,1,a2c_entropy_low_seed1,0.008332115598022938,7.922049522399902,0.9587169289588928,0.5197422504425049,14.252008438110352
1328,-20.25054931640625,-22.852977514266968,1001,11.052000045776367,0.0003,1,a2c_entropy_low_seed1,-0.17221297323703766,22.449371337890625,0.9455822706222534,-0.044001854956150055,14.748031616210938
1328,-20.25054931640625,-22.852977514266968,1001,2.9716174602508545,0.0003,1,a2c_entropy_low_seed1,-0.3590577244758606,6.662386417388916,1.0363043546676636,-0.3540272116661072,8.731163024902344
1328,-20.25054931640625,-22.852977514266968,1001,11.335075378417969,0.0003,1,a2c_entropy_low_seed1,2.272557020187378,18.12599754333496,0.9610230326652527,2.2256133556365967,42.04866409301758
1330,4.6611151695251465,-19.232273979187013,1001,3.301241397857666,0.0003,1,a2c_entropy_low_seed1,-2.1086008548736572,10.820647239685059,0.9627164602279663,-1.7478455305099487,35.39106369018555
1330,4.6611151695251465,-19.232273979187013,1001,5.474794864654541,0.0003,1,a2c_entropy_low_seed1,-1.0291481018066406,13.008779525756836,0.8933491110801697,-0.2770269513130188,18.08197021484375
1330,4.6611151695251465,-19.232273979187013,1001,7.580865383148193,0.0003,1,a2c_entropy_low_seed1,0.47611188888549805,14.21051025390625,1.0033249855041504,0.63846355676651,32.86457061767578
1330,4.6611151695251465,-19.232273979187013,1001,15.162348747253418,0.0003,1,a2c_entropy_low_seed1,1.322733759880066,27.680213928222656,0.9846174716949463,1.9343327283859253,40.096736907958984
1330,4.6611151695251465,-19.232273979187013,1001,6.869785308837891,0.0003,1,a2c_entropy_low_seed1,0.3844263255596161,12.971674919128418,0.956070065498352,0.9751226902008057,22.913110733032227
1330,4.6611151695251465,-19.232273979187013,1001,26.524232864379883,0.0003,1,a2c_entropy_low_seed1,1.6972236633300781,49.654972076416016,0.955213189125061,2.0499937534332275,37.67860412597656
1330,4.6611151695251465,-19.232273979187013,1001,47.514400482177734,0.0003,1,a2c_entropy_low_seed1,1.9574925899505615,91.11476135253906,0.9464897513389587,2.6570661067962646,49.127845764160156
1330,4.6611151695251465,-19.232273979187013,1001,0.8906362652778625,0.0003,1,a2c_entropy_low_seed1,-0.49449852108955383,2.771270513534546,1.0009510517120361,-0.4599796533584595,9.714192390441895
1330,4.6611151695251465,-19.232273979187013,1001,24.192834854125977,0.0003,1,a2c_entropy_low_seed1,0.7952495813369751,46.79612350463867,0.9553468227386475,0.7088618278503418,21.84485626220703
1331,56.84019470214844,-17.987366275787352,1001,3.3858327865600586,0.0003,1,a2c_entropy_low_seed1,-0.10312794893980026,6.978845596313477,0.9241676330566406,0.04623601585626602,14.926793098449707
1332,29.201772689819336,-14.742993907928467,1001,18.790006637573242,0.0003,1,a2c_entropy_low_seed1,-2.444382429122925,42.469573974609375,0.798613429069519,-3.8337326049804688,84.62116241455078
1333,-16.482555389404297,-15.685370197296143,1001,28.829973220825195,0.0003,1,a2c_entropy_low_seed1,3.3497750759124756,50.961158752441406,0.7612171173095703,4.572943687438965,102.65251922607422
1335,125.84152221679688,-12.96355531692505,965,173.11199951171875,0.0003,1,a2c_entropy_low_seed1,2.025365114212036,342.174072265625,0.8032450079917908,7.05684757232666,180.79917907714844
1335,125.84152221679688,-12.96355531692505,965,23.510587692260742,0.0003,1,a2c_entropy_low_seed1,2.0504472255706787,42.921173095703125,0.892633318901062,2.677961826324463,78.12541961669922
1335,125.84152221679688,-12.96355531692505,965,5.613875865936279,0.0003,1,a2c_entropy_low_seed1,-0.6027836203575134,12.434272766113281,0.9539897441864014,-0.4699830710887909,14.568589210510254
1335,125.84152221679688,-12.96355531692505,965,2.8089966773986816,0.0003,1,a2c_entropy_low_seed1,-0.8625058531761169,7.343946933746338,0.9416273236274719,-0.882379949092865,23.098392486572266
1335,125.84152221679688,-12.96355531692505,965,3.143519639968872,0.0003,1,a2c_entropy_low_seed1,-0.6284304857254028,7.544856548309326,0.9561907052993774,-0.5042624473571777,10.626385688781738
1335,125.84152221679688,-12.96355531692505,965,4.8842453956604,0.0003,1,a2c_entropy_low_seed1,0.572744607925415,8.623958587646484,0.9565191864967346,0.5074781179428101,15.859777450561523
1336,35.342891693115234,-11.892723751068115,1001,2.0141959190368652,0.0003,1,a2c_entropy_low_seed1,-1.4513678550720215,6.9320807456970215,0.9532935619354248,-1.344269037246704,27.713930130004883
1336,35.342891693115234,-11.892723751068115,1001,12.090781211853027,0.0003,1,a2c_entropy_low_seed1,0.3523664176464081,23.477773666381836,0.9432724714279175,0.7199251651763916,27.57472038269043
1336,35.342891693115234,-11.892723751068115,1001,4.198183536529541,0.0003,1,a2c_entropy_low_seed1,0.09318497776985168,8.210958480834961,0.9613467454910278,0.43630751967430115,15.488604545593262
1336,35.342891693115234,-11.892723751068115,1001,4.805263519287109,0.0003,1,a2c_entropy_low_seed1,-0.8731580376625061,11.357845306396484,1.0021852254867554,-0.3141177296638489,14.032159805297852
1336,35.342891693115234,-11.892723751068115,1001,2.6047122478485107,0.0003,1,a2c_entropy_low_seed1,-0.9183719754219055,7.047178268432617,1.0097126960754395,-0.5976484417915344,18.906953811645508
1336,35.342891693115234,-11.892723751068115,1001,17.144441604614258,0.0003,1,a2c_entropy_low_seed1,0.6721515655517578,32.94556427001953,0.9828552007675171,1.1734403371810913,22.248594284057617
1337,-92.61337280273438,-15.384276790618896,493,217.43417358398438,0.0003,1,a2c_entropy_low_seed1,-6.3706512451171875,447.61053466796875,0.8968617916107178,-7.112631320953369,167.52923583984375
1337,-92.61337280273438,-15.384276790618896,493,30.615062713623047,0.0003,1,a2c_entropy_low_seed1,-0.6193174719810486,62.46955490112305,0.7944438457489014,-0.020527690649032593,20.979259490966797
1338,-96.47509765625,-14.819354763031006,465,72.45047760009766,0.0003,1,a2c_entropy_low_seed1,-0.942511260509491,146.78683471679688,0.8607441186904907,-2.1773579120635986,51.094112396240234
1338,-96.47509765625,-14.819354763031006,465,7.647052764892578,0.0003,1,a2c_entropy_low_seed1,-0.165056049823761,15.625077247619629,0.8589490652084351,-0.5204197764396667,27.42510414123535
1338,-96.47509765625,-14.819354763031006,465,12.951702117919922,0.0003,1,a2c_entropy_low_seed1,1.0563037395477295,23.79173469543457,0.9385808706283569,1.9542186260223389,45.189125061035156
1338,-96.47509765625,-14.819354763031006,465,1.654714584350586,0.0003,1,a2c_entropy_low_seed1,-1.3089547157287598,5.928302764892578,0.9641256332397461,-1.08114492893219,22.467103958129883
1338,-96.47509765625,-14.819354763031006,465,2.6669111251831055,0.0003,1,a2c_entropy_low_seed1,-0.4928721785545349,6.320467948913574,0.9010422229766846,-0.32552796602249146,11.37788200378418
1338,-96.47509765625,-14.819354763031006,465,3.4757397174835205,0.0003,1,a2c_entropy_low_seed1,0.7487567663192749,5.454894542694092,0.9282841682434082,0.844118595123291,18.348783493041992
1341,-130.6122589111328,-18.508885679244994,720,162.83633422851562,0.0003,1,a2c_entropy_low_seed1,-6.05802583694458,337.78955078125,0.8191590905189514,-6.654640197753906,154.4992218017578
1343,-61.5001335144043,-25.6196985912323,489,293.2614440917969,0.0003,1,a2c_entropy_low_seed1,-0.34853896498680115,587.220703125,0.7327784895896912,-4.189190864562988,135.4593963623047
1343,-61.5001335144043,-25.6196985912323,489,24.547283172607422,0.0003,1,a2c_entropy_low_seed1,3.2582476139068604,42.57883834838867,0.7658063173294067,3.8336079120635986,106.00224304199219
1343,-61.5001335144043,-25.6196985912323,489,12.73427963256836,0.0003,1,a2c_entropy_low_seed1,0.4124971926212311,24.64441680908203,0.8518495559692383,1.2512190341949463,36.361328125
1343,-61.5001335144043,-25.6196985912323,489,3.690120220184326,0.0003,1,a2c_entropy_low_seed1,0.4567697048187256,6.4675374031066895,0.8365630507469177,0.5161712765693665,11.148785591125488
1343,-61.5001335144043,-25.6196985912323,489,1.9218670129776,0.0003,1,a2c_entropy_low_seed1,-0.19289933145046234,4.230432987213135,0.9003710746765137,0.0517195463180542,3.7410085201263428
1343,-61.5001335144043,-25.6196985912323,489,1.6172549724578857,0.0003,1,a2c_entropy_low_seed1,-0.8450653553009033,4.9254984855651855,0.8577170968055725,-0.6344571709632874,16.508930206298828
1343,-61.5001335144043,-25.6196985912323,489,2.2592570781707764,0.0003,1,a2c_entropy_low_seed1,-0.10787392407655716,4.735205173492432,0.9430611729621887,-0.1004212498664856,4.172230243682861
1343,-61.5001335144043,-25.6196985912323,489,3.5749526023864746,0.0003,1,a2c_entropy_low_seed1,0.29754847288131714,6.555717945098877,0.9099135398864746,0.4208364486694336,8.929375648498535
1343,-61.5001335144043,-25.6196985912323,489,2.565476894378662,0.0003,1,a2c_entropy_low_seed1,-0.28774493932724,5.707383155822754,0.9391844272613525,-0.1637561321258545,7.430071830749512
1343,-61.5001335144043,-25.6196985912323,489,1.8629789352416992,0.0003,1,a2c_entropy_low_seed1,-1.674446940422058,7.07576847076416,0.9167490005493164,-1.2439513206481934,27.785865783691406
1344,47.97092819213867,-25.459669981002808,1001,12.924887657165527,0.0003,1,a2c_entropy_low_seed1,-0.1433483213186264,26.137306213378906,0.8341981768608093,0.8369590640068054,22.647764205932617
1344,47.97092819213867,-25.459669981002808,1001,32.11447525024414,0.0003,1,a2c_entropy_low_seed1,2.0577781200408936,60.114253997802734,0.8640401363372803,2.0877623558044434,49.51044845581055
1344,47.97092819213867,-25.459669981002808,1001,17.44190788269043,0.0003,1,a2c_entropy_low_seed1,0.7417354583740234,33.401161193847656,0.8169575333595276,1.7891316413879395,41.594051361083984
1344,47.97092819213867,-25.459669981002808,1001,2.2127115726470947,0.0003,1,a2c_entropy_low_seed1,-0.21953172981739044,4.865349769592285,0.8629090189933777,-0.016224652528762817,7.71004581451416
1345,116.11717224121094,-22.710527868270873,689,150.67604064941406,0.0003,1,a2c_entropy_low_seed1,-1.0112245082855225,303.3753967285156,0.8493350744247437,3.79769229888916,130.98471069335938
1345,116.11717224121094,-22.710527868270873,689,24.77018165588379,0.0003,1,a2c_entropy_low_seed1,-1.2044422626495361,51.95013427734375,0.8865470886230469,-2.047084093093872,51.53423309326172
1346,-115.77312469482422,-24.4609290599823,526,151.80247497558594,0.0003,1,a2c_entropy_low_seed1,0.04108245670795441,303.523681640625,0.8758023977279663,-3.6538212299346924,147.5821533203125
1346,-115.77312469482422,-24.4609290599823,526,29.800888061523438,0.0003,1,a2c_entropy_low_seed1,2.045307159423828,55.511940002441406,0.7768033742904663,4.1143927574157715,84.47413635253906
1346,-115.77312469482422,-24.4609290599823,526,1.4710673093795776,0.0003,1,a2c_entropy_low_seed1,-0.8247510194778442,4.59246826171875,0.8316322565078735,-0.4168170094490051,13.982686996459961
1346,-115.77312469482422,-24.4609290599823,526,4.41317892074585,0.0003,1,a2c_entropy_low_seed1,-0.5886411666870117,10.00439739227295,0.7576549649238586,0.18691962957382202,19.23357391357422
1349,158.33885192871094,-17.002139463424683,692,512.4761962890625,0.0003,1,a2c_entropy_low_seed1,-2.3627617359161377,1029.6785888671875,0.7547084093093872,2.3766531944274902,212.79913330078125
1349,158.33885192871094,-17.002139463424683,692,7.769214153289795,0.0003,1,a2c_entropy_low_seed1,0.1407856047153473,15.257790565490723,0.9340505599975586,0.4778989553451538,9.397201538085938
1349,158.33885192871094,-17.002139463424683,692,10.454606056213379,0.0003,1,a2c_entropy_low_seed1,0.6852415204048157,19.539709091186523,0.9809635877609253,1.1419800519943237,35.56098937988281
1350,75.53376007080078,-15.961203756332397,1001,10.528081893920898,0.0003,1,a2c_entropy_low_seed1,1.1602568626403809,18.736587524414062,0.9392887949943542,1.85721755027771,54.915767669677734
1350,75.53376007080078,-15.961203756332397,1001,7.271360397338867,0.0003,1,a2c_entropy_low_seed1,0.747925341129303,13.047812461853027,0.9421356916427612,1.091123342514038,32.873497009277344
1350,75.53376007080078,-15.961203756332397,1001,5.371118068695068,0.0003,1,a2c_entropy_low_seed1,0.4013890027999878,9.940420150756836,0.9625244140625,0.6854928731918335,16.67622184753418
1350,75.53376007080078,-15.961203756332397,1001,1.625400185585022,0.0003,1,a2c_entropy_low_seed1,-0.26152539253234863,3.7747316360473633,0.8804227113723755,0.1751302033662796,7.025401592254639
1350,75.53376007080078,-15.961203756332397,1001,0.8103998899459839,0.0003,1,a2c_entropy_low_seed1,-0.4869641661643982,2.5956826210021973,0.9544702172279358,-0.16235022246837616,5.096381187438965
1350,75.53376007080078,-15.961203756332397,1001,1.1828968524932861,0.0003,1,a2c_entropy_low_seed1,-1.0644441843032837,4.4956207275390625,0.938767671585083,-0.7542598843574524,17.47346305847168
1350,75.53376007080078,-15.961203756332397,1001,1.8430132865905762,0.0003,1,a2c_entropy_low_seed1,-0.27845442295074463,4.243931770324707,0.9962764382362366,-0.09067966043949127,5.55893087387085
1350,75.53376007080078,-15.961203756332397,1001,1.3108593225479126,0.0003,1,a2c_entropy_low_seed1,-1.1743134260177612,4.971316814422607,0.9712317585945129,-0.7787591814994812,17.457584381103516
1351,75.85966491699219,-13.414582662582397,1001,2.986435890197754,0.0003,1,a2c_entropy_low_seed1,-0.7951693534851074,7.564173698425293,0.963024377822876,-0.5023647546768188,14.137727737426758
1351,75.85966491699219,-13.414582662582397,1001,5.49988317489624,0.0003,1,a2c_entropy_low_seed1,-0.7137115001678467,12.42812442779541,0.9360257387161255,-0.4002751111984253,13.237751007080078
1351,75.85966491699219,-13.414582662582397,1001,8.256172180175781,0.0003,1,a2c_entropy_low_seed1,0.528807520866394,15.455671310424805,0.9417493343353271,1.0391771793365479,22.71454620361328
1352,-55.319637298583984,-16.30753378868103,629,114.29930877685547,0.0003,1,a2c_entropy_low_seed1,-0.790600061416626,230.1807098388672,0.8792766332626343,-3.1800377368927,87.71942138671875
1352,-55.319637298583984,-16.30753378868103,629,3.9382951259613037,0.0003,1,a2c_entropy_low_seed1,-0.9886146187782288,9.854737281799316,0.9178488850593567,-0.8773301243782043,22.398059844970703
1352,-55.319637298583984,-16.30753378868103,629,9.661176681518555,0.0003,1,a2c_entropy_low_seed1,-0.1187482699751854,19.560815811157227,0.9656186699867249,0.11359741538763046,18.01310920715332
1352,-55.319637298583984,-16.30753378868103,629,8.156817436218262,0.0003,1,a2c_entropy_low_seed1,0.11858120560646057,16.0773868560791,0.913873553276062,-0.05960177630186081,14.691996574401855
1353,-110.64884948730469,-17.89457137107849,706,111.84630584716797,0.0003,1,a2c_entropy_low_seed1,-0.909179151058197,225.5118865966797,0.9125972986221313,-3.3934361934661865,109.20346069335938
1353,-110.64884948730469,-17.89457137107849,706,4.03756856918335,0.0003,1,a2c_entropy_low_seed1,0.5031978487968445,7.0697197914123535,0.9785264730453491,0.8851515650749207,25.125
1353,-110.64884948730469,-17.89457137107849,706,4.246764659881592,0.0003,1,a2c_entropy_low_seed1,-0.49259108304977417,9.479700088500977,0.9893711805343628,-0.047711241990327835,10.660537719726562
1354,59.58808517456055,-15.641093435287475,1001,4.253355979919434,0.0003,1,a2c_entropy_low_seed1,-0.27163320779800415,9.050962448120117,0.9845128655433655,0.31998369097709656,15.550358772277832
1354,59.58808517456055,-15.641093435287475,1001,7.216769218444824,0.0003,1,a2c_entropy_low_seed1,-0.2081758826971054,14.850817680358887,0.9280538558959961,0.3724527060985565,12.74785327911377
1354,59.58808517456055,-15.641093435287475,1001,40.211753845214844,0.0003,1,a2c_entropy_low_seed1,3.472376823425293,73.47972106933594,0.9693238139152527,3.926424503326416,80.7305908203125
1354,59.58808517456055,-15.641093435287475,1001,3.7165651321411133,0.0003,1,a2c_entropy_low_seed1,-0.47557884454727173,8.385247230529785,0.9594236612319946,-0.37466394901275635,14.142163276672363
1354,59.58808517456055,-15.641093435287475,1001,2.1388285160064697,0.0003,1,a2c_entropy_low_seed1,-0.698563814163208,5.675716400146484,0.9317386150360107,-0.5007338523864746,10.813644409179688
1354,59.58808517456055,-15.641093435287475,1001,34.195648193359375,0.0003,1,a2c_entropy_low_seed1,0.8551814556121826,66.6817855834961,0.8524622917175293,0.7548986673355103,26.063079833984375
1354,59.58808517456055,-15.641093435287475,1001,2.406186580657959,0.0003,1,a2c_entropy_low_seed1,-0.11792062222957611,5.0490546226501465,0.8403792381286621,-0.21832311153411865,12.952037811279297
1354,59.58808517456055,-15.641093435287475,1001,11.173495292663574,0.0003,1,a2c_entropy_low_seed1,-0.9138758182525635,24.175588607788086,0.8459272980690002,-0.20491302013397217,21.754898071289062
1355,90.86156463623047,-12.524608907699585,924,193.3051300048828,0.0003,1,a2c_entropy_low_seed1,1.3243252038955688,383.9624938964844,0.889177680015564,6.5792317390441895,190.56517028808594
1355,90.86156463623047,-12.524608907699585,924,2.675605297088623,0.0003,1,a2c_entropy_low_seed1,-0.8283261060714722,7.008816719055176,0.9536879658699036,-0.901583194732666,22.853368759155273
1356,3.5441641807556152,-12.519131145477296,1001,4.895271301269531,0.0003,1,a2c_entropy_low_seed1,-0.2485603243112564,10.288558006286621,0.8942868709564209,-0.18609367311000824,11.693744659423828
1357,29.63503074645996,-11.243743991851806,1001,7.29624605178833,0.0003,1,a2c_entropy_low_seed1,0.8386660814285278,12.916038513183594,0.8787226676940918,1.2401480674743652,22.993602752685547
1357,29.63503074645996,-11.243743991851806,1001,36.97676086425781,0.0003,1,a2c_entropy_low_seed1,2.535099506378174,68.88423156738281,0.9092536568641663,3.3511271476745605,63.07627868652344
1358,51.13306427001953,-11.454009494781495,1001,6.769956588745117,0.0003,1,a2c_entropy_low_seed1,0.7427624464035034,12.055344581604004,0.9566974639892578,0.9054073095321655,27.605470657348633
1358,51.13306427001953,-11.454009494781495,1001,3.665923595428467,0.0003,1,a2c_entropy_low_seed1,-0.1870059370994568,7.706758975982666,0.8999650478363037,0.26958590745925903,10.193147659301758
1358,51.13306427001953,-11.454009494781495,1001,2.0731797218322754,0.0003,1,a2c_entropy_low_seed1,-0.8045350313186646,5.7563323974609375,0.9031727910041809,-0.5429282784461975,14.097505569458008
1358,51.13306427001953,-11.454009494781495,1001,19.820171356201172,0.0003,1,a2c_entropy_low_seed1,1.0227015018463135,37.5958251953125,0.8836683034896851,1.7385964393615723,35.84670639038086
1358,51.13306427001953,-11.454009494781495,1001,1.331774353981018,0.0003,1,a2c_entropy_low_seed1,-0.01159706898033619,2.687722682952881,0.9799088835716248,0.043368563055992126,3.96296763420105
1358,51.13306427001953,-11.454009494781495,1001,1.9777445793151855,0.0003,1,a2c_entropy_low_seed1,-1.2499275207519531,6.4562883377075195,0.9442151784896851,-0.8362540006637573,18.545307159423828
1358,51.13306427001953,-11.454009494781495,1001,3.7003095149993896,0.0003,1,a2c_entropy_low_seed1,-0.9607616662979126,9.323101043701172,0.9590840935707092,-0.904784083366394,23.575803756713867
1358,51.13306427001953,-11.454009494781495,1001,5.178104877471924,0.0003,1,a2c_entropy_low_seed1,-0.21808767318725586,10.793368339538574,0.98334139585495,-0.008194968104362488,7.671019077301025
1359,48.95919418334961,-9.691530246734619,1001,1.3660204410552979,0.0003,1,a2c_entropy_low_seed1,-1.1698294878005981,5.07268762588501,0.9876725673675537,-1.0470082759857178,20.62572479248047
1360,-52.5985107421875,-10.451118907928468,707,153.05960083007812,0.0003,1,a2c_entropy_low_seed1,-1.5430848598480225,309.20623779296875,0.8476433753967285,-4.831824779510498,130.3769073486328
1360,-52.5985107421875,-10.451118907928468,707,10.679401397705078,0.0003,1,a2c_entropy_low_seed1,-0.23319926857948303,21.826107025146484,0.9068629145622253,-0.11157575249671936,16.16806411743164
1361,62.255210876464844,-8.005887660980225,1001,11.837162017822266,0.0003,1,a2c_entropy_low_seed1,0.17839539051055908,23.318565368652344,1.0322554111480713,0.5872030854225159,30.932445526123047
1361,62.255210876464844,-8.005887660980225,1001,6.718451499938965,0.0003,1,a2c_entropy_low_seed1,-0.22156381607055664,13.881025314331055,0.9947313666343689,0.025795698165893555,16.6306209564209
1361,62.255210876464844,-8.005887660980225,1001,7.084455966949463,0.0003,1,a2c_entropy_low_seed1,0.3934118151664734,13.383077621459961,0.9888859987258911,0.33004194498062134,14.100761413574219
1361,62.255210876464844,-8.005887660980225,1001,6.604720115661621,0.0003,1,a2c_entropy_low_seed1,0.16938412189483643,12.871596336364746,0.9241256713867188,0.7393428087234497,25.959060668945312
1362,-20.57056427001953,-8.089011058807372,1001,5.471956729888916,0.0003,1,a2c_entropy_low_seed1,0.180977001786232,10.582895278930664,0.9351969957351685,0.5264284610748291,17.050050735473633
1362,-20.57056427001953,-8.089011058807372,1001,4.328933238983154,0.0003,1,a2c_entropy_low_seed1,-1.1955742835998535,11.049973487854004,0.9584506154060364,-1.1946390867233276,27.636823654174805
1362,-20.57056427001953,-8.089011058807372,1001,5.807243347167969,0.0003,1,a2c_entropy_low_seed1,-0.9490063190460205,13.513497352600098,0.9972549080848694,-0.6195880770683289,20.017648696899414
1362,-20.57056427001953,-8.089011058807372,1001,15.894708633422852,0.0003,1,a2c_entropy_low_seed1,0.2596260905265808,31.27092742919922,0.7635065317153931,0.9797714948654175,27.836219787597656
1362,-20.57056427001953,-8.089011058807372,1001,5.156999111175537,0.0003,1,a2c_entropy_low_seed1,-0.916581928730011,12.147989273071289,0.8271257877349854,-0.35083290934562683,16.510587692260742
1363,144.59567260742188,-6.146865139007568,741,192.98558044433594,0.0003,1,a2c_entropy_low_seed1,1.2355791330337524,383.5008544921875,0.8410213589668274,6.684166431427002,181.17874145507812
1363,144.59567260742188,-6.146865139007568,741,2.6195948123931885,0.0003,1,a2c_entropy_low_seed1,0.440143883228302,4.359841346740723,0.9393458962440491,0.688299834728241,16.08315658569336
1363,144.59567260742188,-6.146865139007568,741,6.0841827392578125,0.0003,1,a2c_entropy_low_seed1,-0.29003921151161194,12.749397277832031,0.9532328844070435,-0.1824234426021576,18.2657470703125
1363,144.59567260742188,-6.146865139007568,741,1.5805009603500366,0.0003,1,a2c_entropy_low_seed1,-0.395789235830307,3.953488826751709,0.9082944393157959,-0.2901093363761902,6.8212175369262695
1363,144.59567260742188,-6.146865139007568,741,0.8766730427742004,0.0003,1,a2c_entropy_low_seed1,-0.6849896907806396,3.1242098808288574,0.8844051361083984,-0.48262012004852295,11.062824249267578
1363,144.59567260742188,-6.146865139007568,741,5.854528427124023,0.0003,1,a2c_entropy_low_seed1,-0.3146993815898895,12.339455604553223,1.0003819465637207,-0.3572291135787964,11.561019897460938
1364,-0.20525023341178894,-4.861399373412132,1001,9.521759033203125,0.0003,1,a2c_entropy_low_seed1,0.6997579336166382,17.6448974609375,0.893781304359436,0.420981228351593,16.152864456176758
1364,-0.20525023341178894,-4.861399373412132,1001,22.33900260925293,0.0003,1,a2c_entropy_low_seed1,0.9640137553215027,42.75086975097656,0.8922874927520752,0.6888459920883179,43.43230056762695
1364,-0.20525023341178894,-4.861399373412132,1001,1.6812524795532227,0.0003,1,a2c_entropy_low_seed1,-0.39176610112190247,4.146914005279541,0.8769603967666626,-0.14436577260494232,7.6045942306518555
1365,-41.96587371826172,-6.12506819665432,1001,2.9991295337677,0.0003,1,a2c_entropy_low_seed1,-0.6404193639755249,7.280001640319824,0.9034593105316162,-0.20680153369903564,14.325974464416504
1365,-41.96587371826172,-6.12506819665432,1001,2.0951180458068848,0.0003,1,a2c_entropy_low_seed1,-0.7132477760314941,5.617752552032471,1.0207514762878418,-0.5152688026428223,12.727603912353516
1366,58.465065002441406,-1.6733752340078354,1001,3.3053629398345947,0.0003,1,a2c_entropy_low_seed1,0.13533738255500793,6.340989589691162,0.9386075735092163,0.4120231568813324,12.175945281982422
1366,58.465065002441406,-1.6733752340078354,1001,8.722172737121582,0.0003,1,a2c_entropy_low_seed1,0.03936651349067688,17.36656951904297,0.9584237933158875,0.05276721715927124,23.32596206665039
1366,58.465065002441406,-1.6733752340078354,1001,3.5550107955932617,0.0003,1,a2c_entropy_low_seed1,-0.3662606477737427,7.843531608581543,0.9890117645263672,-0.1696474403142929,9.670775413513184
1366,58.465065002441406,-1.6733752340078354,1001,33.720455169677734,0.0003,1,a2c_entropy_low_seed1,0.44856977462768555,66.544677734375,0.9116083383560181,1.1559498310089111,30.191484451293945
1366,58.465065002441406,-1.6733752340078354,1001,2.0626485347747803,0.0003,1,a2c_entropy_low_seed1,-0.3573516011238098,4.840898513793945,0.8981974720954895,0.0630151778459549,8.167790412902832
1366,58.465065002441406,-1.6733752340078354,1001,4.340415954589844,0.0003,1,a2c_entropy_low_seed1,-1.2871298789978027,11.255969047546387,0.8776668310165405,-0.9827572703361511,28.083568572998047
1367,-144.96031188964844,-3.167304829955101,825,93.018798828125,0.0003,1,a2c_entropy_low_seed1,-4.029752254486084,194.09796142578125,0.8593177795410156,-4.392772197723389,100.54019165039062
1367,-144.96031188964844,-3.167304829955101,825,3.8835833072662354,0.0003,1,a2c_entropy_low_seed1,0.4540938138961792,6.859882831573486,0.9036895036697388,0.6468225121498108,22.16935920715332
1367,-144.96031188964844,-3.167304829955101,825,26.804798126220703,0.0003,1,a2c_entropy_low_seed1,-3.01192045211792,59.634368896484375,0.9326702356338501,-1.956337809562683,66.34302520751953
1369,-146.2095947265625,-3.769254598021507,812,206.32095336914062,0.0003,1,a2c_entropy_low_seed1,-2.8104944229125977,418.2637939453125,0.8759323954582214,-6.333745956420898,170.57192993164062
1370,63.355472564697266,-1.688108052611351,1001,9.241957664489746,0.0003,1,a2c_entropy_low_seed1,-0.9999349117279053,20.484663009643555,0.8772803544998169,-0.3402322232723236,26.739154815673828
1370,63.355472564697266,-1.688108052611351,1001,4.292787075042725,0.0003,1,a2c_entropy_low_seed1,-0.6327189207077026,9.852071762084961,1.0597790479660034,-0.6207202672958374,17.805957794189453
1370,63.355472564697266,-1.688108052611351,1001,4.001955509185791,0.0003,1,a2c_entropy_low_seed1,-0.37191668152809143,8.748655319213867,0.9109286069869995,-0.2571929395198822,14.570944786071777
1370,63.355472564697266,-1.688108052611351,1001,3.499023914337158,0.0003,1,a2c_entropy_low_seed1,0.33042672276496887,6.3380608558654785,0.86658775806427,0.4797547459602356,13.614225387573242
1370,63.355472564697266,-1.688108052611351,1001,2.134749174118042,0.0003,1,a2c_entropy_low_seed1,-0.8856781125068665,6.041807174682617,0.9527888298034668,-0.8445414304733276,25.958581924438477
1370,63.355472564697266,-1.688108052611351,1001,2.5859274864196777,0.0003,1,a2c_entropy_low_seed1,-0.8839890956878662,6.940789222717285,0.9559169411659241,-0.7498618364334106,18.165897369384766
1370,63.355472564697266,-1.688108052611351,1001,3.2526237964630127,0.0003,1,a2c_entropy_low_seed1,-1.4239355325698853,9.354040145874023,0.9216538071632385,-1.4578447341918945,36.13179016113281
1370,63.355472564697266,-1.688108052611351,1001,3.7606658935546875,0.0003,1,a2c_entropy_low_seed1,0.3331775665283203,6.855942726135254,0.9660657048225403,0.717298686504364,17.351926803588867
1370,63.355472564697266,-1.688108052611351,1001,3.9661247730255127,0.0003,1,a2c_entropy_low_seed1,0.060108333826065063,7.813065528869629,1.0327638387680054,0.198923259973526,6.998940467834473
1370,63.355472564697266,-1.688108052611351,1001,2.071607828140259,0.0003,1,a2c_entropy_low_seed1,-1.775330662727356,7.694859027862549,0.9817253947257996,-1.5065724849700928,36.772151947021484
1370,63.355472564697266,-1.688108052611351,1001,4.162662029266357,0.0003,1,a2c_entropy_low_seed1,-0.8076763153076172,9.941621780395508,0.9453420639038086,-0.7879874110221863,16.319904327392578
1371,-58.59858322143555,-2.0649634450674057,1001,8.919939041137695,0.0003,1,a2c_entropy_low_seed1,-0.21208995580673218,18.264995574951172,0.9382227659225464,0.007108449935913086,11.943190574645996
1372,-108.95185089111328,-4.492246388792991,861,141.31967163085938,0.0003,1,a2c_entropy_low_seed1,-4.179466247558594,290.99920654296875,0.9144076108932495,-3.1016054153442383,85.77771759033203
1372,-108.95185089111328,-4.492246388792991,861,35.179046630859375,0.0003,1,a2c_entropy_low_seed1,1.7723727226257324,66.81424713134766,0.9030638933181763,2.45196533203125,48.60784149169922
1372,-108.95185089111328,-4.492246388792991,861,4.033621311187744,0.0003,1,a2c_entropy_low_seed1,0.030696868896484375,8.006854057312012,1.004791021347046,0.3524174094200134,16.742712020874023
1372,-108.95185089111328,-4.492246388792991,861,1.480992317199707,0.0003,1,a2c_entropy_low_seed1,-1.1704580783843994,5.303812026977539,0.9112244248390198,-1.0622371435165405,23.715961456298828
1372,-108.95185089111328,-4.492246388792991,861,3.2282474040985107,0.0003,1,a2c_entropy_low_seed1,-0.28102484345436096,7.019471168518066,0.9265913963317871,-0.10534369945526123,9.178680419921875
1372,-108.95185089111328,-4.492246388792991,861,4.046714782714844,0.0003,1,a2c_entropy_low_seed1,-0.729046642780304,9.55246639251709,0.9435250759124756,-0.5355784893035889,18.873689651489258
1372,-108.95185089111328,-4.492246388792991,861,1.6012134552001953,0.0003,1,a2c_entropy_low_seed1,-1.329770803451538,5.862940311431885,0.9719050526618958,-1.1810673475265503,27.08761215209961
1373,31.840938568115234,-3.548851403594017,1001,8.077207565307617,0.0003,1,a2c_entropy_low_seed1,-0.1837415099143982,16.52284812927246,0.9504952430725098,0.3973332643508911,19.084823608398438
1373,31.840938568115234,-3.548851403594017,1001,13.529448509216309,0.0003,1,a2c_entropy_low_seed1,1.438838243484497,24.182218551635742,0.9984016418457031,1.8406099081039429,40.86343765258789
1373,31.840938568115234,-3.548851403594017,1001,30.18429946899414,0.0003,1,a2c_entropy_low_seed1,1.0334384441375732,58.30260467529297,0.8817703127861023,1.8526982069015503,53.40282440185547
1375,-3.609650135040283,-4.685942572951316,1001,74.64049530029297,0.0003,1,a2c_entropy_low_seed1,-0.504153847694397,150.29013061523438,0.843453049659729,1.3654346466064453,67.40401458740234
1376,91.93525695800781,-2.4530352014303207,763,184.84713745117188,0.0003,1,a2c_entropy_low_seed1,0.3287947177886963,369.0375061035156,0.825351893901825,6.304898738861084,207.2047576904297
1376,91.93525695800781,-2.4530352014303207,763,3.2522685527801514,0.0003,1,a2c_entropy_low_seed1,-1.9746485948562622,10.454795837402344,0.9617147445678711,-1.9364476203918457,49.678489685058594
1376,91.93525695800781,-2.4530352014303207,763,3.5811450481414795,0.0003,1,a2c_entropy_low_seed1,-0.45402634143829346,8.07131576538086,0.9731069207191467,-0.49856871366500854,16.043859481811523
1376,91.93525695800781,-2.4530352014303207,763,16.829744338989258,0.0003,1,a2c_entropy_low_seed1,0.5175865292549133,32.625267028808594,0.948451817035675,0.8706840872764587,23.166954040527344
1376,91.93525695800781,-2.4530352014303207,763,2.8684873580932617,0.0003,1,a2c_entropy_low_seed1,0.0047637224197387695,5.728341102600098,0.8935368061065674,0.3702949285507202,12.981951713562012
1376,91.93525695800781,-2.4530352014303207,763,1.4481319189071655,0.0003,1,a2c_entropy_low_seed1,0.02358987182378769,2.8500165939331055,0.9325684309005737,0.17780368030071259,8.138299942016602
1376,91.93525695800781,-2.4530352014303207,763,0.8837074637413025,0.0003,1,a2c_entropy_low_seed1,-1.295702576637268,4.359711170196533,0.8911205530166626,-1.1713651418685913,30.45061492919922
1377,23.002910614013672,1.1632766729593278,1001,5.344747066497803,0.0003,1,a2c_entropy_low_seed1,0.017268002033233643,10.655879020690918,0.9209161996841431,0.2847452163696289,7.346647262573242
1378,15.618277549743652,1.8806532102823257,1001,4.959545135498047,0.0003,1,a2c_entropy_low_seed1,-0.47594428062438965,10.87188720703125,0.9081880450248718,-0.41783028841018677,16.227598190307617
1378,15.618277549743652,1.8806532102823257,1001,7.123124122619629,0.0003,1,a2c_entropy_low_seed1,0.2774771451950073,13.692255973815918,0.9626371264457703,0.4667760133743286,31.156591415405273
1378,15.618277549743652,1.8806532102823257,1001,3.549038887023926,0.0003,1,a2c_entropy_low_seed1,-0.8305040597915649,8.760078430175781,0.9928812980651855,-0.7215319275856018,18.297382354736328
1378,15.618277549743652,1.8806532102823257,1001,4.305780410766602,0.0003,1,a2c_entropy_low_seed1,0.5977323055267334,7.417042255401611,0.9464493989944458,0.7285304069519043,21.151508331298828
1378,15.618277549743652,1.8806532102823257,1001,2.7323083877563477,0.0003,1,a2c_entropy_low_seed1,-0.22069895267486572,5.90695858001709,0.9443216323852539,0.05352067947387695,5.157321453094482
1378,15.618277549743652,1.8806532102823257,1001,3.52925968170166,0.0003,1,a2c_entropy_low_seed1,-0.39837461709976196,7.856265068054199,0.9964624643325806,-0.2952936887741089,13.352313041687012
1378,15.618277549743652,1.8806532102823257,1001,5.73509407043457,0.0003,1,a2c_entropy_low_seed1,0.3207322359085083,10.82968807220459,0.9641058444976807,0.6119990348815918,13.407901763916016
1378,15.618277549743652,1.8806532102823257,1001,6.514032363891602,0.0003,1,a2c_entropy_low_seed1,-0.45976847410202026,13.948451042175293,0.8500955104827881,0.6875286102294922,28.453754425048828
1378,15.618277549743652,1.8806532102823257,1001,2.8520050048828125,0.0003,1,a2c_entropy_low_seed1,0.24612505733966827,5.212701797485352,0.9419656991958618,0.4250768721103668,15.174434661865234
1378,15.618277549743652,1.8806532102823257,1001,2.083582878112793,0.0003,1,a2c_entropy_low_seed1,-0.5621020793914795,5.292323589324951,0.9538006782531738,-0.4124298393726349,13.702780723571777
1378,15.618277549743652,1.8806532102823257,1001,2.0689167976379395,0.0003,1,a2c_entropy_low_seed1,-0.7751999497413635,5.689192295074463,0.9590511918067932,-0.7040387392044067,18.06900978088379
1379,12.394519805908203,1.1151899534463883,1001,17.304458618164062,0.0003,1,a2c_entropy_low_seed1,-0.3223707973957062,35.25449752807617,0.8408225774765015,0.24133628606796265,28.578569412231445
1380,-232.64675903320312,-3.630967530608177,976,150.35777282714844,0.0003,1,a2c_entropy_low_seed1,-0.7516279816627502,302.2197570800781,0.9315466284751892,-4.346739292144775,160.80014038085938
1380,-232.64675903320312,-3.630967530608177,976,6.8676557540893555,0.0003,1,a2c_entropy_low_seed1,0.7992416620254517,12.137726783752441,0.8979085683822632,1.2728346586227417,35.321258544921875
1380,-232.64675903320312,-3.630967530608177,976,21.54845428466797,0.0003,1,a2c_entropy_low_seed1,-0.29917770624160767,43.696197509765625,0.9332587718963623,0.27620092034339905,34.981727600097656
1380,-232.64675903320312,-3.630967530608177,976,7.9210662841796875,0.0003,1,a2c_entropy_low_seed1,-0.5711040496826172,16.985218048095703,0.8772731423377991,0.3909860849380493,14.610112190246582
1382,-128.9990234375,-9.994085015654564,549,303.19818115234375,0.0003,1,a2c_entropy_low_seed1,-0.5296805500984192,607.4564819335938,0.7071765661239624,-6.694732666015625,255.36138916015625
1383,122.09760284423828,-7.222481850981712,933,219.49911499023438,0.0003,1,a2c_entropy_low_seed1,1.6926298141479492,435.61383056640625,0.861968994140625,7.513694763183594,207.36781311035156
1383,122.09760284423828,-7.222481850981712,933,2.720659017562866,0.0003,1,a2c_entropy_low_seed1,0.02933940663933754,5.383595943450928,0.9567370414733887,0.2839955687522888,9.680187225341797
1383,122.09760284423828,-7.222481850981712,933,5.460305213928223,0.0003,1,a2c_entropy_low_seed1,-0.30055221915245056,11.522628784179688,0.9140751361846924,0.1434165984392166,28.53262710571289
1383,122.09760284423828,-7.222481850981712,933,11.287027359008789,0.0003,1,a2c_entropy_low_seed1,0.6332252025604248,21.308467864990234,0.8632904887199402,1.3278321027755737,29.923255920410156
1384,-74.36126708984375,-9.505533761382104,687,110.78209686279297,0.0003,1,a2c_entropy_low_seed1,-3.411561965942383,228.3881072998047,0.7925719022750854,-3.657738208770752,107.14047241210938
1386,9.502492904663086,-13.379449815154075,1001,10.457459449768066,0.0003,1,a2c_entropy_low_seed1,0.2517993450164795,20.412185668945312,0.8662583231925964,1.3907123804092407,39.090946197509766
1387,-48.14549255371094,-12.490092210173607,358,199.2367706298828,0.0003,1,a2c_entropy_low_seed1,-0.33856838941574097,399.1515197753906,0.8456888794898987,-4.9326252937316895,158.94949340820312
1387,-48.14549255371094,-12.490092210173607,358,12.620615005493164,0.0003,1,a2c_entropy_low_seed1,1.678998351097107,21.884143829345703,0.9099974036216736,1.8814809322357178,56.76195526123047
1387,-48.14549255371094,-12.490092210173607,358,9.378710746765137,0.0003,1,a2c_entropy_low_seed1,1.1992666721343994,16.359840393066406,0.9518316388130188,1.5282390117645264,46.48219299316406
1387,-48.14549255371094,-12.490092210173607,358,3.333434581756592,0.0003,1,a2c_entropy_low_seed1,-0.16998818516731262,7.007755756378174,0.9105028510093689,0.2655186951160431,9.617180824279785
1387,-48.14549255371094,-12.490092210173607,358,4.273560523986816,0.0003,1,a2c_entropy_low_seed1,0.8690217137336731,6.810089111328125,1.011793613433838,1.0160585641860962,27.463462829589844
1387,-48.14549255371094,-12.490092210173607,358,25.164396286010742,0.0003,1,a2c_entropy_low_seed1,1.2271547317504883,47.87544250488281,0.956923246383667,1.3600314855575562,29.811227798461914
1387,-48.14549255371094,-12.490092210173607,358,2.6730973720550537,0.0003,1,a2c_entropy_low_seed1,-0.3379550874233246,6.023128509521484,1.0236514806747437,-0.13886761665344238,6.9473724365234375
1387,-48.14549255371094,-12.490092210173607,358,2.073065757751465,0.0003,1,a2c_entropy_low_seed1,-0.17064155638217926,4.488412857055664,0.997978687286377,-0.039675816893577576,11.509483337402344
1387,-48.14549255371094,-12.490092210173607,358,2.184610366821289,0.0003,1,a2c_entropy_low_seed1,-0.6161518096923828,5.602478504180908,0.954386830329895,-0.2882694602012634,9.859994888305664
1387,-48.14549255371094,-12.490092210173607,358,3.8442254066467285,0.0003,1,a2c_entropy_low_seed1,0.3753160834312439,6.938775539398193,0.9568091034889221,0.7625797986984253,20.946855545043945
1387,-48.14549255371094,-12.490092210173607,358,1.3631446361541748,0.0003,1,a2c_entropy_low_seed1,-0.6121858358383179,3.951653242111206,0.992309033870697,-0.3152487576007843,9.497261047363281
1387,-48.14549255371094,-12.490092210173607,358,24.667726516723633,0.0003,1,a2c_entropy_low_seed1,1.7450151443481445,45.846412658691406,0.9875888228416443,2.1778111457824707,45.99454116821289
1387,-48.14549255371094,-12.490092210173607,358,13.805140495300293,0.0003,1,a2c_entropy_low_seed1,-0.23988677561283112,28.09088706970215,0.8312387466430664,0.4038429260253906,18.784669876098633
1387,-48.14549255371094,-12.490092210173607,358,6.664637565612793,0.0003,1,a2c_entropy_low_seed1,0.12295816093683243,13.084218978881836,0.859905481338501,0.5436632037162781,15.323444366455078
1387,-48.14549255371094,-12.490092210173607,358,1.2770999670028687,0.0003,1,a2c_entropy_low_seed1,0.03268270194530487,2.489716053009033,0.881439208984375,0.0930815041065216,5.175693511962891
1388,122.07599639892578,-8.119070329070091,683,55.436397552490234,0.0003,1,a2c_entropy_low_seed1,1.1926053762435913,108.48851013183594,0.9201115369796753,2.3883252143859863,58.94166946411133
1389,-44.25974655151367,-9.86255017220974,539,107.24362182617188,0.0003,1,a2c_entropy_low_seed1,-0.5744598507881165,215.63702392578125,0.8588392734527588,-1.9778965711593628,74.55433654785156
1389,-44.25974655151367,-9.86255017220974,539,39.58663558959961,0.0003,1,a2c_entropy_low_seed1,3.009403944015503,73.1552505493164,0.782035768032074,3.73356032371521,71.23487854003906
1389,-44.25974655151367,-9.86255017220974,539,3.58191180229187,0.0003,1,a2c_entropy_low_seed1,-0.139451265335083,7.443612098693848,0.8857568502426147,0.14366403222084045,5.762823104858398
1390,93.14998626708984,-8.653692063689231,1001,14.696369171142578,0.0003,1,a2c_entropy_low_seed1,-1.3513251543045044,32.09623718261719,0.8487856984138489,-1.7193642854690552,47.565452575683594
1391,-116.7092056274414,-8.375630998015403,671,109.88214874267578,0.0003,1,a2c_entropy_low_seed1,-1.3246433734893799,222.4143829345703,0.7970441579818726,-3.676936149597168,121.57970428466797
1391,-116.7092056274414,-8.375630998015403,671,8.434057235717773,0.0003,1,a2c_entropy_low_seed1,0.2114584594964981,16.44608497619629,0.8864479660987854,0.4577939212322235,31.26399803161621
1391,-116.7092056274414,-8.375630998015403,671,4.193706035614014,0.0003,1,a2c_entropy_low_seed1,0.982666552066803,6.422961711883545,0.8826927542686462,1.1329092979431152,38.40627670288086
1391,-116.7092056274414,-8.375630998015403,671,9.235488891601562,0.0003,1,a2c_entropy_low_seed1,0.0480349026620388,18.37578010559082,0.8721153736114502,0.20116102695465088,31.667587280273438
1392,71.60224914550781,-3.9577818769216537,1001,2.5167064666748047,0.0003,1,a2c_entropy_low_seed1,-0.7285670042037964,6.491396903991699,0.8494873642921448,-0.6030715703964233,19.10215187072754
1392,71.60224914550781,-3.9577818769216537,1001,4.7540998458862305,0.0003,1,a2c_entropy_low_seed1,0.1969340294599533,9.115192413330078,0.8610438108444214,0.23910516500473022,10.529256820678711
1393,71.59104919433594,-1.2959582227468491,1001,10.789509773254395,0.0003,1,a2c_entropy_low_seed1,0.4192090630531311,20.741443634033203,0.8430920243263245,0.8176885843276978,22.951374053955078
1393,71.59104919433594,-1.2959582227468491,1001,3.779796600341797,0.0003,1,a2c_entropy_low_seed1,-0.2884442210197449,8.137372970581055,0.8913557529449463,-0.19536501169204712,10.30938720703125
1393,71.59104919433594,-1.2959582227468491,1001,2.9417643547058105,0.0003,1,a2c_entropy_low_seed1,0.20218220353126526,5.4800591468811035,0.8950405120849609,0.47923213243484497,13.48122501373291
1394,64.2354736328125,-0.9706673139333725,1001,1.2050552368164062,0.0003,1,a2c_entropy_low_seed1,-1.287444829940796,4.985822677612305,0.8226608037948608,-0.9614181518554688,24.694425582885742
1394,64.2354736328125,-0.9706673139333725,1001,5.2583723068237305,0.0003,1,a2c_entropy_low_seed1,-0.36688849329948425,11.251382827758789,0.861106812953949,-0.15234138071537018,14.432528495788574
1395,90.76397705078125,-1.4777312177419661,1001,6.801495552062988,0.0003,1,a2c_entropy_low_seed1,-1.2667633295059204,16.13739776611328,0.8806549906730652,-0.8507668972015381,28.699615478515625
1395,90.76397705078125,-1.4777312177419661,1001,6.794586181640625,0.0003,1,a2c_entropy_low_seed1,0.3172760307788849,12.955584526062012,0.9641920328140259,0.7540819644927979,24.820402145385742
1396,-101.65741729736328,-1.1954170697927475,597,178.71080017089844,0.0003,1,a2c_entropy_low_seed1,-1.7563555240631104,360.9351806640625,0.8509899377822876,-4.5935893058776855,156.42347717285156
1396,-101.65741729736328,-1.1954170697927475,597,27.557252883911133,0.0003,1,a2c_entropy_low_seed1,0.6602182388305664,53.79500198364258,0.9342482089996338,1.8605589866638184,36.64653396606445
1397,-69.1755599975586,-4.053339738249779,608,93.08771514892578,0.0003,1,a2c_entropy_low_seed1,-0.8948897123336792,187.9661407470703,0.924149215221405,-2.850602865219116,85.26811981201172
1397,-69.1755599975586,-4.053339738249779,608,4.1165924072265625,0.0003,1,a2c_entropy_low_seed1,0.4260958731174469,7.38194465637207,0.9513999223709106,0.7330594658851624,27.652700424194336
1397,-69.1755599975586,-4.053339738249779,608,5.366822242736816,0.0003,1,a2c_entropy_low_seed1,0.39589500427246094,9.942761421203613,0.906955361366272,0.8531168103218079,24.306062698364258
1397,-69.1755599975586,-4.053339738249779,608,2.46091628074646,0.0003,1,a2c_entropy_low_seed1,-0.9540217518806458,6.830862998962402,0.9871506094932556,-0.8119668960571289,19.20160484313965
1398,-105.28578186035156,-4.047127274870872,488,200.20175170898438,0.0003,1,a2c_entropy_low_seed1,-2.0541574954986572,404.5126953125,0.8746931552886963,-5.897428035736084,185.37062072753906
1398,-105.28578186035156,-4.047127274870872,488,3.8385212421417236,0.0003,1,a2c_entropy_low_seed1,0.1645955592393875,7.348737716674805,0.886335015296936,0.6263959407806396,21.1265926361084
1398,-105.28578186035156,-4.047127274870872,488,10.8987455368042,0.0003,1,a2c_entropy_low_seed1,0.9419562816619873,19.91453742980957,0.9593203067779541,1.093170404434204,32.85620880126953
1398,-105.28578186035156,-4.047127274870872,488,2.5194971561431885,0.0003,1,a2c_entropy_low_seed1,0.2505647540092468,4.538821220397949,0.9566755890846252,0.4064023196697235,12.593805313110352
1398,-105.28578186035156,-4.047127274870872,488,2.1147923469543457,0.0003,1,a2c_entropy_low_seed1,-0.9746079444885254,6.1797776222229,0.9768203496932983,-0.8009241819381714,19.418275833129883
1398,-105.28578186035156,-4.047127274870872,488,2.259056329727173,0.0003,1,a2c_entropy_low_seed1,-0.732547402381897,5.98416805267334,0.9609480500221252,-0.4753037393093109,18.12874412536621
1399,-133.32489013671875,-9.880402116179466,805,99.39598846435547,0.0003,1,a2c_entropy_low_seed1,-3.3956851959228516,205.5843048095703,0.9656257033348083,-3.027050256729126,89.65026092529297
1399,-133.32489013671875,-9.880402116179466,805,5.758670806884766,0.0003,1,a2c_entropy_low_seed1,0.2819046080112457,10.954429626464844,0.8971313834190369,0.55124831199646,15.675305366516113
1400,-21.783531188964844,-11.826747941374778,550,91.11260223388672,0.0003,1,a2c_entropy_low_seed1,-1.2679330110549927,184.76199340820312,0.9201529622077942,-0.8128247261047363,61.831756591796875
1400,-21.783531188964844,-11.826747941374778,550,7.8939032554626465,0.0003,1,a2c_entropy_low_seed1,0.6137984991073608,14.561169624328613,0.960806131362915,0.8799710273742676,35.93910598754883
1400,-21.783531188964844,-11.826747941374778,550,13.177152633666992,0.0003,1,a2c_entropy_low_seed1,0.555932343006134,25.243335723876953,0.8946655988693237,0.9842501878738403,23.40778923034668
1401,97.6078109741211,-11.3917850202322,1001,21.205215454101562,0.0003,1,a2c_entropy_low_seed1,1.8274515867233276,38.756492614746094,0.9667348861694336,2.233593463897705,48.59797286987305
1401,97.6078109741211,-11.3917850202322,1001,5.044386863708496,0.0003,1,a2c_entropy_low_seed1,-0.8066093921661377,11.702902793884277,0.9094986915588379,-0.051382869482040405,15.72826099395752
1401,97.6078109741211,-11.3917850202322,1001,5.069906234741211,0.0003,1,a2c_entropy_low_seed1,0.31885388493537903,9.503063201904297,0.9587329626083374,0.470420241355896,17.429624557495117
1401,97.6078109741211,-11.3917850202322,1001,3.2557101249694824,0.0003,1,a2c_entropy_low_seed1,-0.3744966983795166,7.261352062225342,0.9382580518722534,-0.01981496810913086,15.026749610900879
1401,97.6078109741211,-11.3917850202322,1001,13.866781234741211,0.0003,1,a2c_entropy_low_seed1,0.6625851392745972,26.40923309326172,0.8404034972190857,1.3357337713241577,35.088077545166016
1401,97.6078109741211,-11.3917850202322,1001,1.337466835975647,0.0003,1,a2c_entropy_low_seed1,-0.8964468240737915,4.468690872192383,0.8634445667266846,-0.846855640411377,21.258161544799805
1401,97.6078109741211,-11.3917850202322,1001,31.33783721923828,0.0003,1,a2c_entropy_low_seed1,-2.3809127807617188,67.43836975097656,0.8685029149055481,-3.1133601665496826,79.16350555419922
1403,41.77294921875,-9.363705720305443,1001,105.50514221191406,0.0003,1,a2c_entropy_low_seed1,0.4798423647880554,210.05148315429688,0.8780698180198669,-1.270373821258545,82.8630142211914
1403,41.77294921875,-9.363705720305443,1001,1.8059654235839844,0.0003,1,a2c_entropy_low_seed1,-0.4627135992050171,4.538270950317383,0.9128608107566833,-0.21351763606071472,12.454623222351074
1403,41.77294921875,-9.363705720305443,1001,2.406926155090332,0.0003,1,a2c_entropy_low_seed1,0.22374314069747925,4.367259979248047,0.8940308690071106,0.3958849310874939,7.213191986083984
1403,41.77294921875,-9.363705720305443,1001,7.68397331237793,0.0003,1,a2c_entropy_low_seed1,-0.07963771373033524,15.528092384338379,0.8706337213516235,0.5538731813430786,12.334506034851074
1403,41.77294921875,-9.363705720305443,1001,3.0845327377319336,0.0003,1,a2c_entropy_low_seed1,-0.904996395111084,7.97992467880249,0.8662237524986267,-0.6440793871879578,22.940343856811523
1403,41.77294921875,-9.363705720305443,1001,1.904120922088623,0.0003,1,a2c_entropy_low_seed1,-0.2875119149684906,4.384214401245117,0.9487447738647461,-0.19202622771263123,5.94816780090332
1404,64.08673095703125,-9.273732804656028,1001,6.577079772949219,0.0003,1,a2c_entropy_low_seed1,-2.005817174911499,17.166669845581055,0.8757570385932922,-1.671122670173645,39.3690071105957
1405,-87.5506362915039,-12.841976823210716,1001,19.693618774414062,0.0003,1,a2c_entropy_low_seed1,2.0756962299346924,35.23670959472656,0.8674901127815247,2.572200298309326,47.60287857055664
1405,-87.5506362915039,-12.841976823210716,1001,9.547542572021484,0.0003,1,a2c_entropy_low_seed1,0.16747522354125977,18.760961532592773,0.8285903930664062,0.7600839138031006,23.096263885498047
1405,-87.5506362915039,-12.841976823210716,1001,14.282362937927246,0.0003,1,a2c_entropy_low_seed1,1.4842404127120972,25.597211837768555,0.967112123966217,1.730867862701416,51.25551223754883
1405,-87.5506362915039,-12.841976823210716,1001,2.493472099304199,0.0003,1,a2c_entropy_low_seed1,-0.1804172694683075,5.34873628616333,0.9576172232627869,-0.180742084980011,11.332854270935059
1405,-87.5506362915039,-12.841976823210716,1001,4.332319259643555,0.0003,1,a2c_entropy_low_seed1,0.20379024744033813,8.25804615020752,0.9877244234085083,0.1415388286113739,11.477141380310059
1405,-87.5506362915039,-12.841976823210716,1001,3.031008243560791,0.0003,1,a2c_entropy_low_seed1,-0.0712217465043068,6.20537805557251,0.9180400371551514,0.11725492030382156,8.022921562194824
1406,72.6904067993164,-11.4590519708395,1001,7.677536964416504,0.0003,1,a2c_entropy_low_seed1,-0.6325920224189758,16.621057510375977,0.7991079092025757,-0.19714736938476562,13.023681640625
1406,72.6904067993164,-11.4590519708395,1001,4.358998775482178,0.0003,1,a2c_entropy_low_seed1,-0.7556499242782593,10.230109214782715,0.8119613528251648,-0.007135845720767975,16.325946807861328
1406,72.6904067993164,-11.4590519708395,1001,5.657350540161133,0.0003,1,a2c_entropy_low_seed1,-0.5160980820655823,12.347702026367188,0.8053107261657715,-0.39041978120803833,25.736431121826172
1407,128.7122802734375,-9.47750698029995,831,89.815185546875,0.0003,1,a2c_entropy_low_seed1,0.47932499647140503,178.6726837158203,0.9537581205368042,2.405881881713867,75.90835571289062
1407,128.7122802734375,-9.47750698029995,831,5.439524173736572,0.0003,1,a2c_entropy_low_seed1,0.23455175757408142,10.410909652709961,0.9649409055709839,0.4340815246105194,23.224292755126953
1407,128.7122802734375,-9.47750698029995,831,3.489671468734741,0.0003,1,a2c_entropy_low_seed1,0.02118411660194397,6.937882423400879,0.9079882502555847,0.23359395563602448,14.224448204040527
1408,72.0714111328125,-9.05874004304409,1001,3.9041802883148193,0.0003,1,a2c_entropy_low_seed1,-1.0196112394332886,9.84854507446289,0.9616065621376038,-0.6760836839675903,16.984241485595703
1408,72.0714111328125,-9.05874004304409,1001,2.8573479652404785,0.0003,1,a2c_entropy_low_seed1,-1.5895707607269287,8.89476490020752,0.9274230003356934,-1.5276418924331665,43.716800689697266
1408,72.0714111328125,-9.05874004304409,1001,25.7757511138916,0.0003,1,a2c_entropy_low_seed1,0.25944995880126953,51.033546447753906,0.9406393766403198,0.25916337966918945,27.945510864257812
1408,72.0714111328125,-9.05874004304409,1001,3.3951737880706787,0.0003,1,a2c_entropy_low_seed1,-0.5372905135154724,7.865766525268555,0.837775468826294,0.09713864326477051,17.647790908813477
1408,72.0714111328125,-9.05874004304409,1001,1.7258459329605103,0.0003,1,a2c_entropy_low_seed1,-0.8306806683540344,5.113925933837891,0.8727328181266785,-0.680730402469635,20.059921264648438
1409,90.84793090820312,-8.22096530854702,967,92.13668060302734,0.0003,1,a2c_entropy_low_seed1,-1.1551883220672607,186.58460998535156,0.8677929639816284,1.1628731489181519,68.9302749633789
1409,90.84793090820312,-8.22096530854702,967,2.9489123821258545,0.0003,1,a2c_entropy_low_seed1,-0.2350887507200241,6.36893367767334,0.9312262535095215,-0.13949669897556305,11.483912467956543
1409,90.84793090820312,-8.22096530854702,967,10.89377212524414,0.0003,1,a2c_entropy_low_seed1,0.6260318756103516,20.536434173583984,0.9528814554214478,0.8052350282669067,18.69275665283203
1409,90.84793090820312,-8.22096530854702,967,3.9292030334472656,0.0003,1,a2c_entropy_low_seed1,-0.3020668625831604,8.463491439819336,0.9519439339637756,-0.17621123790740967,15.137796401977539
1409,90.84793090820312,-8.22096530854702,967,16.06243896484375,0.0003,1,a2c_entropy_low_seed1,1.0657535791397095,29.994279861450195,0.906523585319519,1.1613816022872925,25.248882293701172
1409,90.84793090820312,-8.22096530854702,967,2.2892239093780518,0.0003,1,a2c_entropy_low_seed1,-0.6305153965950012,5.840422630310059,0.944352924823761,-0.5724700689315796,21.398080825805664
1409,90.84793090820312,-8.22096530854702,967,1.5008957386016846,0.0003,1,a2c_entropy_low_seed1,-0.21668753027915955,3.4361300468444824,0.9635012745857239,-0.32271379232406616,9.491728782653809
1411,39.933040618896484,-7.2661206430196765,1001,9.896007537841797,0.0003,1,a2c_entropy_low_seed1,-0.6449307203292847,21.0827579498291,0.8805674910545349,-0.35103124380111694,14.704188346862793
1411,39.933040618896484,-7.2661206430196765,1001,9.484028816223145,0.0003,1,a2c_entropy_low_seed1,0.5638913512229919,17.841190338134766,0.9155532121658325,0.6589005589485168,29.033119201660156
1411,39.933040618896484,-7.2661206430196765,1001,19.34143829345703,0.0003,1,a2c_entropy_low_seed1,0.1823441982269287,38.31900405883789,0.815190851688385,1.128080129623413,34.680301666259766
1411,39.933040618896484,-7.2661206430196765,1001,2.1772918701171875,0.0003,1,a2c_entropy_low_seed1,-0.03425666689872742,4.423925876617432,0.8285902738571167,0.21289846301078796,17.26783561706543
1411,39.933040618896484,-7.2661206430196765,1001,2.1167423725128174,0.0003,1,a2c_entropy_low_seed1,-0.4388832747936249,5.1121296882629395,0.8781279921531677,-0.32547739148139954,15.75150203704834
1412,-118.04496002197266,-9.215608558058738,711,71.53508758544922,0.0003,1,a2c_entropy_low_seed1,-1.9313890933990479,146.93377685546875,0.8255271315574646,-1.9453848600387573,59.76065444946289
1413,54.796783447265625,-11.011586341261864,1001,13.613393783569336,0.0003,1,a2c_entropy_low_seed1,-0.4593777656555176,28.146366119384766,0.8239784240722656,-0.8252348899841309,32.6409912109375
1414,128.26229858398438,-8.442235364913941,967,124.7408676147461,0.0003,1,a2c_entropy_low_seed1,1.3807322978973389,246.72108459472656,0.8153773546218872,4.838491916656494,141.82528686523438
1414,128.26229858398438,-8.442235364913941,967,3.2507853507995605,0.0003,1,a2c_entropy_low_seed1,-0.2377665936946869,6.9779791831970215,0.8754734992980957,0.2300397753715515,22.317228317260742
1414,128.26229858398438,-8.442235364913941,967,1.0056822299957275,0.0003,1,a2c_entropy_low_seed1,-0.7280535697937012,3.4683125019073486,0.8409496545791626,-0.5273498892784119,16.39181900024414
1414,128.26229858398438,-8.442235364913941,967,3.0614380836486816,0.0003,1,a2c_entropy_low_seed1,-0.6625297665596008,7.448757648468018,0.8218413591384888,-0.6629010438919067,17.830493927001953
1415,-83.90629577636719,-9.281043806076049,720,101.24507141113281,0.0003,1,a2c_entropy_low_seed1,-1.2107434272766113,204.9124755859375,0.8378840088844299,-3.585352659225464,105.09317016601562
1415,-83.90629577636719,-9.281043806076049,720,2.300466299057007,0.0003,1,a2c_entropy_low_seed1,0.042041629552841187,4.517703056335449,0.8537555932998657,0.16110961139202118,7.650861740112305
1415,-83.90629577636719,-9.281043806076049,720,11.178572654724121,0.0003,1,a2c_entropy_low_seed1,-0.5412240028381348,23.440475463867188,0.8837729692459106,-0.04400581121444702,20.289379119873047
1415,-83.90629577636719,-9.281043806076049,720,1.238416075706482,0.0003,1,a2c_entropy_low_seed1,-0.2914206087589264,3.0605201721191406,0.8469198942184448,-0.062059566378593445,10.084122657775879
1415,-83.90629577636719,-9.281043806076049,720,1.649038314819336,0.0003,1,a2c_entropy_low_seed1,-0.5456852316856384,4.390294075012207,0.8468470573425293,-0.46890705823898315,13.078180313110352
1416,33.35404586791992,-9.783264188766479,1001,3.0127432346343994,0.0003,1,a2c_entropy_low_seed1,-1.7438851594924927,9.514215469360352,0.9590951204299927,-1.96540105342865,51.015480041503906
1417,-107.77633666992188,-9.039584684371949,779,160.785400390625,0.0003,1,a2c_entropy_low_seed1,-0.7613389492034912,323.0943603515625,0.8831050395965576,-3.6652650833129883,128.18260192871094
1417,-107.77633666992188,-9.039584684371949,779,4.236709117889404,0.0003,1,a2c_entropy_low_seed1,-0.21844226121902466,8.911212921142578,0.9096239805221558,-0.09682446718215942,11.225272178649902
1417,-107.77633666992188,-9.039584684371949,779,2.689378023147583,0.0003,1,a2c_entropy_low_seed1,-0.320764422416687,6.021246910095215,0.9615527391433716,-0.07227176427841187,9.532817840576172
1417,-107.77633666992188,-9.039584684371949,779,2.9600627422332764,0.0003,1,a2c_entropy_low_seed1,0.2728356122970581,5.375412464141846,0.9579216837882996,0.5185793042182922,14.04114055633545
1417,-107.77633666992188,-9.039584684371949,779,3.2756073474884033,0.0003,1,a2c_entropy_low_seed1,-0.56870436668396,7.689617156982422,0.9939447045326233,-0.5718483328819275,15.173336029052734
1417,-107.77633666992188,-9.039584684371949,779,2.870826244354248,0.0003,1,a2c_entropy_low_seed1,-0.998831570148468,7.740172386169434,0.8568990230560303,-0.4035852551460266,23.7103271484375
1417,-107.77633666992188,-9.039584684371949,779,2.859095573425293,0.0003,1,a2c_entropy_low_seed1,0.19163303077220917,5.335740089416504,0.8148768544197083,0.6429592370986938,15.288562774658203
1417,-107.77633666992188,-9.039584684371949,779,22.487321853637695,0.0003,1,a2c_entropy_low_seed1,1.0796030759811401,42.81635665893555,0.920565128326416,1.4646199941635132,32.40955352783203
1418,140.34336853027344,-6.440470800399781,652,144.54925537109375,0.0003,1,a2c_entropy_low_seed1,-0.8663195967674255,290.83209228515625,0.9356034398078918,3.321244955062866,155.7176055908203
1418,140.34336853027344,-6.440470800399781,652,2.9670162200927734,0.0003,1,a2c_entropy_low_seed1,-0.31522274017333984,6.565410614013672,0.9326575994491577,-0.1664254069328308,17.93291664123535
1418,140.34336853027344,-6.440470800399781,652,5.5159220695495605,0.0003,1,a2c_entropy_low_seed1,-0.2807202935218811,11.59425163269043,0.9670488834381104,-0.2140810489654541,11.660619735717773
1418,140.34336853027344,-6.440470800399781,652,20.092010498046875,0.0003,1,a2c_entropy_low_seed1,1.5462539196014404,37.09233093261719,0.8176805973052979,2.63946533203125,58.700687408447266
1419,-132.5708770751953,-6.167696447372436,734,158.81764221191406,0.0003,1,a2c_entropy_low_seed1,0.36689695715904236,316.9021911621094,0.6868818402290344,-2.631063461303711,114.74166870117188
1419,-132.5708770751953,-6.167696447372436,734,16.82452964782715,0.0003,1,a2c_entropy_low_seed1,1.4331204891204834,30.78356170654297,0.7422837615013123,1.6055494546890259,45.86448669433594
1421,27.772037506103516,-3.5942599391937256,1001,142.28143310546875,0.0003,1,a2c_entropy_low_seed1,1.4086267948150635,281.7463684082031,0.7639049291610718,5.3750739097595215,146.3452911376953
1421,27.772037506103516,-3.5942599391937256,1001,5.296419143676758,0.0003,1,a2c_entropy_low_seed1,0.44662776589393616,9.700411796569824,0.8284988403320312,0.5089849829673767,25.680500030517578
1422,122.85701751708984,1.041917428970337,837,143.12179565429688,0.0003,1,a2c_entropy_low_seed1,1.381454348564148,283.4815673828125,0.8841911554336548,5.200068950653076,150.25997924804688
1422,122.85701751708984,1.041917428970337,837,2.322279453277588,0.0003,1,a2c_entropy_low_seed1,-0.48468536138534546,5.614838600158691,0.9089028835296631,-0.380456805229187,10.376424789428711
1422,122.85701751708984,1.041917428970337,837,2.6280157566070557,0.0003,1,a2c_entropy_low_seed1,0.14381588995456696,4.969276428222656,0.8766930103302002,0.32818329334259033,13.406228065490723
1422,122.85701751708984,1.041917428970337,837,2.8936147689819336,0.0003,1,a2c_entropy_low_seed1,0.18729962408542633,5.4135870933532715,0.957223653793335,0.40267321467399597,11.242362022399902
1422,122.85701751708984,1.041917428970337,837,1.9284968376159668,0.0003,1,a2c_entropy_low_seed1,-1.0351985692977905,5.928287506103516,0.8965737819671631,-0.8927086591720581,24.55900001525879
1422,122.85701751708984,1.041917428970337,837,23.41655921936035,0.0003,1,a2c_entropy_low_seed1,0.8191244006156921,45.1957893371582,0.9179086685180664,1.1734709739685059,26.068632125854492
1422,122.85701751708984,1.041917428970337,837,1.3472508192062378,0.0003,1,a2c_entropy_low_seed1,-1.0097252130508423,4.71491003036499,0.9578497409820557,-0.9063878655433655,21.872350692749023
1422,122.85701751708984,1.041917428970337,837,2.116379499435425,0.0003,1,a2c_entropy_low_seed1,-1.0246280431747437,6.2829909324646,0.9762304425239563,-1.0177748203277588,22.77515983581543
1422,122.85701751708984,1.041917428970337,837,1.5149675607681274,0.0003,1,a2c_entropy_low_seed1,-1.6281251907348633,6.2871222496032715,0.93682861328125,-1.6963244676589966,43.066349029541016
1423,24.669809341430664,0.8984948444366455,1001,4.500962734222412,0.0003,1,a2c_entropy_low_seed1,-1.222496747970581,11.447882652282715,0.9642821550369263,-1.21738862991333,30.962154388427734
1423,24.669809341430664,0.8984948444366455,1001,9.824244499206543,0.0003,1,a2c_entropy_low_seed1,-0.4320799708366394,20.513574600219727,0.9251120090484619,0.004308104515075684,19.748445510864258
1423,24.669809341430664,0.8984948444366455,1001,3.1108806133270264,0.0003,1,a2c_entropy_low_seed1,0.12742120027542114,5.967817306518555,0.8984793424606323,0.5238584876060486,17.440805435180664
1423,24.669809341430664,0.8984948444366455,1001,2.112703561782837,0.0003,1,a2c_entropy_low_seed1,-0.14735592901706696,4.52101469039917,0.89527827501297,0.22171497344970703,12.628996849060059
1424,-100.6688232421875,1.7785558795928955,556,212.4409637451172,0.0003,1,a2c_entropy_low_seed1,-2.435168743133545,429.75311279296875,0.8627820611000061,-6.163344860076904,201.26295471191406
1425,70.36988067626953,3.258146495819092,1001,27.470314025878906,0.0003,1,a2c_entropy_low_seed1,0.8846636414527893,53.172218322753906,0.9211571216583252,1.0868359804153442,34.53707504272461
1426,-52.38589859008789,0.3717233848571777,1001,20.749181747436523,0.0003,1,a2c_entropy_low_seed1,2.2170987129211426,37.06497573852539,0.8091416358947754,3.2266976833343506,82.9205551147461
1426,-52.38589859008789,0.3717233848571777,1001,4.800862789154053,0.0003,1,a2c_entropy_low_seed1,0.11618810892105103,9.370179176330566,0.8297411799430847,0.26685550808906555,15.084904670715332
1426,-52.38589859008789,0.3717233848571777,1001,10.765701293945312,0.0003,1,a2c_entropy_low_seed1,1.1067050695419312,19.31880760192871,0.8148816227912903,1.4157514572143555,56.789512634277344
1427,-88.70716094970703,-1.8624780464172364,592,211.84747314453125,0.0003,1,a2c_entropy_low_seed1,-2.8899874687194824,429.4757080078125,0.7826409935951233,-7.036622524261475,199.094482421875
1427,-88.70716094970703,-1.8624780464172364,592,33.71628189086914,0.0003,1,a2c_entropy_low_seed1,1.9749319553375244,63.48356628417969,0.8685528039932251,2.6559865474700928,66.10255432128906
1427,-88.70716094970703,-1.8624780464172364,592,1.754799246788025,0.0003,1,a2c_entropy_low_seed1,-0.8322598338127136,5.174964904785156,0.8465696573257446,-0.752239465713501,22.77132225036621
1427,-88.70716094970703,-1.8624780464172364,592,1.688707947731018,0.0003,1,a2c_entropy_low_seed1,-0.152455672621727,3.6831676959991455,0.8405279517173767,-0.03441286087036133,4.077672004699707
1427,-88.70716094970703,-1.8624780464172364,592,0.9162402749061584,0.0003,1,a2c_entropy_low_seed1,-0.46955132484436035,2.7724690437316895,0.8858008980751038,-0.4312390089035034,10.632923126220703
1428,19.479494094848633,-1.7852537155151367,1001,10.229915618896484,0.0003,1,a2c_entropy_low_seed1,-0.26505646109580994,20.990829467773438,0.8846433162689209,-0.4275934100151062,21.106056213378906
1428,19.479494094848633,-1.7852537155151367,1001,3.0927674770355225,0.0003,1,a2c_entropy_low_seed1,-0.8311820030212402,7.848794937133789,0.8957523107528687,-0.7188090085983276,20.978206634521484
1428,19.479494094848633,-1.7852537155151367,1001,5.085599422454834,0.0003,1,a2c_entropy_low_seed1,-0.36733195185661316,10.906744003295898,0.8812562823295593,-0.3093385398387909,21.111618041992188
1428,19.479494094848633,-1.7852537155151367,1001,2.520465135574341,0.0003,1,a2c_entropy_low_seed1,-0.3149145245552063,5.671670913696289,0.9118269681930542,0.022353723645210266,8.232232093811035
1428,19.479494094848633,-1.7852537155151367,1001,2.9230129718780518,0.0003,1,a2c_entropy_low_seed1,-0.9938267469406128,7.834604740142822,0.9255573153495789,-0.9222549200057983,27.25788116455078
1428,19.479494094848633,-1.7852537155151367,1001,2.408195734024048,0.0003,1,a2c_entropy_low_seed1,-0.6788450479507446,6.174937725067139,0.8558482527732849,-0.3410451114177704,12.160715103149414
1429,51.009666442871094,-1.0129507827758788,1001,17.209941864013672,0.0003,1,a2c_entropy_low_seed1,1.461849331855774,31.497093200683594,0.9087263941764832,1.7329643964767456,45.826847076416016
1430,27.460411071777344,4.18919261932373,1001,2.6400949954986572,0.0003,1,a2c_entropy_low_seed1,-0.9455702304840088,7.172270774841309,0.9405456781387329,-0.8637648820877075,28.36400032043457
1430,27.460411071777344,4.18919261932373,1001,19.739389419555664,0.0003,1,a2c_entropy_low_seed1,1.585174322128296,36.309364318847656,0.9360480308532715,1.9038722515106201,51.99072265625
1430,27.460411071777344,4.18919261932373,1001,2.1462860107421875,0.0003,1,a2c_entropy_low_seed1,-0.20014099776744843,4.693828105926514,0.9742752313613892,-0.13163596391677856,4.7048659324646
1430,27.460411071777344,4.18919261932373,1001,10.242859840393066,0.0003,1,a2c_entropy_low_seed1,-0.44699645042419434,21.38056182861328,0.8488216996192932,-0.32657817006111145,13.119288444519043
1431,-86.80268859863281,4.515436515808106,622,71.84647369384766,0.0003,1,a2c_entropy_low_seed1,-1.0257608890533447,145.7454071044922,0.9353983402252197,-2.5960097312927246,78.56761169433594
1431,-86.80268859863281,4.515436515808106,622,16.24387550354004,0.0003,1,a2c_entropy_low_seed1,-0.35386526584625244,33.19623565673828,0.7556769251823425,1.0828990936279297,37.48517608642578
1431,-86.80268859863281,4.515436515808106,622,2.874084711074829,0.0003,1,a2c_entropy_low_seed1,-1.117935061454773,7.984889030456543,0.8491445779800415,-0.6104092001914978,27.392223358154297
1431,-86.80268859863281,4.515436515808106,622,2.674194097518921,0.0003,1,a2c_entropy_low_seed1,0.01932983100414276,5.310586929321289,0.8584542274475098,0.32956749200820923,12.533933639526367
1431,-86.80268859863281,4.515436515808106,622,3.7523889541625977,0.0003,1,a2c_entropy_low_seed1,-0.2197028398513794,7.944969177246094,0.7856506109237671,0.1940542608499527,17.248842239379883
1431,-86.80268859863281,4.515436515808106,622,2.0044643878936768,0.0003,1,a2c_entropy_low_seed1,-0.828253984451294,5.666275501251221,0.8386420011520386,-0.6608494520187378,15.39394474029541
1432,47.664756774902344,8.048712120056152,1001,18.85995864868164,0.0003,1,a2c_entropy_low_seed1,1.1511683464050293,35.41838073730469,0.8005474805831909,1.3677420616149902,28.81633949279785
1433,106.6331558227539,7.739423179626465,810,64.35460662841797,0.0003,1,a2c_entropy_low_seed1,-0.9262428879737854,130.5625762939453,0.8625006675720215,0.4063619077205658,47.5976676940918
1433,106.6331558227539,7.739423179626465,810,18.609615325927734,0.0003,1,a2c_entropy_low_seed1,1.6353535652160645,33.949485778808594,0.9626365303993225,2.439751148223877,76.60079193115234
1433,106.6331558227539,7.739423179626465,810,7.5976128578186035,0.0003,1,a2c_entropy_low_seed1,-0.13162806630134583,15.459428787231445,0.947180449962616,-0.001619875431060791,22.303508758544922
1433,106.6331558227539,7.739423179626465,810,2.134277820587158,0.0003,1,a2c_entropy_low_seed1,-0.4742852747440338,5.21811580657959,0.9893856048583984,-0.5096116662025452,18.28618812561035
1434,33.759098052978516,9.90183048248291,1001,3.5883212089538574,0.0003,1,a2c_entropy_low_seed1,-0.8316172957420349,8.840827941894531,0.950960636138916,-0.8889075517654419,26.93354606628418
1434,33.759098052978516,9.90183048248291,1001,8.139192581176758,0.0003,1,a2c_entropy_low_seed1,1.4717962741851807,13.33570384979248,0.9108289480209351,1.6583255529403687,56.3603515625
1434,33.759098052978516,9.90183048248291,1001,4.460182189941406,0.0003,1,a2c_entropy_low_seed1,-0.357886403799057,9.637096405029297,0.9597619771957397,-0.2110637128353119,8.222724914550781
1434,33.759098052978516,9.90183048248291,1001,2.559095859527588,0.0003,1,a2c_entropy_low_seed1,0.06663714349269867,4.9859209060668945,1.003223180770874,0.18492554128170013,7.970402240753174
1434,33.759098052978516,9.90183048248291,1001,2.434929609298706,0.0003,1,a2c_entropy_low_seed1,-1.7281372547149658,8.327136993408203,1.0032458305358887,-1.6958664655685425,40.23164749145508
1435,-12.829218864440918,10.485523738861083,1001,31.75396728515625,0.0003,1,a2c_entropy_low_seed1,-1.689916968345642,66.88872528076172,0.9571029543876648,-1.1245466470718384,44.44435501098633
1436,-83.58731079101562,8.62372766494751,681,107.75650787353516,0.0003,1,a2c_entropy_low_seed1,0.7919148206710815,213.9300994873047,0.916620135307312,-1.5143760442733765,95.56556701660156
1436,-83.58731079101562,8.62372766494751,681,4.787354946136475,0.0003,1,a2c_entropy_low_seed1,-0.09553283452987671,9.766682624816895,0.9064972996711731,0.21498534083366394,22.487449645996094
1436,-83.58731079101562,8.62372766494751,681,3.257746696472168,0.0003,1,a2c_entropy_low_seed1,0.1640077531337738,6.188451766967773,0.9736457467079163,0.2905600666999817,11.997681617736816
1436,-83.58731079101562,8.62372766494751,681,8.523111343383789,0.0003,1,a2c_entropy_low_seed1,0.2507748603820801,16.545665740966797,0.9927088618278503,0.44542035460472107,16.347890853881836
1437,-13.964397430419922,9.30734956741333,1001,4.354936599731445,0.0003,1,a2c_entropy_low_seed1,-0.912190854549408,10.535167694091797,0.9125986099243164,-0.6955114006996155,23.11648178100586
1437,-13.964397430419922,9.30734956741333,1001,2.044235944747925,0.0003,1,a2c_entropy_low_seed1,-1.206342339515686,6.502160549163818,1.0035500526428223,-1.0836387872695923,29.876134872436523
1437,-13.964397430419922,9.30734956741333,1001,33.27177810668945,0.0003,1,a2c_entropy_low_seed1,-3.79660964012146,74.13770294189453,0.9310354590415955,-3.253575086593628,72.26374816894531
1437,-13.964397430419922,9.30734956741333,1001,12.366055488586426,0.0003,1,a2c_entropy_low_seed1,-0.9542450308799744,26.64142608642578,0.8260286450386047,0.10424482077360153,25.662330627441406
1437,-13.964397430419922,9.30734956741333,1001,4.686878681182861,0.0003,1,a2c_entropy_low_seed1,0.0226144939661026,9.329351425170898,0.8226559162139893,0.2254045307636261,11.239587783813477
1438,78.28738403320312,8.431577320098876,991,163.85205078125,0.0003,1,a2c_entropy_low_seed1,-0.3760903775691986,328.4571533203125,0.8800609111785889,4.152254581451416,155.81817626953125
1438,78.28738403320312,8.431577320098876,991,4.449798107147217,0.0003,1,a2c_entropy_low_seed1,-0.14701931178569794,9.194550514221191,0.9151867628097534,-0.3775470554828644,21.812992095947266
1439,-175.70855712890625,5.802601108551025,921,232.4309539794922,0.0003,1,a2c_entropy_low_seed1,-1.396928071975708,467.6566467285156,0.8859812021255493,-6.658709526062012,210.73065185546875
1439,-175.70855712890625,5.802601108551025,921,8.123968124389648,0.0003,1,a2c_entropy_low_seed1,0.493815541267395,15.261232376098633,0.9274454712867737,0.6282777786254883,20.949918746948242
1439,-175.70855712890625,5.802601108551025,921,13.58475112915039,0.0003,1,a2c_entropy_low_seed1,-0.40137946605682373,27.97310447692871,0.8428386449813843,-0.9974503517150879,42.24189376831055
1439,-175.70855712890625,5.802601108551025,921,18.05712890625,0.0003,1,a2c_entropy_low_seed1,0.6004805564880371,34.91416931152344,0.8742377161979675,1.2446141242980957,42.07744598388672
1439,-175.70855712890625,5.802601108551025,921,10.53453254699707,0.0003,1,a2c_entropy_low_seed1,0.7566145062446594,19.556745529174805,0.908883810043335,0.4577581286430359,24.250450134277344
1439,-175.70855712890625,5.802601108551025,921,3.382540464401245,0.0003,1,a2c_entropy_low_seed1,-0.11013925075531006,6.9862871170043945,0.9275676012039185,-0.028042852878570557,4.805224895477295
1439,-175.70855712890625,5.802601108551025,921,2.7575950622558594,0.0003,1,a2c_entropy_low_seed1,-0.717365026473999,6.9508748054504395,0.9545353651046753,-0.7933463454246521,18.787670135498047
1439,-175.70855712890625,5.802601108551025,921,2.074902296066284,0.0003,1,a2c_entropy_low_seed1,-0.7043856978416443,5.559535980224609,0.9598390460014343,-0.9446285367012024,26.0862979888916
1439,-175.70855712890625,5.802601108551025,921,2.1530230045318604,0.0003,1,a2c_entropy_low_seed1,0.07295149564743042,4.161074638366699,0.9319769740104675,0.16562236845493317,6.35899543762207
1440,-193.22763061523438,0.07504877090454101,973,71.13365173339844,0.0003,1,a2c_entropy_low_seed1,-1.7083909511566162,145.6850128173828,0.9381924867630005,-1.9273173809051514,56.907623291015625
1441,31.7625732421875,3.0444843482971193,1001,18.723712921142578,0.0003,1,a2c_entropy_low_seed1,0.3758409321308136,36.69672775268555,0.9855162501335144,0.9024792313575745,49.06522750854492
1441,31.7625732421875,3.0444843482971193,1001,5.337666988372803,0.0003,1,a2c_entropy_low_seed1,0.39020803570747375,9.895914077758789,0.9968911409378052,0.38556480407714844,20.684444427490234
1442,-72.93203735351562,0.1537986183166504,359,76.48194885253906,0.0003,1,a2c_entropy_low_seed1,-0.23088404536247253,153.4265899658203,0.9237589836120605,0.03320497274398804,37.69392013549805
1443,-186.43478393554688,-5.006718044281006,967,106.23939514160156,0.0003,1,a2c_entropy_low_seed1,0.41840943694114685,211.642822265625,0.8613300323486328,-0.8861932158470154,68.73474884033203
1443,-186.43478393554688,-5.006718044281006,967,2.142669200897217,0.0003,1,a2c_entropy_low_seed1,-1.4944907426834106,7.275195121765137,0.8757083415985107,-1.5508654117584229,43.68672180175781
1443,-186.43478393554688,-5.006718044281006,967,3.3510653972625732,0.0003,1,a2c_entropy_low_seed1,-0.2876668870449066,7.278446197509766,0.9819695949554443,-0.16648852825164795,11.524846076965332
1443,-186.43478393554688,-5.006718044281006,967,2.0780227184295654,0.0003,1,a2c_entropy_low_seed1,-0.2063266634941101,4.569642066955566,0.9433193802833557,-0.07248488068580627,12.879656791687012
1443,-186.43478393554688,-5.006718044281006,967,2.2984557151794434,0.0003,1,a2c_entropy_low_seed1,-0.8259550333023071,6.249791145324707,0.9700955748558044,-0.8880789875984192,21.102455139160156
1443,-186.43478393554688,-5.006718044281006,967,3.9462878704071045,0.0003,1,a2c_entropy_low_seed1,0.0010721758008003235,7.891427516937256,0.9959096908569336,0.057934775948524475,14.036399841308594
1444,-136.1231689453125,-9.013890895843506,995,114.79379272460938,0.0003,1,a2c_entropy_low_seed1,0.01911904662847519,229.55020141601562,0.860798716545105,-1.3819612264633179,71.4954605102539
1445,-37.6442985534668,-11.582056407928468,1001,8.32516860961914,0.0003,1,a2c_entropy_low_seed1,0.6164769530296326,15.418270111083984,0.8866205215454102,0.4411909580230713,11.34929370880127
1445,-37.6442985534668,-11.582056407928468,1001,2.5839903354644775,0.0003,1,a2c_entropy_low_seed1,0.028878942131996155,5.111141204833984,0.9183794856071472,-0.036028698086738586,7.403923511505127
1445,-37.6442985534668,-11.582056407928468,1001,2.176388740539551,0.0003,1,a2c_entropy_low_seed1,-0.8026057481765747,5.9588727951049805,0.8842023611068726,-0.7822921276092529,21.854917526245117
1445,-37.6442985534668,-11.582056407928468,1001,4.850650787353516,0.0003,1,a2c_entropy_low_seed1,0.8080450296401978,8.086112976074219,0.9013340473175049,1.0657317638397217,32.11000442504883
1446,-77.98652648925781,-11.108638591766358,1001,15.432051658630371,0.0003,1,a2c_entropy_low_seed1,1.3067364692687988,28.251523971557617,0.894291877746582,1.226607084274292,29.148666381835938
1446,-77.98652648925781,-11.108638591766358,1001,4.18674898147583,0.0003,1,a2c_entropy_low_seed1,0.14555247128009796,8.083288192749023,0.8950711488723755,0.17172908782958984,7.657850742340088
1446,-77.98652648925781,-11.108638591766358,1001,3.8263633251190186,0.0003,1,a2c_entropy_low_seed1,-0.17070722579956055,7.995091438293457,0.9503378868103027,-0.07376432418823242,11.149543762207031
1446,-77.98652648925781,-11.108638591766358,1001,2.34792423248291,0.0003,1,a2c_entropy_low_seed1,0.04556531459093094,4.605769634246826,1.0521354675292969,0.13684207201004028,6.564429759979248
1446,-77.98652648925781,-11.108638591766358,1001,2.732323169708252,0.0003,1,a2c_entropy_low_seed1,0.23442445695400238,4.996768474578857,0.9706191420555115,0.33060523867607117,9.346707344055176
1447,-24.294496536254883,-10.211017322540282,1001,9.663236618041992,0.0003,1,a2c_entropy_low_seed1,0.8870883584022522,17.55327033996582,0.975439190864563,1.2150717973709106,28.86139488220215
1447,-24.294496536254883,-10.211017322540282,1001,3.075918674468994,0.0003,1,a2c_entropy_low_seed1,0.8048517107963562,4.543107986450195,0.974362313747406,0.9533582925796509,25.6181640625
1447,-24.294496536254883,-10.211017322540282,1001,1.6721546649932861,0.0003,1,a2c_entropy_low_seed1,-0.09620566666126251,3.53767991065979,0.9592335224151611,0.0214570090174675,2.9631829261779785
1447,-24.294496536254883,-10.211017322540282,1001,4.9131035804748535,0.0003,1,a2c_entropy_low_seed1,0.995427131652832,7.83634614944458,0.9927340745925903,1.0890846252441406,26.2198543548584
1447,-24.294496536254883,-10.211017322540282,1001,1.1777317523956299,0.0003,1,a2c_entropy_low_seed1,-0.7089951038360596,3.774400234222412,0.9466239809989929,-0.5107449293136597,12.095723152160645
1447,-24.294496536254883,-10.211017322540282,1001,4.0187482833862305,0.0003,1,a2c_entropy_low_seed1,0.7877604365348816,6.462900161743164,0.924315333366394,1.0502989292144775,23.6551513671875
1447,-24.294496536254883,-10.211017322540282,1001,25.00471305847168,0.0003,1,a2c_entropy_low_seed1,0.8426944017410278,48.3250732421875,1.0359807014465332,1.7038280963897705,39.985076904296875
1448,-70.94425964355469,-9.524186878204345,758,143.5441131591797,0.0003,1,a2c_entropy_low_seed1,-0.3936954438686371,287.87652587890625,0.9126683473587036,-2.686704397201538,89.8991928100586
1448,-70.94425964355469,-9.524186878204345,758,4.213647365570068,0.0003,1,a2c_entropy_low_seed1,0.6261067390441895,7.175990581512451,0.909171462059021,0.7472237348556519,18.287670135498047
1448,-70.94425964355469,-9.524186878204345,758,17.704395294189453,0.0003,1,a2c_entropy_low_seed1,1.72001051902771,31.96973991394043,0.970551609992981,1.9814614057540894,49.36174011230469
1448,-70.94425964355469,-9.524186878204345,758,6.5014472007751465,0.0003,1,a2c_entropy_low_seed1,0.9714871048927307,11.060922622680664,1.0023249387741089,0.9146857261657715,37.352867126464844
1449,29.210622787475586,-6.273476619720459,1001,28.98341178894043,0.0003,1,a2c_entropy_low_seed1,1.7445073127746582,54.47868728637695,0.8782618045806885,2.0739798545837402,44.02336502075195
1450,45.39944839477539,-4.929817028045655,1001,29.996618270874023,0.0003,1,a2c_entropy_low_seed1,-1.444871425628662,62.883758544921875,0.7792571783065796,-0.32483428716659546,34.47866439819336
1450,45.39944839477539,-4.929817028045655,1001,11.004352569580078,0.0003,1,a2c_entropy_low_seed1,0.15158671140670776,21.70627212524414,0.7406144142150879,1.4024296998977661,44.34005355834961
1451,56.596900939941406,-5.750035228729248,1001,12.371440887451172,0.0003,1,a2c_entropy_low_seed1,0.5770256519317627,23.589561462402344,0.7306141257286072,1.8113950490951538,50.50249481201172
1453,125.85694122314453,1.4460017585754394,770,349.52874755859375,0.0003,1,a2c_entropy_low_seed1,0.5233781337738037,698.011474609375,0.7568855881690979,11.160821914672852,363.6669006347656
1453,125.85694122314453,1.4460017585754394,770,8.34537124633789,0.0003,1,a2c_entropy_low_seed1,0.9620241522789001,14.767635345458984,0.940599799156189,1.5359199047088623,59.9417839050293
1453,125.85694122314453,1.4460017585754394,770,9.205794334411621,0.0003,1,a2c_entropy_low_seed1,0.6630449891090393,17.086408615112305,0.9097200036048889,1.1283714771270752,44.952537536621094
1453,125.85694122314453,1.4460017585754394,770,6.173890113830566,0.0003,1,a2c_entropy_low_seed1,-1.2778600454330444,14.904444694519043,0.9437158107757568,-1.2957277297973633,36.418846130371094
1454,-146.22299194335938,-2.760192699432373,608,194.39907836914062,0.0003,1,a2c_entropy_low_seed1,-1.901659369468689,392.6023254394531,0.8564119338989258,-5.431631565093994,161.75303649902344
1454,-146.22299194335938,-2.760192699432373,608,1.6919702291488647,0.0003,1,a2c_entropy_low_seed1,-1.1347054243087769,5.654318332672119,0.9670778512954712,-0.9368312358856201,33.76872253417969
1455,70.14981842041016,0.3938163948059082,1001,21.849458694458008,0.0003,1,a2c_entropy_low_seed1,0.7748411297798157,42.150146484375,0.9135475754737854,1.3353041410446167,48.51105499267578
1456,-28.452552795410156,-1.629042797088623,477,169.46730041503906,0.0003,1,a2c_entropy_low_seed1,-2.869324207305908,344.6741943359375,0.9342858195304871,-5.110579490661621,125.29380798339844
1456,-28.452552795410156,-1.629042797088623,477,2.5115578174591064,0.0003,1,a2c_entropy_low_seed1,-0.5263608694076538,6.076794624328613,0.9569458365440369,-0.13705003261566162,15.563855171203613
1456,-28.452552795410156,-1.629042797088623,477,7.095547199249268,0.0003,1,a2c_entropy_low_seed1,0.32938680052757263,13.533234596252441,0.9132225513458252,0.7303339242935181,23.2691593170166
1456,-28.452552795410156,-1.629042797088623,477,2.7339866161346436,0.0003,1,a2c_entropy_low_seed1,0.11997079849243164,5.228998184204102,0.9666615128517151,0.2715819478034973,12.193201065063477
1456,-28.452552795410156,-1.629042797088623,477,2.8277933597564697,0.0003,1,a2c_entropy_low_seed1,0.27029579877853394,5.115981578826904,0.9867539405822754,0.3712118864059448,10.524066925048828
1456,-28.452552795410156,-1.629042797088623,477,2.3606693744659424,0.0003,1,a2c_entropy_low_seed1,-1.0071865320205688,6.736727237701416,1.0152500867843628,-0.928499698638916,25.812789916992188
1456,-28.452552795410156,-1.629042797088623,477,2.044994831085205,0.0003,1,a2c_entropy_low_seed1,-0.8693598508834839,5.829629421234131,0.9204692244529724,-0.8881041407585144,22.481952667236328
1456,-28.452552795410156,-1.629042797088623,477,16.33054542541504,0.0003,1,a2c_entropy_low_seed1,-1.1125534772872925,34.88713073730469,0.9342633485794067,-1.5501327514648438,37.97118377685547
1458,-93.76995086669922,-9.220784893035889,602,145.97735595703125,0.0003,1,a2c_entropy_low_seed1,-1.0564231872558594,294.0684814453125,0.9173994660377502,-3.312293291091919,117.13270568847656
1458,-93.76995086669922,-9.220784893035889,602,24.411874771118164,0.0003,1,a2c_entropy_low_seed1,1.825704574584961,45.17329406738281,0.9537197351455688,2.2273240089416504,47.00579071044922
1458,-93.76995086669922,-9.220784893035889,602,4.573453903198242,0.0003,1,a2c_entropy_low_seed1,0.1048596203327179,8.938114166259766,0.9260545372962952,0.4578457772731781,17.91306495666504
1458,-93.76995086669922,-9.220784893035889,602,2.7452783584594727,0.0003,1,a2c_entropy_low_seed1,0.23393335938453674,5.023653984069824,0.9643572568893433,0.32759448885917664,9.995854377746582
1458,-93.76995086669922,-9.220784893035889,602,16.862815856933594,0.0003,1,a2c_entropy_low_seed1,-1.2492491006851196,36.225059509277344,0.9312018156051636,-1.02008855342865,28.65721893310547
1458,-93.76995086669922,-9.220784893035889,602,1.5147501230239868,0.0003,1,a2c_entropy_low_seed1,-1.0255576372146606,5.081434726715088,0.8192529678344727,-0.6536592245101929,19.827342987060547
1459,-166.80734252929688,-14.37389036178589,771,187.83262634277344,0.0003,1,a2c_entropy_low_seed1,0.27649742364883423,375.1129455566406,0.6888691782951355,-4.665130138397217,187.0758819580078
1460,144.0255584716797,-11.842697048187256,694,148.1951446533203,0.0003,1,a2c_entropy_low_seed1,0.5165042281150818,295.358154296875,0.8853591680526733,4.489969730377197,140.1992645263672
1460,144.0255584716797,-11.842697048187256,694,6.648026943206787,0.0003,1,a2c_entropy_low_seed1,1.0287162065505981,11.239484786987305,0.8632220029830933,1.2878355979919434,29.941434860229492
1461,-43.46902084350586,-13.510738277435303,531,133.34213256835938,0.0003,1,a2c_entropy_low_seed1,-0.2348174750804901,267.1547546386719,0.8455373048782349,-3.3457977771759033,121.58031463623047
1461,-43.46902084350586,-13.510738277435303,531,4.054840564727783,0.0003,1,a2c_entropy_low_seed1,-1.0148979425430298,10.140454292297363,0.9778515100479126,-0.8198778033256531,25.85916519165039
1461,-43.46902084350586,-13.510738277435303,531,6.379135608673096,0.0003,1,a2c_entropy_low_seed1,0.060333818197250366,12.638425827026367,0.8224111795425415,-0.32682085037231445,11.681215286254883
1461,-43.46902084350586,-13.510738277435303,531,3.479156970977783,0.0003,1,a2c_entropy_low_seed1,0.6755744218826294,5.608003616333008,0.8381417989730835,1.1257259845733643,28.699419021606445
1461,-43.46902084350586,-13.510738277435303,531,14.018406867980957,0.0003,1,a2c_entropy_low_seed1,-0.008125543594360352,28.05390167236328,0.8370019197463989,-0.09643492847681046,18.54608154296875
1462,128.05909729003906,-8.588657131195069,729,140.1221466064453,0.0003,1,a2c_entropy_low_seed1,-0.020544111728668213,280.2862243652344,0.859210729598999,3.065460205078125,103.10493469238281
1463,79.87788391113281,-8.087035121917724,1001,6.891265869140625,0.0003,1,a2c_entropy_low_seed1,0.12135904282331467,13.540740013122559,0.9256762862205505,0.4029369056224823,21.631099700927734
1463,79.87788391113281,-8.087035121917724,1001,13.838869094848633,0.0003,1,a2c_entropy_low_seed1,1.3030171394348145,25.072654724121094,0.9504764080047607,1.4235647916793823,58.96025466918945
1463,79.87788391113281,-8.087035121917724,1001,2.1300175189971924,0.0003,1,a2c_entropy_low_seed1,-0.08053790032863617,4.422088146209717,0.9775302410125732,0.0651649534702301,7.777900695800781
1463,79.87788391113281,-8.087035121917724,1001,3.707953453063965,0.0003,1,a2c_entropy_low_seed1,0.6417316198348999,6.133381366729736,0.937358558177948,0.9129454493522644,22.89133071899414
1463,79.87788391113281,-8.087035121917724,1001,1.1319081783294678,0.0003,1,a2c_entropy_low_seed1,-1.2712265253067017,4.807229995727539,0.9606385231018066,-0.8529499769210815,24.41754913330078
1463,79.87788391113281,-8.087035121917724,1001,1.805163860321045,0.0003,1,a2c_entropy_low_seed1,-1.0637059211730957,5.738694667816162,0.955007791519165,-0.7607830762863159,17.87198257446289
1464,63.7318229675293,-9.377644634246826,1001,29.224817276000977,0.0003,1,a2c_entropy_low_seed1,1.7023807764053345,55.04576110839844,0.8889911770820618,2.561549663543701,57.297943115234375
1464,63.7318229675293,-9.377644634246826,1001,17.028242111206055,0.0003,1,a2c_entropy_low_seed1,1.1429996490478516,31.771440505981445,0.9568438529968262,1.2908172607421875,51.54840850830078
1464,63.7318229675293,-9.377644634246826,1001,3.628350257873535,0.0003,1,a2c_entropy_low_seed1,0.16784001886844635,6.921999454498291,0.978747546672821,0.19071011245250702,12.92309856414795
1464,63.7318229675293,-9.377644634246826,1001,2.8120415210723877,0.0003,1,a2c_entropy_low_seed1,-0.03297895938158035,5.690969467163086,0.9283962249755859,0.35048723220825195,14.816433906555176
1464,63.7318229675293,-9.377644634246826,1001,0.9721043109893799,0.0003,1,a2c_entropy_low_seed1,-0.5750947594642639,3.095365047454834,0.9669171571731567,-0.42127615213394165,11.42948055267334
1465,-97.05469512939453,-9.640612621307373,631,161.025146484375,0.0003,1,a2c_entropy_low_seed1,-2.2523274421691895,326.5558776855469,0.9106625914573669,-4.586911678314209,131.7356719970703
1465,-97.05469512939453,-9.640612621307373,631,1.662847638130188,0.0003,1,a2c_entropy_low_seed1,-0.04778539016842842,3.422226905822754,0.960878312587738,0.12761428952217102,3.9944193363189697
1465,-97.05469512939453,-9.640612621307373,631,5.464920997619629,0.0003,1,a2c_entropy_low_seed1,0.2609159052371979,10.408978462219238,0.9677376747131348,0.3733699917793274,13.794352531433105
1466,-150.8517608642578,-13.324728755950927,710,147.98744201660156,0.0003,1,a2c_entropy_low_seed1,-0.7314402461051941,297.4386291503906,0.8515021800994873,-4.810452938079834,168.41481018066406
1466,-150.8517608642578,-13.324728755950927,710,7.393510341644287,0.0003,1,a2c_entropy_low_seed1,0.08476486802101135,14.618376731872559,0.8859005570411682,0.0038183294236660004,14.413787841796875
1468,30.593948364257812,-11.639756679534912,1001,31.760242462158203,0.0003,1,a2c_entropy_low_seed1,1.6397111415863037,60.2419319152832,0.8701053261756897,2.1534407138824463,59.4551887512207
1469,-70.40702819824219,-10.39647970199585,593,209.24900817871094,0.0003,1,a2c_entropy_low_seed1,-1.5947279930114746,421.6883544921875,0.8943178057670593,-4.508969783782959,170.93179321289062
1469,-70.40702819824219,-10.39647970199585,593,9.7220458984375,0.0003,1,a2c_entropy_low_seed1,1.3329830169677734,16.77906608581543,0.9400933384895325,1.8285861015319824,75.8946762084961
1469,-70.40702819824219,-10.39647970199585,593,3.6387484073638916,0.0003,1,a2c_entropy_low_seed1,-0.8041125535964966,8.886648178100586,0.92669677734375,-0.6287328004837036,22.863313674926758
1469,-70.40702819824219,-10.39647970199585,593,3.0293734073638916,0.0003,1,a2c_entropy_low_seed1,0.11657789349555969,5.826470375061035,0.8795125484466553,0.4741300940513611,10.818299293518066
1469,-70.40702819824219,-10.39647970199585,593,1.0385620594024658,0.0003,1,a2c_entropy_low_seed1,-0.4167932868003845,2.911680221557617,0.9693512320518494,-0.3449138104915619,11.821986198425293
1469,-70.40702819824219,-10.39647970199585,593,1.6733734607696533,0.0003,1,a2c_entropy_low_seed1,-1.2190731763839722,5.785829067230225,0.9358990788459778,-1.0344972610473633,28.614213943481445
1469,-70.40702819824219,-10.39647970199585,593,2.1491594314575195,0.0003,1,a2c_entropy_low_seed1,-0.05934855341911316,4.41794490814209,0.9287006855010986,0.06873732805252075,5.048520565032959
1469,-70.40702819824219,-10.39647970199585,593,1.9455008506774902,0.0003,1,a2c_entropy_low_seed1,-1.6599619388580322,7.2119011878967285,0.9755049347877502,-1.6118578910827637,40.0054931640625
1470,49.63046646118164,-11.517003917694092,1001,17.9947509765625,0.0003,1,a2c_entropy_low_seed1,1.3530112504959106,33.284420013427734,0.9427860379219055,1.4095890522003174,30.85202407836914
1470,49.63046646118164,-11.517003917694092,1001,6.142486095428467,0.0003,1,a2c_entropy_low_seed1,-0.33461251854896545,12.95516300201416,0.9657870531082153,-0.17948728799819946,14.028059959411621
1470,49.63046646118164,-11.517003917694092,1001,2.2340574264526367,0.0003,1,a2c_entropy_low_seed1,-0.343430757522583,5.155939102172852,0.9626191258430481,-0.08236908912658691,4.416427135467529
1470,49.63046646118164,-11.517003917694092,1001,3.4293787479400635,0.0003,1,a2c_entropy_low_seed1,0.12371641397476196,6.612274646759033,0.9496726989746094,0.29614365100860596,11.58869743347168
1470,49.63046646118164,-11.517003917694092,1001,6.351640701293945,0.0003,1,a2c_entropy_low_seed1,0.04519196227192879,12.613818168640137,0.9204719662666321,0.18697848916053772,23.21786880493164
1470,49.63046646118164,-11.517003917694092,1001,6.687502861022949,0.0003,1,a2c_entropy_low_seed1,0.6264289021492004,12.123018264770508,0.8711671829223633,1.0515576601028442,38.71105194091797
1471,55.74989700317383,-10.957446727752686,1001,2.6317262649536133,0.0003,1,a2c_entropy_low_seed1,-0.040373243391513824,5.34510612487793,0.9071133732795715,0.2516419291496277,13.839627265930176
1471,55.74989700317383,-10.957446727752686,1001,11.821843147277832,0.0003,1,a2c_entropy_low_seed1,-1.5516376495361328,26.747812271118164,0.850391149520874,-1.5446124076843262,59.5997200012207
1471,55.74989700317383,-10.957446727752686,1001,28.0971622467041,0.0003,1,a2c_entropy_low_seed1,2.076491117477417,52.04219436645508,0.8503317832946777,2.996183156967163,85.74886322021484
1471,55.74989700317383,-10.957446727752686,1001,7.907899856567383,0.0003,1,a2c_entropy_low_seed1,0.8706614971160889,14.075325012207031,0.8483713865280151,0.9918549656867981,34.25606918334961
1471,55.74989700317383,-10.957446727752686,1001,13.586356163024902,0.0003,1,a2c_entropy_low_seed1,-1.786062240600586,30.74562644958496,0.7903791666030884,-1.4120550155639648,39.594913482666016
1472,-74.53732299804688,-14.90533353805542,624,80.7167739868164,0.0003,1,a2c_entropy_low_seed1,1.4882482290267944,158.4578094482422,0.7577899098396301,0.7003768682479858,50.310184478759766
1473,3.7705421447753906,-15.323318881988525,1001,21.256959915161133,0.0003,1,a2c_entropy_low_seed1,1.039480209350586,40.43582534790039,0.866217851638794,1.3206517696380615,57.811309814453125
1473,3.7705421447753906,-15.323318881988525,1001,11.268390655517578,0.0003,1,a2c_entropy_low_seed1,0.09861999750137329,22.340286254882812,0.7461149096488953,0.7759206891059875,31.07566261291504
1473,3.7705421447753906,-15.323318881988525,1001,2.1206870079040527,0.0003,1,a2c_entropy_low_seed1,0.18889759480953217,3.8643581867218018,0.7791236639022827,0.5577288866043091,18.25444221496582
1473,3.7705421447753906,-15.323318881988525,1001,2.013544797897339,0.0003,1,a2c_entropy_low_seed1,-1.2488504648208618,6.5255961418151855,0.8055797219276428,-1.4611432552337646,37.83631134033203
1474,122.46953582763672,-10.86055170059204,813,169.15760803222656,0.0003,1,a2c_entropy_low_seed1,-0.970343828201294,340.2567138671875,0.8331331014633179,3.6260485649108887,145.53807067871094
1476,-96.85564422607422,-12.800053577423096,799,204.728515625,0.0003,1,a2c_entropy_low_seed1,-1.6472058296203613,412.7521057128906,0.6683089733123779,-5.491263389587402,157.1288604736328
1476,-96.85564422607422,-12.800053577423096,799,5.719141483306885,0.0003,1,a2c_entropy_low_seed1,0.29543718695640564,10.848176956176758,0.7686238288879395,0.7003700733184814,26.85389518737793
1476,-96.85564422607422,-12.800053577423096,799,14.45418643951416,0.0003,1,a2c_entropy_low_seed1,1.8244209289550781,25.260351181030273,0.820323646068573,2.2292189598083496,83.46172332763672
1478,47.01947021484375,-7.602728023529052,1001,164.84844970703125,0.0003,1,a2c_entropy_low_seed1,0.101715087890625,329.4942626953125,0.7791808843612671,4.417237758636475,139.31297302246094
1478,47.01947021484375,-7.602728023529052,1001,3.9933018684387207,0.0003,1,a2c_entropy_low_seed1,-0.5519229173660278,9.091378211975098,0.9288071393966675,-0.2795397639274597,13.891616821289062
1478,47.01947021484375,-7.602728023529052,1001,2.0570342540740967,0.0003,1,a2c_entropy_low_seed1,-0.42982015013694763,4.974691390991211,0.9829381108283997,-0.3814172148704529,10.791244506835938
1478,47.01947021484375,-7.602728023529052,1001,2.109889268875122,0.0003,1,a2c_entropy_low_seed1,-0.9848119020462036,6.190309524536133,0.9074267148971558,-0.821906566619873,23.213499069213867
1478,47.01947021484375,-7.602728023529052,1001,30.486114501953125,0.0003,1,a2c_entropy_low_seed1,1.5762701034545898,57.82060241699219,0.9153904914855957,1.4675281047821045,38.81645965576172
1478,47.01947021484375,-7.602728023529052,1001,1.6554728746414185,0.0003,1,a2c_entropy_low_seed1,-0.25940394401550293,3.830707550048828,0.9538871645927429,-0.03935318440198898,5.064339637756348
1478,47.01947021484375,-7.602728023529052,1001,1.7601842880249023,0.0003,1,a2c_entropy_low_seed1,-1.2609994411468506,6.043285369873047,0.9179021120071411,-1.163821816444397,32.53752517700195
1478,47.01947021484375,-7.602728023529052,1001,1.8664541244506836,0.0003,1,a2c_entropy_low_seed1,-1.0739800930023193,5.881779670715332,0.9112537503242493,-0.9622874855995178,24.943655014038086
1478,47.01947021484375,-7.602728023529052,1001,12.498497009277344,0.0003,1,a2c_entropy_low_seed1,-0.07272869348526001,25.14330291748047,0.8498126268386841,0.6491772532463074,25.046627044677734
1478,47.01947021484375,-7.602728023529052,1001,1.6249922513961792,0.0003,1,a2c_entropy_low_seed1,-0.8021740913391113,4.855253219604492,0.9205570220947266,-0.586716890335083,18.17514991760254
1478,47.01947021484375,-7.602728023529052,1001,1.2934350967407227,0.0003,1,a2c_entropy_low_seed1,-0.3254813551902771,3.238717555999756,0.8845165967941284,-0.09743870794773102,11.756718635559082
1478,47.01947021484375,-7.602728023529052,1001,0.8145742416381836,0.0003,1,a2c_entropy_low_seed1,-0.6687418222427368,2.9675447940826416,0.9126454591751099,-0.46688079833984375,14.078217506408691
1479,-103.05738830566406,-10.684069118499757,509,187.9852752685547,0.0003,1,a2c_entropy_low_seed1,-1.422277569770813,378.81597900390625,0.8833407163619995,-3.240988254547119,133.01170349121094
1479,-103.05738830566406,-10.684069118499757,509,5.827885627746582,0.0003,1,a2c_entropy_low_seed1,-1.0848345756530762,13.826375007629395,0.9349543452262878,-1.052532434463501,31.749805450439453
1479,-103.05738830566406,-10.684069118499757,509,0.8708387017250061,0.0003,1,a2c_entropy_low_seed1,-0.6462486386299133,3.0351033210754395,0.9286752939224243,-0.5517700910568237,14.263203620910645
1479,-103.05738830566406,-10.684069118499757,509,1.8710129261016846,0.0003,1,a2c_entropy_low_seed1,-0.13481473922729492,4.012596130371094,0.9408843517303467,-0.1189577728509903,5.864365577697754
1479,-103.05738830566406,-10.684069118499757,509,9.598740577697754,0.0003,1,a2c_entropy_low_seed1,0.6359195709228516,17.926578521728516,0.9361841678619385,0.8585116863250732,21.131351470947266
1479,-103.05738830566406,-10.684069118499757,509,1.8424198627471924,0.0003,1,a2c_entropy_low_seed1,0.4804345369338989,2.724883556365967,0.9129730463027954,0.5607882738113403,13.690479278564453
1480,57.68168640136719,-10.07964361190796,1001,2.4663944244384766,0.0003,1,a2c_entropy_low_seed1,-0.36913082003593445,5.672021865844727,0.971551239490509,-0.2781422436237335,14.641037940979004
1480,57.68168640136719,-10.07964361190796,1001,31.26480484008789,0.0003,1,a2c_entropy_low_seed1,-1.1812725067138672,64.89305877685547,0.9048238396644592,-1.965478777885437,51.671085357666016
1480,57.68168640136719,-10.07964361190796,1001,4.634789943695068,0.0003,1,a2c_entropy_low_seed1,0.22463950514793396,8.821144104003906,0.8426567912101746,0.9057660102844238,30.015928268432617
1480,57.68168640136719,-10.07964361190796,1001,8.084985733032227,0.0003,1,a2c_entropy_low_seed1,-0.06433063745498657,16.299335479736328,0.7025285363197327,0.9075292348861694,31.111101150512695
1481,68.2761001586914,-6.978067836761475,1001,4.627578258514404,0.0003,1,a2c_entropy_low_seed1,0.13679958879947662,8.982295989990234,0.739456832408905,0.7307151556015015,26.791561126708984
1483,48.3071174621582,-7.002445659637451,1001,97.13776397705078,0.0003,1,a2c_entropy_low_seed1,1.283947467803955,191.7084197998047,0.796615481376648,3.574894666671753,90.4937515258789
1483,48.3071174621582,-7.002445659637451,1001,3.3231918811798096,0.0003,1,a2c_entropy_low_seed1,0.14343957602977753,6.3603835105896,0.8788302540779114,0.37673813104629517,12.815217018127441
1483,48.3071174621582,-7.002445659637451,1001,1.5528411865234375,0.0003,1,a2c_entropy_low_seed1,-0.7616693377494812,4.62993049621582,0.909265398979187,-0.6338513493537903,18.81441879272461
1483,48.3071174621582,-7.002445659637451,1001,2.5946125984191895,0.0003,1,a2c_entropy_low_seed1,-0.137673020362854,5.465446949005127,0.875561535358429,0.07717108726501465,10.053384780883789
1483,48.3071174621582,-7.002445659637451,1001,5.881009101867676,0.0003,1,a2c_entropy_low_seed1,-0.46642592549324036,12.695696830749512,0.8270853757858276,-0.40501993894577026,16.907245635986328
1483,48.3071174621582,-7.002445659637451,1001,0.8567482829093933,0.0003,1,a2c_entropy_low_seed1,0.06917668879032135,1.5759657621383667,0.822597324848175,0.030111510306596756,5.486185073852539
1484,58.850059509277344,-6.500626430511475,1001,3.2059812545776367,0.0003,1,a2c_entropy_low_seed1,-0.5238466858863831,7.460512161254883,0.8562469482421875,-0.528226912021637,17.61207389831543
1484,58.850059509277344,-6.500626430511475,1001,5.551202774047852,0.0003,1,a2c_entropy_low_seed1,0.5812859535217285,9.940696716308594,0.8626807928085327,0.4814109206199646,22.370296478271484
1485,19.62342643737793,-5.851573524475097,1001,6.9827375411987305,0.0003,1,a2c_entropy_low_seed1,-0.6436355113983154,15.253628730773926,0.8835787773132324,-0.13945922255516052,9.656813621520996
1487,-79.49267578125,-5.057299652099609,295,150.53807067871094,0.0003,1,a2c_entropy_low_seed1,-6.515491008758545,314.1080322265625,0.9260634183883667,-6.2028961181640625,227.06515502929688
1487,-79.49267578125,-5.057299652099609,295,10.362545013427734,0.0003,1,a2c_entropy_low_seed1,-0.07842476665973663,20.882883071899414,0.9437333345413208,0.6670016050338745,36.48760986328125
1487,-79.49267578125,-5.057299652099609,295,4.279567718505859,0.0003,1,a2c_entropy_low_seed1,-0.12211483716964722,8.80427360534668,0.9090933203697205,0.12254464626312256,12.596776008605957
1487,-79.49267578125,-5.057299652099609,295,2.295259952545166,0.0003,1,a2c_entropy_low_seed1,-0.03493717312812805,4.661383628845215,0.9894710779190063,0.0028029605746269226,6.4257893562316895
1487,-79.49267578125,-5.057299652099609,295,8.82227897644043,0.0003,1,a2c_entropy_low_seed1,-1.307053565979004,20.259620666503906,0.9555202722549438,-1.3135712146759033,32.748844146728516
1487,-79.49267578125,-5.057299652099609,295,4.354281425476074,0.0003,1,a2c_entropy_low_seed1,-0.7993055582046509,10.307968139648438,0.7946097254753113,-0.5848028063774109,15.899636268615723
1487,-79.49267578125,-5.057299652099609,295,1.8447768688201904,0.0003,1,a2c_entropy_low_seed1,-0.5207949876785278,4.731927394866943,0.7836138606071472,-0.17063865065574646,14.553409576416016
1487,-79.49267578125,-5.057299652099609,295,2.0979206562042236,0.0003,1,a2c_entropy_low_seed1,-1.3156994581222534,6.828014373779297,0.7738754749298096,-1.1373400688171387,31.547609329223633
1488,-104.44298553466797,-8.711907043457032,718,134.04220581054688,0.0003,1,a2c_entropy_low_seed1,-0.9562619924545288,269.9977111816406,0.7687853574752808,-4.13049840927124,122.65017700195312
1489,55.61131286621094,-4.085509643554688,921,206.34483337402344,0.0003,1,a2c_entropy_low_seed1,-0.9964244365692139,414.683349609375,0.8305677771568298,3.9791982173919678,153.10121154785156
1489,55.61131286621094,-4.085509643554688,921,5.309499263763428,0.0003,1,a2c_entropy_low_seed1,0.7962369918823242,9.027482986450195,0.9580495357513428,0.9452096819877625,26.509578704833984
1489,55.61131286621094,-4.085509643554688,921,5.901311874389648,0.0003,1,a2c_entropy_low_seed1,0.2336742877960205,11.336213111877441,0.9379470944404602,0.22502321004867554,16.47084617614746
1489,55.61131286621094,-4.085509643554688,921,3.4466962814331055,0.0003,1,a2c_entropy_low_seed1,-0.8718774914741516,8.638116836547852,0.9691989421844482,-0.8260098695755005,20.64230728149414
1489,55.61131286621094,-4.085509643554688,921,2.6422605514526367,0.0003,1,a2c_entropy_low_seed1,0.02386665716767311,5.237710952758789,0.9233836531639099,0.17553392052650452,7.859217643737793
1489,55.61131286621094,-4.085509643554688,921,3.140902519226074,0.0003,1,a2c_entropy_low_seed1,-0.9640148282051086,8.210810661315918,0.9761293530464172,-0.9003287553787231,24.089393615722656
1489,55.61131286621094,-4.085509643554688,921,2.8898301124572754,0.0003,1,a2c_entropy_low_seed1,-0.023549385368824005,5.827603340148926,0.8443586826324463,-0.1309441328048706,7.68997049331665
1489,55.61131286621094,-4.085509643554688,921,37.74031066894531,0.0003,1,a2c_entropy_low_seed1,1.6078834533691406,72.26579284667969,0.9408634901046753,1.7775605916976929,41.606788635253906
1489,55.61131286621094,-4.085509643554688,921,5.343157768249512,0.0003,1,a2c_entropy_low_seed1,0.18606999516487122,10.315114974975586,0.9393431544303894,0.24499589204788208,10.526915550231934
1489,55.61131286621094,-4.085509643554688,921,3.411285161972046,0.0003,1,a2c_entropy_low_seed1,-1.3497484922409058,9.523063659667969,0.9961334466934204,-1.3829119205474854,34.91420364379883
1489,55.61131286621094,-4.085509643554688,921,1.9536343812942505,0.0003,1,a2c_entropy_low_seed1,-0.610639214515686,5.129532814025879,0.9855196475982666,-0.7392280697822571,17.261356353759766
1489,55.61131286621094,-4.085509643554688,921,15.661921501159668,0.0003,1,a2c_entropy_low_seed1,0.8662828803062439,29.592138290405273,0.8605093359947205,1.3558409214019775,35.15275192260742
1490,24.5438175201416,0.269919319152832,1001,3.4806714057922363,0.0003,1,a2c_entropy_low_seed1,-0.24183917045593262,7.4458160400390625,0.7946784496307373,0.02425101399421692,10.270025253295898
1491,61.13010025024414,0.8572698593139648,994,100.76873016357422,0.0003,1,a2c_entropy_low_seed1,0.013351179659366608,201.5116729736328,0.9187483787536621,2.177685499191284,80.92210388183594
1491,61.13010025024414,0.8572698593139648,994,17.6551513671875,0.0003,1,a2c_entropy_low_seed1,-0.1795874685049057,35.670387268066406,0.9069564342498779,-0.6231369972229004,32.45977783203125
1491,61.13010025024414,0.8572698593139648,994,13.591551780700684,0.0003,1,a2c_entropy_low_seed1,0.9058805704116821,25.372169494628906,0.8286731243133545,1.8658185005187988,60.24850845336914
1491,61.13010025024414,0.8572698593139648,994,19.862651824951172,0.0003,1,a2c_entropy_low_seed1,0.40264892578125,38.920841217041016,0.8353129625320435,1.407006859779358,37.54155349731445
1492,88.83028411865234,4.0925162887573245,948,189.1074981689453,0.0003,1,a2c_entropy_low_seed1,1.7086937427520752,374.7983703613281,0.7667931318283081,7.287180423736572,211.7833709716797
1493,-110.8935775756836,5.60334041595459,603,108.20734405517578,0.0003,1,a2c_entropy_low_seed1,-4.096401691436768,224.60833740234375,0.8321604132652283,-3.786520481109619,112.13023376464844
1493,-110.8935775756836,5.60334041595459,603,6.466897010803223,0.0003,1,a2c_entropy_low_seed1,0.698986291885376,11.536637306213379,0.816705584526062,0.5759471654891968,21.298307418823242
1493,-110.8935775756836,5.60334041595459,603,7.40826416015625,0.0003,1,a2c_entropy_low_seed1,0.9480859637260437,12.921249389648438,0.8923131227493286,1.115041971206665,39.80891418457031
1494,26.720794677734375,8.860219688415528,1001,9.424602508544922,0.0003,1,a2c_entropy_low_seed1,0.7788928747177124,17.29229736328125,0.877768874168396,0.8578372597694397,27.492298126220703
1496,-139.6653594970703,7.586774711608887,714,198.9678192138672,0.0003,1,a2c_entropy_low_seed1,-0.16469493508338928,398.2657775878906,0.7565204501152039,-5.621704578399658,191.49325561523438
1497,37.9894905090332,8.832454452514648,1001,11.788714408874512,0.0003,1,a2c_entropy_low_seed1,0.7335967421531677,22.11107063293457,0.8361499309539795,1.3448094129562378,39.976478576660156
1497,37.9894905090332,8.832454452514648,1001,3.859891891479492,0.0003,1,a2c_entropy_low_seed1,-0.5793060064315796,8.879283905029297,0.8877498507499695,-0.5728744268417358,16.530071258544922
1497,37.9894905090332,8.832454452514648,1001,6.553610801696777,0.0003,1,a2c_entropy_low_seed1,1.3436930179595947,10.420795440673828,0.9593945145606995,1.5709460973739624,53.735904693603516
1497,37.9894905090332,8.832454452514648,1001,1.2297523021697998,0.0003,1,a2c_entropy_low_seed1,-0.12448325008153915,2.709441661834717,0.970485270023346,0.1333518773317337,8.038212776184082
1497,37.9894905090332,8.832454452514648,1001,0.8558762073516846,0.0003,1,a2c_entropy_low_seed1,-0.7214614748954773,3.1556098461151123,0.9344271421432495,-0.5226932764053345,17.0853214263916
1497,37.9894905090332,8.832454452514648,1001,6.178053855895996,0.0003,1,a2c_entropy_low_seed1,-1.553723931312561,15.464524269104004,0.9690750241279602,-1.449218988418579,39.238834381103516
1498,-86.46747589111328,8.521990127563477,537,123.99531555175781,0.0003,1,a2c_entropy_low_seed1,-0.02539932355284691,248.0423126220703,0.8808721899986267,-2.988088846206665,123.3177261352539
1499,-65.59138488769531,6.625949974060059,564,134.2813262939453,0.0003,1,a2c_entropy_low_seed1,-3.5537939071655273,275.671142578125,0.9033392667770386,-5.835715293884277,155.1501922607422
1499,-65.59138488769531,6.625949974060059,564,10.284974098205566,0.0003,1,a2c_entropy_low_seed1,0.8795880675315857,18.81172752380371,0.9551296234130859,1.163991093635559,44.9719123840332
1499,-65.59138488769531,6.625949974060059,564,6.200821399688721,0.0003,1,a2c_entropy_low_seed1,0.9248286485671997,10.552980422973633,0.9948937296867371,1.3346810340881348,49.04337692260742
1499,-65.59138488769531,6.625949974060059,564,5.182057857513428,0.0003,1,a2c_entropy_low_seed1,-1.260595440864563,12.886251449584961,0.9449570775032043,-1.2474485635757446,33.1115837097168
1499,-65.59138488769531,6.625949974060059,564,9.489632606506348,0.0003,1,a2c_entropy_low_seed1,-0.015987306833267212,19.012109756469727,0.8704404234886169,-0.2541576623916626,12.784366607666016
1499,-65.59138488769531,6.625949974060059,564,4.601809501647949,0.0003,1,a2c_entropy_low_seed1,0.987764835357666,7.229053020477295,0.9630688428878784,1.2198593616485596,31.638282775878906
1499,-65.59138488769531,6.625949974060059,564,1.6263409852981567,0.0003,1,a2c_entropy_low_seed1,-0.4036780595779419,4.060962200164795,0.9241531491279602,-0.10011307895183563,7.388509750366211
1499,-65.59138488769531,6.625949974060059,564,2.4241645336151123,0.0003,1,a2c_entropy_low_seed1,-0.5956290364265442,6.040536880493164,0.9498883485794067,-0.2397850900888443,16.99477195739746
1499,-65.59138488769531,6.625949974060059,564,1.860367774963379,0.0003,1,a2c_entropy_low_seed1,-0.8349717855453491,5.391627311706543,0.9481927752494812,-0.48976194858551025,12.23281478881836
1499,-65.59138488769531,6.625949974060059,564,17.059152603149414,0.0003,1,a2c_entropy_low_seed1,0.6350955963134766,32.84896469116211,0.849433958530426,1.389931321144104,32.69856262207031
1499,-65.59138488769531,6.625949974060059,564,25.0250186920166,0.0003,1,a2c_entropy_low_seed1,0.3212980329990387,49.4083366394043,0.8969624042510986,0.5723052024841309,21.977386474609375
1500,-86.19036102294922,3.9941537857055662,578,123.64844512939453,0.0003,1,a2c_entropy_low_seed1,2.92535400390625,241.44708251953125,0.8998169898986816,1.2536835670471191,71.31122589111328
1500,-86.19036102294922,3.9941537857055662,578,0.4029131531715393,0.0003,1,a2c_entropy_low_seed1,-0.4016247093677521,1.6099759340286255,0.9002204537391663,-0.3834727108478546,11.474010467529297
1500,-86.19036102294922,3.9941537857055662,578,4.667598724365234,0.0003,1,a2c_entropy_low_seed1,-0.03898751735687256,9.41405963897705,0.8865059614181519,0.007279993966221809,15.360418319702148
1501,-171.279296875,-0.5633701705932617,855,103.6633071899414,0.0003,1,a2c_entropy_low_seed1,-0.7440500259399414,208.81552124023438,0.803174614906311,-3.84792423248291,140.89524841308594
1502,-117.01728057861328,-6.2913235092163085,526,253.17779541015625,0.0003,1,a2c_entropy_low_seed1,0.025016656145453453,506.3064270019531,0.8569329977035522,-4.923376083374023,221.77149963378906
1502,-117.01728057861328,-6.2913235092163085,526,14.81287670135498,0.0003,1,a2c_entropy_low_seed1,-0.3694149851799011,30.365320205688477,0.7360984086990356,0.7307295799255371,32.24535369873047
1502,-117.01728057861328,-6.2913235092163085,526,12.359067916870117,0.0003,1,a2c_entropy_low_seed1,1.346635103225708,22.025644302368164,0.7780247330665588,2.0558037757873535,65.5699234008789
1502,-117.01728057861328,-6.2913235092163085,526,1.2648407220840454,0.0003,1,a2c_entropy_low_seed1,-0.5681362748146057,3.6667449474334717,0.7908770442008972,-0.5009749531745911,15.845541000366211
1504,40.59304428100586,-2.391231880187988,1001,59.17698669433594,0.0003,1,a2c_entropy_low_seed1,0.24846938252449036,117.85791778564453,0.8853359818458557,1.0773746967315674,39.0462646484375
1504,40.59304428100586,-2.391231880187988,1001,1.8903627395629883,0.0003,1,a2c_entropy_low_seed1,-0.094757080078125,3.9711601734161377,0.9204939603805542,-0.09985071420669556,5.963857173919678
1504,40.59304428100586,-2.391231880187988,1001,3.251532793045044,0.0003,1,a2c_entropy_low_seed1,-0.2961134612560272,7.096208572387695,0.9161532521247864,-0.29805195331573486,19.05829429626465
1504,40.59304428100586,-2.391231880187988,1001,1.1105985641479492,0.0003,1,a2c_entropy_low_seed1,-0.8245669603347778,3.8712611198425293,0.9300891160964966,-0.8430227041244507,24.659618377685547
1506,29.047666549682617,-1.1216022491455078,1001,5.69450569152832,0.0003,1,a2c_entropy_low_seed1,-0.4008800685405731,12.191695213317871,0.9239265322685242,0.14388296008110046,15.875597953796387
1507,59.65470504760742,1.772161102294922,1001,20.916259765625,0.0003,1,a2c_entropy_low_seed1,0.5646862387657166,40.70397186279297,0.8233581185340881,1.4532301425933838,67.66608428955078
1507,59.65470504760742,1.772161102294922,1001,3.135111093521118,0.0003,1,a2c_entropy_low_seed1,0.5472104549407959,5.1767401695251465,0.9388984441757202,0.7840694189071655,22.401147842407227
1507,59.65470504760742,1.772161102294922,1001,5.92095422744751,0.0003,1,a2c_entropy_low_seed1,0.7220385074615479,10.39881706237793,0.9854575991630554,0.9428552389144897,28.791425704956055
1508,-111.94784545898438,1.4086032104492188,524,176.68890380859375,0.0003,1,a2c_entropy_low_seed1,-0.024708688259124756,353.4280700683594,0.8438339829444885,-4.405766487121582,148.60772705078125
1508,-111.94784545898438,1.4086032104492188,524,1.8621399402618408,0.0003,1,a2c_entropy_low_seed1,-0.29865220189094543,4.322490215301514,0.9060665369033813,0.1353093683719635,6.858759880065918
1508,-111.94784545898438,1.4086032104492188,524,14.386570930480957,0.0003,1,a2c_entropy_low_seed1,-0.5866900682449341,29.947431564331055,0.9103061556816101,-1.2498745918273926,40.823150634765625
1509,-85.97938537597656,3.025162353515625,468,119.4605484008789,0.0003,1,a2c_entropy_low_seed1,-4.055019378662109,247.03187561035156,0.7514007091522217,-3.160005569458008,135.63182067871094
1509,-85.97938537597656,3.025162353515625,468,3.107621431350708,0.0003,1,a2c_entropy_low_seed1,-1.138038158416748,8.492177963256836,0.8585740923881531,-1.0558650493621826,38.19842529296875
1510,130.7528839111328,2.7597088623046875,566,82.22747039794922,0.0003,1,a2c_entropy_low_seed1,-0.47174179553985596,165.3993377685547,0.9143079519271851,0.8470600247383118,53.89284133911133
1510,130.7528839111328,2.7597088623046875,566,5.787338733673096,0.0003,1,a2c_entropy_low_seed1,0.0919790118932724,11.391621589660645,0.9025297164916992,0.3799695372581482,27.57902717590332
1510,130.7528839111328,2.7597088623046875,566,2.612252712249756,0.0003,1,a2c_entropy_low_seed1,0.45835766196250916,4.308716773986816,0.9266725182533264,0.5973544716835022,17.045400619506836
1510,130.7528839111328,2.7597088623046875,566,3.3452470302581787,0.0003,1,a2c_entropy_low_seed1,-1.2661473751068115,9.223767280578613,0.9785966873168945,-1.1624982357025146,30.217578887939453
1510,130.7528839111328,2.7597088623046875,566,2.862959623336792,0.0003,1,a2c_entropy_low_seed1,0.2309100478887558,5.265021324157715,0.9223476052284241,0.47686493396759033,13.540266990661621
1510,130.7528839111328,2.7597088623046875,566,1.705796480178833,0.0003,1,a2c_entropy_low_seed1,-0.06078591197729111,3.5341005325317383,0.9359120726585388,0.11837654560804367,3.441898822784424
1510,130.7528839111328,2.7597088623046875,566,17.190122604370117,0.0003,1,a2c_entropy_low_seed1,1.2225902080535889,31.93599510192871,0.9290137887001038,1.479385495185852,33.38526153564453
1510,130.7528839111328,2.7597088623046875,566,3.5538740158081055,0.0003,1,a2c_entropy_low_seed1,-1.4969556331634521,10.10261058807373,0.9512121677398682,-1.2174327373504639,35.960636138916016
1510,130.7528839111328,2.7597088623046875,566,3.8856568336486816,0.0003,1,a2c_entropy_low_seed1,-0.3739360570907593,8.520132064819336,0.9462366700172424,-0.32958438992500305,14.818918228149414
1510,130.7528839111328,2.7597088623046875,566,2.342766523361206,0.0003,1,a2c_entropy_low_seed1,-0.023933734744787216,4.734282970428467,0.8824901580810547,0.059782370924949646,7.644519805908203
1510,130.7528839111328,2.7597088623046875,566,1.4415026903152466,0.0003,1,a2c_entropy_low_seed1,-0.4096314609050751,3.703176975250244,0.9086808562278748,-0.2520761489868164,7.018373012542725
1511,-128.070068359375,1.0676879119873046,785,181.1652069091797,0.0003,1,a2c_entropy_low_seed1,-2.416680097579956,367.16461181640625,0.8320395350456238,-5.1732892990112305,158.37030029296875
1511,-128.070068359375,1.0676879119873046,785,1.729964017868042,0.0003,1,a2c_entropy_low_seed1,-1.8307952880859375,7.122431755065918,0.9131977558135986,-1.6181334257125854,38.54467010498047
1511,-128.070068359375,1.0676879119873046,785,14.088913917541504,0.0003,1,a2c_entropy_low_seed1,0.3545091450214386,27.469579696655273,0.7715109586715698,0.6493682265281677,19.09170913696289
1511,-128.070068359375,1.0676879119873046,785,8.66631031036377,0.0003,1,a2c_entropy_low_seed1,-0.20688939094543457,17.74714469909668,0.7459137439727783,0.7190729975700378,32.825225830078125
1511,-128.070068359375,1.0676879119873046,785,10.714239120483398,0.0003,1,a2c_entropy_low_seed1,-1.7839772701263428,24.99716567993164,0.7327003479003906,-1.5845364332199097,43.31394958496094
1512,114.10543060302734,0.7886145782470703,804,155.32003784179688,0.0003,1,a2c_entropy_low_seed1,-0.517288088798523,311.67529296875,0.6496959924697876,3.7860910892486572,150.39869689941406
1513,160.965087890625,2.4103586578369143,814,162.33575439453125,0.0003,1,a2c_entropy_low_seed1,1.2367216348648071,322.1986389160156,0.5905792117118835,5.948021411895752,193.18136596679688
1514,106.66064453125,3.268935089111328,857,166.80946350097656,0.0003,1,a2c_entropy_low_seed1,0.15038523077964783,333.31878662109375,0.6267625689506531,4.818737030029297,185.05006408691406
1516,103.07896423339844,11.189697189331055,770,187.04095458984375,0.0003,1,a2c_entropy_low_seed1,0.14976614713668823,373.783203125,0.823483407497406,5.69971227645874,188.78053283691406
1516,103.07896423339844,11.189697189331055,770,25.240066528320312,0.0003,1,a2c_entropy_low_seed1,1.639054536819458,47.20294952392578,0.9278436303138733,1.7386960983276367,54.18532180786133
1516,103.07896423339844,11.189697189331055,770,5.797689914703369,0.0003,1,a2c_entropy_low_seed1,0.9514437913894653,9.69337272644043,0.8798891305923462,1.0305136442184448,30.050569534301758
1516,103.07896423339844,11.189697189331055,770,1.02517831325531,0.0003,1,a2c_entropy_low_seed1,-1.5519832372665405,5.15521764755249,0.8944477438926697,-1.1336846351623535,37.780311584472656
1516,103.07896423339844,11.189697189331055,770,1.3039836883544922,0.0003,1,a2c_entropy_low_seed1,-1.2377517223358154,5.084388732910156,0.9179820418357849,-0.9886379241943359,27.30024528503418
1516,103.07896423339844,11.189697189331055,770,2.3161866664886475,0.0003,1,a2c_entropy_low_seed1,-0.9567394256591797,6.5467448234558105,0.8926598429679871,-0.868581235408783,31.87677764892578
1516,103.07896423339844,11.189697189331055,770,3.3014349937438965,0.0003,1,a2c_entropy_low_seed1,0.08045095205307007,6.442857265472412,0.8895220756530762,0.5201566815376282,13.348488807678223
1516,103.07896423339844,11.189697189331055,770,2.359710454940796,0.0003,1,a2c_entropy_low_seed1,-1.4046339988708496,7.5295915603637695,0.9024575352668762,-1.4415996074676514,44.97077560424805
1516,103.07896423339844,11.189697189331055,770,1.361133337020874,0.0003,1,a2c_entropy_low_seed1,-0.029426485300064087,2.7821106910705566,0.9910826683044434,0.009232670068740845,4.0547051429748535
1516,103.07896423339844,11.189697189331055,770,5.997085094451904,0.0003,1,a2c_entropy_low_seed1,-0.21007703244686127,12.415209770202637,0.8856806755065918,-0.27864161133766174,32.3570671081543
1517,63.019615173339844,10.72565574645996,1001,4.459066867828369,0.0003,1,a2c_entropy_low_seed1,-0.321748286485672,9.562492370605469,0.8625408411026001,-0.08358487486839294,15.65018367767334
1517,63.019615173339844,10.72565574645996,1001,3.773627996444702,0.0003,1,a2c_entropy_low_seed1,-0.43142300844192505,8.410930633544922,0.8285909295082092,0.12173424661159515,15.01573657989502
1518,-25.56725311279297,9.602431716918945,1001,7.197788715362549,0.0003,1,a2c_entropy_low_seed1,0.6364976167678833,13.123509407043457,0.926583468914032,0.9243073463439941,26.86673927307129
1519,-75.66181182861328,9.497336044311524,476,139.40252685546875,0.0003,1,a2c_entropy_low_seed1,-3.45074462890625,285.7073669433594,0.8321172595024109,-4.135950088500977,125.26837921142578
1519,-75.66181182861328,9.497336044311524,476,11.524802207946777,0.0003,1,a2c_entropy_low_seed1,0.9080896377563477,21.23424530029297,0.8198798894882202,1.1547882556915283,40.64576721191406
1519,-75.66181182861328,9.497336044311524,476,15.395830154418945,0.0003,1,a2c_entropy_low_seed1,1.294727087020874,28.203083038330078,0.8770548105239868,1.9827135801315308,57.686859130859375
1520,100.4486312866211,10.513699340820313,780,166.6266632080078,0.0003,1,a2c_entropy_low_seed1,0.09268411993980408,333.06878662109375,0.8186483979225159,5.185450077056885,200.66944885253906
1520,100.4486312866211,10.513699340820313,780,2.9875946044921875,0.0003,1,a2c_entropy_low_seed1,-0.39315491914749146,6.76246452331543,0.9656652212142944,-0.3971345126628876,12.00206184387207
1520,100.4486312866211,10.513699340820313,780,5.337917327880859,0.0003,1,a2c_entropy_low_seed1,-0.29007840156555176,11.256962776184082,0.9708456993103027,-0.36992520093917847,13.143905639648438
1520,100.4486312866211,10.513699340820313,780,4.706414222717285,0.0003,1,a2c_entropy_low_seed1,0.013818711042404175,9.386005401611328,0.8148196339607239,0.7987973093986511,26.863157272338867
1520,100.4486312866211,10.513699340820313,780,3.8385205268859863,0.0003,1,a2c_entropy_low_seed1,-0.7577844858169556,9.193464279174805,0.854432225227356,-0.5928751826286316,16.857088088989258
1522,-54.46544647216797,12.08833641052246,351,240.84548950195312,0.0003,1,a2c_entropy_low_seed1,-4.049708366394043,489.79119873046875,0.7961438894271851,-1.4858911037445068,161.59181213378906
1523,96.15979766845703,13.936121520996094,721,159.052978515625,0.0003,1,a2c_entropy_low_seed1,0.6385580897331238,316.8296203613281,0.7997716665267944,5.071781635284424,181.66368103027344
1524,-154.906005859375,8.38861068725586,833,113.38937377929688,0.0003,1,a2c_entropy_low_seed1,1.3713653087615967,224.036865234375,0.8585993051528931,-1.2094731330871582,117.37442779541016
1524,-154.906005859375,8.38861068725586,833,17.337974548339844,0.0003,1,a2c_entropy_low_seed1,1.5906927585601807,31.495397567749023,0.834248423576355,1.3968608379364014,30.935867309570312
1524,-154.906005859375,8.38861068725586,833,4.767568111419678,0.0003,1,a2c_entropy_low_seed1,0.21455393731594086,9.106955528259277,0.9269919395446777,0.46970224380493164,27.41878890991211
1524,-154.906005859375,8.38861068725586,833,2.083914279937744,0.0003,1,a2c_entropy_low_seed1,-0.4307505488395691,5.030238628387451,0.9086279273033142,-0.27436915040016174,8.349085807800293
1524,-154.906005859375,8.38861068725586,833,1.80680513381958,0.0003,1,a2c_entropy_low_seed1,-1.3193094730377197,6.253168106079102,0.9388930201530457,-1.1119362115859985,33.711753845214844
1524,-154.906005859375,8.38861068725586,833,2.0893712043762207,0.0003,1,a2c_entropy_low_seed1,-0.16228535771369934,4.504251956939697,0.9389140605926514,-0.028830833733081818,11.629878044128418
1524,-154.906005859375,8.38861068725586,833,1.2496634721755981,0.0003,1,a2c_entropy_low_seed1,-0.8263976573944092,4.15309476852417,0.9725078344345093,-0.8889419436454773,21.6641845703125
1524,-154.906005859375,8.38861068725586,833,9.306903839111328,0.0003,1,a2c_entropy_low_seed1,-0.8189768195152283,20.252609252929688,0.8483467102050781,0.0187872052192688,17.09565544128418
1525,29.871429443359375,8.628748626708985,1001,1.5916428565979004,0.0003,1,a2c_entropy_low_seed1,-1.2346529960632324,5.65347957611084,0.8878212571144104,-1.0605239868164062,31.264997482299805
1526,-116.64874267578125,8.232886657714843,659,186.86727905273438,0.0003,1,a2c_entropy_low_seed1,-3.171241283416748,380.07781982421875,0.8043745756149292,-6.8175272941589355,204.84805297851562
1527,150.06350708007812,8.361773986816406,647,150.88783264160156,0.0003,1,a2c_entropy_low_seed1,0.7678627967834473,300.2407531738281,0.8338781595230103,5.70817756652832,185.89186096191406
1527,150.06350708007812,8.361773986816406,647,4.729828834533691,0.0003,1,a2c_entropy_low_seed1,-0.5637483596801758,10.5880765914917,0.9223962426185608,-0.27584126591682434,20.34728240966797
1527,150.06350708007812,8.361773986816406,647,10.01385498046875,0.0003,1,a2c_entropy_low_seed1,0.7123287916183472,18.603952407836914,0.9003399610519409,1.2798736095428467,31.70248031616211
1527,150.06350708007812,8.361773986816406,647,3.010242462158203,0.0003,1,a2c_entropy_low_seed1,-0.17574748396873474,6.372768878936768,0.7892095446586609,0.5629319548606873,21.746814727783203
1528,128.9292755126953,9.999970092773438,664,172.91964721679688,0.0003,1,a2c_entropy_low_seed1,-0.03917190432548523,345.91845703125,0.8302556872367859,5.486016750335693,216.17996215820312
1528,128.9292755126953,9.999970092773438,664,24.813344955444336,0.0003,1,a2c_entropy_low_seed1,1.0674315690994263,47.49275207519531,0.9280991554260254,1.2854750156402588,31.341442108154297
1528,128.9292755126953,9.999970092773438,664,2.8535633087158203,0.0003,1,a2c_entropy_low_seed1,0.1026436910033226,5.50275993347168,0.9208301305770874,0.3428782522678375,13.309502601623535
1528,128.9292755126953,9.999970092773438,664,34.2379150390625,0.0003,1,a2c_entropy_low_seed1,-1.8744856119155884,72.22571563720703,0.9146888852119446,-2.408198356628418,75.2371597290039
1530,-109.08210754394531,5.4199832153320315,582,275.60784912109375,0.0003,1,a2c_entropy_low_seed1,-2.2167372703552246,555.6498413085938,0.7007591128349304,-8.07884693145752,272.3740539550781
1530,-109.08210754394531,5.4199832153320315,582,9.510309219360352,0.0003,1,a2c_entropy_low_seed1,1.1238601207733154,16.773658752441406,0.7604144811630249,2.3260297775268555,62.65229415893555
1530,-109.08210754394531,5.4199832153320315,582,6.851339340209961,0.0003,1,a2c_entropy_low_seed1,0.02901846170425415,13.645505905151367,0.8643451929092407,0.9067575335502625,38.205387115478516
1530,-109.08210754394531,5.4199832153320315,582,4.088305950164795,0.0003,1,a2c_entropy_low_seed1,0.09372904896736145,7.990050315856934,0.8965702056884766,0.5555633306503296,23.092517852783203
1530,-109.08210754394531,5.4199832153320315,582,4.094455718994141,0.0003,1,a2c_entropy_low_seed1,-0.4295658469200134,9.04899787902832,0.954240083694458,-0.34207630157470703,28.277482986450195
1530,-109.08210754394531,5.4199832153320315,582,1.7333197593688965,0.0003,1,a2c_entropy_low_seed1,-0.14511482417583466,3.75773286819458,0.8638065457344055,0.02790054678916931,8.763035774230957
1530,-109.08210754394531,5.4199832153320315,582,0.9475833773612976,0.0003,1,a2c_entropy_low_seed1,-0.6883503198623657,3.2727015018463135,0.8341496586799622,-0.48729297518730164,12.238210678100586
1530,-109.08210754394531,5.4199832153320315,582,1.356986165046692,0.0003,1,a2c_entropy_low_seed1,0.04060044884681702,2.633694648742676,0.9231534004211426,0.09763084352016449,5.978853702545166
1530,-109.08210754394531,5.4199832153320315,582,13.968838691711426,0.0003,1,a2c_entropy_low_seed1,-0.6271679997444153,29.192893981933594,0.8812305927276611,-0.06801113486289978,11.048136711120605
1530,-109.08210754394531,5.4199832153320315,582,0.3669758439064026,0.0003,1,a2c_entropy_low_seed1,-0.8852767944335938,2.505380392074585,0.875118613243103,-0.8565824031829834,21.686737060546875
1530,-109.08210754394531,5.4199832153320315,582,12.858759880065918,0.0003,1,a2c_entropy_low_seed1,0.2512211799621582,25.215837478637695,0.76119464635849,1.2665034532546997,37.156761169433594
1530,-109.08210754394531,5.4199832153320315,582,10.577096939086914,0.0003,1,a2c_entropy_low_seed1,0.7575485110282898,19.63987159729004,0.7739641070365906,0.78248131275177,19.65868377685547
1533,51.655452728271484,5.502399826049805,1001,112.00816345214844,0.0003,1,a2c_entropy_low_seed1,-0.9590603709220886,225.93521118164062,0.7565222382545471,0.39292773604393005,53.9721794128418
1534,-88.41004943847656,2.5571976470947266,522,23.552104949951172,0.0003,1,a2c_entropy_low_seed1,-0.4486863315105438,48.00239562988281,0.8108733892440796,-0.9496058821678162,29.743440628051758
1534,-88.41004943847656,2.5571976470947266,522,8.120375633239746,0.0003,1,a2c_entropy_low_seed1,-0.1652033030986786,16.57201385498047,0.8557628989219666,0.2501554489135742,35.497154235839844
1535,174.5387725830078,5.6555045700073245,729,137.31971740722656,0.0003,1,a2c_entropy_low_seed1,1.1267781257629395,272.3866882324219,0.8258522748947144,4.453122138977051,147.71298217773438
1535,174.5387725830078,5.6555045700073245,729,3.6356685161590576,0.0003,1,a2c_entropy_low_seed1,-1.1306453943252563,9.533613204956055,0.98572838306427,-1.2238562107086182,39.78676223754883
1536,-51.44884490966797,4.193434448242187,536,76.7516860961914,0.0003,1,a2c_entropy_low_seed1,-3.108258008956909,159.72084045410156,0.9461208581924438,-2.4304535388946533,64.87181854248047
1536,-51.44884490966797,4.193434448242187,536,5.594560146331787,0.0003,1,a2c_entropy_low_seed1,-0.1611773520708084,11.51236343383789,0.8883920907974243,-0.13445258140563965,14.16042709350586
1536,-51.44884490966797,4.193434448242187,536,4.579115867614746,0.0003,1,a2c_entropy_low_seed1,-0.8524674773216248,10.864006996154785,0.8401015996932983,-1.0054681301116943,29.910982131958008
1536,-51.44884490966797,4.193434448242187,536,7.882579326629639,0.0003,1,a2c_entropy_low_seed1,-0.5619320273399353,16.889799118041992,0.7758715152740479,-1.0824267864227295,34.54643249511719
1536,-51.44884490966797,4.193434448242187,536,6.667638778686523,0.0003,1,a2c_entropy_low_seed1,-1.1475770473480225,15.631304740905762,0.8738223910331726,-0.36762964725494385,34.024593353271484
1538,124.06285095214844,11.72419464111328,704,153.08901977539062,0.0003,1,a2c_entropy_low_seed1,-0.6727508306503296,307.52435302734375,0.8234918713569641,4.070573806762695,182.7202911376953
1538,124.06285095214844,11.72419464111328,704,4.987124443054199,0.0003,1,a2c_entropy_low_seed1,-0.875026285648346,11.72522258758545,0.9209379553794861,-0.9825520515441895,28.385238647460938
1538,124.06285095214844,11.72419464111328,704,9.596611022949219,0.0003,1,a2c_entropy_low_seed1,0.6472674608230591,17.89959716796875,0.90895015001297,1.0075050592422485,56.830657958984375
1538,124.06285095214844,11.72419464111328,704,3.3888633251190186,0.0003,1,a2c_entropy_low_seed1,0.41672882437705994,5.945204734802246,0.9353481531143188,0.6108749508857727,29.49886703491211
1538,124.06285095214844,11.72419464111328,704,4.418372631072998,0.0003,1,a2c_entropy_low_seed1,0.7124484181404114,7.412808895111084,0.9600517749786377,0.9047202467918396,33.049713134765625
1538,124.06285095214844,11.72419464111328,704,2.6308329105377197,0.0003,1,a2c_entropy_low_seed1,-2.085653066635132,9.433877944946289,0.9059151411056519,-2.030998945236206,56.5350341796875
1539,-118.06546020507812,8.2506591796875,492,107.85186004638672,0.0003,1,a2c_entropy_low_seed1,-4.20485782623291,224.11427307128906,0.8459344506263733,-4.135244369506836,108.53125762939453
1539,-118.06546020507812,8.2506591796875,492,5.231306552886963,0.0003,1,a2c_entropy_low_seed1,0.2808666229248047,9.901662826538086,0.7829611301422119,0.7440928816795349,26.589942932128906
1539,-118.06546020507812,8.2506591796875,492,4.702017784118652,0.0003,1,a2c_entropy_low_seed1,-1.1936635971069336,11.792169570922852,0.8066288232803345,-0.8563201427459717,28.109020233154297
1540,149.56626892089844,10.751108207702636,603,147.77127075195312,0.0003,1,a2c_entropy_low_seed1,0.4449092447757721,294.6535339355469,0.825805127620697,5.748969554901123,202.24880981445312
1540,149.56626892089844,10.751108207702636,603,5.899206638336182,0.0003,1,a2c_entropy_low_seed1,-0.3513890504837036,12.502100944519043,0.9095258712768555,-0.019566655158996582,28.42215347290039
1540,149.56626892089844,10.751108207702636,603,7.491883277893066,0.0003,1,a2c_entropy_low_seed1,-0.10374072194099426,15.192251205444336,1.0034135580062866,-0.04561604559421539,17.590620040893555
1540,149.56626892089844,10.751108207702636,603,4.057498931884766,0.0003,1,a2c_entropy_low_seed1,0.3138808608055115,7.4882307052612305,0.9947971701622009,0.5253524780273438,27.328468322753906
1540,149.56626892089844,10.751108207702636,603,9.001729011535645,0.0003,1,a2c_entropy_low_seed1,-0.80436772108078,19.61318588256836,0.992489755153656,-0.7182819843292236,18.01180076599121
1540,149.56626892089844,10.751108207702636,603,4.6131134033203125,0.0003,1,a2c_entropy_low_seed1,-0.3422585725784302,9.911725997924805,0.9819021821022034,-0.28389108180999756,18.75808334350586
1540,149.56626892089844,10.751108207702636,603,2.626692295074463,0.0003,1,a2c_entropy_low_seed1,0.17829792201519012,4.897791385650635,1.002729058265686,0.06119722127914429,14.148465156555176
1541,-108.73973083496094,7.353711585998536,685,160.81967163085938,0.0003,1,a2c_entropy_low_seed1,-2.2976455688476562,326.23553466796875,0.922434389591217,-5.177398681640625,155.13534545898438
1541,-108.73973083496094,7.353711585998536,685,3.6972525119781494,0.0003,1,a2c_entropy_low_seed1,-0.6899207830429077,8.775278091430664,0.9314453601837158,-0.3103027939796448,16.210298538208008
1541,-108.73973083496094,7.353711585998536,685,13.259592056274414,0.0003,1,a2c_entropy_low_seed1,-0.5928504467010498,27.705759048461914,0.8729530572891235,0.5078437328338623,19.622291564941406
1541,-108.73973083496094,7.353711585998536,685,4.311499118804932,0.0003,1,a2c_entropy_low_seed1,-0.881164014339447,10.386185646057129,0.8592237234115601,-0.5909501314163208,25.49048614501953
1542,-119.74736785888672,3.182158546447754,462,124.42819213867188,0.0003,1,a2c_entropy_low_seed1,-3.4145312309265137,255.68618774414062,0.7427846789360046,-2.8418455123901367,119.37285614013672
1544,-94.1559066772461,2.9162854385375976,1001,74.95916748046875,0.0003,1,a2c_entropy_low_seed1,0.5638960003852844,148.7913360595703,0.7883711457252502,2.279805898666382,70.61219787597656
1545,147.9957733154297,6.668955192565918,703,144.13470458984375,0.0003,1,a2c_entropy_low_seed1,-0.5412797927856445,289.3528137207031,0.8462207317352295,3.9822802543640137,154.7859649658203
1545,147.9957733154297,6.668955192565918,703,39.52085876464844,0.0003,1,a2c_entropy_low_seed1,-0.5592913031578064,80.16114807128906,0.8449192047119141,-1.6479878425598145,62.51466369628906
1546,26.406612396240234,9.990394630432128,1001,21.321687698364258,0.0003,1,a2c_entropy_low_seed1,0.7654131054878235,41.113258361816406,0.7090895175933838,2.568986415863037,85.45545959472656
1546,26.406612396240234,9.990394630432128,1001,4.364967346191406,0.0003,1,a2c_entropy_low_seed1,-0.38670384883880615,9.504104614257812,0.7620963454246521,-0.10267993807792664,16.44074058532715
1547,120.10098266601562,11.632624473571777,854,162.66285705566406,0.0003,1,a2c_entropy_low_seed1,0.33685317635536194,324.6528625488281,0.8486290574073792,5.8869829177856445,224.9339599609375
1547,120.10098266601562,11.632624473571777,854,1.962114930152893,0.0003,1,a2c_entropy_low_seed1,-0.8417664170265198,5.60868501663208,0.9224188327789307,-0.7444736957550049,23.241376876831055
1547,120.10098266601562,11.632624473571777,854,1.7654449939727783,0.0003,1,a2c_entropy_low_seed1,-0.27122050523757935,4.074223518371582,0.8927580714225769,-0.14072956144809723,9.110790252685547
1547,120.10098266601562,11.632624473571777,854,2.0332062244415283,0.0003,1,a2c_entropy_low_seed1,-0.519984245300293,5.107334136962891,0.9533951878547668,-0.3671413064002991,13.277503967285156
1547,120.10098266601562,11.632624473571777,854,21.741043090820312,0.0003,1,a2c_entropy_low_seed1,-0.04288099706172943,43.56865310668945,0.8052661418914795,1.1291215419769287,38.76443862915039
1547,120.10098266601562,11.632624473571777,854,5.276187896728516,0.0003,1,a2c_entropy_low_seed1,-0.7453099489212036,12.043869018554688,0.8735378384590149,-1.7057437896728516,46.774688720703125
1547,120.10098266601562,11.632624473571777,854,1.5235686302185059,0.0003,1,a2c_entropy_low_seed1,-1.0493407249450684,5.146706581115723,0.8878731727600098,-0.7081688642501831,27.805450439453125
1548,148.5028076171875,16.332030143737793,767,170.05569458007812,0.0003,1,a2c_entropy_low_seed1,0.13072942197322845,339.85076904296875,0.8335691690444946,5.409391403198242,191.94261169433594
1548,148.5028076171875,16.332030143737793,767,3.480644464492798,0.0003,1,a2c_entropy_low_seed1,0.30645108222961426,6.349333763122559,0.9469886422157288,0.7230267524719238,24.60430145263672
1549,-25.78736114501953,17.128110618591307,423,114.12865447998047,0.0003,1,a2c_entropy_low_seed1,-1.3145376443862915,230.88731384277344,0.933029294013977,-2.8917768001556396,105.27047729492188
1549,-25.78736114501953,17.128110618591307,423,5.852212429046631,0.0003,1,a2c_entropy_low_seed1,1.0911178588867188,9.523117065429688,0.9282048344612122,1.5438411235809326,50.48674774169922
1549,-25.78736114501953,17.128110618591307,423,39.007816314697266,0.0003,1,a2c_entropy_low_seed1,2.0088772773742676,73.9987564086914,0.8808957934379578,2.372490167617798,46.15427780151367
1550,-99.14900970458984,16.868937644958496,545,98.08191680908203,0.0003,1,a2c_entropy_low_seed1,-0.5036433339118958,197.17201232910156,0.881433367729187,-1.1009879112243652,84.1426773071289
1550,-99.14900970458984,16.868937644958496,545,1.5800752639770508,0.0003,1,a2c_entropy_low_seed1,-0.7181016206741333,4.597266674041748,0.9129958152770996,-0.7711616158485413,19.580341339111328
1550,-99.14900970458984,16.868937644958496,545,32.73174285888672,0.0003,1,a2c_entropy_low_seed1,1.662706732749939,62.139015197753906,0.943162739276886,2.1788079738616943,50.87630081176758
1550,-99.14900970458984,16.868937644958496,545,0.7831135392189026,0.0003,1,a2c_entropy_low_seed1,-0.6842014789581299,2.9355218410491943,0.8918141722679138,-0.4992329180240631,19.40129852294922
1550,-99.14900970458984,16.868937644958496,545,1.5190815925598145,0.0003,1,a2c_entropy_low_seed1,-0.7656106948852539,4.570265769958496,0.8812383413314819,-0.777489423751831,26.231863021850586
1550,-99.14900970458984,16.868937644958496,545,0.5325481295585632,0.0003,1,a2c_entropy_low_seed1,-1.233957290649414,3.5338847637176514,0.8739098310470581,-1.1257832050323486,31.451679229736328
1550,-99.14900970458984,16.868937644958496,545,1.9058270454406738,0.0003,1,a2c_entropy_low_seed1,-0.17546382546424866,4.163493633270264,0.9118872880935669,-0.2656821608543396,15.573832511901855
1550,-99.14900970458984,16.868937644958496,545,28.02231788635254,0.0003,1,a2c_entropy_low_seed1,1.6577397584915161,52.72999954223633,0.8446357846260071,1.3106471300125122,32.880882263183594
1550,-99.14900970458984,16.868937644958496,545,1.418614149093628,0.0003,1,a2c_entropy_low_seed1,-1.0617597103118896,4.961605072021484,0.8573927283287048,-1.0912975072860718,37.0612678527832
1551,56.36314392089844,21.421786460876465,1001,2.90291428565979,0.0003,1,a2c_entropy_low_seed1,-0.9828540682792664,7.772396087646484,0.8591806292533875,-0.9312129616737366,28.640539169311523
1551,56.36314392089844,21.421786460876465,1001,2.0035061836242676,0.0003,1,a2c_entropy_low_seed1,-1.2331234216690063,6.474146366119385,0.8870683908462524,-1.2180001735687256,36.63742446899414
1551,56.36314392089844,21.421786460876465,1001,2.1149561405181885,0.0003,1,a2c_entropy_low_seed1,0.2516021430492401,3.7276253700256348,0.9175567030906677,0.3230857849121094,15.49039363861084
1551,56.36314392089844,21.421786460876465,1001,0.8131765723228455,0.0003,1,a2c_entropy_low_seed1,-0.8019919395446777,3.2312278747558594,0.890874981880188,-0.6130732893943787,19.076452255249023
1551,56.36314392089844,21.421786460876465,1001,36.25337219238281,0.0003,1,a2c_entropy_low_seed1,-1.9793024063110352,76.46619415283203,0.8468154668807983,-2.8674368858337402,81.8810043334961
1553,37.51673889160156,23.232777061462404,1001,16.63220977783203,0.0003,1,a2c_entropy_low_seed1,0.11733800917863846,33.0305061340332,0.762555718421936,1.396256446838379,58.77378463745117
1553,37.51673889160156,23.232777061462404,1001,44.339935302734375,0.0003,1,a2c_entropy_low_seed1,-0.41826337575912476,89.51710510253906,0.7081719636917114,-0.18035811185836792,34.734130859375
1553,37.51673889160156,23.232777061462404,1001,7.262355327606201,0.0003,1,a2c_entropy_low_seed1,-0.32899704575538635,15.183424949645996,0.7195568084716797,1.138372778892517,47.071510314941406
1554,27.696876525878906,22.974853706359863,993,206.5887451171875,0.0003,1,a2c_entropy_low_seed1,-0.021768420934677124,413.2216796875,0.6420939564704895,6.497526168823242,252.81483459472656
1554,27.696876525878906,22.974853706359863,993,34.440494537353516,0.0003,1,a2c_entropy_low_seed1,1.2011100053787231,66.4794692993164,0.6990617513656616,2.294952392578125,54.5970573425293
1554,27.696876525878906,22.974853706359863,993,4.500485897064209,0.0003,1,a2c_entropy_low_seed1,0.7535655498504639,7.494556427001953,0.7166427969932556,0.9983094930648804,25.87064552307129
1555,77.99492645263672,23.01213062286377,1001,4.0458903312683105,0.0003,1,a2c_entropy_low_seed1,-0.5249263644218445,9.142290115356445,0.6572149991989136,-0.7153154611587524,29.2349910736084
1556,137.8586883544922,25.18835105895996,688,161.56739807128906,0.0003,1,a2c_entropy_low_seed1,1.0101802349090576,321.1152038574219,0.7566962838172913,6.431227207183838,218.34890747070312
1556,137.8586883544922,25.18835105895996,688,15.509312629699707,0.0003,1,a2c_entropy_low_seed1,-0.29118990898132324,31.60175132751465,0.7466545701026917,0.33056163787841797,44.5911865234375
1557,-123.16659545898438,21.531925048828125,819,120.1089096069336,0.0003,1,a2c_entropy_low_seed1,0.6762329339981079,238.8660430908203,0.6790996193885803,-1.7246450185775757,118.63780212402344
1557,-123.16659545898438,21.531925048828125,819,1.4767796993255615,0.0003,1,a2c_entropy_low_seed1,-0.30583348870277405,3.5660762786865234,0.8498893976211548,-0.28866147994995117,11.723542213439941
1557,-123.16659545898438,21.531925048828125,819,1.702392578125,0.0003,1,a2c_entropy_low_seed1,-0.21432186663150787,3.834247350692749,0.8185056447982788,-0.01682257652282715,11.94832706451416
1557,-123.16659545898438,21.531925048828125,819,1.7220380306243896,0.0003,1,a2c_entropy_low_seed1,-0.020265698432922363,3.485431671142578,0.8243013620376587,0.15480811893939972,8.045553207397461
1558,25.30518913269043,24.276985740661623,1001,32.389305114746094,0.0003,1,a2c_entropy_low_seed1,1.3565731048583984,62.066349029541016,0.8851988315582275,1.477752923965454,43.64474105834961
1558,25.30518913269043,24.276985740661623,1001,12.759321212768555,0.0003,1,a2c_entropy_low_seed1,0.7391996383666992,24.04114532470703,0.9014559388160706,1.205288052558899,42.9454231262207
1558,25.30518913269043,24.276985740661623,1001,2.4440720081329346,0.0003,1,a2c_entropy_low_seed1,-0.7897170782089233,6.468469142913818,0.8913623094558716,-0.784919023513794,19.945932388305664
1559,-62.00396728515625,24.756494102478026,532,165.30490112304688,0.0003,1,a2c_entropy_low_seed1,-3.8852689266204834,338.3811950683594,0.8440766930580139,-6.413506984710693,182.1875762939453
1559,-62.00396728515625,24.756494102478026,532,9.202563285827637,0.0003,1,a2c_entropy_low_seed1,-0.05681445449590683,18.519535064697266,0.7810298204421997,1.0228079557418823,42.371925354003906
1559,-62.00396728515625,24.756494102478026,532,7.300108432769775,0.0003,1,a2c_entropy_low_seed1,0.2107420563697815,14.179510116577148,0.7771594524383545,0.8365817070007324,32.18120193481445
1560,99.25199127197266,24.126476249694825,634,176.38052368164062,0.0003,1,a2c_entropy_low_seed1,0.9081907868385315,350.9454650878906,0.7890647649765015,6.3885955810546875,212.00030517578125
1561,-101.86067199707031,24.650664176940918,545,189.1865234375,0.0003,1,a2c_entropy_low_seed1,-1.7015126943588257,381.77691650390625,0.8464564085006714,-5.395009994506836,167.73660278320312
1561,-101.86067199707031,24.650664176940918,545,3.0292913913726807,0.0003,1,a2c_entropy_low_seed1,0.6832900643348694,4.692935943603516,0.9329531192779541,0.9422746896743774,29.271774291992188
1561,-101.86067199707031,24.650664176940918,545,2.2520217895507812,0.0003,1,a2c_entropy_low_seed1,-0.5544276237487793,5.6138129234313965,0.9140187501907349,-0.41816699504852295,19.10446548461914
1561,-101.86067199707031,24.650664176940918,545,3.0956177711486816,0.0003,1,a2c_entropy_low_seed1,0.6050377488136292,4.982099533081055,0.9394123554229736,0.825812041759491,25.446386337280273
1561,-101.86067199707031,24.650664176940918,545,1.6884135007858276,0.0003,1,a2c_entropy_low_seed1,-0.542422354221344,4.462562561035156,0.890918493270874,-0.29222527146339417,8.475680351257324
1561,-101.86067199707031,24.650664176940918,545,1.5218185186386108,0.0003,1,a2c_entropy_low_seed1,-1.4274661540985107,5.899496555328369,0.9271838068962097,-1.3342373371124268,38.5280876159668
1561,-101.86067199707031,24.650664176940918,545,33.285404205322266,0.0003,1,a2c_entropy_low_seed1,1.1165781021118164,64.33853149414062,0.8806790113449097,1.225527048110962,39.92977523803711
1562,51.67353057861328,23.402026176452637,1001,3.276559829711914,0.0003,1,a2c_entropy_low_seed1,-0.6583168506622314,7.870628833770752,0.8754366040229797,-0.3612557649612427,11.542205810546875
1562,51.67353057861328,23.402026176452637,1001,21.310192108154297,0.0003,1,a2c_entropy_low_seed1,0.6038463711738586,41.4135627746582,0.8682940602302551,1.3393890857696533,37.78842544555664
1562,51.67353057861328,23.402026176452637,1001,1.5116294622421265,0.0003,1,a2c_entropy_low_seed1,-0.19735676050186157,3.4189250469207764,0.9525306820869446,-0.06443729996681213,6.8459038734436035
1562,51.67353057861328,23.402026176452637,1001,2.7510597705841064,0.0003,1,a2c_entropy_low_seed1,-0.8968439698219299,7.296777725219727,0.9702358245849609,-0.8454325199127197,21.3101863861084
1562,51.67353057861328,23.402026176452637,1001,0.7884023189544678,0.0003,1,a2c_entropy_low_seed1,-0.8222954273223877,3.222330331802368,0.9348704814910889,-0.6251310706138611,16.95918846130371
1562,51.67353057861328,23.402026176452637,1001,6.737281322479248,0.0003,1,a2c_entropy_low_seed1,0.7963213920593262,11.882827758789062,0.9078904986381531,1.1369786262512207,29.19198226928711
1562,51.67353057861328,23.402026176452637,1001,2.8567779064178467,0.0003,1,a2c_entropy_low_seed1,0.21685975790023804,5.28066349029541,0.8274543881416321,0.6706026792526245,18.473478317260742
1563,114.69103240966797,22.476545066833495,841,113.77301025390625,0.0003,1,a2c_entropy_low_seed1,-0.1280703991651535,227.8030242919922,0.8765898942947388,2.6649200916290283,101.66881561279297
1563,114.69103240966797,22.476545066833495,841,10.321879386901855,0.0003,1,a2c_entropy_low_seed1,-0.7255104184150696,22.09564971923828,0.8702412247657776,-1.1159393787384033,34.02312469482422
1564,-82.91680908203125,18.68499599456787,614,149.1141815185547,0.0003,1,a2c_entropy_low_seed1,0.44997960329055786,297.3292236328125,0.8187211155891418,-1.8475940227508545,106.42443084716797
1566,9.147320747375488,13.31983793258667,1001,122.07909393310547,0.0003,1,a2c_entropy_low_seed1,2.205237865447998,239.7484893798828,0.7745305895805359,-0.17344103753566742,90.8511962890625
1566,9.147320747375488,13.31983793258667,1001,3.736407995223999,0.0003,1,a2c_entropy_low_seed1,0.5778124332427979,6.318108081817627,0.917048454284668,0.6709705591201782,20.186859130859375
1567,-107.4936294555664,9.909573040008546,606,208.5457000732422,0.0003,1,a2c_entropy_low_seed1,-0.6867364645004272,418.4656982421875,0.823661208152771,-5.8740410804748535,198.9415740966797
1568,96.70064544677734,12.354931011199952,1001,5.535290241241455,0.0003,1,a2c_entropy_low_seed1,-0.2604556977748871,11.592329025268555,0.8373674750328064,-0.09370051324367523,8.147316932678223
1568,96.70064544677734,12.354931011199952,1001,2.976433277130127,0.0003,1,a2c_entropy_low_seed1,0.30641812086105347,5.340906143188477,0.8761334419250488,0.3185173571109772,14.893484115600586
1568,96.70064544677734,12.354931011199952,1001,1.2688616514205933,0.0003,1,a2c_entropy_low_seed1,-0.09087283909320831,2.7204127311706543,0.9437447786331177,0.048587456345558167,7.386017799377441
1568,96.70064544677734,12.354931011199952,1001,1.7251144647598267,0.0003,1,a2c_entropy_low_seed1,-0.346920371055603,4.144970893859863,0.9011173248291016,-0.15610235929489136,11.519426345825195
1569,42.58860778808594,14.719939403533935,1001,44.002593994140625,0.0003,1,a2c_entropy_low_seed1,1.1929893493652344,85.62005615234375,0.848604142665863,2.22859787940979,78.87808227539062
1570,152.33529663085938,15.757672710418701,600,159.34140014648438,0.0003,1,a2c_entropy_low_seed1,-0.40309274196624756,319.4898376464844,0.8615427613258362,5.070803165435791,192.98374938964844
1570,152.33529663085938,15.757672710418701,600,1.8537373542785645,0.0003,1,a2c_entropy_low_seed1,-0.5489346385002136,4.80626106262207,0.9169923067092896,-0.39963188767433167,17.025066375732422
1570,152.33529663085938,15.757672710418701,600,0.8256862163543701,0.0003,1,a2c_entropy_low_seed1,-0.8807656168937683,3.4138731956481934,0.9695658087730408,-0.8257787823677063,24.759504318237305
1570,152.33529663085938,15.757672710418701,600,0.8576700091362,0.0003,1,a2c_entropy_low_seed1,-0.29146134853363037,2.2992167472839355,0.9540144205093384,-0.21294313669204712,9.343673706054688
1570,152.33529663085938,15.757672710418701,600,7.435197353363037,0.0003,1,a2c_entropy_low_seed1,-1.0466268062591553,16.964534759521484,0.8860111236572266,-1.5433399677276611,44.64299011230469
1571,-153.3499298095703,10.402476634979248,524,153.79180908203125,0.0003,1,a2c_entropy_low_seed1,-0.12111195921897888,307.8267517089844,0.9144912958145142,-4.599400997161865,192.90084838867188
1571,-153.3499298095703,10.402476634979248,524,7.969503879547119,0.0003,1,a2c_entropy_low_seed1,-1.8195401430130005,19.57903289794922,0.9447000622749329,-2.2593131065368652,68.89613342285156
1571,-153.3499298095703,10.402476634979248,524,5.00701904296875,0.0003,1,a2c_entropy_low_seed1,0.5332013368606567,8.94858169555664,0.9461953639984131,0.8169645071029663,30.202829360961914
1571,-153.3499298095703,10.402476634979248,524,5.82974100112915,0.0003,1,a2c_entropy_low_seed1,0.6998680830001831,10.260626792907715,0.8815832138061523,0.9948994517326355,34.897552490234375
1571,-153.3499298095703,10.402476634979248,524,10.41860580444336,0.0003,1,a2c_entropy_low_seed1,-0.9205542802810669,22.679269790649414,0.9490189552307129,-1.4299395084381104,35.7451057434082
1572,-110.87504577636719,9.274284648895264,569,113.50083923339844,0.0003,1,a2c_entropy_low_seed1,1.5670489072799683,223.86849975585938,0.9122427701950073,0.14899657666683197,77.42202758789062
1572,-110.87504577636719,9.274284648895264,569,1.6879431009292603,0.0003,1,a2c_entropy_low_seed1,-0.49872440099716187,4.374217987060547,0.8828189373016357,-0.4079691171646118,12.836309432983398
1572,-110.87504577636719,9.274284648895264,569,2.245609998703003,0.0003,1,a2c_entropy_low_seed1,0.1110016256570816,4.270135879516602,0.9193706512451172,0.3683055639266968,11.92775821685791
1572,-110.87504577636719,9.274284648895264,569,20.54723358154297,0.0003,1,a2c_entropy_low_seed1,0.7710402607917786,39.55319595336914,0.8083213567733765,1.8285505771636963,45.607666015625
1572,-110.87504577636719,9.274284648895264,569,3.522918462753296,0.0003,1,a2c_entropy_low_seed1,0.07064467668533325,6.905309677124023,0.7620207071304321,0.4213734567165375,13.677734375
1572,-110.87504577636719,9.274284648895264,569,3.415334701538086,0.0003,1,a2c_entropy_low_seed1,-0.7252021431922913,8.281777381896973,0.7040395736694336,-0.09598386287689209,20.971012115478516
1572,-110.87504577636719,9.274284648895264,569,4.349321365356445,0.0003,1,a2c_entropy_low_seed1,-0.6008514761924744,9.901054382324219,0.7081482410430908,-0.28610605001449585,14.834480285644531
1575,-49.55027389526367,8.742819118499757,579,380.2597961425781,0.0003,1,a2c_entropy_low_seed1,-1.9147906303405762,764.349853515625,0.655180811882019,-0.4409952163696289,117.18523406982422
1576,-185.88882446289062,7.358017482757568,888,181.7340850830078,0.0003,1,a2c_entropy_low_seed1,-1.4667177200317383,366.40228271484375,0.6726603507995605,-6.735805034637451,238.80160522460938
1576,-185.88882446289062,7.358017482757568,888,12.333597183227539,0.0003,1,a2c_entropy_low_seed1,0.5753575563430786,23.51719093322754,0.7120692133903503,1.0146111249923706,57.2418098449707
1576,-185.88882446289062,7.358017482757568,888,6.435820579528809,0.0003,1,a2c_entropy_low_seed1,0.6203957796096802,11.631587982177734,0.7385037541389465,0.8796169757843018,31.360942840576172
1576,-185.88882446289062,7.358017482757568,888,1.0197126865386963,0.0003,1,a2c_entropy_low_seed1,-0.308413028717041,2.657038450241089,0.7871218919754028,-0.34386157989501953,11.471978187561035
1576,-185.88882446289062,7.358017482757568,888,4.28599739074707,0.0003,1,a2c_entropy_low_seed1,-0.6677056550979614,9.908166885375977,0.7606821656227112,-1.0261229276657104,41.54497146606445
1577,56.81876754760742,5.493122692108154,1001,3.715531587600708,0.0003,1,a2c_entropy_low_seed1,0.21328139305114746,7.005274772644043,0.7745826244354248,0.2690601944923401,13.580431938171387
1577,56.81876754760742,5.493122692108154,1001,1.5608901977539062,0.0003,1,a2c_entropy_low_seed1,-0.8442256450653076,4.811041831970215,0.8102489113807678,-0.9365372657775879,32.28841781616211
1578,160.3475341796875,6.121487865447998,782,133.4204864501953,0.0003,1,a2c_entropy_low_seed1,0.2654764652252197,266.3108215332031,0.7972749471664429,2.8881049156188965,123.04814910888672
1579,35.718379974365234,10.14171422958374,1001,2.3952763080596924,0.0003,1,a2c_entropy_low_seed1,-0.1791251301765442,5.1496429443359375,0.8402503728866577,-0.21579867601394653,13.898309707641602
1579,35.718379974365234,10.14171422958374,1001,15.651556968688965,0.0003,1,a2c_entropy_low_seed1,1.3239715099334717,28.656091690063477,0.9215916395187378,1.8889240026474,66.11773681640625
1579,35.718379974365234,10.14171422958374,1001,14.019274711608887,0.0003,1,a2c_entropy_low_seed1,1.3130093812942505,25.413469314575195,0.9392472505569458,1.5572036504745483,36.90886306762695
1579,35.718379974365234,10.14171422958374,1001,2.278679132461548,0.0003,1,a2c_entropy_low_seed1,-0.5693149566650391,5.696888446807861,0.9004061222076416,-0.47315841913223267,22.070531845092773
1580,-58.523468017578125,11.152887020111084,377,139.30874633789062,0.0003,1,a2c_entropy_low_seed1,-1.697744607925415,282.0138244628906,0.8496019840240479,-4.011049747467041,180.830810546875
1580,-58.523468017578125,11.152887020111084,377,1.3758785724639893,0.0003,1,a2c_entropy_low_seed1,-0.724293053150177,4.201257228851318,0.9140055775642395,-0.7690149545669556,20.76421356201172
1580,-58.523468017578125,11.152887020111084,377,15.527535438537598,0.0003,1,a2c_entropy_low_seed1,0.59376060962677,29.86844253540039,0.8923132419586182,1.3245877027511597,36.27376937866211
1580,-58.523468017578125,11.152887020111084,377,20.180084228515625,0.0003,1,a2c_entropy_low_seed1,1.4703707695007324,37.42022705078125,0.7993036508560181,2.0871243476867676,51.98680877685547
1580,-58.523468017578125,11.152887020111084,377,32.75812911987305,0.0003,1,a2c_entropy_low_seed1,2.0932862758636475,61.330482482910156,0.7967077493667603,2.395918369293213,57.09169006347656
1580,-58.523468017578125,11.152887020111084,377,8.807573318481445,0.0003,1,a2c_entropy_low_seed1,0.9115986824035645,15.792744636535645,0.7959170341491699,0.7635905742645264,20.827102661132812
1580,-58.523468017578125,11.152887020111084,377,0.8823784589767456,0.0003,1,a2c_entropy_low_seed1,-0.12410949170589447,2.0137827396392822,0.8068513870239258,-0.08846651017665863,7.441903591156006
1580,-58.523468017578125,11.152887020111084,377,0.9195055961608887,0.0003,1,a2c_entropy_low_seed1,-0.22420698404312134,2.2882330417633057,0.8079175353050232,-0.135421022772789,6.252300262451172
1580,-58.523468017578125,11.152887020111084,377,26.65750503540039,0.0003,1,a2c_entropy_low_seed1,0.44666579365730286,52.42243957519531,0.7642107605934143,1.0069739818572998,41.194419860839844
1580,-58.523468017578125,11.152887020111084,377,4.299890041351318,0.0003,1,a2c_entropy_low_seed1,0.2051606923341751,8.190194129943848,0.7350005507469177,0.6722087264060974,21.47495460510254
1580,-58.523468017578125,11.152887020111084,377,36.259822845458984,0.0003,1,a2c_entropy_low_seed1,2.4020659923553467,67.71627044677734,0.7540879249572754,2.444047212600708,62.69947814941406
1581,63.79597091674805,11.265299587249755,1001,3.6659045219421387,0.0003,1,a2c_entropy_low_seed1,-0.17071527242660522,7.67399787902832,0.7580504417419434,-0.10165412724018097,8.016292572021484
1581,63.79597091674805,11.265299587249755,1001,3.393615961074829,0.0003,1,a2c_entropy_low_seed1,0.08107078075408936,6.625802040100098,0.711793065071106,0.08662737160921097,12.904508590698242
1581,63.79597091674805,11.265299587249755,1001,2.371272087097168,0.0003,1,a2c_entropy_low_seed1,-0.09245582669973373,4.928256988525391,0.8010098338127136,-0.11536811292171478,11.641905784606934
1581,63.79597091674805,11.265299587249755,1001,1.529391884803772,0.0003,1,a2c_entropy_low_seed1,0.21168778836727142,2.6362099647521973,0.8017024993896484,0.02806294709444046,13.96859073638916
1582,163.99813842773438,12.232359218597413,907,161.50955200195312,0.0003,1,a2c_entropy_low_seed1,-0.6089901924133301,324.2377624511719,0.6860761046409607,4.374722003936768,172.92303466796875
1582,163.99813842773438,12.232359218597413,907,4.049501895904541,0.0003,1,a2c_entropy_low_seed1,0.4983586072921753,7.103030204772949,0.7434102296829224,0.5410869717597961,15.668322563171387
1583,158.8360595703125,14.375971355438232,544,224.14865112304688,0.0003,1,a2c_entropy_low_seed1,-0.4382475018501282,449.1744689941406,0.6668286323547363,4.474979877471924,177.1687469482422
1585,50.09130859375,14.907552242279053,1001,15.41361141204834,0.0003,1,a2c_entropy_low_seed1,0.26326417922973633,30.30143928527832,0.7465698719024658,1.516578197479248,44.73277282714844
1585,50.09130859375,14.907552242279053,1001,6.526309490203857,0.0003,1,a2c_entropy_low_seed1,0.4840932786464691,12.085165023803711,0.7324060797691345,1.14889657497406,34.220298767089844
1586,122.3427963256836,18.383385066986083,750,149.34056091308594,0.0003,1,a2c_entropy_low_seed1,-0.6440181732177734,299.9700012207031,0.8419171571731567,3.790219306945801,146.91412353515625
1586,122.3427963256836,18.383385066986083,750,3.5912721157073975,0.0003,1,a2c_entropy_low_seed1,0.49214816093444824,6.199080467224121,0.8325493931770325,0.7361083030700684,31.411291122436523
1586,122.3427963256836,18.383385066986083,750,0.9796772599220276,0.0003,1,a2c_entropy_low_seed1,-0.07701171934604645,2.114201784133911,0.8238505721092224,0.09328079968690872,3.458625078201294
1586,122.3427963256836,18.383385066986083,750,1.7290959358215332,0.0003,1,a2c_entropy_low_seed1,-0.10280971229076385,3.6646766662597656,0.8654600381851196,-0.0418207049369812,8.476222038269043
1587,49.16717529296875,17.995938625335693,1001,1.2277082204818726,0.0003,1,a2c_entropy_low_seed1,-0.2775150537490845,3.011314868927002,0.8682512640953064,-0.011871963739395142,5.350534439086914
1588,-94.13749694824219,13.631931667327882,453,186.71450805664062,0.0003,1,a2c_entropy_low_seed1,-2.2463996410369873,377.92266845703125,0.8577016592025757,-5.381040573120117,193.7330780029297
1589,64.89965057373047,17.291233882904052,1001,3.1286251544952393,0.0003,1,a2c_entropy_low_seed1,-0.05835592746734619,6.374871253967285,0.9094178676605225,0.1533612459897995,6.827061653137207
1589,64.89965057373047,17.291233882904052,1001,5.3319315910339355,0.0003,1,a2c_entropy_low_seed1,0.9178268909454346,8.829086303710938,0.8759716749191284,1.2695941925048828,31.57012367248535
1589,64.89965057373047,17.291233882904052,1001,3.683445930480957,0.0003,1,a2c_entropy_low_seed1,-0.6157604455947876,8.599358558654785,0.9462810754776001,-0.3601640462875366,12.859725952148438
1589,64.89965057373047,17.291233882904052,1001,10.229341506958008,0.0003,1,a2c_entropy_low_seed1,0.37120968103408813,19.717187881469727,0.9245642423629761,0.8942165374755859,25.7309627532959
1589,64.89965057373047,17.291233882904052,1001,4.1876397132873535,0.0003,1,a2c_entropy_low_seed1,0.9440857172012329,6.487985134124756,0.8769930601119995,1.2731661796569824,35.889488220214844
1590,-63.503631591796875,13.029835872650146,363,125.458251953125,0.0003,1,a2c_entropy_low_seed1,-4.203338623046875,259.32403564453125,0.8580991625785828,-4.823513031005859,187.82347106933594
1590,-63.503631591796875,13.029835872650146,363,1.807326316833496,0.0003,1,a2c_entropy_low_seed1,-1.282835841178894,6.1811842918396,0.8598776459693909,-1.21844482421875,41.00728225708008
1590,-63.503631591796875,13.029835872650146,363,49.876216888427734,0.0003,1,a2c_entropy_low_seed1,4.129924297332764,91.49340057373047,0.8181734681129456,3.9080607891082764,94.56610870361328
1590,-63.503631591796875,13.029835872650146,363,8.638203620910645,0.0003,1,a2c_entropy_low_seed1,0.7840341329574585,15.70915699005127,0.8191136121749878,0.8697496652603149,29.89149284362793
1591,173.91917419433594,18.683013973236083,647,158.3697052001953,0.0003,1,a2c_entropy_low_seed1,-0.0487191379070282,316.83770751953125,0.851114809513092,5.063836574554443,187.98936462402344
1591,173.91917419433594,18.683013973236083,647,0.9038270115852356,0.0003,1,a2c_entropy_low_seed1,-0.45447826385498047,2.717472553253174,0.8620541095733643,-0.2790355384349823,11.871373176574707
1591,173.91917419433594,18.683013973236083,647,0.6579639315605164,0.0003,1,a2c_entropy_low_seed1,-0.3185059428215027,1.9538562297821045,0.9164384007453918,-0.21796086430549622,8.33214282989502
1591,173.91917419433594,18.683013973236083,647,14.325376510620117,0.0003,1,a2c_entropy_low_seed1,0.8957465291023254,26.860157012939453,0.897062361240387,1.1892852783203125,42.06121063232422
1591,173.91917419433594,18.683013973236083,647,3.752540111541748,0.0003,1,a2c_entropy_low_seed1,-0.8601555824279785,9.22620964050293,0.8183338642120361,-0.3081803619861603,14.638589859008789
1592,149.7424774169922,24.07281087875366,469,137.9906463623047,0.0003,1,a2c_entropy_low_seed1,-0.43572595715522766,276.85357666015625,0.8188904523849487,2.425572395324707,129.5233612060547
1593,-98.00364685058594,22.178948574066162,524,82.86399841308594,0.0003,1,a2c_entropy_low_seed1,0.1585036814212799,165.4117431640625,0.7505856156349182,-1.2262744903564453,83.08954620361328
1593,-98.00364685058594,22.178948574066162,524,4.95163631439209,0.0003,1,a2c_entropy_low_seed1,0.20997127890586853,9.484103202819824,0.7734019756317139,0.8606181144714355,26.21516990661621
1593,-98.00364685058594,22.178948574066162,524,1.779949426651001,0.0003,1,a2c_entropy_low_seed1,-0.8167486786842346,5.194167613983154,0.7716415524482727,-0.6982533931732178,19.01329803466797
1593,-98.00364685058594,22.178948574066162,524,2.443575620651245,0.0003,1,a2c_entropy_low_seed1,0.2635959982872009,4.360714435577393,0.7551681399345398,0.43914511799812317,22.07635498046875
1593,-98.00364685058594,22.178948574066162,524,5.017732620239258,0.0003,1,a2c_entropy_low_seed1,0.4591447412967682,9.11799144744873,0.815061092376709,0.47749432921409607,17.91286277770996
1594,-58.00027084350586,22.902061290740967,459,51.543766021728516,0.0003,1,a2c_entropy_low_seed1,-2.281540632247925,107.65137481689453,0.7609350085258484,-2.202098846435547,61.937686920166016
1594,-58.00027084350586,22.902061290740967,459,27.67900276184082,0.0003,1,a2c_entropy_low_seed1,-1.8832476139068604,59.12521743774414,0.7182443141937256,-2.9510560035705566,94.80628204345703
1596,92.63955688476562,18.45278371810913,1001,97.93283081054688,0.0003,1,a2c_entropy_low_seed1,-0.23013189435005188,196.32667541503906,0.747033417224884,-2.5630321502685547,123.97834777832031
1597,34.58383560180664,16.74244077682495,1001,5.334190845489502,0.0003,1,a2c_entropy_low_seed1,0.20146822929382324,10.266207695007324,0.7621649503707886,-0.009969577193260193,11.208403587341309
1598,89.68701171875,15.5661248588562,1001,9.614765167236328,0.0003,1,a2c_entropy_low_seed1,0.1488637924194336,18.932552337646484,0.7490847110748291,0.14586791396141052,9.924076080322266
1598,89.68701171875,15.5661248588562,1001,4.221837997436523,0.0003,1,a2c_entropy_low_seed1,0.6458775401115417,7.152730464935303,0.8093690276145935,0.7989036440849304,32.56212615966797
1598,89.68701171875,15.5661248588562,1001,7.768185615539551,0.0003,1,a2c_entropy_low_seed1,1.0588586330413818,13.419431686401367,0.7779359221458435,1.2573573589324951,54.02589416503906
1598,89.68701171875,15.5661248588562,1001,5.554152011871338,0.0003,1,a2c_entropy_low_seed1,-0.036573685705661774,11.182376861572266,0.924728274345398,-0.12594546377658844,22.21120834350586
1598,89.68701171875,15.5661248588562,1001,30.157289505004883,0.0003,1,a2c_entropy_low_seed1,1.3191955089569092,57.67705535888672,0.8662852048873901,1.587079405784607,40.68675994873047
1598,89.68701171875,15.5661248588562,1001,1.4532853364944458,0.0003,1,a2c_entropy_low_seed1,-0.2678200304508209,3.44311261177063,0.9018594622612,-0.1291956752538681,4.584439754486084
1598,89.68701171875,15.5661248588562,1001,22.19562530517578,0.0003,1,a2c_entropy_low_seed1,-2.006916046142578,48.40589904785156,0.8160655498504639,-2.8066117763519287,76.49971008300781
1599,60.01351547241211,17.282142391204832,1001,6.070560932159424,0.0003,1,a2c_entropy_low_seed1,-0.26168596744537354,12.665266990661621,0.7734911441802979,0.7348523736000061,34.36379623413086
1599,60.01351547241211,17.282142391204832,1001,4.058328628540039,0.0003,1,a2c_entropy_low_seed1,-0.5980527400970459,9.31356430053711,0.801154375076294,-0.3849793076515198,22.045427322387695
1599,60.01351547241211,17.282142391204832,1001,11.16163444519043,0.0003,1,a2c_entropy_low_seed1,0.3931116461753845,21.537817001342773,0.7712650299072266,1.1813324689865112,37.73295211791992
1600,138.09263610839844,22.0269753074646,605,77.0816421508789,0.0003,1,a2c_entropy_low_seed1,0.23563972115516663,153.69290161132812,0.9073000550270081,2.2947134971618652,80.8592529296875
1600,138.09263610839844,22.0269753074646,605,3.791910171508789,0.0003,1,a2c_entropy_low_seed1,0.15267884731292725,7.279421806335449,0.9593969583511353,0.5480685234069824,19.525190353393555
1600,138.09263610839844,22.0269753074646,605,91.46356201171875,0.0003,1,a2c_entropy_low_seed1,-1.2938987016677856,185.51571655273438,0.7926104664802551,-2.718799352645874,94.43698120117188
1601,-106.80392456054688,18.763633937835692,422,60.629146575927734,0.0003,1,a2c_entropy_low_seed1,-0.9534416198730469,123.16594696044922,0.766838550567627,-2.0121116638183594,80.84941864013672
1602,176.5009002685547,20.89243200302124,511,190.53854370117188,0.0003,1,a2c_entropy_low_seed1,0.787833571434021,379.502197265625,0.7701937556266785,6.897214412689209,207.72015380859375
1602,176.5009002685547,20.89243200302124,511,4.8181376457214355,0.0003,1,a2c_entropy_low_seed1,-0.8305410742759705,11.298161506652832,0.8037105798721313,-0.656666100025177,31.6113338470459
1602,176.5009002685547,20.89243200302124,511,10.754131317138672,0.0003,1,a2c_entropy_low_seed1,0.3381495773792267,20.832799911499023,0.8364086151123047,0.017155632376670837,34.74046325683594
1603,-68.192138671875,18.77825445175171,552,127.25634002685547,0.0003,1,a2c_entropy_low_seed1,-0.20394974946975708,254.92140197753906,0.8177383542060852,-2.8670592308044434,121.97020721435547
1603,-68.192138671875,18.77825445175171,552,2.950408458709717,0.0003,1,a2c_entropy_low_seed1,-0.37624502182006836,6.6542463302612305,0.9393349885940552,-0.2627118229866028,17.349096298217773
1603,-68.192138671875,18.77825445175171,552,6.604727268218994,0.0003,1,a2c_entropy_low_seed1,0.40036359429359436,12.409713745117188,0.9856756329536438,0.29533571004867554,21.81096076965332
1603,-68.192138671875,18.77825445175171,552,1.8222492933273315,0.0003,1,a2c_entropy_low_seed1,-1.0311938524246216,5.707732677459717,0.8462694883346558,-1.0356577634811401,28.757421493530273
1604,107.9847412109375,20.38401174545288,1001,3.835146188735962,0.0003,1,a2c_entropy_low_seed1,-0.1812833547592163,8.033766746520996,0.9074945449829102,0.21805912256240845,12.214427947998047
1604,107.9847412109375,20.38401174545288,1001,10.955240249633789,0.0003,1,a2c_entropy_low_seed1,-0.26323002576828003,22.437808990478516,0.867181122303009,0.7420008182525635,33.42634201049805
1604,107.9847412109375,20.38401174545288,1001,28.884105682373047,0.0003,1,a2c_entropy_low_seed1,-2.1150431632995605,61.99911880493164,0.8202918767929077,-2.302856922149658,91.00375366210938
1604,107.9847412109375,20.38401174545288,1001,23.122957229614258,0.0003,1,a2c_entropy_low_seed1,-0.33488592505455017,46.91646194458008,0.7739988565444946,1.4797563552856445,70.90312194824219
1605,-175.55718994140625,15.312969417572022,410,353.9147644042969,0.0003,1,a2c_entropy_low_seed1,-0.959887683391571,709.75,0.6418457627296448,-8.73080825805664,379.2627868652344
1606,113.27326202392578,14.821260890960694,585,151.14236450195312,0.0003,1,a2c_entropy_low_seed1,2.0493416786193848,298.1868591308594,0.8208247423171997,4.8456878662109375,152.19239807128906
1607,6.75858211517334,17.41976444244385,1001,3.544466018676758,0.0003,1,a2c_entropy_low_seed1,-0.16388700902462006,7.417609214782715,0.9033623933792114,0.07559694349765778,11.046867370605469
1607,6.75858211517334,17.41976444244385,1001,1.4479891061782837,0.0003,1,a2c_entropy_low_seed1,-0.8136594295501709,4.524193286895752,0.8962182998657227,-0.9414051175117493,25.118383407592773
1608,-13.68673324584961,16.639925994873046,1001,15.50101089477539,0.0003,1,a2c_entropy_low_seed1,-1.1593668460845947,33.32155227661133,0.7977880239486694,-0.725811243057251,34.03910827636719
1608,-13.68673324584961,16.639925994873046,1001,18.14396095275879,0.0003,1,a2c_entropy_low_seed1,0.64763343334198,34.993408203125,0.7531257271766663,1.7127562761306763,50.02110290527344
1609,148.26437377929688,20.84529281616211,687,172.9658966064453,0.0003,1,a2c_entropy_low_seed1,-0.04983362928032875,346.0323181152344,0.858081042766571,5.0813775062561035,170.73175048828125
1609,148.26437377929688,20.84529281616211,687,15.792216300964355,0.0003,1,a2c_entropy_low_seed1,-2.553901433944702,36.69304656982422,0.810654878616333,-2.9571056365966797,82.36078643798828
1610,-86.67854309082031,17.12668212890625,509,85.72383880615234,0.0003,1,a2c_entropy_low_seed1,-0.023451201617717743,171.4954071044922,0.8245243430137634,-1.524796485900879,74.76005554199219
1610,-86.67854309082031,17.12668212890625,509,2.452092409133911,0.0003,1,a2c_entropy_low_seed1,-1.23223078250885,7.369473457336426,0.8273816108703613,-0.9887717962265015,34.760475158691406
1610,-86.67854309082031,17.12668212890625,509,1.4996538162231445,0.0003,1,a2c_entropy_low_seed1,-0.37550702691078186,3.7512340545654297,0.9124204516410828,-0.44132936000823975,14.876660346984863
1610,-86.67854309082031,17.12668212890625,509,0.8087150454521179,0.0003,1,a2c_entropy_low_seed1,-0.7666997313499451,3.1517446041107178,0.9150806069374084,-0.771847128868103,23.874521255493164
1610,-86.67854309082031,17.12668212890625,509,2.9632768630981445,0.0003,1,a2c_entropy_low_seed1,-0.269964337348938,6.467376232147217,0.8936895132064819,-0.41631078720092773,18.36203956604004
1610,-86.67854309082031,17.12668212890625,509,5.336721420288086,0.0003,1,a2c_entropy_low_seed1,0.22322683036327362,10.227889060974121,0.9005486965179443,0.2916848063468933,9.434385299682617
1610,-86.67854309082031,17.12668212890625,509,2.2345550060272217,0.0003,1,a2c_entropy_low_seed1,-1.1118183135986328,6.693671226501465,0.9244787096977234,-1.0867223739624023,31.943105697631836
1611,-98.31999969482422,17.197495574951173,432,118.09429168701172,0.0003,1,a2c_entropy_low_seed1,-4.335056781768799,244.85952758789062,0.8220900297164917,-5.0070648193359375,183.878173828125
1611,-98.31999969482422,17.197495574951173,432,4.722674369812012,0.0003,1,a2c_entropy_low_seed1,-1.6452702283859253,12.736759185791016,0.8695375919342041,-1.7164294719696045,56.88583755493164
1611,-98.31999969482422,17.197495574951173,432,2.879955291748047,0.0003,1,a2c_entropy_low_seed1,-0.047166287899017334,5.855119228363037,0.8761043548583984,-0.10190383344888687,11.809741973876953
1611,-98.31999969482422,17.197495574951173,432,4.248504638671875,0.0003,1,a2c_entropy_low_seed1,-0.36955201625823975,9.237014770507812,0.901411235332489,-0.2087235152721405,16.12430763244629
1611,-98.31999969482422,17.197495574951173,432,27.236045837402344,0.0003,1,a2c_entropy_low_seed1,0.8458765745162964,52.781219482421875,0.8825807571411133,1.6656453609466553,42.33205795288086
1611,-98.31999969482422,17.197495574951173,432,15.5138521194458,0.0003,1,a2c_entropy_low_seed1,1.3207799196243286,28.387056350708008,0.9115297794342041,1.7008010149002075,42.803955078125
1612,39.92839813232422,16.96259292602539,1001,31.30253791809082,0.0003,1,a2c_entropy_low_seed1,0.22653716802597046,62.1528205871582,0.8188027143478394,-0.6209781169891357,45.10414123535156
1614,-177.03768920898438,10.929946746826172,827,225.85089111328125,0.0003,1,a2c_entropy_low_seed1,-0.0824131965637207,451.8673400878906,0.742538332939148,-5.705835819244385,259.4632873535156
1614,-177.03768920898438,10.929946746826172,827,18.81985092163086,0.0003,1,a2c_entropy_low_seed1,-1.5174229145050049,40.67539978027344,0.8525331020355225,-1.9585330486297607,55.69490051269531
1615,-110.48543548583984,11.305709533691406,566,91.13451385498047,0.0003,1,a2c_entropy_low_seed1,-0.4346335232257843,183.13905334472656,0.7623043060302734,-1.2500945329666138,70.64788818359375
1615,-110.48543548583984,11.305709533691406,566,3.219651937484741,0.0003,1,a2c_entropy_low_seed1,-0.15884427726268768,6.757781982421875,0.7895950675010681,-0.49924659729003906,24.175884246826172
1615,-110.48543548583984,11.305709533691406,566,4.936361312866211,0.0003,1,a2c_entropy_low_seed1,-0.0714087039232254,10.01632022857666,0.780396580696106,-0.5702955722808838,26.797359466552734
1615,-110.48543548583984,11.305709533691406,566,1.386768102645874,0.0003,1,a2c_entropy_low_seed1,-1.3600847721099854,5.494500160217285,0.7943180799484253,-1.0217673778533936,39.96956253051758
1616,83.59721374511719,12.79470739364624,641,135.22250366210938,0.0003,1,a2c_entropy_low_seed1,-0.7497645616531372,271.9453125,0.7618206143379211,2.246368408203125,117.97547912597656
1616,83.59721374511719,12.79470739364624,641,1.6926844120025635,0.0003,1,a2c_entropy_low_seed1,-0.7439910769462585,4.874239921569824,0.8887425065040588,-0.7482157349586487,27.291799545288086
1616,83.59721374511719,12.79470739364624,641,1.4191259145736694,0.0003,1,a2c_entropy_low_seed1,0.046808309853076935,2.745542526245117,0.907310426235199,0.17986103892326355,6.829790115356445
1616,83.59721374511719,12.79470739364624,641,2.2090933322906494,0.0003,1,a2c_entropy_low_seed1,-0.6827785968780518,5.784607410430908,0.863480269908905,-0.44795772433280945,18.184160232543945
1618,28.7314395904541,14.862544956207275,1001,15.71311092376709,0.0003,1,a2c_entropy_low_seed1,-0.004863381385803223,31.43671989440918,0.7714237570762634,0.5964447259902954,27.654233932495117
1618,28.7314395904541,14.862544956207275,1001,5.220930576324463,0.0003,1,a2c_entropy_low_seed1,0.05535415932536125,10.3319730758667,0.8201386332511902,0.37315118312835693,35.37692642211914
1618,28.7314395904541,14.862544956207275,1001,3.451310157775879,0.0003,1,a2c_entropy_low_seed1,0.5959885120391846,5.711554527282715,0.9112245440483093,0.7255037426948547,18.99005889892578
1618,28.7314395904541,14.862544956207275,1001,1.1466490030288696,0.0003,1,a2c_entropy_low_seed1,-0.8263346552848816,3.9468634128570557,0.8961541056632996,-0.7126277685165405,22.96490478515625
1618,28.7314395904541,14.862544956207275,1001,2.2169125080108643,0.0003,1,a2c_entropy_low_seed1,0.010182749480009079,4.414409160614014,0.9498715996742249,0.09242364019155502,8.872934341430664
1618,28.7314395904541,14.862544956207275,1001,1.5243498086929321,0.0003,1,a2c_entropy_low_seed1,-0.5288492441177368,4.107393264770508,0.9952390193939209,-0.3903747797012329,11.047168731689453
1618,28.7314395904541,14.862544956207275,1001,19.889493942260742,0.0003,1,a2c_entropy_low_seed1,-1.8968327045440674,43.57354736328125,0.8923516273498535,-2.515475273132324,67.06463623046875
1619,-127.1181640625,11.468409519195557,746,59.725040435791016,0.0003,1,a2c_entropy_low_seed1,-0.329657644033432,120.1102523803711,0.8536969423294067,-1.589663028717041,77.8689193725586
1620,-100.87930297851562,6.404117527008057,531,95.902099609375,0.0003,1,a2c_entropy_low_seed1,-4.981383323669434,201.76779174804688,0.8249308466911316,-5.485637664794922,174.21470642089844
1620,-100.87930297851562,6.404117527008057,531,17.310752868652344,0.0003,1,a2c_entropy_low_seed1,1.4548983573913574,31.71258544921875,0.8773317337036133,2.1430766582489014,87.6330337524414
1620,-100.87930297851562,6.404117527008057,531,24.571807861328125,0.0003,1,a2c_entropy_low_seed1,1.5040860176086426,46.13644790649414,1.0020411014556885,1.5573538541793823,42.30742645263672
1620,-100.87930297851562,6.404117527008057,531,5.108661651611328,0.0003,1,a2c_entropy_low_seed1,1.0830013751983643,8.052255630493164,0.9343908429145813,1.0637255907058716,31.847152709960938
1621,-73.43791198730469,8.002357883453369,386,74.13099670410156,0.0003,1,a2c_entropy_low_seed1,-1.0997618436813354,150.4624786376953,0.9571613073348999,-1.1098616123199463,75.73245239257812
1621,-73.43791198730469,8.002357883453369,386,4.694860935211182,0.0003,1,a2c_entropy_low_seed1,0.284279465675354,8.822138786315918,0.9754044413566589,0.35069358348846436,18.47127914428711
1621,-73.43791198730469,8.002357883453369,386,1.6663565635681152,0.0003,1,a2c_entropy_low_seed1,-0.46595069766044617,4.26560115814209,0.9866074919700623,-0.32139620184898376,8.862028121948242
1621,-73.43791198730469,8.002357883453369,386,2.223407506942749,0.0003,1,a2c_entropy_low_seed1,-0.7610588669776917,5.969895362854004,0.9627180695533752,-0.763940155506134,27.566940307617188
1621,-73.43791198730469,8.002357883453369,386,12.604748725891113,0.0003,1,a2c_entropy_low_seed1,0.16001208126544952,24.89040756225586,0.9346933364868164,-0.45051151514053345,31.9266357421875
1621,-73.43791198730469,8.002357883453369,386,2.1865499019622803,0.0003,1,a2c_entropy_low_seed1,-0.18587830662727356,4.745761871337891,0.905714750289917,-0.11416371166706085,10.387346267700195
1621,-73.43791198730469,8.002357883453369,386,1.4333633184432983,0.0003,1,a2c_entropy_low_seed1,-0.3181617558002472,3.503997802734375,0.9477583765983582,-0.15942813456058502,4.787542343139648
1622,-89.61103820800781,8.427638034820557,407,116.34051513671875,0.0003,1,a2c_entropy_low_seed1,-5.262194633483887,243.20632934570312,0.9198053479194641,-4.587040901184082,187.1636505126953
1624,34.07368087768555,8.260860919952393,1001,118.03221130371094,0.0003,1,a2c_entropy_low_seed1,0.4527064561843872,235.15985107421875,0.8375712037086487,-1.5477086305618286,92.27193450927734
1626,-85.2899398803711,10.4903928565979,1001,31.198678970336914,0.0003,1,a2c_entropy_low_seed1,2.1071484088897705,58.18395233154297,0.8917893171310425,2.01810359954834,54.29188919067383
1626,-85.2899398803711,10.4903928565979,1001,4.321561813354492,0.0003,1,a2c_entropy_low_seed1,-0.22283652424812317,9.089654922485352,0.858296275138855,-0.5100238919258118,23.04547119140625
1626,-85.2899398803711,10.4903928565979,1001,5.301492691040039,0.0003,1,a2c_entropy_low_seed1,0.7217651009559631,9.160359382629395,0.9042243361473083,0.9312437176704407,35.330360412597656
1626,-85.2899398803711,10.4903928565979,1001,1.6281267404556274,0.0003,1,a2c_entropy_low_seed1,-0.36406874656677246,3.9852874279022217,0.8965083360671997,-0.315396785736084,13.095429420471191
1626,-85.2899398803711,10.4903928565979,1001,4.390927791595459,0.0003,1,a2c_entropy_low_seed1,0.694196879863739,7.394435882568359,0.973697304725647,0.9038345813751221,32.190757751464844
1626,-85.2899398803711,10.4903928565979,1001,1.6975401639938354,0.0003,1,a2c_entropy_low_seed1,-0.40953329205513,4.215091705322266,0.9448946118354797,-0.38613712787628174,18.908666610717773
1627,55.7392578125,10.468802661895753,1001,3.931403875350952,0.0003,1,a2c_entropy_low_seed1,-0.4113190174102783,8.686427116394043,0.981346607208252,-0.17415353655815125,20.65570831298828
1627,55.7392578125,10.468802661895753,1001,1.6905584335327148,0.0003,1,a2c_entropy_low_seed1,-0.56675785779953,4.515504837036133,0.8720367550849915,-0.6144474148750305,21.37984848022461
1627,55.7392578125,10.468802661895753,1001,6.059338569641113,0.0003,1,a2c_entropy_low_seed1,0.40369659662246704,11.312126159667969,0.8424585461616516,0.6454271078109741,35.27211380004883
1627,55.7392578125,10.468802661895753,1001,0.984557569026947,0.0003,1,a2c_entropy_low_seed1,-0.28762543201446533,2.545232057571411,0.8660327792167664,-0.15864422917366028,5.864342212677002
1627,55.7392578125,10.468802661895753,1001,3.0298542976379395,0.0003,1,a2c_entropy_low_seed1,-0.9428637027740479,7.946408271789551,0.9720814824104309,-0.9446690082550049,26.57326889038086
1627,55.7392578125,10.468802661895753,1001,26.826467514038086,0.0003,1,a2c_entropy_low_seed1,0.1396963894367218,53.37444305419922,0.901107132434845,0.8443673849105835,41.8501091003418
1627,55.7392578125,10.468802661895753,1001,12.419331550598145,0.0003,1,a2c_entropy_low_seed1,-0.2767173647880554,25.39296531677246,0.8674739599227905,0.6259046792984009,32.90358352661133
1627,55.7392578125,10.468802661895753,1001,3.1311933994293213,0.0003,1,a2c_entropy_low_seed1,0.704963207244873,4.853285789489746,0.8252831697463989,1.0005707740783691,28.927295684814453
1628,129.8484344482422,9.858820667266846,847,139.86526489257812,0.0003,1,a2c_entropy_low_seed1,0.271866112947464,279.1876525878906,0.8397396802902222,3.783987045288086,144.18057250976562
1629,-123.45423889160156,6.67536828994751,535,88.93672180175781,0.0003,1,a2c_entropy_low_seed1,-2.323101758956909,182.52053833007812,0.8862045407295227,-3.1456310749053955,120.0708999633789
1629,-123.45423889160156,6.67536828994751,535,2.7869369983673096,0.0003,1,a2c_entropy_low_seed1,0.02997654676437378,5.514810562133789,0.8897502422332764,0.12164410948753357,16.58658218383789
1629,-123.45423889160156,6.67536828994751,535,17.07733726501465,0.0003,1,a2c_entropy_low_seed1,2.1573245525360107,29.840904235839844,0.8754766583442688,2.4519052505493164,71.47013854980469
1629,-123.45423889160156,6.67536828994751,535,3.534151554107666,0.0003,1,a2c_entropy_low_seed1,0.2347366213798523,6.599688529968262,0.8590084314346313,0.422136127948761,17.721710205078125
1629,-123.45423889160156,6.67536828994751,535,2.7272021770477295,0.0003,1,a2c_entropy_low_seed1,-0.007419854402542114,5.4701714515686035,0.9272271394729614,0.20712772011756897,12.310490608215332
1629,-123.45423889160156,6.67536828994751,535,42.45048141479492,0.0003,1,a2c_entropy_low_seed1,2.902282953262329,79.09718322753906,0.785341739654541,3.702054500579834,110.7109603881836
1629,-123.45423889160156,6.67536828994751,535,36.85932159423828,0.0003,1,a2c_entropy_low_seed1,-3.7362122535705566,81.19183349609375,0.7629345655441284,-2.9978320598602295,112.79835510253906
1630,-10.091267585754395,7.644012298583984,1001,62.797569274902344,0.0003,1,a2c_entropy_low_seed1,0.9192026257514954,123.7574691772461,0.7335970401763916,0.43860140442848206,53.56127166748047
1631,-188.67910766601562,2.594510726928711,764,140.3564453125,0.0003,1,a2c_entropy_low_seed1,-1.8008073568344116,284.31524658203125,0.721470832824707,-4.871541976928711,172.27899169921875
1632,-137.97909545898438,-3.445033950805664,569,70.99468994140625,0.0003,1,a2c_entropy_low_seed1,0.6139417886734009,140.7622528076172,0.7685122489929199,-0.9700857996940613,85.66056823730469
1633,140.86724853515625,-3.8044101715087892,786,87.26615142822266,0.0003,1,a2c_entropy_low_seed1,1.332099199295044,171.86888122558594,0.776728630065918,3.030478000640869,103.32357788085938
1633,140.86724853515625,-3.8044101715087892,786,2.4637227058410645,0.0003,1,a2c_entropy_low_seed1,-0.6595134735107422,6.2472991943359375,0.8268559575080872,-0.7662922143936157,23.583105087280273
1633,140.86724853515625,-3.8044101715087892,786,5.486098289489746,0.0003,1,a2c_entropy_low_seed1,-0.3012307286262512,11.575504302978516,0.8462854027748108,-0.2398470640182495,26.41362953186035
1633,140.86724853515625,-3.8044101715087892,786,3.1214542388916016,0.0003,1,a2c_entropy_low_seed1,-0.3676764667034149,6.979074478149414,0.8127745985984802,-0.007800489664077759,22.141204833984375
1633,140.86724853515625,-3.8044101715087892,786,16.271169662475586,0.0003,1,a2c_entropy_low_seed1,1.2367579936981201,30.06962776184082,0.8050009608268738,1.371100664138794,37.326072692871094
1634,35.86767578125,-4.339385833740234,1001,3.92484712600708,0.0003,1,a2c_entropy_low_seed1,0.16107650101184845,7.528345584869385,0.804318368434906,0.6197252869606018,20.02483367919922
1634,35.86767578125,-4.339385833740234,1001,3.3676373958587646,0.0003,1,a2c_entropy_low_seed1,-1.1432019472122192,9.022605895996094,0.9276517033576965,-1.5784367322921753,49.90220260620117
1635,8.041964530944824,-5.180372714996338,1001,14.593758583068848,0.0003,1,a2c_entropy_low_seed1,1.495030164718628,26.198360443115234,0.9044799208641052,1.8064101934432983,58.17923355102539
1636,-132.77841186523438,-10.282796878814697,605,64.72430419921875,0.0003,1,a2c_entropy_low_seed1,-2.8004510402679443,135.05035400390625,0.8347247242927551,-1.504316806793213,59.101409912109375
1636,-132.77841186523438,-10.282796878814697,605,1.9454717636108398,0.0003,1,a2c_entropy_low_seed1,-0.3338938057422638,4.559579849243164,0.8487826585769653,-0.38331156969070435,14.515995979309082
1636,-132.77841186523438,-10.282796878814697,605,1.7859172821044922,0.0003,1,a2c_entropy_low_seed1,0.05621659755706787,3.460257053375244,0.8556857705116272,-0.00781254656612873,7.411008358001709
1637,135.4532470703125,-8.557075443267822,680,183.65713500976562,0.0003,1,a2c_entropy_low_seed1,0.3073616623878479,366.70037841796875,0.8349102139472961,5.835750102996826,240.6302490234375
1637,135.4532470703125,-8.557075443267822,680,29.75653648376465,0.0003,1,a2c_entropy_low_seed1,0.0016862452030181885,59.51055908203125,0.8598710894584656,-0.967361569404602,63.3582763671875
1639,-66.72208404541016,-11.401030216217041,252,226.5200958251953,0.0003,1,a2c_entropy_low_seed1,-4.134566307067871,461.3101501464844,0.8203738331794739,-6.672199726104736,246.34292602539062
1639,-66.72208404541016,-11.401030216217041,252,8.193217277526855,0.0003,1,a2c_entropy_low_seed1,-0.05568195879459381,16.498682022094727,0.8822963833808899,0.3417896330356598,42.270748138427734
1639,-66.72208404541016,-11.401030216217041,252,7.21625280380249,0.0003,1,a2c_entropy_low_seed1,1.3045387268066406,11.824287414550781,0.8589293956756592,1.42877995967865,54.569313049316406
1639,-66.72208404541016,-11.401030216217041,252,4.074602127075195,0.0003,1,a2c_entropy_low_seed1,0.0482020378112793,8.05363655090332,0.8359246850013733,0.5743154883384705,33.4507942199707
1639,-66.72208404541016,-11.401030216217041,252,3.3906991481781006,0.0003,1,a2c_entropy_low_seed1,-0.1393628716468811,7.0609893798828125,0.865593671798706,0.10686278343200684,18.16189193725586
1639,-66.72208404541016,-11.401030216217041,252,22.248016357421875,0.0003,1,a2c_entropy_low_seed1,0.41447508335113525,43.66783905029297,0.754081130027771,1.5973016023635864,54.64439392089844
1640,-206.34527587890625,-14.257863101959229,629,273.612060546875,0.0003,1,a2c_entropy_low_seed1,1.4001456499099731,544.4244384765625,0.6307982206344604,-4.617798805236816,311.4073791503906
1641,107.52913665771484,-15.58566385269165,714,173.1136932373047,0.0003,1,a2c_entropy_low_seed1,0.02378252148628235,346.18060302734375,0.7949086427688599,5.27081298828125,205.47747802734375
1641,107.52913665771484,-15.58566385269165,714,7.087833881378174,0.0003,1,a2c_entropy_low_seed1,-0.6052159070968628,15.386963844299316,0.8637635707855225,-0.11081817746162415,28.46980857849121
1641,107.52913665771484,-15.58566385269165,714,2.1663949489593506,0.0003,1,a2c_entropy_low_seed1,-0.17395524680614471,4.681645393371582,0.9449514150619507,-0.1604508012533188,11.5349760055542
1641,107.52913665771484,-15.58566385269165,714,10.172441482543945,0.0003,1,a2c_entropy_low_seed1,0.6038752794265747,19.13799285888672,0.8607456684112549,1.3721437454223633,45.82969665527344
1641,107.52913665771484,-15.58566385269165,714,2.545214891433716,0.0003,1,a2c_entropy_low_seed1,-0.31401169300079346,5.719300746917725,0.8471745848655701,0.0108259916305542,12.966490745544434
1642,124.48468780517578,-16.09081964492798,593,156.32717895507812,0.0003,1,a2c_entropy_low_seed1,-0.8410900831222534,314.3373718261719,0.8266830444335938,3.7654478549957275,173.25962829589844
1642,124.48468780517578,-16.09081964492798,593,1.5902478694915771,0.0003,1,a2c_entropy_low_seed1,0.1506955772638321,2.8800253868103027,0.920861005783081,0.1360662877559662,13.845157623291016
1643,-88.11720275878906,-15.89309076309204,629,141.6362762451172,0.0003,1,a2c_entropy_low_seed1,0.27836939692497253,282.7166748046875,0.8475636839866638,-3.0691792964935303,147.4880828857422
1644,-108.33690643310547,-16.899823474884034,534,144.939453125,0.0003,1,a2c_entropy_low_seed1,0.1144723892211914,289.6507568359375,0.795355498790741,-4.028592109680176,188.12510681152344
1644,-108.33690643310547,-16.899823474884034,534,17.85746955871582,0.0003,1,a2c_entropy_low_seed1,-0.13114017248153687,35.9780158996582,0.7986586689949036,1.2094204425811768,48.0303840637207
1645,57.65502166748047,-12.932702045440674,1001,4.415857791900635,0.0003,1,a2c_entropy_low_seed1,0.4049298167228699,8.022665023803711,0.808724582195282,0.9057819247245789,25.643484115600586
1647,-104.68549346923828,-15.10954553604126,591,345.4574279785156,0.0003,1,a2c_entropy_low_seed1,-3.2350385189056396,697.3857421875,0.7902711033821106,-2.2152299880981445,188.21873474121094
1647,-104.68549346923828,-15.10954553604126,591,10.472455978393555,0.0003,1,a2c_entropy_low_seed1,0.5377587676048279,19.870271682739258,0.8778728246688843,1.140791654586792,53.337860107421875
1647,-104.68549346923828,-15.10954553604126,591,5.370685577392578,0.0003,1,a2c_entropy_low_seed1,-0.27768146991729736,11.297598838806152,0.864524245262146,0.1289854645729065,6.857523441314697
1649,-95.69844055175781,-21.425776081085203,478,227.73736572265625,0.0003,1,a2c_entropy_low_seed1,-2.6427102088928223,460.7609558105469,0.8074061870574951,-5.95683479309082,208.5427703857422
1649,-95.69844055175781,-21.425776081085203,478,2.8524909019470215,0.0003,1,a2c_entropy_low_seed1,-0.09669366478919983,5.899245262145996,0.8761188983917236,-0.04387187957763672,15.531207084655762
1649,-95.69844055175781,-21.425776081085203,478,3.9986531734466553,0.0003,1,a2c_entropy_low_seed1,-0.7183313369750977,9.434866905212402,0.8977351188659668,-0.6905808448791504,25.702939987182617
1649,-95.69844055175781,-21.425776081085203,478,3.7979953289031982,0.0003,1,a2c_entropy_low_seed1,-0.5605287551879883,8.717934608459473,0.8864045143127441,-0.4919987916946411,21.923351287841797
1650,-94.26026153564453,-26.072834033966064,419,132.6787872314453,0.0003,1,a2c_entropy_low_seed1,-1.2709733247756958,267.90045166015625,0.9124398231506348,-3.1015005111694336,112.51986694335938
1650,-94.26026153564453,-26.072834033966064,419,4.182741641998291,0.0003,1,a2c_entropy_low_seed1,0.03265156224370003,8.301051139831543,0.8702663779258728,0.43045753240585327,18.653423309326172
1650,-94.26026153564453,-26.072834033966064,419,2.5063018798828125,0.0003,1,a2c_entropy_low_seed1,-0.5010539293289185,6.015641689300537,0.9298396110534668,-0.3855169713497162,18.00902557373047
1650,-94.26026153564453,-26.072834033966064,419,4.538173198699951,0.0003,1,a2c_entropy_low_seed1,-0.7836661338806152,10.644599914550781,0.9209309816360474,-0.9089886546134949,36.56711959838867
1650,-94.26026153564453,-26.072834033966064,419,8.086894035339355,0.0003,1,a2c_entropy_low_seed1,0.274270236492157,15.626022338867188,0.7741039991378784,0.9454763531684875,34.2172966003418
1652,-124.2525634765625,-31.354166126251222,413,211.58265686035156,0.0003,1,a2c_entropy_low_seed1,-1.318144679069519,425.8023681640625,0.7657915949821472,-3.017160177230835,136.9045867919922
1654,176.69186401367188,-29.89618730545044,539,227.65928649902344,0.0003,1,a2c_entropy_low_seed1,-2.0672998428344727,459.4539489746094,0.7531877756118774,4.1549553871154785,205.6639404296875
1655,-70.61373901367188,-27.797318286895752,352,214.8533477783203,0.0003,1,a2c_entropy_low_seed1,0.3270987272262573,429.05328369140625,0.800244927406311,-4.317216873168945,209.405517578125
1655,-70.61373901367188,-27.797318286895752,352,4.915821552276611,0.0003,1,a2c_entropy_low_seed1,0.43086475133895874,8.970781326293945,0.8679211139678955,0.724955677986145,19.95550537109375
1655,-70.61373901367188,-27.797318286895752,352,8.784540176391602,0.0003,1,a2c_entropy_low_seed1,1.292901635169983,14.984231948852539,0.956227719783783,1.9999890327453613,73.87104034423828
1656,-87.22989654541016,-31.80738145828247,552,152.7758026123047,0.0003,1,a2c_entropy_low_seed1,-0.729823887348175,307.0120849609375,0.8181421756744385,-4.76314115524292,192.1470184326172
1656,-87.22989654541016,-31.80738145828247,552,3.8272573947906494,0.0003,1,a2c_entropy_low_seed1,0.013596557080745697,7.628208160400391,0.8862546682357788,0.1045200303196907,11.035872459411621
1656,-87.22989654541016,-31.80738145828247,552,35.612388610839844,0.0003,1,a2c_entropy_low_seed1,1.4051332473754883,68.41536712646484,0.8553305864334106,2.2533633708953857,58.562713623046875
1656,-87.22989654541016,-31.80738145828247,552,2.734844207763672,0.0003,1,a2c_entropy_low_seed1,0.5095958709716797,4.451409816741943,0.9131306409835815,0.6136564016342163,24.065935134887695
1656,-87.22989654541016,-31.80738145828247,552,3.5283889770507812,0.0003,1,a2c_entropy_low_seed1,0.3552330434322357,6.347197532653809,0.8854783177375793,0.5450793504714966,16.97496795654297
1656,-87.22989654541016,-31.80738145828247,552,16.080528259277344,0.0003,1,a2c_entropy_low_seed1,0.35253608226776123,31.456804275512695,0.8186101317405701,1.3114696741104126,39.11079788208008
1656,-87.22989654541016,-31.80738145828247,552,3.048121213912964,0.0003,1,a2c_entropy_low_seed1,-0.501029908657074,7.099130630493164,0.8283308148384094,-0.42716336250305176,25.255159378051758
1656,-87.22989654541016,-31.80738145828247,552,2.9422740936279297,0.0003,1,a2c_entropy_low_seed1,0.0022617876529693604,5.880915641784668,0.8909844160079956,-0.14726322889328003,18.351055145263672
1656,-87.22989654541016,-31.80738145828247,552,1.6463345289230347,0.0003,1,a2c_entropy_low_seed1,0.06698989868164062,3.1594648361206055,0.7756004333496094,0.30785423517227173,12.790375709533691
1658,-65.66004943847656,-29.02588966369629,393,282.3597412109375,0.0003,1,a2c_entropy_low_seed1,-2.1605114936828613,569.0413818359375,0.8283699750900269,2.806094169616699,231.822021484375
1659,-56.86152267456055,-33.128407592773435,450,183.5143585205078,0.0003,1,a2c_entropy_low_seed1,0.9839441180229187,365.0615539550781,0.7252331376075745,-1.3584758043289185,131.83251953125
1659,-56.86152267456055,-33.128407592773435,450,2.9094340801239014,0.0003,1,a2c_entropy_low_seed1,-0.31339529156684875,6.446457386016846,0.7987953424453735,0.16072168946266174,13.912919044494629
1659,-56.86152267456055,-33.128407592773435,450,4.38254976272583,0.0003,1,a2c_entropy_low_seed1,0.6387326121330261,7.488464832305908,0.8305898904800415,0.9405275583267212,36.85426712036133
1659,-56.86152267456055,-33.128407592773435,450,1.7381064891815186,0.0003,1,a2c_entropy_low_seed1,-0.06452524662017822,3.6061205863952637,0.8570193648338318,0.07726703584194183,12.548748970031738
1659,-56.86152267456055,-33.128407592773435,450,3.594811201095581,0.0003,1,a2c_entropy_low_seed1,-0.1677519828081131,7.525981903076172,0.8555816411972046,0.06686556339263916,18.049348831176758
1659,-56.86152267456055,-33.128407592773435,450,0.7868161201477051,0.0003,1,a2c_entropy_low_seed1,-0.24040615558624268,2.0552778244018555,0.8332737684249878,-0.2358151376247406,12.177264213562012
1659,-56.86152267456055,-33.128407592773435,450,0.6458418965339661,0.0003,1,a2c_entropy_low_seed1,-0.7439014315605164,2.7803587913513184,0.8721553087234497,-0.761479377746582,22.562589645385742
1660,98.02694702148438,-29.434297790527342,1001,38.06792449951172,0.0003,1,a2c_entropy_low_seed1,2.637345790863037,70.86197662353516,0.8138650059700012,2.578516960144043,83.87539672851562
1660,98.02694702148438,-29.434297790527342,1001,9.378856658935547,0.0003,1,a2c_entropy_low_seed1,-0.7128793001174927,20.18425750732422,0.7854958772659302,-0.3329584002494812,12.889636993408203
1660,98.02694702148438,-29.434297790527342,1001,1.7094268798828125,0.0003,1,a2c_entropy_low_seed1,-0.11733534932136536,3.6543142795562744,0.789999783039093,0.16702067852020264,12.598362922668457
1660,98.02694702148438,-29.434297790527342,1001,10.145732879638672,0.0003,1,a2c_entropy_low_seed1,-0.8206726908683777,21.93362808227539,0.8157254457473755,-0.31469491124153137,22.853322982788086
1660,98.02694702148438,-29.434297790527342,1001,0.5690414309501648,0.0003,1,a2c_entropy_low_seed1,-0.604032039642334,2.346933126449585,0.7862406969070435,-0.6734871864318848,18.963640213012695
1660,98.02694702148438,-29.434297790527342,1001,0.5334697365760803,0.0003,1,a2c_entropy_low_seed1,-0.5368463397026062,2.1414220333099365,0.7899165749549866,-0.5310169458389282,16.193239212036133
1661,147.44680786132812,-24.518961639404296,721,118.1680679321289,0.0003,1,a2c_entropy_low_seed1,-0.07053883373737335,236.4780731201172,0.8583649396896362,2.650719404220581,117.74378204345703
1661,147.44680786132812,-24.518961639404296,721,3.59037446975708,0.0003,1,a2c_entropy_low_seed1,0.6564365029335022,5.86872673034668,0.8504701852798462,0.8304709196090698,20.881961822509766
1662,-182.11386108398438,-28.959806823730467,518,322.9956970214844,0.0003,1,a2c_entropy_low_seed1,-3.777895927429199,653.5479736328125,0.7673669457435608,-9.508973121643066,401.85540771484375
1664,106.64895629882812,-19.961598052978516,1001,11.309019088745117,0.0003,1,a2c_entropy_low_seed1,-0.2097947597503662,23.038408279418945,0.7795588970184326,0.21138432621955872,21.499408721923828
1665,59.263362884521484,-16.56662208557129,1001,5.390445232391357,0.0003,1,a2c_entropy_low_seed1,0.7444009184837341,9.29294490814209,0.856168806552887,1.24263334274292,37.3533821105957
1665,59.263362884521484,-16.56662208557129,1001,8.140342712402344,0.0003,1,a2c_entropy_low_seed1,0.20784980058670044,15.865882873535156,0.8965637683868408,0.2078274041414261,17.333148956298828
1666,-97.31140899658203,-20.184794540405274,584,38.303314208984375,0.0003,1,a2c_entropy_low_seed1,0.11817508935928345,76.37117004394531,0.8944819569587708,-0.04201414808630943,35.70149612426758
1666,-97.31140899658203,-20.184794540405274,584,2.3094162940979004,0.0003,1,a2c_entropy_low_seed1,-0.08278287202119827,4.7852983474731445,0.8998991250991821,-0.057569295167922974,10.373245239257812
1667,-126.8595199584961,-23.999334030151367,697,164.44601440429688,0.0003,1,a2c_entropy_low_seed1,-0.9120282530784607,330.71697998046875,0.8731998801231384,-5.653323650360107,208.08413696289062
1667,-126.8595199584961,-23.999334030151367,697,3.83128023147583,0.0003,1,a2c_entropy_low_seed1,0.06819222867488861,7.527090072631836,0.91410231590271,0.15651501715183258,9.472549438476562
1667,-126.8595199584961,-23.999334030151367,697,3.703984498977661,0.0003,1,a2c_entropy_low_seed1,0.20821398496627808,6.9924187660217285,0.8777360320091248,0.5394461154937744,24.914087295532227
1667,-126.8595199584961,-23.999334030151367,697,2.6170082092285156,0.0003,1,a2c_entropy_low_seed1,-0.2039136290550232,5.642702102661133,0.8585205078125,-0.11703377962112427,10.513467788696289
1667,-126.8595199584961,-23.999334030151367,697,2.7347469329833984,0.0003,1,a2c_entropy_low_seed1,0.4578448534011841,4.554754257202148,0.9499294757843018,0.6973251104354858,25.856342315673828
1667,-126.8595199584961,-23.999334030151367,697,5.2958550453186035,0.0003,1,a2c_entropy_low_seed1,0.08454129844903946,10.423447608947754,0.8205834627151489,-0.15506911277770996,9.514250755310059
1667,-126.8595199584961,-23.999334030151367,697,3.5908448696136475,0.0003,1,a2c_entropy_low_seed1,-0.94419264793396,9.070964813232422,0.8898409605026245,-1.0987037420272827,32.41490173339844
1667,-126.8595199584961,-23.999334030151367,697,1.9291192293167114,0.0003,1,a2c_entropy_low_seed1,0.0784626454114914,3.7022132873535156,0.9000290036201477,0.42158064246177673,12.820313453674316
1667,-126.8595199584961,-23.999334030151367,697,1.4729663133621216,0.0003,1,a2c_entropy_low_seed1,-0.8920024037361145,4.730900287628174,0.9628928303718567,-0.6471033096313477,18.75602149963379
1667,-126.8595199584961,-23.999334030151367,697,4.173539161682129,0.0003,1,a2c_entropy_low_seed1,1.1771596670150757,5.993678569793701,0.9191383719444275,1.196398138999939,32.946041107177734
1667,-126.8595199584961,-23.999334030151367,697,18.668319702148438,0.0003,1,a2c_entropy_low_seed1,-1.1868915557861328,39.71137237548828,0.951566219329834,-1.3655753135681152,51.404415130615234
1669,-61.77168273925781,-24.76088970184326,357,208.71807861328125,0.0003,1,a2c_entropy_low_seed1,-0.10561966896057129,417.6480712890625,0.675421953201294,-0.9910852909088135,126.6740951538086
1669,-61.77168273925781,-24.76088970184326,357,4.625024318695068,0.0003,1,a2c_entropy_low_seed1,-0.2814639210700989,9.813658714294434,0.6819748282432556,-0.04652923345565796,26.850255966186523
1669,-61.77168273925781,-24.76088970184326,357,9.257664680480957,0.0003,1,a2c_entropy_low_seed1,0.7539199590682983,17.00821876525879,0.727890133857727,0.8835692405700684,44.548851013183594
1669,-61.77168273925781,-24.76088970184326,357,39.72340774536133,0.0003,1,a2c_entropy_low_seed1,3.1220197677612305,73.20342254638672,0.6491147875785828,3.4722366333007812,93.5164566040039
1670,103.88307189941406,-20.66564220428467,743,186.6670684814453,0.0003,1,a2c_entropy_low_seed1,0.12550154328346252,373.083740234375,0.6247908473014832,5.071839332580566,204.05181884765625
1670,103.88307189941406,-20.66564220428467,743,1.217179298400879,0.0003,1,a2c_entropy_low_seed1,0.15574556589126587,2.123577117919922,0.709621787071228,0.29416099190711975,9.457303047180176
1671,145.5689697265625,-16.285504570007323,635,180.0638427734375,0.0003,1,a2c_entropy_low_seed1,0.58531254529953,358.957763671875,0.6972294449806213,6.0699872970581055,205.7313690185547
1672,64.69384002685547,-13.199407005310059,1001,4.766558647155762,0.0003,1,a2c_entropy_low_seed1,-0.004243154078722,9.54230785369873,0.7034493088722229,0.36374032497406006,9.567185401916504
1672,64.69384002685547,-13.199407005310059,1001,2.5511536598205566,0.0003,1,a2c_entropy_low_seed1,0.02419421076774597,5.054649353027344,0.7306666374206543,0.15312035381793976,9.241462707519531
1672,64.69384002685547,-13.199407005310059,1001,2.671992778778076,0.0003,1,a2c_entropy_low_seed1,0.6722586154937744,4.000178337097168,0.7101017236709595,0.7590125203132629,32.594722747802734
1672,64.69384002685547,-13.199407005310059,1001,1.639988660812378,0.0003,1,a2c_entropy_low_seed1,-0.5772416591644287,4.435245513916016,0.7849697470664978,-0.6527897119522095,20.855182647705078
1672,64.69384002685547,-13.199407005310059,1001,1.7905850410461426,0.0003,1,a2c_entropy_low_seed1,-0.35703179240226746,4.296002388000488,0.7686267495155334,-0.43997013568878174,23.3807315826416
1672,64.69384002685547,-13.199407005310059,1001,2.2894608974456787,0.0003,1,a2c_entropy_low_seed1,-0.274091899394989,5.127870082855225,0.7641845345497131,-0.38108697533607483,12.382423400878906
1672,64.69384002685547,-13.199407005310059,1001,2.8498880863189697,0.0003,1,a2c_entropy_low_seed1,-1.374199628829956,8.448904991149902,0.7296543121337891,-1.5383222103118896,51.496849060058594
1673,-50.742652893066406,-13.248053703308106,458,142.33787536621094,0.0003,1,a2c_entropy_low_seed1,-0.6522516012191772,285.9809265136719,0.6594551801681519,-3.7500252723693848,151.8646697998047
1675,55.26521301269531,-11.658833885192871,1001,7.181931495666504,0.0003,1,a2c_entropy_low_seed1,-0.96025550365448,16.28517723083496,0.8032184839248657,-0.811030387878418,42.34531784057617
1676,60.56736755371094,-8.741687736511231,1001,5.91123104095459,0.0003,1,a2c_entropy_low_seed1,0.29790520668029785,11.227500915527344,0.8488495349884033,0.3433666527271271,17.523357391357422
1676,60.56736755371094,-8.741687736511231,1001,6.116607189178467,0.0003,1,a2c_entropy_low_seed1,-0.4441814124584198,13.12250804901123,0.9309189319610596,-0.7074723839759827,34.23005294799805
1676,60.56736755371094,-8.741687736511231,1001,6.49891471862793,0.0003,1,a2c_entropy_low_seed1,-0.4906383156776428,13.979930877685547,0.825210452079773,-0.6416583061218262,38.36396408081055
1676,60.56736755371094,-8.741687736511231,1001,27.11481285095215,0.0003,1,a2c_entropy_low_seed1,2.2341623306274414,49.76220703125,0.9036412239074707,2.762981414794922,74.56326293945312
1676,60.56736755371094,-8.741687736511231,1001,1.3553839921951294,0.0003,1,a2c_entropy_low_seed1,-1.077629804611206,4.866828918457031,0.8012468218803406,-0.9598811268806458,34.98042678833008
1676,60.56736755371094,-8.741687736511231,1001,2.199660062789917,0.0003,1,a2c_entropy_low_seed1,-0.4706922471523285,5.341533184051514,0.8286137580871582,-0.45519086718559265,16.308895111083984
1677,137.4676971435547,-7.107118949890137,684,148.54971313476562,0.0003,1,a2c_entropy_low_seed1,-1.6915017366409302,300.4832763671875,0.8441521525382996,1.3358843326568604,137.38217163085938
1677,137.4676971435547,-7.107118949890137,684,7.9651198387146,0.0003,1,a2c_entropy_low_seed1,-0.7699795365333557,17.470998764038086,0.7999078035354614,0.09208059310913086,23.840391159057617
1677,137.4676971435547,-7.107118949890137,684,2.7364144325256348,0.0003,1,a2c_entropy_low_seed1,-0.052747249603271484,5.579165458679199,0.8420895338058472,0.16209059953689575,7.223392963409424
1679,-72.17265319824219,-6.490127830505371,366,270.5770263671875,0.0003,1,a2c_entropy_low_seed1,-3.4587314128875732,548.0724487304688,0.8866701126098633,-0.4551434814929962,97.85797882080078
1679,-72.17265319824219,-6.490127830505371,366,17.36997413635254,0.0003,1,a2c_entropy_low_seed1,0.670872151851654,33.39910888671875,0.9037891030311584,1.2160313129425049,43.7576789855957
1679,-72.17265319824219,-6.490127830505371,366,10.11873722076416,0.0003,1,a2c_entropy_low_seed1,-1.2366862297058105,22.711669921875,0.8225908279418945,-1.8571748733520508,62.16985321044922
1679,-72.17265319824219,-6.490127830505371,366,16.682153701782227,0.0003,1,a2c_entropy_low_seed1,0.17488732933998108,33.015316009521484,0.780439019203186,1.3195302486419678,60.882965087890625
1680,-172.1248016357422,-9.730798511505126,813,86.26469421386719,0.0003,1,a2c_entropy_low_seed1,-3.816924810409546,180.16403198242188,0.7875043153762817,-4.192065715789795,164.34036254882812
1681,117.38691711425781,-3.609478015899658,488,159.31431579589844,0.0003,1,a2c_entropy_low_seed1,1.4358586072921753,315.7576904296875,0.767471194267273,6.044007778167725,220.77670288085938
1682,-65.83646392822266,-2.1666253852844237,498,139.9463653564453,0.0003,1,a2c_entropy_low_seed1,-0.43290555477142334,280.75933837890625,0.7843334078788757,-4.129884243011475,177.447509765625
1683,-114.30367279052734,-7.270043811798096,491,45.636383056640625,0.0003,1,a2c_entropy_low_seed1,-1.8235371112823486,94.92070007324219,0.8584094643592834,-1.5195467472076416,52.307891845703125
1683,-114.30367279052734,-7.270043811798096,491,2.0569376945495605,0.0003,1,a2c_entropy_low_seed1,0.16639554500579834,3.7819416522979736,0.8571714758872986,0.349448561668396,17.213396072387695
1683,-114.30367279052734,-7.270043811798096,491,0.7999919652938843,0.0003,1,a2c_entropy_low_seed1,-0.41860517859458923,2.438044309616089,0.8499581217765808,-0.22133402526378632,10.931313514709473
1683,-114.30367279052734,-7.270043811798096,491,2.940898895263672,0.0003,1,a2c_entropy_low_seed1,-0.04028884321451187,5.963214874267578,0.8390541672706604,0.20942360162734985,19.22405242919922
1683,-114.30367279052734,-7.270043811798096,491,1.0795828104019165,0.0003,1,a2c_entropy_low_seed1,-0.0663909986615181,2.292860269546509,0.9126976132392883,0.06733453273773193,6.841348648071289
1683,-114.30367279052734,-7.270043811798096,491,17.828449249267578,0.0003,1,a2c_entropy_low_seed1,-0.10602259635925293,35.869781494140625,0.8397446274757385,0.43047064542770386,20.048397064208984
1684,13.5560884475708,-7.71627555847168,1001,5.125661373138428,0.0003,1,a2c_entropy_low_seed1,-0.24069495499134064,10.733516693115234,0.8037569522857666,-0.1769406646490097,13.872097969055176
1684,13.5560884475708,-7.71627555847168,1001,7.55755615234375,0.0003,1,a2c_entropy_low_seed1,-1.0403465032577515,17.19663429260254,0.8284956812858582,-1.6333186626434326,64.7476577758789
1684,13.5560884475708,-7.71627555847168,1001,2.732194662094116,0.0003,1,a2c_entropy_low_seed1,0.10432706773281097,5.256525993347168,0.790695309638977,0.4721728265285492,24.508201599121094
1686,-96.12979125976562,-4.837029094696045,521,223.08401489257812,0.0003,1,a2c_entropy_low_seed1,-2.372474193572998,450.913818359375,0.8499725461006165,1.280278205871582,122.0506362915039
1686,-96.12979125976562,-4.837029094696045,521,2.60162615776062,0.0003,1,a2c_entropy_low_seed1,-0.24159196019172668,5.687366008758545,0.9296160936355591,-0.17952628433704376,12.000473976135254
1686,-96.12979125976562,-4.837029094696045,521,2.7891845703125,0.0003,1,a2c_entropy_low_seed1,-0.39274343848228455,6.364684581756592,0.8287283778190613,-0.339404821395874,26.51174545288086
1687,-83.04335021972656,-9.206961040496827,484,186.99578857421875,0.0003,1,a2c_entropy_low_seed1,-1.505944013595581,377.0043029785156,0.8109601140022278,-6.3818864822387695,246.7548828125
1687,-83.04335021972656,-9.206961040496827,484,7.567722320556641,0.0003,1,a2c_entropy_low_seed1,-0.20681427419185638,15.550003051757812,0.9298620820045471,0.008603451773524284,31.264257431030273
1687,-83.04335021972656,-9.206961040496827,484,5.944406032562256,0.0003,1,a2c_entropy_low_seed1,-0.28307899832725525,12.45581340789795,0.8433269262313843,-0.144424706697464,29.132795333862305
1687,-83.04335021972656,-9.206961040496827,484,4.839051723480225,0.0003,1,a2c_entropy_low_seed1,-0.37781739234924316,10.43458080291748,0.8422824740409851,-0.1869422197341919,23.61642837524414
1687,-83.04335021972656,-9.206961040496827,484,17.048147201538086,0.0003,1,a2c_entropy_low_seed1,1.1797807216644287,31.737646102905273,0.9111228585243225,0.8421070575714111,33.09885787963867
1687,-83.04335021972656,-9.206961040496827,484,6.265229225158691,0.0003,1,a2c_entropy_low_seed1,0.8895837664604187,10.752215385437012,0.923725426197052,0.8037057518959045,25.244430541992188
1688,-103.4932632446289,-9.182556285858155,391,109.73748779296875,0.0003,1,a2c_entropy_low_seed1,-1.8972359895706177,223.27023315429688,0.7802789211273193,-1.4546107053756714,97.49469757080078
1688,-103.4932632446289,-9.182556285858155,391,13.110023498535156,0.0003,1,a2c_entropy_low_seed1,0.6082073450088501,25.004392623901367,0.7604621648788452,-0.10443918406963348,28.73958396911621
1688,-103.4932632446289,-9.182556285858155,391,17.086854934692383,0.0003,1,a2c_entropy_low_seed1,1.0332224369049072,32.10795974731445,0.6951347589492798,1.374567985534668,47.84750747680664
1689,48.68471908569336,-6.874420223236084,899,274.30615234375,0.0003,1,a2c_entropy_low_seed1,0.38581740856170654,547.8413696289062,0.689832329750061,7.766851425170898,307.3705139160156
1689,48.68471908569336,-6.874420223236084,899,3.142089366912842,0.0003,1,a2c_entropy_low_seed1,0.012049436569213867,6.26078987121582,0.7098315954208374,0.7206013202667236,23.39055061340332
1689,48.68471908569336,-6.874420223236084,899,11.610337257385254,0.0003,1,a2c_entropy_low_seed1,-0.6492226123809814,24.519824981689453,0.7061855792999268,0.05040085315704346,20.38188362121582
1690,84.96058654785156,-1.0483029747009278,767,83.43354034423828,0.0003,1,a2c_entropy_low_seed1,-0.28728151321411133,167.44239807128906,0.740894615650177,1.510636568069458,85.20712280273438
1691,164.24087524414062,0.0859317970275879,514,141.47377014160156,0.0003,1,a2c_entropy_low_seed1,0.5839049816131592,281.7804870605469,0.7588304281234741,4.754576683044434,170.35333251953125
1692,-119.22822570800781,-4.788326473236084,545,138.69943237304688,0.0003,1,a2c_entropy_low_seed1,-0.1420925110578537,277.6838684082031,0.8285551071166992,-3.438876152038574,170.67506408691406
1692,-119.22822570800781,-4.788326473236084,545,1.5583544969558716,0.0003,1,a2c_entropy_low_seed1,-0.1635615974664688,3.4446280002593994,0.7959133386611938,0.04646019637584686,10.034722328186035
1692,-119.22822570800781,-4.788326473236084,545,2.627824544906616,0.0003,1,a2c_entropy_low_seed1,-0.18653690814971924,5.629605293273926,0.8825284838676453,-0.04038675129413605,9.953838348388672
1693,72.62458801269531,-1.5734906578063965,1001,2.14456844329834,0.0003,1,a2c_entropy_low_seed1,-0.6237995624542236,5.537533760070801,0.797882080078125,-0.14678454399108887,6.263507843017578
1694,61.988182067871094,1.8330111122131347,1001,13.402169227600098,0.0003,1,a2c_entropy_low_seed1,-0.7093809843063354,28.223896026611328,0.7959398627281189,-0.329872727394104,17.068599700927734
1694,61.988182067871094,1.8330111122131347,1001,8.710419654846191,0.0003,1,a2c_entropy_low_seed1,-0.6033371090888977,18.628307342529297,0.793399453163147,0.5187146663665771,30.624221801757812
1694,61.988182067871094,1.8330111122131347,1001,3.1272246837615967,0.0003,1,a2c_entropy_low_seed1,0.18933352828025818,5.876598834991455,0.8165644407272339,0.6610659956932068,22.07451057434082
1696,84.10964965820312,-1.7991725730895995,654,227.4547576904297,0.0003,1,a2c_entropy_low_seed1,-2.768622636795044,460.4476013183594,0.8432567119598389,2.5274627208709717,181.0585479736328
1696,84.10964965820312,-1.7991725730895995,654,4.550581455230713,0.0003,1,a2c_entropy_low_seed1,-0.3822912275791168,9.866605758666992,0.8602262735366821,-0.6150224208831787,29.874353408813477
1696,84.10964965820312,-1.7991725730895995,654,2.3841588497161865,0.0003,1,a2c_entropy_low_seed1,-0.13833877444267273,5.045952320098877,0.9570932388305664,-0.259891539812088,16.67913055419922
1696,84.10964965820312,-1.7991725730895995,654,102.11502838134766,0.0003,1,a2c_entropy_low_seed1,-3.0308988094329834,210.29263305664062,0.77597975730896,-6.070686340332031,195.7747802734375
1697,-83.48423767089844,-1.3751474571228028,420,102.64244842529297,0.0003,1,a2c_entropy_low_seed1,-0.4239979684352875,206.1336669921875,0.7728368043899536,-2.264345645904541,96.24105834960938
1699,-66.124267578125,-0.5950227165222168,178,238.01185607910156,0.0003,1,a2c_entropy_low_seed1,-10.478508949279785,496.9815673828125,0.8192219734191895,-8.873104095458984,407.35400390625
1700,164.34780883789062,4.577138690948487,558,150.60438537597656,0.0003,1,a2c_entropy_low_seed1,-0.8403130173683167,302.8902893066406,0.8790318369865417,2.806896686553955,115.53727722167969
1700,164.34780883789062,4.577138690948487,558,3.0606184005737305,0.0003,1,a2c_entropy_low_seed1,-1.1450786590576172,8.412286758422852,0.8927303552627563,-1.1444777250289917,41.922279357910156
1700,164.34780883789062,4.577138690948487,558,2.626800298690796,0.0003,1,a2c_entropy_low_seed1,0.14017969369888306,4.974170207977295,0.9287071824073792,-0.03211800009012222,10.630690574645996
1701,-109.97893524169922,3.7799012947082518,399,72.74691772460938,0.0003,1,a2c_entropy_low_seed1,-1.8848323822021484,149.26443481445312,0.9350836277008057,-3.1989452838897705,114.28758239746094
1702,-61.984107971191406,5.025270404815674,546,144.6360321044922,0.0003,1,a2c_entropy_low_seed1,-1.1412906646728516,291.5555114746094,0.8482391834259033,-3.616558790206909,160.1266326904297
1703,-95.79248809814453,4.38942705154419,606,105.46052551269531,0.0003,1,a2c_entropy_low_seed1,0.6950075030326843,209.53184509277344,0.8023533821105957,-1.4865531921386719,113.86603546142578
1703,-95.79248809814453,4.38942705154419,606,4.278162002563477,0.0003,1,a2c_entropy_low_seed1,0.9126489758491516,6.7319416999816895,0.9151442050933838,0.749265193939209,39.82594680786133
1704,-86.38941192626953,-0.8721984672546387,306,105.44652557373047,0.0003,1,a2c_entropy_low_seed1,-5.876017093658447,222.64599609375,0.9151895642280579,-4.699708938598633,197.6851043701172
1704,-86.38941192626953,-0.8721984672546387,306,6.995277404785156,0.0003,1,a2c_entropy_low_seed1,-0.3093968629837036,14.610241889953613,0.8935738801956177,-0.12669795751571655,19.751245498657227
1704,-86.38941192626953,-0.8721984672546387,306,2.3784093856811523,0.0003,1,a2c_entropy_low_seed1,-0.18711090087890625,5.131955146789551,0.914427638053894,0.04793618619441986,6.140474796295166
1704,-86.38941192626953,-0.8721984672546387,306,21.86617660522461,0.0003,1,a2c_entropy_low_seed1,1.6675164699554443,40.398250579833984,0.9291194677352905,2.4109997749328613,72.12376403808594
1705,-73.76656341552734,-0.9352549552917481,248,70.73237609863281,0.0003,1,a2c_entropy_low_seed1,-0.45099860429763794,142.36753845214844,0.7983992099761963,-1.3850717544555664,70.69265747070312
1706,-122.55119323730469,-1.6416808891296386,376,38.14054489135742,0.0003,1,a2c_entropy_low_seed1,-0.015561964362859726,76.31298065185547,0.7730633020401001,0.0420791320502758,45.469696044921875
1706,-122.55119323730469,-1.6416808891296386,376,3.604660987854004,0.0003,1,a2c_entropy_low_seed1,0.38856959342956543,6.433005332946777,0.8223981857299805,0.4416036009788513,28.09395980834961
1706,-122.55119323730469,-1.6416808891296386,376,2.2600245475769043,0.0003,1,a2c_entropy_low_seed1,-0.21864688396453857,4.95821475982666,0.8714378476142883,-0.29734137654304504,9.836505889892578
1706,-122.55119323730469,-1.6416808891296386,376,1.06464421749115,0.0003,1,a2c_entropy_low_seed1,-0.6624294519424438,3.455031633377075,0.8842079043388367,-0.5986502766609192,22.898113250732422
1706,-122.55119323730469,-1.6416808891296386,376,1.911726474761963,0.0003,1,a2c_entropy_low_seed1,0.528769314289093,2.7668204307556152,0.9058939814567566,0.5591344833374023,17.210994720458984
1706,-122.55119323730469,-1.6416808891296386,376,27.82994270324707,0.0003,1,a2c_entropy_low_seed1,-0.31115105748176575,56.2829704284668,0.782942533493042,1.172706127166748,48.648921966552734
1706,-122.55119323730469,-1.6416808891296386,376,1.4788542985916138,0.0003,1,a2c_entropy_low_seed1,-0.5651271343231201,4.088750839233398,0.7878758907318115,-0.32395440340042114,15.207403182983398
1706,-122.55119323730469,-1.6416808891296386,376,7.132543563842773,0.0003,1,a2c_entropy_low_seed1,1.1134997606277466,12.038866996765137,0.7796112298965454,1.3487825393676758,36.21570587158203
1708,-65.13126373291016,-3.421684398651123,309,212.00686645507812,0.0003,1,a2c_entropy_low_seed1,-3.099350929260254,430.2131652832031,0.7293272614479065,-0.4815463423728943,158.42710876464844
1708,-65.13126373291016,-3.421684398651123,309,5.9733357429504395,0.0003,1,a2c_entropy_low_seed1,0.6141272187232971,10.719182014465332,0.7648190259933472,0.8703424334526062,33.60218048095703
1708,-65.13126373291016,-3.421684398651123,309,1.5396648645401,0.0003,1,a2c_entropy_low_seed1,0.3560916483402252,2.3679513931274414,0.8049550652503967,0.47975167632102966,13.148351669311523
1709,127.5390853881836,0.2663277626037598,760,146.6914520263672,0.0003,1,a2c_entropy_low_seed1,0.11148576438426971,293.1607666015625,0.817477822303772,4.142577171325684,171.88031005859375
1709,127.5390853881836,0.2663277626037598,760,2.3049397468566895,0.0003,1,a2c_entropy_low_seed1,0.2681295871734619,4.074453353881836,0.8331258296966553,0.459026575088501,14.803656578063965
1710,49.1127815246582,-0.7119555473327637,1001,23.79121208190918,0.0003,1,a2c_entropy_low_seed1,-1.0632067918777466,49.7095832824707,0.7421844005584717,-0.8534981608390808,29.770763397216797
1711,-55.26864242553711,-4.7662645530700685,476,153.24888610839844,0.0003,1,a2c_entropy_low_seed1,-0.5931894779205322,307.6849060058594,0.747772753238678,-3.6277847290039062,168.616455078125
1711,-55.26864242553711,-4.7662645530700685,476,10.307867050170898,0.0003,1,a2c_entropy_low_seed1,-0.5800365209579468,21.776683807373047,0.8773007988929749,0.24576181173324585,37.657684326171875
1712,80.81477355957031,0.4923081398010254,743,176.09825134277344,0.0003,1,a2c_entropy_low_seed1,1.118359923362732,349.9605712890625,0.8047012686729431,6.035274028778076,225.50070190429688
1712,80.81477355957031,0.4923081398010254,743,2.7033307552337646,0.0003,1,a2c_entropy_low_seed1,-0.6073029041290283,6.622167587280273,0.9003670811653137,-0.5067969560623169,15.476547241210938
1712,80.81477355957031,0.4923081398010254,743,13.37909984588623,0.0003,1,a2c_entropy_low_seed1,0.8159106373786926,25.127290725708008,0.9123672246932983,0.9506232738494873,40.62199020385742
1714,-122.49566650390625,-9.463615016937256,761,286.1906433105469,0.0003,1,a2c_entropy_low_seed1,-2.4078896045684814,577.1978759765625,0.7736236453056335,-8.814176559448242,376.756103515625
1714,-122.49566650390625,-9.463615016937256,761,4.054605960845947,0.0003,1,a2c_entropy_low_seed1,-0.11372950673103333,8.337601661682129,0.9307922720909119,-0.18334753811359406,16.273746490478516
1714,-122.49566650390625,-9.463615016937256,761,19.569276809692383,0.0003,1,a2c_entropy_low_seed1,2.2685770988464355,34.602352142333984,0.9554048180580139,2.7009592056274414,86.09052276611328
1714,-122.49566650390625,-9.463615016937256,761,3.9468131065368652,0.0003,1,a2c_entropy_low_seed1,0.7343081831932068,6.425882339477539,0.8727703094482422,0.8552899360656738,31.59966278076172
1714,-122.49566650390625,-9.463615016937256,761,18.363079071044922,0.0003,1,a2c_entropy_low_seed1,0.3001406788825989,36.126686096191406,0.8087761402130127,-0.1631261110305786,36.397254943847656
1715,-87.64053344726562,-12.401692943572998,405,86.56932067871094,0.0003,1,a2c_entropy_low_seed1,0.5318789482116699,172.07582092285156,0.9252978563308716,-0.2822743356227875,61.890106201171875
1716,-46.75604248046875,-11.390585613250732,290,120.2562255859375,0.0003,1,a2c_entropy_low_seed1,-2.7185888290405273,245.950439453125,0.8131839036941528,-2.2071454524993896,123.03205108642578
1716,-46.75604248046875,-11.390585613250732,290,9.167513847351074,0.0003,1,a2c_entropy_low_seed1,-0.10832686722278595,18.552461624145508,0.7802586555480957,0.8203951716423035,29.714309692382812
1717,-116.50723266601562,-11.183539867401123,450,189.14718627929688,0.0003,1,a2c_entropy_low_seed1,-0.4530625343322754,379.2012023925781,0.6966882944107056,-5.018181800842285,215.4313507080078
1719,-95.36466217041016,-8.788834209442138,441,311.5097961425781,0.0003,1,a2c_entropy_low_seed1,-2.2875876426696777,627.5955200195312,0.7054780125617981,-1.983431100845337,158.65646362304688
1720,-75.7955322265625,-12.38240629196167,324,91.00855255126953,0.0003,1,a2c_entropy_low_seed1,-2.9852659702301025,187.98855590820312,0.9227948188781738,-2.6609044075012207,152.56370544433594
1720,-75.7955322265625,-12.38240629196167,324,3.324709892272949,0.0003,1,a2c_entropy_low_seed1,-0.24887928366661072,7.148092746734619,0.9145715236663818,-0.35122284293174744,16.595115661621094
1721,-90.26914978027344,-17.099168682098387,387,141.6235809326172,0.0003,1,a2c_entropy_low_seed1,0.2704302668571472,282.7071533203125,0.8413785696029663,-3.6322364807128906,164.82737731933594
1721,-90.26914978027344,-17.099168682098387,387,1.5583610534667969,0.0003,1,a2c_entropy_low_seed1,-0.31473633646965027,3.747032880783081,0.8380886316299438,-0.3661741018295288,14.19412612915039
1721,-90.26914978027344,-17.099168682098387,387,3.7826144695281982,0.0003,1,a2c_entropy_low_seed1,-0.7431051135063171,9.052261352539062,0.8218768835067749,-0.8099661469459534,32.3363037109375
1722,-57.23604202270508,-19.5377663230896,204,107.11568450927734,0.0003,1,a2c_entropy_low_seed1,-3.2308177947998047,220.69383239746094,0.826735258102417,-4.908340930938721,182.6177978515625
1722,-57.23604202270508,-19.5377663230896,204,14.170162200927734,0.0003,1,a2c_entropy_low_seed1,-0.8824639916419983,30.106143951416016,0.8905136585235596,-1.813793659210205,66.80091857910156
1724,-76.21656799316406,-21.85110456466675,389,96.52252960205078,0.0003,1,a2c_entropy_low_seed1,-1.7115188837051392,196.46890258789062,0.803654134273529,-3.206186294555664,115.19799041748047
1724,-76.21656799316406,-21.85110456466675,389,3.8215510845184326,0.0003,1,a2c_entropy_low_seed1,0.12528780102729797,7.393371105194092,0.8444257974624634,0.1384747475385666,30.025766372680664
1724,-76.21656799316406,-21.85110456466675,389,2.7693569660186768,0.0003,1,a2c_entropy_low_seed1,0.47264689207077026,4.594265937805176,0.8458264470100403,0.6602636575698853,21.985456466674805
1725,103.64772033691406,-20.883454418182374,1001,10.782215118408203,0.0003,1,a2c_entropy_low_seed1,0.7382248640060425,20.08885383605957,0.8743709921836853,0.97802734375,33.25392532348633
1725,103.64772033691406,-20.883454418182374,1001,2.9771053791046143,0.0003,1,a2c_entropy_low_seed1,-0.46664586663246155,6.8883843421936035,0.8817238807678223,-0.4833444356918335,28.088420867919922
1726,-72.04327392578125,-23.535667247772217,392,227.03091430664062,0.0003,1,a2c_entropy_low_seed1,-1.4458413124084473,456.9543762207031,0.8605424165725708,-5.647054672241211,240.39553833007812
1727,-83.25277709960938,-27.950076732635498,255,127.32038879394531,0.0003,1,a2c_entropy_low_seed1,-3.5544793605804443,261.75054931640625,0.8078054785728455,-3.4300684928894043,171.3384246826172
1727,-83.25277709960938,-27.950076732635498,255,15.326264381408691,0.0003,1,a2c_entropy_low_seed1,1.8035346269607544,27.04636001586914,0.900903582572937,1.7744133472442627,72.67333984375
1727,-83.25277709960938,-27.950076732635498,255,11.156540870666504,0.0003,1,a2c_entropy_low_seed1,1.3004735708236694,19.713024139404297,0.8885641098022461,2.145287036895752,76.90233612060547
1727,-83.25277709960938,-27.950076732635498,255,14.71760082244873,0.0003,1,a2c_entropy_low_seed1,-0.2234513759613037,29.882991790771484,0.8865463137626648,0.11701516807079315,11.938446044921875
1727,-83.25277709960938,-27.950076732635498,255,3.4537508487701416,0.0003,1,a2c_entropy_low_seed1,0.5680935382843018,5.772242546081543,0.9277635216712952,0.7559951543807983,24.277141571044922
1727,-83.25277709960938,-27.950076732635498,255,2.5973987579345703,0.0003,1,a2c_entropy_low_seed1,0.3727642297744751,4.450190544128418,0.9212920665740967,0.5597405433654785,18.6629581451416
1728,-137.4535369873047,-32.88747556686401,649,32.38112258911133,0.0003,1,a2c_entropy_low_seed1,-0.1949022114276886,65.15290832519531,0.8616437315940857,0.1507909893989563,26.425209045410156
1729,-65.07386779785156,-32.7454998588562,231,104.9688949584961,0.0003,1,a2c_entropy_low_seed1,-3.6063308715820312,217.15130615234375,0.855096697807312,-4.527740478515625,203.89031982421875
1730,-66.25901794433594,-30.628184185028076,467,83.75518035888672,0.0003,1,a2c_entropy_low_seed1,-1.631458044052124,170.77415466308594,0.8818045854568481,-2.3455135822296143,104.8176040649414
1730,-66.25901794433594,-30.628184185028076,467,27.247861862182617,0.0003,1,a2c_entropy_low_seed1,2.2718844413757324,49.95283508300781,0.8822490572929382,2.201730728149414,64.87993621826172
1730,-66.25901794433594,-30.628184185028076,467,17.968311309814453,0.0003,1,a2c_entropy_low_seed1,1.5174375772476196,32.90261459350586,0.8659698367118835,1.6673173904418945,45.49089431762695
1731,-48.61029815673828,-33.948128490448,379,144.4473876953125,0.0003,1,a2c_entropy_low_seed1,-2.67195725440979,294.23944091796875,0.7503204345703125,-5.052950859069824,168.019287109375
1731,-48.61029815673828,-33.948128490448,379,2.2198493480682373,0.0003,1,a2c_entropy_low_seed1,0.3484170436859131,3.743626356124878,0.7616485357284546,0.2864273190498352,9.81446647644043
1731,-48.61029815673828,-33.948128490448,379,3.444234609603882,0.0003,1,a2c_entropy_low_seed1,0.18887318670749664,6.511502742767334,0.7802574038505554,0.5162078738212585,15.377800941467285
1731,-48.61029815673828,-33.948128490448,379,3.779419422149658,0.0003,1,a2c_entropy_low_seed1,0.33097803592681885,6.897671699523926,0.7887887954711914,0.3630092740058899,20.28890609741211
1731,-48.61029815673828,-33.948128490448,379,2.482287645339966,0.0003,1,a2c_entropy_low_seed1,-0.36075112223625183,5.686943531036377,0.8658392429351807,-0.3453902304172516,14.223670959472656
1731,-48.61029815673828,-33.948128490448,379,4.178409099578857,0.0003,1,a2c_entropy_low_seed1,0.34698110818862915,7.6637139320373535,0.858295202255249,0.4158968925476074,14.751420021057129
1732,42.9437141418457,-31.772524929046632,1001,4.132327079772949,0.0003,1,a2c_entropy_low_seed1,0.7146354913711548,6.836231231689453,0.8474209904670715,0.7979558110237122,24.02842903137207
1734,-75.42052459716797,-32.704611206054686,330,237.004150390625,0.0003,1,a2c_entropy_low_seed1,-3.0209145545959473,480.0509033203125,0.7504787445068359,-6.41105318069458,229.43519592285156
1734,-75.42052459716797,-32.704611206054686,330,14.401382446289062,0.0003,1,a2c_entropy_low_seed1,1.7335649728775024,25.336490631103516,0.8570446372032166,2.5181291103363037,103.8160171508789
1735,54.47377395629883,-33.92224906921387,1001,4.865242004394531,0.0003,1,a2c_entropy_low_seed1,0.5912817120552063,8.548788070678711,0.8678976893424988,0.4699935019016266,17.374067306518555
1735,54.47377395629883,-33.92224906921387,1001,18.636215209960938,0.0003,1,a2c_entropy_low_seed1,0.6643258333206177,35.94461441040039,0.8369430303573608,1.6463210582733154,48.53102111816406
1735,54.47377395629883,-33.92224906921387,1001,5.987092971801758,0.0003,1,a2c_entropy_low_seed1,1.148425817489624,9.678149223327637,0.814163088798523,1.453391194343567,49.235443115234375
1735,54.47377395629883,-33.92224906921387,1001,19.84125328063965,0.0003,1,a2c_entropy_low_seed1,0.7769604325294495,38.12940979003906,0.8240028619766235,1.0172297954559326,26.995586395263672
1736,108.19713592529297,-29.835710525512695,839,107.29302978515625,0.0003,1,a2c_entropy_low_seed1,-0.13460084795951843,214.85610961914062,0.8527649641036987,2.258607864379883,92.9518051147461
1738,-94.25753784179688,-29.25028121948242,450,193.21505737304688,0.0003,1,a2c_entropy_low_seed1,-1.4166407585144043,389.2641296386719,0.7470179796218872,-3.9610095024108887,202.8040008544922
1738,-94.25753784179688,-29.25028121948242,450,4.864880084991455,0.0003,1,a2c_entropy_low_seed1,0.15457020699977875,9.421520233154297,0.9007023572921753,0.17145951092243195,28.714025497436523
1738,-94.25753784179688,-29.25028121948242,450,3.0772409439086914,0.0003,1,a2c_entropy_low_seed1,0.4145740568637848,5.326249599456787,0.9158341288566589,0.4907948076725006,21.751535415649414
1738,-94.25753784179688,-29.25028121948242,450,3.426858901977539,0.0003,1,a2c_entropy_low_seed1,0.21992404758930206,6.4147796630859375,0.9099026322364807,0.3786202669143677,18.532896041870117
1738,-94.25753784179688,-29.25028121948242,450,3.541837453842163,0.0003,1,a2c_entropy_low_seed1,-1.092155933380127,9.268904685974121,0.917702853679657,-1.120936632156372,46.34409713745117
1738,-94.25753784179688,-29.25028121948242,450,2.3142807483673096,0.0003,1,a2c_entropy_low_seed1,-0.8080856204032898,6.245639324188232,0.9064353108406067,-0.7431575059890747,27.925411224365234
1738,-94.25753784179688,-29.25028121948242,450,18.255842208862305,0.0003,1,a2c_entropy_low_seed1,0.9417910575866699,34.6290168762207,0.9155740737915039,1.2817001342773438,49.36746597290039
1738,-94.25753784179688,-29.25028121948242,450,4.835209369659424,0.0003,1,a2c_entropy_low_seed1,0.2326694130897522,9.205994606018066,0.9145854711532593,0.6638869047164917,29.98851776123047
1739,-79.09237670898438,-31.805823135375977,245,115.07282257080078,0.0003,1,a2c_entropy_low_seed1,-3.8544461727142334,237.85545349121094,0.9093769788742065,-3.8624300956726074,163.71075439453125
1740,-82.39881896972656,-35.15301124572754,508,186.2447052001953,0.0003,1,a2c_entropy_low_seed1,-0.6604893207550049,373.8111572265625,0.7540914416313171,-5.2722673416137695,229.3910675048828
1741,-48.89281463623047,-39.41568504333496,534,40.03407669067383,0.0003,1,a2c_entropy_low_seed1,-1.3800395727157593,82.8290786743164,0.8432707786560059,-0.5631746053695679,19.01823616027832
1741,-48.89281463623047,-39.41568504333496,534,3.435732364654541,0.0003,1,a2c_entropy_low_seed1,-0.18235217034816742,7.23702335357666,0.8543916344642639,0.09799832105636597,19.190353393554688
1742,-53.05132293701172,-38.09214698791504,373,67.03138732910156,0.0003,1,a2c_entropy_low_seed1,-1.168872356414795,136.40130615234375,0.7993648052215576,-1.056955099105835,71.06304931640625
1742,-53.05132293701172,-38.09214698791504,373,4.858468055725098,0.0003,1,a2c_entropy_low_seed1,-0.17064620554447174,10.059062004089355,0.8337060809135437,-0.38029178977012634,16.557010650634766
1743,63.78291320800781,-38.268980484008786,1001,7.366641998291016,0.0003,1,a2c_entropy_low_seed1,0.1501082330942154,14.43393325805664,0.8660570979118347,0.7441112399101257,39.761993408203125
1743,63.78291320800781,-38.268980484008786,1001,3.674335479736328,0.0003,1,a2c_entropy_low_seed1,0.09327933937311172,7.162959098815918,0.8467186689376831,0.31284332275390625,11.2327880859375
1743,63.78291320800781,-38.268980484008786,1001,23.721080780029297,0.0003,1,a2c_entropy_low_seed1,-1.4217222929000854,50.286380767822266,0.7736392021179199,-1.323915958404541,48.82102584838867
1744,-131.31813049316406,-42.13510673522949,576,89.25469970703125,0.0003,1,a2c_entropy_low_seed1,0.47250670194625854,177.56521606445312,0.8203824758529663,-1.1921011209487915,88.94097900390625
1744,-131.31813049316406,-42.13510673522949,576,1.7067084312438965,0.0003,1,a2c_entropy_low_seed1,-1.211236596107483,5.836756706237793,0.8666667938232422,-1.239491581916809,42.60076141357422
1744,-131.31813049316406,-42.13510673522949,576,4.645126819610596,0.0003,1,a2c_entropy_low_seed1,-0.045382916927337646,9.381863594055176,0.843991219997406,-0.018273264169692993,15.872252464294434
1744,-131.31813049316406,-42.13510673522949,576,3.5386343002319336,0.0003,1,a2c_entropy_low_seed1,-0.6660149097442627,8.410167694091797,0.8693472146987915,-0.8263431787490845,33.93537902832031
1744,-131.31813049316406,-42.13510673522949,576,2.867934465408325,0.0003,1,a2c_entropy_low_seed1,-0.12856514751911163,5.993890285491943,0.8913739919662476,-0.14201438426971436,11.752646446228027
1746,-126.12249755859375,-46.001455001831054,861,153.70896911621094,0.0003,1,a2c_entropy_low_seed1,-2.4112977981567383,312.2413330078125,0.789829432964325,-3.3050098419189453,131.17274475097656
1746,-126.12249755859375,-46.001455001831054,861,3.248861074447632,0.0003,1,a2c_entropy_low_seed1,-0.38209068775177,7.262721538543701,0.8177849054336548,-0.23563522100448608,19.90110206604004
1747,19.13262367248535,-43.949117774963376,1001,3.9021754264831543,0.0003,1,a2c_entropy_low_seed1,-0.16581809520721436,8.136847496032715,0.8604018688201904,0.3789116144180298,16.98982810974121
1748,-109.45919036865234,-44.91869167327881,513,67.8236083984375,0.0003,1,a2c_entropy_low_seed1,-3.156949758529663,141.96206665039062,0.9505196809768677,-3.0875790119171143,114.10151672363281
1748,-109.45919036865234,-44.91869167327881,513,5.461179256439209,0.0003,1,a2c_entropy_low_seed1,-0.36098870635032654,11.645219802856445,0.8841866254806519,-0.0882495641708374,23.54327964782715
1748,-109.45919036865234,-44.91869167327881,513,5.515430927276611,0.0003,1,a2c_entropy_low_seed1,0.3468009829521179,10.338177680969238,0.9176437854766846,0.44611653685569763,15.777761459350586
1748,-109.45919036865234,-44.91869167327881,513,27.298870086669922,0.0003,1,a2c_entropy_low_seed1,-0.3755160868167877,55.34962463378906,0.8516085147857666,0.7130246758460999,43.440269470214844
1748,-109.45919036865234,-44.91869167327881,513,2.21437668800354,0.0003,1,a2c_entropy_low_seed1,0.3074735105037689,3.814586877822876,0.7807421684265137,0.7276173830032349,24.665184020996094
1749,100.87841796875,-41.57863796234131,653,156.27767944335938,0.0003,1,a2c_entropy_low_seed1,-0.5564455986022949,313.6690979003906,0.8561440706253052,3.924506902694702,181.20277404785156
1749,100.87841796875,-41.57863796234131,653,2.571043014526367,0.0003,1,a2c_entropy_low_seed1,-0.32459568977355957,5.792247295379639,0.9698671698570251,-0.27991411089897156,22.456377029418945
1749,100.87841796875,-41.57863796234131,653,4.2686967849731445,0.0003,1,a2c_entropy_low_seed1,-0.4538952708244324,9.446081161499023,0.8978201746940613,-0.13921716809272766,33.60467529296875
1750,-97.7584457397461,-46.82076305389404,338,89.96649932861328,0.0003,1,a2c_entropy_low_seed1,-2.2924611568450928,184.518798828125,0.8895701169967651,-2.3699951171875,100.7429428100586
1751,-130.57083129882812,-47.23260097503662,552,92.7918930053711,0.0003,1,a2c_entropy_low_seed1,-0.15985041856765747,185.9043426513672,0.8543677926063538,-2.1581473350524902,98.27857971191406
1751,-130.57083129882812,-47.23260097503662,552,3.009552240371704,0.0003,1,a2c_entropy_low_seed1,-0.28112339973449707,6.582235336303711,0.8841636180877686,-0.20677506923675537,13.846168518066406
1752,-172.80270385742188,-49.44897289276123,909,64.51194763183594,0.0003,1,a2c_entropy_low_seed1,-3.693634510040283,136.4120635986328,0.9055346846580505,-3.6687586307525635,134.1749725341797
1752,-172.80270385742188,-49.44897289276123,909,5.489025592803955,0.0003,1,a2c_entropy_low_seed1,0.43402954936027527,10.110881805419922,0.8893561959266663,0.7536047101020813,22.611040115356445
1752,-172.80270385742188,-49.44897289276123,909,1.8112366199493408,0.0003,1,a2c_entropy_low_seed1,-0.596917986869812,4.817184925079346,0.8756820559501648,-0.24259300529956818,10.636094093322754
1753,-110.88888549804688,-49.75090084075928,493,169.3280792236328,0.0003,1,a2c_entropy_low_seed1,-2.2015323638916016,343.0601501464844,0.9190093278884888,-4.686253547668457,149.8982696533203
1754,-162.5297393798828,-51.27370738983154,830,17.744779586791992,0.0003,1,a2c_entropy_low_seed1,-0.3285056948661804,36.147483825683594,0.910015344619751,-0.48457440733909607,16.170654296875
1754,-162.5297393798828,-51.27370738983154,830,2.137385129928589,0.0003,1,a2c_entropy_low_seed1,-0.30797863006591797,4.891584873199463,0.8571918606758118,-0.13117660582065582,12.48411750793457
1754,-162.5297393798828,-51.27370738983154,830,4.326673984527588,0.0003,1,a2c_entropy_low_seed1,-0.5394961833953857,9.733251571655273,0.9112225770950317,-0.4194149971008301,23.66796112060547
1755,-129.42498779296875,-52.38687587738037,554,46.622039794921875,0.0003,1,a2c_entropy_low_seed1,-1.4300568103790283,96.1050796508789,0.886347770690918,-1.2673259973526,55.58790969848633
1756,-115.20759582519531,-52.24000392913818,463,94.58173370361328,0.0003,1,a2c_entropy_low_seed1,-5.38906192779541,199.94253540039062,0.9420068264007568,-4.614279270172119,159.44259643554688
1756,-115.20759582519531,-52.24000392913818,463,5.150856971740723,0.0003,1,a2c_entropy_low_seed1,-0.023223422467708588,10.349015235900879,0.85418701171875,0.07314983010292053,8.428638458251953
1756,-115.20759582519531,-52.24000392913818,463,3.151008367538452,0.0003,1,a2c_entropy_low_seed1,-1.259657621383667,8.822196960449219,0.8650891780853271,-1.4973210096359253,51.445865631103516
1756,-115.20759582519531,-52.24000392913818,463,10.760193824768066,0.0003,1,a2c_entropy_low_seed1,0.5266683101654053,20.46785545349121,0.8052445650100708,1.5408596992492676,58.18780517578125
1756,-115.20759582519531,-52.24000392913818,463,34.584529876708984,0.0003,1,a2c_entropy_low_seed1,-0.9538514018058777,71.07747650146484,0.7177855968475342,-0.8393934369087219,51.64289093017578
1758,113.9529037475586,-53.148194847106936,870,204.19842529296875,0.0003,1,a2c_entropy_low_seed1,0.8826419115066528,406.63238525390625,0.8156635165214539,4.275417327880859,157.74026489257812
1760,-46.8526496887207,-59.48173900604248,235,151.20709228515625,0.0003,1,a2c_entropy_low_seed1,-4.13153076171875,310.6781005859375,0.8511992692947388,-4.150870323181152,230.58937072753906
1760,-46.8526496887207,-59.48173900604248,235,3.2182884216308594,0.0003,1,a2c_entropy_low_seed1,-0.25155237317085266,6.940561294555664,0.8797104358673096,-0.12536369264125824,8.027575492858887
1760,-46.8526496887207,-59.48173900604248,235,16.389705657958984,0.0003,1,a2c_entropy_low_seed1,-0.26012909412384033,33.300498962402344,0.8274662494659424,0.5858933925628662,35.17625427246094
1760,-46.8526496887207,-59.48173900604248,235,4.8286261558532715,0.0003,1,a2c_entropy_low_seed1,0.04201304912567139,9.574007034301758,0.780587375164032,0.7300505638122559,31.7696533203125
1760,-46.8526496887207,-59.48173900604248,235,3.108771324157715,0.0003,1,a2c_entropy_low_seed1,0.7633096575737,4.691768169403076,0.8449057936668396,1.0094245672225952,31.509248733520508
1761,102.9361572265625,-56.31764301300049,702,134.1109161376953,0.0003,1,a2c_entropy_low_seed1,-0.5804685354232788,269.38360595703125,0.8152766823768616,3.0518624782562256,144.24679565429688
1762,-52.627838134765625,-58.98649524688721,198,115.5530014038086,0.0003,1,a2c_entropy_low_seed1,-4.3690185546875,239.84490966796875,0.872585654258728,-3.9839696884155273,193.69332885742188
1762,-52.627838134765625,-58.98649524688721,198,5.654146671295166,0.0003,1,a2c_entropy_low_seed1,0.8532808423042297,9.602642059326172,0.9106226563453674,1.1881103515625,43.077186584472656
1763,-82.76119995117188,-56.736756477355954,600,128.29502868652344,0.0003,1,a2c_entropy_low_seed1,-3.111671209335327,262.8142395019531,0.8638594746589661,-4.525989055633545,140.00479125976562
1763,-82.76119995117188,-56.736756477355954,600,18.36107063293457,0.0003,1,a2c_entropy_low_seed1,-0.23028530180454254,37.18351364135742,0.800600528717041,0.9022812843322754,46.36155700683594
1763,-82.76119995117188,-56.736756477355954,600,3.1434240341186523,0.0003,1,a2c_entropy_low_seed1,-0.6387054324150085,7.565060138702393,0.8008638024330139,-0.5852693915367126,29.43219566345215
1764,129.65383911132812,-51.69376636505127,521,108.6273422241211,0.0003,1,a2c_entropy_low_seed1,-0.6714972257614136,218.59854125976562,0.8740676641464233,1.8679713010787964,103.494140625
1766,-112.44393157958984,-52.562857398986814,434,99.93533325195312,0.0003,1,a2c_entropy_low_seed1,-2.8431429862976074,205.55784606933594,0.8984130024909973,-3.7999048233032227,137.59854125976562
1766,-112.44393157958984,-52.562857398986814,434,2.4738218784332275,0.0003,1,a2c_entropy_low_seed1,0.32361137866973877,4.301337718963623,0.9170377254486084,0.6052988767623901,20.329004287719727
1767,-106.63138580322266,-52.36534046173096,458,67.1044921875,0.0003,1,a2c_entropy_low_seed1,-3.3347902297973633,140.8794403076172,0.8703153729438782,-3.5365936756134033,137.9545440673828
1767,-106.63138580322266,-52.36534046173096,458,21.062833786010742,0.0003,1,a2c_entropy_low_seed1,-0.14149151742458344,42.40947723388672,0.8284314870834351,-0.12975040078163147,31.397180557250977
1768,-110.24626159667969,-56.14297443389893,533,27.187517166137695,0.0003,1,a2c_entropy_low_seed1,-0.05340869352221489,54.48271942138672,0.8672685027122498,0.11768367886543274,23.076370239257812
1768,-110.24626159667969,-56.14297443389893,533,5.187955379486084,0.0003,1,a2c_entropy_low_seed1,0.6004637479782104,9.175877571105957,0.8945825099945068,0.8712905049324036,27.530071258544922
1769,-74.51608276367188,-55.72600284576416,1001,20.93368148803711,0.0003,1,a2c_entropy_low_seed1,0.5991768836975098,40.66991424560547,0.9050160050392151,0.8276355862617493,37.865970611572266
1769,-74.51608276367188,-55.72600284576416,1001,3.0734777450561523,0.0003,1,a2c_entropy_low_seed1,-0.22889600694179535,6.605650901794434,0.9037961363792419,-0.10343126952648163,14.73733139038086
1769,-74.51608276367188,-55.72600284576416,1001,3.4666261672973633,0.0003,1,a2c_entropy_low_seed1,-0.5649683475494385,8.064055442810059,0.8662105798721313,-0.3551570773124695,14.222464561462402
1769,-74.51608276367188,-55.72600284576416,1001,3.616189956665039,0.0003,1,a2c_entropy_low_seed1,-0.09401604533195496,7.421318054199219,0.9058462381362915,-0.20748302340507507,18.491228103637695
1769,-74.51608276367188,-55.72600284576416,1001,30.113466262817383,0.0003,1,a2c_entropy_low_seed1,0.284991055727005,59.65780258178711,0.8511335849761963,1.1563096046447754,47.53364181518555
1769,-74.51608276367188,-55.72600284576416,1001,3.0584137439727783,0.0003,1,a2c_entropy_low_seed1,-0.06955015659332275,6.256768703460693,0.8406111001968384,0.22712495923042297,18.045726776123047
1770,135.69253540039062,-51.4962414932251,524,166.62191772460938,0.0003,1,a2c_entropy_low_seed1,-0.5636856555938721,334.3720397949219,0.8154275417327881,5.027174472808838,233.18299865722656
1770,135.69253540039062,-51.4962414932251,524,81.76216888427734,0.0003,1,a2c_entropy_low_seed1,-1.9749197959899902,167.4750518798828,0.8643507957458496,-4.122197151184082,129.54248046875
1773,-92.38200378417969,-53.201651878356934,281,254.2655487060547,0.0003,1,a2c_entropy_low_seed1,-3.8948357105255127,516.3216552734375,0.8860031366348267,-6.200723171234131,231.42955017089844
1773,-92.38200378417969,-53.201651878356934,281,11.70805549621582,0.0003,1,a2c_entropy_low_seed1,1.0137391090393066,21.38939094543457,0.7595629096031189,1.3638906478881836,49.873172760009766
1773,-92.38200378417969,-53.201651878356934,281,6.048431396484375,0.0003,1,a2c_entropy_low_seed1,0.7346557974815369,10.628471374511719,0.920764684677124,0.8521482944488525,34.0240478515625
1773,-92.38200378417969,-53.201651878356934,281,4.112571716308594,0.0003,1,a2c_entropy_low_seed1,-0.5676089525222778,9.361274719238281,0.913288414478302,-0.2687039077281952,19.22607421875
1773,-92.38200378417969,-53.201651878356934,281,2.1777021884918213,0.0003,1,a2c_entropy_low_seed1,-0.6444486975669861,5.6451945304870605,0.8926123380661011,-0.6059362888336182,16.112194061279297
1773,-92.38200378417969,-53.201651878356934,281,54.69633865356445,0.0003,1,a2c_entropy_low_seed1,1.9222418069839478,105.5490493774414,0.858088493347168,0.9803718328475952,58.84841537475586
1773,-92.38200378417969,-53.201651878356934,281,11.430066108703613,0.0003,1,a2c_entropy_low_seed1,-0.7270611524581909,24.315032958984375,0.7788054943084717,-0.9968040585517883,35.99183654785156
1775,120.69476318359375,-52.742853813171386,684,218.5923309326172,0.0003,1,a2c_entropy_low_seed1,-1.081799030303955,439.348876953125,0.625202476978302,6.360568046569824,282.7030944824219
1775,120.69476318359375,-52.742853813171386,684,5.286477565765381,0.0003,1,a2c_entropy_low_seed1,-0.36776548624038696,11.309253692626953,0.7673536539077759,0.35779914259910583,26.477855682373047
1776,60.07149124145508,-50.10055850982666,667,185.08775329589844,0.0003,1,a2c_entropy_low_seed1,0.5155462026596069,369.1451416015625,0.7361186742782593,6.127230644226074,270.0823669433594
1776,60.07149124145508,-50.10055850982666,667,3.13980770111084,0.0003,1,a2c_entropy_low_seed1,-0.9308134913444519,8.142171859741211,0.9295517206192017,-0.863645076751709,33.51432418823242
1778,-60.277523040771484,-48.50551067352295,341,155.4044647216797,0.0003,1,a2c_entropy_low_seed1,-6.0007643699646,322.811279296875,0.8345413208007812,-6.182682991027832,187.00709533691406
1778,-60.277523040771484,-48.50551067352295,341,26.61665153503418,0.0003,1,a2c_entropy_low_seed1,0.893792986869812,51.44651412963867,0.7970825433731079,1.3719614744186401,33.9043083190918
1778,-60.277523040771484,-48.50551067352295,341,10.935362815856934,0.0003,1,a2c_entropy_low_seed1,1.1956866979599,19.480192184448242,0.8389742970466614,1.4419842958450317,44.74007797241211
1779,-85.36869812011719,-48.91140727996826,492,99.56829071044922,0.0003,1,a2c_entropy_low_seed1,-0.35404253005981445,199.84547424316406,0.8040487170219421,-2.1431474685668945,84.21244049072266
1779,-85.36869812011719,-48.91140727996826,492,3.449871063232422,0.0003,1,a2c_entropy_low_seed1,0.08139273524284363,6.737793445587158,0.8367957472801208,0.1961975395679474,12.702670097351074
1781,-132.43838500976562,-47.98484157562256,287,219.60446166992188,0.0003,1,a2c_entropy_low_seed1,-0.7722733616828918,440.75421142578125,0.7440016865730286,-6.188422679901123,314.7374572753906
1781,-132.43838500976562,-47.98484157562256,287,1.3469992876052856,0.0003,1,a2c_entropy_low_seed1,-0.3164704442024231,3.327785015106201,0.8456016182899475,-0.14004474878311157,10.314196586608887
1781,-132.43838500976562,-47.98484157562256,287,1.2937819957733154,0.0003,1,a2c_entropy_low_seed1,-0.24105101823806763,3.0704708099365234,0.804970383644104,0.11248957365751266,5.553802967071533
1781,-132.43838500976562,-47.98484157562256,287,2.6362311840057373,0.0003,1,a2c_entropy_low_seed1,-0.0671648234128952,5.407687664031982,0.8953021764755249,0.11516623198986053,13.041228294372559
1782,-69.68170928955078,-50.23735004425049,278,69.22049713134766,0.0003,1,a2c_entropy_low_seed1,-3.1812517642974854,144.8043212890625,0.8225396871566772,-2.970266580581665,86.17028045654297
1783,74.41215515136719,-47.31047946929932,1001,17.422054290771484,0.0003,1,a2c_entropy_low_seed1,0.7662194967269897,33.3123779296875,0.7095679044723511,1.825227975845337,54.79927444458008
1783,74.41215515136719,-47.31047946929932,1001,1.5995957851409912,0.0003,1,a2c_entropy_low_seed1,-1.003682017326355,5.2073893547058105,0.8338178992271423,-0.48753979802131653,26.680925369262695
1783,74.41215515136719,-47.31047946929932,1001,2.6765079498291016,0.0003,1,a2c_entropy_low_seed1,0.17354066669940948,5.006726264953613,0.7915745377540588,0.47073471546173096,15.740973472595215
1784,-73.2086410522461,-47.26624179840088,482,127.41448974609375,0.0003,1,a2c_entropy_low_seed1,-0.9985244870185852,256.82672119140625,0.6879092454910278,-3.1132049560546875,154.31822204589844
1784,-73.2086410522461,-47.26624179840088,482,10.047368049621582,0.0003,1,a2c_entropy_low_seed1,-1.6977406740188599,23.491064071655273,0.8470654487609863,-1.2802166938781738,47.511253356933594
1784,-73.2086410522461,-47.26624179840088,482,10.753957748413086,0.0003,1,a2c_entropy_low_seed1,0.5496014356613159,20.409534454345703,0.8228289484977722,-0.24427223205566406,20.753570556640625
1784,-73.2086410522461,-47.26624179840088,482,1.4982683658599854,0.0003,1,a2c_entropy_low_seed1,-0.7991535663604736,4.595634937286377,0.7909658551216125,-0.8582806587219238,26.99476432800293
1784,-73.2086410522461,-47.26624179840088,482,50.63307571411133,0.0003,1,a2c_entropy_low_seed1,-2.4140007495880127,106.09493255615234,0.7806785106658936,-2.865424156188965,102.68639373779297
1784,-73.2086410522461,-47.26624179840088,482,30.339458465576172,0.0003,1,a2c_entropy_low_seed1,1.339032530784607,58.00149917602539,0.6486341953277588,2.636885643005371,88.87677764892578
1786,-79.28508758544922,-53.735079002380374,445,125.10940551757812,0.0003,1,a2c_entropy_low_seed1,-2.1751651763916016,254.56979370117188,0.65310138463974,-2.029233455657959,97.73314666748047
1788,-67.0708236694336,-54.64474445343018,224,146.56825256347656,0.0003,1,a2c_entropy_low_seed1,-2.9693961143493652,299.0759582519531,0.6617967486381531,-4.740771293640137,179.22427368164062
1788,-67.0708236694336,-54.64474445343018,224,22.11591148376465,0.0003,1,a2c_entropy_low_seed1,0.18772956728935242,43.8570442199707,0.6781675815582275,2.33693528175354,63.702388763427734
1788,-67.0708236694336,-54.64474445343018,224,42.729183197021484,0.0003,1,a2c_entropy_low_seed1,-0.593652606010437,86.64630889892578,0.6403995752334595,-1.6545922756195068,85.7422103881836
1789,-169.4805908203125,-56.452508735656735,413,47.448936462402344,0.0003,1,a2c_entropy_low_seed1,-0.6740580797195435,96.24664306640625,0.6578139066696167,-2.0807673931121826,64.83978271484375
1789,-169.4805908203125,-56.452508735656735,413,15.3602876663208,0.0003,1,a2c_entropy_low_seed1,-0.5890651345252991,31.899391174316406,0.6842766404151917,0.8305337429046631,35.830116271972656
1791,-61.255218505859375,-51.92836490631103,175,293.8109436035156,0.0003,1,a2c_entropy_low_seed1,-3.1610310077667236,593.9447021484375,0.707866370677948,1.6339526176452637,249.9718017578125
1791,-61.255218505859375,-51.92836490631103,175,3.1624815464019775,0.0003,1,a2c_entropy_low_seed1,0.7345528602600098,4.8566107749938965,0.7536004185676575,1.061811923980713,34.76219940185547
1793,-82.4529800415039,-52.10599308013916,270,89.71664428710938,0.0003,1,a2c_entropy_low_seed1,-2.317450523376465,184.06898498535156,0.8007086515426636,-2.330118417739868,138.49459838867188
1793,-82.4529800415039,-52.10599308013916,270,7.199853897094727,0.0003,1,a2c_entropy_low_seed1,0.00462689995765686,14.391290664672852,0.8365310430526733,0.5334212779998779,31.465835571289062
1793,-82.4529800415039,-52.10599308013916,270,1.400925636291504,0.0003,1,a2c_entropy_low_seed1,-0.5504181385040283,3.9035606384277344,0.8730093240737915,-0.4032905697822571,18.915502548217773
1793,-82.4529800415039,-52.10599308013916,270,3.5032176971435547,0.0003,1,a2c_entropy_low_seed1,-0.12734946608543396,7.262004852294922,0.8707189559936523,0.09335528314113617,10.637222290039062
1794,60.725914001464844,-48.26511219024658,1001,16.574817657470703,0.0003,1,a2c_entropy_low_seed1,0.9075416326522827,31.33530044555664,0.7494074702262878,1.4614452123641968,49.436153411865234
1794,60.725914001464844,-48.26511219024658,1001,26.245386123657227,0.0003,1,a2c_entropy_low_seed1,-0.7444971799850464,53.98046112060547,0.6938296556472778,-1.506303071975708,70.29666137695312
1794,60.725914001464844,-48.26511219024658,1001,9.632367134094238,0.0003,1,a2c_entropy_low_seed1,-0.3220197558403015,19.909465789794922,0.6916628479957581,0.37574344873428345,18.638900756835938
1795,181.3683319091797,-43.2760982131958,478,27.23137855529785,0.0003,1,a2c_entropy_low_seed1,0.7357527017593384,52.99203872680664,0.7857189774513245,2.03926157951355,56.82570266723633
1796,-139.91888427734375,-43.5520259475708,468,146.49166870117188,0.0003,1,a2c_entropy_low_seed1,-1.3292814493179321,295.642578125,0.6860944628715515,-0.8681349754333496,114.0221939086914
1796,-139.91888427734375,-43.5520259475708,468,8.183910369873047,0.0003,1,a2c_entropy_low_seed1,0.5114107728004456,15.34577465057373,0.7762709856033325,0.831113874912262,22.845375061035156
1796,-139.91888427734375,-43.5520259475708,468,17.501493453979492,0.0003,1,a2c_entropy_low_seed1,0.5643281936645508,33.87517547607422,0.843393087387085,1.8414305448532104,54.16062927246094
1798,-111.03230285644531,-40.9442488861084,421,271.6513671875,0.0003,1,a2c_entropy_low_seed1,-1.0969055891036987,545.4971923828125,0.6814301609992981,-2.615525245666504,164.53009033203125
1798,-111.03230285644531,-40.9442488861084,421,2.334263563156128,0.0003,1,a2c_entropy_low_seed1,-0.1960657835006714,5.061409950256348,0.7509100437164307,0.1287042647600174,20.035917282104492
1799,201.05882263183594,-38.94064079284668,470,128.27183532714844,0.0003,1,a2c_entropy_low_seed1,-0.3992730677127838,257.34307861328125,0.8572851419448853,3.073101758956909,141.02853393554688
1799,201.05882263183594,-38.94064079284668,470,37.21917724609375,0.0003,1,a2c_entropy_low_seed1,2.089580535888672,70.26005554199219,0.8655675649642944,3.4845147132873535,104.36508178710938
1799,201.05882263183594,-38.94064079284668,470,1.4673696756362915,0.0003,1,a2c_entropy_low_seed1,-1.0796852111816406,5.094936847686768,0.8269739151000977,-0.9059449434280396,27.02140998840332
1799,201.05882263183594,-38.94064079284668,470,3.8419103622436523,0.0003,1,a2c_entropy_low_seed1,-0.47050827741622925,8.625728607177734,0.8913742899894714,-0.5855904817581177,32.76215744018555
1800,-130.95773315429688,-39.6046265411377,530,99.13155364990234,0.0003,1,a2c_entropy_low_seed1,-1.8500937223434448,201.96414184570312,0.8542942404747009,-0.8081073760986328,100.70511627197266
1800,-130.95773315429688,-39.6046265411377,530,16.538545608520508,0.0003,1,a2c_entropy_low_seed1,1.0609855651855469,30.955976486206055,0.8594505190849304,0.7689473628997803,39.36896896362305
1800,-130.95773315429688,-39.6046265411377,530,7.293055057525635,0.0003,1,a2c_entropy_low_seed1,-0.007590260356664658,14.602095603942871,0.8052433133125305,0.5863061547279358,30.351001739501953
1801,91.86158752441406,-35.15597816467285,634,102.16404724121094,0.0003,1,a2c_entropy_low_seed1,1.7605316638946533,200.8077850341797,0.7488862872123718,4.529175281524658,155.52830505371094
1802,-81.51229858398438,-33.3301700592041,299,53.32868576049805,0.0003,1,a2c_entropy_low_seed1,-0.12305261194705963,106.90422821044922,0.7511310577392578,-0.503269612789154,48.02643966674805
1802,-81.51229858398438,-33.3301700592041,299,2.770467758178711,0.0003,1,a2c_entropy_low_seed1,-0.1422981321811676,5.826312065124512,0.7801494002342224,0.06092997267842293,19.728879928588867
1804,-58.97770690917969,-27.01421073913574,189,184.3077392578125,0.0003,1,a2c_entropy_low_seed1,-1.814630389213562,372.2455749511719,0.8335808515548706,0.7447465062141418,88.29130554199219
1804,-58.97770690917969,-27.01421073913574,189,2.325218677520752,0.0003,1,a2c_entropy_low_seed1,0.33906668424606323,3.9732561111450195,0.9520483613014221,0.3555724024772644,13.211106300354004
1805,-98.57797241210938,-26.397270431518553,561,166.07440185546875,0.0003,1,a2c_entropy_low_seed1,-3.0849621295928955,338.3195495605469,0.8215366005897522,-6.743893623352051,235.5563201904297
1805,-98.57797241210938,-26.397270431518553,561,14.428256034851074,0.0003,1,a2c_entropy_low_seed1,1.11509370803833,26.627111434936523,0.7870516777038574,1.1023163795471191,37.76164245605469
1805,-98.57797241210938,-26.397270431518553,561,8.586146354675293,0.0003,1,a2c_entropy_low_seed1,0.5219247341156006,16.129241943359375,0.7999352216720581,1.030231237411499,34.83415985107422
1805,-98.57797241210938,-26.397270431518553,561,2.5724523067474365,0.0003,1,a2c_entropy_low_seed1,-0.09444643557071686,5.334598541259766,0.8009000420570374,-0.14147695899009705,14.112401962280273
1805,-98.57797241210938,-26.397270431518553,561,2.4544034004211426,0.0003,1,a2c_entropy_low_seed1,-0.7038431763648987,6.317322731018066,0.829592764377594,-0.8328720927238464,27.95903205871582
1805,-98.57797241210938,-26.397270431518553,561,2.5255517959594727,0.0003,1,a2c_entropy_low_seed1,-0.871633768081665,6.795222759246826,0.8516654968261719,-0.7914935946464539,33.273834228515625
1805,-98.57797241210938,-26.397270431518553,561,2.6442465782165527,0.0003,1,a2c_entropy_low_seed1,-0.09806323051452637,5.485457897186279,0.8380681872367859,-0.07018133997917175,9.188942909240723
1806,-88.4856948852539,-25.862832412719726,279,23.900516510009766,0.0003,1,a2c_entropy_low_seed1,-1.1312546730041504,50.06433868408203,0.7972067594528198,-1.0057259798049927,28.448749542236328
1806,-88.4856948852539,-25.862832412719726,279,18.92042350769043,0.0003,1,a2c_entropy_low_seed1,-0.4186747074127197,38.678932189941406,0.7378309369087219,-1.2692883014678955,53.10469436645508
1806,-88.4856948852539,-25.862832412719726,279,10.853353500366211,0.0003,1,a2c_entropy_low_seed1,0.7757396697998047,20.15596580505371,0.7373638153076172,0.49899980425834656,28.836666107177734
1806,-88.4856948852539,-25.862832412719726,279,15.754997253417969,0.0003,1,a2c_entropy_low_seed1,1.3258978128433228,28.859027862548828,0.829351544380188,1.210869550704956,45.619014739990234
1807,111.9509506225586,-21.299489669799804,1001,20.420578002929688,0.0003,1,a2c_entropy_low_seed1,0.5900238752365112,39.66189956665039,0.7886953353881836,1.553799033164978,71.02490997314453
1807,111.9509506225586,-21.299489669799804,1001,7.258893966674805,0.0003,1,a2c_entropy_low_seed1,0.3006927967071533,13.917189598083496,0.7874228358268738,0.4767157733440399,21.566150665283203
1808,64.38375091552734,-22.29087272644043,811,211.49928283691406,0.0003,1,a2c_entropy_low_seed1,-0.3573313057422638,423.7139892578125,0.7479273080825806,3.694457769393921,249.55645751953125
1811,-117.90332794189453,-28.259459075927733,531,297.35955810546875,0.0003,1,a2c_entropy_low_seed1,-3.0885696411132812,600.8968505859375,0.630842924118042,-8.585963249206543,312.59033203125
1811,-117.90332794189453,-28.259459075927733,531,5.637908458709717,0.0003,1,a2c_entropy_low_seed1,0.08780094981193542,11.101008415222168,0.7938387989997864,0.2589762210845947,19.27094841003418
1811,-117.90332794189453,-28.259459075927733,531,4.801065444946289,0.0003,1,a2c_entropy_low_seed1,0.7251019477844238,8.15278148651123,0.854565441608429,0.826248049736023,35.923770904541016
1812,63.59243392944336,-25.935053634643555,1001,4.057940483093262,0.0003,1,a2c_entropy_low_seed1,-0.020872224122285843,8.158520698547363,0.8957744240760803,0.0003047734498977661,20.903833389282227
1812,63.59243392944336,-25.935053634643555,1001,7.576774597167969,0.0003,1,a2c_entropy_low_seed1,0.774166464805603,13.60605239868164,0.8365349769592285,0.9213821887969971,38.96929931640625
1812,63.59243392944336,-25.935053634643555,1001,6.044962406158447,0.0003,1,a2c_entropy_low_seed1,-0.184424489736557,12.459644317626953,0.8705741763114929,-0.2548970580101013,27.437129974365234
1813,-80.18382263183594,-25.883506088256837,419,47.3264274597168,0.0003,1,a2c_entropy_low_seed1,-1.4494162797927856,97.55254364013672,0.8539645671844482,-1.5255379676818848,86.02320861816406
1814,-80.15864562988281,-30.079755783081055,243,101.05188751220703,0.0003,1,a2c_entropy_low_seed1,-1.5467209815979004,205.1980743408203,0.8541824221611023,-0.5545522570610046,109.85629272460938
1815,-71.6823501586914,-30.205258865356445,272,97.43270111083984,0.0003,1,a2c_entropy_low_seed1,-4.967796325683594,204.8018798828125,0.8881076574325562,-4.703856945037842,225.12200927734375
1815,-71.6823501586914,-30.205258865356445,272,20.931819915771484,0.0003,1,a2c_entropy_low_seed1,0.02141733467578888,41.82155990600586,0.7540254592895508,-0.3883013129234314,43.713279724121094
1815,-71.6823501586914,-30.205258865356445,272,5.5372138023376465,0.0003,1,a2c_entropy_low_seed1,0.019400596618652344,11.036381721496582,0.7552427053451538,0.662739098072052,32.41170120239258
1815,-71.6823501586914,-30.205258865356445,272,2.2173173427581787,0.0003,1,a2c_entropy_low_seed1,-0.0753692165017128,4.586162090301514,0.7892298102378845,0.1723053902387619,18.16162109375
1817,145.31072998046875,-24.47949638366699,499,270.8078918457031,0.0003,1,a2c_entropy_low_seed1,-2.8890888690948486,547.394775390625,0.8153597116470337,1.8607697486877441,236.29173278808594
1818,-90.4220199584961,-24.083011550903322,1001,19.289764404296875,0.0003,1,a2c_entropy_low_seed1,0.8171176314353943,36.94619369506836,0.900141716003418,0.7134627103805542,28.84540557861328
1818,-90.4220199584961,-24.083011550903322,1001,1.783109188079834,0.0003,1,a2c_entropy_low_seed1,-0.6114786863327026,4.790030002593994,0.8542386293411255,-0.4636267423629761,22.612762451171875
1818,-90.4220199584961,-24.083011550903322,1001,105.86222839355469,0.0003,1,a2c_entropy_low_seed1,-1.6929988861083984,215.1112518310547,0.7948295474052429,-4.417472839355469,211.9232635498047
1819,-162.4157257080078,-25.841004409790038,403,11.153940200805664,0.0003,1,a2c_entropy_low_seed1,-0.3678942918777466,23.044593811035156,0.9259079694747925,-0.3375014662742615,21.292327880859375
1819,-162.4157257080078,-25.841004409790038,403,2.370281219482422,0.0003,1,a2c_entropy_low_seed1,-0.2542063891887665,5.249814987182617,0.8394781351089478,0.12094119191169739,12.23767375946045
1819,-162.4157257080078,-25.841004409790038,403,2.1620776653289795,0.0003,1,a2c_entropy_low_seed1,-0.6457680463790894,5.616577625274658,0.8862448334693909,-0.37094610929489136,11.083412170410156
1819,-162.4157257080078,-25.841004409790038,403,2.635834217071533,0.0003,1,a2c_entropy_low_seed1,-0.6485515236854553,6.569742202758789,0.970744788646698,-0.5510775446891785,19.606828689575195
1819,-162.4157257080078,-25.841004409790038,403,4.4311347007751465,0.0003,1,a2c_entropy_low_seed1,0.5387072563171387,7.785706520080566,0.8514286875724792,0.8406470417976379,32.04667282104492
1820,-92.77888488769531,-30.410432815551758,398,62.820960998535156,0.0003,1,a2c_entropy_low_seed1,-2.798389434814453,131.2396240234375,0.9256035089492798,-2.7780227661132812,97.43221282958984
1820,-92.77888488769531,-30.410432815551758,398,5.062000274658203,0.0003,1,a2c_entropy_low_seed1,0.7219743132591248,8.680971145629883,0.9192224740982056,1.0308648347854614,40.21385955810547
1820,-92.77888488769531,-30.410432815551758,398,14.316990852355957,0.0003,1,a2c_entropy_low_seed1,0.24046021699905396,28.153921127319336,0.8597872257232666,0.7906758785247803,39.04633712768555
1820,-92.77888488769531,-30.410432815551758,398,5.5014753341674805,0.0003,1,a2c_entropy_low_seed1,0.8121826648712158,9.379356384277344,0.7708311080932617,1.2069700956344604,39.63526153564453
1820,-92.77888488769531,-30.410432815551758,398,6.660717487335205,0.0003,1,a2c_entropy_low_seed1,1.0932750701904297,11.13570499420166,0.8205066919326782,1.1515047550201416,34.4492301940918
1821,106.65867614746094,-26.265177536010743,833,130.2797393798828,0.0003,1,a2c_entropy_low_seed1,0.04210790991783142,260.4761047363281,0.8643600344657898,3.4881157875061035,148.30093383789062
1821,106.65867614746094,-26.265177536010743,833,3.1068224906921387,0.0003,1,a2c_entropy_low_seed1,-0.4390333294868469,7.092588901519775,0.8775410056114197,-0.43514299392700195,25.171621322631836
1821,106.65867614746094,-26.265177536010743,833,2.789950370788574,0.0003,1,a2c_entropy_low_seed1,-1.0824542045593262,7.745744705200195,0.935490608215332,-0.9931967258453369,30.607868194580078
1822,-82.80024719238281,-25.71346809387207,257,77.0199966430664,0.0003,1,a2c_entropy_low_seed1,-1.6921203136444092,157.42514038085938,0.8934339284896851,-1.705161213874817,85.1246109008789
1822,-82.80024719238281,-25.71346809387207,257,15.53070068359375,0.0003,1,a2c_entropy_low_seed1,-0.32657307386398315,31.715347290039062,0.799848198890686,0.7013233304023743,42.070682525634766
1822,-82.80024719238281,-25.71346809387207,257,20.863256454467773,0.0003,1,a2c_entropy_low_seed1,-0.7880243062973022,43.3033447265625,0.7820349931716919,-0.17055632174015045,25.330001831054688
1824,-37.22233963012695,-20.3146044921875,1001,45.95924377441406,0.0003,1,a2c_entropy_low_seed1,0.18986466526985168,91.53948211669922,0.7272365093231201,1.2031574249267578,54.846588134765625
1824,-37.22233963012695,-20.3146044921875,1001,67.594482421875,0.0003,1,a2c_entropy_low_seed1,-0.0529492013156414,135.29554748535156,0.6822824478149414,-2.0204222202301025,126.56571197509766
1825,117.94782257080078,-20.369543304443358,698,172.68600463867188,0.0003,1,a2c_entropy_low_seed1,1.5940557718276978,342.18463134765625,0.7178950309753418,7.655337810516357,287.409912109375
1825,117.94782257080078,-20.369543304443358,698,6.363476753234863,0.0003,1,a2c_entropy_low_seed1,0.43891972303390503,11.849902153015137,0.7879700064659119,1.0879614353179932,38.52073669433594
1825,117.94782257080078,-20.369543304443358,698,7.08470344543457,0.0003,1,a2c_entropy_low_seed1,0.9032687544822693,12.363664627075195,0.7955289483070374,1.0501019954681396,30.11602783203125
1826,-136.8806610107422,-24.308586349487303,688,142.2617645263672,0.0003,1,a2c_entropy_low_seed1,-0.6922681927680969,285.9087219238281,0.6749960780143738,-5.406506061553955,226.9083251953125
1827,-72.879638671875,-24.152651138305664,1001,42.58357238769531,0.0003,1,a2c_entropy_low_seed1,-0.6160167455673218,86.39981079101562,0.6326639652252197,1.8778095245361328,77.56680297851562
1827,-72.879638671875,-24.152651138305664,1001,3.335777759552002,0.0003,1,a2c_entropy_low_seed1,-0.36911100149154663,7.4105682373046875,0.7907990217208862,0.06748181581497192,22.47500228881836
1828,75.56167602539062,-21.43586715698242,898,221.05426025390625,0.0003,1,a2c_entropy_low_seed1,0.6897495985031128,440.7298583984375,0.8094128966331482,7.073400974273682,278.00079345703125
1828,75.56167602539062,-21.43586715698242,898,6.679386138916016,0.0003,1,a2c_entropy_low_seed1,0.8003806471824646,11.758865356445312,0.8541070818901062,1.1802443265914917,43.33762741088867
1828,75.56167602539062,-21.43586715698242,898,3.0155677795410156,0.0003,1,a2c_entropy_low_seed1,-0.5232505798339844,7.078495502471924,0.8588811159133911,-0.5547902584075928,27.017831802368164
1828,75.56167602539062,-21.43586715698242,898,57.51642990112305,0.0003,1,a2c_entropy_low_seed1,2.2126948833465576,110.6082992553711,0.8313526511192322,2.2368602752685547,62.86189651489258
1828,75.56167602539062,-21.43586715698242,898,3.7622451782226562,0.0003,1,a2c_entropy_low_seed1,0.1113748550415039,7.302502155303955,0.7615567445755005,0.6705104112625122,28.58877182006836
1830,-108.07232666015625,-26.260032501220703,437,343.58233642578125,0.0003,1,a2c_entropy_low_seed1,-1.0292717218399048,689.2239990234375,0.7681407928466797,-7.130788326263428,314.9486083984375
1830,-108.07232666015625,-26.260032501220703,437,2.1213278770446777,0.0003,1,a2c_entropy_low_seed1,0.3536950945854187,3.5361716747283936,0.9060584306716919,0.6638153791427612,17.813199996948242
1830,-108.07232666015625,-26.260032501220703,437,1.573208212852478,0.0003,1,a2c_entropy_low_seed1,0.21504580974578857,2.717195510864258,0.8707269430160522,0.572182834148407,16.95130729675293
1830,-108.07232666015625,-26.260032501220703,437,33.79689407348633,0.0003,1,a2c_entropy_low_seed1,1.9956268072128296,63.603389739990234,0.8519631028175354,2.3601157665252686,63.502010345458984
1830,-108.07232666015625,-26.260032501220703,437,16.361434936523438,0.0003,1,a2c_entropy_low_seed1,-0.6645501255989075,34.05283737182617,0.8659197688102722,-1.5795471668243408,64.30023193359375
1831,-131.44491577148438,-26.24016311645508,375,91.27091217041016,0.0003,1,a2c_entropy_low_seed1,-0.382127046585083,183.30690002441406,0.8275022506713867,-2.4665255546569824,148.17510986328125
1831,-131.44491577148438,-26.24016311645508,375,3.67899751663208,0.0003,1,a2c_entropy_low_seed1,-0.4711739420890808,8.301202774047852,0.8594998717308044,-0.5943451523780823,21.58458137512207
1832,-60.55376052856445,-26.057604141235352,563,79.84957885742188,0.0003,1,a2c_entropy_low_seed1,-0.2468710094690323,160.1937255859375,0.8202240467071533,-1.7890534400939941,95.53905487060547
1833,-83.27136993408203,-29.211274642944336,498,29.090805053710938,0.0003,1,a2c_entropy_low_seed1,-0.4031112790107727,58.98869323730469,0.863803505897522,-0.1484249234199524,23.314899444580078
1833,-83.27136993408203,-29.211274642944336,498,1.1414133310317993,0.0003,1,a2c_entropy_low_seed1,-0.949798583984375,4.183340072631836,0.9162949323654175,-1.0596052408218384,29.293331146240234
1833,-83.27136993408203,-29.211274642944336,498,1.8366457223892212,0.0003,1,a2c_entropy_low_seed1,0.23511096835136414,3.203897476196289,0.828079342842102,0.242555633187294,15.233353614807129
1833,-83.27136993408203,-29.211274642944336,498,1.4114054441452026,0.0003,1,a2c_entropy_low_seed1,-0.8906232118606567,4.604947566986084,0.890238344669342,-1.0239728689193726,31.845989227294922
1834,72.72611236572266,-26.292579574584963,1001,16.736351013183594,0.0003,1,a2c_entropy_low_seed1,0.14449113607406616,33.18458557128906,0.866142749786377,0.535153865814209,27.80817222595215
1834,72.72611236572266,-26.292579574584963,1001,2.670701503753662,0.0003,1,a2c_entropy_low_seed1,-0.3577507734298706,6.05766487121582,0.7600732445716858,0.049941062927246094,13.683899879455566
1836,-64.34922790527344,-21.538120956420897,215,213.61752319335938,0.0003,1,a2c_entropy_low_seed1,-3.1617891788482666,433.5592956542969,0.6851454973220825,2.183201313018799,187.5365753173828
1836,-64.34922790527344,-21.538120956420897,215,4.4258198738098145,0.0003,1,a2c_entropy_low_seed1,-0.8794154524803162,10.61120319366455,0.7323547005653381,-0.9581323266029358,40.22267150878906
1837,170.52676391601562,-15.414033737182617,507,143.7111358642578,0.0003,1,a2c_entropy_low_seed1,1.805800199508667,283.8115234375,0.8571583032608032,5.049598693847656,147.01023864746094
1837,170.52676391601562,-15.414033737182617,507,5.116359710693359,0.0003,1,a2c_entropy_low_seed1,-0.23413853347301483,10.701839447021484,0.8426579236984253,-0.28549957275390625,31.921133041381836
1838,58.41267013549805,-12.904363861083985,1001,6.735714435577393,0.0003,1,a2c_entropy_low_seed1,-1.1680793762207031,15.80839729309082,0.8094630837440491,-1.124889850616455,46.26593017578125
1838,58.41267013549805,-12.904363861083985,1001,5.354549884796143,0.0003,1,a2c_entropy_low_seed1,0.20226509869098663,10.305429458618164,0.8598431348800659,0.4001137614250183,21.868202209472656
1838,58.41267013549805,-12.904363861083985,1001,4.156216144561768,0.0003,1,a2c_entropy_low_seed1,-1.9655179977416992,12.244388580322266,0.9201704263687134,-2.226198673248291,70.36409759521484
1839,-51.83448028564453,-10.551441650390625,199,24.46553611755371,0.0003,1,a2c_entropy_low_seed1,-0.2507634162902832,49.4334716796875,0.8727726340293884,-0.29319462180137634,15.351913452148438
1839,-51.83448028564453,-10.551441650390625,199,26.550199508666992,0.0003,1,a2c_entropy_low_seed1,-0.8429467678070068,54.7870979309082,0.8064842224121094,-0.7804568409919739,32.366050720214844
1839,-51.83448028564453,-10.551441650390625,199,12.348806381225586,0.0003,1,a2c_entropy_low_seed1,-0.590386152267456,25.879140853881836,0.7546346187591553,-1.6804683208465576,69.20978546142578
1839,-51.83448028564453,-10.551441650390625,199,7.643525123596191,0.0003,1,a2c_entropy_low_seed1,0.18426503241062164,14.919334411621094,0.8148322105407715,0.9427919983863831,37.506404876708984
1839,-51.83448028564453,-10.551441650390625,199,62.26072311401367,0.0003,1,a2c_entropy_low_seed1,1.088713526725769,122.34478759765625,0.7669380307197571,3.555891990661621,109.99913787841797
1839,-51.83448028564453,-10.551441650390625,199,8.487797737121582,0.0003,1,a2c_entropy_low_seed1,0.2962442636489868,16.383874893188477,0.7679235339164734,0.9320430159568787,32.81700897216797
1841,-116.26809692382812,-16.72878829956055,368,152.9376983642578,0.0003,1,a2c_entropy_low_seed1,-5.366784572601318,316.6097412109375,0.7630890607833862,-5.214821815490723,185.0560302734375
1842,133.17489624023438,-15.751353607177734,691,220.5251007080078,0.0003,1,a2c_entropy_low_seed1,-0.49006780982017517,442.0310974121094,0.7741301655769348,5.832579612731934,261.9630126953125
1842,133.17489624023438,-15.751353607177734,691,17.366979598999023,0.0003,1,a2c_entropy_low_seed1,-0.3488442003726959,35.43243408203125,0.7858794927597046,0.10612252354621887,28.679628372192383
1842,133.17489624023438,-15.751353607177734,691,3.4088058471679688,0.0003,1,a2c_entropy_low_seed1,0.08719310164451599,6.643931865692139,0.7061460018157959,0.8032237887382507,28.865955352783203
1843,71.4862289428711,-12.672569427490235,1001,2.389439105987549,0.0003,1,a2c_entropy_low_seed1,-0.15371766686439514,5.087085247039795,0.7715540528297424,0.10597684979438782,12.475375175476074
1844,68.54045104980469,-12.516278686523437,863,142.609375,0.0003,1,a2c_entropy_low_seed1,0.48268401622772217,284.2541809082031,0.7849838733673096,3.6891849040985107,164.09130859375
1844,68.54045104980469,-12.516278686523437,863,39.246376037597656,0.0003,1,a2c_entropy_low_seed1,1.4603558778762817,75.57275390625,0.716550350189209,3.1023976802825928,95.62602233886719
1844,68.54045104980469,-12.516278686523437,863,2.7289817333221436,0.0003,1,a2c_entropy_low_seed1,-0.000969618558883667,5.460662841796875,0.7598838210105896,0.541935384273529,22.34575653076172
1845,131.71194458007812,-13.509406433105468,684,159.170166015625,0.0003,1,a2c_entropy_low_seed1,-0.41815319657325745,319.1773681640625,0.7438099980354309,4.533509254455566,225.12692260742188
1845,131.71194458007812,-13.509406433105468,684,38.356361389160156,0.0003,1,a2c_entropy_low_seed1,1.5293946266174316,73.65473937988281,0.807278037071228,1.7097346782684326,47.421634674072266
1845,131.71194458007812,-13.509406433105468,684,3.315298557281494,0.0003,1,a2c_entropy_low_seed1,0.18756672739982605,6.256253242492676,0.7898098826408386,0.34018078446388245,13.745718955993652
1846,-86.17561340332031,-12.434541015625,320,94.04818725585938,0.0003,1,a2c_entropy_low_seed1,-2.660048484802246,193.4172821044922,0.807214617729187,-2.9820828437805176,141.25381469726562
1846,-86.17561340332031,-12.434541015625,320,3.4312009811401367,0.0003,1,a2c_entropy_low_seed1,-0.2064075767993927,7.276039123535156,0.8218441009521484,-0.14567884802818298,15.1064453125
1846,-86.17561340332031,-12.434541015625,320,2.1265029907226562,0.0003,1,a2c_entropy_low_seed1,-0.6707128286361694,5.595254898071289,0.8229829668998718,-0.41936343908309937,13.863653182983398
1846,-86.17561340332031,-12.434541015625,320,19.036134719848633,0.0003,1,a2c_entropy_low_seed1,0.17768681049346924,37.717674255371094,0.7776433229446411,0.5442787408828735,20.53829574584961
1846,-86.17561340332031,-12.434541015625,320,2.484018087387085,0.0003,1,a2c_entropy_low_seed1,-0.18647843599319458,5.341781139373779,0.7879868745803833,-0.3260505199432373,17.73704719543457
1846,-86.17561340332031,-12.434541015625,320,2.682774305343628,0.0003,1,a2c_entropy_low_seed1,0.3980855345726013,4.570144176483154,0.7669214606285095,0.41723138093948364,22.694284439086914
1848,-41.83116912841797,-10.309424896240234,413,213.74322509765625,0.0003,1,a2c_entropy_low_seed1,-1.0325074195861816,429.55218505859375,0.7308472990989685,1.8547016382217407,178.84878540039062
1849,-125.61341857910156,-16.842869720458985,578,95.3407211303711,0.0003,1,a2c_entropy_low_seed1,-2.1868135929107666,195.05584716796875,0.7805115580558777,-4.009476661682129,152.30714416503906
1849,-125.61341857910156,-16.842869720458985,578,1.200735092163086,0.0003,1,a2c_entropy_low_seed1,-0.3628338873386383,3.1279444694519043,0.8066527247428894,-0.06274637579917908,10.075733184814453
1850,-104.19666290283203,-16.307648315429688,479,51.20758819580078,0.0003,1,a2c_entropy_low_seed1,-2.5777223110198975,107.5714340209961,0.8201001882553101,-1.9427704811096191,66.07516479492188
1850,-104.19666290283203,-16.307648315429688,479,4.767423152923584,0.0003,1,a2c_entropy_low_seed1,0.5377130508422852,8.460226058959961,0.8060598373413086,0.4842478036880493,19.972692489624023
1852,89.69874572753906,-15.557965164184571,1001,139.96353149414062,0.0003,1,a2c_entropy_low_seed1,-0.052720002830028534,280.0332336425781,0.7229846715927124,-3.5828611850738525,186.64610290527344
1852,89.69874572753906,-15.557965164184571,1001,11.10119915008545,0.0003,1,a2c_entropy_low_seed1,0.7118948698043823,20.77939224243164,0.7846975326538086,1.0017098188400269,31.220125198364258
1852,89.69874572753906,-15.557965164184571,1001,7.212615966796875,0.0003,1,a2c_entropy_low_seed1,-0.2858070731163025,14.99755859375,0.7126532196998596,-0.1423424482345581,21.677793502807617
1854,150.13723754882812,-14.549806671142578,447,217.2357177734375,0.0003,1,a2c_entropy_low_seed1,-3.426889657974243,441.325927734375,0.6987810134887695,1.0024373531341553,207.4155731201172
1854,150.13723754882812,-14.549806671142578,447,3.4642395973205566,0.0003,1,a2c_entropy_low_seed1,-0.5287494659423828,7.986787796020508,0.8095943331718445,-0.6153649687767029,29.987016677856445
1854,150.13723754882812,-14.549806671142578,447,3.5617897510528564,0.0003,1,a2c_entropy_low_seed1,-0.1834152191877365,7.491245746612549,0.8356884717941284,-0.2583644390106201,17.47168731689453
1855,-70.46318054199219,-13.987510833740235,273,116.00276184082031,0.0003,1,a2c_entropy_low_seed1,-4.121580600738525,240.2493896484375,0.6982707977294922,-5.713542461395264,182.3669891357422
1856,-124.74386596679688,-14.712674255371093,358,53.66666793823242,0.0003,1,a2c_entropy_low_seed1,-1.14406156539917,109.62224578857422,0.7891725897789001,-2.585190534591675,104.16857147216797
1857,-72.11896514892578,-18.39407257080078,240,64.76492309570312,0.0003,1,a2c_entropy_low_seed1,-0.3026115894317627,130.13580322265625,0.7379859089851379,0.6673462390899658,40.17344284057617
1858,57.10744857788086,-18.53959861755371,1001,5.528981685638428,0.0003,1,a2c_entropy_low_seed1,-0.34931817650794983,11.757399559020996,0.8003590703010559,-0.2857968211174011,20.571489334106445
1858,57.10744857788086,-18.53959861755371,1001,4.001689910888672,0.0003,1,a2c_entropy_low_seed1,0.6650431156158447,6.674171447753906,0.877780556678772,0.7792507410049438,26.093576431274414
1858,57.10744857788086,-18.53959861755371,1001,2.5453975200653076,0.0003,1,a2c_entropy_low_seed1,-0.8552562594413757,6.802234649658203,0.9267936944961548,-0.9448689222335815,34.920074462890625
1858,57.10744857788086,-18.53959861755371,1001,2.6392550468444824,0.0003,1,a2c_entropy_low_seed1,0.2848156690597534,4.709759712219238,0.8811212182044983,0.555121898651123,22.851245880126953
1858,57.10744857788086,-18.53959861755371,1001,2.8885562419891357,0.0003,1,a2c_entropy_low_seed1,0.21491166949272156,5.348161220550537,0.871955156326294,0.5649306774139404,20.544918060302734
1858,57.10744857788086,-18.53959861755371,1001,14.182689666748047,0.0003,1,a2c_entropy_low_seed1,-1.1180691719055176,30.602378845214844,0.8621477484703064,-1.5956019163131714,44.16857147216797
1859,-63.9306640625,-17.100258407592772,465,50.74402618408203,0.0003,1,a2c_entropy_low_seed1,0.6867126822471619,100.11550903320312,0.8880226016044617,1.0486810207366943,82.36918640136719
1860,-120.69570922851562,-17.879822616577147,402,54.891963958740234,0.0003,1,a2c_entropy_low_seed1,-0.6745476722717285,111.1338882446289,0.861352801322937,-0.13103914260864258,46.87455368041992
1860,-120.69570922851562,-17.879822616577147,402,1.188040018081665,0.0003,1,a2c_entropy_low_seed1,-0.41645678877830505,3.2098350524902344,0.8414289355278015,-0.12852829694747925,7.772970676422119
1860,-120.69570922851562,-17.879822616577147,402,7.224337100982666,0.0003,1,a2c_entropy_low_seed1,0.9184588193893433,12.612638473510742,0.882481575012207,1.4373948574066162,44.969825744628906
1860,-120.69570922851562,-17.879822616577147,402,38.27204895019531,0.0003,1,a2c_entropy_low_seed1,-0.5581323504447937,77.66114807128906,0.7868306040763855,-0.08817565441131592,50.51859664916992
1860,-120.69570922851562,-17.879822616577147,402,8.64516544342041,0.0003,1,a2c_entropy_low_seed1,-0.23772962391376495,17.766555786132812,0.7656271457672119,-0.07841989398002625,25.315799713134766
1862,81.79524993896484,-15.922705307006837,577,406.0535888671875,0.0003,1,a2c_entropy_low_seed1,-0.41985273361206055,812.9476318359375,0.7026640772819519,7.483539581298828,286.06134033203125
1862,81.79524993896484,-15.922705307006837,577,4.951193332672119,0.0003,1,a2c_entropy_low_seed1,-0.335136741399765,10.573506355285645,0.8457645177841187,-0.21497943997383118,21.030105590820312
1862,81.79524993896484,-15.922705307006837,577,4.881752967834473,0.0003,1,a2c_entropy_low_seed1,-0.09931780397891998,9.962974548339844,0.8327208161354065,0.10925528407096863,18.214994430541992
1863,-95.99762725830078,-16.238981399536133,276,85.94586944580078,0.0003,1,a2c_entropy_low_seed1,-3.801936626434326,179.49644470214844,0.8339213728904724,-3.9625296592712402,178.15206909179688
1863,-95.99762725830078,-16.238981399536133,276,6.026504039764404,0.0003,1,a2c_entropy_low_seed1,0.41048237681388855,11.232911109924316,0.8683146834373474,0.2541111707687378,23.23813247680664
1863,-95.99762725830078,-16.238981399536133,276,5.879324436187744,0.0003,1,a2c_entropy_low_seed1,-0.6876987218856812,13.134866714477539,0.8206110596656799,-0.7309286594390869,38.905399322509766
1864,69.4072494506836,-13.247663497924805,1001,5.081639289855957,0.0003,1,a2c_entropy_low_seed1,-0.19349083304405212,10.551125526428223,0.8651373386383057,-0.17884135246276855,15.348091125488281
1864,69.4072494506836,-13.247663497924805,1001,3.1484978199005127,0.0003,1,a2c_entropy_low_seed1,-0.5367096662521362,7.37129020690918,0.8750818967819214,-0.5310160517692566,26.949037551879883
1864,69.4072494506836,-13.247663497924805,1001,1.906726360321045,0.0003,1,a2c_entropy_low_seed1,0.15307004749774933,3.508176326751709,0.863709568977356,0.20794613659381866,10.24300765991211
1864,69.4072494506836,-13.247663497924805,1001,4.382734775543213,0.0003,1,a2c_entropy_low_seed1,-0.42177486419677734,9.609830856323242,0.8115218877792358,-0.07669562101364136,17.740415573120117
1864,69.4072494506836,-13.247663497924805,1001,21.22283935546875,0.0003,1,a2c_entropy_low_seed1,0.8215364813804626,40.80331039428711,0.7051658034324646,1.8784021139144897,56.56650161743164
1864,69.4072494506836,-13.247663497924805,1001,1.359618902206421,0.0003,1,a2c_entropy_low_seed1,0.0034444183111190796,2.7130279541015625,0.6791025996208191,0.4045596420764923,12.13331127166748
1864,69.4072494506836,-13.247663497924805,1001,3.2367660999298096,0.0003,1,a2c_entropy_low_seed1,-0.5775874853134155,7.629471302032471,0.7645910978317261,-0.7003906965255737,22.008895874023438
1865,161.49452209472656,-8.584126052856446,607,38.50041198730469,0.0003,1,a2c_entropy_low_seed1,-0.12247556447982788,77.24657440185547,0.8029931783676147,0.6466051936149597,27.24010467529297
1867,-146.6127166748047,-14.31667579650879,453,169.4241943359375,0.0003,1,a2c_entropy_low_seed1,-3.3485560417175293,345.54632568359375,0.81735759973526,-5.339295864105225,198.3774871826172
1868,-107.3239974975586,-14.65471534729004,495,93.68500518798828,0.0003,1,a2c_entropy_low_seed1,-0.21134422719478607,187.79348754882812,0.789354681968689,0.20425796508789062,114.8479995727539
1868,-107.3239974975586,-14.65471534729004,495,1.0696887969970703,0.0003,1,a2c_entropy_low_seed1,0.08607414364814758,1.9680213928222656,0.7921042442321777,0.2567915618419647,10.22677993774414
1869,67.60221862792969,-10.05435646057129,1001,5.193640232086182,0.0003,1,a2c_entropy_low_seed1,-0.34781062602996826,11.083698272705078,0.7966819405555725,-0.1568722128868103,14.150155067443848
1870,91.0986328125,-6.376806106567383,1001,4.882021427154541,0.0003,1,a2c_entropy_low_seed1,-1.2268807888031006,12.218606948852539,0.8025128841400146,-1.1262598037719727,38.78466033935547
1871,2.7466914653778076,-8.455045800209046,1001,9.240693092346191,0.0003,1,a2c_entropy_low_seed1,1.1151195764541626,16.251895904541016,0.7499877214431763,2.011239767074585,66.774658203125
1871,2.7466914653778076,-8.455045800209046,1001,5.0719523429870605,0.0003,1,a2c_entropy_low_seed1,-0.060476917773485184,10.265597343444824,0.739476203918457,0.5928180813789368,30.137781143188477
1871,2.7466914653778076,-8.455045800209046,1001,4.432840347290039,0.0003,1,a2c_entropy_low_seed1,-0.42646175622940063,9.719408988952637,0.8047779202461243,-0.15053576231002808,30.009424209594727
1871,2.7466914653778076,-8.455045800209046,1001,2.8433752059936523,0.0003,1,a2c_entropy_low_seed1,0.3194679617881775,5.048638820648193,0.82464200258255,0.44274428486824036,20.52352523803711
1871,2.7466914653778076,-8.455045800209046,1001,17.527406692504883,0.0003,1,a2c_entropy_low_seed1,-1.2263987064361572,37.508460998535156,0.8515253663063049,-0.6723196506500244,23.234477996826172
1871,2.7466914653778076,-8.455045800209046,1001,4.678961753845215,0.0003,1,a2c_entropy_low_seed1,-0.10257323086261749,9.563837051391602,0.7664870023727417,0.6275149583816528,32.723175048828125
1871,2.7466914653778076,-8.455045800209046,1001,3.44514536857605,0.0003,1,a2c_entropy_low_seed1,-0.7788305282592773,8.448705673217773,0.7538434267044067,-0.3400611877441406,22.250520706176758
1872,167.20465087890625,-3.454947838783264,445,156.688720703125,0.0003,1,a2c_entropy_low_seed1,0.12481838464736938,313.1285705566406,0.7555452585220337,5.576452732086182,237.1960906982422
1872,167.20465087890625,-3.454947838783264,445,13.479170799255371,0.0003,1,a2c_entropy_low_seed1,-0.853679895401001,28.666515350341797,0.8137766122817993,0.07156258821487427,22.44729995727539
1873,-79.58946990966797,-7.935933403968811,446,60.1776008605957,0.0003,1,a2c_entropy_low_seed1,0.17454679310321808,120.00694274902344,0.8305306434631348,-0.5382466912269592,60.39617919921875
1873,-79.58946990966797,-7.935933403968811,446,21.794925689697266,0.0003,1,a2c_entropy_low_seed1,0.4872601628303528,42.61605453491211,0.7262624502182007,1.7650309801101685,57.35012435913086
1873,-79.58946990966797,-7.935933403968811,446,11.080002784729004,0.0003,1,a2c_entropy_low_seed1,0.2591065466403961,21.64239501953125,0.6023884415626526,1.6467856168746948,51.44050598144531
1874,151.09225463867188,-4.169641518592835,514,175.79359436035156,0.0003,1,a2c_entropy_low_seed1,-0.0770430862903595,351.741943359375,0.6626027226448059,5.714150428771973,272.15380859375
1875,136.0678253173828,-3.8072414636611938,440,112.65579986572266,0.0003,1,a2c_entropy_low_seed1,1.002729892730713,223.306884765625,0.7526450753211975,2.930772066116333,102.48165893554688
1876,-67.2905044555664,-2.4154383325576783,174,107.48287963867188,0.0003,1,a2c_entropy_low_seed1,-5.374253273010254,225.71510314941406,0.8462569117546082,-5.56070613861084,209.97048950195312
1877,-116.71009826660156,-3.2920475244522094,478,201.5299835205078,0.0003,1,a2c_entropy_low_seed1,0.8172175884246826,401.42626953125,0.7239452004432678,-4.579303741455078,218.8495635986328
1877,-116.71009826660156,-3.2920475244522094,478,12.06190299987793,0.0003,1,a2c_entropy_low_seed1,-0.00614851713180542,24.136905670166016,0.8035508394241333,0.07153624296188354,13.9105863571167
1877,-116.71009826660156,-3.2920475244522094,478,3.860769033432007,0.0003,1,a2c_entropy_low_seed1,0.24653282761573792,7.229310989379883,0.8389348387718201,0.31034791469573975,19.346176147460938
1878,67.89053344726562,-3.4454703760147094,1001,6.292590618133545,0.0003,1,a2c_entropy_low_seed1,-0.45618823170661926,13.498397827148438,0.8400905728340149,-0.15269529819488525,22.206987380981445
1878,67.89053344726562,-3.4454703760147094,1001,10.521125793457031,0.0003,1,a2c_entropy_low_seed1,-1.1013113260269165,23.245697021484375,0.821147084236145,-1.4374134540557861,46.183380126953125
1879,-144.45166015625,-3.2423578882217408,784,106.7672348022461,0.0003,1,a2c_entropy_low_seed1,0.3777620792388916,212.77972412109375,0.7786090970039368,-2.6926119327545166,166.626220703125
1879,-144.45166015625,-3.2423578882217408,784,1.358099102973938,0.0003,1,a2c_entropy_low_seed1,-0.0496629923582077,2.816415309906006,0.8913014531135559,0.028199583292007446,5.364757061004639
1879,-144.45166015625,-3.2423578882217408,784,5.285470485687256,0.0003,1,a2c_entropy_low_seed1,-0.884024441242218,12.339818954467773,0.8288165926933289,-0.9968384504318237,44.11311340332031
1879,-144.45166015625,-3.2423578882217408,784,2.9990835189819336,0.0003,1,a2c_entropy_low_seed1,-0.20752814412117004,6.414127826690674,0.9047732353210449,-0.0642332211136818,17.284805297851562
1881,-57.18962097167969,-1.616287636756897,204,181.15704345703125,0.0003,1,a2c_entropy_low_seed1,-7.924180507659912,378.163330078125,0.8811312317848206,-7.989355564117432,328.53662109375
1881,-57.18962097167969,-1.616287636756897,204,3.846653699874878,0.0003,1,a2c_entropy_low_seed1,-0.5902799367904663,8.874711036682129,0.8435088396072388,-0.5064051151275635,23.106351852416992
1881,-57.18962097167969,-1.616287636756897,204,10.515520095825195,0.0003,1,a2c_entropy_low_seed1,-0.08087536692619324,21.193641662597656,0.8514292240142822,0.15636062622070312,17.569311141967773
1881,-57.18962097167969,-1.616287636756897,204,4.271511554718018,0.0003,1,a2c_entropy_low_seed1,0.0943915843963623,8.355033874511719,0.7943140864372253,0.6114917993545532,28.189647674560547
1881,-57.18962097167969,-1.616287636756897,204,5.031742095947266,0.0003,1,a2c_entropy_low_seed1,-1.16732656955719,12.39892578125,0.7890063524246216,-1.2503300905227661,47.689453125
1882,85.5802001953125,1.306391577720642,1001,5.687588214874268,0.0003,1,a2c_entropy_low_seed1,-0.44073542952537537,12.25749397277832,0.8468676209449768,-0.559109091758728,28.08031463623047
1883,-142.38401794433594,0.12413861751556396,522,124.8888931274414,0.0003,1,a2c_entropy_low_seed1,-2.731036424636841,255.24063110351562,0.7726200819015503,-4.658174991607666,164.82003784179688
1883,-142.38401794433594,0.12413861751556396,522,2.4744765758514404,0.0003,1,a2c_entropy_low_seed1,-0.7461327314376831,6.442032814025879,0.8138418197631836,-0.8417571187019348,32.16986083984375
1883,-142.38401794433594,0.12413861751556396,522,1.268216848373413,0.0003,1,a2c_entropy_low_seed1,-0.28741759061813354,3.112117290496826,0.8482760190963745,-0.3784100413322449,12.419313430786133
1883,-142.38401794433594,0.12413861751556396,522,1.382150650024414,0.0003,1,a2c_entropy_low_seed1,-0.17389535903930664,3.112989902496338,0.8978247046470642,-0.1381452977657318,12.596580505371094
1883,-142.38401794433594,0.12413861751556396,522,8.57712173461914,0.0003,1,a2c_entropy_low_seed1,-0.11759926378726959,17.390281677246094,0.8390371203422546,-0.4558292627334595,23.73166847229004
1885,-138.95458984375,-10.975544152259827,646,90.2132339477539,0.0003,1,a2c_entropy_low_seed1,-2.503774404525757,185.434814453125,0.791254997253418,-3.309150218963623,132.20620727539062
1886,-99.99756622314453,-11.688510918617249,384,63.00680923461914,0.0003,1,a2c_entropy_low_seed1,-1.1998010873794556,128.41404724121094,0.823758065700531,-1.5897473096847534,95.22682189941406
1886,-99.99756622314453,-11.688510918617249,384,10.28659439086914,0.0003,1,a2c_entropy_low_seed1,0.6075958609580994,19.35881233215332,0.8151880502700806,0.8643268346786499,36.622833251953125
1886,-99.99756622314453,-11.688510918617249,384,14.056744575500488,0.0003,1,a2c_entropy_low_seed1,0.9157562255859375,26.282848358154297,0.8725112676620483,1.2935495376586914,41.497581481933594
1887,53.781429290771484,-14.023417611122131,1001,5.515791416168213,0.0003,1,a2c_entropy_low_seed1,-0.4055995047092438,11.84360408782959,0.8220722675323486,-0.2760261297225952,33.14796447753906
1887,53.781429290771484,-14.023417611122131,1001,3.7918355464935303,0.0003,1,a2c_entropy_low_seed1,-1.1110552549362183,9.806621551513672,0.8398656249046326,-1.3022092580795288,55.02356719970703
1888,-44.27192306518555,-16.077109475135803,182,67.65602111816406,0.0003,1,a2c_entropy_low_seed1,-2.9548232555389404,141.22250366210938,0.8042252063751221,-3.077737331390381,121.27159118652344
1890,-123.36749267578125,-16.44024004459381,564,143.0272979736328,0.0003,1,a2c_entropy_low_seed1,-0.7241232395172119,287.50360107421875,0.7733665704727173,-3.1956796646118164,166.1396942138672
1890,-123.36749267578125,-16.44024004459381,564,3.56313157081604,0.0003,1,a2c_entropy_low_seed1,0.4861222207546234,6.154879570007324,0.8604562282562256,0.5402407050132751,24.244592666625977
1890,-123.36749267578125,-16.44024004459381,564,37.14609146118164,0.0003,1,a2c_entropy_low_seed1,2.489309787750244,69.31437683105469,0.8178308606147766,2.56939959526062,69.52897644042969
1891,-118.65023803710938,-16.487882866859437,484,107.96561431884766,0.0003,1,a2c_entropy_low_seed1,0.379433274269104,215.17311096191406,0.7442114353179932,-3.362511157989502,209.25938415527344
1891,-118.65023803710938,-16.487882866859437,484,34.384578704833984,0.0003,1,a2c_entropy_low_seed1,-1.4076155424118042,71.58512878417969,0.740889847278595,-1.9767682552337646,85.96088409423828
1893,-94.71842193603516,-24.347726769447327,183,143.84164428710938,0.0003,1,a2c_entropy_low_seed1,-3.3737568855285645,294.431640625,0.8124704360961914,-4.530420303344727,259.2287902832031
1893,-94.71842193603516,-24.347726769447327,183,5.304636001586914,0.0003,1,a2c_entropy_low_seed1,-0.16841033101081848,10.946906089782715,0.8134989142417908,0.12321826815605164,19.768508911132812
1893,-94.71842193603516,-24.347726769447327,183,3.286741018295288,0.0003,1,a2c_entropy_low_seed1,-0.6538252234458923,7.882021903991699,0.8892091512680054,-0.7877897024154663,37.02655029296875
1893,-94.71842193603516,-24.347726769447327,183,2.6273560523986816,0.0003,1,a2c_entropy_low_seed1,-1.027922511100769,7.311375617980957,0.8183917999267578,-1.0836743116378784,51.391456604003906
1894,78.53983306884766,-24.147739129066466,1001,8.365192413330078,0.0003,1,a2c_entropy_low_seed1,-0.22872701287269592,17.188655853271484,0.816935658454895,-0.6311472654342651,74.47298431396484
1896,-97.1024169921875,-28.614499077796935,151,169.0697479248047,0.0003,1,a2c_entropy_low_seed1,-4.80662727355957,347.7535095214844,0.7757303714752197,-6.647944450378418,402.1402893066406
1896,-97.1024169921875,-28.614499077796935,151,22.525983810424805,0.0003,1,a2c_entropy_low_seed1,-1.403872013092041,47.86052703857422,0.8146450519561768,-1.219862699508667,36.30992889404297
1898,-98.64442443847656,-35.33345613956451,401,93.13352966308594,0.0003,1,a2c_entropy_low_seed1,0.9509714841842651,184.36595153808594,0.8436042070388794,1.2100552320480347,122.90294647216797
1899,-104.07429504394531,-34.90267366886139,424,60.00395202636719,0.0003,1,a2c_entropy_low_seed1,-2.4664697647094727,124.94164276123047,0.7974907159805298,-1.5139089822769165,95.11868286132812
1899,-104.07429504394531,-34.90267366886139,424,4.399538516998291,0.0003,1,a2c_entropy_low_seed1,0.13393767178058624,8.532020568847656,0.8192816972732544,0.4250861406326294,25.31688690185547
1899,-104.07429504394531,-34.90267366886139,424,3.2486443519592285,0.0003,1,a2c_entropy_low_seed1,-0.2735446095466614,7.0452094078063965,0.8318135142326355,-0.16887059807777405,15.535478591918945
1900,-76.67192077636719,-34.35217882633209,226,78.62129974365234,0.0003,1,a2c_entropy_low_seed1,-2.008669137954712,161.26080322265625,0.8674139976501465,-2.2494137287139893,139.53404235839844
1900,-76.67192077636719,-34.35217882633209,226,2.38733172416687,0.0003,1,a2c_entropy_low_seed1,-0.08598530292510986,4.947550296783447,0.9159777164459229,0.07508763670921326,13.899310111999512
1901,78.40371704101562,-31.946798501014708,1001,3.7672455310821533,0.0003,1,a2c_entropy_low_seed1,-0.17676790058612823,7.888855934143066,0.8292795419692993,-0.011356651782989502,25.142580032348633
1903,-62.48451232910156,-35.65711534976959,291,99.97506713867188,0.0003,1,a2c_entropy_low_seed1,-3.5907070636749268,207.13238525390625,0.8372878432273865,-3.080711841583252,130.4853057861328
1903,-62.48451232910156,-35.65711534976959,291,2.1620895862579346,0.0003,1,a2c_entropy_low_seed1,-0.3583964705467224,5.041864395141602,0.8922858238220215,-0.3674941658973694,18.376365661621094
1904,-90.26656341552734,-40.465191369056704,246,50.39889144897461,0.0003,1,a2c_entropy_low_seed1,0.00810755044221878,100.78240966796875,0.836962878704071,0.14645187556743622,75.04424285888672
1904,-90.26656341552734,-40.465191369056704,246,3.766899347305298,0.0003,1,a2c_entropy_low_seed1,-0.27082088589668274,8.076268196105957,0.8277453184127808,-0.29514724016189575,18.546052932739258
1904,-90.26656341552734,-40.465191369056704,246,21.786962509155273,0.0003,1,a2c_entropy_low_seed1,1.092408299446106,41.389892578125,0.7856621742248535,2.1610684394836426,67.1363754272461
1904,-90.26656341552734,-40.465191369056704,246,4.525057792663574,0.0003,1,a2c_entropy_low_seed1,1.1437453031539917,6.76338005065918,0.755082368850708,1.6044914722442627,52.353065490722656
1904,-90.26656341552734,-40.465191369056704,246,1.8116024732589722,0.0003,1,a2c_entropy_low_seed1,0.2890854477882385,3.04579758644104,0.7637590169906616,0.5270735025405884,22.233713150024414
1905,162.69944763183594,-35.801938805580136,495,117.8495864868164,0.0003,1,a2c_entropy_low_seed1,1.23140549659729,233.23719787597656,0.8330521583557129,4.184947967529297,158.31834411621094
1907,-134.93283081054688,-36.62969728946686,289,242.17642211914062,0.0003,1,a2c_entropy_low_seed1,-1.4132686853408813,487.18017578125,0.8054823279380798,-3.332402467727661,223.23394775390625
1908,-86.8921890258789,-39.50969004154205,233,64.03035736083984,0.0003,1,a2c_entropy_low_seed1,-1.945180058479309,131.95191955566406,0.837996244430542,-2.17242169380188,129.6280975341797
1908,-86.8921890258789,-39.50969004154205,233,2.8552982807159424,0.0003,1,a2c_entropy_low_seed1,0.009847350418567657,5.691753387451172,0.8517692685127258,0.4001976251602173,19.2774715423584
1908,-86.8921890258789,-39.50969004154205,233,4.771205425262451,0.0003,1,a2c_entropy_low_seed1,0.7935104966163635,7.956253528594971,0.8641434907913208,1.1902607679367065,46.6794319152832
1908,-86.8921890258789,-39.50969004154205,233,8.01369857788086,0.0003,1,a2c_entropy_low_seed1,1.3177847862243652,13.392661094665527,0.8341466784477234,1.7832344770431519,55.72434616088867
1908,-86.8921890258789,-39.50969004154205,233,8.565439224243164,0.0003,1,a2c_entropy_low_seed1,0.24838471412658691,16.63490104675293,0.7919867038726807,1.4900184869766235,52.72001647949219
1908,-86.8921890258789,-39.50969004154205,233,12.79504108428955,0.0003,1,a2c_entropy_low_seed1,0.9764965772628784,23.6378173828125,0.7293466925621033,1.2345740795135498,35.279541015625
1908,-86.8921890258789,-39.50969004154205,233,9.363388061523438,0.0003,1,a2c_entropy_low_seed1,0.2868759334087372,18.153667449951172,0.6426644325256348,1.6289526224136353,58.21555709838867
1908,-86.8921890258789,-39.50969004154205,233,4.947857856750488,0.0003,1,a2c_entropy_low_seed1,0.32646429538726807,9.243487358093262,0.6997067928314209,0.9319428205490112,38.78462600708008
1908,-86.8921890258789,-39.50969004154205,233,4.679873943328857,0.0003,1,a2c_entropy_low_seed1,-0.1620425283908844,9.684529304504395,0.6960412263870239,-0.03639284521341324,10.961051940917969
1908,-86.8921890258789,-39.50969004154205,233,6.077928066253662,0.0003,1,a2c_entropy_low_seed1,0.9308706521987915,10.29486083984375,0.7459514141082764,1.458103060722351,44.96739196777344
1908,-86.8921890258789,-39.50969004154205,233,5.046053409576416,0.0003,1,a2c_entropy_low_seed1,0.6968475580215454,8.699161529541016,0.7500194311141968,0.8893957138061523,29.628910064697266
1908,-86.8921890258789,-39.50969004154205,233,4.386534690856934,0.0003,1,a2c_entropy_low_seed1,0.21011053025722504,8.353621482849121,0.7731921672821045,0.4636421501636505,18.590879440307617
1908,-86.8921890258789,-39.50969004154205,233,1.4772411584854126,0.0003,1,a2c_entropy_low_seed1,-0.07823295146226883,3.111687421798706,0.7389937043190002,-0.019247926771640778,12.482126235961914
1908,-86.8921890258789,-39.50969004154205,233,4.100918292999268,0.0003,1,a2c_entropy_low_seed1,-0.0318351648747921,8.266295433044434,0.788682222366333,-0.1893923580646515,30.570363998413086
1908,-86.8921890258789,-39.50969004154205,233,2.8836967945098877,0.0003,1,a2c_entropy_low_seed1,-0.4212086498737335,6.610577583312988,0.7665655612945557,-0.2465105950832367,16.339109420776367
1909,101.44920349121094,-36.202092690467836,1001,1.9956533908843994,0.0003,1,a2c_entropy_low_seed1,-0.27036771178245544,4.532774925231934,0.7327667474746704,-0.19556432962417603,8.312509536743164
1909,101.44920349121094,-36.202092690467836,1001,16.33965492248535,0.0003,1,a2c_entropy_low_seed1,1.9678174257278442,28.74443244934082,0.7602695226669312,2.204099655151367,62.1783447265625
1909,101.44920349121094,-36.202092690467836,1001,26.77741050720215,0.0003,1,a2c_entropy_low_seed1,-0.7160843014717102,54.9876594543457,0.6707112789154053,0.8019070625305176,50.093692779541016
1909,101.44920349121094,-36.202092690467836,1001,1.0323070287704468,0.0003,1,a2c_entropy_low_seed1,-0.3067437410354614,2.678785562515259,0.6839901208877563,0.041850872337818146,13.198283195495605
1910,-73.56498718261719,-35.259478249549865,610,133.05003356933594,0.0003,1,a2c_entropy_low_seed1,-0.9138280153274536,267.9283752441406,0.6532217264175415,-3.885995864868164,134.27552795410156
1912,105.0298843383789,-33.229847435951235,660,173.49610900878906,0.0003,1,a2c_entropy_low_seed1,0.07176792621612549,346.84942626953125,0.739764392375946,5.365232944488525,252.62181091308594
1912,105.0298843383789,-33.229847435951235,660,3.7607927322387695,0.0003,1,a2c_entropy_low_seed1,0.09591680765151978,7.330526351928711,0.7745757699012756,0.5680846571922302,30.348705291748047
1913,90.66260528564453,-29.496642785072325,1001,1.773449420928955,0.0003,1,a2c_entropy_low_seed1,-0.9152646064758301,5.378244876861572,0.8168957233428955,-0.986329197883606,37.81629943847656
1914,81.32249450683594,-29.25833788394928,1001,4.216129779815674,0.0003,1,a2c_entropy_low_seed1,0.10678654909133911,8.219476699829102,0.790786862373352,0.4869886636734009,20.620914459228516
1914,81.32249450683594,-29.25833788394928,1001,2.6844120025634766,0.0003,1,a2c_entropy_low_seed1,0.1684459149837494,5.032806396484375,0.8741864562034607,0.39974546432495117,19.642580032348633
1914,81.32249450683594,-29.25833788394928,1001,3.116002321243286,0.0003,1,a2c_entropy_low_seed1,0.5673843026161194,5.098049640655518,0.8133016228675842,0.7752183079719543,27.583078384399414
1914,81.32249450683594,-29.25833788394928,1001,2.4893696308135986,0.0003,1,a2c_entropy_low_seed1,0.036388542503118515,4.9068379402160645,0.8758306503295898,0.11872418969869614,18.061243057250977
1914,81.32249450683594,-29.25833788394928,1001,2.353881359100342,0.0003,1,a2c_entropy_low_seed1,0.23199209570884705,4.244641304016113,0.8627867698669434,0.2672003209590912,15.441915512084961
1915,-68.6502685546875,-33.86123369693756,207,77.82051086425781,0.0003,1,a2c_entropy_low_seed1,-2.6409413814544678,160.92373657226562,0.8321696519851685,-3.1285574436187744,178.2093048095703
1916,-57.79306411743164,-33.56105570316315,1001,11.498458862304688,0.0003,1,a2c_entropy_low_seed1,-0.1396368145942688,23.27703285217285,0.8419675827026367,0.07689991593360901,24.320621490478516
1917,77.16480255126953,-29.085505318641662,1001,5.4678955078125,0.0003,1,a2c_entropy_low_seed1,0.4344218373298645,10.067792892456055,0.846342921257019,0.6519303917884827,33.23798370361328
1918,-81.66151428222656,-28.572255654335024,383,75.94585418701172,0.0003,1,a2c_entropy_low_seed1,-1.6836374998092651,155.2598876953125,0.8992688655853271,-1.5390700101852417,100.79975891113281
1919,-90.64594268798828,-31.73721888065338,290,31.26085662841797,0.0003,1,a2c_entropy_low_seed1,-0.8699001669883728,64.26234436035156,0.8329670429229736,-0.5105875730514526,23.993450164794922
1919,-90.64594268798828,-31.73721888065338,290,3.078786611557007,0.0003,1,a2c_entropy_low_seed1,0.4550480246543884,5.248370170593262,0.8931278586387634,0.5460766553878784,30.55127716064453
1919,-90.64594268798828,-31.73721888065338,290,2.474307060241699,0.0003,1,a2c_entropy_low_seed1,-0.05029967427253723,5.050114631652832,0.9011397957801819,0.06929472088813782,13.553252220153809
1919,-90.64594268798828,-31.73721888065338,290,36.056949615478516,0.0003,1,a2c_entropy_low_seed1,-0.6498846411705017,73.41455078125,0.8846693634986877,-1.9373339414596558,78.554931640625
1920,-151.22384643554688,-36.583668465614316,669,70.36988830566406,0.0003,1,a2c_entropy_low_seed1,1.200228214263916,138.3401336669922,0.8114510774612427,-0.4299219250679016,107.43010711669922
1920,-151.22384643554688,-36.583668465614316,669,3.305147409439087,0.0003,1,a2c_entropy_low_seed1,0.728899359703064,5.153350830078125,0.8547834157943726,0.964201807975769,37.74269104003906
1920,-151.22384643554688,-36.583668465614316,669,2.1201584339141846,0.0003,1,a2c_entropy_low_seed1,-0.27296727895736694,4.787103176116943,0.8515274524688721,-0.04165835678577423,16.730497360229492
1920,-151.22384643554688,-36.583668465614316,669,3.9998269081115723,0.0003,1,a2c_entropy_low_seed1,0.4503994584083557,7.099722385406494,0.8678233027458191,0.6119643449783325,38.058258056640625
1920,-151.22384643554688,-36.583668465614316,669,37.81110763549805,0.0003,1,a2c_entropy_low_seed1,2.1957530975341797,71.23160552978516,0.8924530744552612,2.9160995483398438,81.21530151367188
1920,-151.22384643554688,-36.583668465614316,669,16.239397048950195,0.0003,1,a2c_entropy_low_seed1,0.4877113401889801,31.50421142578125,0.8385609984397888,1.2213619947433472,37.201927185058594
1920,-151.22384643554688,-36.583668465614316,669,2.835970640182495,0.0003,1,a2c_entropy_low_seed1,0.7170066237449646,4.238813877105713,0.8860020637512207,0.9476345777511597,38.74555969238281
1920,-151.22384643554688,-36.583668465614316,669,2.884366512298584,0.0003,1,a2c_entropy_low_seed1,0.22245649993419647,5.324645042419434,0.824830174446106,0.3746021091938019,14.78437328338623
1922,-82.71720886230469,-43.2373664855957,413,129.78976440429688,0.0003,1,a2c_entropy_low_seed1,-1.7047086954116821,262.98980712890625,0.8601652383804321,-3.510714530944824,191.7253875732422
1922,-82.71720886230469,-43.2373664855957,413,15.09193229675293,0.0003,1,a2c_entropy_low_seed1,-0.6464989185333252,31.477672576904297,0.8102842569351196,-0.9178110361099243,42.06119918823242
1922,-82.71720886230469,-43.2373664855957,413,11.552583694458008,0.0003,1,a2c_entropy_low_seed1,0.18500955402851105,22.735918045043945,0.7700445055961609,0.4812604784965515,19.082439422607422
1922,-82.71720886230469,-43.2373664855957,413,3.5033485889434814,0.0003,1,a2c_entropy_low_seed1,0.5249283313751221,5.957659721374512,0.8191438317298889,0.48110130429267883,22.303815841674805
1922,-82.71720886230469,-43.2373664855957,413,19.95822525024414,0.0003,1,a2c_entropy_low_seed1,0.8246476650238037,38.26791000366211,0.7558133006095886,0.9378678202629089,28.043928146362305
1922,-82.71720886230469,-43.2373664855957,413,1.5295475721359253,0.0003,1,a2c_entropy_low_seed1,-0.08214182406663895,3.224177837371826,0.7990360856056213,-0.03864777833223343,14.80999755859375
1923,-71.25614929199219,-43.070700073242186,180,89.62199401855469,0.0003,1,a2c_entropy_low_seed1,-3.0924277305603027,185.42959594726562,0.7426328063011169,-3.149904727935791,171.2487030029297
1925,64.99858093261719,-46.49247955322266,1001,6.826467990875244,0.0003,1,a2c_entropy_low_seed1,-0.020754821598529816,13.695207595825195,0.7620765566825867,0.38903361558914185,14.772350311279297
1925,64.99858093261719,-46.49247955322266,1001,5.756011486053467,0.0003,1,a2c_entropy_low_seed1,0.4008912742137909,10.711023330688477,0.783362865447998,1.0337471961975098,51.098777770996094
1926,-112.59090423583984,-47.39848754882812,562,67.52326202392578,0.0003,1,a2c_entropy_low_seed1,-2.8422133922576904,140.7317657470703,0.8019401431083679,-2.7986607551574707,119.0765380859375
1926,-112.59090423583984,-47.39848754882812,562,5.280770778656006,0.0003,1,a2c_entropy_low_seed1,-1.2167526483535767,12.995818138122559,0.7711828947067261,-1.5390968322753906,61.578250885009766
1926,-112.59090423583984,-47.39848754882812,562,16.552976608276367,0.0003,1,a2c_entropy_low_seed1,-0.13647916913032532,33.37964630126953,0.7373713850975037,-1.7092187404632568,73.28845977783203
1926,-112.59090423583984,-47.39848754882812,562,21.44738006591797,0.0003,1,a2c_entropy_low_seed1,1.345138430595398,40.205238342285156,0.7571550607681274,1.8316856622695923,58.37468338012695
1926,-112.59090423583984,-47.39848754882812,562,2.76509165763855,0.0003,1,a2c_entropy_low_seed1,0.499977707862854,4.531013011932373,0.78514564037323,0.842028021812439,33.099056243896484
1926,-112.59090423583984,-47.39848754882812,562,10.151046752929688,0.0003,1,a2c_entropy_low_seed1,1.475799322128296,17.351318359375,0.8245935440063477,1.4280385971069336,40.65983200073242
1928,-50.93668746948242,-48.676211547851565,254,196.19085693359375,0.0003,1,a2c_entropy_low_seed1,-3.612175703048706,399.6068115234375,0.7308628559112549,-6.797485828399658,279.6074523925781
1930,75.41947937011719,-40.47837020874024,1001,8.853425025939941,0.0003,1,a2c_entropy_low_seed1,-0.23263616859912872,18.17292594909668,0.8025760054588318,0.15439818799495697,10.967226028442383
1930,75.41947937011719,-40.47837020874024,1001,1.5545527935028076,0.0003,1,a2c_entropy_low_seed1,-0.07519719749689102,3.2603671550750732,0.8671671748161316,-0.06521505862474442,10.640198707580566
1931,86.21373748779297,-37.61030303955078,1001,1.9396408796310425,0.0003,1,a2c_entropy_low_seed1,-0.09270820021629333,4.065441131591797,0.7429887056350708,0.1481885015964508,7.94431734085083
1931,86.21373748779297,-37.61030303955078,1001,3.1056251525878906,0.0003,1,a2c_entropy_low_seed1,-0.20341262221336365,6.618906021118164,0.8304346799850464,0.10976620018482208,15.060063362121582
1931,86.21373748779297,-37.61030303955078,1001,26.37842559814453,0.0003,1,a2c_entropy_low_seed1,1.1909661293029785,50.375762939453125,0.8431752920150757,1.6263582706451416,47.988094329833984
1931,86.21373748779297,-37.61030303955078,1001,1.2990269660949707,0.0003,1,a2c_entropy_low_seed1,-0.6025561690330505,3.803997755050659,0.8315215706825256,-0.37783578038215637,12.284193992614746
1931,86.21373748779297,-37.61030303955078,1001,13.29173469543457,0.0003,1,a2c_entropy_low_seed1,0.4007038176059723,25.782880783081055,0.817830502986908,-0.22201687097549438,18.91122055053711
1931,86.21373748779297,-37.61030303955078,1001,16.376249313354492,0.0003,1,a2c_entropy_low_seed1,0.35713991522789,32.038917541503906,0.6965597867965698,0.40450358390808105,26.680259704589844
1932,169.20974731445312,-35.93771209716797,474,155.8719940185547,0.0003,1,a2c_entropy_low_seed1,-0.7596367001533508,313.26397705078125,0.7051870226860046,4.352507591247559,212.5242156982422
1932,169.20974731445312,-35.93771209716797,474,7.756172180175781,0.0003,1,a2c_entropy_low_seed1,1.4422200918197632,12.628751754760742,0.8480916619300842,1.7974110841751099,61.8746337890625
1932,169.20974731445312,-35.93771209716797,474,5.383360862731934,0.0003,1,a2c_entropy_low_seed1,0.6842350363731384,9.399130821228027,0.8795080184936523,0.6846424341201782,30.669279098510742
1932,169.20974731445312,-35.93771209716797,474,26.27105140686035,0.0003,1,a2c_entropy_low_seed1,-1.1447354555130005,54.832420349121094,0.8469917178153992,-2.1108813285827637,80.4863052368164
1934,-75.03660583496094,-32.43731460571289,382,139.07350158691406,0.0003,1,a2c_entropy_low_seed1,-2.3458046913146973,282.8394470214844,0.8186585903167725,-4.077871322631836,172.50245666503906
1935,-102.28257751464844,-31.70387435913086,354,227.84242248535156,0.0003,1,a2c_entropy_low_seed1,-0.49754688143730164,456.68072509765625,0.7934567928314209,-4.535628795623779,235.5509796142578
1935,-102.28257751464844,-31.70387435913086,354,2.857365846633911,0.0003,1,a2c_entropy_low_seed1,-0.028812125325202942,5.7731523513793945,0.7962603569030762,0.29060184955596924,14.114290237426758
1935,-102.28257751464844,-31.70387435913086,354,4.246159553527832,0.0003,1,a2c_entropy_low_seed1,0.24963189661502838,7.993893623352051,0.8384556174278259,0.3812686800956726,16.30616569519043
1935,-102.28257751464844,-31.70387435913086,354,11.804990768432617,0.0003,1,a2c_entropy_low_seed1,0.19045011699199677,23.22980499267578,0.7227056622505188,1.2191113233566284,51.3997917175293
1935,-102.28257751464844,-31.70387435913086,354,23.449827194213867,0.0003,1,a2c_entropy_low_seed1,-3.9309144020080566,54.76216125488281,0.6773836016654968,-1.8755970001220703,80.3248062133789
1935,-102.28257751464844,-31.70387435913086,354,15.218587875366211,0.0003,1,a2c_entropy_low_seed1,0.44170111417770386,29.554508209228516,0.7348691821098328,0.9865295886993408,33.95616912841797
1936,136.94419860839844,-26.9650390625,606,46.75700378417969,0.0003,1,a2c_entropy_low_seed1,-0.9447712302207947,95.40435791015625,0.8061810731887817,0.1047021746635437,45.17774963378906
1937,-112.87377166748047,-30.29814308166504,386,164.62991333007812,0.0003,1,a2c_entropy_low_seed1,-0.9048413038253784,331.07025146484375,0.7367560863494873,-5.323265552520752,261.675537109375
1938,90.52470397949219,-27.602210540771484,1001,2.8465256690979004,0.0003,1,a2c_entropy_low_seed1,0.02153465896844864,5.6507673263549805,0.785274863243103,0.23069414496421814,13.62502670288086
1939,40.300045013427734,-25.91006576538086,1001,83.60999298095703,0.0003,1,a2c_entropy_low_seed1,0.7636080980300903,165.6934814453125,0.7172181606292725,-1.7788902521133423,140.75587463378906
1940,-144.48580932617188,-26.332432098388672,347,25.16669464111328,0.0003,1,a2c_entropy_low_seed1,-0.4911348819732666,51.31644821166992,0.7890651822090149,-0.4441732168197632,48.41079330444336
1940,-144.48580932617188,-26.332432098388672,347,5.1142778396606445,0.0003,1,a2c_entropy_low_seed1,0.4120001196861267,9.40540885925293,0.8535982370376587,0.7232270836830139,32.75642013549805
1940,-144.48580932617188,-26.332432098388672,347,20.501272201538086,0.0003,1,a2c_entropy_low_seed1,0.524930477142334,39.95353698730469,0.8545686602592468,1.0859580039978027,40.94921875
1940,-144.48580932617188,-26.332432098388672,347,7.230609893798828,0.0003,1,a2c_entropy_low_seed1,-0.7316311001777649,15.925292015075684,0.8099309206008911,-0.8193325996398926,36.96944046020508
1940,-144.48580932617188,-26.332432098388672,347,16.702163696289062,0.0003,1,a2c_entropy_low_seed1,1.408896565437317,30.587360382080078,0.8292950391769409,1.842380404472351,51.457054138183594
1940,-144.48580932617188,-26.332432098388672,347,16.33957290649414,0.0003,1,a2c_entropy_low_seed1,1.2707836627960205,30.138376235961914,0.7957160472869873,1.5926127433776855,44.741722106933594
1940,-144.48580932617188,-26.332432098388672,347,1.9505457878112793,0.0003,1,a2c_entropy_low_seed1,-0.08177010715007782,4.065391540527344,0.7597296237945557,0.09117823839187622,9.19670295715332
1941,64.28971099853516,-22.67363311767578,1001,2.6044766902923584,0.0003,1,a2c_entropy_low_seed1,0.07639769464731216,5.057013511657715,0.855406641960144,-0.14691397547721863,13.820856094360352
1941,64.28971099853516,-22.67363311767578,1001,1.949994683265686,0.0003,1,a2c_entropy_low_seed1,-0.42654144763946533,4.753835201263428,0.7629038691520691,-0.274422824382782,20.591169357299805
1942,-70.0028076171875,-22.201436309814454,303,78.3326416015625,0.0003,1,a2c_entropy_low_seed1,-2.2424116134643555,161.15084838867188,0.7490523457527161,-2.1713919639587402,124.37574005126953
1943,-110.91293334960938,-22.525326538085938,461,68.46930694580078,0.0003,1,a2c_entropy_low_seed1,-4.022922515869141,144.9851837158203,0.7209698557853699,-3.486145257949829,115.79705810546875
1943,-110.91293334960938,-22.525326538085938,461,3.469961166381836,0.0003,1,a2c_entropy_low_seed1,0.28622540831565857,6.368287086486816,0.8151691555976868,0.42862632870674133,31.05582618713379
1944,159.512451171875,-20.905874176025392,682,147.73439025878906,0.0003,1,a2c_entropy_low_seed1,1.7351175546646118,291.999267578125,0.7267171740531921,5.554474830627441,192.08216857910156
1944,159.512451171875,-20.905874176025392,682,3.6034371852874756,0.0003,1,a2c_entropy_low_seed1,-0.11076229810714722,7.429215431213379,0.8162856698036194,-0.2806490659713745,27.784744262695312
1945,-103.78233337402344,-21.367535858154298,499,69.63111877441406,0.0003,1,a2c_entropy_low_seed1,-2.486360788345337,144.2357635498047,0.8028538227081299,-2.677001476287842,99.32180786132812
1945,-103.78233337402344,-21.367535858154298,499,2.6010866165161133,0.0003,1,a2c_entropy_low_seed1,0.1590818613767624,4.8848395347595215,0.8303390145301819,0.3928864598274231,13.757486343383789
1945,-103.78233337402344,-21.367535858154298,499,1.024317741394043,0.0003,1,a2c_entropy_low_seed1,-0.6038258075714111,3.2571208477020264,0.8336467742919922,-0.5074044466018677,18.610082626342773
1946,-70.61559295654297,-20.837799377441407,259,85.14479064941406,0.0003,1,a2c_entropy_low_seed1,-3.392402172088623,177.0751953125,0.8141881227493286,-3.962143898010254,181.18861389160156
1946,-70.61559295654297,-20.837799377441407,259,5.311742305755615,0.0003,1,a2c_entropy_low_seed1,-0.2759861350059509,11.176233291625977,0.7764137983322144,-0.42245808243751526,31.731237411499023
1946,-70.61559295654297,-20.837799377441407,259,4.6399126052856445,0.0003,1,a2c_entropy_low_seed1,0.2165350764989853,8.847541809082031,0.7870622277259827,0.2171510010957718,32.762451171875
1947,100.36610412597656,-17.010770568847658,1001,6.07416296005249,0.0003,1,a2c_entropy_low_seed1,0.051374368369579315,12.046387672424316,0.8104575872421265,0.17047637701034546,15.86450481414795
1947,100.36610412597656,-17.010770568847658,1001,4.134300708770752,0.0003,1,a2c_entropy_low_seed1,-0.060427226126194,8.390291213989258,0.8358842134475708,-0.19558946788311005,28.368410110473633
1947,100.36610412597656,-17.010770568847658,1001,3.6604888439178467,0.0003,1,a2c_entropy_low_seed1,-0.1524375081062317,7.626646518707275,0.7937864661216736,0.0005471408367156982,23.822587966918945
1948,-69.64603424072266,-16.43080276489258,193,80.52982330322266,0.0003,1,a2c_entropy_low_seed1,-2.5043532848358154,166.0691375732422,0.7774450182914734,-2.4193966388702393,159.27108764648438
1948,-69.64603424072266,-16.43080276489258,193,25.89794921875,0.0003,1,a2c_entropy_low_seed1,-0.20712289214134216,52.21084976196289,0.7065017223358154,0.0794946476817131,34.78798294067383
1948,-69.64603424072266,-16.43080276489258,193,3.628589630126953,0.0003,1,a2c_entropy_low_seed1,0.6760407090187073,5.9058098793029785,0.7119673490524292,1.1780815124511719,41.01911163330078
1949,-68.51763916015625,-15.719669647216797,177,92.9443588256836,0.0003,1,a2c_entropy_low_seed1,-2.3388659954071045,190.56710815429688,0.6600219011306763,-2.327108860015869,146.87005615234375
1949,-68.51763916015625,-15.719669647216797,177,2.2742018699645996,0.0003,1,a2c_entropy_low_seed1,0.0729617103934288,4.403143882751465,0.663958728313446,0.27434659004211426,11.582857131958008
1949,-68.51763916015625,-15.719669647216797,177,1.065915584564209,0.0003,1,a2c_entropy_low_seed1,-0.35486042499542236,2.842222213745117,0.6702057719230652,-0.34578102827072144,17.989654541015625
1950,85.19491577148438,-12.482332916259766,1001,31.734159469604492,0.0003,1,a2c_entropy_low_seed1,2.0324900150299072,59.40400695800781,0.6691357493400574,3.3906729221343994,107.67876434326172
1951,-22.42423439025879,-14.498891944885253,1001,8.809844970703125,0.0003,1,a2c_entropy_low_seed1,0.0879148617386818,17.444475173950195,0.6134880781173706,0.8909429907798767,36.11672592163086
1952,-72.72879028320312,-14.13981662750244,265,110.53245544433594,0.0003,1,a2c_entropy_low_seed1,-4.785035133361816,230.63558959960938,0.6174687147140503,-3.2344813346862793,195.72918701171875
1953,154.3980712890625,-9.80216495513916,695,111.30213165283203,0.0003,1,a2c_entropy_low_seed1,-0.7211052179336548,224.04718017578125,0.708289384841919,2.4374217987060547,127.55042266845703
1954,123.01705932617188,-5.536492500305176,683,200.12124633789062,0.0003,1,a2c_entropy_low_seed1,1.2113468647003174,397.8204345703125,0.6458898186683655,7.447142124176025,278.0517883300781
1954,123.01705932617188,-5.536492500305176,683,1.8457741737365723,0.0003,1,a2c_entropy_low_seed1,-0.5899888277053833,4.872259140014648,0.7332189679145813,-0.569446325302124,29.637828826904297
1955,145.0876007080078,-5.888729438781739,669,138.94723510742188,0.0003,1,a2c_entropy_low_seed1,0.3062887191772461,277.2825622558594,0.6731392741203308,4.634335994720459,179.54574584960938
1955,145.0876007080078,-5.888729438781739,669,1.4995497465133667,0.0003,1,a2c_entropy_low_seed1,-0.1621725857257843,3.324284553527832,0.8400203585624695,-0.07954144477844238,13.935955047607422
1955,145.0876007080078,-5.888729438781739,669,1.9024415016174316,0.0003,1,a2c_entropy_low_seed1,-0.27877941727638245,4.363275051116943,0.8333905339241028,-0.18688714504241943,20.37384796142578
1956,59.56660079956055,-2.6310389328002928,1001,4.542908191680908,0.0003,1,a2c_entropy_low_seed1,-0.8422394394874573,10.771143913269043,0.848626434803009,-0.8421202898025513,36.173336029052734
1956,59.56660079956055,-2.6310389328002928,1001,5.561464786529541,0.0003,1,a2c_entropy_low_seed1,-0.009209007024765015,11.142219543457031,0.8713131546974182,-0.0338679775595665,16.257549285888672
1956,59.56660079956055,-2.6310389328002928,1001,4.369065761566162,0.0003,1,a2c_entropy_low_seed1,-1.676337718963623,12.091697692871094,0.8905129432678223,-1.9106638431549072,70.88275146484375
1957,-100.35020446777344,-1.9393864059448243,353,66.06360626220703,0.0003,1,a2c_entropy_low_seed1,-2.39729905128479,136.92269897460938,0.8856230974197388,-3.079240083694458,132.42335510253906
1957,-100.35020446777344,-1.9393864059448243,353,2.8653998374938965,0.0003,1,a2c_entropy_low_seed1,0.05106733739376068,5.629509925842285,0.8448203802108765,0.02554991841316223,9.789172172546387
1957,-100.35020446777344,-1.9393864059448243,353,2.4377551078796387,0.0003,1,a2c_entropy_low_seed1,-0.19419971108436584,5.264778137207031,0.8683460354804993,-0.08860056102275848,17.708724975585938
1957,-100.35020446777344,-1.9393864059448243,353,6.271022796630859,0.0003,1,a2c_entropy_low_seed1,0.4054366946220398,11.732059478759766,0.8868045210838318,0.7435128688812256,30.402196884155273
1958,-98.2174301147461,-2.165891227722168,613,157.06768798828125,0.0003,1,a2c_entropy_low_seed1,-0.28013521432876587,314.69647216796875,0.8238597512245178,-4.070303916931152,191.55943298339844
1958,-98.2174301147461,-2.165891227722168,613,5.634324550628662,0.0003,1,a2c_entropy_low_seed1,0.39735502004623413,10.474798202514648,0.8591519594192505,0.7230715751647949,22.94058609008789
1958,-98.2174301147461,-2.165891227722168,613,5.217900276184082,0.0003,1,a2c_entropy_low_seed1,-0.3649577498435974,11.166604995727539,0.8888112306594849,-0.15264973044395447,21.49456214904785
1958,-98.2174301147461,-2.165891227722168,613,2.088768243789673,0.0003,1,a2c_entropy_low_seed1,-0.35856789350509644,4.895537376403809,0.8647477030754089,-0.21561236679553986,12.64338493347168
1959,-134.41683959960938,-6.883212089538574,560,167.94332885742188,0.0003,1,a2c_entropy_low_seed1,-0.7185019850730896,337.324462890625,0.7822777032852173,-3.6743695735931396,195.96844482421875
1960,-146.3145751953125,-8.33820384979248,703,180.00730895996094,0.0003,1,a2c_entropy_low_seed1,-2.211235761642456,364.43792724609375,0.8331961631774902,-6.618882656097412,263.39019775390625
1960,-146.3145751953125,-8.33820384979248,703,9.050129890441895,0.0003,1,a2c_entropy_low_seed1,0.07027225196361542,17.96061897277832,0.9032336473464966,0.784873366355896,44.056243896484375
1961,-79.09555053710938,-10.720047416687011,326,57.7407341003418,0.0003,1,a2c_entropy_low_seed1,-1.8108474016189575,119.10395812988281,0.7959548234939575,-1.62675940990448,73.77238464355469
1961,-79.09555053710938,-10.720047416687011,326,58.94377517700195,0.0003,1,a2c_entropy_low_seed1,-0.511970579624176,118.91221618652344,0.72262042760849,-1.4850895404815674,80.60123443603516
1962,-161.95993041992188,-16.059843711853027,723,76.4765625,0.0003,1,a2c_entropy_low_seed1,-2.1946465969085693,157.34307861328125,0.6525269150733948,-1.075677514076233,109.20848846435547
1963,144.09133911132812,-14.991269035339355,544,183.01304626464844,0.0003,1,a2c_entropy_low_seed1,-0.020465567708015442,366.0676574707031,0.6367692947387695,5.648650169372559,253.26866149902344
1963,144.09133911132812,-14.991269035339355,544,3.1390960216522217,0.0003,1,a2c_entropy_low_seed1,-0.2361392080783844,6.75123405456543,0.7633460164070129,-0.3403151035308838,18.372386932373047
1963,144.09133911132812,-14.991269035339355,544,12.311266899108887,0.0003,1,a2c_entropy_low_seed1,0.049054328352212906,24.525182723999023,0.75815749168396,1.0561226606369019,33.829498291015625
1964,114.33797454833984,-14.330959434509277,730,125.76277923583984,0.0003,1,a2c_entropy_low_seed1,0.3493100702762604,250.82774353027344,0.8159287571907043,3.516425848007202,140.72776794433594
1965,-48.549583435058594,-13.928945732116699,267,69.31676483154297,0.0003,1,a2c_entropy_low_seed1,-1.5900061130523682,141.81434631347656,0.8089187145233154,-1.714182734489441,102.86292266845703
1965,-48.549583435058594,-13.928945732116699,267,2.303093671798706,0.0003,1,a2c_entropy_low_seed1,-0.8946300148963928,6.396307468414307,0.8601870536804199,-1.1793396472930908,48.10771560668945
1966,-97.33248901367188,-14.719734230041503,306,101.85277557373047,0.0003,1,a2c_entropy_low_seed1,-2.9360010623931885,209.57835388183594,0.7962645292282104,-3.171196699142456,175.24392700195312
1967,-75.86631774902344,-17.78035663604736,228,81.4393081665039,0.0003,1,a2c_entropy_low_seed1,-4.039450168609619,170.9582977294922,0.7811784744262695,-3.8034822940826416,222.41856384277344
1967,-75.86631774902344,-17.78035663604736,228,9.66396427154541,0.0003,1,a2c_entropy_low_seed1,-2.0925679206848145,23.513742446899414,0.676317036151886,-1.7754900455474854,71.49270629882812
1968,-20.42560577392578,-16.555638465881348,1001,31.433176040649414,0.0003,1,a2c_entropy_low_seed1,2.0606589317321777,58.74574279785156,0.7077691555023193,3.2589023113250732,92.12943267822266
1969,-106.82879638671875,-16.879295539855956,363,69.23666381835938,0.0003,1,a2c_entropy_low_seed1,-3.0758466720581055,144.6258087158203,0.788533627986908,-3.647386312484741,171.96771240234375
1969,-106.82879638671875,-16.879295539855956,363,10.565717697143555,0.0003,1,a2c_entropy_low_seed1,0.49557048082351685,20.14113426208496,0.8392297029495239,1.036871075630188,59.28131103515625
1970,-77.39691162109375,-15.402756843566895,271,78.19195556640625,0.0003,1,a2c_entropy_low_seed1,-1.868836522102356,160.12240600585938,0.8255921602249146,-2.50239896774292,154.5138702392578
1970,-77.39691162109375,-15.402756843566895,271,1.043717861175537,0.0003,1,a2c_entropy_low_seed1,-1.0036219358444214,4.0954999923706055,0.8203034400939941,-1.043666958808899,45.41194152832031
1970,-77.39691162109375,-15.402756843566895,271,7.224028587341309,0.0003,1,a2c_entropy_low_seed1,0.16775564849376678,14.11338996887207,0.8436896800994873,0.12505631148815155,45.87453079223633
1971,-55.09749984741211,-14.904379844665527,232,55.96532440185547,0.0003,1,a2c_entropy_low_seed1,-1.5048617124557495,114.94116973876953,0.8043673038482666,-1.850299596786499,86.72430419921875
1972,-105.38822174072266,-15.357800102233886,202,65.166748046875,0.0003,1,a2c_entropy_low_seed1,-2.45627498626709,135.2468719482422,0.8313166499137878,-3.402130603790283,136.38204956054688
1974,-111.47494506835938,-19.732693595886232,728,137.5821990966797,0.0003,1,a2c_entropy_low_seed1,-2.517047882080078,280.1992492675781,0.7652531266212463,-4.678072452545166,185.26828002929688
1974,-111.47494506835938,-19.732693595886232,728,3.0304689407348633,0.0003,1,a2c_entropy_low_seed1,0.620887279510498,4.820001602172852,0.8380669951438904,0.8630530834197998,35.52695846557617
1974,-111.47494506835938,-19.732693595886232,728,2.7156434059143066,0.0003,1,a2c_entropy_low_seed1,-0.503908634185791,6.4399285316467285,0.8244450688362122,-0.5939081907272339,26.49595069885254
1974,-111.47494506835938,-19.732693595886232,728,1.4022564888000488,0.0003,1,a2c_entropy_low_seed1,-0.16962021589279175,3.14461088180542,0.8574535250663757,-0.08990718424320221,15.824999809265137
1975,46.99988555908203,-20.092667503356935,1001,1.389296054840088,0.0003,1,a2c_entropy_low_seed1,-1.043316125869751,4.866081237792969,0.8569765090942383,-0.8889180421829224,31.418739318847656
1975,46.99988555908203,-20.092667503356935,1001,8.620610237121582,0.0003,1,a2c_entropy_low_seed1,0.4478830099105835,16.34632682800293,0.8710706233978271,1.353285312652588,65.76483154296875
1975,46.99988555908203,-20.092667503356935,1001,5.427125453948975,0.0003,1,a2c_entropy_low_seed1,0.49016401171684265,9.874834060668945,0.9105555415153503,0.7865384817123413,48.48783493041992
1976,-71.48092651367188,-19.270467948913574,451,128.5703582763672,0.0003,1,a2c_entropy_low_seed1,-2.552333116531372,262.2461853027344,0.7820444107055664,-3.4337165355682373,161.4517059326172
1976,-71.48092651367188,-19.270467948913574,451,13.843317985534668,0.0003,1,a2c_entropy_low_seed1,0.20163919031620026,27.2841796875,0.8228458762168884,1.046317219734192,45.14762878417969
1976,-71.48092651367188,-19.270467948913574,451,4.777939796447754,0.0003,1,a2c_entropy_low_seed1,-0.10927437245845795,9.775297164916992,0.8691985607147217,0.2898404002189636,22.582721710205078
1976,-71.48092651367188,-19.270467948913574,451,4.436960697174072,0.0003,1,a2c_entropy_low_seed1,0.29726362228393555,8.280253410339355,0.8590660095214844,0.5882600545883179,18.320663452148438
1977,-124.23531341552734,-20.519792671203614,352,56.81383514404297,0.0003,1,a2c_entropy_low_seed1,-1.266948938369751,116.16239929199219,0.8294690847396851,-1.679097056388855,66.80633544921875
1978,-101.83438110351562,-21.53774654388428,442,51.6144905090332,0.0003,1,a2c_entropy_low_seed1,-0.8182828426361084,104.86613464355469,0.5897077918052673,1.9571843147277832,72.71261596679688
1978,-101.83438110351562,-21.53774654388428,442,20.41563606262207,0.0003,1,a2c_entropy_low_seed1,0.48633724451065063,39.859256744384766,0.6590100526809692,2.2849791049957275,94.58692932128906
1980,104.65198516845703,-21.338330345153807,597,294.5296325683594,0.0003,1,a2c_entropy_low_seed1,-0.02842007577419281,589.1168823242188,0.7708231210708618,7.13458776473999,343.7325439453125
1981,-62.52669906616211,-24.31313907623291,231,51.063045501708984,0.0003,1,a2c_entropy_low_seed1,-1.2129206657409668,104.55274200439453,0.8116446733474731,0.26856091618537903,49.95330810546875
1981,-62.52669906616211,-24.31313907623291,231,5.7396931648254395,0.0003,1,a2c_entropy_low_seed1,0.7877704501152039,9.904711723327637,0.8661127686500549,1.027179479598999,38.589298248291016
1981,-62.52669906616211,-24.31313907623291,231,25.715614318847656,0.0003,1,a2c_entropy_low_seed1,2.5057270526885986,46.420562744140625,0.789096474647522,2.986142158508301,83.4912338256836
1981,-62.52669906616211,-24.31313907623291,231,16.306032180786133,0.0003,1,a2c_entropy_low_seed1,0.6815556883811951,31.249685287475586,0.7326495051383972,1.694474220275879,70.15726470947266
1981,-62.52669906616211,-24.31313907623291,231,3.386812686920166,0.0003,1,a2c_entropy_low_seed1,-0.008485004305839539,6.791293144226074,0.6976747512817383,0.6927619576454163,31.343929290771484
1981,-62.52669906616211,-24.31313907623291,231,4.332705020904541,0.0003,1,a2c_entropy_low_seed1,0.9436324834823608,6.778847694396973,0.7025509476661682,1.472472906112671,54.0192985534668
1982,-66.42376708984375,-29.025809364318846,211,69.79214477539062,0.0003,1,a2c_entropy_low_seed1,-2.6946184635162354,144.97425842285156,0.735545814037323,-2.746858835220337,166.15444946289062
1982,-66.42376708984375,-29.025809364318846,211,13.827391624450684,0.0003,1,a2c_entropy_low_seed1,0.43852609395980835,26.7784423828125,0.7122107148170471,1.0132362842559814,47.78968048095703
1982,-66.42376708984375,-29.025809364318846,211,3.0100200176239014,0.0003,1,a2c_entropy_low_seed1,0.4978827238082886,5.025005340576172,0.7307709455490112,0.939001202583313,32.4122428894043
1982,-66.42376708984375,-29.025809364318846,211,0.5938816070556641,0.0003,1,a2c_entropy_low_seed1,-0.7591819763183594,2.7069292068481445,0.802087664604187,-0.6668919920921326,19.916271209716797
1982,-66.42376708984375,-29.025809364318846,211,1.6776665449142456,0.0003,1,a2c_entropy_low_seed1,0.3160499632358551,2.7239573001861572,0.7240563631057739,0.4705919027328491,14.786734580993652
1982,-66.42376708984375,-29.025809364318846,211,2.1838715076446533,0.0003,1,a2c_entropy_low_seed1,0.1246153935790062,4.11929178237915,0.7796751260757446,0.42162489891052246,12.333979606628418
1982,-66.42376708984375,-29.025809364318846,211,1.636410117149353,0.0003,1,a2c_entropy_low_seed1,0.22798894345760345,2.8176021575927734,0.7599536180496216,0.3721660077571869,12.773639678955078
1982,-66.42376708984375,-29.025809364318846,211,9.783671379089355,0.0003,1,a2c_entropy_low_seed1,0.062321871519088745,19.443449020385742,0.7490091919898987,0.32588326930999756,16.411378860473633
1982,-66.42376708984375,-29.025809364318846,211,0.7557439208030701,0.0003,1,a2c_entropy_low_seed1,-0.8227176666259766,3.1576685905456543,0.745415210723877,-0.8316603302955627,22.684192657470703
1983,60.317264556884766,-25.93286876678467,1001,3.4489893913269043,0.0003,1,a2c_entropy_low_seed1,0.5034763216972351,5.891773223876953,0.7471908330917358,0.8775216341018677,27.959964752197266
1984,53.121437072753906,-23.36970790863037,1001,10.330303192138672,0.0003,1,a2c_entropy_low_seed1,1.4240968227386475,17.813209533691406,0.7967730760574341,1.4827784299850464,40.79873275756836
1984,53.121437072753906,-23.36970790863037,1001,38.05736541748047,0.0003,1,a2c_entropy_low_seed1,2.24992036819458,71.61560821533203,0.7201821208000183,3.430023670196533,93.45309448242188
1984,53.121437072753906,-23.36970790863037,1001,2.9866695404052734,0.0003,1,a2c_entropy_low_seed1,0.27610692381858826,5.421865463256836,0.7399817705154419,0.27384471893310547,16.328447341918945
1984,53.121437072753906,-23.36970790863037,1001,1.2784793376922607,0.0003,1,a2c_entropy_low_seed1,-0.2931835353374481,3.1441075801849365,0.7818878293037415,-0.37937819957733154,22.957765579223633
1984,53.121437072753906,-23.36970790863037,1001,1.0367475748062134,0.0003,1,a2c_entropy_low_seed1,-0.3796445429325104,2.83353328704834,0.7490144968032837,-0.5765401124954224,22.05577850341797
1985,74.19450378417969,-19.840166282653808,1001,3.3858635425567627,0.0003,1,a2c_entropy_low_seed1,-0.3828009366989136,7.538106918334961,0.7775214910507202,-0.4158187508583069,32.808624267578125
1985,74.19450378417969,-19.840166282653808,1001,1.3541419506072998,0.0003,1,a2c_entropy_low_seed1,-0.1774119883775711,3.0639238357543945,0.8159077763557434,-0.3204555809497833,16.557918548583984
1985,74.19450378417969,-19.840166282653808,1001,19.630292892456055,0.0003,1,a2c_entropy_low_seed1,1.2896112203598022,36.682125091552734,0.7622191309928894,1.228548526763916,39.235267639160156
1985,74.19450378417969,-19.840166282653808,1001,1.7039397954940796,0.0003,1,a2c_entropy_low_seed1,-0.5958875417709351,4.600412845611572,0.7582011818885803,-0.7568773031234741,20.81067657470703
1985,74.19450378417969,-19.840166282653808,1001,2.8714091777801514,0.0003,1,a2c_entropy_low_seed1,-0.5492177605628967,6.842040061950684,0.7863940000534058,-0.622879147529602,24.275327682495117
1985,74.19450378417969,-19.840166282653808,1001,4.068573951721191,0.0003,1,a2c_entropy_low_seed1,0.8604625463485718,6.416934490203857,0.7110949754714966,1.0344370603561401,40.16366195678711
1986,50.017730712890625,-21.578695640563964,1001,3.6285510063171387,0.0003,1,a2c_entropy_low_seed1,-0.5197402238845825,8.297313690185547,0.7315714359283447,-0.28313708305358887,17.29414176940918
1988,-73.8850326538086,-21.268653831481934,699,141.1484375,0.0003,1,a2c_entropy_low_seed1,-0.840599536895752,283.9787902832031,0.6926904916763306,-3.1188302040100098,165.28782653808594
1988,-73.8850326538086,-21.268653831481934,699,3.4773848056793213,0.0003,1,a2c_entropy_low_seed1,-0.04667358100414276,7.0489373207092285,0.8207285404205322,-0.17723941802978516,26.66368293762207
1990,83.6006088256836,-16.90074504852295,1001,5.5443434715271,0.0003,1,a2c_entropy_low_seed1,-0.13911758363246918,11.367691040039062,0.7686997652053833,0.19978907704353333,27.857757568359375
1990,83.6006088256836,-16.90074504852295,1001,4.438340187072754,0.0003,1,a2c_entropy_low_seed1,0.3925544023513794,8.092363357543945,0.7912960648536682,0.774757444858551,34.189205169677734
1990,83.6006088256836,-16.90074504852295,1001,6.626350402832031,0.0003,1,a2c_entropy_low_seed1,0.40036898851394653,12.452836990356445,0.8741806745529175,0.6305128335952759,48.94573974609375
1990,83.6006088256836,-16.90074504852295,1001,2.571812868118286,0.0003,1,a2c_entropy_low_seed1,-0.06758511066436768,5.279697895050049,0.9017682671546936,-0.10941198468208313,14.03467845916748
1990,83.6006088256836,-16.90074504852295,1001,5.875463008880615,0.0003,1,a2c_entropy_low_seed1,1.0299546718597412,9.691874504089355,0.8569920659065247,1.3357493877410889,50.99790954589844
1990,83.6006088256836,-16.90074504852295,1001,4.501875400543213,0.0003,1,a2c_entropy_low_seed1,0.32784003019332886,8.348915100097656,0.8437420725822449,0.5078145861625671,17.454174041748047
1990,83.6006088256836,-16.90074504852295,1001,5.87056303024292,0.0003,1,a2c_entropy_low_seed1,0.25880205631256104,11.224421501159668,0.899267315864563,0.3580857515335083,33.360206604003906
1992,-91.42164611816406,-19.941749229431153,224,191.34271240234375,0.0003,1,a2c_entropy_low_seed1,-4.1131911277771,390.9126892089844,0.8852219581604004,-5.715431213378906,345.8767395019531
1992,-91.42164611816406,-19.941749229431153,224,6.109938621520996,0.0003,1,a2c_entropy_low_seed1,0.9069511890411377,10.406828880310059,0.8548035025596619,1.5005594491958618,53.82268524169922
1992,-91.42164611816406,-19.941749229431153,224,3.0583438873291016,0.0003,1,a2c_entropy_low_seed1,0.4585378170013428,5.200475692749023,0.8634703159332275,0.6098712682723999,21.055421829223633
1992,-91.42164611816406,-19.941749229431153,224,7.710216522216797,0.0003,1,a2c_entropy_low_seed1,0.9369302988052368,13.547486305236816,0.9133102297782898,1.2960669994354248,40.989524841308594
1993,-105.1064224243164,-19.825619010925294,435,183.38111877441406,0.0003,1,a2c_entropy_low_seed1,-2.4408211708068848,371.64459228515625,0.6877121329307556,-3.4133596420288086,213.4146728515625
1993,-105.1064224243164,-19.825619010925294,435,5.239899158477783,0.0003,1,a2c_entropy_low_seed1,0.37207964062690735,9.736250877380371,0.6124405264854431,1.2745095491409302,43.11438751220703
1994,91.00599670410156,-21.195748100280763,904,184.0644073486328,0.0003,1,a2c_entropy_low_seed1,0.2002454400062561,367.72900390625,0.6770510077476501,6.181632041931152,270.4730224609375
1995,83.13032531738281,-17.457494926452636,890,158.53109741210938,0.0003,1,a2c_entropy_low_seed1,0.25947684049606323,316.5440368652344,0.8013854622840881,5.006471633911133,203.39373779296875
1995,83.13032531738281,-17.457494926452636,890,3.056380271911621,0.0003,1,a2c_entropy_low_seed1,0.5111498236656189,5.0913472175598145,0.8862663507461548,0.7286442518234253,29.165393829345703
1995,83.13032531738281,-17.457494926452636,890,2.5854098796844482,0.0003,1,a2c_entropy_low_seed1,0.2696746289730072,4.6323089599609375,0.8384236693382263,0.6774275302886963,23.50371551513672
1995,83.13032531738281,-17.457494926452636,890,7.096230983734131,0.0003,1,a2c_entropy_low_seed1,-0.35467585921287537,14.902591705322266,0.7781273126602173,0.22136914730072021,29.875911712646484
1995,83.13032531738281,-17.457494926452636,890,5.254329681396484,0.0003,1,a2c_entropy_low_seed1,0.1580601930618286,10.193374633789062,0.8356364965438843,0.6181237697601318,36.200828552246094
1995,83.13032531738281,-17.457494926452636,890,3.2701170444488525,0.0003,1,a2c_entropy_low_seed1,-0.36964187026023865,7.2803544998168945,0.8367280960083008,-0.24472376704216003,15.371452331542969
1995,83.13032531738281,-17.457494926452636,890,2.30674147605896,0.0003,1,a2c_entropy_low_seed1,-0.47337251901626587,5.561101913452148,0.8742260336875916,-0.4457501173019409,18.601762771606445
1995,83.13032531738281,-17.457494926452636,890,3.38025164604187,0.0003,1,a2c_entropy_low_seed1,0.14560586214065552,6.470157146453857,0.8654993772506714,0.28885748982429504,12.685770034790039
1997,-96.43545532226562,-19.262549018859865,485,64.56922912597656,0.0003,1,a2c_entropy_low_seed1,-3.053617000579834,135.24652099609375,0.8241016864776611,-3.1150007247924805,117.48636627197266
1997,-96.43545532226562,-19.262549018859865,485,2.954033374786377,0.0003,1,a2c_entropy_low_seed1,0.27122414112091064,5.366518974304199,0.9002691507339478,0.6038246750831604,22.496976852416992
1997,-96.43545532226562,-19.262549018859865,485,1.9166680574417114,0.0003,1,a2c_entropy_low_seed1,-0.43974167108535767,4.713732719421387,0.9134512543678284,-0.3654441237449646,14.457509994506836
1997,-96.43545532226562,-19.262549018859865,485,56.15616989135742,0.0003,1,a2c_entropy_low_seed1,-2.8433094024658203,117.99980163574219,0.8467458486557007,-3.3697657585144043,104.36911010742188
1997,-96.43545532226562,-19.262549018859865,485,8.104912757873535,0.0003,1,a2c_entropy_low_seed1,-0.4120204746723175,17.034631729125977,0.764145016670227,0.5809797048568726,34.876251220703125
1997,-96.43545532226562,-19.262549018859865,485,37.32838821411133,0.0003,1,a2c_entropy_low_seed1,2.089600086212158,70.47832489013672,0.747894287109375,3.302692413330078,88.67754364013672
1999,22.094388961791992,-14.25923927307129,1001,160.34490966796875,0.0003,1,a2c_entropy_low_seed1,-0.8100139498710632,322.3105773925781,0.7318680882453918,4.027303695678711,230.408447265625
2000,-111.82331085205078,-18.199603805541994,475,138.94125366210938,0.0003,1,a2c_entropy_low_seed1,0.7138368487358093,276.4555358886719,0.7011820673942566,-1.4352655410766602,127.35321044921875
2001,-44.408042907714844,-18.639279975891114,520,27.210437774658203,0.0003,1,a2c_entropy_low_seed1,0.32093513011932373,53.779842376708984,0.8353365659713745,-0.1351253092288971,39.836509704589844
2001,-44.408042907714844,-18.639279975891114,520,4.8446502685546875,0.0003,1,a2c_entropy_low_seed1,-0.3095809519290924,10.309301376342773,0.8394635915756226,-0.16128897666931152,40.08454513549805
2002,-76.24291229248047,-18.70956241607666,318,81.87496185302734,0.0003,1,a2c_entropy_low_seed1,-2.5203051567077637,168.79136657714844,0.8363093733787537,-2.277172088623047,126.94705963134766
2002,-76.24291229248047,-18.70956241607666,318,3.5462231636047363,0.0003,1,a2c_entropy_low_seed1,-0.533929169178009,8.161150932312012,0.846427857875824,-0.6810430288314819,40.88175582885742
2003,-58.74636459350586,-22.97245113372803,174,103.78766632080078,0.0003,1,a2c_entropy_low_seed1,-3.6770482063293457,214.9302978515625,0.8746917843818665,-3.831071615219116,221.6616973876953
2003,-58.74636459350586,-22.97245113372803,174,4.618803977966309,0.0003,1,a2c_entropy_low_seed1,-0.7776238918304443,10.793673515319824,0.8180544376373291,-0.5051476955413818,33.14809799194336
2004,-81.85533905029297,-27.069899101257324,216,100.83800506591797,0.0003,1,a2c_entropy_low_seed1,-3.2635626792907715,208.20407104492188,0.9242343902587891,-4.148488998413086,202.84048461914062
2004,-81.85533905029297,-27.069899101257324,216,3.458003520965576,0.0003,1,a2c_entropy_low_seed1,0.25426143407821655,6.40836763381958,0.8837519288063049,0.485650897026062,19.961177825927734
2005,-77.5981216430664,-31.52361354827881,302,27.308610916137695,0.0003,1,a2c_entropy_low_seed1,-0.5599920749664307,55.73800277709961,0.7958391308784485,-0.4878001809120178,18.921649932861328
2006,67.69300842285156,-31.36108539581299,1001,3.9047722816467285,0.0003,1,a2c_entropy_low_seed1,-0.3697579503059387,8.549859046936035,0.7986484169960022,0.06220650672912598,14.758342742919922
2006,67.69300842285156,-31.36108539581299,1001,3.8315556049346924,0.0003,1,a2c_entropy_low_seed1,-1.261885166168213,10.18774127960205,0.859650731086731,-1.1790060997009277,42.085391998291016
2006,67.69300842285156,-31.36108539581299,1001,4.286999702453613,0.0003,1,a2c_entropy_low_seed1,-0.2678626775741577,9.110593795776367,0.8684656023979187,-0.07680526375770569,31.407852172851562
2006,67.69300842285156,-31.36108539581299,1001,9.20082950592041,0.0003,1,a2c_entropy_low_seed1,0.8050650358200073,16.792306900024414,0.7776573300361633,1.2131587266921997,34.31573486328125
2007,-86.44657897949219,-31.083012886047364,1001,22.523162841796875,0.0003,1,a2c_entropy_low_seed1,0.38363540172576904,44.27994155883789,0.8868760466575623,0.5504687428474426,49.058937072753906
2007,-86.44657897949219,-31.083012886047364,1001,3.6549155712127686,0.0003,1,a2c_entropy_low_seed1,0.5275006890296936,6.255674362182617,0.8445283770561218,0.852653980255127,30.824872970581055
2007,-86.44657897949219,-31.083012886047364,1001,1.9149456024169922,0.0003,1,a2c_entropy_low_seed1,-0.23673264682292938,4.304166316986084,0.8099588751792908,-0.06107734143733978,7.7412824630737305
2007,-86.44657897949219,-31.083012886047364,1001,2.4226598739624023,0.0003,1,a2c_entropy_low_seed1,-0.2196851670742035,5.285521984100342,0.8320755362510681,-0.24604617059230804,17.383853912353516
2007,-86.44657897949219,-31.083012886047364,1001,24.835466384887695,0.0003,1,a2c_entropy_low_seed1,0.23277460038661957,49.20613479614258,0.7505539655685425,0.6218200922012329,38.282447814941406
2007,-86.44657897949219,-31.083012886047364,1001,3.748581647872925,0.0003,1,a2c_entropy_low_seed1,-0.05917876958847046,7.616318702697754,0.7979719042778015,-0.3192589282989502,19.804636001586914
2007,-86.44657897949219,-31.083012886047364,1001,2.1670138835906982,0.0003,1,a2c_entropy_low_seed1,0.289392352104187,3.756071090698242,0.8281720280647278,0.4627622365951538,14.643963813781738
2007,-86.44657897949219,-31.083012886047364,1001,2.0118565559387207,0.0003,1,a2c_entropy_low_seed1,0.05062028765678406,3.923316478729248,0.8441064357757568,0.09363576769828796,12.435667991638184
2008,103.17960357666016,-27.055072212219237,930,166.5499725341797,0.0003,1,a2c_entropy_low_seed1,0.09029948711395264,332.920166015625,0.8087368607521057,4.692599773406982,191.71853637695312
2009,-113.70509338378906,-26.640837287902833,498,127.2394790649414,0.0003,1,a2c_entropy_low_seed1,0.515510618686676,253.44871520996094,0.7794941663742065,-1.6351643800735474,116.93922424316406
2009,-113.70509338378906,-26.640837287902833,498,41.72435760498047,0.0003,1,a2c_entropy_low_seed1,-2.512960195541382,88.47543334960938,0.7990086078643799,-4.336355209350586,137.5487518310547
2009,-113.70509338378906,-26.640837287902833,498,16.810359954833984,0.0003,1,a2c_entropy_low_seed1,-0.1414569616317749,33.904380798339844,0.7473134994506836,1.0706517696380615,64.48714447021484
2009,-113.70509338378906,-26.640837287902833,498,3.14959979057312,0.0003,1,a2c_entropy_low_seed1,0.0925627052783966,6.114826202392578,0.7517948746681213,0.47915416955947876,16.52324676513672
2009,-113.70509338378906,-26.640837287902833,498,4.574159145355225,0.0003,1,a2c_entropy_low_seed1,-0.710604190826416,10.570294380187988,0.7677162885665894,-0.4790237545967102,30.872631072998047
2011,-90.13900756835938,-21.493689155578615,169,263.7026672363281,0.0003,1,a2c_entropy_low_seed1,-1.835976481437683,531.0780639648438,0.7957925796508789,2.232308864593506,171.3040008544922
2012,-105.25487518310547,-20.359588050842284,628,145.0757293701172,0.0003,1,a2c_entropy_low_seed1,-0.9657846093177795,292.08380126953125,0.7727285623550415,-4.368855953216553,153.26797485351562
2012,-105.25487518310547,-20.359588050842284,628,14.915830612182617,0.0003,1,a2c_entropy_low_seed1,-0.5713234543800354,30.975053787231445,0.7457494735717773,0.41691768169403076,42.61446762084961
2013,-12.905245780944824,-23.499519748687746,1001,1.6236692667007446,0.0003,1,a2c_entropy_low_seed1,-0.8985540270805359,5.0452470779418945,0.8002703189849854,-0.7802267074584961,30.331523895263672
2013,-12.905245780944824,-23.499519748687746,1001,3.4217913150787354,0.0003,1,a2c_entropy_low_seed1,-0.11378133296966553,7.071978569030762,0.8332098126411438,0.10917720198631287,24.970888137817383
2013,-12.905245780944824,-23.499519748687746,1001,4.3837995529174805,0.0003,1,a2c_entropy_low_seed1,0.8071564435958862,7.154116153717041,0.8297240734100342,0.9130963087081909,41.339744567871094
2014,17.2097225189209,-25.442084789276123,1001,34.58089065551758,0.0003,1,a2c_entropy_low_seed1,0.10056266188621521,68.96139526367188,0.7394344210624695,1.5332565307617188,51.001800537109375
2014,17.2097225189209,-25.442084789276123,1001,4.263166904449463,0.0003,1,a2c_entropy_low_seed1,0.5510086417198181,7.425055980682373,0.7388423085212708,0.764702320098877,27.375368118286133
2014,17.2097225189209,-25.442084789276123,1001,3.4407613277435303,0.0003,1,a2c_entropy_low_seed1,0.7196955680847168,5.4429097175598145,0.7782189249992371,1.0523260831832886,38.83440399169922
2015,90.0345687866211,-22.67040174484253,1001,3.8722057342529297,0.0003,1,a2c_entropy_low_seed1,-0.4508424699306488,8.646857261657715,0.7612118721008301,-0.2837711572647095,17.706809997558594
2015,90.0345687866211,-22.67040174484253,1001,5.854057788848877,0.0003,1,a2c_entropy_low_seed1,-0.040272802114486694,11.789488792419434,0.827642560005188,-0.04221367835998535,32.062557220458984
2015,90.0345687866211,-22.67040174484253,1001,1.5926159620285034,0.0003,1,a2c_entropy_low_seed1,-0.9242000579833984,5.03451681137085,0.8848123550415039,-0.9649749994277954,27.336414337158203
2015,90.0345687866211,-22.67040174484253,1001,2.1674439907073975,0.0003,1,a2c_entropy_low_seed1,-0.7680731415748596,5.87189245223999,0.8583869934082031,-0.8246614933013916,29.001752853393555
2016,-122.6588134765625,-23.17692823410034,372,64.5860824584961,0.0003,1,a2c_entropy_low_seed1,-2.445333957672119,134.06365966796875,0.828456461429596,-2.5991451740264893,111.64366149902344
2018,-167.4027099609375,-25.607975444793702,640,238.78173828125,0.0003,1,a2c_entropy_low_seed1,-4.25441312789917,486.0729675292969,0.6784339547157288,-8.524454116821289,281.1709289550781
2019,-79.5949478149414,-25.063298473358156,390,64.36183166503906,0.0003,1,a2c_entropy_low_seed1,-1.380998969078064,131.48635864257812,0.7091941833496094,-1.5391011238098145,75.70659637451172
2019,-79.5949478149414,-25.063298473358156,390,3.8799803256988525,0.0003,1,a2c_entropy_low_seed1,0.2079951912164688,7.3446946144104,0.7242703437805176,0.6628209352493286,26.674301147460938
2021,153.1968994140625,-18.60882246017456,554,151.70912170410156,0.0003,1,a2c_entropy_low_seed1,-0.7099454402923584,304.8388671875,0.7409442663192749,4.683833122253418,217.2752685546875
2021,153.1968994140625,-18.60882246017456,554,4.105808258056641,0.0003,1,a2c_entropy_low_seed1,-0.5244029760360718,9.261296272277832,0.873742938041687,-0.4582638740539551,31.083877563476562
2021,153.1968994140625,-18.60882246017456,554,24.931013107299805,0.0003,1,a2c_entropy_low_seed1,0.6777230501174927,48.50741958618164,0.8403557538986206,0.7070798873901367,44.655094146728516
2021,153.1968994140625,-18.60882246017456,554,3.7893033027648926,0.0003,1,a2c_entropy_low_seed1,0.775621235370636,6.028194427490234,0.8302479386329651,1.1174665689468384,37.12042236328125
2022,-73.8226318359375,-17.977510662078856,211,68.94315338134766,0.0003,1,a2c_entropy_low_seed1,-2.1492178440093994,142.18557739257812,0.8360370397567749,-2.3022284507751465,115.27872467041016
2022,-73.8226318359375,-17.977510662078856,211,1.614366888999939,0.0003,1,a2c_entropy_low_seed1,-0.7903964519500732,4.810447692871094,0.9211132526397705,-0.7956172227859497,32.44823455810547
2022,-73.8226318359375,-17.977510662078856,211,3.111731767654419,0.0003,1,a2c_entropy_low_seed1,0.2705106735229492,5.683327674865723,0.8857170343399048,0.5273073315620422,22.86644744873047
2023,-100.6143798828125,-17.44073118209839,506,89.49695587158203,0.0003,1,a2c_entropy_low_seed1,-2.4102976322174072,183.81536865234375,0.8611367344856262,-3.2759170532226562,123.67094421386719
2023,-100.6143798828125,-17.44073118209839,506,3.7286763191223145,0.0003,1,a2c_entropy_low_seed1,-0.2701761722564697,7.998581886291504,0.8770824670791626,0.01886627823114395,20.647432327270508
2024,-110.54924011230469,-17.422217082977294,410,30.775035858154297,0.0003,1,a2c_entropy_low_seed1,-0.7422149181365967,63.03533172607422,0.833124041557312,-0.5795905590057373,29.792144775390625
2024,-110.54924011230469,-17.422217082977294,410,3.61763334274292,0.0003,1,a2c_entropy_low_seed1,0.3183811902999878,6.59939432144165,0.8900151252746582,0.5639792680740356,29.21009063720703
2024,-110.54924011230469,-17.422217082977294,410,2.4218132495880127,0.0003,1,a2c_entropy_low_seed1,-0.3056458830833435,5.455793380737305,0.8748317956924438,-0.26990821957588196,11.44961166381836
2024,-110.54924011230469,-17.422217082977294,410,0.9170154929161072,0.0003,1,a2c_entropy_low_seed1,-0.5033050775527954,2.8415071964263916,0.8660215735435486,-0.5303058624267578,18.14561653137207
2024,-110.54924011230469,-17.422217082977294,410,15.280707359313965,0.0003,1,a2c_entropy_low_seed1,0.8843434453010559,28.793598175048828,0.8698081374168396,1.0630470514297485,28.28168487548828
2025,84.69212341308594,-16.668372325897217,1001,25.752084732055664,0.0003,1,a2c_entropy_low_seed1,1.966514229774475,47.57189178466797,0.7498418092727661,2.4802162647247314,69.90469360351562
2025,84.69212341308594,-16.668372325897217,1001,7.094809532165527,0.0003,1,a2c_entropy_low_seed1,-0.24455557763576508,14.679539680480957,0.8101047873497009,-0.17312967777252197,26.727903366088867
2026,172.435546875,-11.79004285812378,565,50.80245590209961,0.0003,1,a2c_entropy_low_seed1,1.0968228578567505,99.41209411621094,0.8288887143135071,2.893028497695923,100.9280776977539
2026,172.435546875,-11.79004285812378,565,5.8291239738464355,0.0003,1,a2c_entropy_low_seed1,0.24036388099193573,11.178354263305664,0.8343273997306824,0.3178049921989441,37.735023498535156
2026,172.435546875,-11.79004285812378,565,9.070892333984375,0.0003,1,a2c_entropy_low_seed1,0.5268636345863342,17.088897705078125,0.8409980535507202,1.036745548248291,50.42636489868164
2026,172.435546875,-11.79004285812378,565,5.5011887550354,0.0003,1,a2c_entropy_low_seed1,0.5076242685317993,9.987968444824219,0.8395569324493408,0.8062277436256409,23.437360763549805
2026,172.435546875,-11.79004285812378,565,17.858755111694336,0.0003,1,a2c_entropy_low_seed1,0.5866683125495911,34.54496765136719,0.793201208114624,1.2568590641021729,40.89115905761719
2027,-89.32404327392578,-11.091817455291748,397,69.72442626953125,0.0003,1,a2c_entropy_low_seed1,-2.100935697555542,143.65150451660156,0.7728988528251648,-2.5512242317199707,90.06478118896484
2027,-89.32404327392578,-11.091817455291748,397,5.869057655334473,0.0003,1,a2c_entropy_low_seed1,0.2585841119289398,11.221709251403809,0.7620655298233032,0.7908855080604553,26.920021057128906
2028,122.25530242919922,-6.610023784637451,618,161.93368530273438,0.0003,1,a2c_entropy_low_seed1,0.5805157423019409,322.7070617675781,0.7470762133598328,6.1026225090026855,259.34710693359375
2028,122.25530242919922,-6.610023784637451,618,5.320748805999756,0.0003,1,a2c_entropy_low_seed1,-0.1800975799560547,11.002585411071777,0.892747700214386,0.2730410695075989,25.840497970581055
2028,122.25530242919922,-6.610023784637451,618,37.20204162597656,0.0003,1,a2c_entropy_low_seed1,2.7289071083068848,68.9471206665039,0.8529040217399597,2.944040536880493,87.54275512695312
2028,122.25530242919922,-6.610023784637451,618,55.96071243286133,0.0003,1,a2c_entropy_low_seed1,0.8205553889274597,110.28103637695312,0.7251214981079102,1.1896576881408691,60.56170654296875
2028,122.25530242919922,-6.610023784637451,618,6.5276198387146,0.0003,1,a2c_entropy_low_seed1,0.2841492295265198,12.487591743469238,0.6500151753425598,0.9462430477142334,36.635154724121094
2031,104.3291015625,-8.765963954925537,653,323.07666015625,0.0003,1,a2c_entropy_low_seed1,-0.8991248607635498,647.9523315429688,0.7467976808547974,6.355162143707275,234.3992462158203
2032,69.19744110107422,-6.053539791107178,1001,8.860305786132812,0.0003,1,a2c_entropy_low_seed1,0.47690606117248535,16.767621994018555,0.822729229927063,0.5069529414176941,35.443721771240234
2033,-85.2060546875,-8.964006175994873,478,70.43266296386719,0.0003,1,a2c_entropy_low_seed1,-2.5500316619873047,145.96629333496094,0.9033131003379822,-2.705970525741577,131.37367248535156
2033,-85.2060546875,-8.964006175994873,478,39.383609771728516,0.0003,1,a2c_entropy_low_seed1,-1.7454609870910645,82.25889587402344,0.7563420534133911,-3.026857852935791,85.88690185546875
2034,-115.92753601074219,-12.344985637664795,561,80.57091522216797,0.0003,1,a2c_entropy_low_seed1,0.04938402771949768,161.04379272460938,0.7326350212097168,-1.146418809890747,97.3272933959961
2034,-115.92753601074219,-12.344985637664795,561,4.25514554977417,0.0003,1,a2c_entropy_low_seed1,-1.821776270866394,12.154711723327637,0.8675423264503479,-1.9143126010894775,77.82600402832031
2035,-72.2059326171875,-15.272994365692139,213,88.31398010253906,0.0003,1,a2c_entropy_low_seed1,-2.380373954772949,181.38958740234375,0.8777265548706055,-2.2381882667541504,127.51084899902344
2035,-72.2059326171875,-15.272994365692139,213,13.620893478393555,0.0003,1,a2c_entropy_low_seed1,-0.05235806852579117,27.34730339050293,0.8001731634140015,0.02182239294052124,29.561935424804688
2035,-72.2059326171875,-15.272994365692139,213,5.728869915008545,0.0003,1,a2c_entropy_low_seed1,-0.11603355407714844,11.690584182739258,0.7769027948379517,0.178686261177063,10.15784740447998
2036,176.43661499023438,-12.744616680145263,511,149.0755615234375,0.0003,1,a2c_entropy_low_seed1,-0.36385244131088257,298.8795471191406,0.7245549559593201,4.0074782371521,171.39895629882812
2037,-71.58858489990234,-15.517149486541747,306,80.76034545898438,0.0003,1,a2c_entropy_low_seed1,-3.134061098098755,167.78965759277344,0.8433250784873962,-2.855074167251587,123.45223999023438
2037,-71.58858489990234,-15.517149486541747,306,4.588049411773682,0.0003,1,a2c_entropy_low_seed1,-0.24196434020996094,9.660865783691406,0.8384019136428833,-0.10179990530014038,32.6583137512207
2038,-77.47120666503906,-15.588872966766358,267,69.70389556884766,0.0003,1,a2c_entropy_low_seed1,-1.4295756816864014,142.26773071289062,0.7887902855873108,-1.7331111431121826,89.72257232666016
2039,-96.1831283569336,-18.12471685409546,337,70.58830261230469,0.0003,1,a2c_entropy_low_seed1,-3.2349445819854736,147.64727783203125,0.7854359745979309,-3.2212421894073486,113.05326080322266
2039,-96.1831283569336,-18.12471685409546,337,46.86515426635742,0.0003,1,a2c_entropy_low_seed1,2.8097615242004395,88.11145782470703,0.6724847555160522,3.907107353210449,110.11216735839844
2039,-96.1831283569336,-18.12471685409546,337,6.521881103515625,0.0003,1,a2c_entropy_low_seed1,-0.43066421151161194,13.905820846557617,0.7303560972213745,-0.09814053773880005,38.603851318359375
2039,-96.1831283569336,-18.12471685409546,337,4.421153545379639,0.0003,1,a2c_entropy_low_seed1,-0.1942354440689087,9.231571197509766,0.7933872938156128,-0.1622592806816101,15.332413673400879
2040,-72.25365447998047,-21.24180212020874,344,96.69066619873047,0.0003,1,a2c_entropy_low_seed1,-1.7123939990997314,196.80690002441406,0.7824008464813232,-1.4077292680740356,97.37654876708984
2040,-72.25365447998047,-21.24180212020874,344,2.9690139293670654,0.0003,1,a2c_entropy_low_seed1,-0.2488582730293274,6.436527252197266,0.7829640507698059,-0.054423436522483826,14.335193634033203
2040,-72.25365447998047,-21.24180212020874,344,2.50362491607666,0.0003,1,a2c_entropy_low_seed1,-0.5312361717224121,6.070518493652344,0.7963850498199463,-0.6015728712081909,25.49662208557129
2040,-72.25365447998047,-21.24180212020874,344,1.1483672857284546,0.0003,1,a2c_entropy_low_seed1,-1.158698320388794,4.614952087402344,0.820879340171814,-0.8815644979476929,27.759828567504883
2040,-72.25365447998047,-21.24180212020874,344,2.079502820968628,0.0003,1,a2c_entropy_low_seed1,-0.8462661504745483,5.852353572845459,0.8157069087028503,-0.6507646441459656,19.20607566833496
2040,-72.25365447998047,-21.24180212020874,344,1.2471843957901,0.0003,1,a2c_entropy_low_seed1,-0.028532803058624268,2.5522444248199463,0.8098807334899902,0.22297540307044983,12.451118469238281
2041,-82.2404556274414,-21.5597780418396,327,68.68635559082031,0.0003,1,a2c_entropy_low_seed1,-2.403533458709717,142.1806182861328,0.8433375358581543,-2.939277172088623,109.11560821533203
2041,-82.2404556274414,-21.5597780418396,327,11.375960350036621,0.0003,1,a2c_entropy_low_seed1,0.22927163541316986,22.29425048828125,0.8734633326530457,0.5064480304718018,26.939897537231445
2041,-82.2404556274414,-21.5597780418396,327,41.92155075073242,0.0003,1,a2c_entropy_low_seed1,1.6404602527618408,80.5630111694336,0.8302338719367981,2.2511467933654785,67.24407196044922
2043,86.03392028808594,-18.03685537338257,1001,37.13530731201172,0.0003,1,a2c_entropy_low_seed1,-1.2474620342254639,76.76634216308594,0.7986125946044922,-1.4865374565124512,52.785621643066406
2043,86.03392028808594,-18.03685537338257,1001,2.3543319702148438,0.0003,1,a2c_entropy_low_seed1,-0.8582245111465454,6.425891876220703,0.7792677879333496,-0.6924089193344116,19.8945255279541
2043,86.03392028808594,-18.03685537338257,1001,3.3529388904571533,0.0003,1,a2c_entropy_low_seed1,0.45518189668655396,5.796335220336914,0.821330189704895,0.6709953546524048,27.90777587890625
2043,86.03392028808594,-18.03685537338257,1001,1.9712332487106323,0.0003,1,a2c_entropy_low_seed1,-1.0287531614303589,6.000855922698975,0.8830280303955078,-1.2269327640533447,41.37969207763672
2044,-69.41426086425781,-21.245260524749757,153,68.36785125732422,0.0003,1,a2c_entropy_low_seed1,-3.867949962615967,144.4724578857422,0.8556845188140869,-3.907313108444214,184.22496032714844
2046,83.8130111694336,-21.217486934661864,1001,15.787729263305664,0.0003,1,a2c_entropy_low_seed1,-0.331780344247818,32.239830017089844,0.809707522392273,0.45863622426986694,50.815155029296875
2047,-79.09686279296875,-20.87071508407593,170,68.7142333984375,0.0003,1,a2c_entropy_low_seed1,-1.6435426473617554,140.71636962890625,0.8295789957046509,-1.5711071491241455,91.44610595703125
2048,-157.39407348632812,-25.816745052337648,676,80.6377944946289,0.0003,1,a2c_entropy_low_seed1,-0.8763519525527954,163.02908325195312,0.7942246794700623,-2.2355008125305176,112.9583740234375
2048,-157.39407348632812,-25.816745052337648,676,4.166075706481934,0.0003,1,a2c_entropy_low_seed1,0.18798905611038208,7.956936836242676,0.7634195685386658,0.4806824326515198,34.21075439453125
2048,-157.39407348632812,-25.816745052337648,676,13.915635108947754,0.0003,1,a2c_entropy_low_seed1,-0.18146076798439026,28.194936752319336,0.7450153231620789,0.9990675449371338,43.151668548583984
2048,-157.39407348632812,-25.816745052337648,676,2.322655200958252,0.0003,1,a2c_entropy_low_seed1,0.2522251307964325,4.141583442687988,0.7235857844352722,0.6796818971633911,23.48445701599121
2048,-157.39407348632812,-25.816745052337648,676,7.619361400604248,0.0003,1,a2c_entropy_low_seed1,-0.2303798347711563,15.700220108032227,0.7376183271408081,-0.21696053445339203,49.05072784423828
2049,149.00448608398438,-23.2785431098938,664,109.42255401611328,0.0003,1,a2c_entropy_low_seed1,-0.5588623285293579,219.96360778808594,0.7739494442939758,2.4157187938690186,113.8769302368164
2049,149.00448608398438,-23.2785431098938,664,4.221641540527344,0.0003,1,a2c_entropy_low_seed1,0.5265437364578247,7.391081809997559,0.8857594728469849,0.7941058874130249,24.512142181396484
2049,149.00448608398438,-23.2785431098938,664,3.4702374935150146,0.0003,1,a2c_entropy_low_seed1,-0.027927853167057037,6.997186183929443,0.855384349822998,0.25631552934646606,10.7139253616333
2050,61.45048141479492,-19.813067264556885,1001,3.757094144821167,0.0003,1,a2c_entropy_low_seed1,-0.8729127049446106,9.260879516601562,0.8660436272621155,-0.6350582838058472,26.204500198364258
2050,61.45048141479492,-19.813067264556885,1001,25.485525131225586,0.0003,1,a2c_entropy_low_seed1,-0.43826770782470703,51.84844207763672,0.8570103049278259,-0.44544368982315063,55.41445541381836
2050,61.45048141479492,-19.813067264556885,1001,21.384254455566406,0.0003,1,a2c_entropy_low_seed1,-1.068136215209961,44.905540466308594,0.7581513524055481,0.6215899586677551,70.18057250976562
2050,61.45048141479492,-19.813067264556885,1001,3.258201837539673,0.0003,1,a2c_entropy_low_seed1,-0.17157047986984253,6.860311985015869,0.7670264840126038,0.5845211148262024,28.06673240661621
2050,61.45048141479492,-19.813067264556885,1001,2.679939031600952,0.0003,1,a2c_entropy_low_seed1,-0.10543309897184372,5.571540832519531,0.797025203704834,0.2899100184440613,12.248076438903809
2051,86.63944244384766,-17.192117557525634,717,94.1039047241211,0.0003,1,a2c_entropy_low_seed1,-0.6475380659103394,189.50372314453125,0.8360164761543274,1.3163396120071411,95.10237121582031
2052,-132.7933349609375,-18.323126010894775,545,74.39118194580078,0.0003,1,a2c_entropy_low_seed1,-3.2741317749023438,155.33148193359375,0.847135066986084,-3.8894460201263428,165.8863983154297
2053,-125.67728424072266,-19.661744403839112,552,72.5838394165039,0.0003,1,a2c_entropy_low_seed1,-2.424203634262085,150.0169219970703,0.8327527642250061,-2.4306437969207764,97.24327850341797
2053,-125.67728424072266,-19.661744403839112,552,2.9513299465179443,0.0003,1,a2c_entropy_low_seed1,-0.05423639714717865,6.011944770812988,0.8122711181640625,0.17681953310966492,15.779787063598633
2053,-125.67728424072266,-19.661744403839112,552,3.4202022552490234,0.0003,1,a2c_entropy_low_seed1,-0.29946452379226685,7.440163612365723,0.8300127983093262,-0.13646936416625977,23.199995040893555
2053,-125.67728424072266,-19.661744403839112,552,4.428733825683594,0.0003,1,a2c_entropy_low_seed1,0.4975111186504364,7.863311767578125,0.866115152835846,0.906853199005127,31.618755340576172
2054,-91.9968032836914,-19.86457368850708,155,92.68275451660156,0.0003,1,a2c_entropy_low_seed1,-2.741158962249756,190.84866333007812,0.8378112316131592,-3.389052391052246,199.07432556152344
2054,-91.9968032836914,-19.86457368850708,155,8.65410327911377,0.0003,1,a2c_entropy_low_seed1,0.5596219301223755,16.189708709716797,0.746508777141571,0.9271445274353027,44.88492202758789
2054,-91.9968032836914,-19.86457368850708,155,24.48512077331543,0.0003,1,a2c_entropy_low_seed1,1.8363230228424072,45.29838943481445,0.7925670146942139,2.4058032035827637,64.33167266845703
2055,120.87852478027344,-15.895040760040283,765,179.2256317138672,0.0003,1,a2c_entropy_low_seed1,-0.2821676731109619,359.0162048339844,0.6160783767700195,3.6534204483032227,172.76141357421875
2055,120.87852478027344,-15.895040760040283,765,17.205183029174805,0.0003,1,a2c_entropy_low_seed1,-0.05587013065814972,34.52280044555664,0.6954151391983032,1.6146385669708252,75.53240966796875
2056,71.61233520507812,-15.816654224395752,766,196.7667236328125,0.0003,1,a2c_entropy_low_seed1,0.3643534779548645,392.80548095703125,0.7185920476913452,5.773808002471924,281.5149230957031
2056,71.61233520507812,-15.816654224395752,766,3.338813066482544,0.0003,1,a2c_entropy_low_seed1,-0.4334533214569092,7.545383930206299,0.8511949181556702,-0.21867787837982178,15.138445854187012
2056,71.61233520507812,-15.816654224395752,766,2.118811845779419,0.0003,1,a2c_entropy_low_seed1,-0.04277984797954559,4.324001789093018,0.8181284666061401,0.02562139183282852,6.9150471687316895
2057,-78.09569549560547,-15.649636554718018,175,111.87545013427734,0.0003,1,a2c_entropy_low_seed1,-4.375783443450928,232.50328063964844,0.805483341217041,-3.8199305534362793,242.6723175048828
2057,-78.09569549560547,-15.649636554718018,175,9.839966773986816,0.0003,1,a2c_entropy_low_seed1,-1.0529425144195557,21.78654670715332,0.7284384369850159,-1.6206141710281372,52.924720764160156
2057,-78.09569549560547,-15.649636554718018,175,11.050433158874512,0.0003,1,a2c_entropy_low_seed1,-0.22072672843933105,22.543014526367188,0.6934261322021484,0.5016602873802185,32.947166442871094
2058,-58.887081146240234,-18.890970249176025,1001,6.805966854095459,0.0003,1,a2c_entropy_low_seed1,0.09359115362167358,13.425471305847168,0.7202298641204834,0.6617874503135681,26.700782775878906
2058,-58.887081146240234,-18.890970249176025,1001,22.436969757080078,0.0003,1,a2c_entropy_low_seed1,-1.2358086109161377,47.34630584716797,0.748899519443512,-0.7603166103363037,62.102638244628906
2058,-58.887081146240234,-18.890970249176025,1001,1.4700818061828613,0.0003,1,a2c_entropy_low_seed1,-0.37387707829475403,3.6886661052703857,0.7483504414558411,-0.39993157982826233,17.188793182373047
2058,-58.887081146240234,-18.890970249176025,1001,4.107764720916748,0.0003,1,a2c_entropy_low_seed1,0.1921246200799942,7.83202600479126,0.7456910610198975,0.29272422194480896,22.533403396606445
2060,-128.48739624023438,-23.020972232818604,483,158.70455932617188,0.0003,1,a2c_entropy_low_seed1,-4.346314430236816,326.10247802734375,0.7358699440956116,-6.010939598083496,208.28079223632812
2060,-128.48739624023438,-23.020972232818604,483,1.6826037168502808,0.0003,1,a2c_entropy_low_seed1,-0.9785037636756897,5.322900772094727,0.6858795285224915,-1.0553418397903442,32.87026596069336
2061,48.310089111328125,-20.251990299224854,1001,5.200052261352539,0.0003,1,a2c_entropy_low_seed1,-0.32598885893821716,11.052827835083008,0.7460578680038452,-0.1978806108236313,20.888519287109375
2061,48.310089111328125,-20.251990299224854,1001,0.7332519292831421,0.0003,1,a2c_entropy_low_seed1,-0.4800252318382263,2.427243709564209,0.6893622875213623,-0.7090273499488831,24.597759246826172
2062,-110.53765106201172,-20.35764581680298,447,72.9979476928711,0.0003,1,a2c_entropy_low_seed1,-3.440345287322998,152.8773193359375,0.7274649143218994,-3.6560006141662598,126.16650390625
2062,-110.53765106201172,-20.35764581680298,447,3.123847484588623,0.0003,1,a2c_entropy_low_seed1,-1.073085904121399,8.394622802734375,0.7560617327690125,-1.2766218185424805,47.17218780517578
2063,84.88025665283203,-18.40193576812744,1001,4.7127556800842285,0.0003,1,a2c_entropy_low_seed1,-0.3587830662727356,10.143814086914062,0.7363303303718567,-0.30979490280151367,33.5308723449707
2063,84.88025665283203,-18.40193576812744,1001,33.86439514160156,0.0003,1,a2c_entropy_low_seed1,-0.5633562803268433,68.85626220703125,0.7605192065238953,-0.5659266710281372,90.02706146240234
2065,-81.71514129638672,-23.797642669677735,251,123.99918365478516,0.0003,1,a2c_entropy_low_seed1,-4.290370464324951,256.57977294921875,0.6729371547698975,-3.3144915103912354,194.28378295898438
2065,-81.71514129638672,-23.797642669677735,251,23.39407730102539,0.0003,1,a2c_entropy_low_seed1,-0.7139617800712585,48.21676254272461,0.6812577247619629,-1.1292802095413208,38.68828582763672
2067,-65.07716369628906,-21.619493590593336,194,98.09564208984375,0.0003,1,a2c_entropy_low_seed1,-2.1424765586853027,200.47683715820312,0.5905172228813171,-1.9449918270111084,146.25927734375
2068,-90.47256469726562,-20.0808906853199,153,18.825075149536133,0.0003,1,a2c_entropy_low_seed1,0.21629256010055542,37.2182731628418,0.709639847278595,0.27965065836906433,19.217714309692383
2068,-90.47256469726562,-20.0808906853199,153,3.704808473587036,0.0003,1,a2c_entropy_low_seed1,0.3626868724822998,6.6849493980407715,0.7062681317329407,0.612122654914856,26.69598388671875
2069,-38.18013381958008,-19.252594405412673,1001,12.511157989501953,0.0003,1,a2c_entropy_low_seed1,0.9764110445976257,23.07017707824707,0.6830627918243408,1.7228598594665527,75.34406280517578
2069,-38.18013381958008,-19.252594405412673,1001,5.518729209899902,0.0003,1,a2c_entropy_low_seed1,0.5244449377059937,9.989341735839844,0.7730437517166138,0.5318441987037659,31.0208797454834
2069,-38.18013381958008,-19.252594405412673,1001,4.842498302459717,0.0003,1,a2c_entropy_low_seed1,0.9770322442054749,7.7316389083862305,0.7064124345779419,1.4584665298461914,55.743900299072266
2069,-38.18013381958008,-19.252594405412673,1001,5.360045433044434,0.0003,1,a2c_entropy_low_seed1,-0.7321941256523132,12.185248374938965,0.7698514461517334,-0.8248373866081238,27.221107482910156
2070,129.24359130859375,-17.408372374773027,664,150.41952514648438,0.0003,1,a2c_entropy_low_seed1,0.035614024847745895,300.7686462402344,0.8310088515281677,4.232585430145264,151.77896118164062
2070,129.24359130859375,-17.408372374773027,664,24.54762077331543,0.0003,1,a2c_entropy_low_seed1,1.1958191394805908,46.704437255859375,0.8340960144996643,1.3125238418579102,40.18180847167969
2070,129.24359130859375,-17.408372374773027,664,5.385632038116455,0.0003,1,a2c_entropy_low_seed1,0.8604692816734314,9.05124568939209,0.9206598997116089,1.1715881824493408,45.50545120239258
2070,129.24359130859375,-17.408372374773027,664,4.231108665466309,0.0003,1,a2c_entropy_low_seed1,-1.0818889141082764,10.626781463623047,0.7855789661407471,-1.2627428770065308,48.289241790771484
2070,129.24359130859375,-17.408372374773027,664,4.520427227020264,0.0003,1,a2c_entropy_low_seed1,0.5866883397102356,7.8683671951293945,0.8900123238563538,0.8142231702804565,37.821311950683594
2072,-85.11671447753906,-23.39728747487068,466,97.8534927368164,0.0003,1,a2c_entropy_low_seed1,-3.201529026031494,202.11090087890625,0.8522481322288513,-3.3971705436706543,128.48641967773438
2072,-85.11671447753906,-23.39728747487068,466,4.683121681213379,0.0003,1,a2c_entropy_low_seed1,0.43565067648887634,8.495819091796875,0.877275288105011,0.6487056016921997,34.32948684692383
2072,-85.11671447753906,-23.39728747487068,466,3.688488245010376,0.0003,1,a2c_entropy_low_seed1,-0.08170047402381897,7.541261196136475,0.8836871981620789,0.07838338613510132,28.141515731811523
2072,-85.11671447753906,-23.39728747487068,466,2.2862021923065186,0.0003,1,a2c_entropy_low_seed1,0.10700181871652603,4.3592753410339355,0.8746441006660461,0.39301079511642456,14.599623680114746
2072,-85.11671447753906,-23.39728747487068,466,2.842557907104492,0.0003,1,a2c_entropy_low_seed1,0.018607020378112793,5.648785591125488,0.8838866949081421,0.08536587655544281,22.054508209228516
2074,-73.75202941894531,-23.146182280778884,329,132.04246520996094,0.0003,1,a2c_entropy_low_seed1,-1.5591545104980469,267.20404052734375,0.785812497138977,-1.4912217855453491,103.3134536743164
2074,-73.75202941894531,-23.146182280778884,329,2.5277509689331055,0.0003,1,a2c_entropy_low_seed1,0.063233882188797,4.929865837097168,0.8317144513130188,0.2184291034936905,14.902192115783691
2074,-73.75202941894531,-23.146182280778884,329,1.7023481130599976,0.0003,1,a2c_entropy_low_seed1,-1.2864596843719482,5.978427410125732,0.8119147419929504,-1.3924288749694824,45.64207458496094
2074,-73.75202941894531,-23.146182280778884,329,6.05197811126709,0.0003,1,a2c_entropy_low_seed1,-0.7161856889724731,13.5371732711792,0.8455461263656616,-0.9257071614265442,47.56010818481445
2075,-88.69340515136719,-26.61389285206795,288,73.9882583618164,0.0003,1,a2c_entropy_low_seed1,-2.5478854179382324,153.07313537597656,0.8585502505302429,-2.475163459777832,136.15792846679688
2075,-88.69340515136719,-26.61389285206795,288,1.830405592918396,0.0003,1,a2c_entropy_low_seed1,-0.11213625222444534,3.8859212398529053,0.8376182317733765,0.0269881933927536,15.385904312133789
2078,-66.04344177246094,-33.61933566212654,665,193.5750274658203,0.0003,1,a2c_entropy_low_seed1,-4.140223503112793,395.4312744140625,0.7725516557693481,-7.075505256652832,233.98085021972656
2078,-66.04344177246094,-33.61933566212654,665,10.822396278381348,0.0003,1,a2c_entropy_low_seed1,0.43730807304382324,20.770999908447266,0.8232613205909729,0.8934821486473083,31.659818649291992
2078,-66.04344177246094,-33.61933566212654,665,3.571061134338379,0.0003,1,a2c_entropy_low_seed1,0.18427503108978271,6.774380683898926,0.8085264563560486,0.44882073998451233,21.53299331665039
2078,-66.04344177246094,-33.61933566212654,665,3.393726348876953,0.0003,1,a2c_entropy_low_seed1,-0.5819329619407654,7.952164649963379,0.8456950187683105,-0.6715632081031799,33.98651123046875
2078,-66.04344177246094,-33.61933566212654,665,2.20452618598938,0.0003,1,a2c_entropy_low_seed1,0.24922141432762146,3.9114580154418945,0.8482241630554199,0.3300352394580841,14.241094589233398
2078,-66.04344177246094,-33.61933566212654,665,2.700746536254883,0.0003,1,a2c_entropy_low_seed1,-0.00017284974455833435,5.402677059173584,0.8381232023239136,0.0823693498969078,10.56157398223877
2078,-66.04344177246094,-33.61933566212654,665,1.8145188093185425,0.0003,1,a2c_entropy_low_seed1,-0.24389484524726868,4.117697715759277,0.8704409599304199,-0.21363982558250427,17.22622299194336
2078,-66.04344177246094,-33.61933566212654,665,55.70512008666992,0.0003,1,a2c_entropy_low_seed1,1.720157504081726,107.97077941894531,0.8522835969924927,2.5949628353118896,91.5907211303711
2079,78.48983764648438,-27.92605929493904,1001,4.19034481048584,0.0003,1,a2c_entropy_low_seed1,-2.0717244148254395,12.524919509887695,0.7806156873703003,-1.856541395187378,63.53441619873047
2079,78.48983764648438,-27.92605929493904,1001,10.470667839050293,0.0003,1,a2c_entropy_low_seed1,0.29150375723838806,20.359119415283203,0.7922846674919128,0.9716289043426514,71.71744537353516
2080,-89.32337188720703,-31.830692321062088,323,74.2526626586914,0.0003,1,a2c_entropy_low_seed1,-2.6852848529815674,153.876708984375,0.814466655254364,-3.488278388977051,162.60365295410156
2080,-89.32337188720703,-31.830692321062088,323,19.372482299804688,0.0003,1,a2c_entropy_low_seed1,0.4339824318885803,37.87770462036133,0.7048438787460327,0.7428951859474182,30.895099639892578
2081,81.15202331542969,-32.2942338860035,759,226.22885131835938,0.0003,1,a2c_entropy_low_seed1,0.9404000043869019,450.57763671875,0.7255638837814331,7.8476033210754395,307.2633056640625
2081,81.15202331542969,-32.2942338860035,759,4.577212810516357,0.0003,1,a2c_entropy_low_seed1,-0.29015007615089417,9.735462188720703,0.7363216876983643,0.16993293166160583,26.318532943725586
2081,81.15202331542969,-32.2942338860035,759,7.370197772979736,0.0003,1,a2c_entropy_low_seed1,0.21589875221252441,14.309296607971191,0.6986977458000183,0.5495571494102478,28.827529907226562
2083,-62.24675369262695,-29.63042307972908,208,190.1463165283203,0.0003,1,a2c_entropy_low_seed1,-1.9052588939666748,384.1038513183594,0.7094000577926636,1.8542616367340088,158.5638885498047
2083,-62.24675369262695,-29.63042307972908,208,2.815641403198242,0.0003,1,a2c_entropy_low_seed1,-0.26347073912620544,6.158929347991943,0.7052085399627686,0.20372985303401947,25.16729736328125
2084,104.80474853515625,-25.215777388811112,603,162.6643829345703,0.0003,1,a2c_entropy_low_seed1,-0.06634703278541565,325.4622497558594,0.778262197971344,4.538883209228516,232.35609436035156
2084,104.80474853515625,-25.215777388811112,603,0.7154176235198975,0.0003,1,a2c_entropy_low_seed1,-0.3276783525943756,2.0870115756988525,0.8196663856506348,-0.07496537268161774,4.610332012176514
2085,-180.74261474609375,-27.386511031389237,601,156.07998657226562,0.0003,1,a2c_entropy_low_seed1,0.14235419034957886,311.87603759765625,0.7661780118942261,-3.7036209106445312,217.9591827392578
2085,-180.74261474609375,-27.386511031389237,601,24.331172943115234,0.0003,1,a2c_entropy_low_seed1,-0.9465655088424683,50.556243896484375,0.7686524987220764,0.006025344133377075,30.843000411987305
2085,-180.74261474609375,-27.386511031389237,601,3.5691096782684326,0.0003,1,a2c_entropy_low_seed1,-0.2486642301082611,7.636255741119385,0.7080549001693726,0.38685697317123413,26.501127243041992
2085,-180.74261474609375,-27.386511031389237,601,3.022122859954834,0.0003,1,a2c_entropy_low_seed1,-0.9868082404136658,8.018534660339355,0.6721504926681519,-1.0892095565795898,43.204620361328125
2086,102.0417709350586,-28.874407912492753,729,115.82296752929688,0.0003,1,a2c_entropy_low_seed1,-0.5342252254486084,232.7151641845703,0.7824013233184814,2.6414101123809814,129.54579162597656
2086,102.0417709350586,-28.874407912492753,729,2.663865089416504,0.0003,1,a2c_entropy_low_seed1,-0.17324848473072052,5.675082206726074,0.8550764918327332,-0.07522614300251007,9.168499946594238
2087,41.64914321899414,-26.609653350114822,1001,4.034538269042969,0.0003,1,a2c_entropy_low_seed1,-0.946642279624939,9.96318244934082,0.8214650750160217,-1.024810791015625,41.74504089355469
2087,41.64914321899414,-26.609653350114822,1001,6.796505451202393,0.0003,1,a2c_entropy_low_seed1,-1.3540780544281006,16.302021026611328,0.8539807796478271,-1.8299914598464966,87.04208374023438
2087,41.64914321899414,-26.609653350114822,1001,3.478086471557617,0.0003,1,a2c_entropy_low_seed1,-0.7918335795402527,8.540684700012207,0.8443614840507507,-0.8392188549041748,42.044586181640625
2087,41.64914321899414,-26.609653350114822,1001,3.722080707550049,0.0003,1,a2c_entropy_low_seed1,-1.167089581489563,9.779228210449219,0.8880035877227783,-1.1244580745697021,36.784690856933594
2087,41.64914321899414,-26.609653350114822,1001,2.464705467224121,0.0003,1,a2c_entropy_low_seed1,-1.1313436031341553,7.192967891693115,0.8695515394210815,-1.0142576694488525,40.83265686035156
2088,-85.08964538574219,-26.762022124528883,151,39.94807052612305,0.0003,1,a2c_entropy_low_seed1,-1.172040581703186,82.24102783203125,0.8091846108436584,-1.7663817405700684,77.90591430664062
2088,-85.08964538574219,-26.762022124528883,151,3.4653873443603516,0.0003,1,a2c_entropy_low_seed1,-0.47445809841156006,7.880605697631836,0.9144284725189209,-0.6268377304077148,31.88593101501465
2089,-135.85443115234375,-27.55544818043709,407,60.48634338378906,0.0003,1,a2c_entropy_low_seed1,-0.7219119668006897,122.41734313964844,0.8311479687690735,-0.692518949508667,56.54515838623047
2089,-135.85443115234375,-27.55544818043709,407,5.038418292999268,0.0003,1,a2c_entropy_low_seed1,0.7049124836921692,8.667835235595703,0.8240478038787842,0.8209021091461182,25.510799407958984
2089,-135.85443115234375,-27.55544818043709,407,4.543818473815918,0.0003,1,a2c_entropy_low_seed1,-0.5439516305923462,10.176424026489258,0.8842273950576782,-0.4483488202095032,28.73273277282715
2089,-135.85443115234375,-27.55544818043709,407,4.307365417480469,0.0003,1,a2c_entropy_low_seed1,-0.25464755296707153,9.124898910522461,0.8729392886161804,-0.2299576848745346,16.218217849731445
2089,-135.85443115234375,-27.55544818043709,407,9.069977760314941,0.0003,1,a2c_entropy_low_seed1,2.1173739433288574,13.906039237976074,0.8314805626869202,2.388153553009033,64.95176696777344
2089,-135.85443115234375,-27.55544818043709,407,1.1412420272827148,0.0003,1,a2c_entropy_low_seed1,-0.4749773144721985,3.233336925506592,0.8984086513519287,-0.38097354769706726,12.823047637939453
2089,-135.85443115234375,-27.55544818043709,407,22.913963317871094,0.0003,1,a2c_entropy_low_seed1,1.9912705421447754,41.84623336791992,0.8455536365509033,2.5289156436920166,74.71460723876953
2090,-73.37367248535156,-27.577848540544508,296,64.93406677246094,0.0003,1,a2c_entropy_low_seed1,-1.4749324321746826,132.8187713623047,0.7721024751663208,-1.3851615190505981,96.20448303222656
2091,42.18810272216797,-25.08927737355232,895,202.471435546875,0.0003,1,a2c_entropy_low_seed1,1.8452521562576294,401.2530822753906,0.6891948580741882,8.096540451049805,289.843994140625
2091,42.18810272216797,-25.08927737355232,895,14.392556190490723,0.0003,1,a2c_entropy_low_seed1,-0.17362554371356964,29.133167266845703,0.8031888604164124,0.7021957635879517,45.1568489074707
2092,0.4715110957622528,-22.95153004348278,1001,3.019940137863159,0.0003,1,a2c_entropy_low_seed1,-0.4383436441421509,6.917278289794922,0.7111077308654785,-0.3169366717338562,21.009601593017578
2092,0.4715110957622528,-22.95153004348278,1001,3.214599847793579,0.0003,1,a2c_entropy_low_seed1,-1.0809876918792725,8.5919189453125,0.7440171241760254,-0.8493712544441223,24.687774658203125
2092,0.4715110957622528,-22.95153004348278,1001,27.98114776611328,0.0003,1,a2c_entropy_low_seed1,2.5029988288879395,50.957008361816406,0.7113215923309326,3.0721983909606934,98.58881378173828
2092,0.4715110957622528,-22.95153004348278,1001,4.5988006591796875,0.0003,1,a2c_entropy_low_seed1,-0.22327734529972076,9.64494514465332,0.788709819316864,-0.5021922588348389,17.809707641601562
2095,-1.6339521408081055,-24.949028193354607,1001,91.94246673583984,0.0003,1,a2c_entropy_low_seed1,-3.2080769538879395,190.30178833007812,0.6973956823348999,-4.646888732910156,175.87606811523438
2095,-1.6339521408081055,-24.949028193354607,1001,16.627464294433594,0.0003,1,a2c_entropy_low_seed1,1.6326974630355835,29.990205764770508,0.6725782752037048,2.324871063232422,89.57926177978516
2096,-28.10921859741211,-27.187472788691522,1001,6.040250778198242,0.0003,1,a2c_entropy_low_seed1,0.06600441038608551,11.949204444885254,0.7117863297462463,0.4966405928134918,55.12143325805664
2096,-28.10921859741211,-27.187472788691522,1001,5.4692864418029785,0.0003,1,a2c_entropy_low_seed1,-0.14746801555156708,11.234200477600098,0.6915762424468994,0.04689866304397583,18.675893783569336
2097,25.782859802246094,-25.089878336787223,885,179.53225708007812,0.0003,1,a2c_entropy_low_seed1,-0.20879386365413666,359.48284912109375,0.7366703748703003,6.071950912475586,269.6186218261719
2097,25.782859802246094,-25.089878336787223,885,4.966129779815674,0.0003,1,a2c_entropy_low_seed1,0.9264682531356812,8.080151557922363,0.8287319540977478,1.2114707231521606,42.4316520690918
2098,-137.35206604003906,-24.689038187861442,427,58.82125473022461,0.0003,1,a2c_entropy_low_seed1,-3.3578903675079346,124.3591537475586,0.8632628321647644,-3.0230579376220703,123.21683502197266
2100,-124.99537658691406,-32.75453890502453,368,94.85033416748047,0.0003,1,a2c_entropy_low_seed1,-2.7462613582611084,195.1940460205078,0.8476167321205139,-2.642831802368164,121.4053726196289
2100,-124.99537658691406,-32.75453890502453,368,2.5998077392578125,0.0003,1,a2c_entropy_low_seed1,-0.0005549639463424683,5.201529502868652,0.8038489818572998,0.3611277937889099,12.322023391723633
2100,-124.99537658691406,-32.75453890502453,368,4.968322277069092,0.0003,1,a2c_entropy_low_seed1,1.0836738348007202,7.770147323608398,0.8505509495735168,1.3970999717712402,51.00076675415039
2100,-124.99537658691406,-32.75453890502453,368,35.108463287353516,0.0003,1,a2c_entropy_low_seed1,3.0924580097198486,64.03280639648438,0.7905783653259277,2.8518431186676025,77.78781127929688
2100,-124.99537658691406,-32.75453890502453,368,3.651139974594116,0.0003,1,a2c_entropy_low_seed1,0.5833686590194702,6.136345863342285,0.8033180832862854,0.8287448883056641,30.451797485351562
2100,-124.99537658691406,-32.75453890502453,368,2.2729337215423584,0.0003,1,a2c_entropy_low_seed1,0.38259652256965637,3.7814955711364746,0.8209768533706665,0.5556697845458984,27.728269577026367
2100,-124.99537658691406,-32.75453890502453,368,1.1388092041015625,0.0003,1,a2c_entropy_low_seed1,-0.41976645588874817,3.117978096008301,0.826953113079071,-0.42510026693344116,14.862302780151367
2101,-65.32118225097656,-35.79375139892101,253,76.48108673095703,0.0003,1,a2c_entropy_low_seed1,-2.133474349975586,157.22994995117188,0.8259139657020569,-2.8130767345428467,130.5400390625
2102,-92.87801361083984,-34.995444971919056,399,54.86618423461914,0.0003,1,a2c_entropy_low_seed1,-1.8691375255584717,113.4714126586914,0.7725316882133484,-1.3696213960647583,66.89363861083984
2102,-92.87801361083984,-34.995444971919056,399,4.041552543640137,0.0003,1,a2c_entropy_low_seed1,0.19828197360038757,7.687339782714844,0.7977780103683472,0.35903751850128174,13.189040184020996
2103,3.2608883380889893,-32.41668152034283,1001,11.338606834411621,0.0003,1,a2c_entropy_low_seed1,0.32448723912239075,22.028947830200195,0.7102596163749695,1.4771233797073364,45.63761901855469
2103,3.2608883380889893,-32.41668152034283,1001,56.3365364074707,0.0003,1,a2c_entropy_low_seed1,-0.6520061492919922,113.97779083251953,0.7091171145439148,-2.2118427753448486,112.15460968017578
2105,148.05062866210938,-32.90678909480572,620,198.4843292236328,0.0003,1,a2c_entropy_low_seed1,0.15470558404922485,396.6599426269531,0.6886053681373596,4.682740688323975,210.19046020507812
2105,148.05062866210938,-32.90678909480572,620,2.521421194076538,0.0003,1,a2c_entropy_low_seed1,-0.120353102684021,5.284350872039795,0.8027396202087402,-0.023581355810165405,8.966986656188965
2105,148.05062866210938,-32.90678909480572,620,2.08927845954895,0.0003,1,a2c_entropy_low_seed1,-0.1904706060886383,4.560290336608887,0.7920224070549011,0.019503071904182434,8.644487380981445
2105,148.05062866210938,-32.90678909480572,620,4.280346393585205,0.0003,1,a2c_entropy_low_seed1,0.6724730730056763,7.216554641723633,0.8079701662063599,1.0791983604431152,36.997249603271484
2105,148.05062866210938,-32.90678909480572,620,12.108932495117188,0.0003,1,a2c_entropy_low_seed1,-0.6136371493339539,25.445951461791992,0.8125631213188171,-0.38929280638694763,57.512149810791016
2105,148.05062866210938,-32.90678909480572,620,9.132582664489746,0.0003,1,a2c_entropy_low_seed1,0.2618095576763153,17.742429733276367,0.8839619755744934,0.38191089034080505,13.987058639526367
2106,-77.80258178710938,-35.89508743464947,576,173.71942138671875,0.0003,1,a2c_entropy_low_seed1,-3.967132806777954,355.37384033203125,0.7371710538864136,-6.325353145599365,201.06455993652344
2106,-77.80258178710938,-35.89508743464947,576,7.150744438171387,0.0003,1,a2c_entropy_low_seed1,-0.7549148797988892,15.812088012695312,0.7698034644126892,-0.6762516498565674,18.70026397705078
2106,-77.80258178710938,-35.89508743464947,576,2.716489791870117,0.0003,1,a2c_entropy_low_seed1,-0.3321768641471863,6.098172664642334,0.8393092751502991,-0.13647997379302979,11.657501220703125
2107,-70.6323471069336,-35.74582046687603,271,70.67833709716797,0.0003,1,a2c_entropy_low_seed1,-2.959101676940918,147.27569580078125,0.8173418641090393,-3.285982608795166,122.35588073730469
2108,-59.734519958496094,-35.76276924312115,460,149.6488494873047,0.0003,1,a2c_entropy_low_seed1,-0.9325528144836426,301.16363525390625,0.8198515772819519,-1.1087753772735596,122.69676208496094
2108,-59.734519958496094,-35.76276924312115,460,3.926079750061035,0.0003,1,a2c_entropy_low_seed1,0.3059070408344269,7.241098880767822,0.7531832456588745,0.2323685586452484,31.919294357299805
2108,-59.734519958496094,-35.76276924312115,460,3.8913187980651855,0.0003,1,a2c_entropy_low_seed1,-0.28851965069770813,8.36041259765625,0.7359837889671326,-0.2686119079589844,14.602296829223633
2109,56.5988655090332,-33.23816177546978,870,82.75485229492188,0.0003,1,a2c_entropy_low_seed1,0.20650896430015564,165.09751892089844,0.8419276475906372,2.2910749912261963,89.46138763427734
2109,56.5988655090332,-33.23816177546978,870,3.1066529750823975,0.0003,1,a2c_entropy_low_seed1,-0.42366060614585876,7.061463356018066,0.8361971378326416,-0.3837614059448242,15.32990550994873
2109,56.5988655090332,-33.23816177546978,870,3.009249687194824,0.0003,1,a2c_entropy_low_seed1,-0.9792726039886475,7.977866172790527,0.8216055035591125,-0.8317961692810059,22.138736724853516
2109,56.5988655090332,-33.23816177546978,870,11.014431953430176,0.0003,1,a2c_entropy_low_seed1,1.4250900745391846,19.17949676513672,0.8123053312301636,2.0814132690429688,61.82878494262695
2109,56.5988655090332,-33.23816177546978,870,23.19377326965332,0.0003,1,a2c_entropy_low_seed1,0.6166796684265137,45.154930114746094,0.7457582354545593,1.8448141813278198,65.71206665039062
2110,-79.27552032470703,-32.253924257159234,369,59.4714469909668,0.0003,1,a2c_entropy_low_seed1,-1.0520780086517334,121.0477066040039,0.652784526348114,-1.1320749521255493,70.45992279052734
2112,81.71867370605469,-27.740899354815483,774,175.822021484375,0.0003,1,a2c_entropy_low_seed1,0.6013550162315369,350.44207763671875,0.7473604679107666,5.995048999786377,274.6932373046875
2113,-85.31885528564453,-31.144881593585016,369,82.83165740966797,0.0003,1,a2c_entropy_low_seed1,-3.2397043704986572,172.14352416992188,0.789139449596405,-3.5062828063964844,145.709716796875
2113,-85.31885528564453,-31.144881593585016,369,5.128002643585205,0.0003,1,a2c_entropy_low_seed1,0.047515012323856354,10.161764144897461,0.7882581353187561,-0.20397289097309113,19.373733520507812
2113,-85.31885528564453,-31.144881593585016,369,1.6098706722259521,0.0003,1,a2c_entropy_low_seed1,-0.23995758593082428,3.7004740238189697,0.8175984025001526,-0.3283221423625946,18.892967224121094
2113,-85.31885528564453,-31.144881593585016,369,1.7868068218231201,0.0003,1,a2c_entropy_low_seed1,-0.6723924875259399,4.9191975593566895,0.798876166343689,-0.7911192774772644,33.12862014770508
2113,-85.31885528564453,-31.144881593585016,369,3.193852424621582,0.0003,1,a2c_entropy_low_seed1,-1.234039068222046,8.85655689239502,0.7739822864532471,-1.4717549085617065,48.50651931762695
2113,-85.31885528564453,-31.144881593585016,369,3.9014031887054443,0.0003,1,a2c_entropy_low_seed1,0.3764713704586029,7.050649166107178,0.7854887247085571,0.3970476984977722,18.51677703857422
2114,-76.55064392089844,-31.059376222491263,167,39.02131652832031,0.0003,1,a2c_entropy_low_seed1,-0.04901675134897232,78.14144897460938,0.7826992273330688,0.22147947549819946,32.17461013793945
2114,-76.55064392089844,-31.059376222491263,167,2.954450845718384,0.0003,1,a2c_entropy_low_seed1,-0.7069323062896729,7.323591709136963,0.8253920078277588,-0.594012439250946,20.391626358032227
2115,-98.75499725341797,-31.400173341631888,279,80.13574981689453,0.0003,1,a2c_entropy_low_seed1,-1.0019406080245972,162.27603149414062,0.663582980632782,-2.209135055541992,121.68692016601562
2118,57.62883377075195,-26.34271657049656,1001,227.51376342773438,0.0003,1,a2c_entropy_low_seed1,-0.4326200783252716,455.8934326171875,0.6668077707290649,2.994392156600952,186.95396423339844
2118,57.62883377075195,-26.34271657049656,1001,3.5699455738067627,0.0003,1,a2c_entropy_low_seed1,-0.3711302876472473,7.882946968078613,0.7951557636260986,-0.29199379682540894,14.621349334716797
2120,-127.55500793457031,-29.761014147400857,598,62.906063079833984,0.0003,1,a2c_entropy_low_seed1,-2.9637198448181152,131.74038696289062,0.8234482407569885,-2.8796427249908447,120.4361343383789
2120,-127.55500793457031,-29.761014147400857,598,7.8525776863098145,0.0003,1,a2c_entropy_low_seed1,0.7200813293457031,14.265819549560547,0.8266844153404236,1.4089760780334473,64.91927337646484
