episode,total_reward,moving_avg_reward,episode_length,loss,learning_rate,seed,exp_name,policy_loss,return_mean,return_std,grad_norm
1,-226.515105612668,-226.515105612668,98,0.008108377456665039,0.0005,1,reinforce_hidden_size_low_seed1,0.008108377456665039,6.167256287881173e-07,1.0,0.00042604058398865163
2,-284.4334849670721,-255.47429528987004,90,0.012037277221679688,0.0005,1,reinforce_hidden_size_low_seed1,0.012037277221679688,1.0795063190016663e-06,1.0,0.001377975451759994
3,14.10462218291245,-165.61465613227588,120,-3.0517578125e-05,0.0005,1,reinforce_hidden_size_low_seed1,-3.0517578125e-05,-1.9868215961338365e-09,1.0,2.681300884432858e-06
4,-445.02660627129234,-235.46764366703,113,0.0016143321990966797,0.0005,1,reinforce_hidden_size_low_seed1,0.0016143321990966797,9.389049893115953e-08,1.0,0.0001608629827387631
5,-334.4949520600709,-255.27310534563816,90,0.0013561248779296875,0.0005,1,reinforce_hidden_size_low_seed1,0.0013561248779296875,1.1920928955078125e-07,1.0,8.569876081310213e-05
6,-209.75672219722884,-247.68704148756993,80,-0.0024585723876953125,0.0005,1,reinforce_hidden_size_low_seed1,-0.0024585723876953125,-2.74181360282455e-07,0.9999999403953552,0.00018206058302894235
7,-70.97084453921609,-222.44187049494798,73,-0.001394033432006836,0.0005,1,reinforce_hidden_size_low_seed1,-0.001394033432006836,-1.8942846224945242e-07,1.0,0.0001408261014148593
8,-336.9561440207666,-236.7561546856753,85,-0.0040634870529174805,0.0005,1,reinforce_hidden_size_low_seed1,-0.0040634870529174805,-4.2003745193142095e-07,1.0,0.00030310210422612727
9,-140.3864744829762,-226.04841244093097,102,-0.001682281494140625,0.0005,1,reinforce_hidden_size_low_seed1,-0.001682281494140625,-1.1453441572939482e-07,0.9999999403953552,0.00012464390601962805
10,-80.02795227599715,-211.44636642443757,76,-0.000518798828125,0.0005,1,reinforce_hidden_size_low_seed1,-0.000518798828125,-6.666309104730317e-08,1.0,1.9461556803435087e-05
11,-158.6556128065951,-206.64720700463374,71,0.0018329620361328125,0.0005,1,reinforce_hidden_size_low_seed1,0.0018329620361328125,2.5185062213495257e-07,1.0,0.00016027980018407106
12,-335.1163399995601,-217.35296808754424,77,-0.0018322467803955078,0.0005,1,reinforce_hidden_size_low_seed1,-0.0018322467803955078,-2.29129540230133e-07,0.9999999403953552,0.00011198594438610598
13,-117.09001870308171,-209.6404335195087,115,-0.006359457969665527,0.0005,1,reinforce_hidden_size_low_seed1,-0.006359457969665527,-3.5140826071256015e-07,1.0,0.0006749351741746068
14,-102.17906197983271,-201.96462126667467,133,-0.0017278194427490234,0.0005,1,reinforce_hidden_size_low_seed1,-0.0017278194427490234,-8.425318043236985e-08,0.9999999403953552,0.00017727243539411575
15,-330.5086272224192,-210.53422166372428,116,0.00605010986328125,0.0005,1,reinforce_hidden_size_low_seed1,0.00605010986328125,3.2577020192547934e-07,1.0,0.0005043018027208745
16,-427.33367861384784,-224.08418772310702,102,0.0023040771484375,0.0005,1,reinforce_hidden_size_low_seed1,0.0023040771484375,1.5660828012187267e-07,1.0,0.0004968667053617537
17,-136.5697304850762,-218.93627847381111,115,-0.004216670989990234,0.0005,1,reinforce_hidden_size_low_seed1,-0.004216670989990234,-2.2597934901114058e-07,1.0,0.0001646094606257975
18,-114.48760107369934,-213.1335741738049,92,-0.00046539306640625,0.0005,1,reinforce_hidden_size_low_seed1,-0.00046539306640625,-4.729498925826192e-08,1.0,6.0812326410086825e-05
19,-194.35253840515685,-212.14509860703393,62,0.002109527587890625,0.0005,1,reinforce_hidden_size_low_seed1,0.002109527587890625,4.018506558622903e-07,1.0,0.00032011762959882617
20,-189.64098706116806,-211.01989302974067,65,-0.002816915512084961,0.0005,1,reinforce_hidden_size_low_seed1,-0.002816915512084961,-4.832561444345629e-07,1.0,0.00026853615418076515
21,-67.21682129381125,-204.17212770898212,87,0.0023000240325927734,0.0005,1,reinforce_hidden_size_low_seed1,0.0023000240325927734,2.0827370406095724e-07,1.0,0.00026912265457212925
22,-13.109493361352818,-195.48746251136257,115,0.00024771690368652344,0.0005,1,reinforce_hidden_size_low_seed1,0.00024771690368652344,1.2957531048130022e-08,1.0,1.9219209207221866e-05
23,-83.39254771391523,-190.61377056364748,58,0.00017547607421875,0.0005,1,reinforce_hidden_size_low_seed1,0.00017547607421875,4.0078983687408254e-08,1.0,2.5828414436546154e-05
24,-334.2475332361866,-196.59851067500327,102,-0.00638580322265625,0.0005,1,reinforce_hidden_size_low_seed1,-0.00638580322265625,-4.4528175635605294e-07,1.0,0.00031740887789055705
25,-229.0338355658688,-197.8959236706379,104,-0.00994873046875,0.0005,1,reinforce_hidden_size_low_seed1,-0.00994873046875,-6.62528577777266e-07,1.0,0.0005845098057761788
26,-472.8290935784704,-208.47027635940069,115,-0.002129495143890381,0.0005,1,reinforce_hidden_size_low_seed1,-0.002129495143890381,-1.2750210487411096e-07,1.0,0.0003658576461020857
27,-80.0840700081566,-203.71523167972498,67,0.001385331153869629,0.0005,1,reinforce_hidden_size_low_seed1,0.001385331153869629,2.2329501803142193e-07,1.0,0.00019730921485461295
28,-371.8816284702276,-209.72117442224294,89,-0.005617856979370117,0.0005,1,reinforce_hidden_size_low_seed1,-0.005617856979370117,-5.170200552129245e-07,0.9999999403953552,0.0006883071037009358
29,-115.16137917857384,-206.46049182763366,76,-0.003185272216796875,0.0005,1,reinforce_hidden_size_low_seed1,-0.003185272216796875,-4.0389988953393186e-07,1.0,0.00044755233102478087
30,-98.5347209871154,-202.8629661329497,69,-0.0005855560302734375,0.0005,1,reinforce_hidden_size_low_seed1,-0.0005855560302734375,-8.811121432472646e-08,1.0,3.630403080023825e-05
31,-212.64074043144376,-203.17837820709468,111,0.00576627254486084,0.0005,1,reinforce_hidden_size_low_seed1,0.00576627254486084,3.425924717248563e-07,1.0,0.00041676260298117995
32,-198.20516348253324,-203.02296524695214,78,-0.0077381134033203125,0.0005,1,reinforce_hidden_size_low_seed1,-0.0077381134033203125,-9.108812264457811e-07,1.0,0.0006363819120451808
33,-92.10798699268565,-199.66190529985315,67,-0.0011107921600341797,0.0005,1,reinforce_hidden_size_low_seed1,-0.0011107921600341797,-1.7080733982766105e-07,0.9999999403953552,0.0001030900384648703
34,-99.20438001729106,-196.7072722033072,69,0.00045311450958251953,0.0005,1,reinforce_hidden_size_low_seed1,0.00045311450958251953,7.428984361013136e-08,1.0,8.925337897380814e-05
35,-216.4780234243604,-197.272150809623,125,0.005799531936645508,0.0005,1,reinforce_hidden_size_low_seed1,0.005799531936645508,2.6130675223612343e-07,1.0,0.00030291429720818996
36,-111.28491438644936,-194.88361646453484,75,-0.00638580322265625,0.0005,1,reinforce_hidden_size_low_seed1,-0.00638580322265625,-8.066495524872153e-07,0.9999999403953552,0.0006944413180463016
37,-200.03135071848686,-195.02274441734437,96,0.0040130615234375,0.0005,1,reinforce_hidden_size_low_seed1,0.0040130615234375,3.0981996701484604e-07,0.9999999403953552,0.0002623339823912829
38,-119.79982276424013,-193.04319384752586,78,-0.0023097991943359375,0.0005,1,reinforce_hidden_size_low_seed1,-0.0023097991943359375,-2.7509835831551754e-07,1.0,9.574670548317954e-05
39,-40.73758021169161,-189.13792170301727,70,-0.0005435943603515625,0.0005,1,reinforce_hidden_size_low_seed1,-0.0005435943603515625,-9.62189261599633e-08,1.0,8.935319783631712e-05
40,-378.6957338303833,-193.87686700620142,82,-0.004566192626953125,0.0005,1,reinforce_hidden_size_low_seed1,-0.004566192626953125,-4.928286330141418e-07,1.0,0.00048324125236831605
41,-153.71035733530934,-192.8971960386187,127,-0.010698795318603516,0.0005,1,reinforce_hidden_size_low_seed1,-0.010698795318603516,-4.782451696883072e-07,1.0,0.0006795458029955626
42,-162.80865747071107,-192.1808022631923,80,0.0005340576171875,0.0005,1,reinforce_hidden_size_low_seed1,0.0005340576171875,6.258487417198921e-08,1.0,2.2058982722228393e-05
43,-300.1329784587788,-194.69131798867107,107,-0.007860422134399414,0.0005,1,reinforce_hidden_size_low_seed1,-0.007860422134399414,-4.890923150924209e-07,1.0,0.000818202446680516
44,-231.7997395046893,-195.5346912049442,101,-0.007151544094085693,0.0005,1,reinforce_hidden_size_low_seed1,-0.007151544094085693,-5.299502277011925e-07,1.0,0.0008785604150034487
45,-80.90358847173762,-192.98733336642852,68,-0.00188446044921875,0.0005,1,reinforce_hidden_size_low_seed1,-0.00188446044921875,-2.962701444175764e-07,1.0,0.00016641791444271803
46,-374.53427200255726,-196.93400594547478,108,-0.00110626220703125,0.0005,1,reinforce_hidden_size_low_seed1,-0.00110626220703125,-6.788306450289383e-08,1.0,0.00011898540833499283
47,-132.42735471425544,-195.56152400438503,87,-0.009297966957092285,0.0005,1,reinforce_hidden_size_low_seed1,-0.009297966957092285,-8.892739060684107e-07,1.0,0.0005342337535694242
48,-334.0918778415229,-198.44757304265872,96,-0.005462646484375,0.0005,1,reinforce_hidden_size_low_seed1,-0.005462646484375,-4.333754475283058e-07,1.0,0.0007639570394530892
49,-76.19106492959011,-195.95254226484101,69,5.3882598876953125e-05,0.0005,1,reinforce_hidden_size_low_seed1,5.3882598876953125e-05,1.1229860596984054e-08,1.0,7.415181244141422e-06
50,-307.65470821306997,-198.18658558380557,106,-0.01267242431640625,0.0005,1,reinforce_hidden_size_low_seed1,-0.01267242431640625,-8.254680778918555e-07,1.0,0.0014856504276394844
51,-26.203611020261803,-194.18035569195746,79,6.765127182006836e-05,0.0005,1,reinforce_hidden_size_low_seed1,6.765127182006836e-05,1.6598761476416257e-08,1.0,1.2827233149437234e-05
52,-96.76634181681958,-190.4270128289524,114,-0.0038299560546875,0.0005,1,reinforce_hidden_size_low_seed1,-0.0038299560546875,-2.0704771941382205e-07,1.0,0.00035647046752274036
53,-87.98825005992853,-192.46887027380922,78,2.47955322265625e-05,0.0005,1,reinforce_hidden_size_low_seed1,2.47955322265625e-05,4.58497284583359e-09,1.0,4.805249773198739e-06
54,-329.5544609729601,-190.15942736784257,77,0.004918098449707031,0.0005,1,reinforce_hidden_size_low_seed1,0.004918098449707031,6.084318329158123e-07,1.0,0.0007485985988751054
55,-86.68221805402233,-185.2031726877216,64,-0.0005950927734375,0.0005,1,reinforce_hidden_size_low_seed1,-0.0005950927734375,-1.0617077350616455e-07,1.0,4.007272582384758e-05
56,-217.14726156179216,-185.35098347501287,120,0.00383758544921875,0.0005,1,reinforce_hidden_size_low_seed1,0.00383758544921875,1.9719203692147858e-07,1.0,0.00017518928507342935
57,-235.93562227947214,-188.65027902981797,81,-0.0009881258010864258,0.0005,1,reinforce_hidden_size_low_seed1,-0.0009881258010864258,-1.1185068871100157e-07,1.0,0.00017350567213725299
58,-309.1645390118295,-188.09444692963925,90,-0.00072479248046875,0.0005,1,reinforce_hidden_size_low_seed1,-0.00072479248046875,-6.225373994084293e-08,1.0,7.370860839728266e-05
59,-325.0825775403714,-191.78836899078718,108,-0.0211181640625,0.0005,1,reinforce_hidden_size_low_seed1,-0.0211181640625,-1.3311704378793365e-06,1.0,0.0015330757014453411
60,-412.4466950167133,-198.43674384560148,110,0.011386871337890625,0.0005,1,reinforce_hidden_size_low_seed1,0.011386871337890625,6.805766474826669e-07,0.9999999403953552,0.0008249216480180621
61,-108.70806456076573,-197.4377928806849,79,0.0009636878967285156,0.0005,1,reinforce_hidden_size_low_seed1,0.0009636878967285156,1.1015541900860626e-07,1.0,8.079655526671559e-05
62,-213.74642431718752,-195.01039456703745,90,-0.004497528076171875,0.0005,1,reinforce_hidden_size_low_seed1,-0.004497528076171875,-3.97364289028701e-07,1.0,0.0006354725337587297
63,-107.96852065126308,-194.82796460600107,62,-0.000926971435546875,0.0005,1,reinforce_hidden_size_low_seed1,-0.000926971435546875,-1.6054799800713226e-07,1.0,8.453372720396146e-05
64,-136.24536962999065,-195.50929075900422,93,0.0037887096405029297,0.0005,1,reinforce_hidden_size_low_seed1,0.0037887096405029297,3.2237781510957575e-07,1.0,0.0003218958154320717
65,-324.74151819959627,-195.39394857854776,141,0.007105827331542969,0.0005,1,reinforce_hidden_size_low_seed1,0.007105827331542969,2.527913238736801e-07,0.9999999403953552,0.0006360337138175964
66,-356.88476699925843,-193.98497034625598,125,-0.01034688949584961,0.0005,1,reinforce_hidden_size_low_seed1,-0.01034688949584961,-4.854202302340127e-07,1.0,0.000665508967358619
67,-138.80882075882494,-194.02975215173095,103,0.0006308555603027344,0.0005,1,reinforce_hidden_size_low_seed1,0.0006308555603027344,4.137604037168785e-08,0.9999999403953552,3.213371383026242e-05
68,-158.64297878249533,-194.9128597059069,96,0.0063323974609375,0.0005,1,reinforce_hidden_size_low_seed1,0.0063323974609375,4.991888999938965e-07,1.0,0.0005554588278755546
69,-71.96478668634293,-192.4651046715306,65,-0.0009533166885375977,0.0005,1,reinforce_hidden_size_low_seed1,-0.0009533166885375977,-1.650590206736524e-07,1.0,9.431323269382119e-05
70,-320.9140195392713,-195.09056532109264,93,0.0028564929962158203,0.0005,1,reinforce_hidden_size_low_seed1,0.0028564929962158203,2.4290494593515177e-07,0.9999999403953552,0.00012434741074685007
71,-196.16164050548417,-197.6694617053261,85,2.5510787963867188e-05,0.0005,1,reinforce_hidden_size_low_seed1,2.5510787963867188e-05,2.8049245148764612e-09,0.9999999403953552,1.7777520042727701e-06
72,-384.8786408750852,-205.10484465560074,116,0.002716064453125,0.0005,1,reinforce_hidden_size_low_seed1,0.002716064453125,1.4181794938394887e-07,0.9999999403953552,0.00015417793474625796
73,-98.90147373748775,-205.4150231760722,114,0.0036411285400390625,0.0005,1,reinforce_hidden_size_low_seed1,0.0036411285400390625,2.0103496467527293e-07,1.0,0.00024280174693558365
74,-146.94405573144704,-201.66895362597742,76,0.0007781982421875,0.0005,1,reinforce_hidden_size_low_seed1,0.0007781982421875,1.0038677089596604e-07,1.0,0.00011289505346212536
75,-341.34241426708047,-203.91512520000163,85,-0.0014295578002929688,0.0005,1,reinforce_hidden_size_low_seed1,-0.0014295578002929688,-1.4585607743811124e-07,1.0,0.0002054318756563589
76,-309.8804685980351,-200.65615270039297,79,-0.0022789835929870605,0.0005,1,reinforce_hidden_size_low_seed1,-0.0022789835929870605,-2.6859814283852756e-07,0.9999999403953552,0.00030509568750858307
77,-294.35448779068213,-204.94156105604347,111,-0.009088635444641113,0.0005,1,reinforce_hidden_size_low_seed1,-0.009088635444641113,-5.391266881815682e-07,1.0,0.0008390367147512734
78,-78.55495269207273,-199.07502754048036,59,-0.00024080276489257812,0.0005,1,reinforce_hidden_size_low_seed1,-0.00024080276489257812,-5.0512412030911946e-08,1.0,2.799208232318051e-05
79,-122.37245011792128,-199.2192489592673,73,-0.002537250518798828,0.0005,1,reinforce_hidden_size_low_seed1,-0.002537250518798828,-3.4129783443859196e-07,1.0,0.0001844928483478725
80,-437.8427940659971,-206.00541042084492,113,0.0031415224075317383,0.0005,1,reinforce_hidden_size_low_seed1,0.0031415224075317383,1.814513126419115e-07,0.9999999403953552,0.0004427392559591681
81,-141.47351182678022,-204.58206584875165,63,-0.014412879943847656,0.0005,1,reinforce_hidden_size_low_seed1,-0.014412879943847656,-2.5961135179386474e-06,0.9999999403953552,0.001313503016717732
82,-186.76334439416027,-204.35322946698423,80,3.0517578125e-05,0.0005,1,reinforce_hidden_size_low_seed1,3.0517578125e-05,2.9802322831784522e-09,1.0,2.422502575427643e-06
83,-214.77845492385632,-206.80663882560762,78,0.0052032470703125,0.0005,1,reinforce_hidden_size_low_seed1,0.0052032470703125,6.235562750589452e-07,1.0,0.00042809275328181684
84,-334.90786033119554,-211.52070843188574,98,-0.001224517822265625,0.0005,1,reinforce_hidden_size_low_seed1,-0.001224517822265625,-9.06233879049978e-08,1.0,7.326397462747991e-05
85,-134.42574864559572,-209.8796629363104,85,0.004795074462890625,0.0005,1,reinforce_hidden_size_low_seed1,0.004795074462890625,4.880568553744524e-07,1.0,0.00029068122967146337
86,-62.16667952610881,-208.89729823910363,65,0.00019741058349609375,0.0005,1,reinforce_hidden_size_low_seed1,0.00019741058349609375,3.667978276666872e-08,0.9999999403953552,2.045956534857396e-05
87,-127.70155646441913,-207.45070235402224,68,-0.0034942626953125,0.0005,1,reinforce_hidden_size_low_seed1,-0.0034942626953125,-5.224171673035016e-07,1.0,0.00043228425784036517
88,-103.81248811645514,-207.13095566106654,72,-0.0004425048828125,0.0005,1,reinforce_hidden_size_low_seed1,-0.0004425048828125,-6.291601550856285e-08,1.0,5.352067819330841e-05
89,-97.28496713420827,-208.26190339951688,99,0.001305699348449707,0.0005,1,reinforce_hidden_size_low_seed1,0.001305699348449707,9.452453753056034e-08,0.9999999403953552,0.00010364629997638986
90,-237.04274348811813,-205.42884359267157,80,2.288818359375e-05,0.0005,1,reinforce_hidden_size_low_seed1,2.288818359375e-05,2.2351742678949904e-09,1.0,4.346756668383023e-06
91,-373.1081104941094,-209.8167986558476,87,0.0021734237670898438,0.0005,1,reinforce_hidden_size_low_seed1,0.0021734237670898438,2.2060569904169824e-07,1.0,0.0003316611109767109
92,-234.65079739367596,-211.2536414543069,92,0.000553131103515625,0.0005,1,reinforce_hidden_size_low_seed1,0.000553131103515625,4.794286567744166e-08,1.0,4.609157258528285e-05
93,9.388710725075626,-205.0632076706298,75,-0.00014650821685791016,0.0005,1,reinforce_hidden_size_low_seed1,-0.00014650821685791016,-2.543131571997037e-08,1.0,1.815346331568435e-05
94,-205.93901982804678,-204.54599327709693,98,0.003574371337890625,0.0005,1,reinforce_hidden_size_low_seed1,0.003574371337890625,2.6882912607106846e-07,1.0,0.00022359455761034042
95,-356.515616107845,-210.0582338298191,75,-0.0008039474487304688,0.0005,1,reinforce_hidden_size_low_seed1,-0.0008039474487304688,-1.0172526287988148e-07,1.0,6.659034261247143e-05
96,-436.4005396311769,-211.2955591823915,117,0.012314558029174805,0.0005,1,reinforce_hidden_size_low_seed1,0.012314558029174805,6.561605232491274e-07,1.0,0.000687755411490798
97,-257.97567013255673,-213.8065254907575,73,-0.0013844966888427734,0.0005,1,reinforce_hidden_size_low_seed1,-0.0013844966888427734,-1.9106145998648572e-07,1.0,0.0002546532195992768
98,-120.42081467277207,-209.5331042273825,85,0.001242518424987793,0.0005,1,reinforce_hidden_size_low_seed1,0.001242518424987793,1.244685279289115e-07,1.0,5.625966878142208e-05
99,-132.62913824708568,-210.6618656937324,102,0.0038423538208007812,0.0005,1,reinforce_hidden_size_low_seed1,0.0038423538208007812,2.6179296241934935e-07,1.0,0.00046177866170182824
100,-77.66533342743719,-206.06207819801975,67,0.0005679130554199219,0.0005,1,reinforce_hidden_size_low_seed1,0.0005679130554199219,8.89621531996454e-08,1.0,0.00010952218144666404
101,-139.96110617549868,-208.33722810112448,82,0.006389617919921875,0.0005,1,reinforce_hidden_size_low_seed1,0.006389617919921875,6.992642624936707e-07,0.9999999403953552,0.0005600893637165427
102,-549.8220012026115,-217.39834128884036,126,0.0071125030517578125,0.0005,1,reinforce_hidden_size_low_seed1,0.0071125030517578125,3.3019080092344666e-07,1.0,0.0010706818429753184
103,-141.15597870438816,-218.46169586172954,115,0.005501985549926758,0.0005,1,reinforce_hidden_size_low_seed1,0.005501985549926758,3.000964170496445e-07,0.9999999403953552,0.000197913745068945
104,-285.5166550678513,-217.58093974362734,77,0.004054605960845947,0.0005,1,reinforce_hidden_size_low_seed1,0.004054605960845947,4.923188612337981e-07,1.0,0.0007108713034540415
105,-165.58656635197713,-219.15902670958644,69,0.002682030200958252,0.0005,1,reinforce_hidden_size_low_seed1,0.002682030200958252,4.206878543300263e-07,0.9999999403953552,0.0004710990178864449
106,-248.85902212591768,-219.79326192086893,63,0.002248525619506836,0.0005,1,reinforce_hidden_size_low_seed1,0.002248525619506836,4.0587923422208405e-07,1.0,0.00022153074678499252
107,-152.56641255706708,-218.12587772642084,71,0.003095388412475586,0.0005,1,reinforce_hidden_size_low_seed1,0.003095388412475586,4.499731005580543e-07,1.0,0.00038904041866771877
108,-138.81853517094027,-214.71895764960308,66,0.0010738372802734375,0.0005,1,reinforce_hidden_size_low_seed1,0.0010738372802734375,1.8242633359477622e-07,1.0,0.00017787227989174426
109,-464.5444655706933,-217.5081954102095,97,0.0038318634033203125,0.0005,1,reinforce_hidden_size_low_seed1,0.0038318634033203125,2.961797918032971e-07,1.0,0.00037803692976012826
110,-383.14833939047986,-216.92222829768485,98,0.0036182403564453125,0.0005,1,reinforce_hidden_size_low_seed1,0.0036182403564453125,2.8099333349018707e-07,1.0,0.00040074432035908103
111,-218.26896285890237,-219.11344626364757,126,-0.0070953369140625,0.0005,1,reinforce_hidden_size_low_seed1,-0.0070953369140625,-3.2782554626464844e-07,1.0,0.0006889777141623199
112,-127.36002976763893,-217.38571837265658,66,-0.0043239593505859375,0.0005,1,reinforce_hidden_size_low_seed1,-0.0043239593505859375,-7.251898637150589e-07,1.0,0.00014403263048734516
113,-91.15393645608036,-217.04942668875293,73,-0.0028874874114990234,0.0005,1,reinforce_hidden_size_low_seed1,-0.0028874874114990234,-3.878384404742974e-07,1.0,0.0002736162568908185
114,-107.23233256619196,-216.46916594747697,67,-0.00319671630859375,0.0005,1,reinforce_hidden_size_low_seed1,-0.00319671630859375,-5.230974693404278e-07,1.0,0.00023659845464862883
115,-453.55121809820065,-219.04535994544906,119,-0.00558161735534668,0.0005,1,reinforce_hidden_size_low_seed1,-0.00558161735534668,-2.8049245770489506e-07,0.9999999403953552,0.0008534096996299922
116,-429.1327369807558,-220.490319345079,86,-0.0001926422119140625,0.0005,1,reinforce_hidden_size_low_seed1,-0.0001926422119140625,-1.7326931001093726e-08,1.0,1.642432289372664e-05
117,-111.71288240964016,-219.94840057809532,86,0.00281524658203125,0.0005,1,reinforce_hidden_size_low_seed1,0.00281524658203125,2.6510204520491243e-07,1.0,0.00010292479419149458
118,-326.3444630710653,-223.3024302638667,86,-0.0023040771484375,0.0005,1,reinforce_hidden_size_low_seed1,-0.0023040771484375,-2.4119088948282297e-07,1.0,0.0003369213081896305
119,-151.75230403787504,-224.89818061089736,71,-0.009491920471191406,0.0005,1,reinforce_hidden_size_low_seed1,-0.009491920471191406,-1.370067366224248e-06,1.0,0.0011276811128482223
120,-297.16227166157074,-224.42314565334334,109,-0.006224274635314941,0.0005,1,reinforce_hidden_size_low_seed1,-0.006224274635314941,-3.767669625176495e-07,1.0,0.0005414161714725196
121,-77.9589361398405,-222.05909156603047,67,-0.0017502307891845703,0.0005,1,reinforce_hidden_size_low_seed1,-0.0017502307891845703,-2.846788902388653e-07,1.0,0.00010320178262190893
122,-95.03230958960043,-216.26216494032076,68,-0.00335693359375,0.0005,1,reinforce_hidden_size_low_seed1,-0.00335693359375,-5.224171673035016e-07,1.0,0.0003502751642372459
123,-116.75063315000085,-216.61914812857103,71,0.001122117042541504,0.0005,1,reinforce_hidden_size_low_seed1,0.001122117042541504,1.7377692529407796e-07,1.0,0.00016481379861943424
124,-119.16500058586648,-216.06356702565944,107,0.01787281036376953,0.0005,1,reinforce_hidden_size_low_seed1,0.01787281036376953,1.1168907576575293e-06,1.0,0.0021390083711594343
125,-319.11986385475217,-215.61911601741286,93,0.005588531494140625,0.0005,1,reinforce_hidden_size_low_seed1,0.005588531494140625,4.611348458638531e-07,1.0,0.0007643787539564073
126,-101.51701511821727,-211.45184694781648,85,0.0005598068237304688,0.0005,1,reinforce_hidden_size_low_seed1,0.0005598068237304688,5.189110297010302e-08,1.0,2.8848146030213684e-05
127,-191.41879887881015,-209.39313316957904,93,-0.0038690567016601562,0.0005,1,reinforce_hidden_size_low_seed1,-0.0038690567016601562,-3.243005437525426e-07,1.0,0.00047439642366953194
128,-364.8557045219724,-215.11914820617704,91,0.0010287761688232422,0.0005,1,reinforce_hidden_size_low_seed1,0.0010287761688232422,9.235444764499334e-08,1.0,6.369630864355713e-05
129,-106.87100122795785,-214.8091192283778,71,-0.0011248588562011719,0.0005,1,reinforce_hidden_size_low_seed1,-0.0011248588562011719,-1.637028930190354e-07,1.0,0.00012355917715467513
130,-82.00662063506265,-207.69239575975908,73,0.0019516944885253906,0.0005,1,reinforce_hidden_size_low_seed1,0.0019516944885253906,2.645466565809329e-07,1.0,0.0002026518777711317
131,-358.1823808443507,-212.0265731401105,112,0.00390625,0.0005,1,reinforce_hidden_size_low_seed1,0.00390625,2.2883925510086556e-07,0.9999999403953552,0.0005056402296759188
132,-348.4334989133662,-215.2599762304946,89,0.004139423370361328,0.0005,1,reinforce_hidden_size_low_seed1,0.004139423370361328,3.743707566172816e-07,1.0,0.00029488911968655884
133,-333.6676561300469,-217.63776025461846,69,3.4689903259277344e-05,0.0005,1,reinforce_hidden_size_low_seed1,3.4689903259277344e-05,0.0,1.0,0.0
134,-433.208319783589,-219.60376944366632,100,0.00568389892578125,0.0005,1,reinforce_hidden_size_low_seed1,0.00568389892578125,4.076957793586189e-07,1.0,0.0007190807373262942
135,-345.8269012001617,-223.83179249475762,97,-0.0024275779724121094,0.0005,1,reinforce_hidden_size_low_seed1,-0.0024275779724121094,-1.8680218261124537e-07,1.0,0.0002419081429252401
136,-99.553242985173,-224.57952376393894,86,-0.0004100799560546875,0.0005,1,reinforce_hidden_size_low_seed1,-0.0004100799560546875,-4.019848276470839e-08,1.0,3.1534978916170076e-05
137,-47.05995144816696,-222.96669166361386,79,0.00049591064453125,0.0005,1,reinforce_hidden_size_low_seed1,0.00049591064453125,4.979628442924877e-08,1.0,4.9807851610239595e-05
138,-405.8862284662239,-229.00816647060924,113,-0.0013835430145263672,0.0005,1,reinforce_hidden_size_low_seed1,-0.0013835430145263672,-7.964868586896046e-08,1.0,0.00015570655523333699
139,-146.72057893413898,-229.99687870660784,72,-0.001312255859375,0.0005,1,reinforce_hidden_size_low_seed1,-0.001312255859375,-1.8874804652568855e-07,1.0,0.00012139648606535047
140,-427.026048803773,-233.79654481292096,95,0.002285480499267578,0.0005,1,reinforce_hidden_size_low_seed1,0.002285480499267578,2.0453803983855323e-07,1.0,0.0001887398975668475
141,-430.5922386769696,-234.94622737657818,99,-0.0066901445388793945,0.0005,1,reinforce_hidden_size_low_seed1,-0.0066901445388793945,-4.924909262626898e-07,0.9999999403953552,0.00048264680663123727
142,-126.73902191663494,-232.78799186703733,114,0.0120086669921875,0.0005,1,reinforce_hidden_size_low_seed1,0.0120086669921875,6.634938358729414e-07,1.0,0.0010097073391079903
143,-337.9427644340015,-239.7346213702189,97,-0.0033979415893554688,0.0005,1,reinforce_hidden_size_low_seed1,-0.0033979415893554688,-2.531661209559388e-07,1.0,0.0003712771867867559
144,-399.61475976787676,-243.6081361690155,96,0.0073394775390625,0.0005,1,reinforce_hidden_size_low_seed1,0.0073394775390625,5.848705768585205e-07,1.0,0.0004596452636178583
145,-299.73063561177406,-242.47243655909406,87,-0.006280422210693359,0.0005,1,reinforce_hidden_size_low_seed1,-0.006280422210693359,-6.008422133163549e-07,0.9999999403953552,0.0004339960578363389
146,-171.8582482675428,-237.1815907318214,56,0.000244140625,0.0005,1,reinforce_hidden_size_low_seed1,0.000244140625,5.21540641784668e-08,1.0,2.553058038756717e-05
147,-92.27035196615311,-233.8674843684933,76,-0.0006561279296875,0.0005,1,reinforce_hidden_size_low_seed1,-0.0006561279296875,-9.568113767954856e-08,1.0,6.0852995375171304e-05
148,-126.02114082070167,-233.9794908914519,90,0.0009632110595703125,0.0005,1,reinforce_hidden_size_low_seed1,0.0009632110595703125,8.278422569674149e-08,1.0,8.660322782816365e-05
149,-149.13427498949352,-234.30959362630006,98,0.04058074951171875,0.0005,1,reinforce_hidden_size_low_seed1,0.04058074951171875,3.0617325137427542e-06,1.0,0.0026418829802423716
150,-325.8134307331214,-239.27255557241372,79,-0.0002512931823730469,0.0005,1,reinforce_hidden_size_low_seed1,-0.0002512931823730469,-2.33891643830475e-08,1.0,2.5412220566067845e-05
151,-218.0194509551387,-240.83372246800653,120,-0.00555419921875,0.0005,1,reinforce_hidden_size_low_seed1,-0.00555419921875,-2.8063854529136734e-07,1.0,0.00035544592537917197
152,-359.65499372153556,-237.03038231838502,104,-0.00390625,0.0005,1,reinforce_hidden_size_low_seed1,-0.00390625,-2.579047020390135e-07,1.0,0.00028375364490784705
153,-170.28176039962253,-237.6128979522897,83,0.0004131793975830078,0.0005,1,reinforce_hidden_size_low_seed1,0.0004131793975830078,4.5242078527962803e-08,1.0,5.303944635670632e-05
154,-111.60480114077816,-234.13466087374826,70,0.0014934539794921875,0.0005,1,reinforce_hidden_size_low_seed1,0.0014934539794921875,2.2053718851111626e-07,1.0,0.0001499640493420884
155,-267.68184322670356,-236.1765664112428,116,0.027679443359375,0.0005,1,reinforce_hidden_size_low_seed1,0.027679443359375,1.4911437347109313e-06,0.9999999403953552,0.0020160055719316006
156,-307.5876460090685,-237.35113888890578,128,-0.003875732421875,0.0005,1,reinforce_hidden_size_low_seed1,-0.003875732421875,-1.695007085800171e-07,1.0,0.0002724473597481847
157,-76.88708494992079,-235.83755233676285,66,-0.0012989044189453125,0.0005,1,reinforce_hidden_size_low_seed1,-0.0012989044189453125,-2.1042245634816936e-07,1.0,8.126224565785378e-05
158,-300.04713806634754,-239.062124394671,83,0.005267977714538574,0.0005,1,reinforce_hidden_size_low_seed1,0.005267977714538574,5.61576314339618e-07,1.0,0.0010260838316753507
159,-148.86614065066578,-232.74855789627046,102,0.01540374755859375,0.0005,1,reinforce_hidden_size_low_seed1,0.01540374755859375,1.0687930398489698e-06,1.0,0.0014788965927436948
160,-179.24331166788517,-228.67045734181855,91,-0.002903580665588379,0.0005,1,reinforce_hidden_size_low_seed1,-0.002903580665588379,-2.4889851601983537e-07,0.9999999403953552,0.00022081217321101576
161,-403.1215611409833,-232.36750930746018,105,-0.006495118141174316,0.0005,1,reinforce_hidden_size_low_seed1,-0.006495118141174316,-4.2915343101412873e-07,1.0,0.0005739349289797246
162,-72.60883639715074,-231.27248544005042,91,-0.0006885528564453125,0.0005,1,reinforce_hidden_size_low_seed1,-0.0006885528564453125,-5.763965660321446e-08,1.0,9.04865373740904e-05
163,-268.3052205710592,-234.81551112235,99,0.01591944694519043,0.0005,1,reinforce_hidden_size_low_seed1,0.01591944694519043,1.155968902821769e-06,1.0,0.0017287060618400574
164,-104.79736032104546,-234.76681167744707,103,0.002056121826171875,0.0005,1,reinforce_hidden_size_low_seed1,0.002056121826171875,1.307830075347738e-07,1.0,0.00016096708714030683
165,-278.6120274537124,-231.2680278645573,93,0.0020914077758789062,0.0005,1,reinforce_hidden_size_low_seed1,0.0020914077758789062,1.8778668220420514e-07,1.0,0.00021239278430584818
166,-89.51483233101995,-224.47566977156256,64,-0.0006561279296875,0.0005,1,reinforce_hidden_size_low_seed1,-0.0006561279296875,-1.043081283569336e-07,1.0,6.171895074658096e-05
167,-510.5225840907023,-232.45186380518382,88,0.0030975341796875,0.0005,1,reinforce_hidden_size_low_seed1,0.0030975341796875,2.8989532552259334e-07,1.0,0.0003889241488650441
168,-131.3093611440008,-228.55116176664254,86,0.00024175643920898438,0.0005,1,reinforce_hidden_size_low_seed1,0.00024175643920898438,2.4950780996846333e-08,1.0,1.2402590073179454e-05
169,-106.75196762294347,-227.6511550383439,75,0.005004286766052246,0.0005,1,reinforce_hidden_size_low_seed1,0.005004286766052246,6.381670800692518e-07,1.0,0.00040020185406319797
170,-318.0397745775635,-228.06870509666376,102,0.00045013427734375,0.0005,1,reinforce_hidden_size_low_seed1,0.00045013427734375,2.2790011655615672e-08,1.0,3.0493223675875925e-05
171,-95.30420538923788,-228.4156104816517,74,0.001247406005859375,0.0005,1,reinforce_hidden_size_low_seed1,0.001247406005859375,1.6673190827987128e-07,1.0,0.00010651496995706111
172,-146.06687517245985,-229.43630179330887,61,0.0027103424072265625,0.0005,1,reinforce_hidden_size_low_seed1,0.0027103424072265625,5.002881380278268e-07,0.9999999403953552,0.0003226774279028177
173,-141.27958233658043,-229.9268807770405,90,0.0002079010009765625,0.0005,1,reinforce_hidden_size_low_seed1,0.0002079010009765625,2.317958447406454e-08,1.0,3.765296787605621e-05
174,-164.12708107793077,-230.82612238688176,117,-0.0026161670684814453,0.0005,1,reinforce_hidden_size_low_seed1,-0.0026161670684814453,-1.370397342270735e-07,1.0,0.00022023197379894555
175,-65.40847386085082,-225.75189458700373,65,0.00026988983154296875,0.0005,1,reinforce_hidden_size_low_seed1,0.00026988983154296875,3.667978276666872e-08,1.0,1.21904922707472e-05
176,-156.38433796040366,-226.84924104384746,83,-0.0027704238891601562,0.0005,1,reinforce_hidden_size_low_seed1,-0.0027704238891601562,-2.8437878540898964e-07,1.0,0.00022771059593651444
177,-273.87954180176155,-228.4984559023065,145,-0.0006271004676818848,0.0005,1,reinforce_hidden_size_low_seed1,-0.0006271004676818848,-2.5691656801996032e-08,1.0,5.588699787040241e-05
178,-125.78033072160574,-223.71694842629915,72,0.00494384765625,0.0005,1,reinforce_hidden_size_low_seed1,0.00494384765625,6.953875413273636e-07,1.0,0.00034473996493034065
179,-87.736609669329,-223.33426059512658,110,-0.0018100738525390625,0.0005,1,reinforce_hidden_size_low_seed1,-0.0018100738525390625,-1.0945580442012215e-07,1.0,7.48123275116086e-05
180,-323.85530300719915,-228.17123424256934,105,0.008140623569488525,0.0005,1,reinforce_hidden_size_low_seed1,0.008140623569488525,5.370094413592597e-07,1.0,0.0006009115022607148
181,-152.32205284195118,-224.05402768252134,108,0.003665924072265625,0.0005,1,reinforce_hidden_size_low_seed1,0.003665924072265625,2.290363596557654e-07,1.0,0.0003151745768263936
182,-171.861347035548,-220.52258464496495,117,0.005407214164733887,0.0005,1,reinforce_hidden_size_low_seed1,0.005407214164733887,2.8681552066700533e-07,1.0,0.00039574119728058577
183,-252.31685960223874,-218.8955687144088,80,-0.005401611328125,0.0005,1,reinforce_hidden_size_low_seed1,-0.005401611328125,-6.079673653403006e-07,1.0,0.0006252461462281644
184,-205.11952245536332,-214.33379276784427,72,0.00079345703125,0.0005,1,reinforce_hidden_size_low_seed1,0.00079345703125,1.043081283569336e-07,1.0,0.00018148994422517717
185,-246.61349425230003,-212.34952462888705,100,-0.000408172607421875,0.0005,1,reinforce_hidden_size_low_seed1,-0.000408172607421875,-2.5033950024067053e-08,1.0,4.282656664145179e-05
186,-164.19029447382005,-213.64226565866,130,-0.0007915496826171875,0.0005,1,reinforce_hidden_size_low_seed1,-0.0007915496826171875,-3.5992034241871806e-08,1.0,6.942653999431059e-05
187,-215.63241896465132,-217.01371500898966,117,-0.000821232795715332,0.0005,1,reinforce_hidden_size_low_seed1,-0.000821232795715332,-4.686861032610068e-08,1.0,0.00010079386993311346
188,-121.84492897742703,-211.33288901921375,74,0.0040721893310546875,0.0005,1,reinforce_hidden_size_low_seed1,0.0040721893310546875,5.352335961106292e-07,1.0,0.000292246782919392
189,-102.83357751334181,-210.4551489907978,106,0.00408935546875,0.0005,1,reinforce_hidden_size_low_seed1,0.00408935546875,2.5641242018537014e-07,1.0,0.0005017578951083124
190,-95.44240269039425,-203.82347606853023,126,-0.005718231201171875,0.0005,1,reinforce_hidden_size_low_seed1,-0.005718231201171875,-2.549754185565689e-07,0.9999999403953552,0.00020032009342685342
191,-100.84505388891958,-197.22853237276922,63,-0.000885009765625,0.0005,1,reinforce_hidden_size_low_seed1,-0.000885009765625,-1.5705350620009995e-07,0.9999999403953552,0.00010060996282845736
192,-364.7666524812404,-201.98908498406135,94,0.00878143310546875,0.0005,1,reinforce_hidden_size_low_seed1,0.00878143310546875,7.3301032443851e-07,1.0,0.0005873290356248617
193,-305.64632390350437,-201.34315617345138,90,-0.0054759979248046875,0.0005,1,reinforce_hidden_size_low_seed1,-0.0054759979248046875,-4.980299195267435e-07,1.0,0.0005443549016490579
194,-255.53570128369884,-198.46157500376782,106,0.001483917236328125,0.0005,1,reinforce_hidden_size_low_seed1,0.001483917236328125,9.671697398516699e-08,1.0,0.00010088815179187804
195,-252.4637063332151,-197.51623641819663,102,-0.0054683685302734375,0.0005,1,reinforce_hidden_size_low_seed1,-0.0054683685302734375,-3.7165250432735775e-07,1.0,0.00044159762910567224
196,-288.50463478883796,-199.84916414862255,74,-8.58306884765625e-06,0.0005,1,reinforce_hidden_size_low_seed1,-8.58306884765625e-06,-2.416404409899542e-09,1.0,2.6947775495500537e-06
197,-141.06167501789352,-200.82499060965736,125,0.0034651756286621094,0.0005,1,reinforce_hidden_size_low_seed1,0.0034651756286621094,1.5544891596164234e-07,1.0,0.0002235021529486403
198,-247.12224658392734,-203.2470127249219,121,-0.0019376277923583984,0.0005,1,reinforce_hidden_size_low_seed1,-0.0019376277923583984,-9.704227466045268e-08,1.0,0.0001266492618015036
199,-284.42873370714597,-205.9529018992749,94,-0.01059722900390625,0.0005,1,reinforce_hidden_size_low_seed1,-0.01059722900390625,-8.490491154589108e-07,1.0,0.0007799166487529874
200,-237.497856359847,-204.18659041180945,70,-0.0018630027770996094,0.0005,1,reinforce_hidden_size_low_seed1,-0.0018630027770996094,-2.775873326754663e-07,1.0,0.0003162928333040327
201,-208.8397197829571,-204.0029957883658,96,0.00396728515625,0.0005,1,reinforce_hidden_size_low_seed1,0.00396728515625,3.073364496231079e-07,1.0,0.0005898360395804048
202,-231.57514781980254,-201.44139887033114,95,0.0004968643188476562,0.0005,1,reinforce_hidden_size_low_seed1,0.0004968643188476562,3.952728988565468e-08,1.0,7.769496005494148e-05
203,-167.03835357070793,-201.37653073375284,70,0.006870269775390625,0.0005,1,reinforce_hidden_size_low_seed1,0.006870269775390625,1.008169988381269e-06,0.9999999403953552,0.0003577303432393819
204,-209.50584852606846,-203.33455168145866,134,0.001514434814453125,0.0005,1,reinforce_hidden_size_low_seed1,0.001514434814453125,5.960464477539063e-08,0.9999999403953552,8.362998778466135e-05
205,-155.01635189977316,-201.08124185492005,63,0.004385471343994141,0.0005,1,reinforce_hidden_size_low_seed1,0.004385471343994141,8.032435516724945e-07,1.0,0.00028998329071328044
206,-97.41896243177395,-196.87786818337415,108,-0.0058441162109375,0.0005,1,reinforce_hidden_size_low_seed1,-0.0058441162109375,-3.6066327879780147e-07,1.0,0.000650350411888212
207,-212.03315992213734,-199.5807896828185,71,-0.004309892654418945,0.0005,1,reinforce_hidden_size_low_seed1,-0.004309892654418945,-6.077994498809858e-07,1.0,0.0003539425088092685
208,-200.4373124282155,-197.58859317005587,76,-0.002986907958984375,0.0005,1,reinforce_hidden_size_low_seed1,-0.002986907958984375,-3.6547058357427886e-07,1.0,0.00028826415655203164
209,-291.09241144774626,-200.43311858599748,102,-0.011478424072265625,0.0005,1,reinforce_hidden_size_low_seed1,-0.011478424072265625,-7.865475595281168e-07,1.0,0.001957380212843418
210,-400.99230076062724,-204.8680983678523,94,0.0072174072265625,0.0005,1,reinforce_hidden_size_low_seed1,0.0072174072265625,5.782918606200838e-07,1.0,0.001114189624786377
211,-131.23912850629895,-199.4304497151586,85,7.939338684082031e-05,0.0005,1,reinforce_hidden_size_low_seed1,7.939338684082031e-05,2.8049245148764612e-09,1.0,3.106710892097908e-06
212,-177.35865254674974,-201.5254460381506,80,-0.0071430206298828125,0.0005,1,reinforce_hidden_size_low_seed1,-0.0071430206298828125,-8.158385753631592e-07,1.0,0.0007519386126659811
213,-119.71791015405823,-198.55369982981057,88,-0.0120849609375,0.0005,1,reinforce_hidden_size_low_seed1,-0.0120849609375,-1.1379069064787473e-06,1.0,0.0013350674416869879
214,-491.5854296826394,-206.28946121704246,104,0.009002685546875,0.0005,1,reinforce_hidden_size_low_seed1,0.009002685546875,6.017776854605472e-07,1.0,0.0015157751040533185
215,-143.18387287682108,-203.58089812550463,89,0.0006482601165771484,0.0005,1,reinforce_hidden_size_low_seed1,0.0006482601165771484,5.960464477539063e-08,1.0,6.788064638385549e-05
216,-119.23231439896824,-204.1752477668636,122,-0.00750732421875,0.0005,1,reinforce_hidden_size_low_seed1,-0.00750732421875,-3.673991102459695e-07,0.9999999403953552,0.00039790396112948656
217,-386.04611855381614,-201.68571845612587,112,-0.0003509521484375,0.0005,1,reinforce_hidden_size_low_seed1,-0.0003509521484375,-2.0223003716068888e-08,1.0,2.3632192096556537e-05
218,-104.4099386158544,-201.14773000556295,107,-0.0009338855743408203,0.0005,1,reinforce_hidden_size_low_seed1,-0.0009338855743408203,-6.517517192605737e-08,1.0,9.075591515284032e-05
219,-130.62493951335756,-201.62518944337123,69,0.004002690315246582,0.0005,1,reinforce_hidden_size_low_seed1,0.004002690315246582,6.042528752914222e-07,1.0,0.0002643355983309448
220,0.05210220023298007,-195.2633519078153,88,9.1552734375e-05,0.0005,1,reinforce_hidden_size_low_seed1,9.1552734375e-05,1.3546510579942606e-08,1.0,7.015502433205256e-06
221,-109.19615762909467,-195.54119095261245,64,0.004302978515625,0.0005,1,reinforce_hidden_size_low_seed1,0.004302978515625,7.338821887969971e-07,1.0,0.0006373011856339872
222,-138.41265960240924,-195.3881066412114,95,-0.006247997283935547,0.0005,1,reinforce_hidden_size_low_seed1,-0.006247997283935547,-4.98169356433209e-07,1.0,0.00024172522535081953
223,-16.28665092069599,-192.88824801289374,110,0.000102996826171875,0.0005,1,reinforce_hidden_size_low_seed1,0.000102996826171875,3.2511624503683834e-09,1.0,5.6692897487664595e-06
224,-102.82986011235258,-191.66230359358218,116,0.002025604248046875,0.0005,1,reinforce_hidden_size_low_seed1,0.002025604248046875,1.061065475482792e-07,1.0,0.00014108781761024147
225,-109.5730943289852,-192.54559600294485,73,-0.003880023956298828,0.0005,1,reinforce_hidden_size_low_seed1,-0.003880023956298828,-5.241942631073471e-07,1.0,0.00040881402674131095
226,-82.25528092681942,-191.06301486227315,77,0.003785252571105957,0.0005,1,reinforce_hidden_size_low_seed1,0.003785252571105957,4.70644465622172e-07,1.0,0.00016065624367911369
227,-93.62350140837168,-187.45789405440536,62,0.0008182525634765625,0.0005,1,reinforce_hidden_size_low_seed1,0.0008182525634765625,1.403593188342711e-07,1.0,6.751433829776943e-05
228,-256.80627712882864,-190.07841298254982,106,0.002834320068359375,0.0005,1,reinforce_hidden_size_low_seed1,0.002834320068359375,1.855616318380271e-07,1.0,0.0003566754166968167
229,-116.6635724234841,-190.65695223763294,85,0.0004918575286865234,0.0005,1,reinforce_hidden_size_low_seed1,0.0004918575286865234,4.207386794519152e-08,0.9999999403953552,3.819631820078939e-05
230,-152.77041292373784,-187.23525443596372,71,0.0006270408630371094,0.0005,1,reinforce_hidden_size_low_seed1,0.0006270408630371094,8.73082086627619e-08,1.0,3.615232708398253e-05
231,-215.18931371374586,-188.4925996533996,112,-0.00487518310546875,0.0005,1,reinforce_hidden_size_low_seed1,-0.00487518310546875,-2.857829883851082e-07,1.0,0.0003859400167129934
232,-90.56388802489329,-186.8666504731865,99,0.0023331642150878906,0.0005,1,reinforce_hidden_size_low_seed1,0.0023331642150878906,1.7339533542326535e-07,1.0,0.00020216278790030628
233,-156.70356003859393,-184.95438448191362,121,-0.017323970794677734,0.0005,1,reinforce_hidden_size_low_seed1,-0.017323970794677734,-8.521986387677316e-07,1.0,0.0017963505815714598
234,-92.54719450222898,-182.70293792285094,65,0.0032253265380859375,0.0005,1,reinforce_hidden_size_low_seed1,0.0032253265380859375,5.520307126971602e-07,1.0,0.00027413605130277574
235,-180.57679020386146,-181.38220384188216,67,0.01244652271270752,0.0005,1,reinforce_hidden_size_low_seed1,0.01244652271270752,2.0327852325863205e-06,1.0,0.0017748712562024593
236,-178.79196152806082,-181.67423718296698,84,-0.00829315185546875,0.0005,1,reinforce_hidden_size_low_seed1,-0.00829315185546875,-8.415607908318634e-07,1.0,0.0009468234493397176
237,-130.53187905418994,-179.97222638475773,99,0.004278302192687988,0.0005,1,reinforce_hidden_size_low_seed1,0.004278302192687988,3.1909556241771497e-07,1.0,0.00036085222382098436
238,-358.786242262004,-184.71105265044926,100,0.0045928955078125,0.0005,1,reinforce_hidden_size_low_seed1,0.0045928955078125,3.230571792300907e-07,1.0,0.00020720792235806584
239,-208.74797546386276,-186.82934060945968,87,0.0009185075759887695,0.0005,1,reinforce_hidden_size_low_seed1,0.0009185075759887695,8.289841701980549e-08,1.0,5.270933615975082e-05
240,-162.9481951336846,-188.17945645832552,112,-0.004833221435546875,0.0005,1,reinforce_hidden_size_low_seed1,-0.004833221435546875,-2.812594175338745e-07,0.9999999403953552,0.00029979029204696417
241,-309.56104820571534,-192.3537763446614,112,-0.01092529296875,0.0005,1,reinforce_hidden_size_low_seed1,-0.01092529296875,-6.364924729496124e-07,1.0,0.0012023602612316608
242,-306.46301382490026,-191.18770357153463,128,0.003265380859375,0.0005,1,reinforce_hidden_size_low_seed1,0.003265380859375,1.471489667892456e-07,1.0,0.0002994961687363684
243,-174.8323446291247,-188.57142398604702,146,-0.00142669677734375,0.0005,1,reinforce_hidden_size_low_seed1,-0.00142669677734375,-5.225612653703138e-08,1.0,6.0694292187690735e-05
244,-110.0375870819924,-185.6614617020129,72,6.103515625e-05,0.0005,1,reinforce_hidden_size_low_seed1,6.103515625e-05,9.934107758624577e-09,1.0,6.3041325120138936e-06
245,-87.28966163138895,-182.3579808079764,66,0.00039958953857421875,0.0005,1,reinforce_hidden_size_low_seed1,0.00039958953857421875,6.59263506008756e-08,1.0,2.536950159992557e-05
246,-242.97208611890312,-181.4473298345777,118,-0.0020265579223632812,0.0005,1,reinforce_hidden_size_low_seed1,-0.0020265579223632812,-1.0506581560321138e-07,1.0,0.00019712520588655025
247,-154.3995967764832,-181.71408826974948,62,0.0042209625244140625,0.0005,1,reinforce_hidden_size_low_seed1,0.0042209625244140625,7.998558544386469e-07,1.0,0.00032658607233315706
248,-222.79559493562198,-181.22755523678336,77,0.02005290985107422,0.0005,1,reinforce_hidden_size_low_seed1,0.02005290985107422,2.48172068495478e-06,1.0,0.001495620235800743
249,-137.73370998638006,-178.29365476236805,112,-0.005615234375,0.0005,1,reinforce_hidden_size_low_seed1,-0.005615234375,-3.235680594571022e-07,0.9999999403953552,0.0008155167452059686
250,-75.8686981175337,-175.06107159752176,62,-0.0009136199951171875,0.0005,1,reinforce_hidden_size_low_seed1,-0.0009136199951171875,-1.6391277313232422e-07,0.9999999403953552,5.864403283339925e-05
251,-188.5720312222753,-174.65571782630815,107,0.0019986629486083984,0.0005,1,reinforce_hidden_size_low_seed1,0.0019986629486083984,1.270080218773728e-07,1.0,6.803738506278023e-05
252,-246.00771390124967,-174.9443691479371,103,0.0034332275390625,0.0005,1,reinforce_hidden_size_low_seed1,0.0034332275390625,2.372612044609923e-07,1.0,0.0003872539091389626
253,-70.9321829681561,-173.02224573588606,70,-0.0019168853759765625,0.0005,1,reinforce_hidden_size_low_seed1,-0.0019168853759765625,-2.843993058831984e-07,1.0,0.00017657439457252622
254,-108.81174243805756,-171.00836361412584,75,0.002007722854614258,0.0005,1,reinforce_hidden_size_low_seed1,0.002007722854614258,2.646446262133395e-07,0.9999999403953552,0.00016083430091384798
255,-193.23801738867414,-171.77279692390385,127,-0.012284278869628906,0.0005,1,reinforce_hidden_size_low_seed1,-0.012284278869628906,-5.528683004740742e-07,1.0,0.0008449633023701608
256,-261.9635602833532,-175.06368888093544,91,-0.0007013678550720215,0.0005,1,reinforce_hidden_size_low_seed1,-0.0007013678550720215,-5.3709680258862136e-08,1.0,3.4898963349405676e-05
257,-134.92371004856733,-173.52149988346403,62,-0.00014495849609375,0.0005,1,reinforce_hidden_size_low_seed1,-0.00014495849609375,-3.268641890485924e-08,1.0,2.271415723953396e-05
258,-94.38050425783894,-171.40036372005653,105,-0.0028748512268066406,0.0005,1,reinforce_hidden_size_low_seed1,-0.0028748512268066406,-1.9414083851643227e-07,1.0,0.00034126645186915994
259,-95.59873302756341,-167.49049015165284,77,0.0034554004669189453,0.0005,1,reinforce_hidden_size_low_seed1,0.0034554004669189453,4.1103982084678137e-07,1.0,0.000199811503989622
260,-259.4522644133414,-164.65968942470715,104,0.00177764892578125,0.0005,1,reinforce_hidden_size_low_seed1,0.00177764892578125,1.2551362260637688e-07,1.0,0.00017062907863873988
261,-160.05616190422663,-165.2360300926657,103,0.006530046463012695,0.0005,1,reinforce_hidden_size_low_seed1,0.006530046463012695,4.4327336468086287e-07,1.0,0.00019145708938594908
262,-354.49330075854357,-168.77872305690155,112,0.00763702392578125,0.0005,1,reinforce_hidden_size_low_seed1,0.00763702392578125,4.5608197751789703e-07,0.9999999403953552,0.0010803374461829662
263,-113.35742231234622,-168.6515133000673,81,0.004045724868774414,0.0005,1,reinforce_hidden_size_low_seed1,0.004045724868774414,4.5328965825319756e-07,1.0,0.0002637063153088093
264,-227.4632494942796,-163.36906969630013,73,0.00838315486907959,0.0005,1,reinforce_hidden_size_low_seed1,0.00838315486907959,1.1406532394175883e-06,1.0,0.0005656611756421626
265,-265.8855046509062,-165.82310233178185,88,-0.0021820068359375,0.0005,1,reinforce_hidden_size_low_seed1,-0.0021820068359375,-2.1471218758506438e-07,1.0,0.00039283951628021896
266,-468.05601628783575,-172.7995763695592,100,-0.0043487548828125,0.0005,1,reinforce_hidden_size_low_seed1,-0.0043487548828125,-3.135204451609752e-07,1.0,0.0006250603473745286
267,-216.160367226257,-169.401861343008,87,-0.0006816387176513672,0.0005,1,reinforce_hidden_size_low_seed1,-0.0006816387176513672,-6.851108480532275e-08,1.0,5.518201942322776e-05
268,-522.593507564417,-177.76553272197924,105,0.0005515813827514648,0.0005,1,reinforce_hidden_size_low_seed1,0.0005515813827514648,3.803344128527897e-08,1.0,4.223017458571121e-05
269,-240.35360630580348,-179.96010605782817,63,0.0025038719177246094,0.0005,1,reinforce_hidden_size_low_seed1,0.0025038719177246094,4.6075336967987823e-07,1.0,0.00023599923588335514
270,-269.15541023397134,-185.34425630651225,65,4.5299530029296875e-05,0.0005,1,reinforce_hidden_size_low_seed1,4.5299530029296875e-05,1.4671912573760437e-08,0.9999999403953552,1.2737292308884207e-05
271,-107.28534871987597,-185.30604012832788,79,0.00011086463928222656,0.0005,1,reinforce_hidden_size_low_seed1,0.00011086463928222656,1.8107739307993143e-08,1.0,2.7128875444759615e-05
272,-385.26720331884735,-190.24313100265664,99,-0.0006282329559326172,0.0005,1,reinforce_hidden_size_low_seed1,-0.0006282329559326172,-4.214469839780577e-08,1.0,5.786350084235892e-05
273,-224.46736784336088,-194.40674534110994,98,0.009799957275390625,0.0005,1,reinforce_hidden_size_low_seed1,0.009799957275390625,7.468826765943959e-07,1.0,0.0007519970531575382
274,-138.18561410126676,-195.11386042088824,94,0.0004730224609375,0.0005,1,reinforce_hidden_size_low_seed1,0.0004730224609375,4.2484160189815157e-08,1.0,2.9155775337130763e-05
275,-159.5349695762372,-196.11309792583324,117,-0.0020693540573120117,0.0005,1,reinforce_hidden_size_low_seed1,-0.0020693540573120117,-1.0952989981660721e-07,1.0,0.00015432650980073959
276,-312.2134585172138,-200.71226147764116,90,-0.00250244140625,0.0005,1,reinforce_hidden_size_low_seed1,-0.00250244140625,-2.301401593740593e-07,1.0,0.0002429301239317283
277,-57.766744914639695,-199.99512634776653,110,-6.532669067382812e-05,0.0005,1,reinforce_hidden_size_low_seed1,-6.532669067382812e-05,-1.733953247651243e-08,1.0,2.6854175303014927e-05
278,-229.22010834996493,-199.44340297218926,82,0.0028984546661376953,0.0005,1,reinforce_hidden_size_low_seed1,0.0028984546661376953,3.220104645151878e-07,1.0,0.00034980045165866613
279,-163.6201089311545,-200.3825337023426,91,-0.008385539054870605,0.0005,1,reinforce_hidden_size_low_seed1,-0.008385539054870605,-7.244256607918942e-07,1.0,0.0010977828642353415
280,-321.2680813942454,-203.7524870717528,93,-0.004252195358276367,0.0005,1,reinforce_hidden_size_low_seed1,-0.004252195358276367,-3.6467787367655546e-07,1.0,0.0006578824250027537
281,-359.5410290169764,-206.6395213778174,97,-0.0028204917907714844,0.0005,1,reinforce_hidden_size_low_seed1,-0.0028204917907714844,-2.175262352466234e-07,1.0,0.00031558668706566095
282,-193.80648454724042,-208.70437330826434,71,0.001077890396118164,0.0005,1,reinforce_hidden_size_low_seed1,0.001077890396118164,1.52789368712547e-07,1.0,5.116220927448012e-05
283,-176.5768481853176,-209.1018390711988,114,0.013002395629882812,0.0005,1,reinforce_hidden_size_low_seed1,0.013002395629882812,7.257127094817406e-07,1.0,0.0009005790343508124
284,-585.5173214285759,-218.96124160972576,105,0.0015194416046142578,0.0005,1,reinforce_hidden_size_low_seed1,0.0015194416046142578,1.0501770475457306e-07,1.0,0.00037033556145615876
285,-111.50887355374981,-217.57988327672354,69,-0.0009462833404541016,0.0005,1,reinforce_hidden_size_low_seed1,-0.0009462833404541016,-1.32166817934376e-07,1.0,8.543326111976057e-05
286,-375.3252847974347,-221.510549742111,122,0.002759218215942383,0.0005,1,reinforce_hidden_size_low_seed1,0.002759218215942383,1.32889041992712e-07,1.0,0.0003444053581915796
287,-204.0294407254442,-222.98050097553607,83,0.005629777908325195,0.0005,1,reinforce_hidden_size_low_seed1,0.005629777908325195,5.960464477539062e-07,1.0,0.0004566978313960135
288,-488.32768572191844,-225.57132984473438,98,0.002017974853515625,0.0005,1,reinforce_hidden_size_low_seed1,0.002017974853515625,1.5083624305134435e-07,1.0,0.00027480156859382987
289,-90.38116437969146,-223.20399362305096,76,-0.0038909912109375,0.0005,1,reinforce_hidden_size_low_seed1,-0.0038909912109375,-4.972281999471306e-07,1.0,0.00043242034735158086
290,-247.54822863505967,-224.89599429307845,75,0.0015550851821899414,0.0005,1,reinforce_hidden_size_low_seed1,0.0015550851821899414,2.066294371161348e-07,0.9999999403953552,9.92047498584725e-05
291,-299.9649454664111,-224.70407223829235,102,0.0073223114013671875,0.0005,1,reinforce_hidden_size_low_seed1,0.0073223114013671875,5.341043447515403e-07,1.0,0.000704769161529839
292,-117.78123254582971,-220.93043661271093,96,0.00019073486328125,0.0005,1,reinforce_hidden_size_low_seed1,0.00019073486328125,1.614292521878724e-08,1.0,3.57550525222905e-05
293,-132.2416925287929,-220.07862357070434,86,0.00276947021484375,0.0005,1,reinforce_hidden_size_low_seed1,0.00276947021484375,2.709932118705183e-07,1.0,0.0003136862942483276
294,-256.0796314636457,-222.9994644583374,109,-0.003579258918762207,0.0005,1,reinforce_hidden_size_low_seed1,-0.003579258918762207,-2.1654531678905187e-07,1.0,0.0002020934334723279
295,-85.24495004344003,-222.95857022657842,71,0.0023484230041503906,0.0005,1,reinforce_hidden_size_low_seed1,0.0023484230041503906,3.257268019751791e-07,1.0,0.0004417634627316147
296,-119.79154003306111,-220.4949593048616,63,-0.0013341903686523438,0.0005,1,reinforce_hidden_size_low_seed1,-0.0013341903686523438,-2.611251090911537e-07,1.0,0.00013365407357923687
297,-132.3380817506472,-220.05372900434486,80,0.001068115234375,0.0005,1,reinforce_hidden_size_low_seed1,0.001068115234375,1.2516974834397843e-07,1.0,3.289719097665511e-05
298,-223.71361818517278,-220.07208946933588,89,0.0013769865036010742,0.0005,1,reinforce_hidden_size_low_seed1,0.0013769865036010742,1.312641586537211e-07,0.9999999403953552,0.0001814615970943123
299,-212.0247405788966,-221.5579100811862,103,-0.015883445739746094,0.0005,1,reinforce_hidden_size_low_seed1,-0.015883445739746094,-1.1133915904792957e-06,1.0,0.0017800818895921111
300,-202.32523178794156,-224.08704075459434,90,0.022977828979492188,0.0005,1,reinforce_hidden_size_low_seed1,0.022977828979492188,2.0649697489716345e-06,1.0,0.003835171926766634
301,-178.63899002476091,-223.88837993064408,61,0.0005080699920654297,0.0005,1,reinforce_hidden_size_low_seed1,0.0005080699920654297,1.0552953710885049e-07,1.0,8.461255492875353e-05
302,-208.26355928205663,-223.1334968382602,109,-0.002905726432800293,0.0005,1,reinforce_hidden_size_low_seed1,-0.002905726432800293,-1.7498611271093978e-07,0.9999999403953552,0.00018470581562723964
303,-206.67050858437,-225.8482633505845,57,0.0005846023559570312,0.0005,1,reinforce_hidden_size_low_seed1,0.0005846023559570312,1.3489471939465147e-07,1.0,0.00010779142030514777
304,-178.35481025050626,-227.23912470683345,61,-0.0040798187255859375,0.0005,1,reinforce_hidden_size_low_seed1,-0.0040798187255859375,-8.237166753133351e-07,1.0,0.0001122214671340771
305,-394.87967677067155,-231.27195789447342,82,0.0040857791900634766,0.0005,1,reinforce_hidden_size_low_seed1,0.0040857791900634766,4.375853279725561e-07,1.0,0.0005531030474230647
306,-72.6579648466626,-227.4858459857396,65,-0.000835418701171875,0.0005,1,reinforce_hidden_size_low_seed1,-0.000835418701171875,-1.2837924145969737e-07,1.0,8.899353997549042e-05
307,-127.4659021490011,-227.33668982774827,85,0.0010499954223632812,0.0005,1,reinforce_hidden_size_low_seed1,0.0010499954223632812,9.747112272862068e-08,0.9999999403953552,9.88753599813208e-05
308,-97.0684373522641,-227.39044848963675,90,-0.003192901611328125,0.0005,1,reinforce_hidden_size_low_seed1,-0.003192901611328125,-2.980232238769531e-07,1.0,0.00043904027552343905
309,-355.9071512906394,-232.5966168548983,85,-0.005209803581237793,0.0005,1,reinforce_hidden_size_low_seed1,-0.005209803581237793,-5.497652182384627e-07,1.0,0.0010383157059550285
310,-101.10005157529642,-229.42957259813738,71,-0.0022325515747070312,0.0005,1,reinforce_hidden_size_low_seed1,-0.0022325515747070312,-3.24047789490578e-07,1.0,9.729857265483588e-05
311,-134.82406334560596,-228.92493062696497,77,0.004319190979003906,0.0005,1,reinforce_hidden_size_low_seed1,0.004319190979003906,5.13993313688843e-07,1.0,0.0004762006865348667
312,-92.24928315736699,-223.68005027494146,135,0.0028738975524902344,0.0005,1,reinforce_hidden_size_low_seed1,0.0028738975524902344,1.1082048700927771e-07,1.0,0.00023002747911959887
313,-141.55790548655068,-224.24405993842552,114,0.00090789794921875,0.0005,1,reinforce_hidden_size_low_seed1,0.00090789794921875,4.810199527582881e-08,1.0,6.9186877226457e-05
314,-122.18419178316384,-222.13847878420322,71,-6.985664367675781e-05,0.0005,1,reinforce_hidden_size_low_seed1,-6.985664367675781e-05,-5.037012140718389e-09,1.0,6.598945219593588e-06
315,-279.5367618016444,-222.41150392721795,134,-0.003780364990234375,0.0005,1,reinforce_hidden_size_low_seed1,-0.003780364990234375,-1.5568377875752049e-07,1.0,0.0003336178488098085
316,-128.52469935333278,-215.62087758852792,88,0.008819580078125,0.0005,1,reinforce_hidden_size_low_seed1,0.008819580078125,8.236278290496557e-07,1.0,0.0005924415891058743
317,-370.86737950180026,-218.71501783403878,85,-6.031990051269531e-05,0.0005,1,reinforce_hidden_size_low_seed1,-6.031990051269531e-05,-4.908617956544958e-09,1.0,4.944269676343538e-06
318,-104.76825816430281,-210.3585128460365,75,0.0016123056411743164,0.0005,1,reinforce_hidden_size_low_seed1,0.0016123056411743164,2.0583470927704184e-07,1.0,0.00025092242867685854
319,11.866867615775305,-205.3141033676049,101,0.00012135505676269531,0.0005,1,reinforce_hidden_size_low_seed1,0.00012135505676269531,1.770434998604742e-08,1.0,3.37986130034551e-05
320,-83.77725977680151,-201.60654035846153,75,-0.0014271736145019531,0.0005,1,reinforce_hidden_size_low_seed1,-0.0014271736145019531,-1.76429750808893e-07,1.0,0.00010462840873515233
321,-93.01249573348686,-201.32108329873375,90,0.000934600830078125,0.0005,1,reinforce_hidden_size_low_seed1,0.000934600830078125,8.212195723444893e-08,1.0,7.444449875038117e-05
322,-173.7459777401894,-197.09065878716058,93,0.0013031959533691406,0.0005,1,reinforce_hidden_size_low_seed1,0.0013031959533691406,1.1536382515942023e-07,1.0,9.828719339566305e-05
323,-144.3918904955349,-195.48914924020406,103,-0.0023622512817382812,0.0005,1,reinforce_hidden_size_low_seed1,-0.0023622512817382812,-1.6492546706103894e-07,1.0,0.00013650953769683838
324,-486.61303990514205,-202.45769775628156,84,0.00415802001953125,0.0005,1,reinforce_hidden_size_low_seed1,0.00415802001953125,4.441965302248718e-07,1.0,0.0009218029445037246
325,-469.0171435734352,-208.64734123622554,87,1.2636184692382812e-05,0.0005,1,reinforce_hidden_size_low_seed1,1.2636184692382812e-05,8.22133028322014e-09,0.9999999403953552,2.0831233996432275e-05
326,-156.85592572102743,-205.5401905803018,101,-0.0013794898986816406,0.0005,1,reinforce_hidden_size_low_seed1,-0.0013794898986816406,-9.796406885698161e-08,1.0,0.00010850086982827634
327,-154.82030719933132,-207.48126182599563,98,-0.0047550201416015625,0.0005,1,reinforce_hidden_size_low_seed1,-0.0047550201416015625,-3.585401771033503e-07,1.0,0.0003770300536416471
328,-193.68270748413244,-206.770513808679,102,0.007758140563964844,0.0005,1,reinforce_hidden_size_low_seed1,0.007758140563964844,5.539725975722831e-07,0.9999999403953552,0.0002677050360944122
329,-372.5565859659593,-210.9492433493751,90,-0.0008087158203125,0.0005,1,reinforce_hidden_size_low_seed1,-0.0008087158203125,-6.688965470402763e-08,1.0,9.525223867967725e-05
330,-358.8492361851098,-211.70086644519236,77,0.004701852798461914,0.0005,1,reinforce_hidden_size_low_seed1,0.004701852798461914,5.805647447232332e-07,0.9999999403953552,0.0005143652088008821
331,-116.35186920568898,-206.83708324896662,93,-0.0029821395874023438,0.0005,1,reinforce_hidden_size_low_seed1,-0.0029821395874023438,-2.4739131276874105e-07,1.0,0.00018484184693079442
332,-100.07722108595402,-204.9624979797409,91,0.00013768672943115234,0.0005,1,reinforce_hidden_size_low_seed1,0.00013768672943115234,1.1134933863843344e-08,1.0,9.775020771485288e-06
333,-373.0591226638505,-208.89214346931155,97,-0.008007526397705078,0.0005,1,reinforce_hidden_size_low_seed1,-0.008007526397705078,-6.243125767468882e-07,1.0,0.00039264094084501266
334,-136.48053486881867,-199.9114077381164,82,0.004191398620605469,0.0005,1,reinforce_hidden_size_low_seed1,0.004191398620605469,4.550305732209381e-07,1.0,0.00029488696600310504
335,-226.0299743632521,-202.20182975430646,92,0.007633209228515625,0.0005,1,reinforce_hidden_size_low_seed1,0.007633209228515625,6.647213695032406e-07,1.0,0.0009661132353357971
336,-259.87054572475256,-199.89273497285282,79,0.005192756652832031,0.0005,1,reinforce_hidden_size_low_seed1,0.005192756652832031,6.051002969797992e-07,1.0,0.00026983724092133343
337,-383.05097443107115,-203.47316564696536,78,-0.0049304962158203125,0.0005,1,reinforce_hidden_size_low_seed1,-0.0049304962158203125,-5.983389428365626e-07,1.0,0.00035401940112933517
338,-81.77185923099306,-195.34204911714684,123,0.001516103744506836,0.0005,1,reinforce_hidden_size_low_seed1,0.001516103744506836,6.590432377606703e-08,1.0,0.00016876480367500335
339,-136.80794959609113,-196.27058482147484,72,0.0019073486328125,0.0005,1,reinforce_hidden_size_low_seed1,0.0019073486328125,2.7815499947791977e-07,0.9999999403953552,0.00030752000748179853
340,-349.4302919588862,-198.30822608795137,107,-0.004483819007873535,0.0005,1,reinforce_hidden_size_low_seed1,-0.004483819007873535,-2.857680669876572e-07,1.0,0.0004471919673960656
341,-360.2551858446417,-199.51403089551596,97,0.006173610687255859,0.0005,1,reinforce_hidden_size_low_seed1,0.006173610687255859,4.7560820348735433e-07,1.0,0.0005797080812044442
342,-126.45823649740433,-199.6875709745475,69,-0.00558316707611084,0.0005,1,reinforce_hidden_size_low_seed1,-0.00558316707611084,-8.517417313669284e-07,1.0,0.00032841687789186835
343,-184.23140105086156,-200.72736514498882,90,0.0005464553833007812,0.0005,1,reinforce_hidden_size_low_seed1,0.0005464553833007812,4.503462136540293e-08,1.0,2.999283606186509e-05
344,-91.07235446079571,-197.42721960493185,79,-0.002594470977783203,0.0005,1,reinforce_hidden_size_low_seed1,-0.002594470977783203,-3.07831584223095e-07,1.0,0.00021905440371483564
345,10.195146000223346,-195.5184176840586,79,-7.987022399902344e-05,0.0005,1,reinforce_hidden_size_low_seed1,-7.987022399902344e-05,-1.6598761476416257e-08,1.0,2.293998477398418e-05
346,-290.7659875881461,-198.9379066351603,99,-0.00402522087097168,0.0005,1,reinforce_hidden_size_low_seed1,-0.00402522087097168,-2.95012881679213e-07,1.0,0.00032425325480289757
347,-347.44853135870335,-203.2401156273214,110,0.00153350830078125,0.0005,1,reinforce_hidden_size_low_seed1,0.00153350830078125,8.561394082562401e-08,1.0,9.26661814446561e-05
348,-181.85984194093564,-202.40304010243668,97,-0.0010559558868408203,0.0005,1,reinforce_hidden_size_low_seed1,-0.0010559558868408203,-8.049699573575708e-08,1.0,8.704802166903391e-05
349,-159.60739102010507,-201.35469311126081,74,0.003414154052734375,0.0005,1,reinforce_hidden_size_low_seed1,0.003414154052734375,4.4461842207965674e-07,1.0,0.00041799675091169775
350,-72.03596680643707,-198.74890781163074,79,0.0004477500915527344,0.0005,1,reinforce_hidden_size_low_seed1,0.0004477500915527344,4.149690369104064e-08,1.0,5.050319305155426e-05
351,-365.77302212564314,-202.4915884536484,102,0.0074863433837890625,0.0005,1,reinforce_hidden_size_low_seed1,0.0074863433837890625,5.177423076929699e-07,0.9999999403953552,0.000729450024664402
352,-17.538456352023175,-198.6770863950477,78,-5.7816505432128906e-05,0.0005,1,reinforce_hidden_size_low_seed1,-5.7816505432128906e-05,-2.1396539651163948e-08,0.9999999403953552,1.0766631021397188e-05
353,-92.55415102999982,-196.39475924396032,77,-0.0028219223022460938,0.0005,1,reinforce_hidden_size_low_seed1,-0.0028219223022460938,-3.251162468131952e-07,1.0,0.00031561069772578776
354,-229.1406505268375,-197.41047604948693,74,0.00014400482177734375,0.0005,1,reinforce_hidden_size_low_seed1,0.00014400482177734375,1.9331235279196335e-08,1.0,9.536782272334676e-06
355,-159.0297530210765,-192.69347757449503,65,-0.0023937225341796875,0.0005,1,reinforce_hidden_size_low_seed1,-0.0023937225341796875,-4.218174751713377e-07,1.0,0.000475546985398978
356,-546.7626801575509,-202.17557188071282,101,0.002542436122894287,0.0005,1,reinforce_hidden_size_low_seed1,0.002542436122894287,1.8884639985117246e-07,0.9999999403953552,0.00038061270606704056
357,-305.1775135207823,-205.72980410814841,86,-0.0011796951293945312,0.0005,1,reinforce_hidden_size_low_seed1,-0.0011796951293945312,-9.772389120143998e-08,1.0,9.150904952548444e-05
358,-102.01205226443402,-205.82867640639182,59,0.00030803680419921875,0.0005,1,reinforce_hidden_size_low_seed1,0.00030803680419921875,6.54135732247596e-08,1.0,5.9588994190562516e-05
359,-178.9124285987897,-202.2887819525548,98,-0.0047245025634765625,0.0005,1,reinforce_hidden_size_low_seed1,-0.0047245025634765625,-3.6006071013616747e-07,1.0,0.0006906180642545223
360,-182.60253424819334,-203.91883160601276,94,0.001415252685546875,0.0005,1,reinforce_hidden_size_low_seed1,0.001415252685546875,1.1477064276732563e-07,1.0,0.0001339273585472256
361,-70.34636612207716,-202.62927766154218,70,0.0012874603271484375,0.0005,1,reinforce_hidden_size_low_seed1,0.0012874603271484375,1.8562589332304924e-07,1.0,0.00012628953845705837
362,-90.65486003659312,-202.5973891991267,88,-0.0025787353515625,0.0005,1,reinforce_hidden_size_low_seed1,-0.0025787353515625,-2.4112787855301576e-07,1.0,0.000444126344518736
363,-151.22053414942673,-202.79064177238422,114,-0.000762939453125,0.0005,1,reinforce_hidden_size_low_seed1,-0.000762939453125,-4.705630018975171e-08,1.0,8.959173283074051e-05
364,-504.9915732048566,-210.4467894008181,85,-0.006322383880615234,0.0005,1,reinforce_hidden_size_low_seed1,-0.006322383880615234,-6.33211698186642e-07,1.0,0.0010231209453195333
365,-102.52342830607917,-206.9065227309068,93,0.0020685195922851562,0.0005,1,reinforce_hidden_size_low_seed1,0.0020685195922851562,1.733662031710992e-07,1.0000001192092896,0.00015298389189410955
366,-122.5706526565325,-206.78744179697077,104,0.0022735595703125,0.0005,1,reinforce_hidden_size_low_seed1,0.0022735595703125,1.5359658789293462e-07,1.0,0.0003404627786949277
367,-81.61179670580526,-201.0023301410509,86,-0.001361846923828125,0.0005,1,reinforce_hidden_size_low_seed1,-0.001361846923828125,-1.2198159993204172e-07,1.0,0.00018076470587402582
368,-116.62723998498623,-201.23950977746455,62,-0.0013341903686523438,0.0005,1,reinforce_hidden_size_low_seed1,-0.0013341903686523438,-2.509163152808469e-07,1.0,0.00021307346469257027
369,-225.5698718895442,-205.98824456757094,66,0.008131027221679688,0.0005,1,reinforce_hidden_size_low_seed1,0.008131027221679688,1.36729443056538e-06,1.0,0.0009945041965693235
370,-273.225698099845,-209.7772133340318,86,-0.017896652221679688,0.0005,1,reinforce_hidden_size_low_seed1,-0.017896652221679688,-1.7853670897238771e-06,1.0,0.0013630019966512918
371,-128.6264562376541,-210.48949254411517,85,0.004439353942871094,0.0005,1,reinforce_hidden_size_low_seed1,0.004439353942871094,4.389706873553223e-07,1.0,0.0005400312948040664
372,-54.20407523454883,-208.09865449400232,66,0.0001087188720703125,0.0005,1,reinforce_hidden_size_low_seed1,0.0001087188720703125,1.806201410659014e-08,1.0,1.1142173207190353e-05
373,-87.74500242804795,-206.96571673265262,75,-0.0008218288421630859,0.0005,1,reinforce_hidden_size_low_seed1,-0.0008218288421630859,-1.0251999071897444e-07,0.9999999403953552,7.10265594534576e-05
374,-34.24131208914723,-197.91828217633272,123,0.00012636184692382812,0.0005,1,reinforce_hidden_size_low_seed1,0.00012636184692382812,1.066099297730716e-08,1.0,1.418287411070196e-05
375,-386.87860278617904,-196.2755113605876,89,0.002197265625,0.0005,1,reinforce_hidden_size_low_seed1,0.002197265625,1.9957509778123494e-07,1.0,0.000266857270617038
376,-532.5062815236492,-203.78851847664,99,0.004567623138427734,0.0005,1,reinforce_hidden_size_low_seed1,0.004567623138427734,3.467906708465307e-07,1.0,0.0005067649181000888
377,-115.30375043388355,-202.99818734133106,69,0.0006872415542602539,0.0005,1,reinforce_hidden_size_low_seed1,0.0006872415542602539,1.0797943161833246e-07,1.0,9.915928967529908e-05
378,-178.48055759188054,-202.69414434348604,84,-0.00396728515625,0.0005,1,reinforce_hidden_size_low_seed1,-0.00396728515625,-3.987834702456894e-07,1.0,0.0005741025088354945
379,-107.10181393405459,-197.38504890284793,76,-0.00229644775390625,0.0005,1,reinforce_hidden_size_low_seed1,-0.00229644775390625,-2.8076925673303776e-07,1.0,0.0002078766847262159
380,-144.61126578851514,-193.10028949491604,65,-0.0037003755569458008,0.0005,1,reinforce_hidden_size_low_seed1,-0.0037003755569458008,-6.4281317690984e-07,1.0,0.0004473413573578
381,-203.62428095059613,-194.84573772981418,80,0.0047607421875,0.0005,1,reinforce_hidden_size_low_seed1,0.0047607421875,5.4836272056491e-07,1.0,0.0006337512750178576
382,-134.30873630823638,-195.53036803425985,95,-0.005585193634033203,0.0005,1,reinforce_hidden_size_low_seed1,-0.005585193634033203,-4.5111303847988893e-07,1.0,0.0005303403595462441
383,-104.20744659650362,-190.1533345129129,63,-0.001909494400024414,0.0005,1,reinforce_hidden_size_low_seed1,-0.001909494400024414,-3.5384343277655717e-07,1.0,0.0003782531712204218
384,-460.5441711808756,-196.63460723915404,93,-0.0024538040161132812,0.0005,1,reinforce_hidden_size_low_seed1,-0.0024538040161132812,-2.095776210353506e-07,0.9999999403953552,0.0003582061908673495
385,-199.2815197441961,-196.09963814677292,116,-0.0032196044921875,0.0005,1,reinforce_hidden_size_low_seed1,-0.0032196044921875,-1.7418943798475084e-07,1.0,0.0001884035737020895
386,-388.7161577528974,-198.67655038733582,115,0.012783050537109375,0.0005,1,reinforce_hidden_size_low_seed1,0.012783050537109375,7.002249731158372e-07,1.0,0.0012111022369936109
387,-194.26702954987923,-194.90087148971196,64,-0.0028848648071289062,0.0005,1,reinforce_hidden_size_low_seed1,-0.0028848648071289062,-5.131587386131287e-07,1.0,0.00017318196478299797
388,-133.75324072978373,-195.9404991196878,96,-0.0140380859375,0.0005,1,reinforce_hidden_size_low_seed1,-0.0140380859375,-1.080334186553955e-06,1.0,0.0015586853260174394
389,-115.28653429742232,-195.5100708137144,96,0.0040130615234375,0.0005,1,reinforce_hidden_size_low_seed1,0.0040130615234375,3.203749656677246e-07,1.0,0.0005707205855287611
390,-192.6420413303312,-192.37430580114332,107,-0.004153847694396973,0.0005,1,reinforce_hidden_size_low_seed1,-0.004153847694396973,-2.6348595838499023e-07,0.9999999403953552,0.0002243667986476794
391,-226.82168446093164,-189.7056357734691,78,-0.011631011962890625,0.0005,1,reinforce_hidden_size_low_seed1,-0.011631011962890625,-1.3915391718910541e-06,1.0,0.001818984979763627
392,-184.55013243174216,-190.86747369215587,73,-0.009119629859924316,0.0005,1,reinforce_hidden_size_low_seed1,-0.009119629859924316,-1.2337344514889992e-06,1.0,0.0015482490416616201
393,-92.56554211952081,-189.03415651352904,78,-0.001224517822265625,0.0005,1,reinforce_hidden_size_low_seed1,-0.001224517822265625,-1.4366247569341795e-07,1.0,0.0002750926068983972
394,-351.3547980468263,-194.23980538524967,112,-0.000946044921875,0.0005,1,reinforce_hidden_size_low_seed1,-0.000946044921875,-4.576785173071585e-08,1.0,0.00010619682871038094
395,-179.42935618081054,-198.03229542887036,85,0.006020784378051758,0.0005,1,reinforce_hidden_size_low_seed1,0.006020784378051758,6.128760219326068e-07,1.0,0.0006797168171033263
396,-227.43212234500658,-196.76561812400757,88,0.0027294158935546875,0.0005,1,reinforce_hidden_size_low_seed1,0.0027294158935546875,2.5535172198942746e-07,1.0,0.0002577252162154764
397,-221.60963776543724,-194.24884025214223,71,-0.0016603469848632812,0.0005,1,reinforce_hidden_size_low_seed1,-0.0016603469848632812,-2.5185062213495257e-07,1.0,0.0003395492094568908
398,10.232663842873379,-190.40699013646605,117,-0.0002694129943847656,0.0005,1,reinforce_hidden_size_low_seed1,-0.0002694129943847656,-8.151062935723985e-09,0.9999999403953552,1.0166988431592472e-05
399,-167.43537664758372,-190.56354984901563,54,0.0052509307861328125,0.0005,1,reinforce_hidden_size_low_seed1,0.0052509307861328125,1.3046794720139587e-06,1.0,0.0004359066078905016
400,-148.45530566273402,-192.09193662614155,123,-0.00519871711730957,0.0005,1,reinforce_hidden_size_low_seed1,-0.00519871711730957,-2.4859497216311865e-07,1.0,0.0004619091050699353
401,-267.7661684484135,-190.13179955259696,120,-0.0047149658203125,0.0005,1,reinforce_hidden_size_low_seed1,-0.0047149658203125,-2.413988227090158e-07,1.0,0.00034317956306040287
402,-343.2104417732128,-196.64523926102075,97,-0.0004076957702636719,0.0005,1,reinforce_hidden_size_low_seed1,-0.0004076957702636719,-2.826612011119778e-08,1.0,6.276489148149267e-05
403,-112.31296184019011,-197.04041547722457,115,-0.0003180503845214844,0.0005,1,reinforce_hidden_size_low_seed1,-0.0003180503845214844,-1.5030735767140868e-08,1.0,1.006216280075023e-05
404,-207.77098274711452,-196.61302212163008,82,-0.0061092376708984375,0.0005,1,reinforce_hidden_size_low_seed1,-0.0061092376708984375,-6.818189604018698e-07,1.0,0.0008205106132663786
405,-78.58984845953398,-195.00422403039923,87,0.0015950202941894531,0.0005,1,reinforce_hidden_size_low_seed1,0.0015950202941894531,1.5277971954219538e-07,1.0,7.025459490250796e-05
406,-140.20621100736705,-186.8730946473956,99,-0.0017004013061523438,0.0005,1,reinforce_hidden_size_low_seed1,-0.0017004013061523438,-1.228216888193856e-07,0.9999999403953552,0.00013804930495098233
407,-108.10999407060586,-182.93174425839206,62,0.004222869873046875,0.0005,1,reinforce_hidden_size_low_seed1,0.004222869873046875,7.940876685097464e-07,1.0,0.0007980873342603445
408,-147.1243835647452,-183.83399088439828,92,-0.00725555419921875,0.0005,1,reinforce_hidden_size_low_seed1,-0.00725555419921875,-6.245530244086694e-07,1.0,0.0013852494303137064
409,-328.9768310878959,-186.8352789341804,72,0.0020751953125,0.0005,1,reinforce_hidden_size_low_seed1,0.0020751953125,2.914004824106087e-07,1.0,0.0001746200432535261
410,-354.43769179025435,-190.27198208502162,92,0.00673675537109375,0.0005,1,reinforce_hidden_size_low_seed1,0.00673675537109375,5.785537950941944e-07,1.0,0.0010431467089802027
411,-277.3558161916898,-194.41217108641388,93,-0.0024476051330566406,0.0005,1,reinforce_hidden_size_low_seed1,-0.0024476051330566406,-1.807366629691387e-07,1.0,0.00020054042397532612
412,-380.84131916261515,-200.21590026893432,119,-0.004464864730834961,0.0005,1,reinforce_hidden_size_low_seed1,-0.004464864730834961,-2.1838340558133496e-07,1.0,0.0004029812407679856
413,-280.2247981327524,-202.79598554860084,92,0.0032958984375,0.0005,1,reinforce_hidden_size_low_seed1,0.0032958984375,2.863614554371452e-07,0.9999999403953552,0.000334915763232857
414,-74.49317329052235,-194.18601755031415,56,-0.00018310546875,0.0005,1,reinforce_hidden_size_low_seed1,-0.00018310546875,-4.257474728319721e-08,1.0,3.6526973417494446e-05
415,-459.4139066741127,-201.3238271176748,86,0.002704620361328125,0.0005,1,reinforce_hidden_size_low_seed1,0.002704620361328125,2.813893615893903e-07,1.0,0.00048746413085609674
416,-195.3318177398503,-202.77905041934116,106,-0.004423737525939941,0.0005,1,reinforce_hidden_size_low_seed1,-0.004423737525939941,-2.89869745984106e-07,1.0,0.0008038676460273564
417,-395.3499672304186,-209.05381382983342,98,-0.0041637420654296875,0.0005,1,reinforce_hidden_size_low_seed1,-0.0041637420654296875,-3.2478448019901407e-07,1.0,0.0004704671155195683
418,-117.36451668236997,-209.0685593637811,75,0.0029906034469604492,0.0005,1,reinforce_hidden_size_low_seed1,0.0029906034469604492,3.918011941550503e-07,1.0,0.0002300190390087664
419,-382.70589745592133,-212.21127987510866,98,-0.0001163482666015625,0.0005,1,reinforce_hidden_size_low_seed1,-0.0001163482666015625,-1.5813476750281552e-08,1.0,2.003331610467285e-05
420,-277.8097971950583,-212.30296185701292,98,0.015600204467773438,0.0005,1,reinforce_hidden_size_low_seed1,0.015600204467773438,1.153167431766633e-06,1.0,0.001815399038605392
421,-159.59512619516386,-212.9223352561631,78,-0.006977081298828125,0.0005,1,reinforce_hidden_size_low_seed1,-0.006977081298828125,-8.405783091802732e-07,1.0,0.0006423998274840415
422,-130.59637336066356,-214.4501812186854,70,-0.0044403076171875,0.0005,1,reinforce_hidden_size_low_seed1,-0.0044403076171875,-6.641660661443893e-07,1.0,0.00042232501436956227
423,-142.91714232614356,-215.5536240166473,123,-0.006655097007751465,0.0005,1,reinforce_hidden_size_low_seed1,-0.006655097007751465,-3.1401472710967937e-07,1.0,0.0009100862080231309
424,-253.61274313273796,-219.94105263751914,93,-0.0019931793212890625,0.0005,1,reinforce_hidden_size_low_seed1,-0.0019931793212890625,-1.6727754825751617e-07,1.0,0.0003807641041930765
425,-404.618147764558,-220.29584353708668,95,0.004929542541503906,0.0005,1,reinforce_hidden_size_low_seed1,0.004929542541503906,3.9276324059756007e-07,0.9999999403953552,0.0008362691733054817
426,-164.66739876652065,-212.93906588194415,71,-0.008050501346588135,0.0005,1,reinforce_hidden_size_low_seed1,-0.008050501346588135,-1.1585127595026279e-06,1.0,0.0012828641338273883
427,-285.2388117954154,-216.3377671091748,81,0.006453514099121094,0.0005,1,reinforce_hidden_size_low_seed1,0.006453514099121094,7.152557373046875e-07,1.0,0.0007454701117239892
428,-90.17713389095152,-214.5716986351562,77,-0.001377105712890625,0.0005,1,reinforce_hidden_size_low_seed1,-0.001377105712890625,-1.7958801379336364e-07,1.0,6.577124440809712e-05
429,-44.889174918364944,-213.3274458548424,116,-7.82012939453125e-05,0.0005,1,reinforce_hidden_size_low_seed1,-7.82012939453125e-05,4.11066514161007e-09,1.0,5.087862518848851e-06
430,-164.27864543175372,-213.7207934477072,131,-0.005041003227233887,0.0005,1,reinforce_hidden_size_low_seed1,-0.005041003227233887,-2.0929874722241948e-07,0.9999999403953552,0.0006150603876449168
431,-18.33795896246538,-210.01506700794457,78,-0.000110626220703125,0.0005,1,reinforce_hidden_size_low_seed1,-0.000110626220703125,-1.2226593959496768e-08,1.0,9.137425877270289e-06
432,-365.9285283326261,-214.64746284843238,78,-0.003726959228515625,0.0005,1,reinforce_hidden_size_low_seed1,-0.003726959228515625,-4.4015737898916996e-07,1.0,0.0003941122267860919
433,-261.5509395544406,-217.79433270759108,103,0.02380061149597168,0.0005,1,reinforce_hidden_size_low_seed1,0.02380061149597168,1.5994877458069823e-06,1.0,0.0023700068704783916
434,-116.41267405289827,-210.91170276503155,74,-0.011341094970703125,0.0005,1,reinforce_hidden_size_low_seed1,-0.011341094970703125,-1.4901161193847656e-06,1.0,0.0015396180097013712
435,-146.30559017115456,-209.85218417357072,83,-0.004769325256347656,0.0005,1,reinforce_hidden_size_low_seed1,-0.004769325256347656,-5.026897724746959e-07,1.0,0.0004927776171825826
436,-123.85170020371834,-204.55489502258715,73,0.01223134994506836,0.0005,1,reinforce_hidden_size_low_seed1,0.01223134994506836,1.6966911289273412e-06,1.0,0.001280696247704327
437,-505.40407791424764,-210.7776359898745,111,5.5909156799316406e-05,0.0005,1,reinforce_hidden_size_low_seed1,5.5909156799316406e-05,0.0,1.0,0.0
438,-163.8879002171586,-211.38032917962198,82,0.004729270935058594,0.0005,1,reinforce_hidden_size_low_seed1,0.004729270935058594,5.171793304725725e-07,0.9999999403953552,0.0003740658867172897
439,-137.80378134470914,-211.83067412056775,80,-0.0012969970703125,0.0005,1,reinforce_hidden_size_low_seed1,-0.0012969970703125,-1.534819631388018e-07,1.0,9.620964556233957e-05
440,-143.21563779831945,-210.8421460499275,103,0.007075190544128418,0.0005,1,reinforce_hidden_size_low_seed1,0.007075190544128418,4.953550956088293e-07,1.0,0.0003893113462254405
441,-240.7348970688556,-211.120410302086,92,-0.0001068115234375,0.0005,1,reinforce_hidden_size_low_seed1,-0.0001068115234375,-1.8788421485282925e-08,1.0,3.349511098349467e-05
442,-111.1292229667764,-209.65199211278667,87,0.0055713653564453125,0.0005,1,reinforce_hidden_size_low_seed1,0.0055713653564453125,5.295906930768979e-07,1.0,0.0009665484540164471
443,-311.7044525021413,-214.0347703204391,82,-0.008701324462890625,0.0005,1,reinforce_hidden_size_low_seed1,-0.008701324462890625,-9.565818572809803e-07,1.0,0.0009014690294861794
444,-159.85245309297687,-210.2047234213621,76,0.00077056884765625,0.0005,1,reinforce_hidden_size_low_seed1,0.00077056884765625,9.803395784047098e-08,1.0,9.945008787326515e-05
445,-123.65323993083047,-209.08920109636247,71,-0.0022089481353759766,0.0005,1,reinforce_hidden_size_low_seed1,-0.0022089481353759766,-3.14813263457836e-07,1.0,0.00018965915660373867
446,-95.87543161510378,-206.45806728176441,111,-0.0008592605590820312,0.0005,1,reinforce_hidden_size_low_seed1,-0.0008592605590820312,-4.5643197665867774e-08,1.0,6.991960253799334e-05
447,-165.89965481254026,-205.34386762270648,102,0.001068115234375,0.0005,1,reinforce_hidden_size_low_seed1,0.001068115234375,7.71354251583034e-08,1.0,0.00012459393474273384
448,-110.20633840641747,-207.7526476676923,69,0.001023411750793457,0.0005,1,reinforce_hidden_size_low_seed1,0.001023411750793457,1.5203504233340936e-07,1.0,9.995372238336131e-05
449,-258.36016134837973,-209.57114336170824,81,-0.001840353012084961,0.0005,1,reinforce_hidden_size_low_seed1,-0.001840353012084961,-2.0751247120642802e-07,0.9999999403953552,0.00032439117785543203
450,-77.22230396180058,-208.14648332768957,59,0.0004267692565917969,0.0005,1,reinforce_hidden_size_low_seed1,0.0004267692565917969,8.940696716308594e-08,1.0,3.799148908001371e-05
451,-183.6239838249893,-206.46363963522109,100,-0.005039215087890625,0.0005,1,reinforce_hidden_size_low_seed1,-0.005039215087890625,-3.6418438753571536e-07,1.0,0.00047844642540439963
452,-397.1394732457114,-207.54222026467104,82,-0.00231170654296875,0.0005,1,reinforce_hidden_size_low_seed1,-0.00231170654296875,-2.51502513037849e-07,1.0,0.00029884144896641374
453,-240.01045497976463,-210.09617012746253,109,-0.00919485092163086,0.0005,1,reinforce_hidden_size_low_seed1,-0.00919485092163086,-5.665175422109314e-07,1.0,0.0008399676880799234
454,-101.85055541505277,-207.97776158082132,83,0.0001823902130126953,0.0005,1,reinforce_hidden_size_low_seed1,0.0001823902130126953,1.2926308912142304e-08,1.0,1.963782233360689e-05
455,-120.9378174121955,-208.82472095987453,74,-0.0027141571044921875,0.0005,1,reinforce_hidden_size_low_seed1,-0.0027141571044921875,-3.568223974070861e-07,1.0,0.00015460129361599684
456,-118.54001521224669,-208.39139704397215,76,-0.003574371337890625,0.0005,1,reinforce_hidden_size_low_seed1,-0.003574371337890625,-4.438977612153394e-07,1.0,0.00028843217296525836
457,-381.95620913491217,-213.86832134525827,105,-0.005272507667541504,0.0005,1,reinforce_hidden_size_low_seed1,-0.005272507667541504,-3.4854525665650726e-07,1.0,0.00039189669769257307
458,-64.76507095525665,-212.22113509306848,62,0.00043201446533203125,0.0005,1,reinforce_hidden_size_low_seed1,0.00043201446533203125,8.363877412875809e-08,1.0,4.360276579973288e-05
459,-163.94495455356747,-208.9204975623819,96,-0.00762939453125,0.0005,1,reinforce_hidden_size_low_seed1,-0.00762939453125,-5.960464477539062e-07,1.0,0.0005776315811090171
460,-95.71598981379765,-203.74606352285278,61,-0.0016512870788574219,0.0005,1,reinforce_hidden_size_low_seed1,-0.0016512870788574219,-3.222070859010273e-07,0.9999999403953552,0.0001612984051462263
461,-131.9772416977839,-200.83849203297464,74,-0.0018608570098876953,0.0005,1,reinforce_hidden_size_low_seed1,-0.0018608570098876953,-2.456677918871719e-07,1.0,0.0001874305889941752
462,-403.5101284563752,-201.29186821884986,117,-0.008108139038085938,0.0005,1,reinforce_hidden_size_low_seed1,-0.008108139038085938,-4.2283636503270827e-07,1.0,0.0010703661246225238
463,-324.1824118250205,-202.17102049269522,71,0.0020067691802978516,0.0005,1,reinforce_hidden_size_low_seed1,0.0020067691802978516,2.9214672281341336e-07,1.0,0.00031015381682664156
464,-256.1330489599819,-205.8038180060844,77,-0.0016989707946777344,0.0005,1,reinforce_hidden_size_low_seed1,-0.0016989707946777344,-2.1132555616532045e-07,1.0,0.00024802045663818717
465,-266.53828626622857,-201.94630559792674,74,-0.0007171630859375,0.0005,1,reinforce_hidden_size_low_seed1,-0.0007171630859375,-9.82671153337833e-08,0.9999999403953552,7.959514914546162e-05
466,-122.2335619837111,-200.48434048280396,82,0.00431060791015625,0.0005,1,reinforce_hidden_size_low_seed1,0.00431060791015625,4.652069947042037e-07,1.0,0.00029911112505942583
467,-337.5870034808251,-199.3290812078121,100,-0.00228118896484375,0.0005,1,reinforce_hidden_size_low_seed1,-0.00228118896484375,-1.6808509428756224e-07,1.0,0.0001614546636119485
468,-221.89163155111555,-201.41962350518696,93,-0.001584768295288086,0.0005,1,reinforce_hidden_size_low_seed1,-0.001584768295288086,-1.3491158767919842e-07,1.0,0.00011554443335626274
469,-152.86753804225162,-196.8228563169136,78,0.001331329345703125,0.0005,1,reinforce_hidden_size_low_seed1,0.001331329345703125,1.597098844285938e-07,1.0,0.00011738346802303568
470,-112.61150955219644,-193.51889056405633,88,0.00215911865234375,0.0005,1,reinforce_hidden_size_low_seed1,0.00215911865234375,1.9371509552001953e-07,1.0,0.00014933834609109908
471,-152.798559647004,-193.38295923309317,65,0.0009107589721679688,0.0005,1,reinforce_hidden_size_low_seed1,0.0009107589721679688,1.5680606679779885e-07,0.9999999403953552,6.0822971136076376e-05
472,-82.75245761417833,-192.42608091816345,67,0.00024390220642089844,0.0005,1,reinforce_hidden_size_low_seed1,0.00024390220642089844,4.1812214135461545e-08,1.0,2.366615444771014e-05
473,-108.9371305556709,-191.746480682754,82,-0.0003643035888671875,0.0005,1,reinforce_hidden_size_low_seed1,-0.0003643035888671875,-4.0705611326075086e-08,1.0,5.317799877957441e-05
474,-382.6488481743577,-194.3272027835864,94,0.0052967071533203125,0.0005,1,reinforce_hidden_size_low_seed1,0.0052967071533203125,4.324507187902782e-07,1.0,0.000683290942106396
475,-122.04388557161207,-188.6757175397275,65,0.005700349807739258,0.0005,1,reinforce_hidden_size_low_seed1,0.005700349807739258,9.931051181411021e-07,1.0,0.000604960776399821
476,-99.49948705719534,-187.37235930554095,101,0.0028362274169921875,0.0005,1,reinforce_hidden_size_low_seed1,0.0028362274169921875,2.0655075161357672e-07,1.0,0.0002347623376408592
477,-148.10029524883572,-184.62958897460936,68,0.007930755615234375,0.0005,1,reinforce_hidden_size_low_seed1,0.007930755615234375,1.247314799002197e-06,1.0,0.001094804727472365
478,-322.22912729780796,-189.27062884274653,89,-0.0011792182922363281,0.0005,1,reinforce_hidden_size_low_seed1,-0.0011792182922363281,-1.1117271014882135e-07,1.0,0.00015843473374843597
479,-110.24400083728095,-190.57772536112483,92,0.003082275390625,0.0005,1,reinforce_hidden_size_low_seed1,0.003082275390625,2.6368576300228597e-07,1.0000001192092896,0.00036348719731904566
480,-39.131302785739976,-188.07477850820453,118,-2.288818359375e-05,0.0005,1,reinforce_hidden_size_low_seed1,-2.288818359375e-05,-2.020496436827557e-09,1.0,4.066863311891211e-06
481,-126.2072908001327,-190.23216514495792,107,-0.0012962818145751953,0.0005,1,reinforce_hidden_size_low_seed1,-0.0012962818145751953,-8.188675337805762e-08,0.9999999403953552,5.2058661822229624e-05
482,-170.71699709486063,-186.32793452020258,71,-0.004946708679199219,0.0005,1,reinforce_hidden_size_low_seed1,-0.004946708679199219,-7.102187282725936e-07,1.0,0.0006762747652828693
483,8.22838347207174,-180.93234805967234,96,0.0001678466796875,0.0005,1,reinforce_hidden_size_low_seed1,0.0001678466796875,2.2351741790771484e-08,1.0,4.977228309144266e-05
484,-97.24262507694837,-180.54894708015334,64,-0.000213623046875,0.0005,1,reinforce_hidden_size_low_seed1,-0.000213623046875,-3.5390257835388184e-08,1.0,1.753326978359837e-05
485,-54.244728339669024,-178.70772984352362,115,4.267692565917969e-05,0.0005,1,reinforce_hidden_size_low_seed1,4.267692565917969e-05,1.0366024705277255e-09,1.0,2.380724708928028e-06
486,-129.115991163341,-178.8130156627161,84,0.01403045654296875,0.0005,1,reinforce_hidden_size_low_seed1,0.01403045654296875,1.4404455441763275e-06,1.0,0.0006880025612190366
487,-338.0705764578825,-175.4663456335888,123,0.009205818176269531,0.0005,1,reinforce_hidden_size_low_seed1,0.009205818176269531,4.4000827870149806e-07,1.0,0.0013627802254632115
488,-361.64684781238634,-179.42152458549336,102,-0.006191253662109375,0.0005,1,reinforce_hidden_size_low_seed1,-0.006191253662109375,-4.3476327959979244e-07,1.0,0.0006889898795634508
489,-178.0854266953241,-180.22715749250565,60,-0.00057220458984375,0.0005,1,reinforce_hidden_size_low_seed1,-0.00057220458984375,-1.1126200405442432e-07,1.0,4.75839915452525e-05
490,-108.09017908616403,-179.5246483182625,108,0.0050811767578125,0.0005,1,reinforce_hidden_size_low_seed1,0.0050811767578125,3.167876627685473e-07,1.0,0.0005345689714886248
491,-101.36324429572902,-176.7372152628,68,0.006103515625,0.0005,1,reinforce_hidden_size_low_seed1,0.006103515625,9.729582188811037e-07,1.0,0.0003878966672345996
492,-187.66024707150058,-178.26783574489448,109,0.0009124279022216797,0.0005,1,reinforce_hidden_size_low_seed1,0.0009124279022216797,5.413632919726297e-08,1.0,8.074555807979777e-05
493,-216.3786591374382,-176.36131987760044,87,-0.001317441463470459,0.0005,1,reinforce_hidden_size_low_seed1,-0.001317441463470459,-1.246901746299045e-07,1.0,0.0002418515068711713
494,63.382159672657366,-171.89662762228775,86,-0.00014519691467285156,0.0005,1,reinforce_hidden_size_low_seed1,-0.00014519691467285156,-8.316927591067724e-09,1.0,1.010751111607533e-05
495,-121.6273531549893,-171.8561098867709,58,0.00015687942504882812,0.0005,1,reinforce_hidden_size_low_seed1,0.00015687942504882812,4.264814990051491e-08,1.0,3.1072122510522604e-05
496,-238.2147600507688,-174.70289645548422,106,-0.030803680419921875,0.0005,1,reinforce_hidden_size_low_seed1,-0.030803680419921875,-2.012500317505328e-06,1.0,0.0022730426862835884
497,-276.2888990899196,-176.91068134103182,78,0.000392913818359375,0.0005,1,reinforce_hidden_size_low_seed1,0.000392913818359375,4.890637583798707e-08,1.0,3.275182461948134e-05
498,-113.96915513335524,-176.98593767557057,81,0.002997159957885742,0.0005,1,reinforce_hidden_size_low_seed1,0.002997159957885742,3.28193465293225e-07,1.0,0.00013594416668638587
499,-365.35870677312806,-179.1259085840655,102,0.004974365234375,0.0005,1,reinforce_hidden_size_low_seed1,0.004974365234375,3.4594069120430504e-07,1.0,0.00032574881333857775
500,-150.70882523353788,-180.59563900950027,76,0.00168609619140625,0.0005,1,reinforce_hidden_size_low_seed1,0.00168609619140625,2.1175334552481218e-07,1.0,0.00010134712647413835
501,-53.49178059033401,-177.99299494480715,75,-0.00021910667419433594,0.0005,1,reinforce_hidden_size_low_seed1,-0.00021910667419433594,-3.258387337723434e-08,1.0,2.40379995375406e-05
502,-111.15440151936086,-172.27329351028015,60,0.000507354736328125,0.0005,1,reinforce_hidden_size_low_seed1,0.000507354736328125,1.0629494795466599e-07,1.0,9.33992414502427e-05
503,-130.19984882233126,-170.07708138713147,81,-0.0011360645294189453,0.0005,1,reinforce_hidden_size_low_seed1,-0.0011360645294189453,-1.2803960203200404e-07,1.0,0.00012667123519349843
504,-80.35796097380093,-169.64722949830644,75,0.0005115270614624023,0.0005,1,reinforce_hidden_size_low_seed1,0.0005115270614624023,6.755193027174755e-08,1.0,5.079542825114913e-05
505,-134.8554726454442,-169.92558260297142,69,-0.005711555480957031,0.0005,1,reinforce_hidden_size_low_seed1,-0.005711555480957031,-8.75929117682972e-07,1.0,0.0008669115486554801
506,-275.7928653179355,-173.0706396050852,78,0.0024013519287109375,0.0005,1,reinforce_hidden_size_low_seed1,0.0024013519287109375,3.0566485520466813e-07,1.0,0.0002838863292708993
507,-90.7245054644988,-167.24600553167693,59,0.0012390613555908203,0.0005,1,reinforce_hidden_size_low_seed1,0.0012390613555908203,2.535722956054087e-07,1.0,0.00010612515325192362
508,-14.461560779151526,-166.23993532815481,127,1.9073486328125e-05,0.0005,1,reinforce_hidden_size_low_seed1,1.9073486328125e-05,-1.877311639475465e-09,1.0,2.396150875938474e-06
509,-171.11846156438816,-166.38340546837125,91,-0.009353160858154297,0.0005,1,reinforce_hidden_size_low_seed1,-0.009353160858154297,-8.239850899371959e-07,1.0,0.001106294454075396
510,-108.01705859614466,-166.62942684401816,64,0.0006866455078125,0.0005,1,reinforce_hidden_size_low_seed1,0.0006866455078125,1.2293457984924316e-07,1.0,7.738289423286915e-05
511,-115.17594826978818,-166.29340097545827,103,-0.0004391670227050781,0.0005,1,reinforce_hidden_size_low_seed1,-0.0004391670227050781,-2.8355607639696245e-08,1.0,3.4659042285056785e-05
512,-133.41406378567552,-160.89147968204426,91,-0.016829252243041992,0.0005,1,reinforce_hidden_size_low_seed1,-0.016829252243041992,-1.4910986010363558e-06,1.0,0.0011505624279379845
513,-226.18370200011543,-158.93150548554615,97,-0.011741876602172852,0.0005,1,reinforce_hidden_size_low_seed1,-0.011741876602172852,-8.93455194272974e-07,0.9999999403953552,0.0012565093347802758
514,-490.5764906815921,-163.6203743199784,92,-0.00017547607421875,0.0005,1,reinforce_hidden_size_low_seed1,-0.00017547607421875,-2.397143283872083e-08,1.0,2.288671566930134e-05
515,-151.40712830751124,-161.31775116080402,56,-0.00531005859375,0.0005,1,reinforce_hidden_size_low_seed1,-0.00531005859375,-1.2304101346671814e-06,1.0,0.0012565910583361983
516,-120.79676904736813,-161.28901530207716,83,-0.002183079719543457,0.0005,1,reinforce_hidden_size_low_seed1,-0.002183079719543457,-2.3016009720322472e-07,1.0,0.00017904763808473945
517,-96.06683555767637,-156.4586119436142,105,0.006196022033691406,0.0005,1,reinforce_hidden_size_low_seed1,0.006196022033691406,4.030409286315262e-07,1.0,0.0003939722082577646
518,-143.24536848231486,-154.88568668223817,100,-0.004528045654296875,0.0005,1,reinforce_hidden_size_low_seed1,-0.004528045654296875,-3.2782554626464844e-07,0.9999999403953552,0.00046315189683809876
519,-160.86924066466045,-155.04572073468634,75,0.0004887580871582031,0.0005,1,reinforce_hidden_size_low_seed1,0.0004887580871582031,6.516774675446868e-08,1.0,6.317326187854633e-05
520,-160.4894472637384,-156.0032794889172,90,-0.0005779266357421875,0.0005,1,reinforce_hidden_size_low_seed1,-0.0005779266357421875,-5.2319631294039937e-08,1.0,4.949191497871652e-05
521,-470.527629037171,-162.35786087672054,93,-5.53131103515625e-05,0.0005,1,reinforce_hidden_size_low_seed1,-5.53131103515625e-05,-1.2818203165565478e-09,1.0,1.460192265767546e-06
522,-318.36414248086174,-167.0700945740542,97,-0.0047833919525146484,0.0005,1,reinforce_hidden_size_low_seed1,-0.0047833919525146484,-3.6561613114827196e-07,1.0,0.0007051184074953198
523,-367.84175865552226,-172.24818713605123,81,-0.0003914833068847656,0.0005,1,reinforce_hidden_size_low_seed1,-0.0003914833068847656,-4.562330957469385e-08,1.0,4.55656299891416e-05
524,-305.7620417216342,-170.71045100699678,78,-0.00067901611328125,0.0005,1,reinforce_hidden_size_low_seed1,-0.00067901611328125,-6.724626899767827e-08,1.0,3.390600249986164e-05
525,-273.44121345391426,-173.7383975646428,111,0.008557677268981934,0.0005,1,reinforce_hidden_size_low_seed1,0.008557677268981934,5.069079520580999e-07,1.0,0.0006994528812356293
526,-156.97511362765331,-174.88791009605197,87,0.005974292755126953,0.0005,1,reinforce_hidden_size_low_seed1,0.005974292755126953,5.645313763125159e-07,1.0,0.0006237554480321705
527,-409.18995721432253,-180.1097033353617,71,-0.0010586977005004883,0.0005,1,reinforce_hidden_size_low_seed1,-0.0010586977005004883,-1.7797442808387132e-07,1.0,0.0002806421252898872
528,-571.8536542136102,-185.10219387367775,91,0.00013780593872070312,0.0005,1,reinforce_hidden_size_low_seed1,0.00013780593872070312,1.3099922036019507e-08,0.9999999403953552,1.0167896107304841e-05
529,-384.14499877002123,-190.58021383233256,99,-4.076957702636719e-05,0.0005,1,reinforce_hidden_size_low_seed1,-4.076957702636719e-05,-4.8165369470609676e-09,1.0,7.550993359473068e-06
530,-399.2924622208421,-197.7834370210346,108,0.003875732421875,0.0005,1,reinforce_hidden_size_low_seed1,0.003875732421875,2.384185791015625e-07,1.0,0.00026050308952108026
531,-179.20914165660605,-198.84347403816406,75,0.0011420249938964844,0.0005,1,reinforce_hidden_size_low_seed1,0.0011420249938964844,1.4543533666255826e-07,1.0,7.568722503492609e-05
532,-438.72457906611504,-204.20362567758914,89,0.0005567073822021484,0.0005,1,reinforce_hidden_size_low_seed1,0.0005567073822021484,5.223778032359405e-08,1.0,5.187239366932772e-05
533,-196.32871135373608,-208.29476757410532,105,-0.0035064220428466797,0.0005,1,reinforce_hidden_size_low_seed1,-0.0035064220428466797,-2.3047128649977822e-07,1.0,0.0004049380368087441
534,-206.6674480874059,-210.48326403431446,76,-0.01013946533203125,0.0005,1,reinforce_hidden_size_low_seed1,-0.01013946533203125,-1.2783627880708082e-06,1.0,0.0007772615063004196
535,-308.92181982083605,-215.5768058639378,100,-0.0110321044921875,0.0005,1,reinforce_hidden_size_low_seed1,-0.0110321044921875,-7.927417868813791e-07,1.0,0.000443311088019982
536,-294.96795255216773,-218.89384509171433,104,-0.0051116943359375,0.0005,1,reinforce_hidden_size_low_seed1,-0.0051116943359375,-3.3470300309090817e-07,1.0,0.0006322567933239043
537,-121.05251878129464,-214.55348393818258,78,-3.24249267578125e-05,0.0005,1,reinforce_hidden_size_low_seed1,-3.24249267578125e-05,0.0,1.0,0.0
538,-90.42787866968563,-209.12910455532855,69,0.001779317855834961,0.0005,1,reinforce_hidden_size_low_seed1,0.001779317855834961,2.7383583756090957e-07,1.0,0.0001463336229790002
539,-377.35321021340894,-213.11446022569027,129,0.012045979499816895,0.0005,1,reinforce_hidden_size_low_seed1,0.012045979499816895,5.235043545326334e-07,1.0,0.0013499986380338669
540,-178.98347747885157,-214.532326193544,95,0.010820388793945312,0.0005,1,reinforce_hidden_size_low_seed1,0.010820388793945312,8.702278364580707e-07,1.0,0.000709854532033205
541,-113.19603993745467,-214.76898210637853,80,0.00262451171875,0.0005,1,reinforce_hidden_size_low_seed1,0.00262451171875,3.069639262776036e-07,1.0,0.00026782730128616095
542,-105.0742029473847,-213.1172612238962,55,0.0015845298767089844,0.0005,1,reinforce_hidden_size_low_seed1,0.0015845298767089844,3.5329298953001853e-07,1.0,0.00014831966836936772
543,-229.68841883824982,-213.3834564179124,101,0.002867460250854492,0.0005,1,reinforce_hidden_size_low_seed1,0.002867460250854492,2.0182959303838288e-07,1.0,0.0003001985896844417
544,-238.86368452542794,-219.42837330187413,59,-0.00028443336486816406,0.0005,1,reinforce_hidden_size_low_seed1,-0.00028443336486816406,-5.960464477539063e-08,1.0,4.2862913687713444e-05
545,-286.67576373538964,-222.72934151348215,79,-0.0010471343994140625,0.0005,1,reinforce_hidden_size_low_seed1,-0.0010471343994140625,-1.1920928955078125e-07,0.9999999403953552,9.661020885687321e-05
546,-308.0568561331131,-224.12618343512904,95,-0.004145622253417969,0.0005,1,reinforce_hidden_size_low_seed1,-0.004145622253417969,-3.262570089646033e-07,1.0,0.00038072402821853757
547,-228.69971197185936,-223.17439969276785,61,0.0018143653869628906,0.0005,1,reinforce_hidden_size_low_seed1,0.0018143653869628906,3.5665073028212646e-07,1.0,0.00026059994706884027
548,-170.48226428906418,-224.304661875882,99,-0.008696198463439941,0.0005,1,reinforce_hidden_size_low_seed1,-0.008696198463439941,-6.526407787532662e-07,1.0,0.0008071604534052312
549,-81.00061881512454,-218.61750011672194,64,-0.001556396484375,0.0005,1,reinforce_hidden_size_low_seed1,-0.001556396484375,-2.7939677238464355e-07,0.9999999403953552,0.00022760887804906815
550,-115.57289770338127,-217.9147815661188,63,-0.0013551712036132812,0.0005,1,reinforce_hidden_size_low_seed1,-0.0013551712036132812,-2.559215204200882e-07,0.9999999403953552,0.00010633884085109457
551,-124.09608465477784,-219.32686764740768,66,0.00569915771484375,0.0005,1,reinforce_hidden_size_low_seed1,0.00569915771484375,9.247751222574152e-07,1.0,0.0009218495688401163
552,-103.21184701442688,-219.168016557309,59,-0.0018162727355957031,0.0005,1,reinforce_hidden_size_low_seed1,-0.0018162727355957031,-3.859148307583382e-07,1.0,0.0002969969646073878
553,-129.8461312017418,-219.16094220489722,79,0.0016384124755859375,0.0005,1,reinforce_hidden_size_low_seed1,0.0016384124755859375,2.0823901536459744e-07,1.0,8.77638885867782e-05
554,-394.2458627822653,-225.4387002410665,98,-0.0026988983154296875,0.0005,1,reinforce_hidden_size_low_seed1,-0.0026988983154296875,-2.0557520485908753e-07,0.9999999403953552,0.00020597818365786225
555,-353.6837267244784,-229.81526532264718,98,0.0005893707275390625,0.0005,1,reinforce_hidden_size_low_seed1,0.0005893707275390625,3.953369187570388e-08,1.0,5.6504748499719426e-05
556,-124.67742613312029,-226.7929565389509,102,0.002689361572265625,0.0005,1,reinforce_hidden_size_low_seed1,0.002689361572265625,1.834888081475583e-07,1.0,0.00017534280777908862
557,-251.1386244031219,-230.00123891772336,96,-0.013519287109375,0.0005,1,reinforce_hidden_size_low_seed1,-0.013519287109375,-1.0530153531362885e-06,0.9999999403953552,0.0012354680802673101
558,-410.09151798723224,-237.91383806188497,95,0.0010519027709960938,0.0005,1,reinforce_hidden_size_low_seed1,0.0010519027709960938,8.783842275761344e-08,1.0,0.00011450934107415378
559,-132.47878249981613,-237.1410444805935,99,0.0012047290802001953,0.0005,1,reinforce_hidden_size_low_seed1,0.0012047290802001953,8.54935322536221e-08,1.0,0.00014125413144938648
560,-252.92611745222595,-240.03922565771515,94,0.0035858154296875,0.0005,1,reinforce_hidden_size_low_seed1,0.0035858154296875,2.9929140055173775e-07,1.0,0.000461922085378319
561,-118.49319902826173,-240.1055706728846,65,0.0012733936309814453,0.0005,1,reinforce_hidden_size_low_seed1,0.0012733936309814453,2.1641071157318947e-07,1.0,0.0001439150801161304
562,-4.666140795165575,-237.53061221307442,82,0.00013971328735351562,0.0005,1,reinforce_hidden_size_low_seed1,0.00013971328735351562,1.7445261235593534e-08,1.0,2.126951949321665e-05
563,-165.46341781842273,-236.31620652944056,72,-0.00266265869140625,0.0005,1,reinforce_hidden_size_low_seed1,-0.00266265869140625,-3.6093922517466126e-07,1.0,0.0002332018339075148
564,-139.99966529254465,-229.30467002165963,67,0.0015976428985595703,0.0005,1,reinforce_hidden_size_low_seed1,0.0015976428985595703,2.562110239523463e-07,1.0,4.688029002863914e-05
565,-121.64812692503071,-228.70948999401,106,0.0070953369140625,0.0005,1,reinforce_hidden_size_low_seed1,0.0070953369140625,4.532202240170591e-07,1.0,0.0008714943542145193
566,-21.828119699934334,-226.7301170070613,125,0.0003396272659301758,0.0005,1,reinforce_hidden_size_low_seed1,0.0003396272659301758,2.1934509319976314e-08,1.0,2.717499592108652e-05
567,-40.488492057142764,-225.61855013705065,102,0.0001678466796875,0.0005,1,reinforce_hidden_size_low_seed1,0.0001678466796875,1.1687185441644488e-08,1.0,8.222296855819877e-06
568,23.846938937912043,-222.27670398864612,67,-0.00020360946655273438,0.0005,1,reinforce_hidden_size_low_seed1,-0.00020360946655273438,-3.202637799404329e-08,1.0,5.021247852710076e-05
569,-100.99744443797076,-221.07926806411234,67,0.002252340316772461,0.0005,1,reinforce_hidden_size_low_seed1,0.002252340316772461,3.5495901329340995e-07,1.0,0.0002587403287179768
570,-97.52407986044456,-219.81996071604644,58,0.003681182861328125,0.0005,1,reinforce_hidden_size_low_seed1,0.003681182861328125,7.851370469325047e-07,1.0,0.0004391395777929574
571,-142.13061596161663,-213.25202045453534,115,-0.0038945674896240234,0.0005,1,reinforce_hidden_size_low_seed1,-0.0038945674896240234,-2.1820483198098373e-07,1.0,0.00039257353637367487
572,-162.91453807806056,-210.14302836647934,79,-0.0013207197189331055,0.0005,1,reinforce_hidden_size_low_seed1,-0.0013207197189331055,-1.5165232980507426e-07,1.0,0.00010183193808188662
573,-156.16520135273402,-205.9094972204236,109,-0.0054520368576049805,0.0005,1,reinforce_hidden_size_low_seed1,-0.0054520368576049805,-3.319267705137463e-07,0.9999999403953552,0.0005133299855515361
574,-347.2032453857918,-206.73832129370672,107,0.01597428321838379,0.0005,1,reinforce_hidden_size_low_seed1,0.01597428321838379,1.0272052577420254e-06,1.0,0.0011430572485551238
575,-11.54241764796987,-201.50034537758785,92,9.1552734375e-05,0.0005,1,reinforce_hidden_size_low_seed1,9.1552734375e-05,9.718148952231331e-09,1.0,1.0464350452821236e-05
576,-213.9296674956745,-202.63943645494825,69,-0.0011337995529174805,0.0005,1,reinforce_hidden_size_low_seed1,-0.0011337995529174805,-1.7622242864945292e-07,1.0,0.00014684330380987376
577,-88.67770001627667,-196.22919131098735,57,0.0003056526184082031,0.0005,1,reinforce_hidden_size_low_seed1,0.0003056526184082031,7.110729427495244e-08,1.0,4.685937165049836e-05
578,-223.84464594828754,-189.26901114568088,111,-0.021244287490844727,0.0005,1,reinforce_hidden_size_low_seed1,-0.021244287490844727,-1.2527715398391592e-06,1.0,0.0009153280989266932
579,-78.3417800960972,-183.15294677220243,70,0.0011749267578125,0.0005,1,reinforce_hidden_size_low_seed1,0.0011749267578125,1.771109481296662e-07,0.9999999403953552,0.00016957036859821528
580,-135.25870879175633,-177.87227170362067,91,0.0053958892822265625,0.0005,1,reinforce_hidden_size_low_seed1,0.0053958892822265625,4.7159718974398857e-07,1.0,0.0006770608015358448
581,-318.07449878518537,-180.64957884619227,92,0.001983642578125,0.0005,1,reinforce_hidden_size_low_seed1,0.001983642578125,1.6909578448576212e-07,1.0,0.00034797564148902893
582,-240.3742441523208,-176.6825721479164,99,-0.0004875659942626953,0.0005,1,reinforce_hidden_size_low_seed1,-0.0004875659942626953,-3.0103354475841115e-08,1.0,4.21615295636002e-05
583,-86.64288290702245,-174.4888555789821,103,0.0008330345153808594,0.0005,1,reinforce_hidden_size_low_seed1,0.0008330345153808594,6.828493326338503e-08,0.9999999403953552,6.27501867711544e-05
584,-109.26900567586378,-172.54088673075125,70,-0.0065460205078125,0.0005,1,reinforce_hidden_size_low_seed1,-0.0065460205078125,-9.587832892066217e-07,1.0,0.000865311361849308
585,-399.782034666672,-174.35809102766797,87,0.002608954906463623,0.0005,1,reinforce_hidden_size_low_seed1,0.002608954906463623,2.644527796746843e-07,1.0,0.0002706084051169455
586,-91.15188237281293,-170.2817696240809,67,0.0006129741668701172,0.0005,1,reinforce_hidden_size_low_seed1,0.0006129741668701172,1.0764421176645556e-07,0.9999999403953552,0.00011586234904825687
587,-274.9073133625426,-173.35886551570587,102,-0.0037899017333984375,0.0005,1,reinforce_hidden_size_low_seed1,-0.0037899017333984375,-2.6296166311112756e-07,1.0,0.0005133718950673938
588,-152.02630289939947,-174.59083400030013,107,0.003017425537109375,0.0005,1,reinforce_hidden_size_low_seed1,0.003017425537109375,1.8884088603954297e-07,1.0,0.00023850068100728095
589,-450.3916215482685,-176.05160222699732,85,-0.0029418468475341797,0.0005,1,reinforce_hidden_size_low_seed1,-0.0029418468475341797,-2.980232238769531e-07,0.9999999403953552,0.0003358369576744735
590,-161.40012845386036,-175.69993524649752,77,0.00042235851287841797,0.0005,1,reinforce_hidden_size_low_seed1,0.00042235851287841797,5.650829848491412e-08,1.0,0.0001096700070775114
591,-119.83266919401096,-175.83266783162864,76,0.00180816650390625,0.0005,1,reinforce_hidden_size_low_seed1,0.00180816650390625,2.3214440147967252e-07,1.0,8.575850370107219e-05
592,-223.66605140735356,-178.204504800828,132,-0.00405120849609375,0.0005,1,reinforce_hidden_size_low_seed1,-0.00405120849609375,-1.7113757166953292e-07,1.0,0.00027117133140563965
593,-136.4366516775695,-176.3394694576144,68,0.00555419921875,0.0005,1,reinforce_hidden_size_low_seed1,0.00555419921875,8.730327181183384e-07,1.0,0.0003879004798363894
594,-146.04463203532202,-174.4830884078123,111,0.0010783672332763672,0.0005,1,reinforce_hidden_size_low_seed1,0.0010783672332763672,6.390047246895847e-08,1.0,0.00012025063915643841
595,-54.719402263091546,-169.84396117836633,78,0.00019550323486328125,0.0005,1,reinforce_hidden_size_low_seed1,0.00019550323486328125,2.063237758420655e-08,0.9999999403953552,2.5674595235614106e-05
596,-409.66045957239146,-171.8760332471519,105,-0.008811235427856445,0.0005,1,reinforce_hidden_size_low_seed1,-0.008811235427856445,-5.790165573671402e-07,0.9999999403953552,0.0005672942497767508
597,-69.22786592597268,-168.68659632623414,64,0.0024261474609375,0.0005,1,reinforce_hidden_size_low_seed1,0.0024261474609375,4.209578037261963e-07,1.0,0.00023235053231474012
598,-66.75405896523351,-166.61203221975754,64,-0.0002288818359375,0.0005,1,reinforce_hidden_size_low_seed1,-0.0002288818359375,-2.2351741790771484e-08,1.0,6.9492016336880624e-06
599,-147.56805216755242,-167.94338088680607,66,0.00502777099609375,0.0005,1,reinforce_hidden_size_low_seed1,0.00502777099609375,8.182092301467492e-07,1.0,0.0010426337830722332
600,-155.4219131464506,-168.74036119566748,98,-0.0006732940673828125,0.0005,1,reinforce_hidden_size_low_seed1,-0.0006732940673828125,-5.169790640024985e-08,1.0,6.108068919274956e-05
601,-257.95647678374644,-171.41756903824682,84,0.00089263916015625,0.0005,1,reinforce_hidden_size_low_seed1,0.00089263916015625,8.231117476498184e-08,0.9999999403953552,0.00011229483789065853
602,-405.012372811272,-177.45357955418373,88,0.007659912109375,0.0005,1,reinforce_hidden_size_low_seed1,0.007659912109375,7.301568984985352e-07,1.0,0.0011871290626004338
603,-200.0846719717767,-178.85835036958443,106,0.002735137939453125,0.0005,1,reinforce_hidden_size_low_seed1,0.002735137939453125,1.810631715670752e-07,1.0,0.00023151739151217043
604,-109.07692421591977,-173.15497159825753,109,0.002407073974609375,0.0005,1,reinforce_hidden_size_low_seed1,0.002407073974609375,1.4381670609964203e-07,0.9999999403953552,0.00018470892973709852
605,-131.8704634485233,-168.71870633273844,82,-0.00165557861328125,0.0005,1,reinforce_hidden_size_low_seed1,-0.00165557861328125,-1.8317524563826737e-07,1.0,9.971411782316864e-05
606,-145.20382265097368,-169.1292342630955,68,-0.0021514892578125,0.0005,1,reinforce_hidden_size_low_seed1,-0.0021514892578125,-3.330847846427787e-07,0.9999999403953552,0.000221962938667275
607,-292.2309076899207,-169.9510799288315,94,0.00389862060546875,0.0005,1,reinforce_hidden_size_low_seed1,0.00389862060546875,3.119732525647123e-07,1.0,0.0002475270885042846
608,-224.59386345238977,-166.24112683813462,80,0.009932518005371094,0.0005,1,reinforce_hidden_size_low_seed1,0.009932518005371094,1.1049211252611713e-06,1.0,0.0013039658078923821
609,-159.8503474878924,-166.7885581378962,104,-0.00201416015625,0.0005,1,reinforce_hidden_size_low_seed1,-0.00201416015625,-1.329642032033007e-07,1.0,0.00019405153580009937
610,-258.55509921595797,-166.9011377731708,86,-0.013629913330078125,0.0005,1,reinforce_hidden_size_low_seed1,-0.013629913330078125,-1.3251636801214772e-06,1.0,0.001702803885564208
611,-192.12978893174238,-168.37386957124042,59,-0.007503032684326172,0.0005,1,reinforce_hidden_size_low_seed1,-0.007503032684326172,-1.5749769772810396e-06,1.0,0.0006350091425701976
612,-179.4212285001152,-171.8689713253394,63,-0.0010597705841064453,0.0005,1,reinforce_hidden_size_low_seed1,-0.0010597705841064453,-1.882749955939289e-07,1.0,0.00014380973880179226
613,-188.37050200366178,-172.32711300904418,95,0.0017385482788085938,0.0005,1,reinforce_hidden_size_low_seed1,0.0017385482788085938,1.4179630625221762e-07,1.0,0.0002447133883833885
614,-143.88206611716703,-172.40476102553666,76,-0.00162506103515625,0.0005,1,reinforce_hidden_size_low_seed1,-0.00162506103515625,-1.999892731419095e-07,1.0,0.00015220331260934472
615,-121.56694184017057,-172.40313732383945,75,0.0014498233795166016,0.0005,1,reinforce_hidden_size_low_seed1,0.0014498233795166016,1.7801920648707892e-07,1.0,0.00022435745631810278
616,-168.50871741849753,-175.3367492782107,64,0.002777099609375,0.0005,1,reinforce_hidden_size_low_seed1,0.002777099609375,4.936009645462036e-07,1.0,0.0004121763340663165
617,-99.48129002948414,-176.51660523765753,67,-0.001079559326171875,0.0005,1,reinforce_hidden_size_low_seed1,-0.001079559326171875,-1.75255451040357e-07,0.9999999403953552,0.00012343109119683504
618,-126.61185650741325,-179.52578114656404,57,-0.0006709098815917969,0.0005,1,reinforce_hidden_size_low_seed1,-0.0006709098815917969,-1.537172380494667e-07,1.0,0.00012960884487256408
619,-305.32259696657195,-183.61228419713606,115,0.0008721351623535156,0.0005,1,reinforce_hidden_size_low_seed1,0.0008721351623535156,5.493993171512557e-08,1.0,0.00013938390475232154
620,-402.73989024918876,-189.71660040491093,106,0.00536346435546875,0.0005,1,reinforce_hidden_size_low_seed1,0.00536346435546875,3.4525709224908496e-07,1.0,0.0004979472141712904
621,-232.36926079947494,-191.5213733016681,110,-0.0064623355865478516,0.0005,1,reinforce_hidden_size_low_seed1,-0.0064623355865478516,-3.960999492846895e-07,0.9999999403953552,0.00046723155537620187
622,-156.81408896478507,-191.3993643194026,60,0.004413604736328125,0.0005,1,reinforce_hidden_size_low_seed1,0.004413604736328125,8.761882668295584e-07,1.0,0.001233723945915699
623,-87.99791152187416,-190.0360185227854,62,-0.000469207763671875,0.0005,1,reinforce_hidden_size_low_seed1,-0.000469207763671875,-8.604219203789398e-08,1.0,4.398564851726405e-05
624,-307.8084881132405,-189.24812337733437,71,0.002501249313354492,0.0005,1,reinforce_hidden_size_low_seed1,0.002501249313354492,3.727388957486255e-07,1.0,0.000575789250433445
625,-426.725608096168,-197.55178718629836,100,0.00040435791015625,0.0005,1,reinforce_hidden_size_low_seed1,0.00040435791015625,1.7881394143159923e-08,0.9999999403953552,1.3188282537157647e-05
626,-332.0563402999262,-199.91432064238336,129,0.004488587379455566,0.0005,1,reinforce_hidden_size_low_seed1,0.004488587379455566,1.968339375935102e-07,1.0,0.0007627674494870007
627,-186.71515981167772,-201.87506983829138,66,0.0004787445068359375,0.0005,1,reinforce_hidden_size_low_seed1,0.0004787445068359375,7.947286206899662e-08,1.0,4.696218456956558e-05
628,-190.99820882791147,-201.21814109588388,106,-0.01348876953125,0.0005,1,reinforce_hidden_size_low_seed1,-0.01348876953125,-8.738265933061484e-07,1.0,0.0012267892016097903
629,-92.72682450233111,-201.50584198400855,62,0.0020694732666015625,0.0005,1,reinforce_hidden_size_low_seed1,0.0020694732666015625,3.8646882671855565e-07,1.0,0.00041185368900187314
630,-99.8070031663119,-200.79680787149965,87,0.0002474784851074219,0.0005,1,reinforce_hidden_size_low_seed1,0.0002474784851074219,2.1923547421920375e-08,1.0,9.335829417977948e-06
631,-138.36019308492467,-197.20252175749442,76,0.0004119873046875,0.0005,1,reinforce_hidden_size_low_seed1,0.0004119873046875,5.333047070621433e-08,1.0,5.1264389185234904e-05
632,-159.14762727089712,-195.577989419866,106,-0.011430740356445312,0.0005,1,reinforce_hidden_size_low_seed1,-0.011430740356445312,-7.360611107287696e-07,1.0,0.0005589075735770166
633,-104.75436607051226,-195.9402190831358,76,0.00170135498046875,0.0005,1,reinforce_hidden_size_low_seed1,0.00170135498046875,2.1018479401391232e-07,1.0,0.00012003310257568955
634,-93.48013655427478,-195.62444170070398,88,0.001068115234375,0.0005,1,reinforce_hidden_size_low_seed1,0.001068115234375,1.0295347863120696e-07,1.0,0.00013108260463923216
635,-266.54626242247843,-192.95972625582013,100,0.01255035400390625,0.0005,1,reinforce_hidden_size_low_seed1,0.01255035400390625,9.095668929148815e-07,1.0,0.0007441914058290422
636,-105.01924935473471,-193.23707359545858,76,0.0020294189453125,0.0005,1,reinforce_hidden_size_low_seed1,0.0020294189453125,2.6194672386736784e-07,0.9999999403953552,0.0002333042211830616
637,-108.4748555437112,-189.90842443908193,82,0.0032806396484375,0.0005,1,reinforce_hidden_size_low_seed1,0.0032806396484375,3.561740982149786e-07,1.0,0.00032168850884772837
638,-81.96859064622524,-188.50727019401845,101,0.0006465911865234375,0.0005,1,reinforce_hidden_size_low_seed1,0.0006465911865234375,4.7211599962793116e-08,1.0,0.00010035956802312285
639,-405.54674901276894,-187.61037274330843,75,0.003960847854614258,0.0005,1,reinforce_hidden_size_low_seed1,0.003960847854614258,5.038579047322855e-07,1.0,0.00027951577794738114
640,-125.57143572376877,-186.8937988887066,83,-0.002531766891479492,0.0005,1,reinforce_hidden_size_low_seed1,-0.002531766891479492,-2.671437187018455e-07,1.0,8.141135185724124e-05
641,-279.96575074357963,-190.09646051969798,111,-0.003824472427368164,0.0005,1,reinforce_hidden_size_low_seed1,-0.003824472427368164,-2.3627066525477858e-07,1.0,0.0003781606792472303
642,-103.38291544179705,-187.69079780038686,77,0.0011436939239501953,0.0005,1,reinforce_hidden_size_low_seed1,0.0011436939239501953,1.2230563584125775e-07,1.0,8.27087351353839e-05
643,-89.59908951190978,-186.75404655707368,116,0.0018157958984375,0.0005,1,reinforce_hidden_size_low_seed1,0.0018157958984375,9.557296465345644e-08,0.9999999403953552,0.00020885179401375353
644,-121.25470727599907,-186.2582480618872,88,0.00799560546875,0.0005,1,reinforce_hidden_size_low_seed1,0.00799560546875,7.53185986468452e-07,1.0,0.0007895846501924098
645,-245.3739990537069,-190.0713399976995,106,-0.011748313903808594,0.0005,1,reinforce_hidden_size_low_seed1,-0.011748313903808594,-7.546173037553672e-07,1.0,0.0010655369842424989
646,-265.3230544135996,-187.1845918945237,106,0.0039806365966796875,0.0005,1,reinforce_hidden_size_low_seed1,0.0039806365966796875,2.536008878450957e-07,1.0,0.00045077415416017175
647,-92.20566108104364,-187.6441477976251,77,0.0009877681732177734,0.0005,1,reinforce_hidden_size_low_seed1,0.0009877681732177734,1.0914617121215997e-07,1.0,0.00012091709504602477
648,-195.43040863602303,-190.21767479104088,104,-0.002349853515625,0.0005,1,reinforce_hidden_size_low_seed1,-0.002349853515625,-1.558890687647363e-07,1.0,0.00030468098702840507
649,-349.09791989432233,-194.24827214557627,76,-0.0024261474609375,0.0005,1,reinforce_hidden_size_low_seed1,-0.0024261474609375,-3.121401164207782e-07,1.0,0.0005959633854217827
650,-26.118759358761793,-191.6622090698225,122,-0.0003528594970703125,0.0005,1,reinforce_hidden_size_low_seed1,-0.0003528594970703125,-2.1741039191169875e-08,1.0,2.672434493433684e-05
651,-164.92831372074477,-189.80164580856245,105,0.003989219665527344,0.0005,1,reinforce_hidden_size_low_seed1,0.003989219665527344,2.565838030932355e-07,1.0,0.0001511590089648962
652,-89.57316454293318,-183.49286164319568,73,-0.0006961822509765625,0.0005,1,reinforce_hidden_size_low_seed1,-0.0006961822509765625,-8.899871772882761e-08,1.0,6.852124352008104e-05
653,-173.7456943174617,-182.9660820901094,66,-0.000545501708984375,0.0005,1,reinforce_hidden_size_low_seed1,-0.000545501708984375,-9.57286729885709e-08,1.0,7.8806777310092e-05
654,-166.8246256548273,-184.12103611888753,67,0.0003955960273742676,0.0005,1,reinforce_hidden_size_low_seed1,0.0003955960273742676,6.405275598808657e-08,0.9999999403953552,5.288631291477941e-05
655,-119.44788058603913,-183.87258446163784,115,0.012625694274902344,0.0005,1,reinforce_hidden_size_low_seed1,0.012625694274902344,6.680903084088641e-07,1.0,0.001800083788111806
656,-143.907755036857,-183.84666310935555,67,-0.002020120620727539,0.0005,1,reinforce_hidden_size_low_seed1,-0.002020120620727539,-3.327184572299302e-07,1.0,0.00024485925678163767
657,-88.3796957905687,-179.76963887136847,60,-0.0027313232421875,0.0005,1,reinforce_hidden_size_low_seed1,-0.0027313232421875,-5.622704861707462e-07,1.0,0.0003983207861892879
658,-97.03488601723166,-177.21845932266532,103,0.0009157657623291016,0.0005,1,reinforce_hidden_size_low_seed1,0.0009157657623291016,6.48128164471018e-08,1.0,7.194760837592185e-05
659,-58.841690226975196,-175.19828617744696,76,0.0006561279296875,0.0005,1,reinforce_hidden_size_low_seed1,0.0006561279296875,8.783842275761344e-08,1.0,8.593864913564175e-05
660,-158.9634356065419,-173.20645290525866,94,0.007144927978515625,0.0005,1,reinforce_hidden_size_low_seed1,0.007144927978515625,5.846328008374257e-07,1.0,0.0004892076831310987
661,-160.217246224463,-172.56820205111308,78,-0.0008355379104614258,0.0005,1,reinforce_hidden_size_low_seed1,-0.0008355379104614258,-1.0086939994380373e-07,1.0,5.3661766287405044e-05
662,-131.66359324089518,-171.61304934592866,90,-0.001987457275390625,0.0005,1,reinforce_hidden_size_low_seed1,-0.001987457275390625,-1.7881393432617188e-07,1.0,0.00019960070494562387
663,-113.22985448858759,-170.11023639562717,62,0.001674652099609375,0.0005,1,reinforce_hidden_size_low_seed1,0.001674652099609375,3.182119030498143e-07,0.9999999403953552,0.00017760301125235856
664,-192.30904378448446,-171.07877594897352,75,-0.0033593177795410156,0.0005,1,reinforce_hidden_size_low_seed1,-0.0033593177795410156,-4.355112821485818e-07,1.0,0.0002584812173154205
665,-414.62820001563915,-176.9400011124829,99,0.004428863525390625,0.0005,1,reinforce_hidden_size_low_seed1,0.004428863525390625,3.3294313084297755e-07,1.0,0.0003484412154648453
666,-92.14808716515621,-175.41278850741608,63,0.0021467208862304688,0.0005,1,reinforce_hidden_size_low_seed1,0.0021467208862304688,3.756038609026291e-07,1.0,9.188734838971868e-05
667,-69.89451746043443,-174.82105305603508,65,-0.00019741058349609375,0.0005,1,reinforce_hidden_size_low_seed1,-0.00019741058349609375,-4.034776068806423e-08,0.9999999403953552,1.5874544260441326e-05
668,-104.80947782012154,-174.38500548228927,91,0.003921985626220703,0.0005,1,reinforce_hidden_size_low_seed1,0.003921985626220703,3.432179482842912e-07,1.0,0.00035430732532404363
669,-129.25986170781997,-170.8637507771142,73,-0.0017511248588562012,0.0005,1,reinforce_hidden_size_low_seed1,-0.0017511248588562012,-2.384185791015625e-07,1.0,0.00018533298862166703
670,-335.68199735027895,-169.522592919136,102,0.0007658004760742188,0.0005,1,reinforce_hidden_size_low_seed1,0.0007658004760742188,3.3892838757765276e-08,1.0,8.054966747295111e-05
671,-329.33277135255537,-171.46186313019763,108,0.00194549560546875,0.0005,1,reinforce_hidden_size_low_seed1,0.00194549560546875,1.2252066028395348e-07,1.0,0.00018626668315846473
672,-108.8335342990114,-170.50225203688217,94,0.000408172607421875,0.0005,1,reinforce_hidden_size_low_seed1,0.000408172607421875,3.550914939864924e-08,0.9999999403953552,3.957711305702105e-05
673,-113.95873411296014,-171.02146848870387,95,-0.006148815155029297,0.0005,1,reinforce_hidden_size_low_seed1,-0.006148815155029297,-5.019338686906849e-07,1.0,0.0006873942911624908
674,-408.25463155636953,-173.03039135756643,76,0.00299072265625,0.0005,1,reinforce_hidden_size_low_seed1,0.00299072265625,3.9135156271186133e-07,1.0,0.0006591550190933049
675,-322.45845953085063,-170.94504838626008,78,0.002254486083984375,0.0005,1,reinforce_hidden_size_low_seed1,0.002254486083984375,2.9955154445815424e-07,1.0,0.00039499663398601115
676,-339.01956980292795,-171.08431297632015,71,-0.001491546630859375,0.0005,1,reinforce_hidden_size_low_seed1,-0.001491546630859375,-2.0987550897189067e-07,1.0,0.00019876252918038517
677,-116.96861628764849,-169.68938210583957,71,0.00030732154846191406,0.0005,1,reinforce_hidden_size_low_seed1,0.00030732154846191406,5.037012229536231e-08,1.0,4.1822964703897014e-05
678,-153.83006413868918,-168.94601921205512,113,0.0075380802154541016,0.0005,1,reinforce_hidden_size_low_seed1,0.0075380802154541016,4.304193907955778e-07,0.9999999403953552,0.00033638905733823776
679,-311.82252981949387,-173.32793331839835,108,-0.00031280517578125,0.0005,1,reinforce_hidden_size_low_seed1,-0.00031280517578125,-1.8764424680739467e-08,0.9999999403953552,5.932745261816308e-05
680,-220.7285959442322,-175.74636517395678,118,0.00293731689453125,0.0005,1,reinforce_hidden_size_low_seed1,0.00293731689453125,1.5456797086699225e-07,1.0,0.00027814172790385783
681,-94.88190710456276,-174.87679945434954,70,0.000904083251953125,0.0005,1,reinforce_hidden_size_low_seed1,0.000904083251953125,1.2602124854765862e-07,1.0,3.840427234536037e-05
682,-99.24607901033147,-173.67876848913824,82,0.0001430511474609375,0.0005,1,reinforce_hidden_size_low_seed1,0.0001430511474609375,1.308394637078436e-08,0.9999999403953552,1.1546637324499898e-05
683,-98.05418760071606,-173.5447649197423,79,-0.002498030662536621,0.0005,1,reinforce_hidden_size_low_seed1,-0.002498030662536621,-2.972687411784136e-07,1.0,0.00016000328469090164
684,-98.12275388001734,-173.63761726625714,106,-0.002201080322265625,0.0005,1,reinforce_hidden_size_low_seed1,-0.002201080322265625,-1.349539076045403e-07,0.9999999403953552,7.113892206689343e-05
685,-151.848843165078,-171.34366888110915,79,-0.006241202354431152,0.0005,1,reinforce_hidden_size_low_seed1,-0.006241202354431152,-7.235551038320409e-07,0.9999999403953552,0.0003061595489270985
686,-109.50466890922102,-171.4333772721989,77,0.0013570785522460938,0.0005,1,reinforce_hidden_size_low_seed1,0.0013570785522460938,1.5713952450369106e-07,0.9999999403953552,0.00011017153883585706
687,-111.3141737267378,-171.4901636358594,60,0.00279998779296875,0.0005,1,reinforce_hidden_size_low_seed1,0.00279998779296875,5.672375209542224e-07,1.0,0.00036585304769687355
688,-149.00980958925095,-172.8309880147199,97,0.004935026168823242,0.0005,1,reinforce_hidden_size_low_seed1,0.004935026168823242,3.8343605979207496e-07,1.0,0.0007282532169483602
689,-115.70891387808116,-167.03423131202618,116,0.003265380859375,0.0005,1,reinforce_hidden_size_low_seed1,0.003265380859375,1.8600759688069957e-07,0.9999999403953552,0.0001694024249445647
690,-222.18509658996766,-168.96650452935012,65,0.003545999526977539,0.0005,1,reinforce_hidden_size_low_seed1,0.003545999526977539,6.217222789928201e-07,1.0,0.0005928016034886241
691,-179.10382022759796,-166.94926591903052,89,-0.001972675323486328,0.0005,1,reinforce_hidden_size_low_seed1,-0.001972675323486328,-1.8350193897731515e-07,1.0,0.0002749752311501652
692,-163.34856561479114,-168.14857892249037,87,-0.005358219146728516,0.0005,1,reinforce_hidden_size_low_seed1,-0.005358219146728516,-5.083522296445153e-07,1.0,0.0004199050599709153
693,-90.02428242068885,-168.15708278066595,63,0.00048661231994628906,0.0005,1,reinforce_hidden_size_low_seed1,0.00048661231994628906,9.319138882801781e-08,1.0,7.638090755790472e-05
694,-18.999632237684366,-166.11198127989965,114,-0.000270843505859375,0.0005,1,reinforce_hidden_size_low_seed1,-0.000270843505859375,-1.1502650387740232e-08,0.9999999403953552,1.0783342077047564e-05
695,-83.34848180177868,-162.8714709348611,60,-0.000457763671875,0.0005,1,reinforce_hidden_size_low_seed1,-0.000457763671875,-9.586413796114357e-08,1.0,7.124234980437905e-05
696,-142.05501026856135,-160.40611005196035,76,0.00254058837890625,0.0005,1,reinforce_hidden_size_low_seed1,0.00254058837890625,3.1684575674262305e-07,1.0,0.0003617437032517046
697,-264.3047625260328,-163.8480920808601,85,0.00945901870727539,0.0005,1,reinforce_hidden_size_low_seed1,0.00945901870727539,9.5367431640625e-07,1.0,0.0011899214005097747
698,-105.42697662539659,-162.0480234406476,75,-0.0015616416931152344,0.0005,1,reinforce_hidden_size_low_seed1,-0.0015616416931152344,-1.9947687235344347e-07,1.0,0.00026576968957670033
699,-121.83860695516455,-157.50283718186444,66,0.0030717849731445312,0.0005,1,reinforce_hidden_size_low_seed1,0.0030717849731445312,5.247014769338421e-07,1.0,0.00040171013097278774
700,-124.95929251204188,-159.47964784493004,80,0.0045013427734375,0.0005,1,reinforce_hidden_size_low_seed1,0.0045013427734375,5.21540641784668e-07,1.0,0.0005340281059034169
701,-122.8082863441297,-158.63724729739772,62,0.000431060791015625,0.0005,1,reinforce_hidden_size_low_seed1,0.000431060791015625,8.123536332504955e-08,0.9999999403953552,6.037450293661095e-05
702,-97.66381229934998,-158.79906025252606,60,7.62939453125e-05,0.0005,1,reinforce_hidden_size_low_seed1,7.62939453125e-05,2.582867963951685e-08,1.0,9.353860150440596e-06
703,-78.73111663974251,-156.89876869897168,78,0.000164031982421875,0.0005,1,reinforce_hidden_size_low_seed1,0.000164031982421875,1.5283243115504774e-08,1.0,1.0843710697372444e-05
704,-388.28241000235494,-161.32792438592224,96,-0.0129852294921875,0.0005,1,reinforce_hidden_size_low_seed1,-0.0129852294921875,-1.0356307029724121e-06,1.0,0.0011706482619047165
705,-271.6106238150612,-164.37117925050268,116,0.000759124755859375,0.0005,1,reinforce_hidden_size_low_seed1,0.000759124755859375,3.6995984942223004e-08,1.0,6.481679884018376e-05
706,-415.02246855610446,-169.79347352088763,111,0.002209186553955078,0.0005,1,reinforce_hidden_size_low_seed1,0.002209186553955078,1.2243116032095713e-07,1.0,0.0002110993373207748
707,-81.18903564690017,-169.6496603180143,71,0.0007143020629882812,0.0005,1,reinforce_hidden_size_low_seed1,0.0007143020629882812,1.1669078503473429e-07,1.0,0.0001318017311859876
708,-124.38542988062983,-170.19667119528222,90,-0.004162788391113281,0.0005,1,reinforce_hidden_size_low_seed1,-0.004162788391113281,-3.702110689118854e-07,1.0,0.0003657712950371206
709,-140.12742426171755,-171.8223858759771,85,0.002502918243408203,0.0005,1,reinforce_hidden_size_low_seed1,0.002502918243408203,2.524432147765765e-07,1.0,0.00023300384054891765
710,-238.46255560085942,-173.41236827586346,97,-0.011827468872070312,0.0005,1,reinforce_hidden_size_low_seed1,-0.011827468872070312,-8.946841489887447e-07,1.0,0.0016610905295237899
711,-174.8931023243207,-173.70588539786058,74,0.004444122314453125,0.0005,1,reinforce_hidden_size_low_seed1,0.004444122314453125,5.896026777918451e-07,1.0,0.0003693013859447092
712,-94.84585003380582,-172.9695305337188,107,0.00016736984252929688,0.0005,1,reinforce_hidden_size_low_seed1,0.00016736984252929688,1.6711583228357085e-08,1.0,1.1636079761956353e-05
713,-128.38118523262065,-173.27255714859945,85,-0.00014662742614746094,0.0005,1,reinforce_hidden_size_low_seed1,-0.00014662742614746094,-1.4024622352337701e-08,1.0,1.0501807082619052e-05
714,-326.87436575268157,-175.96386358796337,76,-0.00553131103515625,0.0005,1,reinforce_hidden_size_low_seed1,-0.00553131103515625,-6.799635343668342e-07,1.0,0.000935937452595681
715,-150.0096900036819,-170.67149338772427,99,-0.003991842269897461,0.0005,1,reinforce_hidden_size_low_seed1,-0.003991842269897461,-2.914004824106087e-07,1.0,0.00046107740490697324
716,-130.38708094758834,-171.4362732633729,91,-0.0028867721557617188,0.0005,1,reinforce_hidden_size_low_seed1,-0.0028867721557617188,-2.475885310104786e-07,1.0,0.00039991000085137784
717,-106.51839061997033,-172.16875072656364,60,0.000274658203125,0.0005,1,reinforce_hidden_size_low_seed1,0.000274658203125,6.258487417198921e-08,1.0,3.955050851800479e-05
718,-104.09836508390484,-172.15452847183928,98,0.00168609619140625,0.0005,1,reinforce_hidden_size_low_seed1,0.00168609619140625,1.2103392066364904e-07,1.0,0.00011788281699409708
719,-244.1389073333125,-174.45210938434914,77,0.00595545768737793,0.0005,1,reinforce_hidden_size_low_seed1,0.00595545768737793,7.291893098226865e-07,1.0,0.0006801174604333937
720,-171.06407537676995,-171.15975094487894,71,0.00036072731018066406,0.0005,1,reinforce_hidden_size_low_seed1,0.00036072731018066406,5.8765142085803745e-08,1.0,3.415494938963093e-05
721,-69.94679382231749,-165.9720313942742,62,-0.0006923675537109375,0.0005,1,reinforce_hidden_size_low_seed1,-0.0006923675537109375,-1.225740646759732e-07,1.0,0.00015228005941025913
722,-95.16293444146295,-165.69861939712322,64,-0.0036468505859375,0.0005,1,reinforce_hidden_size_low_seed1,-0.0036468505859375,-6.444752216339111e-07,1.0,0.00016369958757422864
723,-216.8010630429674,-167.75546597572338,55,-0.0019286870956420898,0.0005,1,reinforce_hidden_size_low_seed1,-0.0019286870956420898,-4.790045977642876e-07,1.0,0.00031381886219605803
724,-79.22711778463058,-161.17491570028858,71,-0.0003924369812011719,0.0005,1,reinforce_hidden_size_low_seed1,-0.0003924369812011719,-5.2049127674536066e-08,0.9999999403953552,4.110723966732621e-05
725,-482.2005761692228,-164.36975803305603,124,-0.0009918212890625,0.0005,1,reinforce_hidden_size_low_seed1,-0.0009918212890625,-5.095235877661253e-08,1.0,0.00018735190678853542
726,-106.67763629754207,-159.72291936294832,69,-5.221366882324219e-05,0.0005,1,reinforce_hidden_size_low_seed1,-5.221366882324219e-05,-5.183012685705535e-09,1.0,3.6589915453077992e-06
727,-474.1508461052651,-166.86656395930066,113,-0.007583498954772949,0.0005,1,reinforce_hidden_size_low_seed1,-0.007583498954772949,-4.3358423340578156e-07,1.0,0.0007773822289891541
728,-72.6730608045026,-165.24342389261693,66,0.0007190704345703125,0.0005,1,reinforce_hidden_size_low_seed1,0.0007190704345703125,1.2643408808798995e-07,1.0,5.6448785471729934e-05
729,-111.7517984825906,-161.24200926587883,95,-0.0017268657684326172,0.0005,1,reinforce_hidden_size_low_seed1,-0.0017268657684326172,-1.3113022134803032e-07,1.0,0.00021005282178521156
730,-119.49782505207257,-159.21739384803567,65,0.0012536048889160156,0.0005,1,reinforce_hidden_size_low_seed1,0.0012536048889160156,2.1274273365179397e-07,1.0,0.00011568170157261193
731,-84.99454568710844,-159.01964661968657,55,-0.00018739700317382812,0.0005,1,reinforce_hidden_size_low_seed1,-0.00018739700317382812,-4.9851156092017845e-08,0.9999999403953552,2.4756984203122556e-05
732,-152.14539966508264,-160.0776330327816,102,-0.00689697265625,0.0005,1,reinforce_hidden_size_low_seed1,-0.00689697265625,-4.803433171218785e-07,1.0,0.000549729447811842
733,-224.3091900454737,-162.60273308167675,78,0.0008668899536132812,0.0005,1,reinforce_hidden_size_low_seed1,0.0008668899536132812,1.0621853618886234e-07,1.0,0.00010119121725438163
734,-289.82368186178365,-166.43675164131207,99,-0.004011988639831543,0.0005,1,reinforce_hidden_size_low_seed1,-0.004011988639831543,-2.974211668060889e-07,1.0,0.0003535248979460448
735,-140.50700427054514,-166.2099148634214,109,0.0064258575439453125,0.0005,1,reinforce_hidden_size_low_seed1,0.0064258575439453125,3.964529184941057e-07,1.0,0.00019559352949727327
736,-140.66314891507272,-166.83308446353843,79,0.01072072982788086,0.0005,1,reinforce_hidden_size_low_seed1,0.01072072982788086,1.2524520798251615e-06,1.0,0.002061437349766493
737,-160.340906283068,-167.81361911466504,106,-0.0050640106201171875,0.0005,1,reinforce_hidden_size_low_seed1,-0.0050640106201171875,-3.2164015806301904e-07,1.0,0.00048380650696344674
738,-98.81692440665819,-166.8097614110132,128,-0.0015869140625,0.0005,1,reinforce_hidden_size_low_seed1,-0.0015869140625,-6.705522537231445e-08,1.0,0.00015891424845904112
739,-256.7337795241275,-169.63025872393413,68,0.002655029296875,0.0005,1,reinforce_hidden_size_low_seed1,0.002655029296875,4.2775099018399487e-07,1.0,0.00019589613657444715
740,-125.41603381127213,-167.6948774683602,103,0.004054069519042969,0.0005,1,reinforce_hidden_size_low_seed1,0.004054069519042969,2.8239870175639226e-07,1.0,0.00029656864353455603
741,-380.03218274029103,-171.71344471861408,95,-0.0022695064544677734,0.0005,1,reinforce_hidden_size_low_seed1,-0.0022695064544677734,-2.0704771941382205e-07,1.0,0.00021369196474552155
742,-356.5617410853106,-175.57770822802445,97,-0.005199432373046875,0.0005,1,reinforce_hidden_size_low_seed1,-0.005199432373046875,-4.030994489312434e-07,1.0,0.0007968518766574562
743,-113.83996942287784,-176.05402196806827,74,-0.0008697509765625,0.0005,1,reinforce_hidden_size_low_seed1,-0.0008697509765625,-1.1679288292043566e-07,0.9999999403953552,0.00010577955981716514
744,-93.0848860415381,-177.53572704414532,107,-0.003717184066772461,0.0005,1,reinforce_hidden_size_low_seed1,-0.003717184066772461,-2.250493196243042e-07,1.0,0.0003457058919593692
745,-101.0844914098406,-177.89044723630658,57,0.0011796951293945312,0.0005,1,reinforce_hidden_size_low_seed1,0.0011796951293945312,2.6246956963404955e-07,1.0,5.088172838441096e-05
746,-76.05871931544388,-176.5705214172442,56,0.001495361328125,0.0005,1,reinforce_hidden_size_low_seed1,0.001495361328125,3.405979782655777e-07,1.0,0.00024060117721091956
747,-113.23902798848982,-173.54920672649337,59,0.00037288665771484375,0.0005,1,reinforce_hidden_size_low_seed1,0.00037288665771484375,8.48608507908466e-08,0.9999999403953552,4.458233524928801e-05
748,-165.15321458888093,-174.74373148576302,69,-0.0008909702301025391,0.0005,1,reinforce_hidden_size_low_seed1,-0.0008909702301025391,-1.33030653159949e-07,1.0,5.8570112742017955e-05
749,-213.9635770058798,-176.58623088677734,69,0.001804351806640625,0.0005,1,reinforce_hidden_size_low_seed1,0.001804351806640625,2.842018602677854e-07,0.9999999403953552,0.000396580871893093
750,-178.61013730962028,-177.65924778272893,73,0.0008982419967651367,0.0005,1,reinforce_hidden_size_low_seed1,0.0008982419967651367,1.2574130892062385e-07,1.0,8.41509026940912e-05
751,-92.48056670645246,-177.05269338997536,69,-0.0014597177505493164,0.0005,1,reinforce_hidden_size_low_seed1,-0.0014597177505493164,-2.2546105071796774e-07,1.0,0.00017757662863004953
752,-116.93659484101914,-177.43814904080875,66,0.002565145492553711,0.0005,1,reinforce_hidden_size_low_seed1,0.002565145492553711,4.172325134277344e-07,1.0,0.00038705524639226496
753,-143.6319775633396,-178.73616625928068,97,-0.005424022674560547,0.0005,1,reinforce_hidden_size_low_seed1,-0.005424022674560547,-4.203049286388705e-07,1.0,0.00034280639374628663
754,-29.26881082948897,-171.55589427582336,105,0.00018024444580078125,0.0005,1,reinforce_hidden_size_low_seed1,0.00018024444580078125,1.8165225768029813e-08,1.0,2.3309627067646943e-05
755,-127.74638308269652,-168.67860946117608,89,0.00012123584747314453,0.0005,1,reinforce_hidden_size_low_seed1,0.00012123584747314453,1.4733732456306825e-08,1.0,1.6439729733974673e-05
756,-205.16681324239204,-164.48149635490182,76,6.67572021484375e-05,0.0005,1,reinforce_hidden_size_low_seed1,6.67572021484375e-05,7.842716698291952e-09,0.9999999403953552,9.14504471438704e-06
757,-117.70451896756543,-165.21180602131514,70,0.0032672882080078125,0.0005,1,reinforce_hidden_size_low_seed1,0.0032672882080078125,4.95570020575542e-07,1.0,0.00046585447853431106
758,-237.97362041017698,-167.48356983190607,79,-0.006899118423461914,0.0005,1,reinforce_hidden_size_low_seed1,-0.006899118423461914,-8.193752591978409e-07,1.0,0.0010778342839330435
759,-91.13527716273902,-166.5037268899265,65,-0.0013979673385620117,0.0005,1,reinforce_hidden_size_low_seed1,-0.0013979673385620117,-2.420865712338127e-07,1.0,0.00011374218593118712
760,-143.15637409773342,-164.59760325986397,94,-0.006195068359375,0.0005,1,reinforce_hidden_size_low_seed1,-0.006195068359375,-5.079076572656049e-07,0.9999999403953552,0.0006984233623370528
761,-220.42485472291474,-165.50823830783585,93,-0.005590915679931641,0.0005,1,reinforce_hidden_size_low_seed1,-0.005590915679931641,-4.7427352001250256e-07,1.0,0.0007143627153709531
762,-109.58312151375003,-165.80298373743477,68,0.00091552734375,0.0005,1,reinforce_hidden_size_low_seed1,0.00091552734375,1.3674006993369403e-07,1.0,0.00015380309196189046
763,-133.6774134002501,-165.90890830078735,65,-0.0016345977783203125,0.0005,1,reinforce_hidden_size_low_seed1,-0.0016345977783203125,-2.7509835831551754e-07,0.9999999403953552,0.00011870136950165033
764,-115.73479849773567,-161.68611695568842,77,-0.0019669532775878906,0.0005,1,reinforce_hidden_size_low_seed1,-0.0019669532775878906,-2.5002987058542203e-07,1.0,0.0001745915214996785
765,-135.33507485927407,-161.39262465280027,71,-0.0029273033142089844,0.0005,1,reinforce_hidden_size_low_seed1,-0.0029273033142089844,-4.3234354052401613e-07,1.0,0.00021193030988797545
766,-261.6917718223841,-164.0187184702962,97,-0.004028797149658203,0.0005,1,reinforce_hidden_size_low_seed1,-0.004028797149658203,-3.121562883734441e-07,1.0,0.00025925497175194323
767,-102.90299480902632,-163.9464105540773,71,-0.0018134117126464844,0.0005,1,reinforce_hidden_size_low_seed1,-0.0018134117126464844,-2.619246401991404e-07,1.0,0.00012944979243911803
768,-108.14912419583628,-164.02742573631593,127,-0.0039746761322021484,0.0005,1,reinforce_hidden_size_low_seed1,-0.0039746761322021484,-1.7552864051140205e-07,1.0,0.0003839749551843852
769,-155.4275992346915,-162.2531995743435,102,-0.004776954650878906,0.0005,1,reinforce_hidden_size_low_seed1,-0.004776954650878906,-3.398048988856317e-07,1.0,0.00026056639035232365
770,-138.99264486839428,-161.611770964176,67,-0.00019073486328125,0.0005,1,reinforce_hidden_size_low_seed1,-0.00019073486328125,-3.113675361987589e-08,1.0,1.887760117824655e-05
771,-289.64378278485833,-166.00571074342682,100,-0.00611114501953125,0.0005,1,reinforce_hidden_size_low_seed1,-0.00611114501953125,-4.339218264703959e-07,0.9999999403953552,0.0012329763267189264
772,-118.47594941522877,-166.4719710429021,92,-0.0043182373046875,0.0005,1,reinforce_hidden_size_low_seed1,-0.0043182373046875,-3.6799389135921956e-07,1.0,0.0006690183654427528
773,-174.93725259625256,-165.63469483396784,92,0.00605010986328125,0.0005,1,reinforce_hidden_size_low_seed1,0.00605010986328125,5.170055032976961e-07,1.0,0.0007366842473857105
774,-152.40080321145695,-167.09816854250437,76,0.004791259765625,0.0005,1,reinforce_hidden_size_low_seed1,0.004791259765625,6.070262656976411e-07,1.0,0.0006142288912087679
775,-89.51730121707261,-159.24450304346135,72,-0.0005950927734375,0.0005,1,reinforce_hidden_size_low_seed1,-0.0005950927734375,-7.947286206899662e-08,1.0,4.2029150790767744e-05
776,-136.32588502259284,-159.83746801796235,90,0.0060405731201171875,0.0005,1,reinforce_hidden_size_low_seed1,0.0060405731201171875,5.45216948921734e-07,0.9999999403953552,0.0003789357142522931
777,-136.46574912776134,-153.0837660784123,91,0.009288549423217773,0.0005,1,reinforce_hidden_size_low_seed1,0.009288549423217773,8.226750765061297e-07,1.0,0.00045424452400766313
778,-122.62045592613418,-154.08271398084491,93,0.00897979736328125,0.0005,1,reinforce_hidden_size_low_seed1,0.00897979736328125,7.556330956504098e-07,0.9999999403953552,0.0005574979004450142
779,-129.4318929443266,-154.43631587007965,69,-0.0033539533615112305,0.0005,1,reinforce_hidden_size_low_seed1,-0.0033539533615112305,-5.252119308352121e-07,1.0,0.0005473807104863226
780,-242.5411447810419,-156.89718226465905,104,-0.0141143798828125,0.0005,1,reinforce_hidden_size_low_seed1,-0.0141143798828125,-9.439312407266698e-07,0.9999999403953552,0.0010588569566607475
781,-123.14319271498869,-157.66015520521663,98,0.000476837158203125,0.0005,1,reinforce_hidden_size_low_seed1,0.000476837158203125,3.892548150474795e-08,1.0,8.647294453112409e-05
782,-325.13927934135825,-161.12003279874216,123,-0.011980295181274414,0.0005,1,reinforce_hidden_size_low_seed1,-0.011980295181274414,-5.815087433802546e-07,1.0,0.0010409705573692918
783,-197.3870553896602,-160.58159010562588,121,-0.009612441062927246,0.0005,1,reinforce_hidden_size_low_seed1,-0.009612441062927246,-4.714185593002185e-07,1.0,0.0008448258158750832
784,22.314372730960557,-154.338829013771,87,0.0001729726791381836,0.0005,1,reinforce_hidden_size_low_seed1,0.0001729726791381836,1.3702217138700234e-08,1.0,1.236603293364169e-05
785,-210.79854008196912,-155.74465972999948,71,-0.004274129867553711,0.0005,1,reinforce_hidden_size_low_seed1,-0.004274129867553711,-6.413795858861704e-07,1.0,0.0005470626056194305
786,-109.02471602011535,-155.11189107210032,78,-4.76837158203125e-05,0.0005,1,reinforce_hidden_size_low_seed1,-4.76837158203125e-05,2.292486422916795e-09,1.0,2.4560799829487223e-06
787,-423.99017225732035,-160.38487639158538,103,-0.004736423492431641,0.0005,1,reinforce_hidden_size_low_seed1,-0.004736423492431641,-3.333230722546432e-07,1.0,0.0005223712651059031
788,-144.0351641280514,-161.28924118601324,86,0.0036640167236328125,0.0005,1,reinforce_hidden_size_low_seed1,0.0036640167236328125,3.652517079899553e-07,0.9999999403953552,0.0005467897863127291
789,-231.6190896761697,-160.7869473890541,84,0.00337982177734375,0.0005,1,reinforce_hidden_size_low_seed1,0.00337982177734375,3.5053207625423966e-07,1.0,0.000344852393027395
790,-107.29907524947512,-160.42460821781816,75,-0.001780867576599121,0.0005,1,reinforce_hidden_size_low_seed1,-0.001780867576599121,-2.2411346378703456e-07,1.0,0.00015452095249202102
791,-337.5947604271307,-159.57585977155495,99,-0.0015189647674560547,0.0005,1,reinforce_hidden_size_low_seed1,-0.0015189647674560547,-1.1680101863476011e-07,1.0,0.00021683250088244677
792,-69.31437647875332,-153.83091247942377,72,0.0013427734375,0.0005,1,reinforce_hidden_size_low_seed1,0.0013427734375,1.986821445143505e-07,1.0,0.00014318674220703542
793,-301.82875867470017,-157.59068826446025,99,-0.0003389120101928711,0.0005,1,reinforce_hidden_size_low_seed1,-0.0003389120101928711,-2.1072349198902884e-08,1.0,2.9254235414555296e-05
794,-117.17488798537646,-158.07248830333702,64,-0.00494384765625,0.0005,1,reinforce_hidden_size_low_seed1,-0.00494384765625,-8.307397365570068e-07,1.0,0.001149456133134663
795,-348.3491579495536,-163.01778163413127,84,1.1444091796875e-05,0.0005,1,reinforce_hidden_size_low_seed1,1.1444091796875e-05,0.0,1.0,0.0
796,-79.40374329712404,-163.08468211376487,62,-4.76837158203125e-05,0.0005,1,reinforce_hidden_size_low_seed1,-4.76837158203125e-05,-9.132969935876645e-09,1.0,5.905139914830215e-06
797,-334.0310546413782,-167.50052264682265,116,-0.0131072998046875,0.0005,1,reinforce_hidden_size_low_seed1,-0.0131072998046875,-7.111450486263493e-07,1.0,0.001566715887747705
798,25.13662961025149,-163.69472576284,105,-0.0007269382476806641,0.0005,1,reinforce_hidden_size_low_seed1,-0.0007269382476806641,-4.8819043030334797e-08,1.0,7.604342681588605e-05
799,-302.4789534013521,-165.46503329074946,124,-0.006439208984375,0.0005,1,reinforce_hidden_size_low_seed1,-0.006439208984375,-2.9441810056596296e-07,1.0,0.000641053484287113
800,-92.57748854905343,-163.74438031553808,68,0.00180816650390625,0.0005,1,reinforce_hidden_size_low_seed1,0.00180816650390625,2.7348013986738806e-07,1.0,0.0003058471193071455
