episode,total_reward,moving_avg_reward,episode_length,loss,learning_rate,seed,exp_name,policy_loss,return_mean,return_std,grad_norm,value_loss,adv_mean,adv_std
1,-237.84238409621983,-237.84238409621983,105,-162.23045349121094,0.0005,1,reinforce_gamma_high_baseline_seed1,-162.23045349121094,1.3964516654141335e-07,1.0,14.401815414428711,0.9996550679206848,-0.010584756731987,1.0045665502548218
2,-121.67244521584301,-179.75741465603141,91,139.62733459472656,0.0005,1,reinforce_gamma_high_baseline_seed1,139.62733459472656,-3.399429715500446e-07,1.0,14.723555564880371,1.0144716501235962,0.01214052177965641,1.0127164125442505
3,-72.80199248543829,-144.1056072658337,117,33.65358352661133,0.0005,1,reinforce_gamma_high_baseline_seed1,33.65358352661133,-6.418962072984868e-08,1.0,2.725554943084717,1.0112783908843994,0.0017702161567285657,1.0099470615386963
4,-331.63921911473363,-190.9890102280587,109,-840.8436279296875,0.0005,1,reinforce_gamma_high_baseline_seed1,-840.8436279296875,-3.2263063332038655e-08,1.0,100.10189056396484,0.8965675234794617,-0.05082551762461662,0.9498746991157532
5,-397.55813761245474,-232.30283570493788,87,-744.6619873046875,0.0005,1,reinforce_gamma_high_baseline_seed1,-744.6619873046875,-2.1341203648717055e-07,0.9999999403953552,132.69677734375,0.896554708480835,-0.07038174569606781,0.9497202634811401
6,-306.43604187966343,-244.65837006739216,92,-877.0331420898438,0.0005,1,reinforce_gamma_high_baseline_seed1,-877.0331420898438,-8.292819870803214e-07,1.0,232.82186889648438,0.943202555179596,-0.07624851912260056,0.9734935164451599
7,-177.8319679012414,-235.11174118651348,111,-1420.37255859375,0.0005,1,reinforce_gamma_high_baseline_seed1,-1420.37255859375,3.651455813269422e-07,1.0,175.00738525390625,0.9791538119316101,-0.08318086713552475,0.9904913902282715
8,-258.12712521483695,-237.98866419005392,100,-1377.7822265625,0.0005,1,reinforce_gamma_high_baseline_seed1,-1377.7822265625,3.6716460272145923e-07,1.0,98.14078521728516,0.8623877167701721,-0.09911853075027466,0.9279950857162476
9,-91.92090932592686,-221.75891364959534,112,-214.5208282470703,0.0005,1,reinforce_gamma_high_baseline_seed1,-214.5208282470703,-6.029648602634552e-07,1.0,22.141265869140625,1.0027639865875244,-0.012279624119400978,1.0058059692382812
10,-65.70012819776211,-206.15303510441203,77,-243.848876953125,0.0005,1,reinforce_gamma_high_baseline_seed1,-243.848876953125,-2.2758136708489474e-07,1.0,55.94468307495117,1.0519503355026245,-0.029946299269795418,1.031931757926941
11,-96.21164371749217,-196.1583631601466,70,-799.5816650390625,0.0005,1,reinforce_gamma_high_baseline_seed1,-799.5816650390625,-3.899846774402249e-07,1.0,67.06774139404297,1.069717526435852,-0.11821222305297852,1.0349125862121582
12,-85.28899309891817,-186.91924898837757,71,-685.7882080078125,0.0005,1,reinforce_gamma_high_baseline_seed1,-685.7882080078125,1.3751043752563419e-06,1.0,112.05239868164062,1.0824640989303589,-0.09971266239881516,1.0429972410202026
13,-251.24540074793802,-191.86741450834373,94,396.90301513671875,0.0005,1,reinforce_gamma_high_baseline_seed1,396.90301513671875,9.067515094329792e-08,1.0,39.73219680786133,0.9543587565422058,0.03271082788705826,0.981600284576416
14,-146.88651950684996,-188.65449343680848,125,641.162353515625,0.0005,1,reinforce_gamma_high_baseline_seed1,641.162353515625,4.52518463589513e-07,1.0,67.91307067871094,0.9067431092262268,0.029482847079634666,0.9556041359901428
15,-312.1489247483834,-196.8874555242468,125,-2580.145263671875,0.0005,1,reinforce_gamma_high_baseline_seed1,-2580.145263671875,2.701282539874228e-07,1.0,284.9333801269531,0.8783133029937744,-0.12037888169288635,0.9331604838371277
16,-395.1428940154723,-209.2784204299484,96,-1406.675537109375,0.0005,1,reinforce_gamma_high_baseline_seed1,-1406.675537109375,-9.934107225717526e-08,1.0,332.3993225097656,0.736785888671875,-0.10839119553565979,0.8559610247612
17,-446.22873457120147,-223.2166742029633,97,1202.537353515625,0.0005,1,reinforce_gamma_high_baseline_seed1,1202.537353515625,1.9663387718082959e-07,1.0,146.00482177734375,0.9806832671165466,0.0932406559586525,0.9910168647766113
18,-254.67677333470732,-224.96445748806016,93,-50.868385314941406,0.0005,1,reinforce_gamma_high_baseline_seed1,-50.868385314941406,4.0377341292696656e-07,1.0,6.676362991333008,0.8899243474006653,-0.004319982603192329,0.9484611749649048
19,-79.64033474674025,-217.31581944904332,64,-548.1221923828125,0.0005,1,reinforce_gamma_high_baseline_seed1,-548.1221923828125,1.8440186977386475e-07,0.9999999403953552,54.7403678894043,1.0722101926803589,-0.09681321680545807,1.0390899181365967
20,-138.2860228914392,-213.36432962116314,64,113.64640808105469,0.0005,1,reinforce_gamma_high_baseline_seed1,113.64640808105469,-6.556510925292969e-07,1.0,14.562090873718262,0.9155470728874207,0.0201891902834177,0.9641916155815125
21,-71.26018940000921,-206.59746580110817,72,-417.5619812011719,0.0005,1,reinforce_gamma_high_baseline_seed1,-417.5619812011719,1.738468853318409e-07,1.0,69.1279525756836,1.0236445665359497,-0.05834300071001053,1.0171579122543335
22,-134.15859483361595,-203.30478984804037,78,-1072.9613037109375,0.0005,1,reinforce_gamma_high_baseline_seed1,-1072.9613037109375,7.305389999601175e-07,1.0,157.90829467773438,0.97099369764328,-0.12820716202259064,0.9833379983901978
23,-306.406482515259,-207.78747213791942,84,-319.8494567871094,0.0005,1,reinforce_gamma_high_baseline_seed1,-319.8494567871094,1.5468825154130172e-07,1.0,70.3383560180664,0.934079647064209,-0.032323651015758514,0.9717387557029724
24,-119.94169602302881,-204.12723146646564,99,-162.75416564941406,0.0005,1,reinforce_gamma_high_baseline_seed1,-162.75416564941406,-7.05622653640603e-07,0.9999999403953552,15.030652046203613,0.8203480243682861,-0.012001237832009792,0.9102600812911987
25,-416.1541489762108,-212.60830816685547,90,149.02774047851562,0.0005,1,reinforce_gamma_high_baseline_seed1,149.02774047851562,-3.364351073287253e-07,0.9999999403953552,30.37686538696289,0.8161083459854126,0.01319044828414917,0.9083513617515564
26,-607.9088448785017,-227.81217496345724,97,20.207183837890625,0.0005,1,reinforce_gamma_high_baseline_seed1,20.207183837890625,1.7205463720415537e-08,1.0,4.819002628326416,0.6873591542243958,0.0015975169371813536,0.8333765864372253
27,-218.29594385387435,-227.45972195939862,59,-330.62554931640625,0.0005,1,reinforce_gamma_high_baseline_seed1,-330.62554931640625,-9.09223416556415e-08,0.9999999403953552,82.56717681884766,0.8068695664405823,-0.0693364217877388,0.9032666683197021
28,-438.86544699323844,-235.00992642489288,88,484.03460693359375,0.0005,1,reinforce_gamma_high_baseline_seed1,484.03460693359375,1.761046348747186e-07,1.0,52.17446517944336,0.7227262258529663,0.0458073616027832,0.8537628650665283
29,-204.5319505785146,-233.95896174053502,76,-212.72152709960938,0.0005,1,reinforce_gamma_high_baseline_seed1,-212.72152709960938,-4.6742590598114475e-07,1.0,18.875125885009766,0.7498182654380798,-0.02682734839618206,0.8712557554244995
30,-72.99119865352874,-228.5933696376348,67,-288.1842346191406,0.0005,1,reinforce_gamma_high_baseline_seed1,-288.1842346191406,1.1565080448860954e-08,0.9999999403953552,20.958715438842773,1.0753532648086548,-0.04645407199859619,1.0437700748443604
31,-170.3199134536131,-226.7135807284728,107,452.1607666015625,0.0005,1,reinforce_gamma_high_baseline_seed1,452.1607666015625,-3.342316645671417e-08,0.9999999403953552,49.27642059326172,0.6660773158073425,0.02877156250178814,0.8194665312767029
32,-140.9761838673337,-224.0342870765622,70,-569.5901489257812,0.0005,1,reinforce_gamma_high_baseline_seed1,-569.5901489257812,-9.196145356327179e-07,1.0,96.31715393066406,0.8864262104034424,-0.08637119084596634,0.9443012475967407
33,-216.53219328828843,-223.80695090115998,63,-558.5765991210938,0.0005,1,reinforce_gamma_high_baseline_seed1,-558.5765991210938,4.469165730824898e-07,1.0,294.8663635253906,0.6859204173088074,-0.10741212964057922,0.827804446220398
34,-175.93119586222548,-222.39884045883838,70,-237.98927307128906,0.0005,1,reinforce_gamma_high_baseline_seed1,-237.98927307128906,-3.201620870640909e-07,1.0,56.74271011352539,0.649505078792572,-0.03612774610519409,0.8109217286109924
35,-524.7128698463457,-231.03638415562432,108,-1449.982666015625,0.0005,1,reinforce_gamma_high_baseline_seed1,-1449.982666015625,1.650165586397634e-07,1.0,103.07320404052734,0.4446220099925995,-0.09160014986991882,0.6635573506355286
36,-121.68220526136234,-227.99876807522813,69,-840.97216796875,0.0005,1,reinforce_gamma_high_baseline_seed1,-840.97216796875,-4.794286496689892e-07,1.0,106.00687408447266,0.7864871025085449,-0.1306472271680832,0.8835911750793457
37,-268.26707808904814,-229.08710077830438,89,-596.9351806640625,0.0005,1,reinforce_gamma_high_baseline_seed1,-596.9351806640625,-2.5851002760646224e-07,1.0,94.76039123535156,0.5451142191886902,-0.05511657893657684,0.7404298782348633
38,-91.43631150231322,-225.46471158683087,82,-486.8660888671875,0.0005,1,reinforce_gamma_high_baseline_seed1,-486.8660888671875,-6.760038786524092e-07,1.0,90.85801696777344,1.0026684999465942,-0.05323932692408562,1.0060704946517944
39,-73.77057494409566,-221.57511833958125,65,-409.64837646484375,0.0005,1,reinforce_gamma_high_baseline_seed1,-409.64837646484375,-8.986546617961721e-08,1.0,73.53449249267578,1.2671195268630981,-0.06872965395450592,1.1323076486587524
40,-108.88601542026397,-218.75789076659834,84,-187.17176818847656,0.0005,1,reinforce_gamma_high_baseline_seed1,-187.17176818847656,7.379622957159881e-08,1.0,14.76481819152832,0.7454474568367004,-0.019224068149924278,0.8683632016181946
41,-398.3070655733914,-223.1371389326177,100,-1088.28125,0.0005,1,reinforce_gamma_high_baseline_seed1,-1088.28125,-2.312660285497259e-07,1.0,247.6058807373047,0.3674989342689514,-0.08009073138237,0.6039302349090576
42,-84.49922911544557,-219.83623631792312,77,-286.2120666503906,0.0005,1,reinforce_gamma_high_baseline_seed1,-286.2120666503906,-2.957009712645231e-07,1.0,32.98444366455078,1.238508939743042,-0.03496590629220009,1.119627833366394
43,-302.61859091384156,-221.7614073550375,111,1851.202392578125,0.0005,1,reinforce_gamma_high_baseline_seed1,1851.202392578125,4.295830358103103e-09,1.0,199.40283203125,0.4809589087963104,0.10837800800800323,0.6880978941917419
44,-387.5129997878196,-225.5284890012371,108,-1634.9208984375,0.0005,1,reinforce_gamma_high_baseline_seed1,-1634.9208984375,-6.070843383554347e-09,1.0,270.82781982421875,0.5709052085876465,-0.10076988488435745,0.7523239850997925
45,-91.31438835589894,-222.54595343134068,66,-552.5736083984375,0.0005,1,reinforce_gamma_high_baseline_seed1,-552.5736083984375,1.3442653425954632e-06,1.0,130.24398803710938,1.3719662427902222,-0.09026651084423065,1.1767752170562744
46,-205.34661816420726,-222.1720548385769,115,1201.3931884765625,0.0005,1,reinforce_gamma_high_baseline_seed1,1201.3931884765625,-5.8049739237731046e-08,1.0,85.14086151123047,0.45524919033050537,0.06611704081296921,0.6744129061698914
47,-197.984809840008,-221.65743260456483,78,-654.5331420898438,0.0005,1,reinforce_gamma_high_baseline_seed1,-654.5331420898438,-5.5019672373646245e-08,1.0,83.73706817626953,0.4614381194114685,-0.08035680651664734,0.6788886189460754
48,-212.49916206934995,-221.46663530174783,114,491.5691223144531,0.0005,1,reinforce_gamma_high_baseline_seed1,491.5691223144531,1.7881393432617188e-07,1.0,72.53983306884766,0.4166357219219208,0.027186697348952293,0.6477477550506592
49,-118.58074094104697,-219.36692317193763,63,-535.0775756835938,0.0005,1,reinforce_gamma_high_baseline_seed1,-535.0775756835938,-9.579317747920868e-07,0.9999999403953552,101.6990966796875,0.7483804225921631,-0.10025234520435333,0.8661630749702454
50,-358.7972142724087,-222.15552899394706,105,-1008.255615234375,0.0005,1,reinforce_gamma_high_baseline_seed1,-1008.255615234375,-9.309678006275135e-08,1.0,211.34695434570312,0.281674325466156,-0.06909885257482529,0.528736412525177
51,-147.4177798620709,-220.34703690926406,67,-307.2542419433594,0.0005,1,reinforce_gamma_high_baseline_seed1,-307.2542419433594,2.3486009581574763e-07,1.0,55.59324645996094,0.6893566250801086,-0.04901600256562233,0.8350823521614075
52,-184.77149910291786,-221.60901798700553,91,32.15229034423828,0.0005,1,reinforce_gamma_high_baseline_seed1,32.15229034423828,-1.3099922036019507e-08,1.0,2.225071907043457,0.42804649472236633,0.0028218463994562626,0.6578711867332458
53,-177.47785998037648,-223.70253533690433,71,-971.978271484375,0.0005,1,reinforce_gamma_high_baseline_seed1,-971.978271484375,5.523923505279527e-07,1.0,254.20350646972656,0.6169714331626892,-0.14647351205348969,0.7771900296211243
54,-117.3022281072368,-219.41579551675437,71,-128.48779296875,0.0005,1,reinforce_gamma_high_baseline_seed1,-128.48779296875,-1.8133243884221883e-07,1.0,18.554616928100586,0.7617699503898621,-0.018743712455034256,0.8788037300109863
55,-229.8896089440281,-216.06242494338585,57,-1353.9281005859375,0.0005,1,reinforce_gamma_high_baseline_seed1,-1353.9281005859375,1.7776824279280845e-07,1.0,346.0605163574219,0.44917410612106323,-0.3092992603778839,0.599850594997406
56,-343.268982487553,-216.79908375554365,95,1260.723876953125,0.0005,1,reinforce_gamma_high_baseline_seed1,1260.723876953125,1.4963903538500745e-07,1.0,268.843994140625,0.32513585686683655,0.10046590864658356,0.5642641186714172
57,-443.93642667751345,-222.12117293106908,64,-2358.4453125,0.0005,1,reinforce_gamma_high_baseline_seed1,-2358.4453125,5.587935447692871e-09,1.0,960.3718872070312,0.3215422034263611,-0.439905047416687,0.360635370016098
58,-276.06921544923273,-222.48001473575698,92,-1543.0137939453125,0.0005,1,reinforce_gamma_high_baseline_seed1,-1543.0137939453125,-1.9663053762997151e-07,1.0,182.5425262451172,0.3015097975730896,-0.1346360296010971,0.535254180431366
59,-137.79956471275267,-223.39758784349354,97,1720.3770751953125,0.0005,1,reinforce_gamma_high_baseline_seed1,1720.3770751953125,3.7852021250728285e-07,1.0,142.49794006347656,0.41994425654411316,0.1335631161928177,0.6374117732048035
60,-417.07767547207817,-230.4251387889798,95,-1875.7587890625,0.0005,1,reinforce_gamma_high_baseline_seed1,-1875.7587890625,2.0642029596729117e-07,1.0,383.4285583496094,0.17445072531700134,-0.15227168798446655,0.39099010825157166
61,-104.88706638713377,-230.5986472423727,69,407.19189453125,0.0005,1,reinforce_gamma_high_baseline_seed1,407.19189453125,-3.7922376350252307e-07,1.0,68.07852172851562,1.3838231563568115,0.06311001628637314,1.1832717657089233
62,-101.94638331938444,-230.93179504678199,83,1400.413330078125,0.0005,1,reinforce_gamma_high_baseline_seed1,1400.413330078125,-5.687575708179793e-07,1.0,148.60498046875,0.8387617468833923,0.14606904983520508,0.9096120595932007
63,-106.07472933969183,-228.02838161861706,72,-152.3978271484375,0.0005,1,reinforce_gamma_high_baseline_seed1,-152.3978271484375,2.4653143100294983e-06,1.0,26.867876052856445,1.3332198858261108,-0.02096434496343136,1.162562608718872
64,-315.4295380759079,-231.39924198999822,94,-1865.2545166015625,0.0005,1,reinforce_gamma_high_baseline_seed1,-1865.2545166015625,2.8629253279177647e-07,1.0,402.2169494628906,0.21163447201251984,-0.15343107283115387,0.4360228180885315
65,-289.71380909446157,-230.9505396769198,121,-131.2320556640625,0.0005,1,reinforce_gamma_high_baseline_seed1,-131.2320556640625,3.4482025057513965e-07,0.9999999403953552,12.564716339111328,0.33612215518951416,-0.006538223475217819,0.5821340680122375
66,-488.3253955569826,-232.81418970775002,104,488.4976806640625,0.0005,1,reinforce_gamma_high_baseline_seed1,488.4976806640625,1.1233183272452152e-07,1.0,89.08179473876953,0.0899440124630928,0.0329250767827034,0.29953742027282715
67,-296.8129092149244,-229.82587320062444,91,-1058.2420654296875,0.0005,1,reinforce_gamma_high_baseline_seed1,-1058.2420654296875,2.226986737241532e-07,1.0,103.50459289550781,0.1746748387813568,-0.09225031733512878,0.40989142656326294
68,-458.814345866891,-233.9086246512681,86,-1523.745849609375,0.0005,1,reinforce_gamma_high_baseline_seed1,-1523.745849609375,6.445618794259644e-08,1.0,226.25657653808594,0.07733181118965149,-0.14970627427101135,0.2357243299484253
69,-141.9287722553526,-235.15439340144036,60,189.55311584472656,0.0005,1,reinforce_gamma_high_baseline_seed1,189.55311584472656,-1.2566646319100983e-06,1.0,37.584716796875,0.5384400486946106,0.03802288696169853,0.7389830350875854
70,-178.05693256635283,-235.94981159493867,91,1458.7508544921875,0.0005,1,reinforce_gamma_high_baseline_seed1,1458.7508544921875,5.449567765936081e-07,1.0,184.50411987304688,0.28438854217529297,0.12766465544700623,0.5206429362297058
71,-218.61896285731203,-238.89698706408473,83,-492.69415283203125,0.0005,1,reinforce_gamma_high_baseline_seed1,-492.69415283203125,3.734266940114139e-08,1.0,43.64208221435547,0.21941451728343964,-0.051769185811281204,0.46837759017944336
72,-427.43820366977104,-244.76257924080778,96,-691.3704833984375,0.0005,1,reinforce_gamma_high_baseline_seed1,-691.3704833984375,6.332993507385254e-08,1.0,225.94656372070312,0.027274923399090767,-0.055954840034246445,0.15619900822639465
73,-438.70299280562233,-247.40850944661506,118,3666.0625,0.0005,1,reinforce_gamma_high_baseline_seed1,3666.0625,7.0717374178741466e-09,1.0,312.596435546875,0.08448547124862671,0.19273988902568817,0.21849802136421204
74,-89.59761690139017,-246.8016278641823,85,334.7899169921875,0.0005,1,reinforce_gamma_high_baseline_seed1,334.7899169921875,-5.82021826289747e-08,1.0,46.724491119384766,0.6586338877677917,0.033279627561569214,0.8156924247741699
75,-182.75904416687445,-242.13372576799557,80,2051.418212890625,0.0005,1,reinforce_gamma_high_baseline_seed1,2051.418212890625,2.0712613491014054e-07,1.0,423.611083984375,0.5265340805053711,0.22718946635723114,0.6934916377067566
76,-165.14551662067757,-233.2784592028391,81,1264.354248046875,0.0005,1,reinforce_gamma_high_baseline_seed1,1264.354248046875,3.738167890787736e-07,1.0,134.596923828125,0.5214455127716064,0.1401621699333191,0.7127920985221863
77,-213.17682808272838,-233.17607688741617,107,3464.168212890625,0.0005,1,reinforce_gamma_high_baseline_seed1,3464.168212890625,2.3061984677497094e-07,1.0,210.85902404785156,0.1862563192844391,0.21832631528377533,0.37402859330177307
78,-95.8350402843464,-226.31546875323835,64,-9.960968017578125,0.0005,1,reinforce_gamma_high_baseline_seed1,-9.960968017578125,7.115304470062256e-07,1.0,1.3238706588745117,1.3585329055786133,-0.0017656683921813965,1.174773931503296
79,-298.5644140156985,-228.196118021982,76,-1479.10791015625,0.0005,1,reinforce_gamma_high_baseline_seed1,-1479.10791015625,3.388053357866738e-07,1.0,204.35023498535156,0.10702400654554367,-0.18575268983840942,0.27108460664749146
80,-128.31341528163975,-229.30256235454425,113,7058.0771484375,0.0005,1,reinforce_gamma_high_baseline_seed1,7058.0771484375,-4.219797844484674e-09,1.0,532.5216064453125,0.8487017750740051,0.39812350273132324,0.8344829678535461
81,-138.82793202705577,-228.6727227260131,56,-960.3187255859375,0.0005,1,reinforce_gamma_high_baseline_seed1,-960.3187255859375,3.480485588625015e-07,1.0,126.64588165283203,0.29418501257896423,-0.21904884278774261,0.5006785988807678
82,-137.62342410302253,-228.60566753072686,83,-23.05797576904297,0.0005,1,reinforce_gamma_high_baseline_seed1,-23.05797576904297,4.940722533319786e-07,1.0,1.2937045097351074,0.27033865451812744,-0.002424353500828147,0.5230960845947266
83,-182.72090574784454,-227.92944177991797,82,675.715087890625,0.0005,1,reinforce_gamma_high_baseline_seed1,675.715087890625,-2.0934314193254977e-07,1.0,118.64004516601562,0.3439443111419678,0.07202276587486267,0.5856101512908936
84,-112.0639667843649,-226.65209719836076,109,2632.4306640625,0.0005,1,reinforce_gamma_high_baseline_seed1,2632.4306640625,1.6076849362889334e-07,1.0,424.97381591796875,1.731882095336914,0.15936890244483948,1.3123583793640137
85,-135.39826249042238,-218.86580505124232,79,78.70147705078125,0.0005,1,reinforce_gamma_high_baseline_seed1,78.70147705078125,-6.669684466942272e-07,1.0,11.211692810058594,0.2335510551929474,0.00914620142430067,0.48627209663391113
86,-164.4660243214394,-219.72148143244382,64,-1222.76025390625,0.0005,1,reinforce_gamma_high_baseline_seed1,-1222.76025390625,2.3469328880310059e-07,0.9999999403953552,249.6419677734375,0.41791465878486633,-0.21598204970359802,0.6141331791877747
87,-124.62333240017472,-216.84860651866637,81,-758.1083984375,0.0005,1,reinforce_gamma_high_baseline_seed1,-758.1083984375,1.615948121980182e-06,1.0,123.4348373413086,1.3305145502090454,-0.08361595124006271,1.157612681388855
88,-100.45951419088755,-217.02907057243786,89,-1590.6163330078125,0.0005,1,reinforce_gamma_high_baseline_seed1,-1590.6163330078125,-1.0199761391049833e-06,1.0,287.0068054199219,1.780429482460022,-0.14353762567043304,1.334100604057312
89,-95.38745921642652,-217.46140825788447,97,2450.8330078125,0.0005,1,reinforce_gamma_high_baseline_seed1,2450.8330078125,-2.691426175260858e-07,1.0,242.31105041503906,0.9084903597831726,0.18830472230911255,0.9392154812812805
90,-133.66702875510222,-217.95702852458126,96,1945.69287109375,0.0005,1,reinforce_gamma_high_baseline_seed1,1945.69287109375,-2.7442970917945786e-07,1.0,264.7192077636719,0.5928916931152344,0.1510729342699051,0.7589923143386841
91,-72.49553770704595,-211.44079796725433,95,-64.55050659179688,0.0005,1,reinforce_gamma_high_baseline_seed1,-64.55050659179688,6.776107142059118e-08,1.0,4.996256351470947,0.4049476087093353,-0.005180703941732645,0.6397097110748291
92,-140.7928248420692,-212.5666698817868,117,2851.374267578125,0.0005,1,reinforce_gamma_high_baseline_seed1,2851.374267578125,3.194197688571876e-07,1.0,520.05126953125,0.7278726696968079,0.15062013268470764,0.8433655500411987
93,-163.69168603731896,-209.78813178425636,65,-1969.7821044921875,0.0005,1,reinforce_gamma_high_baseline_seed1,-1969.7821044921875,7.61105454216704e-08,1.0,288.47064208984375,0.27528509497642517,-0.33588293194770813,0.40620967745780945
94,-124.07840732357033,-204.5194399349714,93,399.2993469238281,0.0005,1,reinforce_gamma_high_baseline_seed1,399.2993469238281,-2.5828680350059585e-07,1.0,59.08010482788086,0.3639511466026306,0.03345785290002823,0.6056199669837952
95,-129.67947003941268,-205.28674156864162,91,-221.80795288085938,0.0005,1,reinforce_gamma_high_baseline_seed1,-221.80795288085938,1.9256884797869134e-07,1.0,27.966007232666016,0.5360804796218872,-0.019414793699979782,0.7359727025032043
96,-461.4594542053813,-210.40899828946513,140,1806.423095703125,0.0005,1,reinforce_gamma_high_baseline_seed1,1806.423095703125,6.079673653403006e-07,1.0,190.3501739501953,0.2849755585193634,0.06643082946538925,0.5315834283828735
97,-381.7263529495183,-214.08382915165532,78,-1988.5888671875,0.0005,1,reinforce_gamma_high_baseline_seed1,-1988.5888671875,2.437677153466211e-07,1.0,636.0370483398438,0.27317437529563904,-0.2349744439125061,0.4698851406574249
98,-145.05650669025633,-212.73497604407345,80,-750.4401245117188,0.0005,1,reinforce_gamma_high_baseline_seed1,-750.4401245117188,-5.848705768585205e-07,1.0,58.77512741088867,0.37565866112709045,-0.0849209576845169,0.6108281016349792
99,-334.00378594693433,-217.0434369441912,88,-2702.8515625,0.0005,1,reinforce_gamma_high_baseline_seed1,-2702.8515625,7.044184968663103e-08,1.0,262.8262023925781,0.09302353858947754,-0.25306370854377747,0.17121751606464386
100,-87.39303357483293,-211.6153533302397,63,-1035.13330078125,0.0005,1,reinforce_gamma_high_baseline_seed1,-1035.13330078125,4.3710073782676773e-07,1.0,97.57622528076172,1.7761257886886597,-0.18756552040576935,1.3300468921661377
101,-149.2142947512021,-211.65128362802233,85,891.2847900390625,0.0005,1,reinforce_gamma_high_baseline_seed1,891.2847900390625,2.545469044434867e-07,1.0,96.23582458496094,0.2426053285598755,0.08881641924381256,0.4873512089252472
102,-432.9249826849928,-216.6143532996638,116,-1265.77734375,0.0005,1,reinforce_gamma_high_baseline_seed1,-1265.77734375,-1.1150179091146128e-07,1.0,191.82594299316406,0.013012908399105072,-0.06880421936511993,0.09138315171003342
103,-89.09624818338699,-214.84672106372403,114,5913.48486328125,0.0005,1,reinforce_gamma_high_baseline_seed1,5913.48486328125,4.76837158203125e-07,1.0,534.9447021484375,1.9426946640014648,0.3269786834716797,1.360891342163086
104,-79.86997620837674,-214.09807602574682,71,-1434.4132080078125,0.0005,1,reinforce_gamma_high_baseline_seed1,-1434.4132080078125,-1.8636944787431275e-07,1.0,145.04074096679688,1.4557101726531982,-0.20621518790721893,1.1972359418869019
105,-228.61152635596457,-214.07251437398554,70,-2968.983154296875,0.0005,1,reinforce_gamma_high_baseline_seed1,-2968.983154296875,-1.7881393432617188e-07,1.0,493.452392578125,0.3112378418445587,-0.43348267674446106,0.3537202477455139
106,-120.08471391338016,-209.6088290025021,61,-1546.2186279296875,0.0005,1,reinforce_gamma_high_baseline_seed1,-1546.2186279296875,6.497883475731214e-08,1.0,145.56405639648438,0.5250658392906189,-0.3024788200855255,0.6639266610145569
107,-96.41007946931265,-202.65830205833808,65,-378.71307373046875,0.0005,1,reinforce_gamma_high_baseline_seed1,-378.71307373046875,7.308446470233321e-07,1.0,35.21965026855469,1.1820238828659058,-0.06458651274442673,1.0937350988388062
108,-120.98987637469803,-199.5567152768474,71,-384.58349609375,0.0005,1,reinforce_gamma_high_baseline_seed1,-384.58349609375,-5.095777169117355e-07,1.0,43.6430549621582,0.4255000948905945,-0.055051058530807495,0.6546027660369873
109,-266.63258631497865,-202.13337570889192,84,31.5403995513916,0.0005,1,reinforce_gamma_high_baseline_seed1,31.5403995513916,-1.4546371573942452e-07,1.0,4.335235118865967,0.25161662697792053,0.0032520454842597246,0.5046161413192749
110,-208.5902885837276,-197.96362797112488,87,-692.7816772460938,0.0005,1,reinforce_gamma_high_baseline_seed1,-692.7816772460938,-3.4392564884910826e-07,1.0,114.37406921386719,0.264100581407547,-0.06706235557794571,0.5124664306640625
111,-224.98180787981363,-200.3655228009785,104,4090.28125,0.0005,1,reinforce_gamma_high_baseline_seed1,4090.28125,6.052163712411129e-07,1.0,434.3257141113281,0.24937620759010315,0.27329105138778687,0.4199811816215515
112,-121.47213515172865,-200.75603783762537,76,-187.93991088867188,0.0005,1,reinforce_gamma_high_baseline_seed1,-187.93991088867188,-9.936721880876576e-07,1.0,32.23749542236328,0.6982782483100891,-0.023637885227799416,0.8408462405204773
113,-33.17160111079755,-199.29797527304748,86,1959.892578125,0.0005,1,reinforce_gamma_high_baseline_seed1,1959.892578125,-2.266362599812055e-07,1.0,435.1134948730469,1.8723100423812866,0.18920497596263885,1.3631278276443481
114,-87.32770882653406,-194.73593868806,67,197.52838134765625,0.0005,1,reinforce_gamma_high_baseline_seed1,197.52838134765625,-3.763099130082992e-07,1.0,38.423919677734375,1.815781593322754,0.03175045922398567,1.3573024272918701
115,-482.27414955586954,-198.5871454972882,88,1068.119873046875,0.0005,1,reinforce_gamma_high_baseline_seed1,1068.119873046875,-1.043081283569336e-07,1.0,267.90753173828125,0.018490450456738472,0.1005207970738411,0.09210000187158585
116,-121.0211789984125,-191.24106116611676,115,4355.966796875,0.0005,1,reinforce_gamma_high_baseline_seed1,4355.966796875,3.5555467547965236e-07,0.9999999403953552,463.07061767578125,0.3913552463054657,0.23687365651130676,0.5815383791923523
117,-58.662783597642594,-186.47805865377114,82,1789.75830078125,0.0005,1,reinforce_gamma_high_baseline_seed1,1789.75830078125,2.3260349735210184e-07,1.0,115.14571380615234,1.567867398262024,0.1925944983959198,1.2448586225509644
118,-234.79721791370082,-181.99771609470733,101,3204.529296875,0.0005,1,reinforce_gamma_high_baseline_seed1,3204.529296875,-7.31779792317866e-08,1.0,435.60693359375,0.3065759539604187,0.22595210373401642,0.508012592792511
119,-113.24991776575588,-181.4241390049154,68,-177.62074279785156,0.0005,1,reinforce_gamma_high_baseline_seed1,-177.62074279785156,-7.888850177550921e-07,1.0,24.939123153686523,0.46909451484680176,-0.027887040749192238,0.6894248723983765
120,-219.78365943331863,-182.25867354225474,81,-1125.551513671875,0.0005,1,reinforce_gamma_high_baseline_seed1,-1125.551513671875,-3.046459653432976e-07,1.0,132.54263305664062,0.2125566452741623,-0.1246279627084732,0.4466400444507599
121,-86.58444799049511,-179.61798324491835,66,-197.69976806640625,0.0005,1,reinforce_gamma_high_baseline_seed1,-197.69976806640625,-1.3907749973895989e-07,0.9999999403953552,25.025802612304688,1.4858468770980835,-0.03258794546127319,1.2278549671173096
122,-198.938206327719,-175.04798329807736,90,-1682.3787841796875,0.0005,1,reinforce_gamma_high_baseline_seed1,-1682.3787841796875,-4.3842527475135284e-07,1.0,245.48953247070312,1.0169450044631958,-0.15083226561546326,1.0026791095733643
123,-199.87391772387633,-170.2714017964424,80,-987.2297973632812,0.0005,1,reinforce_gamma_high_baseline_seed1,-987.2297973632812,-1.8328428552649711e-07,1.0,81.68827056884766,0.22681841254234314,-0.11181850731372833,0.465862512588501
124,-218.95110990565473,-172.85847165652768,93,-131.50665283203125,0.0005,1,reinforce_gamma_high_baseline_seed1,-131.50665283203125,-2.3072765031884046e-08,1.0,30.130849838256836,0.1249852254986763,-0.011110403575003147,0.3552730977535248
125,-526.4048745660456,-179.7313882645111,89,-4070.509521484375,0.0005,1,reinforce_gamma_high_baseline_seed1,-4070.509521484375,-4.0852620486475644e-07,1.0,957.0792236328125,0.2923643887042999,-0.37248778343200684,0.3941609561443329
126,-98.09835133361346,-178.39044495876985,86,289.64788818359375,0.0005,1,reinforce_gamma_high_baseline_seed1,289.64788818359375,-7.083249897732458e-07,1.0,53.12770080566406,1.786878228187561,0.02830561436712742,1.3442803621292114
127,-253.8053759744579,-179.20301591660441,94,425.60809326171875,0.0005,1,reinforce_gamma_high_baseline_seed1,425.60809326171875,-3.0468117984128185e-07,1.0,40.822696685791016,0.12277887016534805,0.03507639095187187,0.3505074679851532
128,-178.66666162604292,-180.85964834343835,94,-351.5988464355469,0.0005,1,reinforce_gamma_high_baseline_seed1,-351.5988464355469,-1.4140250925720466e-07,1.0,50.93244171142578,0.3154630959033966,-0.028949955478310585,0.5639220476150513
129,-101.30498019669707,-176.91445966705834,70,-101.00094604492188,0.0005,1,reinforce_gamma_high_baseline_seed1,-101.00094604492188,-4.717281854027533e-07,1.0,11.829872131347656,0.5924336910247803,-0.014746643602848053,0.7751123309135437
130,-113.24335905082032,-176.61305854244193,67,-280.38763427734375,0.0005,1,reinforce_gamma_high_baseline_seed1,-280.38763427734375,2.384185791015625e-07,1.0,16.767892837524414,0.5015931725502014,-0.04492137208580971,0.7121408581733704
131,-229.2390430168357,-178.42128076223756,118,4383.85546875,0.0005,1,reinforce_gamma_high_baseline_seed1,4383.85546875,5.8594395113686915e-08,1.0,449.6665344238281,0.44344207644462585,0.2260635793209076,0.629039466381073
132,-162.37622435226766,-178.91633676722245,90,690.9544677734375,0.0005,1,reinforce_gamma_high_baseline_seed1,690.9544677734375,-1.4305115314527939e-07,1.0,114.10631561279297,0.25177785754203796,0.06183083727955818,0.5007402896881104
133,-194.25588273784044,-179.14703630702235,73,-1584.09375,0.0005,1,reinforce_gamma_high_baseline_seed1,-1584.09375,1.1267727018093865e-07,1.0,290.869140625,0.36811795830726624,-0.21413032710552216,0.5716135501861572
134,-376.3020725755827,-184.43179842284673,89,3023.5810546875,0.0005,1,reinforce_gamma_high_baseline_seed1,3023.5810546875,-1.8885965857862175e-07,0.9999999403953552,493.8997497558594,0.4188319146633148,0.2754956781864166,0.5889235734939575
135,-150.57769589442168,-184.7353870909267,94,-1418.8331298828125,0.0005,1,reinforce_gamma_high_baseline_seed1,-1418.8331298828125,1.5979117051756475e-07,1.0,209.93980407714844,1.20189368724823,-0.1166214868426323,1.0959336757659912
136,-218.2323952957392,-185.81071451041268,95,94.04863739013672,0.0005,1,reinforce_gamma_high_baseline_seed1,94.04863739013672,-5.477353397509432e-07,1.0,15.23275375366211,0.2024567723274231,0.007601081859320402,0.4522744119167328
137,-129.49420771838726,-185.90813201677693,76,-425.05413818359375,0.0005,1,reinforce_gamma_high_baseline_seed1,-425.05413818359375,1.1434680118327378e-06,1.0,44.1883430480957,0.6350582242012024,-0.05296562984585762,0.800426721572876
138,-214.80176452717376,-188.1949770235027,140,4436.79736328125,0.0005,1,reinforce_gamma_high_baseline_seed1,4436.79736328125,-1.932893525236068e-07,1.0,349.2955322265625,0.52752286195755,0.16338813304901123,0.7102325558662415
139,-442.4735530508869,-195.13669890019187,80,-2753.8466796875,0.0005,1,reinforce_gamma_high_baseline_seed1,-2753.8466796875,-1.1920929132713809e-08,1.0,1017.8932495117188,0.22906029224395752,-0.31062257289886475,0.3664042353630066
140,-162.45721873218304,-195.71250269973348,108,1336.2630615234375,0.0005,1,reinforce_gamma_high_baseline_seed1,1336.2630615234375,6.302639121713582e-07,1.0,184.49136352539062,0.6320757269859314,0.08238932490348816,0.7944378852844238
141,-189.75391284456083,-198.0576702024838,88,-381.658935546875,0.0005,1,reinforce_gamma_high_baseline_seed1,-381.658935546875,-4.510987992034643e-07,1.0,48.67141342163086,0.23346367478370667,-0.03550506755709648,0.48463597893714905
142,-322.73152162588656,-201.69644413816016,132,974.0409545898438,0.0005,1,reinforce_gamma_high_baseline_seed1,974.0409545898438,-4.6780616003161413e-07,1.0,69.66388702392578,0.7106450200080872,0.040374841541051865,0.8452379703521729
143,-81.55801364678584,-200.0537706903495,62,-1428.499267578125,0.0005,1,reinforce_gamma_high_baseline_seed1,-1428.499267578125,1.5045365842070169e-07,1.0,386.0850524902344,1.8706210851669312,-0.26798194646835327,1.352144718170166
144,-297.1171533041889,-203.51454560996186,87,-445.4584045410156,0.0005,1,reinforce_gamma_high_baseline_seed1,-445.4584045410156,-5.378120135901554e-07,1.0,101.59135437011719,0.12566892802715302,-0.04256758838891983,0.3539733290672302
145,-317.53831478078894,-207.2717225047894,91,-2535.327880859375,0.0005,1,reinforce_gamma_high_baseline_seed1,-2535.327880859375,-3.333930180815514e-07,1.0,281.2185363769531,0.16058510541915894,-0.21968598663806915,0.33700329065322876
146,-78.4203097746864,-199.6109396161755,59,-1543.3026123046875,0.0005,1,reinforce_gamma_high_baseline_seed1,-1543.3026123046875,-5.010830932405952e-07,1.0,404.4702453613281,0.9846773147583008,-0.3230092227458954,0.946319580078125
147,-217.7037125834691,-196.33048680885452,75,-675.0255737304688,0.0005,1,reinforce_gamma_high_baseline_seed1,-675.0255737304688,3.7829082089047006e-07,1.0,71.98493194580078,0.21616816520690918,-0.08666452020406723,0.45986640453338623
148,-431.7200324941051,-202.06375732493146,93,1301.22412109375,0.0005,1,reinforce_gamma_high_baseline_seed1,1301.22412109375,4.0281204860548314e-07,1.0,169.6211395263672,0.03811608627438545,0.10967063903808594,0.16239459812641144
149,-388.08490769336555,-203.1453797598601,100,-383.5545959472656,0.0005,1,reinforce_gamma_high_baseline_seed1,-383.5545959472656,-3.5762788286319847e-08,1.0,46.645103454589844,0.034415774047374725,-0.028400756418704987,0.18425162136554718
150,-89.4615142931484,-203.18674937422642,91,2113.78369140625,0.0005,1,reinforce_gamma_high_baseline_seed1,2113.78369140625,-1.3558418743286893e-07,0.9999999403953552,241.29612731933594,1.640102505683899,0.18464918434619904,1.2743043899536133
151,-333.82928063030676,-206.87904909180853,104,1338.204345703125,0.0005,1,reinforce_gamma_high_baseline_seed1,1338.204345703125,-9.169945514031497e-08,1.0,163.79800415039062,0.03672976791858673,0.09012358635663986,0.16995660960674286
152,-288.0990319012428,-203.98253007613351,120,1337.7451171875,0.0005,1,reinforce_gamma_high_baseline_seed1,1337.7451171875,1.9272168572115334e-07,1.0,227.5335693359375,0.1660415083169937,0.06869995594024658,0.4033329486846924
153,-461.2546880165683,-211.42569887279714,82,-2630.416748046875,0.0005,1,reinforce_gamma_high_baseline_seed1,-2630.416748046875,-1.4537718584506365e-07,1.0,631.6939086914062,0.11730801314115524,-0.29862233996391296,0.1687602996826172
154,-63.63406180101563,-211.1009805846499,64,-827.31005859375,0.0005,1,reinforce_gamma_high_baseline_seed1,-827.31005859375,1.564621925354004e-07,1.0,128.5800323486328,1.7993634939193726,-0.14716820418834686,1.3438462018966675
155,-207.71749276681857,-210.683099912867,116,2921.96044921875,0.0005,1,reinforce_gamma_high_baseline_seed1,2921.96044921875,-2.8312206268310547e-07,1.0,164.87823486328125,0.25282880663871765,0.15659496188163757,0.47988760471343994
156,-245.3349408179703,-213.18810445095878,132,6135.5849609375,0.0005,1,reinforce_gamma_high_baseline_seed1,6135.5849609375,2.2577516745059256e-07,1.0,816.3883666992188,0.1499125063419342,0.25615254044532776,0.29144787788391113
157,-111.16491945103812,-213.4832012505933,62,-821.6734619140625,0.0005,1,reinforce_gamma_high_baseline_seed1,-821.6734619140625,6.248873773984087e-08,1.0,106.32839965820312,0.4796645939350128,-0.15297523140907288,0.6809867024421692
158,-221.3745230668261,-215.49089418443586,85,-32.448543548583984,0.0005,1,reinforce_gamma_high_baseline_seed1,-32.448543548583984,-1.416486838934361e-07,1.0,3.1744225025177,0.20384375751018524,-0.003227250650525093,0.4541584849357605
159,-192.02328150058577,-213.99870808814802,92,603.23828125,0.0005,1,reinforce_gamma_high_baseline_seed1,603.23828125,1.2827956652472494e-07,1.0,97.31580352783203,0.24252700805664062,0.05252085626125336,0.49234479665756226
160,-286.30003613358724,-215.5529030391452,97,1564.528564453125,0.0005,1,reinforce_gamma_high_baseline_seed1,1564.528564453125,-8.602731860207768e-09,1.0,196.47203063964844,0.1762767881155014,0.12107772380113602,0.4041045606136322
161,-142.12720684638825,-213.8958110184767,139,8841.638671875,0.0005,1,reinforce_gamma_high_baseline_seed1,8841.638671875,1.4236505307962943e-07,1.0,687.5214233398438,0.8961092829704285,0.3311688303947449,0.8900198340415955
162,-134.17138464951324,-214.1497960084324,77,341.32562255859375,0.0005,1,reinforce_gamma_high_baseline_seed1,341.32562255859375,-3.3904979090948473e-07,1.0,53.01079559326172,0.3950665295124054,0.04176110029220581,0.6312668323516846
163,-259.11637773396296,-218.6686915408957,96,2589.67626953125,0.0005,1,reinforce_gamma_high_baseline_seed1,2589.67626953125,1.5025337063434563e-07,1.0,244.85177612304688,0.3115297257900238,0.20353345572948456,0.5224433541297913
164,-275.7580964081007,-222.43729929252703,83,8.79284381866455,0.0005,1,reinforce_gamma_high_baseline_seed1,8.79284381866455,3.9640679005970014e-07,1.0,1.0596472024917603,0.11972571909427643,0.0009366974118165672,0.3481162190437317
165,-134.401117811046,-215.47983865763052,111,5159.9140625,0.0005,1,reinforce_gamma_high_baseline_seed1,5159.9140625,-3.4366641443739354e-07,1.0,386.3314514160156,0.5465705990791321,0.3010615408420563,0.6782900094985962
166,-80.28896545349221,-214.66519438673214,71,-510.8953552246094,0.0005,1,reinforce_gamma_high_baseline_seed1,-510.8953552246094,-4.818741672352189e-07,1.0,76.47301483154297,1.053464651107788,-0.07337825000286102,1.0310444831848145
167,-139.93591863387292,-216.29065708745674,69,-2263.916015625,0.0005,1,reinforce_gamma_high_baseline_seed1,-2263.916015625,7.532644872298988e-07,1.0000001192092896,172.61358642578125,0.5398260354995728,-0.3434758186340332,0.6542583703994751
168,-125.89758896135788,-214.11266450840992,109,3484.128173828125,0.0005,1,reinforce_gamma_high_baseline_seed1,3484.128173828125,-2.0232769770700543e-07,1.0,405.8446960449219,0.4357077181339264,0.2114885449409485,0.6281723380088806
169,-333.37664803907234,-218.51519911387624,89,-3447.355712890625,0.0005,1,reinforce_gamma_high_baseline_seed1,-3447.355712890625,-1.500161914691489e-07,1.0,308.267822265625,0.44219478964805603,-0.31781888008117676,0.5874207019805908
170,-109.01053098650017,-216.29973654493983,74,-693.7965087890625,0.0005,1,reinforce_gamma_high_baseline_seed1,-693.7965087890625,-1.9331235279196335e-08,0.9999999403953552,48.605167388916016,1.5501770973205566,-0.0919085443019867,1.2501397132873535
171,-133.4153693760024,-217.23635497265002,74,-1204.3443603515625,0.0005,1,reinforce_gamma_high_baseline_seed1,-1204.3443603515625,-1.3628521173814079e-06,1.0,159.0534210205078,0.9593572616577148,-0.16044358909130096,0.9728331565856934
172,-68.00954466635199,-214.61778173942264,63,-805.1099853515625,0.0005,1,reinforce_gamma_high_baseline_seed1,-805.1099853515625,1.9773604265083122e-07,1.0,67.26814270019531,1.4784880876541138,-0.14750312268733978,1.21664559841156
173,-157.35549846308788,-213.76741335420687,94,14.613571166992188,0.0005,1,reinforce_gamma_high_baseline_seed1,14.613571166992188,1.1160018686950934e-07,1.0,1.3226548433303833,0.34082645177841187,0.0012046952033415437,0.5869325399398804
174,-419.1486438443591,-217.77136403298096,89,2036.681396484375,0.0005,1,reinforce_gamma_high_baseline_seed1,2036.681396484375,5.491664012424735e-08,1.0,509.67083740234375,0.09500202536582947,0.19665391743183136,0.2386825680732727
175,-102.86211905611492,-209.30050892278234,71,-1171.361328125,0.0005,1,reinforce_gamma_high_baseline_seed1,-1171.361328125,1.5111036191228777e-06,1.0,231.558837890625,1.3611172437667847,-0.17128868401050568,1.1622405052185059
176,-152.9528501161042,-210.3975988984322,94,-2304.078125,0.0005,1,reinforce_gamma_high_baseline_seed1,-2304.078125,-5.4848953823238844e-08,1.0,226.46058654785156,0.35097435116767883,-0.18900534510612488,0.5644830465316772
177,-368.9892585064036,-212.70127654907108,167,545.9396362304688,0.0005,1,reinforce_gamma_high_baseline_seed1,545.9396362304688,-3.854671604130999e-07,1.0,46.014495849609375,0.3151462972164154,0.014320778660476208,0.5628840327262878
178,-113.39703473127915,-211.3958840111758,86,-0.4477987289428711,0.0005,1,reinforce_gamma_high_baseline_seed1,-0.4477987289428711,-2.2940857036246598e-07,1.0,0.03747554123401642,0.706695020198822,-4.402288323035464e-05,0.845582127571106
179,-85.94603753986361,-211.08870515803915,159,12195.0546875,0.0005,1,reinforce_gamma_high_baseline_seed1,12195.0546875,2.9240013077469484e-07,1.0,1730.6192626953125,0.7864925265312195,0.35551729798316956,0.815032422542572
180,-278.7856791062254,-214.39955155914726,124,1682.3255615234375,0.0005,1,reinforce_gamma_high_baseline_seed1,1682.3255615234375,2.095776210353506e-07,1.0,225.07183837890625,0.14207810163497925,0.08150480687618256,0.3695080280303955
181,-197.13158743891296,-213.7574024475888,127,5299.32666015625,0.0005,1,reinforce_gamma_high_baseline_seed1,5299.32666015625,5.2095398217488764e-08,1.0,357.1236267089844,0.19334080815315247,0.2391865998506546,0.37042003870010376
182,-328.39326154871844,-217.0777431915178,96,7208.29736328125,0.0005,1,reinforce_gamma_high_baseline_seed1,7208.29736328125,-2.558032576871483e-07,1.0,944.0999145507812,0.6398577690124512,0.5828418731689453,0.5507382154464722
183,-130.41012099637396,-215.8008279566885,83,-3201.71337890625,0.0005,1,reinforce_gamma_high_baseline_seed1,-3201.71337890625,3.2387583814852405e-07,0.9999999403953552,456.6901550292969,0.6544740796089172,-0.33867529034614563,0.7391588091850281
184,-464.894843862003,-217.57268338241687,82,-7838.93212890625,0.0005,1,reinforce_gamma_high_baseline_seed1,-7838.93212890625,-2.980232238769531e-07,1.0,946.5816650390625,0.8587379455566406,-0.8913791179656982,0.2548988461494446
185,-102.40135741846785,-216.60915661289783,84,191.88558959960938,0.0005,1,reinforce_gamma_high_baseline_seed1,191.88558959960938,-2.753166938873619e-07,1.0,33.052711486816406,0.927625298500061,0.01946384087204933,0.9687198400497437
186,-402.194426698079,-220.28839724094462,93,2941.62255859375,0.0005,1,reinforce_gamma_high_baseline_seed1,2941.62255859375,-2.329708479464898e-07,1.0,543.9012451171875,0.17339538037776947,0.25736069679260254,0.329128623008728
187,-210.59569882838835,-221.91042706314462,128,3587.075927734375,0.0005,1,reinforce_gamma_high_baseline_seed1,3587.075927734375,4.6566128730773926e-07,1.0,305.947509765625,0.18104469776153564,0.1603020429611206,0.3956907391548157
188,-397.81722232229083,-225.57073621904695,93,-4832.078125,0.0005,1,reinforce_gamma_high_baseline_seed1,-4832.078125,4.2684615664256853e-07,1.0,828.5380859375,0.23496942222118378,-0.42484766244888306,0.2346615046262741
189,-504.97049563580066,-226.82067507074524,127,8508.529296875,0.0005,1,reinforce_gamma_high_baseline_seed1,8508.529296875,3.8578752992179943e-07,1.0,1379.70263671875,0.25159379839897156,0.40038901567459106,0.3033263683319092
190,-369.0239995231663,-230.9520106865649,131,-1949.1221923828125,0.0005,1,reinforce_gamma_high_baseline_seed1,-1949.1221923828125,2.9392825240392995e-07,1.0,203.0130615234375,0.0483105331659317,-0.08526012301445007,0.2033640742301941
191,-96.79035626211324,-229.09273955491597,62,-1775.991943359375,0.0005,1,reinforce_gamma_high_baseline_seed1,-1775.991943359375,6.095055482546741e-07,1.0,237.0223388671875,1.2966318130493164,-0.33174559473991394,1.0981934070587158
192,-403.9343910147476,-230.71679694269318,103,-3172.19091796875,0.0005,1,reinforce_gamma_high_baseline_seed1,-3172.19091796875,-1.3656986652677006e-07,1.0,734.4644775390625,0.11287163197994232,-0.21982122957706451,0.2553098201751709
193,-230.04363000331847,-233.68650926982383,98,-1295.6683349609375,0.0005,1,reinforce_gamma_high_baseline_seed1,-1295.6683349609375,-2.4176372903639276e-07,1.0,167.30235290527344,0.25050124526023865,-0.09665539115667343,0.49360424280166626
194,-202.17694639824694,-231.787705131705,118,-1506.99951171875,0.0005,1,reinforce_gamma_high_baseline_seed1,-1506.99951171875,4.834037667933444e-07,1.0,209.57989501953125,0.2939090430736542,-0.07836245745420456,0.5387280583381653
195,-103.54536965785576,-227.50784622924633,110,2700.933349609375,0.0005,1,reinforce_gamma_high_baseline_seed1,2700.933349609375,2.1728602916937234e-07,1.0,286.4692687988281,1.33524489402771,0.16111668944358826,1.1494773626327515
196,-264.4361907566788,-231.22816384888617,78,-2159.24853515625,0.0005,1,reinforce_gamma_high_baseline_seed1,-2159.24853515625,9.01711274536865e-08,0.9999999403953552,679.6215209960938,0.39997151494026184,-0.26445984840393066,0.5782029032707214
197,-533.4974816584382,-237.54403923038558,123,-3659.966796875,0.0005,1,reinforce_gamma_high_baseline_seed1,-3659.966796875,-3.68288866070543e-08,1.0,855.9176025390625,0.058315690606832504,-0.1874738186597824,0.15283708274364471
198,-443.1594185701706,-237.77282695190686,131,-4438.240234375,0.0005,1,reinforce_gamma_high_baseline_seed1,-4438.240234375,-1.7699395016279595e-07,1.0,621.6668090820312,0.08341244608163834,-0.19728872179985046,0.2117352932691574
199,-220.65883037287585,-234.42430540549708,105,10542.216796875,0.0005,1,reinforce_gamma_high_baseline_seed1,10542.216796875,-5.222502252877348e-08,1.0,1225.9720458984375,1.272348403930664,0.7037067413330078,0.8857864737510681
200,-168.0126597852874,-235.99532831533986,60,-1777.0335693359375,0.0005,1,reinforce_gamma_high_baseline_seed1,-1777.0335693359375,-1.2119610914851364e-07,1.0,273.5318908691406,0.49449586868286133,-0.3561995327472687,0.6114315986633301
201,-439.68471037609174,-238.11243691025555,92,-4266.69482421875,0.0005,1,reinforce_gamma_high_baseline_seed1,-4266.69482421875,1.3864558923160075e-07,1.0,925.237548828125,0.20635822415351868,-0.3886232078075409,0.23651279509067535
202,-612.5474526230811,-244.6014053246923,126,-5731.69384765625,0.0005,1,reinforce_gamma_high_baseline_seed1,-5731.69384765625,-1.6746066933137627e-07,1.0,1365.9561767578125,0.16926796734333038,-0.28031352162361145,0.30235379934310913
203,-74.46807853402422,-236.86567313504145,77,51.770591735839844,0.0005,1,reinforce_gamma_high_baseline_seed1,51.770591735839844,-7.257058882714773e-07,1.0,4.640684604644775,1.6794496774673462,0.006386730819940567,1.3044180870056152
204,-217.17671332984938,-239.93652616561812,120,3873.84765625,0.0005,1,reinforce_gamma_high_baseline_seed1,3873.84765625,-2.9007594548602356e-07,0.9999999403953552,469.69677734375,0.38346564769744873,0.19354316592216492,0.5906896591186523
205,-214.98455342716713,-240.08186737882508,62,-1810.9970703125,0.0005,1,reinforce_gamma_high_baseline_seed1,-1810.9970703125,-7.258307732627145e-08,1.0,441.61968994140625,0.31202006340026855,-0.34828123450279236,0.44028034806251526
206,-320.26915185628445,-241.5805515995914,99,-79.73026275634766,0.0005,1,reinforce_gamma_high_baseline_seed1,-79.73026275634766,-1.3847544266809564e-07,0.9999999403953552,6.527230262756348,0.10011179000139236,-0.005936651490628719,0.31795868277549744
207,-96.1464961343457,-241.28018313325754,73,-354.602294921875,0.0005,1,reinforce_gamma_high_baseline_seed1,-354.602294921875,-7.985389629538986e-07,1.0,42.4964714050293,1.609917163848877,-0.04796446114778519,1.2766928672790527
208,-154.97192251013448,-239.9521311221237,73,-565.9646606445312,0.0005,1,reinforce_gamma_high_baseline_seed1,-565.9646606445312,-1.175762847083206e-07,1.0,110.1991958618164,0.3466324210166931,-0.07593759894371033,0.5878776907920837
209,-67.72274850771674,-237.4661204622663,163,20175.595703125,0.0005,1,reinforce_gamma_high_baseline_seed1,20175.595703125,-5.485090071033483e-08,1.0,2165.265625,1.7612334489822388,0.5606445074081421,1.206583023071289
210,-134.4117021084194,-234.42835378176295,125,8038.68017578125,0.0005,1,reinforce_gamma_high_baseline_seed1,8038.68017578125,-7.629394893626795e-09,1.0,566.8875122070312,0.7884653210639954,0.3745080530643463,0.8083541989326477
211,-184.12100408066075,-235.2682297264484,89,1416.23779296875,0.0005,1,reinforce_gamma_high_baseline_seed1,1416.23779296875,-1.1653042975012795e-07,1.0,266.7272033691406,0.3181825280189514,0.12879544496536255,0.5522874593734741
212,-159.87288328820864,-235.7822596992223,94,1493.4833984375,0.0005,1,reinforce_gamma_high_baseline_seed1,1493.4833984375,-2.691720339953463e-07,1.0,160.74591064453125,0.4645857810974121,0.1224774420261383,0.674106240272522
213,-245.78945885617867,-235.5157213216666,110,5051.22412109375,0.0005,1,reinforce_gamma_high_baseline_seed1,5051.22412109375,-4.659999675027393e-08,1.0,523.4957885742188,0.40241438150405884,0.3125218451023102,0.5545631051063538
214,-396.8887975513829,-237.93833534453228,110,-3208.332275390625,0.0005,1,reinforce_gamma_high_baseline_seed1,-3208.332275390625,-2.866441661808494e-07,1.0,348.0635986328125,0.09879112243652344,-0.19305357336997986,0.24917031824588776
215,-242.14803333819003,-240.09327365507514,104,812.6153564453125,0.0005,1,reinforce_gamma_high_baseline_seed1,812.6153564453125,4.837146434510942e-07,0.9999999403953552,181.0313720703125,0.21380601823329926,0.0531768761575222,0.46154800057411194
216,-306.81594054510606,-244.62381315690743,113,770.01171875,0.0005,1,reinforce_gamma_high_baseline_seed1,770.01171875,3.059353304024626e-08,1.0,102.37242889404297,0.15090292692184448,0.04502177983522415,0.38756316900253296
217,-183.47487761508177,-245.4945923365316,135,6844.658203125,0.0005,1,reinforce_gamma_high_baseline_seed1,6844.658203125,-3.964812549384078e-07,1.0,848.4722900390625,0.3521995544433594,0.2764897644519806,0.5270776748657227
218,-335.0004367043358,-249.67664929139116,120,2404.731689453125,0.0005,1,reinforce_gamma_high_baseline_seed1,2404.731689453125,-6.417433269234607e-07,1.0,511.5482482910156,0.09355799853801727,0.12086966633796692,0.28215593099594116
219,-95.21750507990707,-244.91346643220785,70,-58.36769485473633,0.0005,1,reinforce_gamma_high_baseline_seed1,-58.36769485473633,3.107956558778824e-07,1.0,14.411258697509766,1.3806496858596802,-0.008440730161964893,1.1834639310836792
220,-194.17132709075042,-246.61668235429286,79,-956.1954345703125,0.0005,1,reinforce_gamma_high_baseline_seed1,-956.1954345703125,-6.247170176720829e-07,1.0,140.53549194335938,0.3468763530254364,-0.11228784918785095,0.5818533301353455
221,-51.68044103208018,-244.98198378741444,68,-484.9327392578125,0.0005,1,reinforce_gamma_high_baseline_seed1,-484.9327392578125,-8.327119616069467e-08,1.0,71.89397430419922,1.4120182991027832,-0.07699476927518845,1.1946030855178833
222,-320.8355384948772,-250.03850366398493,88,-1708.5198974609375,0.0005,1,reinforce_gamma_high_baseline_seed1,-1708.5198974609375,2.804127632316522e-07,1.0,256.9044494628906,0.2072659581899643,-0.1699097752571106,0.42479074001312256
223,-222.48317219040547,-251.34105713853128,104,-1025.416015625,0.0005,1,reinforce_gamma_high_baseline_seed1,-1025.416015625,5.501967166310351e-07,1.0,87.62381744384766,0.22593681514263153,-0.06874077022075653,0.47260892391204834
224,-145.0282652558319,-245.85864956676073,83,-488.26776123046875,0.0005,1,reinforce_gamma_high_baseline_seed1,-488.26776123046875,1.3788061892228143e-07,1.0,49.48657989501953,0.3998629152774811,-0.051341187208890915,0.6340908408164978
225,-75.19955578324694,-245.30539830130337,86,476.63934326171875,0.0005,1,reinforce_gamma_high_baseline_seed1,476.63934326171875,-4.563913762467564e-07,1.0,52.76831817626953,1.4441415071487427,0.0476464219391346,1.2078222036361694
226,-73.01033992306078,-243.7065480974425,90,292.7342529296875,0.0005,1,reinforce_gamma_high_baseline_seed1,292.7342529296875,1.7748938319073204e-07,1.0,35.6501579284668,1.4103115797042847,0.02641906775534153,1.193922996520996
227,-53.43543683906818,-237.3954716640958,71,-643.038818359375,0.0005,1,reinforce_gamma_high_baseline_seed1,-643.038818359375,5.372812950099615e-08,1.0,122.64791107177734,1.3970352411270142,-0.09218975156545639,1.186748743057251
228,-114.02055802490557,-237.40794212996832,140,5815.36181640625,0.0005,1,reinforce_gamma_high_baseline_seed1,5815.36181640625,-2.0614691038645105e-06,1.0,343.8977966308594,1.1038269996643066,0.2156122922897339,1.0319617986679077
229,-492.8771548385627,-245.5465644759423,107,-5614.42333984375,0.0005,1,reinforce_gamma_high_baseline_seed1,-5614.42333984375,1.1642402597544788e-07,1.0,1512.096923828125,0.33725473284721375,-0.4022270143032074,0.4208604693412781
230,-134.48602199898363,-242.66057133379746,87,-2808.019287109375,0.0005,1,reinforce_gamma_high_baseline_seed1,-2808.019287109375,1.7127771911873424e-07,1.0,228.00669860839844,0.42032456398010254,-0.27267563343048096,0.5916041731834412
231,-146.76485001132417,-241.65323658524568,130,3553.97412109375,0.0005,1,reinforce_gamma_high_baseline_seed1,3553.97412109375,-1.3571519730248838e-07,1.0,233.67909240722656,0.3930383622646332,0.15510840713977814,0.6097869277000427
232,-169.3382140934822,-238.47213563614096,91,-1181.527587890625,0.0005,1,reinforce_gamma_high_baseline_seed1,-1181.527587890625,5.829465408169199e-07,0.9999999403953552,139.13356018066406,0.3593626022338867,-0.10286261886358261,0.5938495397567749
233,-194.1660639180758,-239.747254494575,117,254.8701171875,0.0005,1,reinforce_gamma_high_baseline_seed1,254.8701171875,-2.8528718942766318e-08,0.9999999403953552,21.01121711730957,0.6504442095756531,0.013736750930547714,0.8098526000976562
234,-385.33372566551657,-238.1560321306453,74,-3812.02392578125,0.0005,1,reinforce_gamma_high_baseline_seed1,-3812.02392578125,-5.235543198978121e-08,1.0,1161.6121826171875,0.42610597610473633,-0.5584537386894226,0.3402945101261139
235,-126.89499989824249,-238.64590498024077,75,-1365.4320068359375,0.0005,1,reinforce_gamma_high_baseline_seed1,-1365.4320068359375,4.522005667695339e-07,1.0,186.9595489501953,0.5604810118675232,-0.17876681685447693,0.7318918108940125
236,-259.7170482934391,-235.79635741214796,107,-5471.07373046875,0.0005,1,reinforce_gamma_high_baseline_seed1,-5471.07373046875,-3.643125126018276e-07,1.0,911.768310546875,0.33764463663101196,-0.3545524775981903,0.46253281831741333
237,-258.5798449996445,-236.7560403355731,95,1358.131591796875,0.0005,1,reinforce_gamma_high_baseline_seed1,1358.131591796875,-3.7645038197808844e-09,0.9999999403953552,217.73687744140625,0.2317461520433426,0.10903934389352798,0.47137612104415894
238,-289.24769832632234,-234.58464985565374,101,-4971.005859375,0.0005,1,reinforce_gamma_high_baseline_seed1,-4971.005859375,4.6031310318994656e-08,1.0,841.519775390625,0.25113609433174133,-0.3585324287414551,0.3518756330013275
239,-200.9297040356794,-228.50383402365128,104,4480.97900390625,0.0005,1,reinforce_gamma_high_baseline_seed1,4480.97900390625,2.8541455776576186e-07,1.0,285.6405944824219,0.5174327492713928,0.30596548318862915,0.6541655659675598
240,-237.53360871926432,-225.87402620757325,133,3336.12548828125,0.0005,1,reinforce_gamma_high_baseline_seed1,3336.12548828125,1.1920928955078125e-07,1.0,347.1546936035156,0.23417218029499054,0.14001402258872986,0.46496641635894775
241,-201.6484131431056,-227.9711873451931,115,3491.122802734375,0.0005,1,reinforce_gamma_high_baseline_seed1,3491.122802734375,2.8713890287690447e-07,1.0,433.1649169921875,0.28730687499046326,0.19174963235855103,0.5027292370796204
242,-428.98777038029743,-228.47225493250411,134,64.8060531616211,0.0005,1,reinforce_gamma_high_baseline_seed1,64.8060531616211,1.2054371723024815e-07,1.0,8.889983177185059,0.010142738930881023,0.0026589196640998125,0.10105383396148682
243,-272.87366884227293,-229.3288557092832,122,-179.77976989746094,0.0005,1,reinforce_gamma_high_baseline_seed1,-179.77976989746094,-2.65778083985424e-07,1.0,14.82246208190918,0.08878573775291443,-0.008897297084331512,0.2990646958351135
244,-106.99264394317805,-227.4251696601818,81,232.7581024169922,0.0005,1,reinforce_gamma_high_baseline_seed1,232.7581024169922,4.635916894812908e-08,1.0,15.608235359191895,1.3521398305892944,0.025907455012202263,1.1697701215744019
245,-183.4651497294101,-229.0235652616129,70,-1890.692626953125,0.0005,1,reinforce_gamma_high_baseline_seed1,-1890.692626953125,1.8732889017769594e-08,1.0,298.554443359375,0.4604004919528961,-0.2907484471797943,0.6175056099891663
246,-94.24910709578084,-225.61982358839495,131,8064.6376953125,0.0005,1,reinforce_gamma_high_baseline_seed1,8064.6376953125,1.4787412183636661e-08,1.0,628.9498291015625,1.7226356267929077,0.342070609331131,1.2719961404800415
247,-78.56786174896206,-216.5212311902054,71,-21.521625518798828,0.0005,1,reinforce_gamma_high_baseline_seed1,-21.521625518798828,8.56292103890155e-07,1.0,2.370638132095337,1.489761471748352,-0.0031109931878745556,1.2292412519454956
248,-72.7979867915837,-209.11400255463366,79,1503.718017578125,0.0005,1,reinforce_gamma_high_baseline_seed1,1503.718017578125,-3.2443034569951124e-07,1.0,272.9474792480469,1.4101961851119995,0.17301321029663086,1.1823527812957764
249,-125.77040883034394,-207.21623412378304,101,2723.846923828125,0.0005,1,reinforce_gamma_high_baseline_seed1,2723.846923828125,1.9946901375078596e-07,1.0,479.6748046875,0.8054888844490051,0.1906183958053589,0.8813881278038025
250,-111.52702349887976,-206.0865213980549,73,-83.49918365478516,0.0005,1,reinforce_gamma_high_baseline_seed1,-83.49918365478516,1.2966052054252941e-06,1.0,14.840256690979004,0.8905843496322632,-0.011311687529087067,0.9501703977584839
251,-139.99312034230377,-200.09268959737915,116,3223.120849609375,0.0005,1,reinforce_gamma_high_baseline_seed1,3223.120849609375,-6.818565907451557e-07,1.0,894.9710083007812,1.00685715675354,0.16759856045246124,0.9936190843582153
252,-380.27834543182644,-195.44730745355403,111,-2622.568359375,0.0005,1,reinforce_gamma_high_baseline_seed1,-2622.568359375,2.2392015353034367e-07,1.0,268.5716552734375,0.06305955350399017,-0.15632271766662598,0.19741801917552948
253,-249.20870532525137,-198.9421199893786,84,-2514.60791015625,0.0005,1,reinforce_gamma_high_baseline_seed1,-2514.60791015625,-4.967053879312289e-09,1.0,450.48760986328125,0.3090271055698395,-0.26886552572250366,0.48948001861572266
254,-310.7885654327941,-200.81435703143745,98,-2784.01953125,0.0005,1,reinforce_gamma_high_baseline_seed1,-2784.01953125,-4.865685188093494e-09,1.0,233.64646911621094,0.5054309368133545,-0.21141357719898224,0.6822646856307983
255,-434.50092216531124,-205.20468440620036,133,90.32666015625,0.0005,1,reinforce_gamma_high_baseline_seed1,90.32666015625,1.9539567119863932e-07,1.0,17.5303897857666,0.015512092038989067,0.0037660517264157534,0.124961256980896
256,-116.85162855541772,-201.13633394018302,97,802.2303466796875,0.0005,1,reinforce_gamma_high_baseline_seed1,802.2303466796875,-1.79059725269326e-06,1.0,63.29682922363281,1.545932412147522,0.0615571103990078,1.2482815980911255
257,-119.25805024229638,-201.59856502234206,74,-545.425537109375,0.0005,1,reinforce_gamma_high_baseline_seed1,-545.425537109375,5.14694136199978e-07,1.0,126.87232971191406,1.0305163860321045,-0.07485981285572052,1.0192902088165283
258,-189.19365335547099,-202.28299963924877,139,3843.25048828125,0.0005,1,reinforce_gamma_high_baseline_seed1,3843.25048828125,5.951888510935532e-07,1.0,351.6203918457031,0.29545342922210693,0.14519867300987244,0.5256985425949097
259,-178.4914910073109,-204.49837448924063,88,353.6787109375,0.0005,1,reinforce_gamma_high_baseline_seed1,353.6787109375,-1.5443021084138309e-07,1.0,62.19267654418945,0.3706800639629364,0.03346295654773712,0.6113985180854797
260,-415.3287131416073,-210.11671470990441,125,-1289.337158203125,0.0005,1,reinforce_gamma_high_baseline_seed1,-1289.337158203125,-1.0013580187262505e-08,1.0,165.077880859375,0.06570541858673096,-0.05980240926146507,0.2502601444721222
261,-281.25875635692296,-212.05946975542963,118,1221.10986328125,0.0005,1,reinforce_gamma_high_baseline_seed1,1221.10986328125,-3.030744721854717e-08,1.0,106.0942153930664,0.2352428287267685,0.06352549046278,0.4828907251358032
262,-117.94544039019642,-211.2209208974694,129,7352.712890625,0.0005,1,reinforce_gamma_high_baseline_seed1,7352.712890625,-1.277572465596677e-07,1.0,573.7481079101562,0.5914438366889954,0.32285061478614807,0.7007265090942383
263,-57.56216859991643,-207.45637509234416,92,2449.22607421875,0.0005,1,reinforce_gamma_high_baseline_seed1,2449.22607421875,7.126642032062591e-08,1.0,128.4143524169922,1.2292349338531494,0.20962265133857727,1.0946773290634155
264,-81.96130606074419,-201.15782526253136,73,224.66725158691406,0.0005,1,reinforce_gamma_high_baseline_seed1,224.66725158691406,-1.7244522041437449e-06,0.9999999403953552,17.934810638427734,1.164063811302185,0.03048277646303177,1.0859508514404297
265,-264.33980420711725,-201.60166067990994,106,-779.0192260742188,0.0005,1,reinforce_gamma_high_baseline_seed1,-779.0192260742188,4.723386837213184e-08,1.0,135.646484375,0.2378525286912918,-0.05112997815012932,0.4873177707195282
266,-85.87754947024919,-197.18289285841277,136,7977.30517578125,0.0005,1,reinforce_gamma_high_baseline_seed1,7977.30517578125,1.354252532337341e-07,1.0,1046.32421875,1.237475037574768,0.315806120634079,1.0705928802490234
267,-97.8761679666288,-195.47091866544375,57,-1008.8660278320312,0.0005,1,reinforce_gamma_high_baseline_seed1,-1008.8660278320312,1.1920928955078125e-07,1.0,172.4593048095703,0.7407426238059998,-0.22348304092884064,0.8385306596755981
268,-211.7396978355722,-193.00570388806847,123,2359.2294921875,0.0005,1,reinforce_gamma_high_baseline_seed1,2359.2294921875,2.568330330632307e-07,1.0,192.56568908691406,0.31748098134994507,0.11431749165058136,0.5539924502372742
269,-150.7864166903238,-194.1170821202768,77,-1244.20947265625,0.0005,1,reinforce_gamma_high_baseline_seed1,-1244.20947265625,-3.336311920065782e-07,1.0,89.20875549316406,0.43292391300201416,-0.15137964487075806,0.6445175409317017
270,-94.76962475275268,-192.12904807351683,67,-378.6808166503906,0.0005,1,reinforce_gamma_high_baseline_seed1,-378.6808166503906,1.7258657862839755e-06,1.0,42.37773132324219,1.175142526626587,-0.06137348338961601,1.0904695987701416
271,-153.3265553970304,-194.16197036081584,103,2040.7291259765625,0.0005,1,reinforce_gamma_high_baseline_seed1,2040.7291259765625,-4.6526344021913246e-07,1.0,411.268798828125,0.5574102997779846,0.13728615641593933,0.7374570369720459
272,-351.16051969633565,-194.76846998484498,146,-2756.310791015625,0.0005,1,reinforce_gamma_high_baseline_seed1,-2756.310791015625,-2.510743684069894e-07,1.0,306.27685546875,0.042521171271800995,-0.09497315436601639,0.18366359174251556
273,-162.36285144359744,-193.56606356990883,131,3341.021240234375,0.0005,1,reinforce_gamma_high_baseline_seed1,3341.021240234375,3.148581129153172e-07,1.0,358.8206481933594,0.4318826198577881,0.14261822402477264,0.6439785361289978
274,-140.30550452619252,-193.47160835531605,135,3311.35986328125,0.0005,1,reinforce_gamma_high_baseline_seed1,3311.35986328125,1.9691609054461878e-07,1.0,342.5882263183594,0.8971370458602905,0.13302725553512573,0.941277801990509
275,-123.34785284616925,-194.4345742965745,105,2160.40185546875,0.0005,1,reinforce_gamma_high_baseline_seed1,2160.40185546875,-2.486365247023059e-07,0.9999999403953552,365.2604675292969,0.583601176738739,0.14098456501960754,0.7544169425964355
276,-144.83459808537222,-195.87105945982074,102,780.5118408203125,0.0005,1,reinforce_gamma_high_baseline_seed1,780.5118408203125,6.971405923650309e-07,1.0,62.47624588012695,0.4649040400981903,0.0546385683119297,0.683002233505249
277,-72.74455888523767,-196.25724190074413,92,648.16650390625,0.0005,1,reinforce_gamma_high_baseline_seed1,648.16650390625,-1.8140543289746347e-08,1.0,69.08770751953125,1.0051954984664917,0.055511921644210815,1.0065416097640991
278,-160.6527229806892,-197.18988519985982,73,-2816.9365234375,0.0005,1,reinforce_gamma_high_baseline_seed1,-2816.9365234375,-7.030081974335189e-07,1.0,456.091552734375,0.5569135546684265,-0.37849780917167664,0.647609531879425
279,-90.76835110012343,-189.147709125091,76,-698.5660400390625,0.0005,1,reinforce_gamma_high_baseline_seed1,-698.5660400390625,-5.819295552100812e-07,0.9999999403953552,71.44405364990234,1.341797113418579,-0.0870395079255104,1.1627600193023682
280,-105.39710340183429,-188.56593075314802,116,1849.8656005859375,0.0005,1,reinforce_gamma_high_baseline_seed1,1849.8656005859375,-2.361063252465101e-06,1.0,244.0410919189453,1.1543796062469482,0.10050662606954575,1.074350118637085
281,-96.06232823350149,-187.55188031759155,112,-623.4610595703125,0.0005,1,reinforce_gamma_high_baseline_seed1,-623.4610595703125,7.85504084888089e-07,0.9999999403953552,61.49927520751953,1.2172973155975342,-0.036314912140369415,1.1076701879501343
282,-106.1990498298168,-186.28909703231827,68,-2300.841064453125,0.0005,1,reinforce_gamma_high_baseline_seed1,-2300.841064453125,-1.2271544669317791e-08,1.0,332.95916748046875,0.632483959197998,-0.3591315746307373,0.7148590683937073
283,-166.8082507909883,-185.74194076977653,133,1458.9769287109375,0.0005,1,reinforce_gamma_high_baseline_seed1,1458.9769287109375,-6.390693556568294e-07,0.9999999403953552,216.1439971923828,0.30872631072998047,0.05932087078690529,0.5545444488525391
284,-106.07353746490901,-180.15673700576437,152,267.57415771484375,0.0005,1,reinforce_gamma_high_baseline_seed1,267.57415771484375,-2.690051701392804e-07,1.0,40.90073776245117,1.4527273178100586,0.008583750575780869,1.209245204925537
285,-69.21399099399329,-179.00311682767938,75,-681.2219848632812,0.0005,1,reinforce_gamma_high_baseline_seed1,-681.2219848632812,1.986821445143505e-07,1.0,39.085636138916016,1.2438969612121582,-0.08864156156778336,1.1192600727081299
286,-264.7398286364264,-179.10357243453913,117,-3888.2626953125,0.0005,1,reinforce_gamma_high_baseline_seed1,-3888.2626953125,5.56819486519089e-07,1.0,345.7588806152344,0.2539454996585846,-0.20846880972385406,0.46076110005378723
287,-100.93543856452277,-175.9506843058367,85,-1186.546875,0.0005,1,reinforce_gamma_high_baseline_seed1,-1186.546875,8.218428888540075e-07,1.0,159.5937957763672,0.6810914874076843,-0.12149684131145477,0.8211348652839661
288,-317.5492654892023,-176.5167156490943,93,-425.7916564941406,0.0005,1,reinforce_gamma_high_baseline_seed1,-425.7916564941406,1.2818203165565478e-09,1.0,42.20682907104492,0.1820628046989441,-0.03680562600493431,0.42740190029144287
289,-408.2998201436235,-180.66411797125318,83,-4168.28173828125,0.0005,1,reinforce_gamma_high_baseline_seed1,-4168.28173828125,-1.2854495423653134e-07,1.0,541.6692504882812,0.22253459692001343,-0.4360566735267639,0.18106390535831451
290,-69.17120298657423,-177.29686985659936,106,900.2254638671875,0.0005,1,reinforce_gamma_high_baseline_seed1,900.2254638671875,-7.085080255819776e-08,1.0,171.57504272460938,1.320663571357727,0.05993117392063141,1.1530895233154297
291,-12.422918799224732,-173.51235996972176,131,4855.20068359375,0.0005,1,reinforce_gamma_high_baseline_seed1,4855.20068359375,3.548978710909978e-08,1.0,478.92608642578125,1.143399953842163,0.2070683240890503,1.0530850887298584
292,-250.25321653411575,-169.93766889279814,106,-1863.8251953125,0.0005,1,reinforce_gamma_high_baseline_seed1,-1863.8251953125,2.1142780326499633e-07,1.0,299.2056884765625,0.19666557013988495,-0.12365307658910751,0.42790520191192627
293,-282.2329976148793,-170.12485546825025,112,-2612.92626953125,0.0005,1,reinforce_gamma_high_baseline_seed1,-2612.92626953125,2.3203236310109787e-07,1.0,733.5399780273438,0.32558441162109375,-0.15412044525146484,0.5518609881401062
294,-106.36565615977439,-170.11231571258216,176,10172.5107421875,0.0005,1,reinforce_gamma_high_baseline_seed1,10172.5107421875,-3.3866275117588884e-08,0.9999999403953552,1090.231689453125,1.176161766052246,0.24244694411754608,1.0600783824920654
295,-93.95086254131263,-168.32202996882023,61,-526.8934936523438,0.0005,1,reinforce_gamma_high_baseline_seed1,-526.8934936523438,5.628241979138693e-07,1.0,116.12879180908203,1.1688774824142456,-0.10039690136909485,1.085408329963684
296,-64.15344016738872,-167.7201166302524,69,-577.9354858398438,0.0005,1,reinforce_gamma_high_baseline_seed1,-577.9354858398438,3.386234936897381e-07,1.0,56.454959869384766,1.1789470911026,-0.08861061930656433,1.0900996923446655
297,-130.5839524056297,-168.7604384433857,90,475.9493713378906,0.0005,1,reinforce_gamma_high_baseline_seed1,475.9493713378906,1.5099843153620895e-07,0.9999999403953552,50.981624603271484,0.5437983274459839,0.04257456585764885,0.7403212189674377
298,-334.2101303011502,-173.98868131357708,95,-4838.3896484375,0.0005,1,reinforce_gamma_high_baseline_seed1,-4838.3896484375,1.1293511903431863e-07,1.0,612.6920776367188,0.28360676765441895,-0.3932196795940399,0.36105021834373474
299,-105.1511068822586,-173.57629527461538,138,6021.1728515625,0.0005,1,reinforce_gamma_high_baseline_seed1,6021.1728515625,9.381252539242269e-07,1.0,483.1413269042969,0.6617412567138672,0.2335692197084427,0.7820605635643005
300,-273.1071974359611,-176.807898753357,94,-2331.266845703125,0.0005,1,reinforce_gamma_high_baseline_seed1,-2331.266845703125,1.249161130090215e-07,1.0,510.6255187988281,0.20330475270748138,-0.19036300480365753,0.4109295606613159
301,-94.30778995751558,-175.8941921456612,62,-387.0009460449219,0.0005,1,reinforce_gamma_high_baseline_seed1,-387.0009460449219,3.432074038300925e-07,0.9999999403953552,83.72437286376953,0.9095715880393982,-0.07183331996202469,0.9587690234184265
302,-226.31672197707272,-172.81495967656613,112,540.9605102539062,0.0005,1,reinforce_gamma_high_baseline_seed1,540.9605102539062,-1.9584383892379265e-07,1.0,81.45333099365234,0.2514110505580902,0.03133774548768997,0.5026779174804688
303,-42.3417091743951,-168.677619753549,69,-24.032882690429688,0.0005,1,reinforce_gamma_high_baseline_seed1,-24.032882690429688,1.667202411681501e-07,1.0,1.2594068050384521,1.027712345123291,-0.003695582039654255,1.021181583404541
304,-102.11070960656261,-164.5040626370244,66,-1603.241455078125,0.0005,1,reinforce_gamma_high_baseline_seed1,-1603.241455078125,-1.314914584327198e-06,1.0,132.8850555419922,0.9879822134971619,-0.2689339816570282,0.9642322063446045
305,-113.02242499307546,-158.07449269357969,73,-788.83251953125,0.0005,1,reinforce_gamma_high_baseline_seed1,-788.83251953125,3.102707637481217e-07,1.0,60.21205139160156,0.6580302715301514,-0.1082250103354454,0.8095024824142456
306,-59.92689338020408,-156.9359979900754,68,146.826171875,0.0005,1,reinforce_gamma_high_baseline_seed1,146.826171875,-4.207386723464879e-07,1.0,24.453683853149414,1.1458059549331665,0.023465948179364204,1.0781227350234985
307,-178.73268325079195,-158.12549065024533,92,-159.05270385742188,0.0005,1,reinforce_gamma_high_baseline_seed1,-159.05270385742188,2.4619311034257407e-07,1.0,7.83160400390625,0.3876991271972656,-0.013720142655074596,0.6259147524833679
308,-355.2316981951643,-161.4462515470392,99,-2385.7333984375,0.0005,1,reinforce_gamma_high_baseline_seed1,-2385.7333984375,4.3228419599472545e-07,1.0,296.3314514160156,0.09928098320960999,-0.17860980331897736,0.2608966827392578
309,-75.53488399791661,-159.3871194068513,78,1410.7509765625,0.0005,1,reinforce_gamma_high_baseline_seed1,1410.7509765625,-2.5828680350059585e-07,0.9999999403953552,213.32720947265625,1.0606913566589355,0.1673213094472885,1.0227935314178467
310,-359.5110615400417,-158.27076637481997,87,-5096.90771484375,0.0005,1,reinforce_gamma_high_baseline_seed1,-5096.90771484375,4.439518477283855e-07,1.0,590.853271484375,0.42531827092170715,-0.48929986357688904,0.43366530537605286
311,-140.2156653183653,-155.44990455404883,79,412.1437072753906,0.0005,1,reinforce_gamma_high_baseline_seed1,412.1437072753906,-2.73125067451474e-07,1.0,68.36664581298828,0.504734218120575,0.047408752143383026,0.713392436504364
312,-346.4546232943805,-160.0200882121325,142,780.4146728515625,0.0005,1,reinforce_gamma_high_baseline_seed1,780.4146728515625,1.5950538667652836e-08,1.0,97.18657684326172,0.04677356034517288,0.028903383761644363,0.2150905728340149
313,-160.86079893946103,-162.0860608189234,133,10433.970703125,0.0005,1,reinforce_gamma_high_baseline_seed1,10433.970703125,-2.93093506797959e-07,1.0,657.257080078125,0.9079408049583435,0.4330679178237915,0.8519685864448547
314,-115.79438029870117,-162.76272230368255,81,1345.964599609375,0.0005,1,reinforce_gamma_high_baseline_seed1,1345.964599609375,-1.7645918433117913e-06,1.0,210.75277709960938,1.2703638076782227,0.14966219663619995,1.1240838766098022
315,-201.3893543147471,-161.50371330583513,144,4716.3232421875,0.0005,1,reinforce_gamma_high_baseline_seed1,4716.3232421875,-2.849847078323364e-07,0.9999999403953552,797.5599365234375,0.20735898613929749,0.16310490667819977,0.42663779854774475
316,-295.9646192066183,-165.7054547005625,110,-3272.1708984375,0.0005,1,reinforce_gamma_high_baseline_seed1,-3272.1708984375,-2.996488035478251e-07,1.0,324.148681640625,0.2160920947790146,-0.2012891322374344,0.42093414068222046
317,-390.03276912972285,-171.5485867238244,131,1709.4317626953125,0.0005,1,reinforce_gamma_high_baseline_seed1,1709.4317626953125,2.402385632649384e-07,0.9999999403953552,276.5791015625,0.03507716581225395,0.0732789859175682,0.1730198711156845
318,-216.3344804713605,-171.64048237654018,73,-1814.7864990234375,0.0005,1,reinforce_gamma_high_baseline_seed1,-1814.7864990234375,1.3553932376453304e-07,1.0,341.7996826171875,0.2852626442909241,-0.2421666830778122,0.47933852672576904
319,-88.56015091064573,-170.3959570609466,71,745.938720703125,0.0005,1,reinforce_gamma_high_baseline_seed1,745.938720703125,7.051817192404997e-07,1.0,108.71038055419922,1.2061687707901,0.10630995035171509,1.1008799076080322
320,-224.71032583969287,-172.9947710826854,90,-416.4477844238281,0.0005,1,reinforce_gamma_high_baseline_seed1,-416.4477844238281,-3.967020347772632e-07,1.0,95.20877838134766,0.2917853593826294,-0.03800391033291817,0.5418517589569092
321,-161.97399597353586,-173.1677198942155,108,4928.35009765625,0.0005,1,reinforce_gamma_high_baseline_seed1,4928.35009765625,3.3224071671611455e-07,0.9999999403953552,473.6550598144531,0.5040507316589355,0.3047199845314026,0.6442355513572693
322,-243.6767743599082,-171.01804498748697,95,-768.0214233398438,0.0005,1,reinforce_gamma_high_baseline_seed1,-768.0214233398438,1.505801492385217e-07,1.0,144.6094970703125,0.19566220045089722,-0.06273462623357773,0.44018882513046265
323,-321.3710640552973,-174.19820923972097,119,-1192.0333251953125,0.0005,1,reinforce_gamma_high_baseline_seed1,-1192.0333251953125,1.4174885620832356e-07,0.9999999403953552,207.38275146484375,0.05920723080635071,-0.0628773421049118,0.2360549122095108
324,-97.88513324481535,-173.34980181409344,81,-1804.1075439453125,0.0005,1,reinforce_gamma_high_baseline_seed1,-1804.1075439453125,1.3539820997721108e-07,1.0,343.1751708984375,0.67240309715271,-0.2048872709274292,0.7989396452903748
325,-364.30804644677266,-178.1690056861055,138,-699.4842529296875,0.0005,1,reinforce_gamma_high_baseline_seed1,-699.4842529296875,-3.766322436149494e-07,0.9999999403953552,81.64802551269531,0.013484718278050423,-0.02748938649892807,0.11323411017656326
326,-155.5200159257979,-178.38271404291402,115,5681.7158203125,0.0005,1,reinforce_gamma_high_baseline_seed1,5681.7158203125,2.6329703928240633e-07,1.0,606.334716796875,0.6567145586013794,0.31308048963546753,0.7507302761077881
327,-58.16524547125042,-178.09112777463426,111,2609.5966796875,0.0005,1,reinforce_gamma_high_baseline_seed1,2609.5966796875,6.01416232370866e-08,1.0,449.020751953125,0.6430396437644958,0.158590629696846,0.7896238565444946
328,-191.97600225656367,-178.71759336015177,110,-243.7625732421875,0.0005,1,reinforce_gamma_high_baseline_seed1,-243.7625732421875,1.1920928955078125e-07,1.0,19.40456771850586,0.20543868839740753,-0.014840132556855679,0.4550837278366089
329,-244.52766243344885,-181.79277958681826,116,-545.5394287109375,0.0005,1,reinforce_gamma_high_baseline_seed1,-545.5394287109375,-3.0624454439021065e-07,1.0,54.73146438598633,0.10710347443819046,-0.029365431517362595,0.3273606300354004
330,-202.581333469333,-183.73646418816824,103,-4583.1181640625,0.0005,1,reinforce_gamma_high_baseline_seed1,-4583.1181640625,-3.0554613772437733e-07,1.0,643.0836791992188,0.2927182614803314,-0.3261193335056305,0.4338105022907257
331,-283.07442597086776,-187.47670614291556,103,-2518.746337890625,0.0005,1,reinforce_gamma_high_baseline_seed1,-2518.746337890625,-1.6897627119760728e-07,1.0,426.306884765625,0.0746767520904541,-0.1727762520313263,0.2127547413110733
332,-149.7744330941241,-188.34821380820173,135,6838.2587890625,0.0005,1,reinforce_gamma_high_baseline_seed1,6838.2587890625,2.6049438162090155e-08,1.0,570.6666870117188,0.47008028626441956,0.2731441259384155,0.6312082409858704
333,-388.5824407901169,-192.78369760818427,106,-5961.3369140625,0.0005,1,reinforce_gamma_high_baseline_seed1,-5961.3369140625,-8.884465785286011e-08,1.0,461.2907409667969,0.15949419140815735,-0.39268022775650024,0.07312245666980743
334,-248.42443609936572,-195.6307155808734,99,-2218.8486328125,0.0005,1,reinforce_gamma_high_baseline_seed1,-2218.8486328125,-6.622738624173508e-08,1.0,251.49853515625,0.08275264501571655,-0.16601595282554626,0.2361239641904831
335,-309.4348444006323,-200.4351326490062,116,-4465.2197265625,0.0005,1,reinforce_gamma_high_baseline_seed1,-4465.2197265625,1.027666307606978e-08,1.0,931.9843139648438,0.09248599410057068,-0.244926318526268,0.1810515969991684
336,-103.91421785676775,-197.218620433413,81,392.9717102050781,0.0005,1,reinforce_gamma_high_baseline_seed1,392.9717102050781,-9.772218163561774e-07,0.9999999403953552,91.40599060058594,1.1725220680236816,0.04288854822516441,1.0887222290039062
337,-278.45273484944994,-200.76896635911157,83,-3700.680419921875,0.0005,1,reinforce_gamma_high_baseline_seed1,-3700.680419921875,-1.709145180939231e-07,0.9999999403953552,585.087890625,0.21620352566242218,-0.40162989497184753,0.2357252985239029
338,-209.84170308813407,-198.61481511109022,122,10623.2490234375,0.0005,1,reinforce_gamma_high_baseline_seed1,10623.2490234375,1.0846090958693821e-07,1.0,1045.0611572265625,0.6655478477478027,0.527241051197052,0.6251142024993896
339,-71.53776887946424,-191.879574085807,85,1247.2064208984375,0.0005,1,reinforce_gamma_high_baseline_seed1,1247.2064208984375,-1.5370985693152761e-06,1.0,130.70187377929688,1.3875690698623657,0.12556909024715424,1.1781903505325317
340,-360.4729689054666,-197.70560940418488,126,-4949.5498046875,0.0005,1,reinforce_gamma_high_baseline_seed1,-4949.5498046875,1.636762476664444e-07,0.9999999403953552,1108.84033203125,0.0866837352514267,-0.23015473783016205,0.18434268236160278
341,-359.2086711948756,-204.64132445209788,102,-4432.9345703125,0.0005,1,reinforce_gamma_high_baseline_seed1,-4432.9345703125,-1.4433673811709014e-07,1.0,662.9366455078125,0.1095714196562767,-0.3156793713569641,0.10008083283901215
342,-70.15362520999236,-201.03933262561543,66,33.23928451538086,0.0005,1,reinforce_gamma_high_baseline_seed1,33.23928451538086,-1.806201410659014e-09,1.0,7.898228168487549,1.314648985862732,0.005616625305265188,1.1553537845611572
343,-403.73150670082737,-203.4693028073344,106,-3264.168212890625,0.0005,1,reinforce_gamma_high_baseline_seed1,-3264.168212890625,1.3495391470996765e-08,1.0,265.9867858886719,0.12137476354837418,-0.2120179533958435,0.27776065468788147
344,-106.68618186427535,-203.47571332142442,92,3244.9462890625,0.0005,1,reinforce_gamma_high_baseline_seed1,3244.9462890625,1.2050504665239714e-06,1.0,206.86825561523438,0.9645395874977112,0.2784564197063446,0.9469681978225708
345,-144.34294402607225,-204.48355495111957,66,-61.84587097167969,0.0005,1,reinforce_gamma_high_baseline_seed1,-61.84587097167969,-3.5040307011513505e-07,1.0,10.100900650024414,0.5104806423187256,-0.010170782916247845,0.7198813557624817
346,-372.6845500010369,-210.65417714779255,127,-1420.39794921875,0.0005,1,reinforce_gamma_high_baseline_seed1,-1420.39794921875,4.974875977836746e-08,1.0,192.14581298828125,0.06263244152069092,-0.06520040333271027,0.24257925152778625
347,-230.56864735308972,-212.65387104674173,159,11023.841796875,0.0005,1,reinforce_gamma_high_baseline_seed1,11023.841796875,2.0243087206495147e-08,1.0,1228.44384765625,0.23680056631565094,0.3204299211502075,0.36738821864128113
348,-134.81739933547385,-208.66601642742822,105,2874.16015625,0.0005,1,reinforce_gamma_high_baseline_seed1,2874.16015625,-1.14667983552863e-07,1.0,217.18399047851562,0.702818751335144,0.1882464587688446,0.8208526968955994
349,-154.97509944226715,-209.6624962786284,71,-278.2759094238281,0.0005,1,reinforce_gamma_high_baseline_seed1,-278.2759094238281,2.1155450724563707e-07,1.0,45.40512466430664,0.31598731875419617,-0.03965563327074051,0.5647179484367371
350,-97.89921849541732,-206.1583366998175,91,2917.739501953125,0.0005,1,reinforce_gamma_high_baseline_seed1,2917.739501953125,-6.215913117557648e-07,1.0,326.486083984375,1.300894856452942,0.2605784237384796,1.1165543794631958
351,-102.34718573275846,-206.31912461532235,131,9058.169921875,0.0005,1,reinforce_gamma_high_baseline_seed1,9058.169921875,-1.637990187930427e-08,1.0,964.4283447265625,0.5214373469352722,0.3866501748561859,0.612209141254425
352,-100.17570060361012,-203.79630418785314,67,599.6923828125,0.0005,1,reinforce_gamma_high_baseline_seed1,599.6923828125,-8.433612492808606e-07,1.0,57.583744049072266,1.1887260675430298,0.09808537364006042,1.0940614938735962
353,-189.46633496706795,-206.73879670370658,101,-541.637451171875,0.0005,1,reinforce_gamma_high_baseline_seed1,-541.637451171875,-2.8917105154846467e-08,1.0,46.900150299072266,0.16428092122077942,-0.0386577844619751,0.40548038482666016
354,-149.92765749320705,-207.69513566143945,88,1137.9168701171875,0.0005,1,reinforce_gamma_high_baseline_seed1,1137.9168701171875,-3.6169183204037836e-07,1.0,95.49674987792969,0.4036918580532074,0.10792612284421921,0.6297221779823303
355,-197.70065725091257,-209.3887003065962,77,-2140.449951171875,0.0005,1,reinforce_gamma_high_baseline_seed1,-2140.449951171875,-4.2729564597721037e-07,1.0,290.62939453125,0.3153245747089386,-0.2625493109226227,0.4996342957019806
356,-301.60169614914133,-214.22219636197497,130,3622.439453125,0.0005,1,reinforce_gamma_high_baseline_seed1,3622.439453125,6.143863373608838e-08,1.0,393.77105712890625,0.15703806281089783,0.15660274028778076,0.3654324412345886
357,-272.96056910182796,-216.1067540789957,92,-2183.901611328125,0.0005,1,reinforce_gamma_high_baseline_seed1,-2183.901611328125,1.218007952275002e-07,1.0,251.09127807617188,0.13826791942119598,-0.18639659881591797,0.323514848947525
358,-175.74877055157867,-212.51709552612397,59,-2694.0556640625,0.0005,1,reinforce_gamma_high_baseline_seed1,-2694.0556640625,2.606440432373347e-07,1.0,369.5987243652344,0.5195432305335999,-0.5566394329071045,0.4618562161922455
359,-167.0848894239573,-214.34809563464478,106,5643.24658203125,0.0005,1,reinforce_gamma_high_baseline_seed1,5643.24658203125,1.0458928301204651e-07,1.0,1077.39208984375,0.6777674555778503,0.3731518089771271,0.7373289465904236
360,-94.24462787597088,-209.04276696136338,88,2009.4122314453125,0.0005,1,reinforce_gamma_high_baseline_seed1,2009.4122314453125,-9.21162666145392e-08,1.0,206.37815856933594,0.8653317093849182,0.18757055699825287,0.9163464903831482
361,-94.68245788689767,-208.13210281273402,69,-760.9925537109375,0.0005,1,reinforce_gamma_high_baseline_seed1,-760.9925537109375,-1.4408775541596697e-06,1.0,85.44535064697266,1.1064980030059814,-0.1165221557021141,1.0530873537063599
362,-211.5321733163342,-205.43365381317307,74,-2505.5126953125,0.0005,1,reinforce_gamma_high_baseline_seed1,-2505.5126953125,-7.088119957643357e-08,1.0,618.775390625,0.2900523245334625,-0.32680749893188477,0.43099820613861084
363,-127.12972560526843,-204.75903234648922,98,2479.09326171875,0.0005,1,reinforce_gamma_high_baseline_seed1,2479.09326171875,-2.797769127482752e-08,1.0,381.0772705078125,0.6302284002304077,0.18571102619171143,0.775810182094574
364,-232.13582047731387,-207.0858611500615,100,4509.87451171875,0.0005,1,reinforce_gamma_high_baseline_seed1,4509.87451171875,1.6212463549436507e-07,1.0,1475.5201416015625,0.44510430097579956,0.33779671788215637,0.5782223343849182
365,-161.65908606894442,-206.29125578514544,101,1031.6630859375,0.0005,1,reinforce_gamma_high_baseline_seed1,1031.6630859375,2.7854844120156486e-07,1.0,137.7031707763672,0.5254913568496704,0.07332426309585571,0.7247868776321411
366,-413.2447209752257,-208.63685782051758,126,-4705.85595703125,0.0005,1,reinforce_gamma_high_baseline_seed1,-4705.85595703125,3.897954456988373e-07,1.0,681.6097412109375,0.17091575264930725,-0.21828627586364746,0.35249537229537964
367,-94.33544595300376,-202.72291135698322,89,1577.8768310546875,0.0005,1,reinforce_gamma_high_baseline_seed1,1577.8768310546875,-2.2368485019796935e-07,1.0,158.15699768066406,0.5937507152557373,0.14429831504821777,0.7612090706825256
368,-77.80001344350333,-199.95222201642605,62,-1264.61767578125,0.0005,1,reinforce_gamma_high_baseline_seed1,-1264.61767578125,1.4420479033105948e-07,1.0,291.0600891113281,1.1150307655334473,-0.2355009764432907,1.037757158279419
369,-96.01553691069729,-200.10132973642706,67,-1309.432373046875,0.0005,1,reinforce_gamma_high_baseline_seed1,-1309.432373046875,2.006986278502154e-06,1.0,268.12786865234375,1.322989583015442,-0.20810937881469727,1.1397671699523926
370,-387.3840891163594,-203.35480500196041,119,-5317.28125,0.0005,1,reinforce_gamma_high_baseline_seed1,-5317.28125,-1.242180900362655e-07,1.0,660.9401245117188,0.14546360075473785,-0.27370330691337585,0.2667357623577118
371,-179.46828412587462,-203.70469076500717,95,387.9033203125,0.0005,1,reinforce_gamma_high_baseline_seed1,387.9033203125,-8.658359007540639e-08,1.0,29.292556762695312,0.30331599712371826,0.03106701746582985,0.5527814626693726
372,-59.07497542190211,-200.01265478624708,83,618.3824462890625,0.0005,1,reinforce_gamma_high_baseline_seed1,618.3824462890625,-9.622918639706768e-08,1.0,65.71148681640625,1.2143397331237793,0.06592444330453873,1.1066840887069702
373,-139.3643874475834,-196.3725212540928,71,-955.1494140625,0.0005,1,reinforce_gamma_high_baseline_seed1,-955.1494140625,9.85575411505124e-07,1.0,159.86187744140625,0.45064809918403625,-0.13661915063858032,0.6619324088096619
374,-221.06618583125208,-198.8361423058215,125,2418.957763671875,0.0005,1,reinforce_gamma_high_baseline_seed1,2418.957763671875,1.416206316662283e-07,0.9999999403953552,184.85162353515625,0.11288753151893616,0.11185409128665924,0.31809696555137634
375,-102.64348424502764,-193.60285106178665,96,2182.8466796875,0.0005,1,reinforce_gamma_high_baseline_seed1,2182.8466796875,1.5522043383953132e-07,1.0,291.6047058105469,0.9831206202507019,0.17227785289287567,0.9815686941146851
376,-176.75201759241799,-194.02749109511905,123,3146.6083984375,0.0005,1,reinforce_gamma_high_baseline_seed1,3146.6083984375,5.33049648865358e-09,0.9999999403953552,491.39208984375,0.46460026502609253,0.15427426993846893,0.6666429042816162
377,-84.03121697290968,-194.5448105251522,71,-1353.1669921875,0.0005,1,reinforce_gamma_high_baseline_seed1,-1353.1669921875,-4.1555350094313326e-07,0.9999999403953552,261.5547180175781,1.4611680507659912,-0.19695667922496796,1.2011226415634155
378,-90.59499960272606,-192.51719047207544,82,517.5909423828125,0.0005,1,reinforce_gamma_high_baseline_seed1,517.5909423828125,-9.376828558060879e-08,1.0,71.50035095214844,1.067659854888916,0.055668096989393234,1.0381250381469727
379,-96.34262802379519,-189.55348978388238,83,753.1898803710938,0.0005,1,reinforce_gamma_high_baseline_seed1,753.1898803710938,1.5655196250463632e-07,1.0,65.53961181640625,0.7257834672927856,0.07909343391656876,0.8534063696861267
380,-67.757032863741,-186.85700377177054,80,-206.25555419921875,0.0005,1,reinforce_gamma_high_baseline_seed1,-206.25555419921875,-1.341104507446289e-07,1.0,23.604766845703125,1.2728301286697388,-0.02343101240694523,1.13507080078125
381,-113.78844652081811,-183.47128418276955,99,-774.6312255859375,0.0005,1,reinforce_gamma_high_baseline_seed1,-774.6312255859375,-2.4082684735304838e-09,1.0,34.24979782104492,0.9009519815444946,-0.057165052741765976,0.9522836208343506
382,-200.50752961139253,-184.48594611311492,93,-1552.697265625,0.0005,1,reinforce_gamma_high_baseline_seed1,-1552.697265625,9.773879838803623e-08,1.0,349.53314208984375,0.1963498443365097,-0.12886762619018555,0.42625898122787476
383,-105.54864047933033,-178.82527010689918,75,-1011.9903564453125,0.0005,1,reinforce_gamma_high_baseline_seed1,-1011.9903564453125,-1.8914541044523503e-07,1.0,169.42408752441406,1.3208595514297485,-0.13038770854473114,1.1495558023452759
384,-373.32505666801484,-181.32328251827218,96,-5659.4208984375,0.0005,1,reinforce_gamma_high_baseline_seed1,-5659.4208984375,-1.564621925354004e-07,1.0,930.2315673828125,0.221171572804451,-0.45180073380470276,0.13125188648700714
385,-274.6438536577492,-180.6274627034145,142,-877.5304565429688,0.0005,1,reinforce_gamma_high_baseline_seed1,-877.5304565429688,-6.044414391226383e-08,0.9999999403953552,63.553199768066406,0.14501696825027466,-0.03201200067996979,0.3808062970638275
386,-238.92525636926717,-183.3276834736645,109,-1112.0135498046875,0.0005,1,reinforce_gamma_high_baseline_seed1,-1112.0135498046875,-2.925549154042528e-07,1.0,221.815673828125,0.06423331797122955,-0.0680684894323349,0.24525874853134155
387,-19.25172625860752,-178.14366330184765,77,-348.4887390136719,0.0005,1,reinforce_gamma_high_baseline_seed1,-348.4887390136719,-2.2448501724170455e-08,1.0,46.86426544189453,0.7083278894424438,-0.0443485863506794,0.8459641337394714
388,-131.69674458111388,-176.58076413170727,102,2541.01123046875,0.0005,1,reinforce_gamma_high_baseline_seed1,2541.01123046875,1.2739032229092118e-07,1.0,191.8367919921875,0.47585365176200867,0.17778503894805908,0.6698094010353088
389,-305.180282912695,-181.25361441237186,91,-1828.45361328125,0.0005,1,reinforce_gamma_high_baseline_seed1,-1828.45361328125,1.0545436879283443e-07,1.0,329.1156311035156,0.11154139041900635,-0.1591787487268448,0.2952309846878052
390,-112.39800056937337,-176.29211504564998,119,6412.94970703125,0.0005,1,reinforce_gamma_high_baseline_seed1,6412.94970703125,4.793415655512945e-07,1.0,481.1368408203125,0.614998459815979,0.3292645514011383,0.714756190776825
391,-58.6952849920849,-170.28184732159417,79,1294.473876953125,0.0005,1,reinforce_gamma_high_baseline_seed1,1294.473876953125,-9.053869831632255e-08,1.0,89.62604522705078,0.9414740204811096,0.15052783489227295,0.9646735191345215
392,-142.93743298797057,-171.73752347715373,81,-2116.6328125,0.0005,1,reinforce_gamma_high_baseline_seed1,-2116.6328125,1.4422852245843387e-07,1.0,160.90122985839844,0.3691539168357849,-0.2322421669960022,0.5649404525756836
393,-66.65440353350455,-164.99598141380727,69,476.024169921875,0.0005,1,reinforce_gamma_high_baseline_seed1,476.024169921875,-1.131624458139413e-06,1.0,54.47130584716797,1.0332661867141724,0.0729604959487915,1.0213029384613037
394,-135.51302071163985,-165.5725181907546,114,5296.29736328125,0.0005,1,reinforce_gamma_high_baseline_seed1,5296.29736328125,4.078212612057541e-07,1.0,760.2918701171875,0.6524141430854797,0.299231618642807,0.7535620331764221
395,-113.96464798535051,-164.96495226994014,104,3967.120361328125,0.0005,1,reinforce_gamma_high_baseline_seed1,3967.120361328125,-5.83437781642715e-07,1.0,189.8611297607422,0.688773512840271,0.2669714093208313,0.7896169424057007
396,-149.79173946086829,-160.50709605913679,106,2672.57177734375,0.0005,1,reinforce_gamma_high_baseline_seed1,2672.57177734375,-3.0308399345813086e-07,1.0,288.89947509765625,0.34722644090652466,0.1731077879667282,0.5659343600273132
397,-115.565235144854,-158.20702781497207,72,-175.34149169921875,0.0005,1,reinforce_gamma_high_baseline_seed1,-175.34149169921875,-2.1523899818021164e-07,1.0,27.80382537841797,0.5464174747467041,-0.024330593645572662,0.7439846992492676
398,-224.8236602717197,-160.00715303369697,99,-3473.461181640625,0.0005,1,reinforce_gamma_high_baseline_seed1,-3473.461181640625,-4.635916894812908e-08,1.0,357.804443359375,0.28704890608787537,-0.2591233551502228,0.47132572531700134
399,-129.6775556447801,-159.50120215774723,66,-1609.5369873046875,0.0005,1,reinforce_gamma_high_baseline_seed1,-1609.5369873046875,8.669766771163268e-08,1.0,190.8373260498047,0.48938387632369995,-0.27655676007270813,0.6474971771240234
400,-311.4989442059725,-163.77319667195835,150,3196.557373046875,0.0005,1,reinforce_gamma_high_baseline_seed1,3196.557373046875,3.059705022678827e-08,1.0,394.0165710449219,0.1646389663219452,0.10584068298339844,0.39302223920822144
401,-216.68388547657048,-166.0599306668346,145,9498.26171875,0.0005,1,reinforce_gamma_high_baseline_seed1,9498.26171875,1.7100367699640628e-07,1.0,1186.113525390625,0.31555411219596863,0.33779144287109375,0.45038872957229614
402,-74.88279266349693,-165.55407250803233,123,5264.705078125,0.0005,1,reinforce_gamma_high_baseline_seed1,5264.705078125,-9.11030326733453e-08,1.0,469.89788818359375,0.5764200687408447,0.2546699345111847,0.7181618809700012
403,-137.21315778317634,-164.50900896435448,117,-37.03802490234375,0.0005,1,reinforce_gamma_high_baseline_seed1,-37.03802490234375,-8.930508101911983e-07,0.9999999403953552,3.7955102920532227,0.7278834581375122,-0.0019822840113192797,0.8568280339241028
404,-128.95587809121568,-164.08957337631466,83,-988.16650390625,0.0005,1,reinforce_gamma_high_baseline_seed1,-988.16650390625,7.612159720338241e-07,1.0,157.47637939453125,0.8061442375183105,-0.10311011970043182,0.8973371386528015
405,-88.04469420591299,-161.89645411541468,104,1695.8585205078125,0.0005,1,reinforce_gamma_high_baseline_seed1,1695.8585205078125,-2.4243041707450175e-07,1.0,222.14202880859375,0.947676420211792,0.11604467034339905,0.9712260961532593
406,-157.5755262290716,-159.01593071701328,110,-531.5834350585938,0.0005,1,reinforce_gamma_high_baseline_seed1,-531.5834350585938,2.45462757675341e-07,1.0,35.81393051147461,0.8587775230407715,-0.032315462827682495,0.9303775429725647
407,-127.3401761300511,-156.10352285757773,73,-1611.054931640625,0.0005,1,reinforce_gamma_high_baseline_seed1,-1611.054931640625,7.732273843430448e-07,1.0,267.68817138671875,0.6565472483634949,-0.21778370440006256,0.7858610153198242
408,-8.383236629120432,-152.75621217912857,110,-289.28619384765625,0.0005,1,reinforce_gamma_high_baseline_seed1,-289.28619384765625,2.6009299602947067e-08,1.0,28.491270065307617,0.4557938277721405,-0.017426026985049248,0.6779889464378357
409,-68.80578452804414,-150.7906300812103,66,-1764.1636962890625,0.0005,1,reinforce_gamma_high_baseline_seed1,-1764.1636962890625,1.3925812254456105e-06,1.0,190.1678466796875,1.3137626647949219,-0.30146482586860657,1.1143138408660889
410,-285.4955389654032,-154.61564830299895,99,-2581.177490234375,0.0005,1,reinforce_gamma_high_baseline_seed1,-2581.177490234375,-2.4684752020220913e-08,1.0,585.5999755859375,0.11538528650999069,-0.193979874253273,0.28026866912841797
411,-213.15175849551372,-156.98503431517128,121,-1350.4656982421875,0.0005,1,reinforce_gamma_high_baseline_seed1,-1350.4656982421875,3.940802884017103e-08,1.0,98.68511962890625,0.11721795797348022,-0.06780683994293213,0.33698469400405884
412,-111.58907634560316,-154.98617237575664,167,4509.7001953125,0.0005,1,reinforce_gamma_high_baseline_seed1,4509.7001953125,-3.497757461445872e-08,1.0,573.3228759765625,0.19707588851451874,0.12200471013784409,0.42812180519104004
413,-292.53316726501345,-158.29424120895155,103,-3982.80908203125,0.0005,1,reinforce_gamma_high_baseline_seed1,-3982.80908203125,2.7776922095767986e-08,1.0,916.8867797851562,0.08917040377855301,-0.2805328965187073,0.10283172875642776
414,-47.72216091709606,-154.6059680177472,85,-468.3235778808594,0.0005,1,reinforce_gamma_high_baseline_seed1,-468.3235778808594,-2.117717912142325e-07,1.0,90.59587097167969,1.0940790176391602,-0.048382751643657684,1.0510637760162354
415,-117.33199076967318,-153.71942611176178,111,-479.1761779785156,0.0005,1,reinforce_gamma_high_baseline_seed1,-479.1761779785156,4.2528719745860144e-07,1.0,68.98491668701172,0.6852005124092102,-0.03025008551776409,0.8309670686721802
416,-144.36741416304983,-148.34187997551825,114,3240.544189453125,0.0005,1,reinforce_gamma_high_baseline_seed1,3240.544189453125,1.2548346361995755e-08,1.0,276.53955078125,0.2408745139837265,0.18082119524478912,0.45827990770339966
417,-12.887371966899295,-146.71291849579617,126,3733.0302734375,0.0005,1,reinforce_gamma_high_baseline_seed1,3733.0302734375,1.8922110101016187e-08,1.0,240.15216064453125,0.40449756383895874,0.17412570118904114,0.614142656326294
418,-112.30500200409392,-147.40301826700798,91,327.9039611816406,0.0005,1,reinforce_gamma_high_baseline_seed1,327.9039611816406,7.204957341855334e-08,1.0,29.634496688842773,0.5511403679847717,0.029433738440275192,0.7459142804145813
419,-165.86076438380803,-148.7999228164702,112,4252.85693359375,0.0005,1,reinforce_gamma_high_baseline_seed1,4252.85693359375,-1.607196651320919e-07,1.0,686.4850463867188,0.40434569120407104,0.2582751512527466,0.58367919921875
420,-193.22669072111375,-144.91677484856527,104,-507.9379577636719,0.0005,1,reinforce_gamma_high_baseline_seed1,-507.9379577636719,9.743067153067386e-08,1.0,226.88821411132812,0.42979541420936584,-0.03558988869190216,0.6577911972999573
421,-360.8201099641196,-148.54381136533019,92,-5462.66650390625,0.0005,1,reinforce_gamma_high_baseline_seed1,-5462.66650390625,4.1593676769480226e-07,0.9999999403953552,944.9360961914062,0.35503268241882324,-0.47357824444770813,0.3635837733745575
422,-70.51781655536443,-148.77266818799941,74,-945.18310546875,0.0005,1,reinforce_gamma_high_baseline_seed1,-945.18310546875,2.988286951222108e-07,1.0,184.46786499023438,1.231089472770691,-0.12275680154561996,1.1102603673934937
423,-146.9643375538086,-148.92466719012393,124,1913.6634521484375,0.0005,1,reinforce_gamma_high_baseline_seed1,1913.6634521484375,4.777985509463178e-07,0.9999999403953552,230.96487426757812,0.20162683725357056,0.0932890921831131,0.44101300835609436
424,-285.33415643392755,-150.21002660217744,109,-4372.77294921875,0.0005,1,reinforce_gamma_high_baseline_seed1,-4372.77294921875,3.00210558634717e-07,1.0,803.7509765625,0.48676273226737976,-0.266061395406723,0.6479395627975464
425,-169.56444844646515,-151.5484458862062,120,1082.6273193359375,0.0005,1,reinforce_gamma_high_baseline_seed1,1082.6273193359375,-1.1920928955078125e-07,1.0,194.37156677246094,0.3953489363193512,0.058396775275468826,0.628675103187561
426,-75.69540672096034,-149.52731366877705,68,-1095.6424560546875,0.0005,1,reinforce_gamma_high_baseline_seed1,-1095.6424560546875,-4.829729505217983e-07,1.0,132.14295959472656,1.108322024345398,-0.1750277280807495,1.0458357334136963
427,-128.52834497737481,-150.41725622886634,106,947.4521484375,0.0005,1,reinforce_gamma_high_baseline_seed1,947.4521484375,3.621263431341504e-07,1.0,157.3224334716797,0.4847169518470764,0.06302253901958466,0.6966516971588135
428,-345.7264683080746,-155.51988560297332,93,-5345.34521484375,0.0005,1,reinforce_gamma_high_baseline_seed1,-5345.34521484375,-4.230006922512075e-08,1.0,996.4200439453125,0.21267570555210114,-0.4436960816383362,0.1264173686504364
429,-123.8670626117988,-156.0703742947334,120,3744.489990234375,0.0005,1,reinforce_gamma_high_baseline_seed1,3744.489990234375,2.769132549929054e-07,1.0,301.0799560546875,0.7329911589622498,0.19124270975589752,0.8380153179168701
430,-84.86906448125418,-156.41261492708364,152,14160.349609375,0.0005,1,reinforce_gamma_high_baseline_seed1,14160.349609375,-3.9213582381236733e-10,1.0,1167.9970703125,1.6010147333145142,0.4553569555282593,1.1844383478164673
431,-122.37083470472938,-156.58426269076188,123,5308.03662109375,0.0005,1,reinforce_gamma_high_baseline_seed1,5308.03662109375,-1.478001365740056e-07,1.0,907.234130859375,0.5197128057479858,0.2583315372467041,0.6757888793945312
432,-118.4729625955952,-154.94357135044592,82,-402.50115966796875,0.0005,1,reinforce_gamma_high_baseline_seed1,-402.50115966796875,-1.8899034159858275e-07,1.0,72.00040435791016,1.2434855699539185,-0.04637978598475456,1.121008276939392
433,-142.9842428929308,-155.69228339871793,139,8343.361328125,0.0005,1,reinforce_gamma_high_baseline_seed1,8343.361328125,6.71945883823355e-07,1.0,554.907958984375,0.3494724631309509,0.3283858597278595,0.4933418333530426
434,-149.2519157304465,-151.21082057996657,86,-1216.0263671875,0.0005,1,reinforce_gamma_high_baseline_seed1,-1216.0263671875,-1.7812085673085676e-07,1.0,93.71220397949219,0.37641116976737976,-0.1191391721367836,0.6053745746612549
435,-143.7676987184808,-148.5932974811812,96,-165.4605255126953,0.0005,1,reinforce_gamma_high_baseline_seed1,-165.4605255126953,3.6135315895080566e-07,1.0,20.857452392578125,0.8484458923339844,-0.013341306708753109,0.9258493781089783
436,-172.66787748203063,-147.26814990343647,105,-797.1812744140625,0.0005,1,reinforce_gamma_high_baseline_seed1,-797.1812744140625,3.774960930513771e-07,1.0,133.2212677001953,0.3148234784603119,-0.05404079705476761,0.5611613988876343
437,-210.43615015160495,-151.0918383812964,161,7770.22021484375,0.0005,1,reinforce_gamma_high_baseline_seed1,7770.22021484375,-6.774937588716057e-08,1.0,881.434814453125,0.26573446393013,0.24248196184635162,0.4563226103782654
438,-148.45553752044185,-151.42701424008297,85,-1854.005615234375,0.0005,1,reinforce_gamma_high_baseline_seed1,-1854.005615234375,7.02984195299905e-08,1.0,341.2319030761719,0.7304956316947937,-0.1857445389032364,0.8392140865325928
439,-396.7788683701938,-153.25898594923297,105,-7090.10888671875,0.0005,1,reinforce_gamma_high_baseline_seed1,-7090.10888671875,-1.7938160112862533e-07,1.0,1573.919921875,0.25201618671417236,-0.4753025472164154,0.16234131157398224
440,-175.84456165992276,-154.52791717104392,122,-682.1474609375,0.0005,1,reinforce_gamma_high_baseline_seed1,-682.1474609375,3.468795028993554e-08,1.0,102.27006530761719,0.21215027570724487,-0.0333467572927475,0.461283415555954
441,-322.98519199215957,-159.81371531104543,84,-7097.3984375,0.0005,1,reinforce_gamma_high_baseline_seed1,-7097.3984375,-4.023313522338867e-07,1.0,1076.2843017578125,0.6971021294593811,-0.8164053559303284,0.17593438923358917
442,-324.69192162123164,-163.44880508371065,138,-6675.47265625,0.0005,1,reinforce_gamma_high_baseline_seed1,-6675.47265625,1.4469243581061164e-07,1.0,668.4255981445312,0.13606344163417816,-0.2815907597541809,0.23913273215293884
443,-227.72508235480908,-166.67021866013675,128,2189.0869140625,0.0005,1,reinforce_gamma_high_baseline_seed1,2189.0869140625,2.421438694000244e-08,1.0,327.0412902832031,0.10786519944667816,0.10679548978805542,0.3118003308773041
444,-145.9041443098631,-166.8780411321012,96,-346.33367919921875,0.0005,1,reinforce_gamma_high_baseline_seed1,-346.33367919921875,6.51925802230835e-07,1.0,25.777570724487305,0.44844546914100647,-0.02973790466785431,0.6725119352340698
445,-69.85450371949051,-165.99583824678402,78,795.7030639648438,0.0005,1,reinforce_gamma_high_baseline_seed1,795.7030639648438,3.7978855971232406e-07,1.0,54.86252975463867,1.1422399282455444,0.0986432209610939,1.071082353591919
446,-227.4388237998254,-167.54877993356317,139,5773.61767578125,0.0005,1,reinforce_gamma_high_baseline_seed1,5773.61767578125,7.675706115151115e-08,0.9999999403953552,511.8126220703125,0.1777927279472351,0.22528968751430511,0.3577120006084442
447,-179.49859115877737,-168.8274470538416,107,344.20770263671875,0.0005,1,reinforce_gamma_high_baseline_seed1,344.20770263671875,1.0472592038013318e-07,1.0,44.01421356201172,0.1184781938791275,0.021842021495103836,0.34512943029403687
448,-42.91646946518722,-165.18930323771096,80,1275.686767578125,0.0005,1,reinforce_gamma_high_baseline_seed1,1275.686767578125,5.662441182607836e-08,1.0,187.80145263671875,1.0628101825714111,0.15255215764045715,1.0260100364685059
449,-104.79910630513473,-164.69173425091805,94,3573.947021484375,0.0005,1,reinforce_gamma_high_baseline_seed1,3573.947021484375,3.639687804479763e-07,0.9999999403953552,557.3668212890625,0.5257750153541565,0.3071400821208954,0.6603628396987915
450,-63.7776796048613,-159.73730895889585,64,-794.0722045898438,0.0005,1,reinforce_gamma_high_baseline_seed1,-794.0722045898438,-7.003545761108398e-07,1.0,143.55374145507812,1.0035829544067383,-0.14430999755859375,0.9991780519485474
451,-323.6205206990133,-161.8760416633447,105,3993.5224609375,0.0005,1,reinforce_gamma_high_baseline_seed1,3993.5224609375,-9.082612706379223e-08,1.0,706.7802124023438,0.12276346236467361,0.295919805765152,0.18850287795066833
452,-377.6076665855574,-167.9305391417859,87,-6329.9404296875,0.0005,1,reinforce_gamma_high_baseline_seed1,-6329.9404296875,7.604730711818775e-08,1.0,1536.6937255859375,0.5364769697189331,-0.6801763772964478,0.27330508828163147
453,-172.42079029167598,-168.63469179195587,188,23487.37109375,0.0005,1,reinforce_gamma_high_baseline_seed1,23487.37109375,-1.3506158325071738e-07,0.9999999403953552,2506.0419921875,0.591255247592926,0.5110024213790894,0.5761051774024963
454,-310.20369303724647,-172.2596480908765,96,-3221.21435546875,0.0005,1,reinforce_gamma_high_baseline_seed1,-3221.21435546875,-7.450580596923828e-08,1.0,648.09130859375,0.09494506567716599,-0.2762622833251953,0.13718697428703308
455,-51.76321203157463,-171.53401844738974,96,1307.810546875,0.0005,1,reinforce_gamma_high_baseline_seed1,1307.810546875,0.0,1.0,193.21974182128906,0.3848542273044586,0.11176029592752457,0.6134195327758789
456,-383.79101482938506,-176.05832821939603,107,-4228.71923828125,0.0005,1,reinforce_gamma_high_baseline_seed1,-4228.71923828125,1.5987414769824682e-07,1.0,1115.339111328125,0.3850155472755432,-0.31960225105285645,0.534358024597168
457,-267.23879393338086,-178.85630057546263,115,1791.602783203125,0.0005,1,reinforce_gamma_high_baseline_seed1,1791.602783203125,1.0625176116718649e-07,1.0,590.7171630859375,0.07423406839370728,0.12280891090631485,0.24427631497383118
458,-118.2534153956085,-181.05370415079236,75,-1063.880615234375,0.0005,1,reinforce_gamma_high_baseline_seed1,-1063.880615234375,-4.967053541804489e-07,0.9999999403953552,179.86639404296875,0.7167493104934692,-0.13672004640102386,0.8411243557929993
459,-124.9862021526946,-182.1773125032854,96,3116.0556640625,0.0005,1,reinforce_gamma_high_baseline_seed1,3116.0556640625,-1.3336539268493652e-06,0.9999999403953552,902.7763671875,0.7865099310874939,0.2524285614490509,0.8546332716941833
460,-80.66809223804682,-178.08076356873826,70,-105.61250305175781,0.0005,1,reinforce_gamma_high_baseline_seed1,-105.61250305175781,8.804457252153952e-07,1.0,15.953771591186523,0.9660212993621826,-0.01639280654489994,0.9898226857185364
461,49.910543821692,-172.81951752239414,1000,1032738.625,0.0005,1,reinforce_gamma_high_baseline_seed1,1032738.625,-2.5033950024067053e-08,1.0,50216.1640625,1.1976946592330933,0.7754623889923096,0.772625207901001
462,-141.83734448748646,-173.4244828852318,145,11334.060546875,0.0005,1,reinforce_gamma_high_baseline_seed1,11334.060546875,1.4954599691918702e-06,1.0,3162.388427734375,1.1290380954742432,0.48452228307724,0.9489396810531616
463,-66.33711717600535,-168.90056188345162,70,191.84466552734375,0.0005,1,reinforce_gamma_high_baseline_seed1,191.84466552734375,-1.089913510554652e-07,1.0,65.82991027832031,0.9661653637886047,0.03631848096847534,0.989358127117157
464,-115.59768523532914,-170.2580723698163,105,2688.410400390625,0.0005,1,reinforce_gamma_high_baseline_seed1,2688.410400390625,-1.913025329258744e-07,1.0,395.64837646484375,0.264193594455719,0.19446970522403717,0.4780708849430084
465,-189.09665771383428,-171.69336570869953,95,-643.3463134765625,0.0005,1,reinforce_gamma_high_baseline_seed1,-643.3463134765625,3.538633563948679e-07,1.0,129.97802734375,0.3389493525028229,-0.06179245561361313,0.5819761753082275
466,-12.152187419069747,-169.04906117381995,105,1303.8702392578125,0.0005,1,reinforce_gamma_high_baseline_seed1,1303.8702392578125,-1.0785602633234248e-08,1.0,230.997314453125,0.6279359459877014,0.09609097242355347,0.790349006652832
467,-188.6389478273208,-172.56409269102835,108,1655.92333984375,0.0005,1,reinforce_gamma_high_baseline_seed1,1655.92333984375,-5.298190686175985e-08,1.0,271.16558837890625,0.20659977197647095,0.12444020807743073,0.4392044246196747
468,-189.77595410035343,-174.11351173295355,112,-951.3683471679688,0.0005,1,reinforce_gamma_high_baseline_seed1,-951.3683471679688,1.4049666674509353e-07,1.0,169.2992401123047,0.21501679718494415,-0.058856721967458725,0.4620157480239868
469,-142.9494899193174,-173.6552862436637,83,-1190.7071533203125,0.0005,1,reinforce_gamma_high_baseline_seed1,-1190.7071533203125,-1.1174075780218118e-06,1.0,374.83111572265625,0.5674300789833069,-0.14818443357944489,0.743050217628479
470,-104.28281191814347,-171.87640866760432,98,720.5709838867188,0.0005,1,reinforce_gamma_high_baseline_seed1,720.5709838867188,-4.8656854545470196e-08,1.0,175.91995239257812,0.5108664035797119,0.058685000985860825,0.7159983515739441
471,-119.09985867882948,-167.04200364189853,77,-1456.768798828125,0.0005,1,reinforce_gamma_high_baseline_seed1,-1456.768798828125,-3.684650664581568e-07,1.0,625.4132690429688,0.5624173879623413,-0.2425491213798523,0.7142923474311829
472,-109.78713537542416,-167.8273900182997,64,-2656.8857421875,0.0005,1,reinforce_gamma_high_baseline_seed1,-2656.8857421875,9.676441550254822e-07,1.0,779.3327026367188,1.3132349252700806,-0.4945898652076721,1.0419106483459473
473,-133.89966661530934,-167.56609659952974,96,-1846.086669921875,0.0005,1,reinforce_gamma_high_baseline_seed1,-1846.086669921875,-4.023313522338867e-07,1.0,304.52001953125,0.5258263945579529,-0.15892793238162994,0.7112224698066711
474,-342.7489029708118,-168.71439153026742,134,-6365.25390625,0.0005,1,reinforce_gamma_high_baseline_seed1,-6365.25390625,7.828669623677342e-08,1.0000001192092896,859.9736938476562,0.12682735919952393,-0.30421966314315796,0.18583720922470093
475,-96.22821431549016,-167.24766684764793,74,-1579.324462890625,0.0005,1,reinforce_gamma_high_baseline_seed1,-1579.324462890625,1.6834285077038658e-07,1.0,180.33450317382812,1.2605472803115845,-0.21342532336711884,1.1097931861877441
476,-104.68804874801118,-167.82751968818894,108,1744.1083984375,0.0005,1,reinforce_gamma_high_baseline_seed1,1744.1083984375,-3.7528849361478933e-07,1.0,279.4048767089844,0.7434077858924866,0.11533814668655396,0.8584452867507935
477,-74.45968693203523,-166.74614652728215,92,74.06935119628906,0.0005,1,reinforce_gamma_high_baseline_seed1,74.06935119628906,1.2957531225765706e-07,0.9999999403953552,16.725719451904297,1.054437279701233,0.007113051135092974,1.0324598550796509
478,-91.20639058019545,-161.65574497272456,105,1633.330322265625,0.0005,1,reinforce_gamma_high_baseline_seed1,1633.330322265625,1.2715658215256553e-07,1.0,263.00286865234375,0.7347368597984314,0.12052842229604721,0.8527220487594604
479,-100.57876612008891,-161.18997904289037,110,3077.941650390625,0.0005,1,reinforce_gamma_high_baseline_seed1,3077.941650390625,-4.19399952988897e-07,1.0,240.8887481689453,1.0887534618377686,0.20103763043880463,1.0285694599151611
480,-148.9638625615005,-162.47187500449527,109,1305.791015625,0.0005,1,reinforce_gamma_high_baseline_seed1,1305.791015625,9.84296875117252e-08,0.9999999403953552,262.2590637207031,0.31784847378730774,0.09215568751096725,0.5587667226791382
481,-242.29366979746538,-164.87033170635002,116,-1503.1490478515625,0.0005,1,reinforce_gamma_high_baseline_seed1,-1503.1490478515625,1.397626192556345e-07,1.0,294.2931823730469,0.03655306249856949,-0.08137954026460648,0.1737547069787979
482,-114.16139235868573,-164.78410030161183,67,-2048.54638671875,0.0005,1,reinforce_gamma_high_baseline_seed1,-2048.54638671875,1.5212528978736373e-06,1.0,357.744140625,0.7970212697982788,-0.3658373951911926,0.8205074667930603
483,-250.5378681954842,-166.9351728076629,90,-2170.107666015625,0.0005,1,reinforce_gamma_high_baseline_seed1,-2170.107666015625,3.960397521041159e-07,1.0,534.571533203125,0.3854731619358063,-0.22159896790981293,0.5832207798957825
484,-87.33358101572858,-165.69680611336855,71,-849.7981567382812,0.0005,1,reinforce_gamma_high_baseline_seed1,-849.7981567382812,2.929862148448592e-07,1.0,107.56005096435547,1.3673291206359863,-0.13184410333633423,1.170141577720642
485,-138.19439278509108,-165.58533999470075,145,8284.19921875,0.0005,1,reinforce_gamma_high_baseline_seed1,8284.19921875,4.3367518287595885e-07,1.0,725.1096801757812,0.5877028107643127,0.34081023931503296,0.6890760660171509
486,-359.316484134917,-169.31831212775847,90,-6069.3369140625,0.0005,1,reinforce_gamma_high_baseline_seed1,-6069.3369140625,2.251730961688736e-07,0.9999999403953552,1312.2816162109375,0.34844446182250977,-0.5714681148529053,0.14870910346508026
487,-56.70206799874387,-166.24363048470124,121,5543.86767578125,0.0005,1,reinforce_gamma_high_baseline_seed1,5543.86767578125,-2.866934210032923e-07,0.9999999403953552,903.3222045898438,1.1634352207183838,0.30764445662498474,1.0381217002868652
488,-14.21212563662452,-163.5587622470249,106,414.01251220703125,0.0005,1,reinforce_gamma_high_baseline_seed1,414.01251220703125,1.911847036240033e-08,1.0,66.54956817626953,0.42137256264686584,0.02763226255774498,0.6516247391700745
489,-105.65581417834211,-157.73630116318785,71,-460.689697265625,0.0005,1,reinforce_gamma_high_baseline_seed1,-460.689697265625,1.0107604566655937e-06,1.0,61.56046676635742,0.7520878911018372,-0.0776432678103447,0.8698951005935669
490,-158.40097106367634,-157.38742935126294,126,5086.55859375,0.0005,1,reinforce_gamma_high_baseline_seed1,5086.55859375,1.617840297285511e-07,0.9999999403953552,466.4745788574219,0.3401106894016266,0.2412203848361969,0.5330842733383179
491,-228.23841024581287,-155.49249371633599,74,-3492.21630859375,0.0005,1,reinforce_gamma_high_baseline_seed1,-3492.21630859375,-1.6914832201564423e-07,0.9999999403953552,372.5859375,0.36424019932746887,-0.4636043906211853,0.38904568552970886
492,-94.98038206839301,-150.89826292527923,100,2988.23779296875,0.0005,1,reinforce_gamma_high_baseline_seed1,2988.23779296875,1.4826655103661324e-07,1.0,1598.8194580078125,0.48985034227371216,0.2447551190853119,0.6590054035186768
493,-85.2591086136613,-148.04894345045625,74,50.34161376953125,0.0005,1,reinforce_gamma_high_baseline_seed1,50.34161376953125,2.2553109602085897e-08,1.0,11.333041191101074,0.7356903553009033,0.007811148650944233,0.8635429739952087
494,-117.01159100261768,-147.47109238431136,71,-1739.178466796875,0.0005,1,reinforce_gamma_high_baseline_seed1,-1739.178466796875,-4.718001491710311e-07,1.0,381.76922607421875,0.5281180143356323,-0.25140735507011414,0.6866978406906128
495,-104.65262032167476,-148.16705471635504,56,-758.8015747070312,0.0005,1,reinforce_gamma_high_baseline_seed1,-758.8015747070312,-9.047133744388702e-07,1.0,157.8253936767578,0.7771846055984497,-0.18223163485527039,0.8703464865684509
496,-311.817066711327,-149.8546195745851,134,1111.640869140625,0.0005,1,reinforce_gamma_high_baseline_seed1,1111.640869140625,-2.7400344038142066e-07,1.0,165.07308959960938,0.4256752133369446,0.04857230931520462,0.6530687212944031
497,-76.64028565033362,-147.7974534644162,66,-440.0979309082031,0.0005,1,reinforce_gamma_high_baseline_seed1,-440.0979309082031,1.679767223095041e-07,1.0,90.38484954833984,0.9971588850021362,-0.0888061672449112,1.0022433996200562
498,-83.01936079310194,-148.5995112909745,83,1585.38232421875,0.0005,1,reinforce_gamma_high_baseline_seed1,1585.38232421875,1.9245837279413536e-07,1.0,296.0350646972656,0.7471674084663391,0.18062685430049896,0.8504441380500793
499,-166.541998615556,-149.83436913718293,91,159.05503845214844,0.0005,1,reinforce_gamma_high_baseline_seed1,159.05503845214844,-2.3579859842470796e-08,1.0,35.019710540771484,0.277596652507782,0.013857034966349602,0.5296101570129395
500,-113.82352903529478,-150.83528612579158,93,2126.43505859375,0.0005,1,reinforce_gamma_high_baseline_seed1,2126.43505859375,-9.953334938472835e-07,1.0,358.5657043457031,1.1246788501739502,0.1976870447397232,1.0475679636001587
501,-96.00262731381426,-146.28292825808762,81,1038.9395751953125,0.0005,1,reinforce_gamma_high_baseline_seed1,1038.9395751953125,7.594073281325109e-07,1.0,118.09361267089844,1.0952906608581543,0.12644623219966888,1.0453675985336304
502,-98.83726018089949,-140.70752012999446,62,63.666290283203125,0.0005,1,reinforce_gamma_high_baseline_seed1,63.666290283203125,1.04404261946911e-06,1.0,15.596396446228027,1.3175079822540283,0.011760296300053596,1.1571369171142578
503,-307.7560696625518,-143.41422571741197,93,-675.0972290039062,0.0005,1,reinforce_gamma_high_baseline_seed1,-675.0972290039062,-1.3491158767919842e-07,1.0,148.99679565429688,0.045369893312454224,-0.057854246348142624,0.20610567927360535
504,-98.35015282635645,-139.17715491319416,101,3429.625,0.0005,1,reinforce_gamma_high_baseline_seed1,3429.625,6.845681923550728e-07,1.0,445.3695068359375,1.171081781387329,0.25991448760032654,1.0557279586791992
505,-308.5731748772513,-144.31335417010771,79,-3276.801513671875,0.0005,1,reinforce_gamma_high_baseline_seed1,-3276.801513671875,1.1392786802844057e-07,1.0,1255.2266845703125,0.2331201285123825,-0.3978443443775177,0.27531707286834717
506,-179.67146841723604,-140.2309632418647,82,-2144.641845703125,0.0005,1,reinforce_gamma_high_baseline_seed1,-2144.641845703125,3.111071578132396e-07,1.0,782.7420654296875,0.5267438888549805,-0.3036929965019226,0.6632336378097534
507,-110.29168011778732,-137.09202096555285,64,-164.48806762695312,0.0005,1,reinforce_gamma_high_baseline_seed1,-164.48806762695312,1.6689300537109375e-06,0.9999999403953552,51.696353912353516,1.0263564586639404,-0.031190527603030205,1.0206172466278076
508,-190.73551104521346,-138.54166287854497,119,2060.01416015625,0.0005,1,reinforce_gamma_high_baseline_seed1,2060.01416015625,-8.364685299966368e-08,1.0,247.9685516357422,0.17132660746574402,0.11359377205371857,0.3997069299221039
509,-295.679787492634,-141.95553458534374,102,-3013.216796875,0.0005,1,reinforce_gamma_high_baseline_seed1,-3013.216796875,-1.472585324790998e-07,1.0,355.6105041503906,0.1544058918952942,-0.2141219526529312,0.3311080038547516
510,-68.7630411049884,-141.71743356268257,70,1184.9803466796875,0.0005,1,reinforce_gamma_high_baseline_seed1,1184.9803466796875,-2.9632022346959275e-07,1.0,150.60330200195312,0.9895128607749939,0.1795244812965393,0.9854732155799866
511,-330.16897424355136,-149.31902392398743,148,4346.6201171875,0.0005,1,reinforce_gamma_high_baseline_seed1,4346.6201171875,1.220284246983283e-07,1.0,722.5631713867188,0.07399259507656097,0.1537686437368393,0.22514507174491882
512,-161.9920415187869,-149.72211786461344,121,7023.67578125,0.0005,1,reinforce_gamma_high_baseline_seed1,7023.67578125,9.852006987998152e-10,1.0,908.7211303710938,0.5749431252479553,0.35263243317604065,0.6740537285804749
513,-112.4587204737904,-150.64454993056916,92,449.7861328125,0.0005,1,reinforce_gamma_high_baseline_seed1,449.7861328125,1.2465145573514747e-06,1.0,81.050048828125,0.5148938894271851,0.046269845217466354,0.7199914455413818
514,-270.4091026706956,-153.74077827927647,99,-672.7603759765625,0.0005,1,reinforce_gamma_high_baseline_seed1,-672.7603759765625,1.2522995973540674e-07,1.0,256.8030700683594,0.03978647291660309,-0.06446676701307297,0.18972107768058777
515,-20.476079863933805,-150.36836672227847,98,1353.712646484375,0.0005,1,reinforce_gamma_high_baseline_seed1,1353.712646484375,-1.5205267045459436e-09,1.0,199.2094268798828,0.396799236536026,0.10679864883422852,0.6239923238754272
516,-133.73909775701242,-152.8001049290373,85,-999.3746337890625,0.0005,1,reinforce_gamma_high_baseline_seed1,-999.3746337890625,4.137263687198356e-08,0.9999999403953552,181.86634826660156,0.6976967453956604,-0.10731819272041321,0.8332756757736206
517,-297.3779278537909,-154.9748845295667,130,-1216.869873046875,0.0005,1,reinforce_gamma_high_baseline_seed1,-1216.869873046875,-1.8890087005729583e-07,1.0,275.7802429199219,0.23991304636001587,-0.055007144808769226,0.4885934889316559
518,-212.23523961634453,-155.42407023988656,109,1423.997314453125,0.0005,1,reinforce_gamma_high_baseline_seed1,1423.997314453125,-4.866801361913531e-08,1.0,220.57537841796875,0.32194074988365173,0.0894942432641983,0.5628839135169983
519,-146.9615451409814,-155.50431134431983,83,-1485.5616455078125,0.0005,1,reinforce_gamma_high_baseline_seed1,-1485.5616455078125,1.314174653543887e-07,1.0,580.583984375,0.7833806872367859,-0.1948290914297104,0.8686269521713257
520,-79.73340263665519,-155.01332315869004,87,1338.5338134765625,0.0005,1,reinforce_gamma_high_baseline_seed1,1338.5338134765625,1.3428173417651124e-07,1.0,239.27159118652344,0.7339876294136047,0.1395609974861145,0.850187361240387
521,-192.57225393872562,-156.48277106388798,110,498.37225341796875,0.0005,1,reinforce_gamma_high_baseline_seed1,498.37225341796875,9.428371328112917e-08,1.0,188.14434814453125,0.11320319771766663,0.03395668417215347,0.33627089858055115
522,-207.53064470818737,-158.43764125054324,89,-1957.2562255859375,0.0005,1,reinforce_gamma_high_baseline_seed1,-1957.2562255859375,-3.964713357618166e-07,1.0,443.6761169433594,0.31739258766174316,-0.22468650341033936,0.5195590853691101
523,-154.01117315316048,-158.83987138130027,85,-1731.476806640625,0.0005,1,reinforce_gamma_high_baseline_seed1,-1731.476806640625,2.3561365480873064e-07,1.0,295.30126953125,0.47972074151039124,-0.2107946127653122,0.6636778712272644
524,-118.3366233113228,-154.35162578811048,93,-195.42884826660156,0.0005,1,reinforce_gamma_high_baseline_seed1,-195.42884826660156,-8.607423183093488e-07,1.0,91.24723052978516,1.0122874975204468,-0.021997692063450813,1.0113364458084106
525,-173.62911296183643,-155.8996437610374,101,5733.33544921875,0.0005,1,reinforce_gamma_high_baseline_seed1,5733.33544921875,-1.1920928955078125e-07,1.0,1789.839111328125,0.6074234247207642,0.4542117118835449,0.6364953517913818
526,-124.76578504924916,-156.30119848706218,106,1720.970458984375,0.0005,1,reinforce_gamma_high_baseline_seed1,1720.970458984375,-1.4889915291860234e-06,1.0,317.37872314453125,0.610097348690033,0.12322960048913956,0.7749693989753723
527,-154.14302032344813,-157.89486515489043,90,-856.9434814453125,0.0005,1,reinforce_gamma_high_baseline_seed1,-856.9434814453125,-1.9603305645432556e-07,1.0,223.87794494628906,0.33883658051490784,-0.08140218257904053,0.5796058773994446
528,-94.36214969758987,-157.95798033723833,86,724.59716796875,0.0005,1,reinforce_gamma_high_baseline_seed1,724.59716796875,2.3564626872030203e-07,1.0,120.24852752685547,1.273205280303955,0.079531230032444,1.1321592330932617
529,-180.82370218851437,-159.56287905860682,155,6280.67529296875,0.0005,1,reinforce_gamma_high_baseline_seed1,6280.67529296875,-4.656853320739174e-07,1.0,632.5238647460938,0.5405210852622986,0.21834416687488556,0.7043061852455139
530,-184.2028292541831,-160.26765839246048,113,7288.37841796875,0.0005,1,reinforce_gamma_high_baseline_seed1,7288.37841796875,-3.5446302604213997e-07,1.0,2719.773681640625,0.6619770526885986,0.49073418974876404,0.6518568396568298
531,-75.32407350763071,-156.92826646666379,76,-712.0693969726562,0.0005,1,reinforce_gamma_high_baseline_seed1,-712.0693969726562,-2.6194672386736784e-07,1.0,236.62977600097656,0.8965716361999512,-0.09986358880996704,0.9478502869606018
532,-142.4798410315047,-157.49463544012016,111,-645.2562866210938,0.0005,1,reinforce_gamma_high_baseline_seed1,-645.2562866210938,1.7827694875904854e-07,1.0,97.7918472290039,0.3887016475200653,-0.04272792115807533,0.6248143911361694
533,-143.17311037054162,-155.3473402836213,127,3683.506103515625,0.0005,1,reinforce_gamma_high_baseline_seed1,3683.506103515625,-1.1381202114080224e-07,1.0,172.92550659179688,0.3457094728946686,0.17236506938934326,0.5643648505210876
534,-102.30514420485396,-155.64677154740383,73,-1445.0533447265625,0.0005,1,reinforce_gamma_high_baseline_seed1,-1445.0533447265625,6.042114932824916e-07,1.0,335.3070068359375,0.7921297550201416,-0.21331475675106049,0.8700553178787231
535,-140.650019750277,-155.69588408670754,144,-1536.4854736328125,0.0005,1,reinforce_gamma_high_baseline_seed1,-1536.4854736328125,4.967053541804489e-07,1.0,154.83433532714844,1.4105864763259888,-0.060189101845026016,1.1902952194213867
536,-177.7015963206711,-152.06358633042262,116,-3989.35693359375,0.0005,1,reinforce_gamma_high_baseline_seed1,-3989.35693359375,-4.948213359057263e-07,1.0,1046.1317138671875,0.2052033245563507,-0.25891777873039246,0.37331801652908325
537,-89.88089017491149,-152.727162773946,99,-187.60037231445312,0.0005,1,reinforce_gamma_high_baseline_seed1,-187.60037231445312,-1.3847544266809564e-07,1.0,15.699524879455566,0.9275065660476685,-0.014771898277103901,0.9678586721420288
538,-45.05227790082189,-153.34396581922994,76,-1308.108642578125,0.0005,1,reinforce_gamma_high_baseline_seed1,-1308.108642578125,-2.109690768747896e-07,1.0,153.36322021484375,0.8528819680213928,-0.1685372143983841,0.9140406250953674
539,-405.1311388605973,-159.33347231287502,111,-9444.4736328125,0.0005,1,reinforce_gamma_high_baseline_seed1,-9444.4736328125,-5.369787814402116e-08,1.0,1444.6044921875,0.4076574444770813,-0.5639520883560181,0.3007161617279053
540,-98.72005121271943,-158.1398539158559,115,-1020.071044921875,0.0005,1,reinforce_gamma_high_baseline_seed1,-1020.071044921875,-2.073204941055451e-09,0.9999999403953552,75.38749694824219,0.33992230892181396,-0.056625667959451675,0.5828116536140442
541,-167.9528953374663,-156.93414361768896,110,-1815.9122314453125,0.0005,1,reinforce_gamma_high_baseline_seed1,-1815.9122314453125,-8.073720181300814e-08,1.0,566.4617919921875,0.3123413920402527,-0.12555237114429474,0.5470821857452393
542,-106.37547418073191,-157.1620454599357,67,-2843.331787109375,0.0005,1,reinforce_gamma_high_baseline_seed1,-2843.331787109375,3.700825743635505e-07,0.9999999403953552,1200.699951171875,0.8068119883537292,-0.5216206312179565,0.7367671728134155
543,-162.24898362697922,-158.70184296020207,128,3142.77392578125,0.0005,1,reinforce_gamma_high_baseline_seed1,3142.77392578125,2.05356627702713e-07,0.9999999403953552,234.98825073242188,0.4406263530254364,0.14290283620357513,0.6507794260978699
544,-83.23296465593116,-158.02627043326837,76,-2210.83203125,0.0005,1,reinforce_gamma_high_baseline_seed1,-2210.83203125,6.289858447416918e-07,1.0,732.2973022460938,1.3457027673721313,-0.3190137445926666,1.1227282285690308
545,-92.01023615305581,-157.77342274989599,82,-2293.337158203125,0.0005,1,reinforce_gamma_high_baseline_seed1,-2293.337158203125,1.4610407106374623e-07,1.0,391.13623046875,1.255186676979065,-0.271811306476593,1.0935672521591187
546,-181.896922379064,-155.17501986325072,131,1997.8956298828125,0.0005,1,reinforce_gamma_high_baseline_seed1,1997.8956298828125,-1.7289896447891806e-07,1.0,167.97158813476562,0.15399089455604553,0.08997901529073715,0.3834278881549835
547,-47.305306631125006,-154.58832028286656,64,-1434.0191650390625,0.0005,1,reinforce_gamma_high_baseline_seed1,-1434.0191650390625,1.993030309677124e-07,0.9999999403953552,223.1892547607422,1.0220791101455688,-0.2952474355697632,0.9745500683784485
548,-255.87683778709987,-158.0454698227465,122,6076.9140625,0.0005,1,reinforce_gamma_high_baseline_seed1,6076.9140625,9.233833964117366e-08,1.0,644.4375,0.225410595536232,0.3041134774684906,0.36609309911727905
549,-93.2990692937616,-156.5806112363106,66,-1154.2508544921875,0.0005,1,reinforce_gamma_high_baseline_seed1,-1154.2508544921875,1.0521123385842657e-06,1.0,157.62474060058594,1.0928897857666016,-0.19844064116477966,1.0342721939086914
550,-92.92561045011884,-156.1626528646071,73,-740.0341186523438,0.0005,1,reinforce_gamma_high_baseline_seed1,-740.0341186523438,-2.776106668989087e-07,1.0,75.29942321777344,0.7321800589561462,-0.10544589161872864,0.855029821395874
551,-85.19517534348311,-155.94650382520047,70,-368.81890869140625,0.0005,1,reinforce_gamma_high_baseline_seed1,-368.81890869140625,-6.352152013278101e-07,1.0,63.0654296875,0.8751806616783142,-0.05673558637499809,0.9405311346054077
552,-66.84544476711906,-155.30666751692488,72,761.9631958007812,0.0005,1,reinforce_gamma_high_baseline_seed1,761.9631958007812,1.7053551459866867e-07,1.0,91.68096160888672,0.8338683843612671,0.10865925252437592,0.9130387902259827
553,-118.85242934311164,-151.52859471053608,80,1062.02001953125,0.0005,1,reinforce_gamma_high_baseline_seed1,1062.02001953125,4.507601261138916e-07,1.0,176.6944122314453,0.7131229639053345,0.1279759407043457,0.8399789333343506
554,-170.6529991370742,-152.97465163675042,123,7530.09423828125,0.0005,1,reinforce_gamma_high_baseline_seed1,7530.09423828125,-2.3018053241230518e-07,0.9999999403953552,908.6596069335938,0.5058571100234985,0.4045567214488983,0.5873634815216064
555,-299.4444544784103,-152.7920772287736,145,1873.7125244140625,0.0005,1,reinforce_gamma_high_baseline_seed1,1873.7125244140625,3.358413493970147e-07,1.0,128.87026977539062,0.17553195357322693,0.0697539746761322,0.4145497679710388
556,-180.6468676937705,-152.81158521430427,99,3630.68408203125,0.0005,1,reinforce_gamma_high_baseline_seed1,3630.68408203125,7.959327490425494e-07,1.0,250.98231506347656,0.3498712480068207,0.27682551741600037,0.5253827571868896
557,-166.55823286023212,-153.9369162691532,99,-325.64776611328125,0.0005,1,reinforce_gamma_high_baseline_seed1,-325.64776611328125,7.044185394988745e-07,1.0,116.41331481933594,0.22383472323417664,-0.026667168363928795,0.4747634530067444
558,-420.8744355133552,-158.53969475851602,124,-6060.248046875,0.0005,1,reinforce_gamma_high_baseline_seed1,-6060.248046875,-6.729556645268531e-08,0.9999999403953552,1015.7704467773438,0.25984084606170654,-0.29558685421943665,0.4169788956642151
559,-250.6581181211503,-157.63926137108635,125,-935.0784912109375,0.0005,1,reinforce_gamma_high_baseline_seed1,-935.0784912109375,2.217292802697557e-07,1.0,156.75787353515625,0.03081980161368847,-0.0441180020570755,0.17060555517673492
560,-177.2275431452834,-159.80855141189227,112,982.5922241210938,0.0005,1,reinforce_gamma_high_baseline_seed1,982.5922241210938,-2.3203236310109787e-07,1.0,232.47006225585938,0.4638202488422394,0.05866013094782829,0.6815620064735413
561,-79.03343874380673,-154.78584070189737,70,395.986328125,0.0005,1,reinforce_gamma_high_baseline_seed1,395.986328125,-2.9121125066922104e-07,0.9999999403953552,60.491981506347656,0.9897408485412598,0.06229224056005478,1.0000742673873901
562,-101.54509791675729,-153.57690182985675,82,1261.53369140625,0.0005,1,reinforce_gamma_high_baseline_seed1,1261.53369140625,-5.960464477539062e-07,1.0,314.2740173339844,1.1890696287155151,0.15777190029621124,1.0856105089187622
563,-111.36818835224175,-153.55509118742577,100,2310.366455078125,0.0005,1,reinforce_gamma_high_baseline_seed1,2310.366455078125,-3.069639262776036e-07,1.0,508.5491638183594,1.1297799348831177,0.18696589767932892,1.0516095161437988
564,4.445482505233414,-148.0579994839072,117,3182.341796875,0.0005,1,reinforce_gamma_high_baseline_seed1,3182.341796875,-1.2226593959496768e-08,1.0,922.2305908203125,0.4597049057483673,0.17024293541908264,0.6591171026229858
565,-97.94972676696342,-149.6074724219678,103,3095.468505859375,0.0005,1,reinforce_gamma_high_baseline_seed1,3095.468505859375,8.00901261754916e-07,0.9999999403953552,540.0143432617188,0.6011077165603638,0.21753807365894318,0.7478062510490417
566,-54.111761699715466,-148.01492570082186,172,11831.2021484375,0.0005,1,reinforce_gamma_high_baseline_seed1,11831.2021484375,1.628731638447789e-08,1.0,1027.017578125,0.28486430644989014,0.3069725036621094,0.4378892183303833
567,-185.11824725072393,-145.76973208876052,131,2375.343017578125,0.0005,1,reinforce_gamma_high_baseline_seed1,2375.343017578125,-6.64296067043324e-07,1.0,364.0378723144531,0.48290079832077026,0.11527932435274124,0.6879127025604248
568,-166.19667676064495,-144.84896083164654,64,-2529.954833984375,0.0005,1,reinforce_gamma_high_baseline_seed1,-2529.954833984375,4.684552550315857e-07,1.0,595.0220947265625,0.603455662727356,-0.4636901915073395,0.6281821727752686
569,-69.8580185752289,-143.30689030033147,83,599.3375854492188,0.0005,1,reinforce_gamma_high_baseline_seed1,599.3375854492188,2.1184783349781355e-07,1.0,111.53414154052734,0.8300550580024719,0.06739881634712219,0.9141004085540771
570,-92.30281842244854,-143.55827861604735,62,-1075.681640625,0.0005,1,reinforce_gamma_high_baseline_seed1,-1075.681640625,-3.1052096005623753e-07,1.0,346.9186706542969,0.8053458333015442,-0.23224815726280212,0.8739134669303894
571,-96.28423587785234,-141.63251825482988,126,4686.048828125,0.0005,1,reinforce_gamma_high_baseline_seed1,4686.048828125,7.320491022255737e-07,1.0,825.7402954101562,0.5100024342536926,0.21770453453063965,0.6828675270080566
572,-122.91228144031376,-139.94015098947241,84,-433.64215087890625,0.0005,1,reinforce_gamma_high_baseline_seed1,-433.64215087890625,1.738468853318409e-07,0.9999999403953552,70.66124725341797,0.9285432696342468,-0.04749922454357147,0.9682185649871826
573,-150.71832187815357,-139.87429396397226,106,-1405.762451171875,0.0005,1,reinforce_gamma_high_baseline_seed1,-1405.762451171875,4.093602115062822e-07,1.0,188.1368865966797,0.2948659062385559,-0.09016279876232147,0.5380217432975769
574,-211.37816610224712,-141.73512481979077,130,-91.15388488769531,0.0005,1,reinforce_gamma_high_baseline_seed1,-91.15388488769531,7.060857853957714e-08,1.0,5.468398571014404,0.13272365927696228,-0.0044064754620194435,0.36569517850875854
575,-107.5229303511295,-140.41300116757662,70,-917.21337890625,0.0005,1,reinforce_gamma_high_baseline_seed1,-917.21337890625,-1.5429087625307147e-06,0.9999999403953552,241.14682006835938,0.7819632887840271,-0.1365097612142563,0.8799949288368225
576,-84.15333282253064,-139.60075212304227,87,-116.56584167480469,0.0005,1,reinforce_gamma_high_baseline_seed1,-116.56584167480469,-1.9731193390271073e-07,0.9999999403953552,10.950502395629883,0.7253297567367554,-0.011952961795032024,0.8565158247947693
577,-103.82064150460019,-138.59430454666528,97,-567.8427124023438,0.0005,1,reinforce_gamma_high_baseline_seed1,-567.8427124023438,3.8097812904425155e-08,1.0,155.517578125,0.8879703879356384,-0.04715472087264061,0.9460302591323853
578,-196.5518864060825,-140.63809928083515,109,3895.471435546875,0.0005,1,reinforce_gamma_high_baseline_seed1,3895.471435546875,-3.2208382094722765e-07,1.0,620.0567016601562,0.33161136507987976,0.2525869309902191,0.5198951363563538
579,-95.05696528082346,-138.92276454268134,72,-1239.493408203125,0.0005,1,reinforce_gamma_high_baseline_seed1,-1239.493408203125,-3.948807716369629e-07,1.0,268.5245056152344,0.8107602000236511,-0.17713743448257446,0.8890218138694763
580,-103.04388553371474,-137.29958566827196,126,2523.2998046875,0.0005,1,reinforce_gamma_high_baseline_seed1,2523.2998046875,2.13819831174078e-07,1.0,159.81272888183594,0.8920536637306213,0.11885788291692734,0.9407176971435547
581,-175.2198063143618,-139.2975003244066,141,-3492.1142578125,0.0005,1,reinforce_gamma_high_baseline_seed1,-3492.1142578125,-3.999006707999797e-07,1.0,940.2454223632812,0.3934806287288666,-0.1508340835571289,0.6110464334487915
582,-333.3092720449477,-143.11408894467544,160,-3468.640380859375,0.0005,1,reinforce_gamma_high_baseline_seed1,-3468.640380859375,1.2516974834397843e-07,0.9999999403953552,517.4971313476562,0.21124036610126495,-0.10423080623149872,0.4490395486354828
583,-261.5470110721315,-145.48156695870725,139,-1755.8984375,0.0005,1,reinforce_gamma_high_baseline_seed1,-1755.8984375,-2.9416392521852686e-07,1.0,248.00091552734375,0.14631220698356628,-0.06678993254899979,0.3779936730861664
584,-127.55011323010463,-145.98646633921226,90,-815.07763671875,0.0005,1,reinforce_gamma_high_baseline_seed1,-815.07763671875,-9.119510764321603e-07,1.0,107.59256744384766,0.768403172492981,-0.07701098173856735,0.8780885934829712
585,-252.6624123009861,-148.22671419022643,98,-6908.3330078125,0.0005,1,reinforce_gamma_high_baseline_seed1,-6908.3330078125,1.5083624305134435e-07,1.0,1061.2467041015625,0.45590779185295105,-0.5656204223632812,0.37065237760543823
586,-113.34095617678071,-146.93950138734863,85,-225.8534698486328,0.0005,1,reinforce_gamma_high_baseline_seed1,-225.8534698486328,4.144275749240478e-07,1.0,40.3806266784668,0.8191398978233337,-0.023202575743198395,0.9101356267929077
587,-179.13258932335822,-148.72453537031757,126,128.82937622070312,0.0005,1,reinforce_gamma_high_baseline_seed1,128.82937622070312,-5.4401063209752465e-08,1.0,25.182706832885742,0.30307066440582275,0.006262160371989012,0.552680492401123
588,-102.32561793353868,-149.8700021709719,125,5330.44970703125,0.0005,1,reinforce_gamma_high_baseline_seed1,5330.44970703125,8.983611792245938e-07,1.0,704.7002563476562,0.9003794193267822,0.2757388651371002,0.911589503288269
589,-277.8030290446022,-147.323439974652,127,-2515.39501953125,0.0005,1,reinforce_gamma_high_baseline_seed1,-2515.39501953125,4.3459763787723205e-07,1.0,492.5450439453125,0.0995367020368576,-0.12924505770206451,0.2889460325241089
590,-222.4237381608508,-149.79751371361462,101,-2007.2021484375,0.0005,1,reinforce_gamma_high_baseline_seed1,-2007.2021484375,1.0091479651919144e-07,1.0,401.8567810058594,0.21096152067184448,-0.15032152831554413,0.4361749589443207
591,-171.48628047694598,-149.8681814164042,107,-3020.202880859375,0.0005,1,reinforce_gamma_high_baseline_seed1,-3020.202880859375,-6.149862201709766e-07,1.0,251.9219512939453,0.47668105363845825,-0.1963079422712326,0.665039598941803
592,-292.43431435227694,-153.58935821983513,99,10945.58984375,0.0005,1,reinforce_gamma_high_baseline_seed1,10945.58984375,-7.826872661098605e-08,1.0,3385.842529296875,1.356856346130371,0.8846069574356079,0.7617005705833435
593,-77.78192821726645,-151.90001711164086,87,1445.048095703125,0.0005,1,reinforce_gamma_high_baseline_seed1,1445.048095703125,-5.583653432950086e-07,1.0,131.73764038085938,0.752898097038269,0.15466269850730896,0.8587514162063599
594,-195.65744371134463,-154.14850669274915,140,511.044677734375,0.0005,1,reinforce_gamma_high_baseline_seed1,511.044677734375,-4.879066182184033e-07,1.0,52.22785949707031,0.846481204032898,0.019506307318806648,0.9231401681900024
595,-93.52596305244,-154.17882123073682,78,-3069.008544921875,0.0005,1,reinforce_gamma_high_baseline_seed1,-3069.008544921875,2.8273998964323255e-07,1.0,117.92888641357422,0.9524786472320557,-0.37781503796577454,0.9056768417358398
596,-279.7988197758325,-156.13685917867218,107,-675.4022216796875,0.0005,1,reinforce_gamma_high_baseline_seed1,-675.4022216796875,-4.434139952991245e-07,1.0,206.40074157714844,0.16794639825820923,-0.048988282680511475,0.4087888300418854
597,-66.12149933204265,-156.51318303269053,74,-63.225162506103516,0.0005,1,reinforce_gamma_high_baseline_seed1,-63.225162506103516,-5.28387147369358e-07,1.0,10.536249160766602,0.6530189514160156,-0.008540818467736244,0.8135665059089661
598,-70.22970131587024,-152.80024030326595,75,-633.4697875976562,0.0005,1,reinforce_gamma_high_baseline_seed1,-633.4697875976562,1.7801920648707892e-07,1.0,55.520450592041016,0.7325828075408936,-0.08389125019311905,0.8575253486633301
599,-152.4877669514634,-153.98401425641998,67,-3829.057373046875,0.0005,1,reinforce_gamma_high_baseline_seed1,-3829.057373046875,2.553213960254652e-07,1.0,364.767333984375,0.8660724759101868,-0.626347541809082,0.693497896194458
600,-107.07746454709408,-154.2670513383595,169,8253.677734375,0.0005,1,reinforce_gamma_high_baseline_seed1,8253.677734375,-2.911457670506934e-07,1.0,1123.9268798828125,0.9320417046546936,0.21650665998458862,0.9436288475990295
601,-166.8358812796608,-155.89986545708305,140,332.8265686035156,0.0005,1,reinforce_gamma_high_baseline_seed1,332.8265686035156,-1.852001503266365e-07,1.0,35.120361328125,0.5093203783035278,0.013160872273147106,0.7161076664924622
602,-343.78176886126323,-161.43859193896594,132,-6557.3955078125,0.0005,1,reinforce_gamma_high_baseline_seed1,-6557.3955078125,2.375154792844114e-07,1.0,1631.87060546875,0.14112742245197296,-0.319121390581131,0.19896960258483887
603,-227.08435799812756,-163.60323051206623,126,-4673.09912109375,0.0005,1,reinforce_gamma_high_baseline_seed1,-4673.09912109375,3.21202804798304e-07,1.0,694.0239868164062,0.30344584584236145,-0.2169770896434784,0.5083480477333069
604,-234.61270907670567,-164.88242471085886,129,793.4701538085938,0.0005,1,reinforce_gamma_high_baseline_seed1,793.4701538085938,1.1643697916952078e-07,1.0,113.91159057617188,0.1419847458600998,0.03849625214934349,0.37629836797714233
605,-102.55632575157169,-160.9446621363221,95,3039.885009765625,0.0005,1,reinforce_gamma_high_baseline_seed1,3039.885009765625,3.3253119369192063e-08,1.0,549.4220581054688,0.793020486831665,0.2556382715702057,0.857560932636261
606,-68.56448935747656,-158.7030145695962,76,1418.885986328125,0.0005,1,reinforce_gamma_high_baseline_seed1,1418.885986328125,-4.9801247570258056e-08,1.0,496.1288146972656,0.7227671146392822,0.20515446364879608,0.8305146098136902
607,-200.70090828451322,-159.38586807808184,114,-742.2767333984375,0.0005,1,reinforce_gamma_high_baseline_seed1,-742.2767333984375,-8.365564241330503e-08,1.0,151.2767791748047,0.3024160861968994,-0.045494236052036285,0.5504582524299622
608,-112.18900806834895,-153.21215952918172,85,638.7058715820312,0.0005,1,reinforce_gamma_high_baseline_seed1,638.7058715820312,-3.5762788286319847e-08,1.0,109.52571868896484,0.8169333338737488,0.06676661223173141,0.90672367811203
609,-108.53997097736541,-150.36979658630602,124,4651.48095703125,0.0005,1,reinforce_gamma_high_baseline_seed1,4651.48095703125,-3.5282104704492667e-07,1.0,424.36712646484375,0.8411957621574402,0.2314399927854538,0.8910862803459167
610,-108.9656512186718,-149.00455874777379,82,1309.7152099609375,0.0005,1,reinforce_gamma_high_baseline_seed1,1309.7152099609375,1.3265668030726374e-06,1.0,353.0462951660156,1.085377812385559,0.14762869477272034,1.0376484394073486
611,-71.72809109856763,-148.858451794869,76,284.89599609375,0.0005,1,reinforce_gamma_high_baseline_seed1,284.89599609375,-5.254619850347808e-08,1.0,33.34333419799805,0.7121065258979797,0.04076467826962471,0.8484794497489929
612,-94.85040955968802,-148.72455802772762,84,-156.65768432617188,0.0005,1,reinforce_gamma_high_baseline_seed1,-156.65768432617188,-2.3558025930014992e-07,1.0,17.571317672729492,0.844811737537384,-0.017836999148130417,0.9244827032089233
613,-150.8549810368878,-149.51429388142054,124,3696.78662109375,0.0005,1,reinforce_gamma_high_baseline_seed1,3696.78662109375,1.0238539971396676e-07,1.0,689.80712890625,0.3473914861679077,0.19632698595523834,0.5579947829246521
614,14.432195080748414,-149.31455962991024,1000,1246532.125,0.0005,1,reinforce_gamma_high_baseline_seed1,1246532.125,8.106232129989621e-09,1.0,40500.609375,1.3331646919250488,0.9579018950462341,0.6449841260910034
615,-77.44801176366525,-148.90452532984426,85,1100.2666015625,0.0005,1,reinforce_gamma_high_baseline_seed1,1100.2666015625,-1.809176239930821e-07,1.0,65.80577087402344,0.6096348762512207,0.12055614590644836,0.7760062217712402
616,-61.05425660672743,-149.0433752279845,70,-244.22836303710938,0.0005,1,reinforce_gamma_high_baseline_seed1,-244.22836303710938,5.83274015752977e-07,1.0,44.8852653503418,0.6429618000984192,-0.04127948358654976,0.8065676689147949
617,-87.96318773127061,-147.10027403759545,76,-605.625732421875,0.0005,1,reinforce_gamma_high_baseline_seed1,-605.625732421875,1.4979588058849913e-07,0.9999999403953552,118.18914794921875,0.6803445219993591,-0.07959325611591339,0.8264358043670654
618,-31.81279517570472,-144.41259640589666,73,-281.0581359863281,0.0005,1,reinforce_gamma_high_baseline_seed1,-281.0581359863281,-4.490760829867213e-08,0.9999999403953552,53.67577362060547,0.4245264530181885,-0.041049774736166,0.6547626852989197
619,-19.23753025008591,-143.4001866393938,194,-847.208251953125,0.0005,1,reinforce_gamma_high_baseline_seed1,-847.208251953125,7.988250949608755e-09,1.0,69.69113159179688,0.4951533377170563,-0.01769517920911312,0.7052688598632812
620,-150.69041474074623,-144.56793856575973,159,2109.370849609375,0.0005,1,reinforce_gamma_high_baseline_seed1,2109.370849609375,3.5987710589324706e-07,1.0,410.5602111816406,0.9999465346336365,0.07174798846244812,1.0005474090576172
621,-125.28043823070786,-145.14786261281685,194,4716.556640625,0.0005,1,reinforce_gamma_high_baseline_seed1,4716.556640625,3.2198798294302833e-07,1.0,314.2640380859375,0.6027206182479858,0.0967976450920105,0.7722856998443604
622,-90.85316786851891,-144.50668034138096,77,-2872.8095703125,0.0005,1,reinforce_gamma_high_baseline_seed1,-2872.8095703125,1.1893836244780687e-06,1.0,276.70697021484375,0.9721224904060364,-0.36268478631973267,0.9228447675704956
623,-82.97051277936302,-143.15172415940515,63,-1714.09130859375,0.0005,1,reinforce_gamma_high_baseline_seed1,-1714.09130859375,-1.2474400818973663e-06,1.0,553.406982421875,0.7114967107772827,-0.3309805691242218,0.7820852398872375
624,-120.74633870711355,-141.33908761150246,79,-1941.724365234375,0.0005,1,reinforce_gamma_high_baseline_seed1,-1941.724365234375,-2.512448986635718e-07,1.0,710.7782592773438,0.8637785911560059,-0.22973991930484772,0.9063088297843933
625,-383.8457764363377,-146.86554453320662,365,-56914.0625,0.0005,1,reinforce_gamma_high_baseline_seed1,-56914.0625,1.6428019478098577e-07,1.0,14487.1044921875,0.3627207279205322,-0.36173322796821594,0.4821895956993103
626,-204.5274660045173,-149.27302719684639,129,-5542.48193359375,0.0005,1,reinforce_gamma_high_baseline_seed1,-5542.48193359375,-1.7373136529386102e-07,1.0,399.57427978515625,0.4428463280200958,-0.25701457262039185,0.6162252426147461
627,-132.7855985373397,-149.85232633750115,93,-7266.87841796875,0.0005,1,reinforce_gamma_high_baseline_seed1,-7266.87841796875,-9.024014957503823e-07,1.0,783.3062744140625,0.9311004281044006,-0.6394246220588684,0.7265763282775879
628,-87.76383258616488,-147.6765652611028,158,5020.47265625,0.0005,1,reinforce_gamma_high_baseline_seed1,5020.47265625,-4.496755536820274e-07,1.0,416.5538635253906,0.5422040820121765,0.16129660606384277,0.7207463383674622
629,-79.78447227821819,-147.3711154010507,78,-455.68096923828125,0.0005,1,reinforce_gamma_high_baseline_seed1,-455.68096923828125,4.3710073782676773e-07,1.0,49.14320755004883,0.5194607973098755,-0.060246117413043976,0.7228626012802124
630,-145.47115589232396,-148.2196608082229,124,2218.5361328125,0.0005,1,reinforce_gamma_high_baseline_seed1,2218.5361328125,-1.3170703994092037e-07,1.0,271.2927551269531,1.0012418031692505,0.11084523797035217,0.9984965920448303
631,-176.2256523117449,-148.23977772817057,102,-4055.625244140625,0.0005,1,reinforce_gamma_high_baseline_seed1,-4055.625244140625,-3.564591395388561e-07,1.0,1045.4149169921875,0.413409560918808,-0.28173938393592834,0.5808095335960388
632,-56.25638332387892,-142.69871995374916,153,-837.2509765625,0.0005,1,reinforce_gamma_high_baseline_seed1,-837.2509765625,2.493266215708445e-08,1.0,79.31951141357422,0.48733869194984436,-0.027291903272271156,0.6998536586761475
633,-244.20053054329634,-142.35179034317247,121,-4442.900390625,0.0005,1,reinforce_gamma_high_baseline_seed1,-4442.900390625,4.0393231870439195e-08,1.0,477.45355224609375,0.36527323722839355,-0.233965203166008,0.5595723986625671
634,-106.2987690925517,-141.9267634604214,87,1203.6651611328125,0.0005,1,reinforce_gamma_high_baseline_seed1,1203.6651611328125,-5.888527994102333e-07,1.0,106.8170166015625,0.7933207750320435,0.11994840949773788,0.8876882791519165
635,-201.80093257154914,-140.90953386583269,108,2751.7490234375,0.0005,1,reinforce_gamma_high_baseline_seed1,2751.7490234375,7.892096505202062e-07,0.9999999403953552,306.8039245605469,0.4857059717178345,0.20975500345230103,0.6677102446556091
636,-168.36787099546382,-142.01007216220634,112,-82.96711730957031,0.0005,1,reinforce_gamma_high_baseline_seed1,-82.96711730957031,4.1297502662018815e-07,1.0,19.668174743652344,0.596621572971344,-0.005128378514200449,0.775867223739624
637,-97.43426332102017,-140.3761056421596,91,2218.747802734375,0.0005,1,reinforce_gamma_high_baseline_seed1,2218.747802734375,-1.6663100268488051e-06,0.9999999403953552,475.50140380859375,0.6621875762939453,0.20504750311374664,0.7918545007705688
638,-161.87496944963516,-141.5670926724815,118,3759.73974609375,0.0005,1,reinforce_gamma_high_baseline_seed1,3759.73974609375,-7.021225201242487e-08,1.0,594.6340942382812,0.7902907729148865,0.2140270471572876,0.8665138483047485
639,-141.57114671368606,-138.8424550258632,69,-3107.35107421875,0.0005,1,reinforce_gamma_high_baseline_seed1,-3107.35107421875,4.837478329022815e-08,1.0,1777.1414794921875,0.7496753931045532,-0.5564417243003845,0.6682209968566895
640,-251.88148919163626,-139.43161004647888,101,-2434.811767578125,0.0005,1,reinforce_gamma_high_baseline_seed1,-2434.811767578125,-2.962527787531144e-07,0.9999999403953552,318.35552978515625,0.34765860438346863,-0.1838293969631195,0.5630310773849487
641,-196.27522367341055,-139.92738891040818,131,1241.3084716796875,0.0005,1,reinforce_gamma_high_baseline_seed1,1241.3084716796875,3.194080875346117e-07,0.9999999403953552,214.46945190429688,0.5146693587303162,0.060769930481910706,0.7175701856613159
642,-132.41267829357602,-136.72695618923416,118,1175.992431640625,0.0005,1,reinforce_gamma_high_baseline_seed1,1175.992431640625,4.08140266472401e-07,1.0,91.64041900634766,0.6829798817634583,0.06411491334438324,0.8274487853050232
643,-337.0846427130093,-141.91301047914902,178,225.28887939453125,0.0005,1,reinforce_gamma_high_baseline_seed1,225.28887939453125,1.0849385034816805e-07,1.0,68.48524475097656,0.07115369290113449,0.0061078304424881935,0.26742881536483765
644,-350.74754121498125,-145.01481242922173,126,-4404.16357421875,0.0005,1,reinforce_gamma_high_baseline_seed1,-4404.16357421875,3.439093347878952e-07,1.0,665.111328125,0.11859497427940369,-0.21667107939720154,0.2687411606311798
645,-134.35714106359157,-145.83143598944477,127,7302.8232421875,0.0005,1,reinforce_gamma_high_baseline_seed1,7302.8232421875,-5.6319350960620795e-08,1.0,652.1616821289062,0.9799317121505737,0.35728687047958374,0.926845133304596
646,-183.93850240176985,-143.91422964196354,125,3885.001953125,0.0005,1,reinforce_gamma_high_baseline_seed1,3885.001953125,-9.512901044672617e-08,1.0,673.7960815429688,0.38055622577667236,0.19382871687412262,0.588007390499115
647,-158.15186496949204,-145.75483695471252,66,-1084.4197998046875,0.0005,1,reinforce_gamma_high_baseline_seed1,-1084.4197998046875,-2.944108246083488e-07,1.0,371.2613830566406,0.6808291673660278,-0.1952136605978012,0.8078420758247375
648,-343.3020662284795,-151.2162842529647,131,5911.12890625,0.0005,1,reinforce_gamma_high_baseline_seed1,5911.12890625,-9.099945685875355e-09,1.0,804.9509887695312,0.12897183001041412,0.27484357357025146,0.23204277455806732
649,-141.28927659646092,-150.99231444586465,130,1805.968994140625,0.0005,1,reinforce_gamma_high_baseline_seed1,1805.968994140625,-3.943076620771535e-08,0.9999999403953552,414.3621520996094,0.4281957149505615,0.08103431016206741,0.6518417000770569
650,-278.3929907612553,-154.41862497014787,171,963.5253295898438,0.0005,1,reinforce_gamma_high_baseline_seed1,963.5253295898438,1.4116889701654145e-07,1.0,158.98500061035156,0.027014698833227158,0.02670877054333687,0.16265317797660828
651,-130.5098279002582,-153.69210390255984,129,5719.9189453125,0.0005,1,reinforce_gamma_high_baseline_seed1,5719.9189453125,-4.5281048244305566e-08,1.0,1075.45166015625,0.44251060485839844,0.2813419997692108,0.605141282081604
652,-78.4535042472786,-148.38553861028012,81,1733.7294921875,0.0005,1,reinforce_gamma_high_baseline_seed1,1733.7294921875,-2.045690337126871e-07,1.0,248.80014038085938,0.9533671736717224,0.20633447170257568,0.9603011012077332
653,-163.9410306084134,-147.12267206248586,97,-1564.0985107421875,0.0005,1,reinforce_gamma_high_baseline_seed1,-1564.0985107421875,-1.6099399147151416e-07,1.0,544.4913940429688,0.398607075214386,-0.1435820460319519,0.618003785610199
654,-30.90042589263078,-143.04842639880434,94,516.6657104492188,0.0005,1,reinforce_gamma_high_baseline_seed1,516.6657104492188,-7.926149692139006e-08,1.0,85.88510131835938,0.6869661808013916,0.04434376209974289,0.8320850133895874
655,-184.62759900251586,-144.68985186382324,146,1573.77001953125,0.0005,1,reinforce_gamma_high_baseline_seed1,1573.77001953125,-6.532015817128922e-09,1.0,240.52503967285156,0.11486335843801498,0.058850888162851334,0.3349152207374573
656,-85.61828691264132,-145.0309278149265,80,4.6783447265625,0.0005,1,reinforce_gamma_high_baseline_seed1,4.6783447265625,4.5597553821608017e-07,1.0,0.8431522846221924,0.7708834409713745,0.0005847796564921737,0.8835389614105225
657,-19.635784670351256,-141.4096253426433,79,-752.3025512695312,0.0005,1,reinforce_gamma_high_baseline_seed1,-752.3025512695312,8.752074620588246e-08,1.0,198.25559997558594,0.6722815632820129,-0.08786925673484802,0.8204149603843689
658,-197.51993049511367,-143.1162437911786,115,553.3547973632812,0.0005,1,reinforce_gamma_high_baseline_seed1,553.3547973632812,2.467114086357469e-07,1.0,33.67512130737305,0.09979502856731415,0.0327848345041275,0.31557273864746094
659,-53.04378567538216,-142.00632008513892,78,268.418212890625,0.0005,1,reinforce_gamma_high_baseline_seed1,268.418212890625,3.5342497994861333e-07,1.0,49.422664642333984,0.5713483095169067,0.03615349531173706,0.7598975896835327
660,-35.05250706266344,-140.52805720201874,161,6072.111328125,0.0005,1,reinforce_gamma_high_baseline_seed1,6072.111328125,2.2212910621988158e-08,1.0,982.4143676757812,0.4525667726993561,0.19656617939472198,0.6453801989555359
661,-114.7793796648131,-141.38908297334368,112,2079.17333984375,0.0005,1,reinforce_gamma_high_baseline_seed1,2079.17333984375,4.04726193892202e-07,1.0,269.13165283203125,0.9966468811035156,0.12834468483924866,0.9944872260093689
662,-68.30797111129513,-140.8582342043758,131,2148.33984375,0.0005,1,reinforce_gamma_high_baseline_seed1,2148.33984375,2.793683222535037e-07,1.0,247.47607421875,0.5165032744407654,0.09906452149152756,0.7145537734031677
663,-108.55955402244788,-140.012325664087,80,-2490.0517578125,0.0005,1,reinforce_gamma_high_baseline_seed1,-2490.0517578125,1.5094876744115027e-06,1.0,301.0192565917969,0.9448279142379761,-0.3034153878688812,0.9292801022529602
664,-116.25951880466688,-142.62615994179532,105,-1577.3184814453125,0.0005,1,reinforce_gamma_high_baseline_seed1,-1577.3184814453125,-1.3152758810974774e-06,1.0,528.0653686523438,1.1103936433792114,-0.11153040081262589,1.0528589487075806
665,-288.21549058211406,-146.8415095181643,134,-10568.8837890625,0.0005,1,reinforce_gamma_high_baseline_seed1,-10568.8837890625,2.3041198460305168e-07,1.0,2290.2705078125,0.28415447473526,-0.5048533082008362,0.17174895107746124
666,-79.209762891993,-147.20461964386962,67,-1285.9879150390625,0.0005,1,reinforce_gamma_high_baseline_seed1,-1285.9879150390625,1.2454702300601639e-06,1.0,281.11138916015625,0.7823042869567871,-0.23914092779159546,0.8579641580581665
667,-183.26338563899347,-149.11062360202405,78,-6730.78857421875,0.0005,1,reinforce_gamma_high_baseline_seed1,-6730.78857421875,-1.2990756204089848e-07,1.0,1254.4619140625,0.8409439325332642,-0.8354824781417847,0.38048526644706726
668,-305.1080691171553,-154.57652908085308,124,-12102.3603515625,0.0005,1,reinforce_gamma_high_baseline_seed1,-12102.3603515625,1.5622184434960218e-07,1.0,2100.363037109375,0.40183573961257935,-0.5847709774971008,0.24569369852542877
669,-73.06665056502112,-155.6531114871518,89,1160.7344970703125,0.0005,1,reinforce_gamma_high_baseline_seed1,1160.7344970703125,-4.888920202006375e-08,1.0,142.53555297851562,0.7131592631340027,0.11952009052038193,0.8407235145568848
670,-181.40057092988343,-156.2673146109345,127,-546.6029052734375,0.0005,1,reinforce_gamma_high_baseline_seed1,-546.6029052734375,-1.4126770508937625e-07,1.0,138.4099578857422,0.1278776079416275,-0.02872699871659279,0.3578557074069977
671,-144.8071520995082,-156.65784888831053,135,4410.66552734375,0.0005,1,reinforce_gamma_high_baseline_seed1,4410.66552734375,-1.5382413494080538e-06,1.0,865.5215454101562,0.6606963276863098,0.22003686428070068,0.7853975892066956
672,-106.73643138799953,-156.97551415870012,109,4537.4765625,0.0005,1,reinforce_gamma_high_baseline_seed1,4537.4765625,8.694622266602892e-08,1.0,680.9700317382812,0.7144526243209839,0.3182424008846283,0.7866714596748352
673,-234.94979783709832,-160.01509985985484,122,-1445.775146484375,0.0005,1,reinforce_gamma_high_baseline_seed1,-1445.775146484375,-1.0748378187486196e-08,1.0,328.56915283203125,0.08950964361429214,-0.09209846705198288,0.2858271896839142
674,-218.75825102864778,-161.97533810628553,119,-5091.93603515625,0.0005,1,reinforce_gamma_high_baseline_seed1,-5091.93603515625,2.42425613805608e-07,1.0,1108.0435791015625,0.3551054298877716,-0.2968609035015106,0.5188848972320557
675,-181.19223895810404,-157.92226735672085,109,-5322.94140625,0.0005,1,reinforce_gamma_high_baseline_seed1,-5322.94140625,-1.3123958808591851e-08,1.0,1520.9940185546875,0.3077530860900879,-0.3730432391166687,0.4124959111213684
676,-97.69757927184364,-155.7856696220674,91,2003.5894775390625,0.0005,1,reinforce_gamma_high_baseline_seed1,2003.5894775390625,-6.183163350215182e-07,1.0,293.3114013671875,1.0194224119186401,0.20929935574531555,0.9932050704956055
677,-68.46004085583616,-154.49915846843732,70,1053.9998779296875,0.0005,1,reinforce_gamma_high_baseline_seed1,1053.9998779296875,2.878052782762097e-07,1.0,301.11322021484375,0.606796145439148,0.1583632379770279,0.7682108283042908
678,-222.34626173446534,-157.1908070514033,171,1735.18798828125,0.0005,1,reinforce_gamma_high_baseline_seed1,1735.18798828125,-7.668433568142063e-07,1.0,181.68067932128906,0.22919303178787231,0.04596145823597908,0.4779292345046997
679,-202.08822255090692,-159.6368820568571,131,1159.2242431640625,0.0005,1,reinforce_gamma_high_baseline_seed1,1159.2242431640625,-4.577272818551137e-07,1.0,228.5991668701172,0.43979611992836,0.05073533579707146,0.6637659668922424
680,-213.45876518559857,-160.9966342427226,142,8838.37890625,0.0005,1,reinforce_gamma_high_baseline_seed1,8838.37890625,-3.941462125567341e-07,1.0,1727.0162353515625,0.22841443121433258,0.38427865505218506,0.2851613461971283
681,-41.45782525297513,-158.30127770154718,71,1160.53466796875,0.0005,1,reinforce_gamma_high_baseline_seed1,1160.53466796875,3.257268019751791e-07,1.0,157.6321563720703,0.48856809735298157,0.18259704113006592,0.6795068979263306
682,-90.54927427436796,-158.98713552055696,90,3178.504150390625,0.0005,1,reinforce_gamma_high_baseline_seed1,3178.504150390625,6.741947800037451e-07,1.0,488.44580078125,0.9982779026031494,0.2930522561073303,0.9605466723442078
683,-133.7797508317006,-156.77871992632504,76,-982.6304321289062,0.0005,1,reinforce_gamma_high_baseline_seed1,-982.6304321289062,1.9528363282006467e-07,1.0,214.41021728515625,0.670359194278717,-0.13369689881801605,0.8131323456764221
684,-68.04755070028357,-156.0136955584797,149,13629.5146484375,0.0005,1,reinforce_gamma_high_baseline_seed1,13629.5146484375,-2.8802244145254008e-08,1.0,1755.2808837890625,0.9113682508468628,0.49380984902381897,0.8197745680809021
685,-269.431753946959,-157.3663119859879,91,-6714.70263671875,0.0005,1,reinforce_gamma_high_baseline_seed1,-6714.70263671875,3.8644770938844886e-08,1.0,1072.7867431640625,0.41455909609794617,-0.6344801783561707,0.11012405902147293
686,-102.37646297648408,-156.0464838256083,86,785.514892578125,0.0005,1,reinforce_gamma_high_baseline_seed1,785.514892578125,-8.493661880493164e-07,1.0,181.01255798339844,0.6710011959075928,0.08473984897136688,0.8195303678512573
687,-91.06590775379193,-155.91911671426374,66,-934.57861328125,0.0005,1,reinforce_gamma_high_baseline_seed1,-934.57861328125,-5.797906510451867e-07,0.9999999403953552,200.2559051513672,0.7483870387077332,-0.1660720705986023,0.8555095195770264
688,-259.6998065232324,-157.87561345573567,118,-4343.80859375,0.0005,1,reinforce_gamma_high_baseline_seed1,-4343.80859375,-3.096410807756911e-07,1.0,690.4921875,0.11187724769115448,-0.24608571827411652,0.22750316560268402
689,-141.6497408990453,-157.87718533944286,124,909.095458984375,0.0005,1,reinforce_gamma_high_baseline_seed1,909.095458984375,7.76783110723045e-07,1.0,67.0544662475586,1.0033069849014282,0.045644648373126984,1.0046708583831787
690,-86.207801813865,-154.56371159188745,77,-669.98974609375,0.0005,1,reinforce_gamma_high_baseline_seed1,-669.98974609375,2.6783385465023457e-07,1.0,93.96007537841797,0.7764577269554138,-0.09396673738956451,0.8818891048431396
691,-173.6358739347969,-154.11092459711517,95,-2300.57763671875,0.0005,1,reinforce_gamma_high_baseline_seed1,-2300.57763671875,2.6351526116741297e-07,1.0,256.548583984375,0.3104662299156189,-0.19181998074054718,0.5259113907814026
692,-105.74154772642426,-153.57750198577213,118,6638.40576171875,0.0005,1,reinforce_gamma_high_baseline_seed1,6638.40576171875,7.69809162193269e-07,1.0,1362.830078125,0.9736601114273071,0.39220932126045227,0.9093068838119507
693,-70.28825314543332,-148.24157419442062,68,-547.9584350585938,0.0005,1,reinforce_gamma_high_baseline_seed1,-547.9584350585938,5.491515935318603e-07,1.0,128.93272399902344,0.5630010366439819,-0.10568995028734207,0.748376190662384
694,-323.7529213683169,-147.70168179748734,127,-3412.57470703125,0.0005,1,reinforce_gamma_high_baseline_seed1,-3412.57470703125,2.8159675480310398e-08,0.9999999403953552,580.5065307617188,0.1205582544207573,-0.1552499532699585,0.3118031919002533
695,-44.52489241298675,-145.90503682447522,71,681.9287109375,0.0005,1,reinforce_gamma_high_baseline_seed1,681.9287109375,-2.946652273294603e-07,1.0,134.2010498046875,0.32563865184783936,0.10335952043533325,0.5652033090591431
696,-189.45301538256595,-146.01532708409115,74,-3358.2451171875,0.0005,1,reinforce_gamma_high_baseline_seed1,-3358.2451171875,1.965342306675666e-07,1.0,676.909912109375,0.5719682574272156,-0.4462905526161194,0.6147355437278748
697,-164.58704421249809,-146.14403066895127,122,1832.7337646484375,0.0005,1,reinforce_gamma_high_baseline_seed1,1832.7337646484375,2.6382384277212623e-08,1.0,310.2682189941406,0.41756483912467957,0.09588921815156937,0.6416735649108887
698,-170.76509830036832,-142.69329131038904,100,-1192.0316162109375,0.0005,1,reinforce_gamma_high_baseline_seed1,-1192.0316162109375,-4.082918110270839e-07,1.0,282.3861083984375,0.5699487924575806,-0.0946839302778244,0.752761721611023
699,-42.63888857199939,-140.72028354989982,96,1299.79443359375,0.0005,1,reinforce_gamma_high_baseline_seed1,1299.79443359375,-4.22199555316638e-08,0.9999999403953552,320.64471435546875,0.6558482646942139,0.1070491150021553,0.806952178478241
700,-91.82167833468695,-136.98885730136845,101,5067.48486328125,0.0005,1,reinforce_gamma_high_baseline_seed1,5067.48486328125,8.262029638217427e-08,1.0,819.9314575195312,0.658611536026001,0.3701217472553253,0.7258358001708984
701,-93.01145553379575,-136.2388898540392,77,-1157.5660400390625,0.0005,1,reinforce_gamma_high_baseline_seed1,-1157.5660400390625,-2.2293684764917998e-07,1.0,343.331787109375,0.7986211776733398,-0.16186292469501495,0.8846383690834045
702,-75.24080763821341,-136.17463592185788,83,309.55072021484375,0.0005,1,reinforce_gamma_high_baseline_seed1,309.55072021484375,-3.8635300825262675e-07,1.0,80.55484008789062,0.5607776641845703,0.038519877940416336,0.7524058222770691
703,-91.50845441324624,-134.72598439795453,99,3508.558349609375,0.0005,1,reinforce_gamma_high_baseline_seed1,3508.558349609375,-4.87674356008938e-07,1.0,287.2430725097656,1.005057692527771,0.2861488163471222,0.9657105207443237
704,-161.08331794846106,-137.32964223907118,129,354.658447265625,0.0005,1,reinforce_gamma_high_baseline_seed1,354.658447265625,7.411306341964519e-07,1.0,71.0301284790039,0.47053489089012146,0.017498567700386047,0.6884056925773621
705,-65.15235840213663,-134.94013742706358,195,23134.3125,0.0005,1,reinforce_gamma_high_baseline_seed1,23134.3125,-3.136121335955977e-07,0.9999999403953552,3545.773193359375,0.9762935042381287,0.5031207203865051,0.85257887840271
706,-139.84912643333698,-136.0247542174775,131,3209.9521484375,0.0005,1,reinforce_gamma_high_baseline_seed1,3209.9521484375,-2.7390836976337596e-07,1.0,670.1820068359375,0.6709665060043335,0.15362386405467987,0.8076794147491455
707,-101.57535759559335,-137.66354567598233,71,320.2852783203125,0.0005,1,reinforce_gamma_high_baseline_seed1,320.2852783203125,6.430585699490621e-07,1.0,62.587345123291016,0.7297928929328918,0.048354919999837875,0.8589801788330078
708,-114.31971981530165,-135.99954146238608,112,4403.51220703125,0.0005,1,reinforce_gamma_high_baseline_seed1,4403.51220703125,-5.231372028902115e-07,1.0,431.26904296875,1.3975554704666138,0.26948225498199463,1.15623140335083
709,-78.30229015408977,-136.50471155196024,103,2609.58349609375,0.0005,1,reinforce_gamma_high_baseline_seed1,2609.58349609375,3.8193267215547166e-08,1.0,526.7444458007812,0.6738831400871277,0.18152235448360443,0.8044976592063904
710,-112.7419493254576,-138.0585003972161,102,1631.326904296875,0.0005,1,reinforce_gamma_high_baseline_seed1,1631.326904296875,7.596670457132859e-07,1.0,265.0869445800781,0.6394818425178528,0.11848036199808121,0.794755756855011
711,-115.69824453094314,-138.07687769453872,79,-2147.22509765625,0.0005,1,reinforce_gamma_high_baseline_seed1,-2147.22509765625,-4.240229145580088e-07,1.0,665.96435546875,0.8287231922149658,-0.2898324429988861,0.8684860467910767
712,-126.21685886989178,-139.23505544971064,150,4397.955078125,0.0005,1,reinforce_gamma_high_baseline_seed1,4397.955078125,2.2570291946522048e-07,1.0,575.5556030273438,0.5206172466278076,0.15714745223522186,0.7065764665603638
713,-135.05145335279036,-139.7648934363175,110,-274.407470703125,0.0005,1,reinforce_gamma_high_baseline_seed1,-274.407470703125,-1.7773021454559057e-07,0.9999999403953552,46.16822814941406,0.6071642637252808,-0.01826966367661953,0.7825585007667542
714,-108.95932286738227,-139.6188895175718,99,425.55584716796875,0.0005,1,reinforce_gamma_high_baseline_seed1,425.55584716796875,3.630464675552503e-07,1.0,63.556175231933594,0.7989869713783264,0.03431456908583641,0.8977473974227905
715,-237.46235433042807,-138.6038267925381,156,-9858.68359375,0.0005,1,reinforce_gamma_high_baseline_seed1,-9858.68359375,2.4682435650902335e-07,1.0,1774.678466796875,0.29635071754455566,-0.31030380725860596,0.4487236738204956
716,-28.164703222053788,-137.58292559913932,122,1651.542724609375,0.0005,1,reinforce_gamma_high_baseline_seed1,1651.542724609375,-3.077944654705789e-08,1.0,162.64352416992188,0.3639983832836151,0.08921685814857483,0.5991504192352295
717,-61.71204383618927,-135.15189876308324,63,-1552.1258544921875,0.0005,1,reinforce_gamma_high_baseline_seed1,-1552.1258544921875,-1.3245477248347015e-07,1.0,418.6700744628906,0.41266608238220215,-0.28238463401794434,0.5816311836242676
718,-98.47850509467261,-131.01930748263356,104,-136.399169921875,0.0005,1,reinforce_gamma_high_baseline_seed1,-136.399169921875,8.275875416074996e-07,1.0,31.629440307617188,1.2247564792633057,-0.009965662844479084,1.1120014190673828
719,-90.1419852260004,-131.36081417585316,97,-2466.943359375,0.0005,1,reinforce_gamma_high_baseline_seed1,-2466.943359375,-1.2412513115123147e-06,1.0,446.71044921875,0.8691549897193909,-0.19510121643543243,0.9163774251937866
720,-78.1691903597417,-129.29618656445032,101,-1070.1336669921875,0.0005,1,reinforce_gamma_high_baseline_seed1,-1070.1336669921875,-5.157867235539015e-07,1.0,169.70506286621094,0.6442261338233948,-0.08567215502262115,0.8020319938659668
721,-82.9397239987765,-128.0588380024357,68,-3445.1044921875,0.0005,1,reinforce_gamma_high_baseline_seed1,-3445.1044921875,1.0693775038816966e-06,1.0,694.8150024414062,0.9742595553398132,-0.6163791418075562,0.7766640782356262
722,-42.48459690269857,-126.77380131272966,94,-3330.834228515625,0.0005,1,reinforce_gamma_high_baseline_seed1,-3330.834228515625,5.0727355649371475e-09,1.0,986.5010986328125,0.35412874817848206,-0.3001827001571655,0.5165830254554749
723,-89.27852388113337,-123.86037583361038,69,-1678.5482177734375,0.0005,1,reinforce_gamma_high_baseline_seed1,-1678.5482177734375,2.6778899098189868e-08,1.0,294.866455078125,1.0324175357818604,-0.3104017376899719,0.974594235420227
724,-117.98618827302616,-121.84493457849794,77,-812.5970458984375,0.0005,1,reinforce_gamma_high_baseline_seed1,-812.5970458984375,1.2540198213173426e-06,1.0,177.98789978027344,0.940527081489563,-0.10375075787305832,0.970565140247345
725,-309.8092227827233,-124.41727425499032,142,-2252.745361328125,0.0005,1,reinforce_gamma_high_baseline_seed1,-2252.745361328125,-1.0493775626230217e-08,1.0,708.2465209960938,0.08134326338768005,-0.0870029479265213,0.27257469296455383
726,-105.67341217722822,-124.57679091309801,88,-355.7129211425781,0.0005,1,reinforce_gamma_high_baseline_seed1,-355.7129211425781,-2.804127632316522e-07,0.9999999403953552,92.6513671875,1.1607474088668823,-0.03436494618654251,1.0830026865005493
727,-99.0139770331997,-125.18786963664529,129,2773.876220703125,0.0005,1,reinforce_gamma_high_baseline_seed1,2773.876220703125,-6.718228746649402e-07,0.9999999403953552,372.3607177734375,0.367090106010437,0.13563963770866394,0.5928035974502563
728,-91.19178954292909,-122.56478019281457,72,102.24705505371094,0.0005,1,reinforce_gamma_high_baseline_seed1,102.24705505371094,3.3113690278696595e-07,1.0,36.864402770996094,0.7864628434181213,0.016362739726901054,0.8928987979888916
729,-160.47453135055997,-121.73250636880762,104,-1115.3843994140625,0.0005,1,reinforce_gamma_high_baseline_seed1,-1115.3843994140625,-1.341104507446289e-07,1.0,142.67991638183594,0.36322614550590515,-0.08113511651754379,0.6000881791114807
730,-63.84540400629982,-118.74023914522164,75,1414.0089111328125,0.0005,1,reinforce_gamma_high_baseline_seed1,1414.0089111328125,3.019968630724179e-08,1.0,131.10089111328125,0.4949982762336731,0.1938333660364151,0.6808878779411316
731,-111.073076151537,-120.13254416319289,65,-233.78514099121094,0.0005,1,reinforce_gamma_high_baseline_seed1,-233.78514099121094,-1.0453737786519923e-06,1.0,62.53261184692383,0.9233660697937012,-0.043538592755794525,0.9674029350280762
732,-151.73732478561544,-121.35630517341784,142,9814.40625,0.0005,1,reinforce_gamma_high_baseline_seed1,9814.40625,5.120962498494919e-08,1.0,1558.8961181640625,0.8033068180084229,0.3883568048477173,0.8106252551078796
733,-74.71645379733859,-120.1750392327306,103,3288.9423828125,0.0005,1,reinforce_gamma_high_baseline_seed1,3288.9423828125,-1.1573717539903328e-09,1.0,320.41387939453125,0.8720003962516785,0.24348895251750946,0.9059146046638489
734,-131.87263525859976,-121.45154092389691,135,5952.90478515625,0.0005,1,reinforce_gamma_high_baseline_seed1,5952.90478515625,1.0728835775353218e-07,1.0,665.7360229492188,0.38922372460365295,0.26941928267478943,0.5648007988929749
735,-249.9448248517314,-121.06180234199238,103,4006.578369140625,0.0005,1,reinforce_gamma_high_baseline_seed1,4006.578369140625,-1.1052900106278685e-07,1.0,591.29541015625,0.1985650360584259,0.2882954776287079,0.3414419889450073
736,-99.30426174634921,-121.00035831738967,106,4441.35888671875,0.0005,1,reinforce_gamma_high_baseline_seed1,4441.35888671875,-1.1021236190345007e-07,1.0,871.9987182617188,0.6422431468963623,0.30650392174720764,0.7439895272254944
737,-100.13424832523397,-121.18172512881851,104,3780.484130859375,0.0005,1,reinforce_gamma_high_baseline_seed1,3780.484130859375,8.780222628956835e-07,1.0,1004.367919921875,0.724531888961792,0.2842708230018616,0.8062082529067993
738,-489.4297969624124,-125.77632493760211,133,-16583.431640625,0.0005,1,reinforce_gamma_high_baseline_seed1,-16583.431640625,4.481552196011762e-08,1.0,4553.23388671875,0.8941732048988342,-0.7341516017913818,0.5982353091239929
739,-76.85314026447959,-124.48039292491079,73,-485.55865478515625,0.0005,1,reinforce_gamma_high_baseline_seed1,-485.55865478515625,-6.613665846089134e-07,0.9999999403953552,48.958526611328125,0.6167997121810913,-0.07556623220443726,0.7871320247650146
740,-184.67316204743048,-126.44970012958211,146,3638.4189453125,0.0005,1,reinforce_gamma_high_baseline_seed1,3638.4189453125,7.397508170470246e-07,1.0,543.55078125,0.42364948987960815,0.1364888995885849,0.6386027932167053
741,-117.44155548851761,-125.32581376065652,123,-339.697509765625,0.0005,1,reinforce_gamma_high_baseline_seed1,-339.697509765625,4.0608694007460144e-07,0.9999999403953552,34.90005874633789,0.3664489686489105,-0.018681306391954422,0.6075366735458374
742,-345.5030908503027,-130.12104462313408,115,-8756.0283203125,0.0005,1,reinforce_gamma_high_baseline_seed1,-8756.0283203125,5.286672788429314e-08,0.9999999403953552,2303.24609375,0.322155624628067,-0.5182313323020935,0.23251238465309143
743,-108.42647654621757,-130.88380909114977,95,-709.8156127929688,0.0005,1,reinforce_gamma_high_baseline_seed1,-709.8156127929688,-1.894800334412139e-07,0.9999999403953552,49.32905197143555,0.9370545744895935,-0.06122778728604317,0.9712026119232178
744,-303.2843877090671,-130.47443841796476,142,-4344.4072265625,0.0005,1,reinforce_gamma_high_baseline_seed1,-4344.4072265625,5.162937668501399e-07,1.0,987.0439453125,0.166861891746521,-0.1798085868358612,0.368082731962204
745,-130.58348062469724,-132.19561018219898,71,-2090.982421875,0.0005,1,reinforce_gamma_high_baseline_seed1,-2090.982421875,5.540713345908443e-07,0.9999999403953552,885.9764404296875,0.8913643956184387,-0.32126671075820923,0.8940981030464172
746,-133.37793437652743,-131.0741085620782,64,-1399.8583984375,0.0005,1,reinforce_gamma_high_baseline_seed1,-1399.8583984375,2.2351741790771484e-08,1.0,376.50164794921875,0.9251202344894409,-0.2633591890335083,0.932387113571167
747,-111.07517998471582,-130.00387127752256,69,-1895.5228271484375,0.0005,1,reinforce_gamma_high_baseline_seed1,-1895.5228271484375,5.355779535420879e-07,1.0,459.2575378417969,1.126182198524475,-0.3168325424194336,1.0202375650405884
748,-117.73750496861467,-128.94331941088748,70,-1441.233642578125,0.0005,1,reinforce_gamma_high_baseline_seed1,-1441.233642578125,4.6321324020937027e-07,1.0,452.2413635253906,0.8907472491264343,-0.2318783551454544,0.9214715361595154
749,-88.95068488751049,-129.86955533719774,92,2735.26806640625,0.0005,1,reinforce_gamma_high_baseline_seed1,2735.26806640625,-2.1250352233437297e-07,1.0,290.3644714355469,0.5454391241073608,0.25641918182373047,0.6963903903961182
750,-86.03201367210197,-129.75376204394604,87,2943.963623046875,0.0005,1,reinforce_gamma_high_baseline_seed1,2943.963623046875,3.617385289089725e-07,1.0,246.8375244140625,0.7566816806793213,0.30854493379592896,0.8180301785469055
751,-102.03701870070722,-129.93427330728426,75,80.5488052368164,0.0005,1,reinforce_gamma_high_baseline_seed1,80.5488052368164,-7.073084589137579e-07,1.0,15.070266723632812,0.9973267912864685,0.011352907866239548,1.0053225755691528
752,-33.898221126551164,-129.107421577051,65,763.946044921875,0.0005,1,reinforce_gamma_high_baseline_seed1,763.946044921875,1.7973093235923443e-07,1.0,87.31143188476562,0.3056058883666992,0.14716275036334991,0.5370155572891235
753,-136.04231419659277,-129.99809877271792,100,2868.044921875,0.0005,1,reinforce_gamma_high_baseline_seed1,2868.044921875,2.3007392258023174e-07,1.0,1015.8489379882812,0.46317732334136963,0.2659115493297577,0.6296290159225464
754,-99.82663077681005,-128.7729650292849,98,2223.55859375,0.0005,1,reinforce_gamma_high_baseline_seed1,2223.55859375,2.6031416382465977e-06,1.0,153.06236267089844,0.9471935629844666,0.20270685851573944,0.9567887783050537
755,-75.17143065763955,-128.97334647439496,130,10766.388671875,0.0005,1,reinforce_gamma_high_baseline_seed1,10766.388671875,1.604740518246217e-08,1.0,1814.7012939453125,1.2608652114868164,0.5155460238456726,1.0013946294784546
756,-103.77998961003043,-128.25196373792883,116,5809.83740234375,0.0005,1,reinforce_gamma_high_baseline_seed1,5809.83740234375,7.440303875227983e-07,1.0,1547.608642578125,0.8364993929862976,0.33184173703193665,0.8559770584106445
757,-95.33609473621479,-128.12717848074126,74,1085.988525390625,0.0005,1,reinforce_gamma_high_baseline_seed1,1085.988525390625,3.7132082297830493e-07,1.0,178.17251586914062,0.9044396877288818,0.16102132201194763,0.9436875581741333
758,-57.003459835078274,-126.9808532811368,84,1377.467041015625,0.0005,1,reinforce_gamma_high_baseline_seed1,1377.467041015625,5.038011607894077e-08,1.0,86.67613220214844,0.4761868119239807,0.15714266896247864,0.6759679317474365
759,-111.06838762966237,-127.63617523064826,77,-635.6296997070312,0.0005,1,reinforce_gamma_high_baseline_seed1,-635.6296997070312,6.308803222054848e-07,0.9999999403953552,74.12732696533203,0.8442472219467163,-0.0807931199669838,0.9212720990180969
760,-92.27881715000481,-127.2269125871392,117,4831.109375,0.0005,1,reinforce_gamma_high_baseline_seed1,4831.109375,1.2033005987177603e-06,0.9999999403953552,485.51593017578125,0.6806525588035583,0.2774273455142975,0.7803146243095398
761,-234.26980604795642,-129.59834381747947,137,-5439.1171875,0.0005,1,reinforce_gamma_high_baseline_seed1,-5439.1171875,-5.899554480492952e-07,1.0,809.3660888671875,0.32200509309768677,-0.24217313528060913,0.5150666832923889
762,-82.45243014378666,-128.72305524295737,70,-827.9910278320312,0.0005,1,reinforce_gamma_high_baseline_seed1,-827.9910278320312,4.564012670016382e-07,1.0,241.07379150390625,0.5222655534744263,-0.15217608213424683,0.7115767598152161
763,-92.22144297127244,-127.866455035327,83,-1241.4466552734375,0.0005,1,reinforce_gamma_high_baseline_seed1,-1241.4466552734375,7.712697538408975e-07,1.0,555.6022338867188,0.7528478503227234,-0.13873295485973358,0.861711859703064
764,-118.12736088527072,-128.04981579568476,89,-448.1850280761719,0.0005,1,reinforce_gamma_high_baseline_seed1,-448.1850280761719,5.57202952222724e-07,1.0,101.49005126953125,0.7957522869110107,-0.04609813541173935,0.8959049582481384
765,-86.27368940324058,-125.02604249714102,110,1455.5269775390625,0.0005,1,reinforce_gamma_high_baseline_seed1,1455.5269775390625,-5.245208853921213e-07,1.0,471.9156799316406,0.6165380477905273,0.09287643432617188,0.7832555174827576
766,-63.73292404425307,-125.737406913585,103,1584.7755126953125,0.0005,1,reinforce_gamma_high_baseline_seed1,1584.7755126953125,-2.187432528444333e-07,1.0,249.50074768066406,0.363613098859787,0.12498294562101364,0.5927934050559998
767,-77.6279544112206,-126.05572512508563,68,-1290.6904296875,0.0005,1,reinforce_gamma_high_baseline_seed1,-1290.6904296875,-7.906380687927594e-07,0.9999999403953552,404.734375,0.6047111749649048,-0.218271404504776,0.751919686794281
768,-121.46139794828115,-126.5153829821578,131,1476.0908203125,0.0005,1,reinforce_gamma_high_baseline_seed1,1476.0908203125,2.820983127094223e-07,1.0,174.27838134765625,0.7026931047439575,0.0717664286494255,0.8383963704109192
769,-144.73947895091828,-127.60733285665616,134,-2099.2236328125,0.0005,1,reinforce_gamma_high_baseline_seed1,-2099.2236328125,9.296545044890081e-08,0.9999999403953552,345.96807861328125,0.25424808263778687,-0.09798233211040497,0.49647459387779236
770,-174.6728264122646,-129.5374055777066,109,-4051.885009765625,0.0005,1,reinforce_gamma_high_baseline_seed1,-4051.885009765625,5.200368491387053e-07,1.0,1823.069091796875,0.9839327931404114,-0.3224588930606842,0.9423909783363342
771,-166.95281525811723,-131.21766740289343,108,-2940.715576171875,0.0005,1,reinforce_gamma_high_baseline_seed1,-2940.715576171875,-2.411780428701604e-07,1.0,464.56341552734375,0.293861448764801,-0.2082613855600357,0.5028217434883118
772,-84.21057828163705,-132.05218703047223,135,462.6062927246094,0.0005,1,reinforce_gamma_high_baseline_seed1,462.6062927246094,1.5364753380708862e-07,1.0,92.33939361572266,1.0405217409133911,0.022296909242868423,1.0236141681671143
773,-164.61000617142543,-133.55881667627807,105,-2779.13330078125,0.0005,1,reinforce_gamma_high_baseline_seed1,-2779.13330078125,2.2592998050185997e-07,1.0,392.5030822753906,0.46931949257850647,-0.21823158860206604,0.6524946093559265
774,-135.4969850233432,-133.90903261128437,96,-486.6709289550781,0.0005,1,reinforce_gamma_high_baseline_seed1,-486.6709289550781,9.704381227493286e-07,1.0,22.614259719848633,0.9266467094421387,-0.04169415310025215,0.9667699933052063
775,-77.56998235066858,-129.2642478026433,82,-692.2755737304688,0.0005,1,reinforce_gamma_high_baseline_seed1,-692.2755737304688,1.0757911184100521e-07,1.0,126.59500885009766,0.423218697309494,-0.07854246348142624,0.649768054485321
776,-119.39541116033004,-129.53868778230535,120,816.0670776367188,0.0005,1,reinforce_gamma_high_baseline_seed1,816.0670776367188,9.92914010566892e-07,0.9999999403953552,125.93707275390625,0.5057817101478577,0.04335992410778999,0.7128366231918335
777,-117.4720114849366,-129.9078484713401,131,1724.5247802734375,0.0005,1,reinforce_gamma_high_baseline_seed1,1724.5247802734375,2.802783285460464e-07,1.0,332.0518798828125,0.7104920744895935,0.08372823894023895,0.8419579267501831
778,-176.47499809243425,-131.61351264233016,102,-2178.774658203125,0.0005,1,reinforce_gamma_high_baseline_seed1,-2178.774658203125,-8.531645079301597e-08,1.0,826.6019897460938,0.500002920627594,-0.17845764756202698,0.6875979900360107
779,-43.109760297196125,-129.26621722126288,88,-2388.015869140625,0.0005,1,reinforce_gamma_high_baseline_seed1,-2388.015869140625,-8.669766771163268e-08,1.0,344.1133728027344,0.5593786835670471,-0.24230580031871796,0.7116329073905945
780,-128.59529793195563,-130.561215099776,128,2953.87939453125,0.0005,1,reinforce_gamma_high_baseline_seed1,2953.87939453125,2.7939677238464355e-09,0.9999999403953552,456.4963073730469,0.7923766374588013,0.15794046223163605,0.8794738054275513
781,-74.31487372043904,-129.82605105115405,139,6287.36572265625,0.0005,1,reinforce_gamma_high_baseline_seed1,6287.36572265625,8.318921373984267e-08,0.9999999403953552,850.2454223632812,0.37473979592323303,0.27260836958885193,0.5500922799110413
782,-138.4965792147588,-129.56123613973693,178,6488.85107421875,0.0005,1,reinforce_gamma_high_baseline_seed1,6488.85107421875,-5.056348939547206e-08,1.0,1544.251708984375,0.28954190015792847,0.16273526847362518,0.5143396854400635
783,-68.82352900127935,-129.44337764381572,167,11035.8076171875,0.0005,1,reinforce_gamma_high_baseline_seed1,11035.8076171875,9.779444809510096e-08,1.0,830.0220336914062,1.2041616439819336,0.33417317271232605,1.0483659505844116
784,-140.76059549883445,-129.62113684862044,80,-1975.76416015625,0.0005,1,reinforce_gamma_high_baseline_seed1,-1975.76416015625,4.764646348576207e-07,1.0,500.78839111328125,0.5338575839996338,-0.2900097966194153,0.6748666763305664
785,-65.59318278091268,-125.93410400720406,98,588.1901245117188,0.0005,1,reinforce_gamma_high_baseline_seed1,588.1901245117188,-1.1191076509931008e-07,0.9999999403953552,78.77908325195312,0.6289801597595215,0.05243423208594322,0.7954161763191223
786,-90.85654529976078,-125.76514967827228,111,2281.804931640625,0.0005,1,reinforce_gamma_high_baseline_seed1,2281.804931640625,-2.701003154470527e-07,1.0,693.6716918945312,0.6331568956375122,0.1429760903120041,0.7863109111785889
787,-77.61908619627846,-125.31484643569318,156,9810.9951171875,0.0005,1,reinforce_gamma_high_baseline_seed1,9810.9951171875,-2.1855036891338386e-07,1.0,1263.462646484375,0.7599705457687378,0.3228066563606262,0.8124021291732788
788,-133.42648805205047,-118.19478025748595,144,6369.7314453125,0.0005,1,reinforce_gamma_high_baseline_seed1,6369.7314453125,5.248519983069855e-07,1.0,756.234375,1.203827977180481,0.24411112070083618,1.073424220085144
789,-90.95787025170878,-118.47687485723053,77,-1240.94970703125,0.0005,1,reinforce_gamma_high_baseline_seed1,-1240.94970703125,-6.502325078372451e-08,1.0,192.77230834960938,0.6989780068397522,-0.17529051005840302,0.8228268623352051
790,-33.53528543448766,-115.45411732497166,94,-4617.08740234375,0.0005,1,reinforce_gamma_high_baseline_seed1,-4617.08740234375,1.9022758479536606e-08,1.0,624.3787231445312,0.2571277916431427,-0.40795886516571045,0.3027747869491577
791,-229.77043539745085,-117.70069492315034,120,-3904.32275390625,0.0005,1,reinforce_gamma_high_baseline_seed1,-3904.32275390625,1.5596548053053993e-07,0.9999999403953552,652.0564575195312,0.1604854017496109,-0.21894097328186035,0.3368917405605316
792,-102.92220883726607,-112.8490772828896,75,-3644.795166015625,0.0005,1,reinforce_gamma_high_baseline_seed1,-3644.795166015625,1.0188421128987102e-06,1.0,570.0731811523438,0.9430044293403625,-0.5032477974891663,0.836102306842804
793,-32.063387787352525,-111.32181550771229,212,16988.580078125,0.0005,1,reinforce_gamma_high_baseline_seed1,16988.580078125,-1.2651929282014862e-08,1.0,2678.95458984375,0.4533079266548157,0.31947678327560425,0.5940598845481873
794,-81.13332098294927,-106.87879417318995,66,-1715.8934326171875,0.0005,1,reinforce_gamma_high_baseline_seed1,-1715.8934326171875,1.0972672725984012e-06,1.0,715.4598999023438,0.8685973882675171,-0.3363431692123413,0.8758386373519897
795,-23.863571091131277,-104.74439598251861,147,9073.734375,0.0005,1,reinforce_gamma_high_baseline_seed1,9073.734375,7.663454226758404e-08,1.0,2975.790771484375,0.8010645508766174,0.3760199546813965,0.814979612827301
796,-97.77791787998078,-104.0323956525877,67,-2097.40185546875,0.0005,1,reinforce_gamma_high_baseline_seed1,-2097.40185546875,1.128040139519726e-06,1.0,263.5914001464844,1.0494184494018555,-0.3598874807357788,0.9663525819778442
797,-137.15040853325934,-104.55390022355856,171,7337.17919921875,0.0005,1,reinforce_gamma_high_baseline_seed1,7337.17919921875,-9.86439445682663e-08,1.0,765.6365356445312,0.3939063847064972,0.21234430372714996,0.5923412442207336
798,-232.97651560730043,-106.85868043633226,169,-1477.634033203125,0.0005,1,reinforce_gamma_high_baseline_seed1,-1477.634033203125,1.6012135972687247e-07,1.0,159.8326416015625,0.20177583396434784,-0.0433664433658123,0.4484250545501709
799,-312.69710340620065,-111.33360880670607,95,243.36021423339844,0.0005,1,reinforce_gamma_high_baseline_seed1,243.36021423339844,-1.236012110439333e-07,1.0,66.54891204833984,0.02829470857977867,0.022430716082453728,0.16759245097637177
800,-100.56066275842744,-111.62418178843258,80,292.24713134765625,0.0005,1,reinforce_gamma_high_baseline_seed1,292.24713134765625,-3.337860050578456e-07,0.9999999403953552,43.27350997924805,0.8420315980911255,0.03792840987443924,0.9226230978965759
