episode,total_reward,moving_avg_reward,episode_length,loss,learning_rate,seed,exp_name,policy_loss,value_loss,entropy,adv_mean,grad_norm
8,-121.76776123046875,-182.03458404541016,128,1117.222900390625,0.0001,1,a2c_opt2_seed1,-36.75530242919922,1648.541259765625,1.3851135969161987,-26.63018798828125,80.01464080810547
12,-132.13699340820312,-187.74098205566406,60,898.4385375976562,0.0001,1,a2c_opt2_seed1,-36.73945999145508,1335.969482421875,1.3853211402893066,-26.458717346191406,81.07167053222656
20,-110.27604675292969,-184.4989200592041,65,1178.2666015625,0.0001,1,a2c_opt2_seed1,-37.85060501098633,1737.311279296875,1.3853482007980347,-27.359424591064453,80.16215515136719
26,-287.191650390625,-177.80109170766977,72,991.1337890625,0.0001,1,a2c_opt2_seed1,-35.516048431396484,1466.6435546875,1.3853379487991333,-25.672788619995117,81.04753875732422
31,-144.72476196289062,-175.03733308853643,74,696.5738525390625,0.0001,1,a2c_opt2_seed1,-28.996986389160156,1036.53076171875,1.3853906393051147,-20.94837760925293,60.96788787841797
36,-90.53768157958984,-167.58322779337564,86,556.5057373046875,0.0001,1,a2c_opt2_seed1,-25.559730529785156,831.5231323242188,1.3853650093078613,-18.56730842590332,56.79990005493164
42,-100.10808563232422,-169.6329875219436,66,1021.9151611328125,0.0001,1,a2c_opt2_seed1,-32.53316879272461,1506.355712890625,1.3852252960205078,-23.514415740966797,77.09867858886719
46,-139.95672607421875,-164.44147250963294,95,773.9102783203125,0.0001,1,a2c_opt2_seed1,-20.96226692199707,1135.533203125,1.385414958000183,-15.009040832519531,46.17709732055664
52,-85.77558898925781,-154.97568702697754,71,523.2779541015625,0.0001,1,a2c_opt2_seed1,-21.456039428710938,778.1924438476562,1.3852564096450806,-15.563895225524902,47.6878547668457
57,-96.2342300415039,-152.61255935668945,89,451.6584167480469,0.0001,1,a2c_opt2_seed1,-23.089462280273438,678.2122802734375,1.3854053020477295,-16.650283813476562,50.83743667602539
64,-132.28475952148438,-139.91722900390624,107,774.868408203125,0.0001,1,a2c_opt2_seed1,-26.837940216064453,1145.2957763671875,1.3853156566619873,-19.358814239501953,62.93022918701172
71,-95.24362182617188,-142.24434814453124,81,725.5933837890625,0.0001,1,a2c_opt2_seed1,-29.33401870727539,1078.46875,1.3853163719177246,-21.142995834350586,70.28196716308594
77,-107.50505065917969,-133.66225845336913,87,689.037841796875,0.0001,1,a2c_opt2_seed1,-21.030235290527344,1014.3839111328125,1.3851678371429443,-15.11914348602295,50.47380828857422
80,-77.23664093017578,-129.220089263916,108,356.7607116699219,0.0001,1,a2c_opt2_seed1,-19.425474166870117,537.4098510742188,1.3853987455368042,-14.011446952819824,46.65473175048828
88,-97.33397674560547,-134.28434967041017,88,1670.0970458984375,0.0001,1,a2c_opt2_seed1,-50.3363037109375,2457.762939453125,1.3850491046905518,-36.44063949584961,135.02621459960938
92,-471.56268310546875,-152.63184028625489,98,2184.9248046875,0.0001,1,a2c_opt2_seed1,-54.81580352783203,3199.630615234375,1.3851039409637451,-39.41564178466797,158.82701110839844
98,-208.2527313232422,-168.90288459777832,115,1433.849853515625,0.0001,1,a2c_opt2_seed1,-39.14678192138672,2104.281982421875,1.3848744630813599,-28.47393226623535,125.80590057373047
102,-100.29781341552734,-171.40244651794433,115,637.8877563476562,0.0001,1,a2c_opt2_seed1,-29.060827255249023,952.78466796875,1.3853646516799927,-20.944223403930664,81.1280746459961
109,-166.72181701660156,-183.3418812561035,128,1240.1973876953125,0.0001,1,a2c_opt2_seed1,-36.981327056884766,1824.5421142578125,1.3851146697998047,-26.731639862060547,120.11605072021484
115,-366.4366149902344,-189.0521775817871,93,877.65283203125,0.0001,1,a2c_opt2_seed1,-34.52820587158203,1303.11669921875,1.3850840330123901,-24.875694274902344,105.85957336425781
119,-134.37100219726562,-191.53005905151366,114,1019.2538452148438,0.0001,1,a2c_opt2_seed1,-28.919944763183594,1497.39208984375,1.3854540586471558,-20.843978881835938,88.78759002685547
127,-100.45838928222656,-205.26061141967773,76,1832.046142578125,0.0001,1,a2c_opt2_seed1,-45.87785339355469,2682.74951171875,1.3850123882293701,-33.24803161621094,160.10061645507812
132,-176.7104034423828,-212.8798469543457,75,1378.6534423828125,0.0001,1,a2c_opt2_seed1,-44.21415328979492,2032.6689453125,1.3851479291915894,-31.94561004638672,159.48617553710938
136,-116.10157012939453,-209.1937400817871,129,523.648193359375,0.0001,1,a2c_opt2_seed1,-21.31479835510254,778.5195922851562,1.3854445219039917,-15.34017562866211,72.82919311523438
143,-108.40546417236328,-183.55847465515137,86,624.5004272460938,0.0001,1,a2c_opt2_seed1,-17.533203125,917.1918334960938,1.3853102922439575,-12.68491268157959,59.9245719909668
149,-113.1895523071289,-170.64553321838378,64,882.693603515625,0.0001,1,a2c_opt2_seed1,-30.112783432006836,1304.0101318359375,1.3849987983703613,-21.731597900390625,109.67672729492188
156,-203.07147216796875,-159.67718933105468,108,1027.31103515625,0.0001,1,a2c_opt2_seed1,-39.974178314208984,1524.6942138671875,1.38516366481781,-28.961414337158203,148.16622924804688
160,-75.452392578125,-161.20144622802735,65,586.9087524414062,0.0001,1,a2c_opt2_seed1,-26.332721710205078,876.0601806640625,1.3852367401123047,-19.009159088134766,94.86784362792969
166,-153.3293914794922,-164.99343933105467,64,1233.5751953125,0.0001,1,a2c_opt2_seed1,-37.26551818847656,1815.48779296875,1.3851089477539062,-26.93425941467285,156.8032684326172
170,-110.516845703125,-165.72468826293945,125,609.9058837890625,0.0001,1,a2c_opt2_seed1,-30.45182228088379,914.7977294921875,1.385174036026001,-21.949359893798828,116.4089584350586
176,-75.98687744140625,-162.76422775268554,80,898.2398681640625,0.0001,1,a2c_opt2_seed1,-31.717618942260742,1328.5115966796875,1.3851664066314697,-22.751781463623047,139.67442321777344
181,-66.1146240234375,-160.18642776489258,56,1138.60546875,0.0001,1,a2c_opt2_seed1,-32.72541046142578,1673.3310546875,1.3851152658462524,-23.501983642578125,150.26966857910156
185,-143.80870056152344,-156.5717807006836,112,672.396728515625,0.0001,1,a2c_opt2_seed1,-29.209800720214844,1002.2960205078125,1.3855862617492676,-21.050399780273438,119.16918182373047
193,-118.80557250976562,-170.45147994995116,85,1210.9833984375,0.0001,1,a2c_opt2_seed1,-38.05907440185547,1784.347412109375,1.385141134262085,-27.456533432006836,178.267578125
197,-292.8408508300781,-177.69554840087892,103,932.8231201171875,0.0001,1,a2c_opt2_seed1,-34.18797302246094,1381.4454345703125,1.385375738143921,-24.565200805664062,161.3145751953125
203,-90.28852844238281,-177.82589218139648,77,677.4334716796875,0.0001,1,a2c_opt2_seed1,-26.7178955078125,1005.9315185546875,1.3851940631866455,-19.214988708496094,125.17160034179688
209,-228.77743530273438,-182.07170906066895,102,891.4436645507812,0.0001,1,a2c_opt2_seed1,-27.638126373291016,1312.9749755859375,1.3850021362304688,-19.909374237060547,141.02896118164062
214,-176.08328247070312,-173.77430946350097,124,517.0457153320312,0.0001,1,a2c_opt2_seed1,-25.898746490478516,775.6359252929688,1.3851115703582764,-18.80569076538086,121.51836395263672
221,-238.60321044921875,-173.0135590362549,117,1086.506103515625,0.0001,1,a2c_opt2_seed1,-38.25994873046875,1606.809814453125,1.3853976726531982,-27.77672004699707,194.08961486816406
226,-48.66413116455078,-169.11025688171387,66,329.84954833984375,0.0001,1,a2c_opt2_seed1,-13.563209533691406,490.59063720703125,1.3851590156555176,-9.771669387817383,67.53337097167969
230,-167.31240844726562,-164.43222648620605,102,413.0234680175781,0.0001,1,a2c_opt2_seed1,-24.288780212402344,624.7327880859375,1.3852826356887817,-17.544469833374023,117.57328796386719
238,-18.98931884765625,-161.55370643615723,109,1012.1004028320312,0.0001,1,a2c_opt2_seed1,-33.78296661376953,1494.1199951171875,1.3851102590560913,-24.32030487060547,180.12509155273438
242,-207.27423095703125,-165.67493881225585,93,674.1727905273438,0.0001,1,a2c_opt2_seed1,-27.805200576782227,1002.8265991210938,1.385070562362671,-20.046245574951172,149.93661499023438
248,-125.91053771972656,-163.48369140625,112,749.1997680664062,0.0001,1,a2c_opt2_seed1,-32.00904083251953,1116.0135498046875,1.3851889371871948,-23.112512588500977,176.46795654296875
254,-327.09710693359375,-177.58117782592774,100,1776.438720703125,0.0001,1,a2c_opt2_seed1,-45.45645523071289,2602.70849609375,1.3851815462112427,-32.780601501464844,285.39019775390625
260,-131.02078247070312,-168.59032905578613,121,631.0654296875,0.0001,1,a2c_opt2_seed1,-28.62166976928711,942.4110717773438,1.384995698928833,-20.624008178710938,160.95523071289062
263,-477.9487609863281,-178.72053718566895,88,1300.23876953125,0.0001,1,a2c_opt2_seed1,-36.03271484375,1908.9603271484375,1.3848572969436646,-25.990629196166992,252.3651123046875
271,-415.25250244140625,-184.4249587249756,139,1114.872314453125,0.0001,1,a2c_opt2_seed1,-40.260929107666016,1650.1915283203125,1.3848010301589966,-28.989280700683594,257.9069519042969
276,-224.37396240234375,-189.54385917663575,107,695.8465576171875,0.0001,1,a2c_opt2_seed1,-25.778339385986328,1030.8936767578125,1.3851141929626465,-18.69906234741211,164.66551208496094
283,-418.7557373046875,-197.6517147064209,111,1556.0711669921875,0.0001,1,a2c_opt2_seed1,-40.90232467651367,2281.391845703125,1.3848406076431274,-29.539091110229492,289.11798095703125
288,-83.75274658203125,-190.89219902038573,59,503.1441955566406,0.0001,1,a2c_opt2_seed1,-23.84040069580078,752.836181640625,1.385225772857666,-17.202089309692383,145.01809692382812
294,-48.796539306640625,-187.43728858947753,78,629.98291015625,0.0001,1,a2c_opt2_seed1,-26.46294403076172,937.78076171875,1.3852308988571167,-19.005306243896484,172.70838928222656
298,-79.30146789550781,-179.48059410095215,65,443.58795166015625,0.0001,1,a2c_opt2_seed1,-12.024481773376465,650.8759155273438,1.3853505849838257,-8.682551383972168,82.59652709960938
304,-164.35511779785156,-164.3014892578125,124,627.9861450195312,0.0001,1,a2c_opt2_seed1,-26.799793243408203,935.4094848632812,1.3852275609970093,-19.375076293945312,174.53321838378906
310,-132.6788330078125,-164.4041262817383,84,602.2575073242188,0.0001,1,a2c_opt2_seed1,-30.322477340698242,903.6866455078125,1.385134220123291,-21.929513931274414,206.21240234375
316,-284.0926513671875,-157.09295318603515,87,894.0355224609375,0.0001,1,a2c_opt2_seed1,-32.11902618408203,1323.078857421875,1.3852263689041138,-23.288673400878906,227.5768280029297
322,-95.7459487915039,-138.96635528564454,77,534.769287109375,0.0001,1,a2c_opt2_seed1,-25.366037368774414,800.1942749023438,1.385237693786621,-18.28082275390625,178.69078063964844
326,-244.284423828125,-141.3686766052246,102,428.66180419921875,0.0001,1,a2c_opt2_seed1,-20.40668296813965,641.5274047851562,1.3854522705078125,-14.653525352478027,147.5082550048828
333,-197.19195556640625,-132.06202545166016,71,894.510986328125,0.0001,1,a2c_opt2_seed1,-34.15755844116211,1326.6702880859375,1.3849376440048218,-24.73548698425293,249.13494873046875
336,-160.93023681640625,-139.13482894897462,115,454.604736328125,0.0001,1,a2c_opt2_seed1,-22.84650993347168,682.07421875,1.3854738473892212,-16.474515914916992,170.89797973632812
343,-279.03277587890625,-148.39221908569337,68,1368.17822265625,0.0001,1,a2c_opt2_seed1,-43.261962890625,2016.34423828125,1.3848307132720947,-31.23129653930664,358.8730163574219
347,-257.918701171875,-152.30540466308594,106,565.8320922851562,0.0001,1,a2c_opt2_seed1,-27.227264404296875,847.2286987304688,1.3850449323654175,-19.538888931274414,214.3258819580078
353,-23.82158660888672,-156.98678611755372,115,446.69329833984375,0.0001,1,a2c_opt2_seed1,-19.23665428161621,665.615234375,1.385493278503418,-14.035751342773438,143.76979064941406
360,-69.54512023925781,-156.54822235107423,76,613.9328002929688,0.0001,1,a2c_opt2_seed1,-26.611896514892578,915.0648193359375,1.3852007389068604,-19.240631103515625,211.11505126953125
366,-234.94802856445312,-155.04048866271972,81,1330.650390625,0.0001,1,a2c_opt2_seed1,-28.629058837890625,1941.8287353515625,1.3849235773086548,-20.771892547607422,262.41387939453125
372,-128.49005126953125,-158.41335685729982,72,754.82763671875,0.0001,1,a2c_opt2_seed1,-30.64289093017578,1122.1016845703125,1.3850746154785156,-22.122201919555664,264.84356689453125
376,-361.4253845214844,-159.0307947540283,92,498.0464172363281,0.0001,1,a2c_opt2_seed1,-21.554750442504883,742.2883911132812,1.3854432106018066,-15.49997615814209,192.2113800048828
384,-260.107666015625,-162.62336463928222,103,1182.2376708984375,0.0001,1,a2c_opt2_seed1,-38.88901901245117,1744.4677734375,1.3852235078811646,-28.057477951049805,355.51068115234375
390,-196.10214233398438,-149.24790840148927,100,570.3059692382812,0.0001,1,a2c_opt2_seed1,-23.474729537963867,848.2591552734375,1.3852659463882446,-16.984683990478516,198.95297241210938
395,-344.8280029296875,-149.52887672424316,113,883.1334228515625,0.0001,1,a2c_opt2_seed1,-30.04315948486328,1304.5389404296875,1.3853411674499512,-21.63755226135254,263.4769287109375
402,-269.3215637207031,-146.1634091949463,92,1177.1846923828125,0.0001,1,a2c_opt2_seed1,-34.4229850769043,1730.869140625,1.384892225265503,-24.88041877746582,305.55169677734375
406,-92.04891204833984,-147.45138679504396,96,583.1769409179688,0.0001,1,a2c_opt2_seed1,-24.090940475463867,867.5264892578125,1.3851358890533447,-17.344520568847656,220.66464233398438
412,-105.54815673828125,-153.0285085296631,75,535.5360717773438,0.0001,1,a2c_opt2_seed1,-26.7623291015625,803.2843627929688,1.3852555751800537,-19.31894874572754,249.36770629882812
420,-368.4630432128906,-155.84111862182618,110,819.1207885742188,0.0001,1,a2c_opt2_seed1,-33.78254699707031,1218.434326171875,1.3849848508834839,-24.392669677734375,335.2649230957031
426,-166.42825317382812,-147.32881286621094,123,1090.615478515625,0.0001,1,a2c_opt2_seed1,-22.7386474609375,1590.5069580078125,1.3849079608917236,-16.401540756225586,227.61021423339844
429,-101.93456268310547,-145.46041229248047,63,335.734130859375,0.0001,1,a2c_opt2_seed1,-20.404422760009766,508.7703857421875,1.3853278160095215,-14.684976577758789,181.6519775390625
437,-96.16152954101562,-149.4632539367676,110,1141.373291015625,0.0001,1,a2c_opt2_seed1,-38.958946228027344,1686.1900634765625,1.3849055767059326,-28.074859619140625,410.11669921875
441,-170.82774353027344,-148.03152015686035,78,691.4462280273438,0.0001,1,a2c_opt2_seed1,-23.862918853759766,1021.8712158203125,1.3850529193878174,-17.23440933227539,233.65145874023438
445,-265.1011962890625,-154.02049964904785,149,723.1158447265625,0.0001,1,a2c_opt2_seed1,-22.03211212158203,1064.498046875,1.3852790594100952,-15.80062484741211,245.18841552734375
451,-92.12804412841797,-155.86833641052246,127,789.014892578125,0.0001,1,a2c_opt2_seed1,-32.36015701293945,1173.3939208984375,1.385473370552063,-23.320837020874023,348.17999267578125
458,32.61735534667969,-153.0333145904541,85,974.5442504882812,0.0001,1,a2c_opt2_seed1,-28.999603271484375,1433.635009765625,1.384903073310852,-20.953414916992188,327.1441650390625
462,-136.77203369140625,-160.1613388824463,74,874.4736328125,0.0001,1,a2c_opt2_seed1,-27.834169387817383,1289.0120849609375,1.385077953338623,-20.04426383972168,317.2811279296875
466,-40.11722946166992,-158.63302734375,133,489.9476318359375,0.0001,1,a2c_opt2_seed1,-16.982269287109375,724.1865844726562,1.385441780090332,-12.22969913482666,161.70071411132812
474,-242.7558135986328,-154.755523147583,110,681.4805297851562,0.0001,1,a2c_opt2_seed1,-27.668636322021484,1013.0712280273438,1.3852518796920776,-19.938457489013672,323.4613952636719
480,-100.55469512939453,-152.74030448913575,87,470.4101257324219,0.0001,1,a2c_opt2_seed1,-24.019451141357422,706.3289794921875,1.3852189779281616,-17.405921936035156,260.99688720703125
483,-282.7101135253906,-150.23587562561036,118,343.7336120605469,0.0001,1,a2c_opt2_seed1,-15.138033866882324,512.6748046875,1.3853002786636353,-10.88941478729248,181.6074981689453
490,-101.64935302734375,-151.3950033569336,77,476.3799743652344,0.0001,1,a2c_opt2_seed1,-19.39556884765625,708.2517700195312,1.3853110074996948,-13.973464012145996,219.11814880371094
494,-114.00984191894531,-141.95953689575197,82,709.9575805664062,0.0001,1,a2c_opt2_seed1,-10.558701515197754,1029.3099365234375,1.3848437070846558,-7.679165363311768,105.02224731445312
500,-242.97315979003906,-139.53255676269532,102,593.6078491210938,0.0001,1,a2c_opt2_seed1,-25.14272689819336,883.9303588867188,1.3845584392547607,-18.10289192199707,314.7669677734375
505,-83.56027221679688,-134.24344314575194,61,622.4981689453125,0.0001,1,a2c_opt2_seed1,-26.843765258789062,927.63232421875,1.3846665620803833,-19.33381462097168,318.3150939941406
511,-99.15789031982422,-139.90538131713868,95,781.5520629882812,0.0001,1,a2c_opt2_seed1,-27.607616424560547,1155.943359375,1.3845045566558838,-19.940731048583984,369.6968688964844
517,-111.00361633300781,-144.39351554870606,77,597.2940063476562,0.0001,1,a2c_opt2_seed1,-26.033771514892578,890.46923828125,1.3848148584365845,-18.717147827148438,325.0346984863281
521,-125.3392562866211,-143.43368560791015,99,476.19622802734375,0.0001,1,a2c_opt2_seed1,-23.722524642944336,714.170654296875,1.3845336437225342,-17.20496940612793,291.40045166015625
525,-136.85035705566406,-150.24529998779298,103,518.4926147460938,0.0001,1,a2c_opt2_seed1,-24.811363220214844,776.1494750976562,1.3844459056854248,-17.852754592895508,331.27386474609375
531,-166.06280517578125,-156.02031494140624,70,502.5018615722656,0.0001,1,a2c_opt2_seed1,-20.10832977294922,746.5870361328125,1.3845415115356445,-14.381895065307617,280.92144775390625
537,-57.99172592163086,-156.08524971008302,94,702.6409912109375,0.0001,1,a2c_opt2_seed1,-20.340744018554688,1032.83203125,1.3844448328018188,-14.63254451751709,270.26507568359375
541,-134.20387268066406,-167.6357398223877,72,1373.9837646484375,0.0001,1,a2c_opt2_seed1,-26.33831214904785,2000.4610595703125,1.3848357200622559,-18.7713565826416,466.451904296875
545,-124.60960388183594,-167.31409004211426,120,314.8102722167969,0.0001,1,a2c_opt2_seed1,-13.790279388427734,469.43035888671875,1.3848299980163574,-9.974427223205566,194.62828063964844
551,-210.4773712158203,-164.98355720520019,89,543.4964599609375,0.0001,1,a2c_opt2_seed1,-26.701976776123047,814.5701904296875,1.384648323059082,-19.09930419921875,335.4746398925781
556,-152.3672637939453,-166.48943992614747,120,494.4190673828125,0.0001,1,a2c_opt2_seed1,-21.174150466918945,736.5628051757812,1.3841114044189453,-15.206666946411133,287.9681701660156
562,-106.11445617675781,-153.89746696472167,76,565.8718872070312,0.0001,1,a2c_opt2_seed1,-13.984374046325684,828.3670654296875,1.384561538696289,-10.017781257629395,197.3268585205078
566,-191.63885498046875,-148.5480348968506,108,613.3078002929688,0.0001,1,a2c_opt2_seed1,-16.454404830932617,899.6612548828125,1.384666919708252,-11.863840103149414,219.98626708984375
572,-59.822052001953125,-139.81181449890136,67,322.1748046875,0.0001,1,a2c_opt2_seed1,-15.810242652893066,482.8367919921875,1.3847339153289795,-11.390381813049316,208.41815185546875
576,-143.263671875,-141.99051414489747,137,724.6632690429688,0.0001,1,a2c_opt2_seed1,-28.03113555908203,1075.2786865234375,1.3842445611953735,-20.048053741455078,415.04693603515625
581,-3.7360763549804688,-141.68743186950684,79,770.4114990234375,0.0001,1,a2c_opt2_seed1,-26.330888748168945,1138.204345703125,1.3845106363296509,-18.92708969116211,365.61114501953125
588,-110.59359741210938,-147.6546558380127,88,1279.692626953125,0.0001,1,a2c_opt2_seed1,-35.30136489868164,1878.56396484375,1.3841792345046997,-25.441789627075195,557.6810913085938
592,-269.2755126953125,-139.31881095886231,105,437.7459411621094,0.0001,1,a2c_opt2_seed1,-20.640243530273438,654.8384399414062,1.3847063779830933,-14.935650825500488,323.31109619140625
600,-74.59304809570312,-142.89998695373535,74,597.4708862304688,0.0001,1,a2c_opt2_seed1,-30.472726821899414,897.063232421875,1.3843083381652832,-21.967487335205078,457.3789367675781
603,-129.53199768066406,-143.09851707458495,106,443.0238952636719,0.0001,1,a2c_opt2_seed1,-21.670513153076172,663.8501586914062,1.3839406967163086,-15.54283618927002,344.59765625
610,-114.97227478027344,-144.9575400543213,73,795.639892578125,0.0001,1,a2c_opt2_seed1,-23.911605834960938,1170.788818359375,1.3843107223510742,-17.244308471679688,358.3116149902344
615,-318.05810546875,-151.38906394958497,103,523.3157348632812,0.0001,1,a2c_opt2_seed1,-22.66431999206543,779.9724731445312,1.3845335245132446,-16.323423385620117,341.70404052734375
620,-325.54510498046875,-160.16246467590332,158,1132.290283203125,0.0001,1,a2c_opt2_seed1,-39.036685943603516,1673.3253173828125,1.3842540979385376,-28.00507926940918,579.9157104492188
626,-397.57110595703125,-172.2959285736084,105,1138.7435302734375,0.0001,1,a2c_opt2_seed1,-34.820159912109375,1676.520751953125,1.3833796977996826,-25.07686996459961,655.830322265625
630,-26.788902282714844,-169.51692054748534,70,1225.9351806640625,0.0001,1,a2c_opt2_seed1,-26.926284790039062,1789.80322265625,1.3841829299926758,-19.136629104614258,426.6791076660156
637,-96.93619537353516,-168.4702732849121,84,862.5971069335938,0.0001,1,a2c_opt2_seed1,-32.5326042175293,1278.7576904296875,1.3835694789886475,-23.380538940429688,543.2278442382812
644,-147.5995330810547,-169.35706726074218,64,1086.401123046875,0.0001,1,a2c_opt2_seed1,-30.387081146240234,1595.4127197265625,1.383366584777832,-22.02161979675293,529.1005249023438
649,-114.9621353149414,-163.84923583984374,81,578.007080078125,0.0001,1,a2c_opt2_seed1,-8.945734977722168,838.5050048828125,1.3841636180877686,-6.405209064483643,121.90311431884766
655,-131.93641662597656,-157.03521942138673,81,433.3106384277344,0.0001,1,a2c_opt2_seed1,-17.678621292114258,644.2713623046875,1.3843146562576294,-12.691631317138672,266.20062255859375
660,-78.4485855102539,-155.12336990356445,67,575.10302734375,0.0001,1,a2c_opt2_seed1,-25.133167266845703,857.4812622070312,1.3837273120880127,-18.133560180664062,429.5301208496094
663,-203.30606079101562,-163.7631216430664,132,564.4832763671875,0.0001,1,a2c_opt2_seed1,-7.1881184577941895,816.6743774414062,1.383725643157959,-5.273055553436279,151.6377716064453
671,-163.71995544433594,-152.66942886352538,113,557.7794799804688,0.0001,1,a2c_opt2_seed1,-25.42603302001953,833.1516723632812,1.3837366104125977,-18.31484603881836,446.5014953613281
675,-136.1098175048828,-138.0334944152832,98,659.9911499023438,0.0001,1,a2c_opt2_seed1,-19.26685333251953,970.3695068359375,1.383565902709961,-13.907794952392578,297.5066833496094
681,-94.06059265136719,-135.17330093383788,73,463.49957275390625,0.0001,1,a2c_opt2_seed1,-20.204362869262695,691.0066528320312,1.3840408325195312,-14.642271041870117,365.5674133300781
687,-113.20591735839844,-125.52237991333008,79,447.22515869140625,0.0001,1,a2c_opt2_seed1,-20.954126358032227,668.8285522460938,1.3833776712417603,-15.032079696655273,360.7629699707031
692,-391.0184631347656,-132.60104232788086,110,714.3373413085938,0.0001,1,a2c_opt2_seed1,-24.193161010742188,1055.0445556640625,1.3833807706832886,-17.519132614135742,477.4462890625
698,-73.69976806640625,-130.93279953002929,121,313.6180419921875,0.0001,1,a2c_opt2_seed1,-14.477527618408203,468.708984375,1.3836870193481445,-10.424665451049805,265.64013671875
703,-137.54461669921875,-133.94669021606444,81,575.893798828125,0.0001,1,a2c_opt2_seed1,-28.897092819213867,863.9879760742188,1.3829342126846313,-20.829566955566406,543.9185180664062
708,-362.9684143066406,-148.0564144897461,142,1097.2200927734375,0.0001,1,a2c_opt2_seed1,-27.807811737060547,1607.183837890625,1.383141040802002,-20.13811683654785,617.4085083007812
713,1.6986236572265625,-138.130089263916,93,510.185546875,0.0001,1,a2c_opt2_seed1,-15.305146217346191,750.7020263671875,1.3836922645568848,-10.974787712097168,261.11199951171875
720,-414.2170715332031,-148.1499040222168,108,942.5669555664062,0.0001,1,a2c_opt2_seed1,-30.685144424438477,1390.361083984375,1.3827301263809204,-22.222084045410156,637.7055053710938
724,-237.94969177246094,-156.18921783447266,108,517.6852416992188,0.0001,1,a2c_opt2_seed1,-27.035966873168945,778.174072265625,1.3831431865692139,-19.534189224243164,512.6610717773438
730,-140.16900634765625,-159.45712814331054,73,1319.4337158203125,0.0001,1,a2c_opt2_seed1,-28.090518951416016,1925.0357666015625,1.382332444190979,-20.511089324951172,580.2037963867188
733,-108.67865753173828,-159.1338653564453,92,385.5086364746094,0.0001,1,a2c_opt2_seed1,-22.304031372070312,582.590576171875,1.3828672170639038,-16.013324737548828,424.6272888183594
740,-447.4816589355469,-171.4502098083496,107,1016.0169677734375,0.0001,1,a2c_opt2_seed1,-33.56000518798828,1499.396728515625,1.3824818134307861,-24.19977378845215,734.5317993164062
744,-113.83099365234375,-169.0643946838379,91,497.230224609375,0.0001,1,a2c_opt2_seed1,-24.15250587463379,744.83349609375,1.3834315538406372,-17.35027313232422,486.93878173828125
749,-338.90869140625,-177.32107803344726,102,558.8655395507812,0.0001,1,a2c_opt2_seed1,-18.117937088012695,824.2630615234375,1.3830994367599487,-13.118294715881348,423.41668701171875
754,-280.4317626953125,-178.23700027465821,85,690.3963623046875,0.0001,1,a2c_opt2_seed1,-27.733177185058594,1025.9002685546875,1.382904052734375,-19.836833953857422,580.730224609375
760,-130.5753173828125,-175.17837020874023,129,696.4967651367188,0.0001,1,a2c_opt2_seed1,-24.99567985534668,1030.7044677734375,1.3827234506607056,-18.22117805480957,632.3856811523438
766,-90.49954223632812,-173.0943804168701,79,434.4622497558594,0.0001,1,a2c_opt2_seed1,-21.750211715698242,651.7330932617188,1.383141040802002,-15.574437141418457,449.5644836425781
772,-97.66995239257812,-174.57712432861328,119,961.5702514648438,0.0001,1,a2c_opt2_seed1,-28.562488555908203,1414.476318359375,1.3820409774780273,-20.48124122619629,659.9196166992188
777,-117.67707824707031,-170.2072745513916,85,408.7326965332031,0.0001,1,a2c_opt2_seed1,-15.436178207397461,605.95654296875,1.3830231428146362,-11.096384048461914,359.31500244140625
782,-30.996986389160156,-160.47206718444824,118,337.8834533691406,0.0001,1,a2c_opt2_seed1,-17.175310134887695,507.2278137207031,1.3833084106445312,-12.344403266906738,362.14599609375
788,-123.72064971923828,-163.78759269714357,139,774.1585693359375,0.0001,1,a2c_opt2_seed1,-25.463342666625977,1142.3179931640625,1.381409764289856,-18.3261661529541,617.3464965820312
794,-73.18362426757812,-153.4673101043701,102,338.28387451171875,0.0001,1,a2c_opt2_seed1,-19.52157974243164,511.15167236328125,1.382895827293396,-13.983625411987305,402.25457763671875
799,-295.6307067871094,-148.75909461975098,80,1201.30615234375,0.0001,1,a2c_opt2_seed1,-37.6569938659668,1769.948486328125,1.380796194076538,-27.16295051574707,925.8748168945312
802,-94.13714599609375,-159.7364608001709,83,311.5303955078125,0.0001,1,a2c_opt2_seed1,-13.840240478515625,464.8161926269531,1.382033109664917,-10.044434547424316,341.9580078125
809,-218.12884521484375,-154.14567710876466,132,659.8594970703125,0.0001,1,a2c_opt2_seed1,-31.801145553588867,988.0875854492188,1.382162094116211,-23.044225692749023,736.4736938476562
813,-296.60595703125,-165.5393822479248,104,960.2284545898438,0.0001,1,a2c_opt2_seed1,-27.64718246459961,1411.2518310546875,1.383312702178955,-19.788188934326172,716.3036499023438
819,-108.47583770751953,-171.25056510925293,125,531.6416625976562,0.0001,1,a2c_opt2_seed1,-24.878063201904297,795.0291748046875,1.383314847946167,-18.087501525878906,608.8079223632812
822,-146.34848022460938,-170.3681563568115,84,545.9618530273438,0.0001,1,a2c_opt2_seed1,-23.9047908782959,814.0961303710938,1.3825019598007202,-16.990346908569336,587.9629516601562
827,-318.52862548828125,-177.02851806640626,133,511.1558532714844,0.0001,1,a2c_opt2_seed1,-20.82342529296875,759.9713745117188,1.3829987049102783,-15.013648986816406,557.2150268554688
832,-307.86407470703125,-183.3211068725586,98,814.8715209960938,0.0001,1,a2c_opt2_seed1,-26.871196746826172,1202.4906005859375,1.3824999332427979,-19.276613235473633,678.3860473632812
838,-272.5576171875,-183.15381103515625,102,782.620849609375,0.0001,1,a2c_opt2_seed1,-23.680477142333984,1151.8599853515625,1.3823670148849487,-17.081993103027344,639.2588500976562
845,-108.82960510253906,-194.5334338378906,67,1016.6668090820312,0.0001,1,a2c_opt2_seed1,-30.973731994628906,1496.63037109375,1.3827310800552368,-22.374988555908203,925.8671264648438
849,-130.69949340820312,-186.21699279785156,112,170.0677490234375,0.0001,1,a2c_opt2_seed1,-13.391077041625977,262.08502197265625,1.3836054801940918,-9.636307716369629,326.31219482421875
854,-243.1661834716797,-176.52725845336914,102,361.2769775390625,0.0001,1,a2c_opt2_seed1,-17.023609161376953,540.430419921875,1.3828791379928589,-12.19997787475586,417.32293701171875
860,-165.43638610839844,-174.71320854187013,69,872.435546875,0.0001,1,a2c_opt2_seed1,-26.316078186035156,1283.931884765625,1.3809959888458252,-18.94571304321289,703.7978515625
864,-254.29638671875,-170.64202583312988,112,647.7901611328125,0.0001,1,a2c_opt2_seed1,-19.335895538330078,953.0382080078125,1.3830323219299316,-13.879854202270508,586.55615234375
870,-113.16502380371094,-171.8297551727295,134,615.6953125,0.0001,1,a2c_opt2_seed1,-23.30746078491211,912.8619995117188,1.3820008039474487,-16.843326568603516,634.2039184570312
875,-220.15379333496094,-169.19041709899903,92,506.045654296875,0.0001,1,a2c_opt2_seed1,-25.876802444458008,759.8902587890625,1.3817344903945923,-18.691991806030273,644.22021484375
881,-198.94189453125,-174.82970024108886,99,1016.5110473632812,0.0001,1,a2c_opt2_seed1,-41.23146438598633,1511.061767578125,1.3794636726379395,-29.42710304260254,1179.0882568359375
885,-61.18940353393555,-174.235994720459,97,472.7265625,0.0001,1,a2c_opt2_seed1,-12.485823631286621,693.1615600585938,1.3807846307754517,-8.838434219360352,364.5255126953125
891,-109.67733001708984,-173.48283401489257,81,359.8848876953125,0.0001,1,a2c_opt2_seed1,-18.265649795532227,540.216064453125,1.3821908235549927,-13.155149459838867,483.99334716796875
897,-313.567138671875,-174.30990135192872,96,627.8897094726562,0.0001,1,a2c_opt2_seed1,-27.591093063354492,936.402099609375,1.3804742097854614,-19.826335906982422,815.996337890625
902,-331.98846435546875,-179.4193628692627,87,460.71697998046875,0.0001,1,a2c_opt2_seed1,-20.36029815673828,687.2542724609375,1.382368564605713,-14.72452449798584,575.6113891601562
907,-553.0208740234375,-187.85305114746095,129,1326.95556640625,0.0001,1,a2c_opt2_seed1,-30.33565902709961,1938.988525390625,1.3807719945907593,-21.7788028717041,842.1439819335938
913,-87.71827697753906,-174.26996078491212,84,287.86334228515625,0.0001,1,a2c_opt2_seed1,-18.98788833618164,438.35992431640625,1.3815832138061523,-13.605792999267578,506.1839294433594
917,-286.60101318359375,-175.53713500976562,72,557.1564331054688,0.0001,1,a2c_opt2_seed1,-27.48079490661621,835.1969604492188,1.3815675973892212,-19.6748046875,774.3744506835938
923,-201.92250061035156,-181.85327117919923,70,427.3719787597656,0.0001,1,a2c_opt2_seed1,-20.904067993164062,640.3953857421875,1.3810157775878906,-15.040634155273438,617.4375
929,-185.10302734375,-170.93992561340332,103,345.3376159667969,0.0001,1,a2c_opt2_seed1,-14.138365745544434,513.5381469726562,1.381143569946289,-10.2214937210083,425.6319274902344
933,-235.90670776367188,-164.4607332611084,81,615.0800170898438,0.0001,1,a2c_opt2_seed1,-16.016942977905273,901.568115234375,1.3824139833450317,-11.722794532775879,503.7806091308594
938,-25.62816619873047,-163.65903839111328,138,367.61505126953125,0.0001,1,a2c_opt2_seed1,-9.430436134338379,538.637451171875,1.3825749158859253,-6.724719047546387,216.19979858398438
945,-283.287353515625,-163.07474586486816,111,604.3507690429688,0.0001,1,a2c_opt2_seed1,-25.892492294311523,900.3485107421875,1.3813388347625732,-18.533052444458008,793.0343017578125
949,-267.00482177734375,-166.0051441192627,76,575.3950805664062,0.0001,1,a2c_opt2_seed1,-24.007307052612305,856.2901611328125,1.3805155754089355,-17.30974769592285,786.0988159179688
954,-73.34992980957031,-160.9055802154541,100,225.50416564941406,0.0001,1,a2c_opt2_seed1,-15.750834465026855,344.6510009765625,1.3815550804138184,-11.285900115966797,417.7485656738281
961,-437.8777160644531,-167.50010261535644,128,901.7384033203125,0.0001,1,a2c_opt2_seed1,-31.548206329345703,1333.267578125,1.3780394792556763,-22.80503273010254,1065.84375
967,-61.136966705322266,-164.36220138549805,68,1064.5836181640625,0.0001,1,a2c_opt2_seed1,-29.913105010986328,1563.56787109375,1.380429983139038,-21.513132095336914,930.5155029296875
972,-193.74288940429688,-163.3160235595703,62,422.6145324707031,0.0001,1,a2c_opt2_seed1,-13.72974681854248,623.3499755859375,1.381049394607544,-9.755474090576172,516.2171020507812
979,-233.47482299804688,-158.76519172668458,95,443.99566650390625,0.0001,1,a2c_opt2_seed1,-20.640247344970703,663.7666015625,1.3796281814575195,-14.861332893371582,636.1782836914062
982,-168.36224365234375,-159.65709861755371,99,279.4535827636719,0.0001,1,a2c_opt2_seed1,-19.146316528320312,426.57232666015625,1.3804370164871216,-13.842836380004883,588.43896484375
988,-84.060791015625,-169.15996543884276,79,393.11749267578125,0.0001,1,a2c_opt2_seed1,-13.384544372558594,580.7182006835938,1.3791733980178833,-9.570104598999023,451.1824645996094
994,-89.48310089111328,-165.28669578552245,72,289.80963134765625,0.0001,1,a2c_opt2_seed1,-17.28221321105957,438.7036437988281,1.380872130393982,-12.386138916015625,545.3418579101562
1000,-83.58534240722656,-156.97345512390137,60,491.96893310546875,0.0001,1,a2c_opt2_seed1,-10.503535270690918,717.81884765625,1.3801310062408447,-7.658721923828125,417.7268371582031
1005,-125.5523910522461,-155.0197782897949,75,535.6265258789062,0.0001,1,a2c_opt2_seed1,-15.48224925994873,787.2991943359375,1.3793450593948364,-11.20974349975586,488.9498596191406
1010,-118.0597915649414,-153.29874771118165,131,352.2459411621094,0.0001,1,a2c_opt2_seed1,-15.537582397460938,525.406005859375,1.3793052434921265,-11.202529907226562,514.5050048828125
1017,-149.42626953125,-145.95798515319825,138,375.0061950683594,0.0001,1,a2c_opt2_seed1,-22.419048309326172,567.7513427734375,1.3787490129470825,-16.153148651123047,714.5465087890625
1022,-86.13074493408203,-136.4401747894287,67,191.65350341796875,0.0001,1,a2c_opt2_seed1,-2.144043445587158,276.8546142578125,1.3789111375808716,-1.3641114234924316,61.61418151855469
1027,-117.3804702758789,-134.6672625732422,72,190.5087890625,0.0001,1,a2c_opt2_seed1,-14.386276245117188,292.7082214355469,1.3806060552597046,-10.394004821777344,484.5297546386719
1032,-106.95053100585938,-137.2501416015625,92,280.54205322265625,0.0001,1,a2c_opt2_seed1,-14.317327499389648,421.22869873046875,1.380683422088623,-10.142511367797852,501.9826965332031
1038,-148.67587280273438,-131.6950363922119,97,472.4021911621094,0.0001,1,a2c_opt2_seed1,-24.660486221313477,710.090576171875,1.3795088529586792,-17.775062561035156,876.2926025390625
1041,-176.5350341796875,-137.71445671081543,102,318.6561279296875,0.0001,1,a2c_opt2_seed1,-19.095191955566406,482.50286865234375,1.3800982236862183,-13.835836410522461,651.9199829101562
1047,-229.87757873535156,-145.0218955230713,114,299.8040466308594,0.0001,1,a2c_opt2_seed1,-16.04214096069336,451.2098388671875,1.3800336122512817,-11.372745513916016,617.732666015625
1054,-107.06748962402344,-151.90309188842772,100,482.2441711425781,0.0001,1,a2c_opt2_seed1,-19.760236740112305,717.150146484375,1.3790128231048584,-14.053739547729492,708.3258056640625
1058,-158.81149291992188,-149.87093711853026,115,743.4876708984375,0.0001,1,a2c_opt2_seed1,-31.74558448791504,1107.47705078125,1.3793123960494995,-22.87986946105957,1204.885009765625
1062,-178.7291717529297,-164.5893839263916,99,321.7696228027344,0.0001,1,a2c_opt2_seed1,-10.38806438446045,474.5119934082031,1.3803458213806152,-7.300034046173096,455.4910583496094
1070,-119.17607116699219,-164.94622413635253,93,825.8504638671875,0.0001,1,a2c_opt2_seed1,-14.539271354675293,1200.5577392578125,1.3795301914215088,-10.315215110778809,475.328369140625
1073,-190.20880126953125,-166.92282890319825,78,210.4574432373047,0.0001,1,a2c_opt2_seed1,-16.197158813476562,323.79327392578125,1.3798260688781738,-11.574872970581055,591.5733642578125
1078,-121.22948455810547,-176.18368911743164,134,760.3296508789062,0.0001,1,a2c_opt2_seed1,-16.62865447998047,1109.94140625,1.3804371356964111,-11.961029052734375,605.87744140625
1085,-105.92106628417969,-176.91473960876465,105,456.1498107910156,0.0001,1,a2c_opt2_seed1,-22.2149658203125,683.3792724609375,1.3794411420822144,-16.036304473876953,841.4559936523438
1089,-86.70609283447266,-171.8378067779541,78,298.72296142578125,0.0001,1,a2c_opt2_seed1,-13.316987991333008,445.7723693847656,1.3779942989349365,-9.698838233947754,500.978759765625
1094,-90.33586883544922,-173.74093116760253,94,698.4760131835938,0.0001,1,a2c_opt2_seed1,-19.03534507751465,1025.0172119140625,1.3792378902435303,-13.715536117553711,732.7421264648438
1099,-238.89105224609375,-169.54851448059082,105,210.206298828125,0.0001,1,a2c_opt2_seed1,-13.988443374633789,320.2792053222656,1.3773419857025146,-9.962504386901855,535.9493408203125
1107,-334.6795654296875,-172.1996164703369,161,664.509765625,0.0001,1,a2c_opt2_seed1,-23.694543838500977,983.1499633789062,1.377773404121399,-17.14398193359375,945.6795654296875
1111,-53.82188415527344,-156.78414924621583,95,138.65963745117188,0.0001,1,a2c_opt2_seed1,-2.8998823165893555,202.22886657714844,1.3787883520126343,-2.0315048694610596,92.68453216552734
1115,-90.27257537841797,-155.84404914855958,137,238.00823974609375,0.0001,1,a2c_opt2_seed1,-13.931476593017578,359.91485595703125,1.3797162771224976,-10.02588939666748,532.4229736328125
1122,-56.257564544677734,-165.9259880065918,77,1028.3665771484375,0.0001,1,a2c_opt2_seed1,-18.348901748657227,1495.308837890625,1.3787565231323242,-13.245677947998047,968.9342651367188
1126,-95.07077026367188,-160.33898025512696,73,139.4436798095703,0.0001,1,a2c_opt2_seed1,-8.203330993652344,210.92529296875,1.3799887895584106,-5.852890491485596,276.06842041015625
1130,-122.67582702636719,-157.80325653076173,110,265.2182922363281,0.0001,1,a2c_opt2_seed1,-12.62279987335205,396.9168395996094,1.3790979385375977,-8.8790864944458,465.81787109375
1138,-191.02171325683594,-163.79977661132813,111,666.4089965820312,0.0001,1,a2c_opt2_seed1,-22.303421020507812,983.8757934570312,1.3771703243255615,-15.879751205444336,1014.3986206054688
1144,-78.67037963867188,-157.39683395385742,76,247.6063995361328,0.0001,1,a2c_opt2_seed1,-10.198396682739258,368.2935485839844,1.376442313194275,-7.270959377288818,416.7705383300781
1149,-177.33384704589844,-157.06813995361327,87,211.7104034423828,0.0001,1,a2c_opt2_seed1,-10.260398864746094,317.1021423339844,1.3772467374801636,-7.482905387878418,420.4515686035156
1153,-88.48207092285156,-154.21014221191408,62,519.7290649414062,0.0001,1,a2c_opt2_seed1,-6.371204376220703,751.5728149414062,1.3781617879867554,-4.629973888397217,220.75857543945312
1157,34.667205810546875,-147.3698233795166,85,491.2984313964844,0.0001,1,a2c_opt2_seed1,-5.264342308044434,709.3764038085938,1.377394676208496,-3.698624610900879,279.0212097167969
1163,-199.3900146484375,-156.74139617919923,109,259.67437744140625,0.0001,1,a2c_opt2_seed1,-9.357585906982422,384.3323669433594,1.3782308101654053,-6.74787712097168,488.1971740722656
1166,-200.94497680664062,-159.1321536254883,93,141.40728759765625,0.0001,1,a2c_opt2_seed1,-11.2665433883667,218.1064453125,1.3777415752410889,-8.132208824157715,453.34954833984375
1171,-371.5177307128906,-159.25323516845702,130,486.4413146972656,0.0001,1,a2c_opt2_seed1,-17.40982437133789,719.788330078125,1.3762282133102417,-12.35849380493164,777.6845703125
1176,-85.85631561279297,-156.07517997741698,89,213.24710083007812,0.0001,1,a2c_opt2_seed1,-7.054866790771484,314.71807861328125,1.3781241178512573,-4.953464508056641,239.9009552001953
1180,-72.04301452636719,-156.60904151916503,100,167.47315979003906,0.0001,1,a2c_opt2_seed1,-4.737556457519531,246.01629638671875,1.3767071962356567,-3.309915542602539,201.9339141845703
1185,16.682411193847656,-143.27786735534667,142,416.4215087890625,0.0001,1,a2c_opt2_seed1,-2.0603199005126953,597.8322143554688,1.3769621849060059,-1.399462342262268,121.96875762939453
1188,-105.03936004638672,-139.9124486541748,61,371.2458801269531,0.0001,1,a2c_opt2_seed1,4.143837928771973,524.4324951171875,1.3779195547103882,3.1923108100891113,230.984130859375
1193,-151.48289489746094,-135.37202262878418,94,232.4868621826172,0.0001,1,a2c_opt2_seed1,-14.705948829650879,353.1335754394531,1.3773987293243408,-10.498491287231445,572.6149291992188
1199,-57.11160659790039,-139.4040914916992,113,218.3654327392578,0.0001,1,a2c_opt2_seed1,-4.281322002410889,318.0677795410156,1.3769735097885132,-2.9885010719299316,251.1505889892578
1202,-142.39004516601562,-140.52417922973632,118,109.64929962158203,0.0001,1,a2c_opt2_seed1,-6.538122177124023,165.98301696777344,1.3779298067092896,-4.5479536056518555,270.80511474609375
1207,-341.356201171875,-153.16840774536132,123,978.3037719726562,0.0001,1,a2c_opt2_seed1,-24.233034133911133,1432.1964111328125,1.3763455152511597,-17.097394943237305,1138.76025390625
1211,-235.54615783691406,-145.65445343017578,127,274.9843444824219,0.0001,1,a2c_opt2_seed1,-14.74242877960205,413.8963928222656,1.376147747039795,-10.569499015808105,596.5288696289062
1216,-101.16072845458984,-144.70560489654542,90,290.913330078125,0.0001,1,a2c_opt2_seed1,-6.69100284576416,425.1500549316406,1.376689076423645,-4.861193656921387,307.2097473144531
1221,-236.4951629638672,-137.68736484527588,120,158.87269592285156,0.0001,1,a2c_opt2_seed1,-10.775611877441406,242.355712890625,1.3758032321929932,-7.716259956359863,461.9880676269531
1226,-98.00270080566406,-149.45363956451416,75,233.91015625,0.0001,1,a2c_opt2_seed1,-15.027981758117676,355.62689208984375,1.374207615852356,-10.72524642944336,683.0208740234375
1229,-37.14387130737305,-148.02736446380615,72,257.9334716796875,0.0001,1,a2c_opt2_seed1,-12.633209228515625,386.52484130859375,1.3761765956878662,-8.971458435058594,535.2613525390625
1235,-441.37591552734375,-166.40334392547607,126,550.5587158203125,0.0001,1,a2c_opt2_seed1,-18.311391830444336,812.6725463867188,1.3721766471862793,-13.547147750854492,1030.1065673828125
1239,-105.47541046142578,-166.92843669891357,93,121.53379821777344,0.0001,1,a2c_opt2_seed1,-9.079817771911621,186.5918731689453,1.376105785369873,-6.464078903198242,391.1927490234375
1243,-121.64422607421875,-171.3760210800171,127,333.2668762207031,0.0001,1,a2c_opt2_seed1,4.783445358276367,469.2630310058594,1.3752553462982178,3.6870203018188477,211.2206268310547
1249,-118.56934356689453,-164.99486408233642,97,154.0730438232422,0.0001,1,a2c_opt2_seed1,-10.07461929321289,234.49765014648438,1.375788927078247,-7.087812423706055,394.5238342285156
1254,-45.15637969970703,-159.35625202178954,98,309.4364318847656,0.0001,1,a2c_opt2_seed1,-0.5269303321838379,442.8057861328125,1.3748453855514526,-0.31275463104248047,130.81906127929688
1258,46.589569091796875,-149.6582384109497,102,399.50634765625,0.0001,1,a2c_opt2_seed1,-5.273149013519287,578.2574462890625,1.375194787979126,-3.8822145462036133,248.32040405273438
1263,-98.23274230957031,-157.8093451309204,77,554.0169067382812,0.0001,1,a2c_opt2_seed1,-10.89832878112793,807.022705078125,1.3724167346954346,-7.7414984703063965,477.2982177734375
1268,-99.87511444091797,-156.63972915649413,102,125.33383178710938,0.0001,1,a2c_opt2_seed1,-2.2784676551818848,182.30426025390625,1.3757880926132202,-1.5156910419464111,71.82379913330078
1274,-108.51797485351562,-150.60270370483397,81,133.7636260986328,0.0001,1,a2c_opt2_seed1,-1.7900991439819336,193.649169921875,1.3760716915130615,-1.2142925262451172,94.27446746826172
1279,-80.50465393066406,-146.71992179870605,135,218.08642578125,0.0001,1,a2c_opt2_seed1,-5.74952507019043,319.7666320800781,1.3740870952606201,-3.9630470275878906,248.3837432861328
1284,-139.72862243652344,-139.58718757629396,89,122.27232360839844,0.0001,1,a2c_opt2_seed1,-2.5496678352355957,178.318115234375,1.3744425773620605,-1.6004976034164429,96.11466217041016
1290,-121.76171112060547,-129.2295378112793,103,156.18789672851562,0.0001,1,a2c_opt2_seed1,-6.258037090301514,232.0666046142578,1.3738311529159546,-4.323269367218018,245.6344451904297
1296,-47.51749801635742,-125.89813171386719,122,425.4064025878906,0.0001,1,a2c_opt2_seed1,-7.096405029296875,617.8621215820312,1.3702726364135742,-5.092705726623535,302.23199462890625
1301,-72.6707534790039,-132.00868530273436,78,177.04310607910156,0.0001,1,a2c_opt2_seed1,-3.542405128479004,257.98028564453125,1.3738714456558228,-2.34761118888855,164.58319091796875
1304,-395.000732421875,-142.52885635375978,143,601.6744384765625,0.0001,1,a2c_opt2_seed1,-10.694091796875,874.8131713867188,1.3738175630569458,-7.445333480834961,548.6063842773438
1311,-119.4943618774414,-139.0405271911621,146,189.62408447265625,0.0001,1,a2c_opt2_seed1,-11.975263595581055,288.00006103515625,1.3711040019989014,-8.665489196777344,567.92822265625
1313,-42.915855407714844,-135.31310943603515,81,185.06234741210938,0.0001,1,a2c_opt2_seed1,-12.500948905944824,282.2342529296875,1.3716362714767456,-8.9871244430542,593.5676879882812
1319,-403.26837158203125,-152.81612007141112,128,486.16265869140625,0.0001,1,a2c_opt2_seed1,-16.436248779296875,717.9993896484375,1.368008017539978,-11.350181579589844,986.4635009765625
1324,-156.95797729492188,-149.98665618896484,116,202.60443115234375,0.0001,1,a2c_opt2_seed1,-3.2742509841918945,294.1133728027344,1.371463418006897,-2.1682748794555664,125.99539947509766
1329,-32.040367126464844,-152.72980545043944,102,254.64625549316406,0.0001,1,a2c_opt2_seed1,-4.369174003601074,370.0230407714844,1.3707810640335083,-3.229090690612793,237.86773681640625
1332,-231.6136932373047,-154.69374977111818,130,161.88890075683594,0.0001,1,a2c_opt2_seed1,-6.785628318786621,240.964599609375,1.3711304664611816,-4.708431720733643,341.2303466796875
1335,-127.37635040283203,-156.09615562438964,132,220.15768432617188,0.0001,1,a2c_opt2_seed1,-1.5097763538360596,316.6687927246094,1.3714053630828857,-1.0924291610717773,115.35697937011719
1340,-248.45187377929688,-167.02339752197267,194,351.1651916503906,0.0001,1,a2c_opt2_seed1,-14.314366340637207,522.1146240234375,1.3716925382614136,-10.205021858215332,682.499755859375
1347,-205.86444091796875,-170.6192250061035,112,149.688232421875,0.0001,1,a2c_opt2_seed1,-2.24155330657959,217.04351806640625,1.3700653314590454,-1.4326030015945435,149.27369689941406
1350,-187.43951416015625,-170.9844598388672,70,146.42190551757812,0.0001,1,a2c_opt2_seed1,2.064831256866455,206.22537231445312,1.370927333831787,1.7459380626678467,129.6656951904297
1356,-136.2728729248047,-166.56018310546875,103,89.74065399169922,0.0001,1,a2c_opt2_seed1,-6.012892723083496,136.79176330566406,1.3730136156082153,-4.169257164001465,269.7522277832031
1361,-254.48109436035156,-163.5228500366211,131,392.94482421875,0.0001,1,a2c_opt2_seed1,2.4007036685943604,557.921142578125,1.367085337638855,2.15801739692688,176.3502197265625
1366,-204.7691650390625,-156.54709236145018,89,117.53438568115234,0.0001,1,a2c_opt2_seed1,-7.398262023925781,178.4761962890625,1.3704878091812134,-5.208354473114014,353.16253662109375
1371,-118.16958618164062,-151.19998443603515,124,104.70722961425781,0.0001,1,a2c_opt2_seed1,-3.9452621936798096,155.2188262939453,1.3702913522720337,-2.736809253692627,232.6603546142578
1375,-134.8231201171875,-151.1562936401367,85,118.73413848876953,0.0001,1,a2c_opt2_seed1,8.962138175964355,156.81813049316406,1.3682098388671875,6.839821815490723,488.6313171386719
1383,-53.54668045043945,-143.62481201171875,84,510.909912109375,0.0001,1,a2c_opt2_seed1,-12.552906036376953,747.8050537109375,1.3681862354278564,-9.282381057739258,600.1810913085938
1387,-192.08956909179688,-144.98325820922852,108,184.14617919921875,0.0001,1,a2c_opt2_seed1,-5.893378257751465,271.4860534667969,1.3657020330429077,-3.910520315170288,263.46038818359375
1391,-69.58235931396484,-135.66747421264648,79,221.86395263671875,0.0001,1,a2c_opt2_seed1,4.851176738739014,310.01922607421875,1.3688490390777588,3.709882974624634,343.0935974121094
1395,-93.33907318115234,-132.7241796875,106,130.667724609375,0.0001,1,a2c_opt2_seed1,-7.511645793914795,197.4000701904297,1.3684239387512207,-5.3203125,412.53131103515625
1399,-59.907657623291016,-134.98102989196778,77,191.21084594726562,0.0001,1,a2c_opt2_seed1,0.040528059005737305,273.1014404296875,1.3700798749923706,0.19810467958450317,126.55046081542969
1405,-177.7181854248047,-136.2620188140869,116,175.0838623046875,0.0001,1,a2c_opt2_seed1,-4.279088020324707,256.2337646484375,1.3653651475906372,-2.926316022872925,191.02745056152344
1408,-134.57289123535156,-142.33577583312987,92,231.1281280517578,0.0001,1,a2c_opt2_seed1,-4.431344032287598,336.5145263671875,1.3645224571228027,-3.0501701831817627,230.2518768310547
1415,-177.99403381347656,-150.2168081665039,115,125.47166442871094,0.0001,1,a2c_opt2_seed1,-4.909618377685547,186.2599639892578,1.3689534664154053,-3.520057439804077,246.27655029296875
1418,-204.45040893554688,-148.7779640197754,108,117.28764343261719,0.0001,1,a2c_opt2_seed1,0.6451292037963867,166.63314819335938,1.3660703897476196,0.7406023144721985,76.01795196533203
1425,-81.74479675292969,-150.00378540039063,116,129.950439453125,0.0001,1,a2c_opt2_seed1,-5.94657039642334,194.13955688476562,1.3677968978881836,-4.319697380065918,269.29107666015625
1426,-64.72916412353516,-149.544395904541,81,485.46258544921875,0.0001,1,a2c_opt2_seed1,-1.1481552124023438,695.1591796875,1.3644959926605225,-1.028132438659668,345.2149963378906
1433,-214.00332641601562,-157.58864128112793,134,517.0409545898438,0.0001,1,a2c_opt2_seed1,-4.756676197052002,745.4260864257812,1.3663874864578247,-3.2743775844573975,283.8189697265625
1436,-89.31268310546875,-153.48411903381347,83,281.828125,0.0001,1,a2c_opt2_seed1,8.910724639892578,389.8829650878906,1.3658088445663452,6.746769905090332,554.9873657226562
1445,-99.83306884765625,-157.58200645446777,57,178.2422637939453,0.0001,1,a2c_opt2_seed1,-7.0007243156433105,264.6338195800781,1.3659031391143799,-4.892661094665527,330.00030517578125
1447,-57.260833740234375,-151.6914849090576,102,115.7774429321289,0.0001,1,a2c_opt2_seed1,-0.059350013732910156,165.4821014404297,1.36501145362854,0.12657666206359863,69.90249633789062
1453,-100.2098617553711,-152.22340492248534,126,206.42027282714844,0.0001,1,a2c_opt2_seed1,6.254066467285156,285.9527282714844,1.3639389276504517,4.883228302001953,418.3117980957031
1457,-156.85684204101562,-141.82525428771973,119,428.7645263671875,0.0001,1,a2c_opt2_seed1,2.7515981197357178,608.5908813476562,1.3655599355697632,2.3172943592071533,264.22747802734375
1462,-129.0217742919922,-133.995701751709,148,292.3333435058594,0.0001,1,a2c_opt2_seed1,-1.878064751625061,420.302978515625,1.3636428117752075,-1.2444281578063965,172.95196533203125
1468,-97.88141632080078,-139.00965179443358,100,239.9412384033203,0.0001,1,a2c_opt2_seed1,-3.7380499839782715,348.1142578125,1.363022804260254,-2.689472198486328,252.32550048828125
1472,-117.40840911865234,-140.0656201171875,103,76.84402465820312,0.0001,1,a2c_opt2_seed1,-0.7357207536697388,110.82917785644531,1.36446213722229,-0.41254478693008423,40.86569595336914
1478,-133.7887420654297,-141.38973739624024,89,264.3940124511719,0.0001,1,a2c_opt2_seed1,-12.452335357666016,395.4957580566406,1.3644169569015503,-8.844067573547363,662.8031616210938
1482,-319.3242492675781,-139.55843154907225,105,404.593994140625,0.0001,1,a2c_opt2_seed1,1.2492363452911377,576.207763671875,1.360273003578186,1.260830283164978,89.56398010253906
1486,-106.41693878173828,-140.21628204345703,100,143.54403686523438,0.0001,1,a2c_opt2_seed1,-6.827787399291992,214.81787109375,1.3629549741744995,-4.595996379852295,302.8892517089844
1493,-224.28012084960938,-148.34956497192383,97,261.5947570800781,0.0001,1,a2c_opt2_seed1,-7.436939716339111,384.33197021484375,1.358583688735962,-5.339822769165039,452.0051574707031
1497,-59.422115325927734,-144.6246701812744,112,229.10882568359375,0.0001,1,a2c_opt2_seed1,11.87906265258789,310.3292236328125,1.3622597455978394,9.019697189331055,674.5274658203125
1502,-103.79398345947266,-140.5136589050293,87,56.22362518310547,0.0001,1,a2c_opt2_seed1,-4.819944858551025,87.2060775756836,1.3637655973434448,-3.2310197353363037,214.63783264160156
1506,-122.32455444335938,-145.83207244873046,117,107.3516845703125,0.0001,1,a2c_opt2_seed1,-2.5117311477661133,156.94871520996094,1.360735535621643,-1.607652187347412,109.94310760498047
1511,-73.48860931396484,-153.7196489715576,89,400.4148254394531,0.0001,1,a2c_opt2_seed1,-2.046403408050537,574.9456176757812,1.36032235622406,-1.3801352977752686,200.07815551757812
1515,-42.70832443237305,-147.00883193969727,84,134.3869171142578,0.0001,1,a2c_opt2_seed1,-0.5791152119636536,192.80960083007812,1.3654897212982178,-0.21922937035560608,33.52082824707031
1518,-84.68731689453125,-147.93062164306642,119,400.23992919921875,0.0001,1,a2c_opt2_seed1,11.452409744262695,555.4116821289062,1.3627572059631348,8.432120323181152,695.6732788085938
1524,-223.33953857421875,-147.86011657714843,132,202.50808715820312,0.0001,1,a2c_opt2_seed1,-1.4950025081634521,291.4339599609375,1.3617923259735107,-0.8610198497772217,131.7527313232422
1530,-120.702880859375,-142.06568626403808,113,187.818115234375,0.0001,1,a2c_opt2_seed1,3.035604476928711,263.97601318359375,1.359807014465332,2.65822172164917,236.2431640625
1533,-130.73236083984375,-139.98052116394044,68,80.0277328491211,0.0001,1,a2c_opt2_seed1,-0.23677021265029907,114.66455078125,1.3620740175247192,0.09285140037536621,40.09712600708008
1539,-18.596969604492188,-136.9984803009033,145,375.3800048828125,0.0001,1,a2c_opt2_seed1,1.5483850240707397,534.046142578125,1.3622593879699707,1.7672392129898071,143.77783203125
1541,-200.45310974121094,-134.8627222442627,136,111.74177551269531,0.0001,1,a2c_opt2_seed1,6.802164077758789,149.91470336914062,1.3608696460723877,5.48405122756958,418.0631103515625
1547,-70.69078063964844,-129.3057308959961,163,198.7544708251953,0.0001,1,a2c_opt2_seed1,4.039770603179932,278.16485595703125,1.3600654602050781,3.178833246231079,243.69236755371094
1551,-131.97921752929688,-126.24210487365723,92,372.2983093261719,0.0001,1,a2c_opt2_seed1,8.436527252197266,519.8035278320312,1.3547775745391846,6.727482795715332,515.9559326171875
1557,-86.86039733886719,-122.89555229187012,118,261.6062316894531,0.0001,1,a2c_opt2_seed1,5.280581474304199,366.1804504394531,1.3577674627304077,4.187598705291748,381.0226135253906
1562,-372.2793884277344,-119.96457832336426,107,207.9754180908203,0.0001,1,a2c_opt2_seed1,-7.25975227355957,307.4797668457031,1.3542897701263428,-5.130716323852539,404.9556579589844
1566,-121.54833984375,-121.95946746826172,85,158.1130828857422,0.0001,1,a2c_opt2_seed1,-5.983063220977783,234.4240264892578,1.3563705682754517,-4.297914505004883,305.9859619140625
1570,-284.42401123046875,-125.93279724121093,166,119.41215515136719,0.0001,1,a2c_opt2_seed1,-2.757840871810913,174.529541015625,1.3542360067367554,-1.823091745376587,155.3746337890625
1574,-50.119571685791016,-122.24042610168458,71,130.266845703125,0.0001,1,a2c_opt2_seed1,8.142518997192383,174.4642791748047,1.3565901517868042,6.309950828552246,512.0623779296875
1579,-113.64411926269531,-121.7424235534668,97,101.2046127319336,0.0001,1,a2c_opt2_seed1,3.5492560863494873,139.5086212158203,1.3514139652252197,2.898545265197754,241.8748016357422
1587,-191.89871215820312,-127.44583251953125,114,449.28460693359375,0.0001,1,a2c_opt2_seed1,-13.594149589538574,661.25634765625,1.3479421138763428,-10.159317970275879,768.033935546875
1589,-226.5333709716797,-128.92950607299804,93,68.64482116699219,0.0001,1,a2c_opt2_seed1,1.0723798274993896,96.53303527832031,1.3548169136047363,1.0141539573669434,116.45489501953125
1595,-245.76902770996094,-143.0781900024414,124,622.5469970703125,0.0001,1,a2c_opt2_seed1,-16.506460189819336,912.9345092773438,1.3489972352981567,-12.011175155639648,925.1740112304688
1599,-99.84808349609375,-145.61234436035156,80,86.33282470703125,0.0001,1,a2c_opt2_seed1,4.015079498291016,117.59774017333984,1.3499889373779297,3.1631245613098145,255.9922332763672
1603,-119.69185638427734,-147.25650398254393,119,585.8786010742188,0.0001,1,a2c_opt2_seed1,-4.783824920654297,843.8043823242188,1.350710153579712,-3.35014009475708,315.9429626464844
1610,-235.0225372314453,-152.41545692443847,117,209.08792114257812,0.0001,1,a2c_opt2_seed1,3.854835033416748,293.19110107421875,1.3485068082809448,2.9715349674224854,237.6001739501953
1614,-75.63192749023438,-147.02414009094238,68,667.646484375,0.0001,1,a2c_opt2_seed1,-13.430086135864258,972.967529296875,1.3449468612670898,-9.944413185119629,772.3001098632812
1619,-84.01873016357422,-152.82736778259277,147,274.1781921386719,0.0001,1,a2c_opt2_seed1,8.02836799621582,380.2149658203125,1.3489551544189453,5.951530933380127,418.3087158203125
1623,-150.78506469726562,-146.27907730102538,98,201.27662658691406,0.0001,1,a2c_opt2_seed1,-0.004469096660614014,287.5453796386719,1.3490830659866333,0.44951310753822327,92.24249267578125
1630,-151.8188934326172,-153.71253440856933,111,221.25111389160156,0.0001,1,a2c_opt2_seed1,-2.231307029724121,319.2615661621094,1.3513673543930054,-1.2593910694122314,166.85671997070312
1632,-41.80618667602539,-150.82908493041992,91,83.78346252441406,0.0001,1,a2c_opt2_seed1,4.159257888793945,113.74983215332031,1.3474358320236206,3.3684041500091553,272.8852844238281
1637,-47.557701110839844,-147.1278631591797,126,728.6586303710938,0.0001,1,a2c_opt2_seed1,-0.6451025009155273,1041.8634033203125,1.3497302532196045,0.4620673954486847,228.29295349121094
1639,-22.95569610595703,-144.49863952636719,152,275.0563049316406,0.0001,1,a2c_opt2_seed1,7.197869300842285,382.6558837890625,1.3438489437103271,5.570948600769043,379.7539367675781
1645,-91.44554138183594,-138.9283953857422,129,526.8707275390625,0.0001,1,a2c_opt2_seed1,-11.43423843383789,769.0081176757812,1.3435425758361816,-8.134736061096191,573.2850952148438
1648,-273.69281005859375,-142.08107856750487,123,339.1827087402344,0.0001,1,a2c_opt2_seed1,-10.679601669311523,499.80426025390625,1.3398507833480835,-7.891922950744629,586.5308837890625
1654,-99.74313354492188,-146.59454414367676,123,139.74119567871094,0.0001,1,a2c_opt2_seed1,-6.2316789627075195,208.53363037109375,1.3447819948196411,-4.344199180603027,262.65203857421875
1656,-52.308929443359375,-144.43195152282715,114,164.42591857910156,0.0001,1,a2c_opt2_seed1,3.463285446166992,229.9475860595703,1.3395495414733887,2.9774134159088135,234.9693603515625
1662,-143.6666259765625,-146.46631172180176,189,113.01576232910156,0.0001,1,a2c_opt2_seed1,-9.428556442260742,174.92141723632812,1.3406660556793213,-6.916513442993164,458.65399169921875
1664,-209.75067138671875,-153.47331901550294,116,220.9682159423828,0.0001,1,a2c_opt2_seed1,-8.82394027709961,328.2754821777344,1.336897611618042,-6.362492084503174,489.28802490234375
1670,-92.27621459960938,-158.12140625,78,184.47491455078125,0.0001,1,a2c_opt2_seed1,1.0948379039764404,261.9725036621094,1.3408256769180298,0.8948125839233398,73.78863525390625
1675,-87.0373764038086,-159.3343532562256,118,145.37332153320312,0.0001,1,a2c_opt2_seed1,1.2940253019332886,205.8285369873047,1.3492032289505005,0.9737042784690857,137.9378204345703
1680,-45.001953125,-151.32116004943848,140,241.5797576904297,0.0001,1,a2c_opt2_seed1,7.404709339141846,334.5367431640625,1.3453717231750488,5.72317361831665,414.5194396972656
1683,23.05571746826172,-150.53905838012696,115,278.0224609375,0.0001,1,a2c_opt2_seed1,5.920880317687988,388.717529296875,1.345331072807312,4.76619815826416,318.3616638183594
1686,-245.1683807373047,-148.64364425659178,139,188.6326904296875,0.0001,1,a2c_opt2_seed1,-5.490889549255371,277.32037353515625,1.3383551836013794,-4.239786148071289,377.16082763671875
1690,-172.69749450683594,-151.82556610107423,126,159.72743225097656,0.0001,1,a2c_opt2_seed1,7.171326637268066,217.93826293945312,1.3387677669525146,5.6112470626831055,481.34393310546875
1697,-14.299568176269531,-149.84657112121582,95,223.57711791992188,0.0001,1,a2c_opt2_seed1,1.9046047925949097,316.6759948730469,1.3372159004211426,1.6763484477996826,144.2615509033203
1701,-100.37639617919922,-138.14719917297364,95,237.09481811523438,0.0001,1,a2c_opt2_seed1,7.172603607177734,328.4612731933594,1.3446688652038574,5.669576644897461,402.28076171875
1706,-95.3004150390625,-134.38877662658692,134,181.54644775390625,0.0001,1,a2c_opt2_seed1,-7.1948676109313965,269.63140869140625,1.3424675464630127,-5.269985675811768,370.1182556152344
1711,-63.93764877319336,-133.28313446044922,66,277.6780090332031,0.0001,1,a2c_opt2_seed1,-4.981653213500977,403.8005065917969,1.3371331691741943,-3.474879026412964,311.4731750488281
1714,-254.4601593017578,-131.86012496948243,86,174.7353515625,0.0001,1,a2c_opt2_seed1,-5.227092742919922,257.0901794433594,1.333492636680603,-3.6440365314483643,262.04833984375
1718,-252.10256958007812,-132.6201663208008,126,521.7703247070312,0.0001,1,a2c_opt2_seed1,5.3027753829956055,737.811767578125,1.3334513902664185,4.259632110595703,391.0343322753906
1724,-87.82818603515625,-134.23189819335937,75,629.1976928710938,0.0001,1,a2c_opt2_seed1,-11.455872535705566,915.2203369140625,1.3376697301864624,-9.192956924438477,698.7828979492188
1726,-106.27943420410156,-134.24942810058593,135,164.06031799316406,0.0001,1,a2c_opt2_seed1,6.107128620147705,225.64837646484375,1.3367855548858643,4.727019309997559,351.37432861328125
1733,-75.357666015625,-140.90210540771486,100,297.5998840332031,0.0001,1,a2c_opt2_seed1,-2.1461453437805176,428.2095642089844,1.3404369354248047,-1.5182011127471924,185.73558044433594
1737,-143.37973022460938,-134.7246591949463,105,198.64529418945312,0.0001,1,a2c_opt2_seed1,5.895661354064941,275.3575744628906,1.3360618352890015,5.007120132446289,363.61175537109375
1740,-94.87399291992188,-134.13054176330567,110,221.6702423095703,0.0001,1,a2c_opt2_seed1,-2.171713352203369,319.7751770019531,1.3438429832458496,-1.136294960975647,165.7783966064453
1746,-247.38192749023438,-133.8198038482666,91,231.90211486816406,0.0001,1,a2c_opt2_seed1,-4.393144607543945,337.56561279296875,1.3328956365585327,-3.23933744430542,200.52581787109375
1749,-20.82122039794922,-137.41817771911622,147,229.64112854003906,0.0001,1,a2c_opt2_seed1,2.7619855403900146,324.1140441894531,1.3372083902359009,2.5050296783447266,157.23410034179688
1753,-258.183349609375,-146.88348098754884,166,85.57584381103516,0.0001,1,a2c_opt2_seed1,0.08158755302429199,122.13561248779297,1.3361449241638184,0.3344980478286743,78.85218048095703
1758,-91.4435806274414,-137.64084014892578,116,103.1253890991211,0.0001,1,a2c_opt2_seed1,0.954218327999115,145.95977783203125,1.3389688730239868,0.9280186891555786,119.41537475585938
1762,-68.18046569824219,-135.8812264251709,124,136.34136962890625,0.0001,1,a2c_opt2_seed1,-8.229225158691406,206.5303955078125,1.3376190662384033,-5.776451587677002,424.90283203125
1766,-88.13396453857422,-137.3927207183838,85,477.96563720703125,0.0001,1,a2c_opt2_seed1,-1.534010410308838,685.0004272460938,1.3243170976638794,-0.7245101928710938,135.94187927246094
1772,-87.47099304199219,-132.17360000610353,96,138.3858642578125,0.0001,1,a2c_opt2_seed1,-2.9028937816619873,201.842041015625,1.3344128131866455,-2.0116047859191895,96.26679229736328
1776,-59.4373779296875,-130.2130982208252,79,493.198974609375,0.0001,1,a2c_opt2_seed1,8.971373558044434,691.7546997070312,1.327117681503296,7.149977207183838,477.1513977050781
1779,13.367561340332031,-128.74555503845215,88,111.63902282714844,0.0001,1,a2c_opt2_seed1,7.427306652069092,148.8748321533203,1.3292971849441528,5.796721458435059,514.4420166015625
1786,-163.05545043945312,-131.1197282409668,122,141.67816162109375,0.0001,1,a2c_opt2_seed1,-4.615957260131836,208.9925537109375,1.3331695795059204,-3.166978359222412,215.66436767578125
1790,-92.15887451171875,-131.93327713012695,105,259.9468994140625,0.0001,1,a2c_opt2_seed1,-6.6818084716796875,380.89910888671875,1.334169864654541,-4.830218315124512,328.6976318359375
1795,-120.15191650390625,-138.7713182067871,92,632.3221435546875,0.0001,1,a2c_opt2_seed1,-0.6303575038909912,904.2188110351562,1.3366904258728027,-0.34030961990356445,248.0729217529297
1799,-283.02960205078125,-136.11045219421388,107,105.15958404541016,0.0001,1,a2c_opt2_seed1,-5.352214336395264,157.87493896484375,1.329459309577942,-3.705174684524536,253.61253356933594
1802,-205.6422576904297,-135.9620344543457,178,301.5462646484375,0.0001,1,a2c_opt2_seed1,-4.388348579406738,437.0504150390625,1.331348180770874,-2.6387155055999756,211.41246032714844
1808,-306.32281494140625,-146.52857315063477,183,323.583984375,0.0001,1,a2c_opt2_seed1,-8.861286163330078,474.92279052734375,1.3353016376495361,-6.693387985229492,455.3907470703125
1812,-146.00119018554688,-148.3894190979004,142,75.84097290039062,0.0001,1,a2c_opt2_seed1,-4.673088073730469,115.02103424072266,1.3304963111877441,-3.1964337825775146,209.29876708984375
1816,-265.84130859375,-147.68850479125976,148,116.48578643798828,0.0001,1,a2c_opt2_seed1,-1.0212593078613281,167.8681640625,1.328906536102295,-0.42536357045173645,71.626220703125
1819,-89.44441223144531,-144.98843948364257,147,250.52914428710938,0.0001,1,a2c_opt2_seed1,5.253129959106445,350.395263671875,1.3337032794952393,4.173861503601074,316.4072265625
1823,-429.4491882324219,-151.8499964904785,132,659.3338623046875,0.0001,1,a2c_opt2_seed1,-8.987631797790527,954.7459106445312,1.3348697423934937,-6.582085609436035,550.1776733398438
1826,-169.39999389648438,-158.5015847015381,138,187.57540893554688,0.0001,1,a2c_opt2_seed1,-1.046692132949829,269.4610900878906,1.3229997158050537,-0.5063414573669434,90.86599731445312
1832,-44.31258773803711,-158.4639921569824,73,131.58609008789062,0.0001,1,a2c_opt2_seed1,5.389673709869385,180.28155517578125,1.3369250297546387,4.488433361053467,373.2962951660156
1836,-41.25589370727539,-153.00736930847168,99,134.30792236328125,0.0001,1,a2c_opt2_seed1,3.8192639350891113,186.41334533691406,1.342710018157959,3.25368332862854,231.6435089111328
1839,-62.99759292602539,-149.65419677734374,79,102.61616516113281,0.0001,1,a2c_opt2_seed1,3.0288944244384766,142.26849365234375,1.3404672145843506,2.5005264282226562,224.9155731201172
1843,-99.49137115478516,-143.62163238525392,81,323.04827880859375,0.0001,1,a2c_opt2_seed1,-5.93462610244751,469.9765625,1.3244030475616455,-3.7666568756103516,323.73248291015625
1848,-308.3359069824219,-157.8891153717041,96,296.67901611328125,0.0001,1,a2c_opt2_seed1,-2.7538723945617676,427.7622375488281,1.3262135982513428,-1.8703036308288574,204.82131958007812
1853,-91.85292053222656,-152.92235130310058,111,87.87382507324219,0.0001,1,a2c_opt2_seed1,-0.12260317802429199,125.71013641357422,1.329732060432434,0.1460639238357544,48.504234313964844
1856,0.2169036865234375,-142.45296775817872,76,199.41336059570312,0.0001,1,a2c_opt2_seed1,5.735273361206055,276.6839294433594,1.3230010271072388,4.890288352966309,380.3483581542969
1862,-313.7173156738281,-145.9902237701416,145,497.5510559082031,0.0001,1,a2c_opt2_seed1,-10.903250694274902,726.3642578125,1.3274834156036377,-7.617580413818359,576.2733154296875
1867,-97.42842864990234,-140.9917144012451,117,394.52740478515625,0.0001,1,a2c_opt2_seed1,-1.2439842224121094,565.388671875,1.3277965784072876,-0.7979341745376587,157.3944091796875
1871,-31.332489013671875,-136.84411293029785,108,276.4422912597656,0.0001,1,a2c_opt2_seed1,-1.7986509799957275,397.4880065917969,1.3254292011260986,-1.2127071619033813,148.6270294189453
1875,-241.30084228515625,-136.86153053283692,118,398.33673095703125,0.0001,1,a2c_opt2_seed1,-6.777731418609619,578.7359008789062,1.3106948137283325,-5.5952677726745605,426.09283447265625
1881,-56.37073516845703,-143.69867088317872,109,136.99960327148438,0.0001,1,a2c_opt2_seed1,-1.7943391799926758,198.27801513671875,1.3219008445739746,-1.2602412700653076,148.71934509277344
1883,-65.09883880615234,-143.73150329589845,139,126.98323822021484,0.0001,1,a2c_opt2_seed1,4.472095012664795,175.01687622070312,1.32279634475708,3.524036407470703,274.2729187011719
1887,-99.49445343017578,-148.22443382263182,130,287.5718994140625,0.0001,1,a2c_opt2_seed1,-5.082291126251221,418.0783996582031,1.31816828250885,-3.8821048736572266,331.8785400390625
1891,-146.21116638183594,-162.70463424682617,117,333.5211181640625,0.0001,1,a2c_opt2_seed1,-2.5133414268493652,480.0502014160156,1.3237378597259521,-1.1092967987060547,127.62187194824219
1895,-209.1291046142578,-156.89005004882813,126,333.02667236328125,0.0001,1,a2c_opt2_seed1,-14.49528694152832,496.4609375,1.3204820156097412,-10.768861770629883,763.9417724609375
1900,-197.63214111328125,-160.45258285522462,111,156.97019958496094,0.0001,1,a2c_opt2_seed1,1.5245729684829712,222.06613159179688,1.322641372680664,1.5723340511322021,141.88319396972656
1904,-277.12890625,-164.05078872680664,126,214.72348022460938,0.0001,1,a2c_opt2_seed1,-7.150712013244629,316.9640808105469,1.32683265209198,-5.005942344665527,340.4483337402344
1907,-285.06787109375,-173.62585418701173,124,276.8630676269531,0.0001,1,a2c_opt2_seed1,1.7768186330795288,392.9813232421875,1.3242557048797607,1.5899486541748047,169.94627380371094
1912,-115.66557312011719,-166.28221572875975,181,119.48368835449219,0.0001,1,a2c_opt2_seed1,-3.656705856323242,175.91580200195312,1.3214534521102905,-2.527599811553955,153.3462677001953
1914,-125.90877532958984,-166.27474090576172,105,114.9869155883789,0.0001,1,a2c_opt2_seed1,-6.578968524932861,173.66648864746094,1.317030906677246,-4.559881210327148,311.6513671875
1920,-223.36141967773438,-173.84801315307618,108,256.3999328613281,0.0001,1,a2c_opt2_seed1,-0.14415735006332397,366.4925231933594,1.3159191608428955,0.1694696843624115,120.60662078857422
1924,-17.608253479003906,-167.7243514251709,89,132.20925903320312,0.0001,1,a2c_opt2_seed1,3.8797221183776855,183.328857421875,1.3180292844772339,3.0271410942077637,223.86297607421875
1928,-189.94927978515625,-164.02019004821778,106,222.54150390625,0.0001,1,a2c_opt2_seed1,-7.204586982727051,328.20965576171875,1.313949704170227,-5.244685173034668,397.55267333984375
1935,-186.4652099609375,-174.27102378845214,103,449.9677429199219,0.0001,1,a2c_opt2_seed1,-15.780702590942383,665.3558349609375,1.3106896877288818,-12.269170761108398,990.3375854492188
1937,-155.07606506347656,-177.51116493225098,117,163.65997314453125,0.0001,1,a2c_opt2_seed1,0.7807292938232422,232.68556213378906,1.3132591247558594,0.7818484306335449,74.26547241210938
1943,-58.111305236816406,-166.4024980163574,152,236.45692443847656,0.0001,1,a2c_opt2_seed1,11.302090644836426,321.65069580078125,1.3220019340515137,8.765198707580566,662.5830688476562
1947,-101.24827575683594,-154.4447866821289,122,101.73970031738281,0.0001,1,a2c_opt2_seed1,-7.454525470733643,155.99270629882812,1.3236331939697266,-5.163760185241699,328.8114318847656
1951,-97.73649597167969,-155.68215576171875,109,253.69998168945312,0.0001,1,a2c_opt2_seed1,9.889172554016113,348.3020935058594,1.313353180885315,7.878121376037598,605.0036010742188
1957,-85.47181701660156,-144.41085235595702,72,100.41415405273438,0.0001,1,a2c_opt2_seed1,4.015832901000977,137.71282958984375,1.3181109428405762,3.046572685241699,232.62806701660156
1960,-109.03209686279297,-142.22161575317384,135,226.53102111816406,0.0001,1,a2c_opt2_seed1,-5.578005790710449,331.58526611328125,1.3134318590164185,-3.980940103530884,334.58551025390625
1967,-47.46610641479492,-144.59896430969238,99,411.9330749511719,0.0001,1,a2c_opt2_seed1,-0.02732670307159424,588.5157470703125,1.3119062185287476,0.42130565643310547,160.09649658203125
1970,-121.67817687988281,-138.4094031524658,114,87.60972595214844,0.0001,1,a2c_opt2_seed1,-0.47043752670288086,125.82974243164062,1.3158774375915527,-0.21489378809928894,118.58438873291016
1974,-301.23175048828125,-144.0312281036377,150,427.2760009765625,0.0001,1,a2c_opt2_seed1,-11.142820358276367,626.3135375976562,1.3107731342315674,-7.9016618728637695,713.9002685546875
1979,-138.91456604003906,-152.79469123840332,124,169.61801147460938,0.0001,1,a2c_opt2_seed1,-1.7334457635879517,244.7887420654297,1.3189201354980469,-0.902057409286499,86.7975845336914
1983,-14.497367858886719,-142.15212364196776,82,211.42633056640625,0.0001,1,a2c_opt2_seed1,8.619562149047852,289.7248840332031,1.3189752101898193,6.7914581298828125,486.2068786621094
1988,-161.61537170410156,-132.75849494934081,88,252.4248046875,0.0001,1,a2c_opt2_seed1,-14.061197280883789,380.69525146484375,1.305558443069458,-10.556812286376953,764.356201171875
1994,-97.59686279296875,-148.60441802978517,94,481.1791076660156,0.0001,1,a2c_opt2_seed1,-12.803129196166992,705.6898193359375,1.3018757104873657,-9.975728988647461,771.9934692382812
1997,-123.80329132080078,-150.5762776184082,112,351.58551025390625,0.0001,1,a2c_opt2_seed1,-13.43360710144043,521.456787109375,1.293330192565918,-10.091206550598145,785.5408325195312
2002,-378.0627746582031,-166.74598358154296,140,239.4397735595703,0.0001,1,a2c_opt2_seed1,-2.0158371925354004,344.9375305175781,1.3175525665283203,-1.4033269882202148,192.47064208984375
2005,-53.43568801879883,-163.83255470275878,119,100.02593994140625,0.0001,1,a2c_opt2_seed1,-2.2854251861572266,146.1600341796875,1.3139233589172363,-1.195497989654541,123.0430908203125
2008,-131.3779296875,-170.42391487121583,156,423.3375549316406,0.0001,1,a2c_opt2_seed1,-5.43012809753418,612.5261840820312,1.3081753253936768,-3.963886260986328,335.1985168457031
2013,-82.15853118896484,-174.89530479431153,87,111.81232452392578,0.0001,1,a2c_opt2_seed1,5.4458184242248535,151.95310974121094,1.322497844696045,4.444303512573242,343.385498046875
2017,-154.14373779296875,-174.2601512145996,149,430.33551025390625,0.0001,1,a2c_opt2_seed1,-6.600861072540283,624.1957397460938,1.3120909929275513,-4.796364784240723,369.4090881347656
2022,-71.21647644042969,-174.54317756652833,75,400.17840576171875,0.0001,1,a2c_opt2_seed1,-4.369960308074951,577.9271850585938,1.3102203607559204,-1.9029812812805176,196.3575897216797
2026,-180.4268798828125,-166.2423942565918,99,167.91404724121094,0.0001,1,a2c_opt2_seed1,2.73516845703125,235.97076416015625,1.3135159015655518,2.4034903049468994,213.87240600585938
2031,-78.98419189453125,-164.7006086730957,75,76.9051513671875,0.0001,1,a2c_opt2_seed1,4.297970771789551,103.72547912597656,1.309241771697998,3.5937347412109375,269.5144348144531
2035,-101.32110595703125,-166.57091537475586,108,193.1688232421875,0.0001,1,a2c_opt2_seed1,5.995523452758789,267.391357421875,1.3242043256759644,5.268792152404785,394.9224853515625
2038,-69.39569854736328,-165.8860173034668,134,326.65484619140625,0.0001,1,a2c_opt2_seed1,-4.833758354187012,473.55615234375,1.3148285150527954,-3.4766502380371094,255.29994201660156
2041,-57.97774887084961,-154.39564613342284,93,113.86833190917969,0.0001,1,a2c_opt2_seed1,5.774543762207031,154.42063903808594,1.3048574924468994,4.843806743621826,348.86956787109375
2047,-118.37157440185547,-159.20717460632324,85,329.4814453125,0.0001,1,a2c_opt2_seed1,-5.739162445068359,478.8875732421875,1.3176339864730835,-4.495499610900879,305.1056823730469
2050,-105.55323791503906,-149.828404006958,93,215.7670135498047,0.0001,1,a2c_opt2_seed1,-2.5216939449310303,311.8419494628906,1.3161333799362183,-1.0036641359329224,164.15481567382812
2053,-107.91111755371094,-144.47647819519042,93,108.1641616821289,0.0001,1,a2c_opt2_seed1,0.3758845329284668,153.98419189453125,1.305066466331482,0.606292724609375,65.0564956665039
2058,-112.81462097167969,-138.8360816192627,217,228.28982543945312,0.0001,1,a2c_opt2_seed1,11.307499885559082,309.9757080078125,1.3038508892059326,9.212717056274414,765.4983520507812
2061,-216.26446533203125,-135.52904975891113,179,125.74507904052734,0.0001,1,a2c_opt2_seed1,7.353607654571533,169.13160705566406,1.297935128211975,6.2468132972717285,469.9185485839844
2067,-67.90695190429688,-132.45639976501465,131,186.187744140625,0.0001,1,a2c_opt2_seed1,-2.013503074645996,268.85986328125,1.3079137802124023,-1.1579614877700806,139.72149658203125
2070,-136.1332550048828,-135.12866836547852,115,89.1529312133789,0.0001,1,a2c_opt2_seed1,2.84405779838562,123.29933166503906,1.308705449104309,2.675741672515869,204.64183044433594
2076,-325.68096923828125,-130.49684059143067,132,439.3504638671875,0.0001,1,a2c_opt2_seed1,-5.06689977645874,634.8828735351562,1.3061017990112305,-3.136375904083252,334.0669250488281
2081,-38.067527770996094,-129.28335174560547,97,114.45585632324219,0.0001,1,a2c_opt2_seed1,3.5944271087646484,158.37440490722656,1.31089186668396,2.8965632915496826,208.34066772460938
2082,-67.9864501953125,-127.1647445678711,101,74.6749267578125,0.0001,1,a2c_opt2_seed1,2.577174663543701,102.99773406982422,1.3170720338821411,2.2078864574432373,181.5627899169922
2088,-79.15557861328125,-127.41213439941406,128,340.3145446777344,0.0001,1,a2c_opt2_seed1,-6.966073036193848,496.1161193847656,1.3128215074539185,-4.700850963592529,370.3205871582031
2090,-428.0445556640625,-131.65017303466797,173,119.53680419921875,0.0001,1,a2c_opt2_seed1,1.8374502658843994,168.1428680419922,1.2940232753753662,1.7057908773422241,110.8738021850586
2093,-317.59075927734375,-132.93730430603028,143,162.7511444091797,0.0001,1,a2c_opt2_seed1,-1.1423207521438599,234.13446044921875,1.2986747026443481,-0.5810670852661133,85.40006256103516
2097,-131.3733673095703,-127.50793815612793,188,193.9729766845703,0.0001,1,a2c_opt2_seed1,11.012096405029297,261.3736267089844,1.3013638257980347,9.18972110748291,610.0690307617188
2101,-194.24282836914062,-125.94248962402344,107,138.4688720703125,0.0001,1,a2c_opt2_seed1,-1.3483909368515015,199.73988342285156,1.3106571435928345,-0.661482036113739,99.05371856689453
2104,-89.23805236816406,-131.22138061523438,94,213.29397583007812,0.0001,1,a2c_opt2_seed1,-2.5532591342926025,308.3541259765625,1.3152271509170532,-1.7892677783966064,173.03399658203125
2105,-173.20895385742188,-133.4356369781494,128,371.23345947265625,0.0001,1,a2c_opt2_seed1,8.487531661987305,518.20947265625,1.320517659187317,6.770203113555908,420.6337585449219
2109,-318.32220458984375,-138.41941986083984,159,149.92161560058594,0.0001,1,a2c_opt2_seed1,0.8816945552825928,212.9151153564453,1.312631607055664,0.8755980730056763,85.6395492553711
2112,-90.7697982788086,-138.36386352539063,186,144.20263671875,0.0001,1,a2c_opt2_seed1,5.4856977462768555,198.16798400878906,1.3181917667388916,4.7283101081848145,363.7364501953125
2115,-63.79176330566406,-134.85821731567384,133,343.33746337890625,0.0001,1,a2c_opt2_seed1,10.729446411132812,475.1552734375,1.3203935623168945,8.20069694519043,543.6353149414062
2117,-171.58502197265625,-134.2091382598877,110,202.8000946044922,0.0001,1,a2c_opt2_seed1,2.721987724304199,285.8268127441406,1.3269171714782715,1.9672244787216187,143.0537109375
2120,-45.57503890991211,-135.20318603515625,92,116.8494644165039,0.0001,1,a2c_opt2_seed1,-3.096562623977661,171.3524169921875,1.3236430883407593,-2.3052902221679688,228.24453735351562
2122,-408.24737548828125,-142.85401847839356,176,88.60957336425781,0.0001,1,a2c_opt2_seed1,1.1929149627685547,124.88187408447266,1.3157219886779785,0.6867713928222656,96.5235595703125
2125,-281.5003967285156,-150.17317253112793,105,310.6449890136719,0.0001,1,a2c_opt2_seed1,-4.209267616271973,449.7926940917969,1.31159508228302,-3.573183298110962,288.3155822753906
2127,-61.68859100341797,-146.09093994140625,229,90.43099212646484,0.0001,1,a2c_opt2_seed1,3.227191686630249,124.57780456542969,1.3161334991455078,2.721874713897705,187.87167358398438
2130,-152.20803833007812,-144.13883331298828,121,149.38351440429688,0.0001,1,a2c_opt2_seed1,-0.8698593378067017,214.64862060546875,1.3134527206420898,-0.4593386650085449,156.18978881835938
2134,-100.9166030883789,-145.62093559265136,73,123.65827178955078,0.0001,1,a2c_opt2_seed1,7.422486782073975,166.05206298828125,1.311423659324646,6.005531311035156,383.8055725097656
2139,-70.81295013427734,-141.98046745300292,158,147.820068359375,0.0001,1,a2c_opt2_seed1,2.0853257179260254,208.19342041015625,1.3106497526168823,2.302809000015259,211.7308349609375
2141,-64.48538208007812,-135.87841987609863,165,187.66404724121094,0.0001,1,a2c_opt2_seed1,3.9759392738342285,262.41253662109375,1.2986420392990112,2.8211374282836914,242.95443725585938
2146,-223.32168579101562,-134.03594245910645,146,148.29653930664062,0.0001,1,a2c_opt2_seed1,2.693617820739746,208.00509643554688,1.2931766510009766,2.4157981872558594,146.94198608398438
2149,8.452621459960938,-129.83056449890137,124,402.5395202636719,0.0001,1,a2c_opt2_seed1,-4.4434661865234375,581.4051513671875,1.2943050861358643,-2.8508431911468506,238.8850860595703
2153,-183.7349853515625,-137.543681640625,104,501.0811767578125,0.0001,1,a2c_opt2_seed1,-12.208412170410156,733.271728515625,1.2929234504699707,-9.587361335754395,647.9843139648438
2155,-157.50479125976562,-140.75412322998048,117,205.5885009765625,0.0001,1,a2c_opt2_seed1,0.5769134163856506,292.8746032714844,1.2883796691894531,0.43427446484565735,166.87393188476562
2159,-94.2271499633789,-138.63181205749513,93,123.52572631835938,0.0001,1,a2c_opt2_seed1,-6.0841169357299805,185.15785217285156,1.298395037651062,-4.470401287078857,300.6875
2164,-153.2323455810547,-136.54822891235352,109,187.75379943847656,0.0001,1,a2c_opt2_seed1,3.278761148452759,263.53668212890625,1.2760471105575562,3.064337968826294,162.5841064453125
2165,-435.2652587890625,-143.9776988220215,175,286.9791259765625,0.0001,1,a2c_opt2_seed1,-2.7406702041625977,413.8863220214844,1.2747166156768799,-2.1846766471862793,258.4989929199219
2171,-119.16494750976562,-146.19871719360353,174,188.3689422607422,0.0001,1,a2c_opt2_seed1,-2.3261146545410156,272.42242431640625,1.2956266403198242,-1.3066331148147583,85.3792953491211
2173,-78.5802230834961,-139.78830017089842,84,208.31202697753906,0.0001,1,a2c_opt2_seed1,-3.433420181274414,302.4944152832031,1.276453971862793,-2.277583599090576,216.82705688476562
2180,-86.91935729980469,-140.43959381103517,99,283.702880859375,0.0001,1,a2c_opt2_seed1,3.401637077331543,400.4312438964844,1.2590861320495605,3.35863995552063,352.395263671875
2183,-101.08858489990234,-142.98007949829102,95,115.86951446533203,0.0001,1,a2c_opt2_seed1,-2.3595457077026367,168.89956665039062,1.2836593389511108,-1.2534304857254028,84.74427032470703
2187,-111.87321472167969,-151.08362243652343,121,375.6095886230469,0.0001,1,a2c_opt2_seed1,2.123967170715332,533.5518188476562,1.2713768482208252,1.931056022644043,174.33599853515625
2193,-40.7441291809082,-149.70123741149902,94,143.11753845214844,0.0001,1,a2c_opt2_seed1,2.0436882972717285,201.5349884033203,1.2902783155441284,1.7945785522460938,135.671630859375
2197,-26.626327514648438,-148.0837195587158,79,85.19141387939453,0.0001,1,a2c_opt2_seed1,3.8936848640441895,116.14054107666016,1.2944279909133911,3.3751397132873535,214.536376953125
2199,-41.92202377319336,-150.1121160888672,149,135.0349578857422,0.0001,1,a2c_opt2_seed1,-6.455343246459961,202.12991333007812,1.29136323928833,-4.61964225769043,319.1519470214844
2203,-627.6390380859375,-156.1243588256836,147,1366.588134765625,0.0001,1,a2c_opt2_seed1,-24.481220245361328,1987.2427978515625,1.26285719871521,-18.970914840698242,1648.0489501953125
2207,-5.538818359375,-155.45787567138672,84,238.81387329101562,0.0001,1,a2c_opt2_seed1,0.0031294822692871094,341.15911865234375,1.2699551582336426,0.12507200241088867,133.02386474609375
2211,-300.5166015625,-162.02985847473144,133,203.2390594482422,0.0001,1,a2c_opt2_seed1,-5.786390781402588,298.60870361328125,1.279252290725708,-4.254652500152588,364.92449951171875
2213,-184.76971435546875,-159.60546775817872,243,369.4247131347656,0.0001,1,a2c_opt2_seed1,0.14592885971069336,527.5420532226562,1.2844825983047485,1.295440435409546,273.2171630859375
2218,-426.5987548828125,-158.49381698608397,125,605.4210815429688,0.0001,1,a2c_opt2_seed1,2.704561471939087,861.0244750976562,1.2793104648590088,2.6501102447509766,225.08203125
2221,-38.03536605834961,-157.1700009918213,114,114.24547576904297,0.0001,1,a2c_opt2_seed1,1.555351972579956,160.98681640625,1.2996937036514282,1.7196296453475952,124.39167022705078
2226,-162.41159057617188,-163.85246688842773,93,135.76271057128906,0.0001,1,a2c_opt2_seed1,-4.450925827026367,200.30613708496094,1.3022774457931519,-3.213240623474121,238.35096740722656
2228,-90.13887023925781,-160.33820037841798,115,134.7579803466797,0.0001,1,a2c_opt2_seed1,2.541919231414795,188.88101196289062,1.2916004657745361,2.043172836303711,142.50930786132812
2231,-122.22605895996094,-158.82833114624023,168,336.251953125,0.0001,1,a2c_opt2_seed1,9.590288162231445,466.6604309082031,1.2843910455703735,8.203557968139648,613.6607055664062
2235,-68.07218933105469,-158.75233444213868,91,325.3235778808594,0.0001,1,a2c_opt2_seed1,-6.286308288574219,473.7293395996094,1.2915806770324707,-4.625590801239014,429.8221435546875
2237,-42.528751373291016,-154.8546999359131,110,136.28814697265625,0.0001,1,a2c_opt2_seed1,2.063478946685791,191.75047302246094,1.3070619106292725,2.014569044113159,103.85249328613281
2240,-174.61062622070312,-161.74022926330565,108,139.25819396972656,0.0001,1,a2c_opt2_seed1,1.6264795064926147,196.61766052246094,1.294447422027588,1.6777020692825317,112.49101257324219
2244,-180.5054473876953,-160.92357292175294,89,138.98760986328125,0.0001,1,a2c_opt2_seed1,1.8504183292388916,195.91119384765625,1.2948602437973022,1.8732502460479736,132.51283264160156
2248,-101.80256652832031,-161.10820091247558,138,117.49166870117188,0.0001,1,a2c_opt2_seed1,1.7273942232131958,165.37847900390625,1.3096072673797607,1.5536900758743286,83.2155990600586
2249,-79.86969757080078,-161.86715438842774,168,134.75086975097656,0.0001,1,a2c_opt2_seed1,5.449785232543945,184.71678161621094,1.3083550930023193,4.442046642303467,301.7261962890625
2252,-61.566551208496094,-151.82123748779296,108,152.36109924316406,0.0001,1,a2c_opt2_seed1,-2.170577049255371,220.76048278808594,1.304826021194458,-1.4402825832366943,124.39962005615234
2254,-100.44401550292969,-139.77964752197266,88,169.01463317871094,0.0001,1,a2c_opt2_seed1,5.9663190841674805,232.9270782470703,1.2851343154907227,4.8593831062316895,316.982177734375
2258,-30.77972412109375,-139.96616371154786,174,311.3204040527344,0.0001,1,a2c_opt2_seed1,-1.2310833930969238,446.5030212402344,1.2956573963165283,-0.5949691534042358,203.28160095214844
2261,-360.0195617675781,-138.9939328765869,194,306.0191650390625,0.0001,1,a2c_opt2_seed1,-5.667479991912842,445.2675476074219,1.2920660972595215,-4.039392471313477,386.9365539550781
2265,-127.12816619873047,-141.91742141723634,102,220.19764709472656,0.0001,1,a2c_opt2_seed1,5.393408298492432,306.8641357421875,1.2795838117599487,4.669816970825195,345.5928649902344
2268,-42.03977584838867,-128.8665225982666,152,184.25686645507812,0.0001,1,a2c_opt2_seed1,3.722896099090576,257.9065856933594,1.2914478778839111,3.1642863750457764,190.7568817138672
2274,-91.4263916015625,-125.34761688232422,123,271.34259033203125,0.0001,1,a2c_opt2_seed1,-2.9718565940856934,391.8786926269531,1.283707857131958,-2.5329651832580566,262.0072326660156
2276,-56.25636672973633,-125.07322479248047,188,177.17384338378906,0.0001,1,a2c_opt2_seed1,2.8024868965148926,249.10284423828125,1.279398798942566,2.5499250888824463,175.07896423339844
2278,-249.81716918945312,-126.92502059936524,186,253.94305419921875,0.0001,1,a2c_opt2_seed1,-3.417619228363037,367.65899658203125,1.257635474205017,-2.459463596343994,205.7412567138672
2282,-307.63397216796875,-132.99596405029297,131,345.5602111816406,0.0001,1,a2c_opt2_seed1,-8.075072288513184,505.19415283203125,1.2460157871246338,-5.9995436668396,551.434326171875
2285,-66.25273895263672,-132.38620376586914,86,86.42108917236328,0.0001,1,a2c_opt2_seed1,3.496089220046997,118.46519470214844,1.2643674612045288,3.357327699661255,219.12010192871094
2289,-89.6235122680664,-133.48903099060058,178,214.73989868164062,0.0001,1,a2c_opt2_seed1,2.1415624618530273,303.71282958984375,1.2750906944274902,1.4897918701171875,110.6563720703125
2291,-187.9505615234375,-136.43410377502443,157,355.09405517578125,0.0001,1,a2c_opt2_seed1,-13.863164901733398,527.0826416015625,1.268860101699829,-10.706757545471191,671.0906372070312
2293,-121.30802917480469,-138.07333969116212,115,562.0693969726562,0.0001,1,a2c_opt2_seed1,16.30000114440918,779.6714477539062,1.26300847530365,13.385201454162598,886.2301025390625
2298,-277.12078857421875,-139.08578353881836,200,117.46328735351562,0.0001,1,a2c_opt2_seed1,-1.5455853939056396,170.0135955810547,1.2765265703201294,-0.5904828906059265,50.60313034057617
2302,-73.18989562988281,-140.07809562683104,98,140.9407501220703,0.0001,1,a2c_opt2_seed1,1.3626153469085693,199.39825439453125,1.2743622064590454,1.5570746660232544,136.20462036132812
2305,-173.6168670654297,-136.9062522125244,136,157.91062927246094,0.0001,1,a2c_opt2_seed1,-2.34635591506958,228.93948364257812,1.2665977478027344,-1.5750489234924316,145.04580688476562
2310,-541.87109375,-145.38080215454102,134,1033.2020263671875,0.0001,1,a2c_opt2_seed1,-10.00334644317627,1490.294189453125,1.2586287260055542,-7.66602897644043,755.112060546875
2313,-140.65457153320312,-138.12242431640624,118,132.907470703125,0.0001,1,a2c_opt2_seed1,4.764193534851074,183.062744140625,1.2748337984085083,4.061989784240723,283.00628662109375
2316,11.69232177734375,-133.86940673828124,192,345.31182861328125,0.0001,1,a2c_opt2_seed1,-2.183994770050049,496.42352294921875,1.271086573600769,-0.7597405910491943,83.1086196899414
2319,-233.64724731445312,-144.3350846862793,142,296.0405578613281,0.0001,1,a2c_opt2_seed1,4.262945175170898,416.8260803222656,1.2605535984039307,4.027416229248047,297.88226318359375
2324,-79.92378997802734,-145.56280891418456,204,290.8597412109375,0.0001,1,a2c_opt2_seed1,-7.217000961303711,425.8248596191406,1.2794057130813599,-4.684345722198486,295.32769775390625
2328,-220.08047485351562,-143.6515170288086,137,108.65689086914062,0.0001,1,a2c_opt2_seed1,-0.18294879794120789,155.48638916015625,1.2739150524139404,0.41522103548049927,49.818145751953125
2330,-78.68103790283203,-142.859030380249,154,249.87049865722656,0.0001,1,a2c_opt2_seed1,8.818371772766113,344.361083984375,1.2520511150360107,7.875755786895752,512.67919921875
2336,-72.90005493164062,-128.04232124328612,139,142.52166748046875,0.0001,1,a2c_opt2_seed1,-0.8572285175323486,204.82789611816406,1.2739523649215698,-0.3616865873336792,61.14229965209961
2337,-116.33326721191406,-127.6918985748291,92,86.38069152832031,0.0001,1,a2c_opt2_seed1,-3.780261993408203,128.80226135253906,1.2501028776168823,-2.732872247695923,187.11976623535156
2343,-299.4105224609375,-129.80163261413574,128,596.3280639648438,0.0001,1,a2c_opt2_seed1,-5.191168785095215,859.3140869140625,1.2458617687225342,-4.1105122566223145,341.6027526855469
2346,-59.088096618652344,-133.8329273223877,74,220.4018096923828,0.0001,1,a2c_opt2_seed1,-4.1258955001831055,320.7547912597656,1.2783799171447754,-2.9576773643493652,209.55360412597656
2348,-17.696853637695312,-127.75439750671387,129,127.56697845458984,0.0001,1,a2c_opt2_seed1,2.0358872413635254,179.33102416992188,1.251819133758545,2.354361057281494,150.99049377441406
2350,-248.32676696777344,-129.18940536499022,180,125.14332580566406,0.0001,1,a2c_opt2_seed1,3.1846060752868652,174.22763061523438,1.2530829906463623,2.8960282802581787,182.09678649902344
2355,-402.53656005859375,-133.0342070007324,254,408.1151123046875,0.0001,1,a2c_opt2_seed1,6.307012557983398,574.012451171875,1.2501682043075562,5.352012634277344,353.53924560546875
2358,-258.86859130859375,-134.01072372436522,151,315.9546203613281,0.0001,1,a2c_opt2_seed1,-6.7124857902526855,460.95391845703125,1.2348403930664062,-5.091803550720215,412.0870361328125
2363,-179.63858032226562,-133.17376205444336,171,136.12051391601562,0.0001,1,a2c_opt2_seed1,-5.589857578277588,202.4442901611328,1.2377504110336304,-3.9742136001586914,201.082275390625
2366,-2.9343948364257812,-136.36126632690429,154,222.45225524902344,0.0001,1,a2c_opt2_seed1,-2.251859188079834,321.00677490234375,1.260456919670105,-1.8578081130981445,159.65728759765625
2370,-303.4853515625,-133.84593391418457,126,661.307861328125,0.0001,1,a2c_opt2_seed1,-23.72500228881836,978.6192626953125,1.2315648794174194,-17.786640167236328,1454.0716552734375
2373,-281.26104736328125,-145.44069313049317,146,94.86316680908203,0.0001,1,a2c_opt2_seed1,1.8432832956314087,132.8864288330078,1.2302190065383911,1.8945931196212769,133.56739807128906
2376,-64.68621826171875,-148.76351570129395,161,339.88348388671875,0.0001,1,a2c_opt2_seed1,6.514077663421631,476.242919921875,1.2487623691558838,5.790456295013428,316.5411682128906
2381,-71.17044067382812,-147.04962860107423,125,91.29652404785156,0.0001,1,a2c_opt2_seed1,2.024186372756958,127.53282165527344,1.2703120708465576,1.9356167316436768,137.83848571777344
2382,-237.73060607910156,-151.32253295898437,117,263.3210754394531,0.0001,1,a2c_opt2_seed1,-3.4564523696899414,381.1116638183594,1.253514289855957,-1.8876235485076904,185.91409301757812
2387,-240.03321838378906,-156.45635749816896,189,346.9627990722656,0.0001,1,a2c_opt2_seed1,-0.2976175844669342,496.0871887207031,1.2402409315109253,0.7001745104789734,166.67013549804688
2388,-52.39213180541992,-155.03442321777345,103,479.29022216796875,0.0001,1,a2c_opt2_seed1,-11.191468238830566,700.6890258789062,1.2508702278137207,-8.257841110229492,554.8414916992188
2392,-180.08786010742188,-162.5857669067383,127,430.8183288574219,0.0001,1,a2c_opt2_seed1,-2.968824863433838,619.69677734375,1.2475497722625732,-2.9219977855682373,417.8722839355469
2394,-189.8242645263672,-161.4925732421875,113,123.90950012207031,0.0001,1,a2c_opt2_seed1,-6.051421165466309,185.65936279296875,1.2490222454071045,-4.425950050354004,291.7273864746094
2398,-233.06272888183594,-169.0808911895752,156,116.43592071533203,0.0001,1,a2c_opt2_seed1,-0.864116907119751,167.5723876953125,1.2479108572006226,0.08513021469116211,127.1816635131836
2398,-233.06272888183594,-169.0808911895752,156,396.0120544433594,0.0001,1,a2c_opt2_seed1,12.138806343078613,548.3912963867188,1.2523514032363892,10.812516212463379,638.7396240234375
2403,-181.523193359375,-179.20569320678712,232,678.3687133789062,0.0001,1,a2c_opt2_seed1,-11.586555480957031,985.6512451171875,1.2753242254257202,-11.50219440460205,902.0317993164062
2404,-313.6887512207031,-183.4389584350586,160,73.44525146484375,0.0001,1,a2c_opt2_seed1,2.518144130706787,101.32535552978516,1.2806404829025269,2.288961410522461,112.57382202148438
2406,-70.04360961914062,-177.00677703857423,151,84.64730834960938,0.0001,1,a2c_opt2_seed1,1.693434715270996,118.50645446777344,1.274611234664917,1.579576015472412,81.40338897705078
2409,-424.836669921875,-184.14905960083007,206,405.0320129394531,0.0001,1,a2c_opt2_seed1,-3.5708858966827393,583.7193603515625,1.2776387929916382,-3.3750827312469482,359.44085693359375
2410,-249.18202209472656,-183.20393295288085,226,317.532470703125,0.0001,1,a2c_opt2_seed1,9.637271881103516,439.8512268066406,1.2654364109039307,8.138347625732422,466.0278015136719
2415,-157.72052001953125,-172.95794860839842,216,100.83253479003906,0.0001,1,a2c_opt2_seed1,1.1505502462387085,142.40374755859375,1.2847809791564941,1.0267362594604492,71.58617401123047
2415,-157.72052001953125,-172.95794860839842,216,104.1268539428711,0.0001,1,a2c_opt2_seed1,5.339109897613525,141.1262664794922,1.283884882926941,4.647521495819092,250.74610900878906
2420,-180.47177124023438,-165.7290294647217,151,118.7265853881836,0.0001,1,a2c_opt2_seed1,0.7889910936355591,168.48318481445312,1.2703579664230347,1.2539794445037842,83.6087646484375
2421,-7.791297912597656,-163.63122352600098,105,203.37428283691406,0.0001,1,a2c_opt2_seed1,1.748471736907959,288.03778076171875,1.2789226770401,1.6081299781799316,126.62060546875
2425,-207.95394897460938,-150.04151657104492,175,299.54339599609375,0.0001,1,a2c_opt2_seed1,11.317826271057129,411.751708984375,1.2775769233703613,9.415263175964355,526.8259887695312
2427,-41.23243713378906,-149.63480506896974,100,104.64899444580078,0.0001,1,a2c_opt2_seed1,-1.028806447982788,150.9691925048828,1.271559715270996,-0.1055576503276825,71.297607421875
2428,-232.61581420898438,-154.01777122497558,111,236.3401641845703,0.0001,1,a2c_opt2_seed1,0.5532351732254028,336.83935546875,1.2620786428451538,0.8829708099365234,110.61544036865234
2435,-113.69503021240234,-147.86013973236084,122,231.60235595703125,0.0001,1,a2c_opt2_seed1,-2.8193676471710205,334.8890686035156,1.24661386013031,-2.147446393966675,134.6397247314453
2436,-90.60052490234375,-147.86466976165772,121,75.58790588378906,0.0001,1,a2c_opt2_seed1,-4.523167610168457,114.44528198242188,1.230040431022644,-3.233501434326172,224.4246063232422
2439,-23.284820556640625,-139.85927791595458,123,291.5063171386719,0.0001,1,a2c_opt2_seed1,10.650638580322266,401.2232666015625,1.2075526714324951,9.19289493560791,671.9522094726562
2442,-116.40471649169922,-128.81419887542725,126,363.8650207519531,0.0001,1,a2c_opt2_seed1,-2.24412202835083,523.013916015625,1.2033659219741821,-1.4663975238800049,308.1244812011719
2446,-503.6479187011719,-140.82141498565673,279,475.9548034667969,0.0001,1,a2c_opt2_seed1,-3.461603879928589,684.8814086914062,1.1901119947433472,-2.1519341468811035,363.00634765625
2450,-189.18692016601562,-138.6394047164917,104,208.4000244140625,0.0001,1,a2c_opt2_seed1,-4.580163955688477,304.25830078125,1.213355302810669,-2.359971761703491,215.72105407714844
2453,-53.58426284790039,-128.29195041656493,111,182.21401977539062,0.0001,1,a2c_opt2_seed1,5.452558517456055,252.51724243164062,1.2152811288833618,4.8454508781433105,294.5714416503906
2460,-79.60944366455078,-114.78509204864503,164,262.9991149902344,0.0001,1,a2c_opt2_seed1,-0.6207311153411865,376.60064697265625,1.218624472618103,0.06239664554595947,115.11530303955078
2463,-50.202728271484375,-114.29477176666259,142,336.39776611328125,0.0001,1,a2c_opt2_seed1,3.2469558715820312,475.93060302734375,1.2388584613800049,2.8923654556274414,264.5926208496094
2464,30.615234375,-113.74271030426026,113,73.0373764038086,0.0001,1,a2c_opt2_seed1,-0.7522826194763184,105.41466522216797,1.2218512296676636,-0.25546741485595703,70.095947265625
2469,-168.0718994140625,-122.39510395050048,215,245.42669677734375,0.0001,1,a2c_opt2_seed1,-3.352750539779663,355.40008544921875,1.2184498310089111,-1.638075351715088,156.0574188232422
2471,-157.17352294921875,-124.21336078643799,170,168.25645446777344,0.0001,1,a2c_opt2_seed1,6.756098747253418,230.71566772460938,1.219298243522644,6.108911037445068,348.2375183105469
2474,-105.9721450805664,-124.2211347579956,99,200.3555145263672,0.0001,1,a2c_opt2_seed1,5.388185977935791,278.525634765625,1.2317240238189697,5.359269142150879,323.5523681640625
2480,-411.9994201660156,-125.58172161102294,376,409.95281982421875,0.0001,1,a2c_opt2_seed1,-9.11124038696289,598.663818359375,1.2225171327590942,-6.971419334411621,461.0065002441406
2484,-21.450767517089844,-123.2494367980957,91,90.48777770996094,0.0001,1,a2c_opt2_seed1,0.8463332653045654,128.06008911132812,1.2321439981460571,1.1376105546951294,90.16378784179688
2486,-73.44668579101562,-120.972451171875,138,82.71703338623047,0.0001,1,a2c_opt2_seed1,2.1273601055145264,115.12899780273438,1.2316087484359741,2.413019895553589,145.1327667236328
2488,-16.411880493164062,-118.79293464660644,155,324.52288818359375,0.0001,1,a2c_opt2_seed1,-4.519954681396484,470.0621032714844,1.2035481929779053,-3.8316738605499268,330.3980712890625
2493,-60.69467544555664,-122.92472091674804,152,245.5261993408203,0.0001,1,a2c_opt2_seed1,2.422323226928711,347.2921142578125,1.191383957862854,2.1910531520843506,155.74130249023438
2495,-22.420982360839844,-120.56494064331055,141,196.97315979003906,0.0001,1,a2c_opt2_seed1,3.1369786262512207,276.9096984863281,1.2181785106658936,3.22908878326416,234.8463897705078
2500,-402.547119140625,-116.96560638427735,303,325.1866149902344,0.0001,1,a2c_opt2_seed1,-15.52637767791748,486.73370361328125,1.2244395017623901,-12.005081176757812,768.1788940429688
2501,-139.99307250976562,-116.64764862060547,142,180.75205993652344,0.0001,1,a2c_opt2_seed1,1.963595986366272,255.41297912597656,1.2190799713134766,2.2676968574523926,187.09329223632812
2505,-155.93295288085938,-121.66549812316894,204,107.87281036376953,0.0001,1,a2c_opt2_seed1,0.40132081508636475,153.5315704345703,1.2222785949707031,0.6599195599555969,49.58526611328125
2508,-84.48652648925781,-123.72576103210449,132,263.1143493652344,0.0001,1,a2c_opt2_seed1,-6.620739936828613,385.3367004394531,1.2085572481155396,-4.358632564544678,305.4538269042969
2509,-387.4669494628906,-129.89174476623535,270,341.97747802734375,0.0001,1,a2c_opt2_seed1,0.4582493305206299,487.885498046875,1.214789628982544,-0.13408756256103516,176.99136352539062
2515,-17.902381896972656,-136.8392891693115,116,328.9075927734375,0.0001,1,a2c_opt2_seed1,-3.971376419067383,475.5422668457031,1.2275153398513794,-2.4871931076049805,234.61880493164062
2517,-35.16822052001953,-136.1147553253174,98,99.40826416015625,0.0001,1,a2c_opt2_seed1,-2.5905303955078125,145.71343994140625,1.2221424579620361,-1.865657091140747,124.8152084350586
2519,-25.638702392578125,-129.84879417419432,168,315.0443115234375,0.0001,1,a2c_opt2_seed1,-1.6704531908035278,452.45050048828125,1.1813523769378662,-1.229404091835022,146.60409545898438
2521,-280.4859924316406,-136.28047065734864,117,360.37646484375,0.0001,1,a2c_opt2_seed1,-9.55732536315918,528.4776611328125,1.15652334690094,-7.110743045806885,600.91455078125
2523,-97.65300750732422,-147.715219039917,160,226.78443908691406,0.0001,1,a2c_opt2_seed1,-1.1969537734985352,325.68853759765625,1.1578633785247803,-1.8682780265808105,431.0312194824219
2527,-689.6971435546875,-166.67322471618652,382,369.3752136230469,0.0001,1,a2c_opt2_seed1,-0.189713716506958,527.9508056640625,1.1989256143569946,0.38955819606781006,84.74522399902344
2529,-235.16664123535156,-169.44322334289552,128,313.808837890625,0.0001,1,a2c_opt2_seed1,-4.695778846740723,455.0074462890625,1.1924329996109009,-3.937328815460205,325.3870849609375
2536,-51.13016891479492,-170.003263092041,103,265.2366027832031,0.0001,1,a2c_opt2_seed1,3.831997871398926,373.43603515625,1.199308156967163,4.427281856536865,363.7472839355469
2537,-72.0292739868164,-169.69726928710938,172,117.13448333740234,0.0001,1,a2c_opt2_seed1,7.368041515350342,156.81007385253906,1.220524787902832,6.501318454742432,357.6383361816406
2543,-218.3808135986328,-162.27434829711913,122,193.2113494873047,0.0001,1,a2c_opt2_seed1,-12.399006843566895,293.7299499511719,1.2233930826187134,-9.6359281539917,533.3888549804688
2544,-163.6253662109375,-163.5039517211914,198,203.20172119140625,0.0001,1,a2c_opt2_seed1,-4.473940849304199,296.68035888671875,1.1855911016464233,-3.266270637512207,184.659912109375
2548,-216.27935791015625,-170.47241928100587,159,144.3629150390625,0.0001,1,a2c_opt2_seed1,-4.946688652038574,213.30029296875,1.1983494758605957,-4.105406761169434,249.79908752441406
2550,-319.1239013671875,-169.17007369995116,145,280.7285461425781,0.0001,1,a2c_opt2_seed1,-7.117947101593018,411.2101745605469,1.1911625862121582,-5.233945846557617,434.1012268066406
2553,-402.3066711425781,-171.7845022583008,249,147.90419006347656,0.0001,1,a2c_opt2_seed1,2.0577497482299805,208.3529052734375,1.1866306066513062,1.6166508197784424,147.78285217285156
2555,-120.2734603881836,-173.87603424072265,213,193.53932189941406,0.0001,1,a2c_opt2_seed1,-1.0611188411712646,278.0014953613281,1.2318037748336792,-0.11760079860687256,53.683326721191406
2558,-104.65299987792969,-175.12251861572267,284,622.5740356445312,0.0001,1,a2c_opt2_seed1,-9.997878074645996,903.675048828125,1.1974866390228271,-7.798717975616455,469.6708068847656
2562,-281.4587097167969,-178.41921463012696,209,176.0133514404297,0.0001,1,a2c_opt2_seed1,-1.7454556226730347,253.94203186035156,1.224504828453064,-0.9399405717849731,114.73355102539062
2563,-308.59320068359375,-178.5773945617676,204,302.94696044921875,0.0001,1,a2c_opt2_seed1,-12.92085075378418,451.2406005859375,1.210580587387085,-9.945331573486328,592.9505004882812
2567,-221.7245635986328,-188.06165168762206,177,132.3446502685547,0.0001,1,a2c_opt2_seed1,-0.5240458250045776,189.81329345703125,1.2066211700439453,0.11320430040359497,92.75454711914062
2571,-65.29805755615234,-187.56673530578612,94,206.02316284179688,0.0001,1,a2c_opt2_seed1,-1.8937575817108154,297.0250244140625,1.2018160820007324,-1.4787629842758179,138.32872009277344
2572,-87.84126281738281,-177.42056129455565,109,184.12913513183594,0.0001,1,a2c_opt2_seed1,-2.265695095062256,266.2792053222656,1.2090845108032227,-1.4948267936706543,139.8151092529297
2575,-45.06380844116211,-179.0103321838379,162,285.3675842285156,0.0001,1,a2c_opt2_seed1,6.7503767013549805,398.0254211425781,1.1806833744049072,5.807193756103516,351.1068420410156
2579,-211.12147521972656,-172.06972396850585,325,408.07965087890625,0.0001,1,a2c_opt2_seed1,-12.33575439453125,600.5942993164062,1.2054985761642456,-10.44118595123291,756.6969604492188
2583,-108.60810852050781,-169.07707984924318,95,119.43904876708984,0.0001,1,a2c_opt2_seed1,-1.009567141532898,172.0703125,1.205798864364624,-0.22505129873752594,94.1946029663086
2585,-97.90980529785156,-170.72089195251465,109,155.3040771484375,0.0001,1,a2c_opt2_seed1,2.276042938232422,218.61233520507812,1.18204927444458,2.8622827529907227,198.64163208007812
2590,-299.97113037109375,-180.87896255493163,197,313.28204345703125,0.0001,1,a2c_opt2_seed1,2.8251707553863525,443.5107116699219,1.1982076168060303,2.9733548164367676,244.8289031982422
2595,-61.94395446777344,-172.73302116394044,109,135.61282348632812,0.0001,1,a2c_opt2_seed1,-7.969209671020508,205.11807250976562,1.233514428138733,-5.556456565856934,311.4084167480469
2597,-276.99554443359375,-176.47346382141114,135,128.17385864257812,0.0001,1,a2c_opt2_seed1,1.36298668384552,181.15927124023438,1.2092533111572266,1.5746748447418213,90.82219696044922
2597,-276.99554443359375,-176.47346382141114,135,314.8539123535156,0.0001,1,a2c_opt2_seed1,5.933353900909424,441.3159484863281,1.2091317176818848,6.534595966339111,331.6876525878906
2603,-65.7409439086914,-160.40487167358398,155,162.99948120117188,0.0001,1,a2c_opt2_seed1,-3.1046245098114014,237.29246520996094,1.2266372442245483,-2.4055140018463135,115.20486450195312
2604,-322.2606201171875,-161.9409324645996,264,405.7186584472656,0.0001,1,a2c_opt2_seed1,-7.080175876617432,589.7135009765625,1.224554419517517,-4.8751139640808105,330.20263671875
2607,-30.23186492919922,-152.6939453125,159,225.6417236328125,0.0001,1,a2c_opt2_seed1,4.001932144165039,316.6291198730469,1.1994335651397705,2.434605598449707,191.14224243164062
2610,-31.054962158203125,-150.78978942871095,230,279.1761474609375,0.0001,1,a2c_opt2_seed1,-9.050061225891113,411.7525939941406,1.2168517112731934,-7.1653971672058105,529.941650390625
2612,-324.4062805175781,-150.4532080078125,175,249.33091735839844,0.0001,1,a2c_opt2_seed1,0.3728142976760864,355.6552429199219,1.133894920349121,1.4617335796356201,183.43344116210938
2615,-311.855224609375,-157.62735618591307,190,199.96485900878906,0.0001,1,a2c_opt2_seed1,-9.572199821472168,299.3395080566406,1.1798056364059448,-7.937213897705078,432.9548645019531
2620,-63.42136001586914,-152.0555693054199,120,613.0714111328125,0.0001,1,a2c_opt2_seed1,-1.379279613494873,877.78759765625,1.1788333654403687,-0.4599342346191406,280.6500244140625
2621,-284.1968994140625,-156.43354614257814,156,309.24151611328125,0.0001,1,a2c_opt2_seed1,6.708554744720459,432.1907958984375,1.1782981157302856,5.880677223205566,486.95147705078125
2625,-80.5273666381836,-155.13083793640138,145,85.62579345703125,0.0001,1,a2c_opt2_seed1,-1.4226162433624268,124.3557357788086,1.209564447402954,-0.3924354314804077,65.01121520996094
2628,-361.8078308105469,-152.65907508850097,271,438.71392822265625,0.0001,1,a2c_opt2_seed1,-13.24877643585205,645.661865234375,1.169865608215332,-11.007987976074219,783.849365234375
2631,-54.466670989990234,-150.76392990112305,98,460.1309509277344,0.0001,1,a2c_opt2_seed1,1.3169631958007812,655.4494018554688,1.1688461303710938,1.2761421203613281,227.88168334960938
2635,-74.16875457763672,-158.4249062347412,96,352.1898498535156,0.0001,1,a2c_opt2_seed1,-0.8133492469787598,504.2911376953125,1.1750506162643433,0.5129201412200928,133.58355712890625
2637,-283.7044982910156,-159.69093635559082,182,315.8329162597656,0.0001,1,a2c_opt2_seed1,-0.2413022518157959,451.5354919433594,1.2092065811157227,0.22699737548828125,133.1895751953125
2641,-105.74177551269531,-156.814058303833,152,204.23345947265625,0.0001,1,a2c_opt2_seed1,-0.5824437141418457,292.5950012207031,1.1775572299957275,0.055484771728515625,141.42300415039062
2643,-207.537353515625,-166.09085746765138,114,246.98159790039062,0.0001,1,a2c_opt2_seed1,-1.841044545173645,355.4617614746094,1.1685805320739746,-1.4575765132904053,164.67715454101562
2648,-262.58984375,-168.75311798095703,255,141.2405548095703,0.0001,1,a2c_opt2_seed1,6.659047603607178,192.26016235351562,1.199254035949707,6.048641204833984,353.84381103515625
2651,-74.90267181396484,-159.68880241394044,93,86.06267547607422,0.0001,1,a2c_opt2_seed1,-0.9414159059524536,124.29243469238281,1.2250205278396606,-0.32243919372558594,48.030643463134766
2655,-40.38857650756836,-161.5064151763916,91,267.737548828125,0.0001,1,a2c_opt2_seed1,-1.9189836978912354,385.2244873046875,1.2080544233322144,-1.387317180633545,144.8301239013672
2657,-31.14038848876953,-162.8580181121826,236,179.05929565429688,0.0001,1,a2c_opt2_seed1,3.732464551925659,250.4677734375,1.2173683643341064,3.926990032196045,207.67433166503906
2661,-288.54998779296875,-161.2550969696045,200,367.4685974121094,0.0001,1,a2c_opt2_seed1,1.0000529289245605,523.52734375,1.2183961868286133,1.6445002555847168,198.67030334472656
2663,-117.10209655761719,-151.76476692199708,116,231.66781616210938,0.0001,1,a2c_opt2_seed1,-0.8275798559188843,332.13714599609375,1.233227014541626,0.3019235134124756,89.01828002929688
2663,-117.10209655761719,-151.76476692199708,116,104.9893798828125,0.0001,1,a2c_opt2_seed1,0.8004958629608154,148.84213256835938,1.2195600271224976,1.032544493675232,75.57118225097656
2668,-12.286506652832031,-145.02917579650878,199,515.6289672851562,0.0001,1,a2c_opt2_seed1,-6.927175045013428,746.5097045898438,1.2021082639694214,-6.8194580078125,616.9442138671875
2670,-18.15393829345703,-154.09642852783202,118,201.64907836914062,0.0001,1,a2c_opt2_seed1,3.4948554039001465,283.0783386230469,1.2169885635375977,2.801370620727539,120.3983154296875
2673,-19.784957885742188,-146.55556060791017,132,116.3740005493164,0.0001,1,a2c_opt2_seed1,4.716756820678711,159.51123046875,1.233553171157837,3.6334240436553955,199.40048217773438
2676,-261.27239990234375,-150.05606353759765,225,269.2268371582031,0.0001,1,a2c_opt2_seed1,-10.697901725769043,399.89337158203125,1.2177026271820068,-8.703123092651367,506.4021301269531
2678,-37.353092193603516,-148.14434394836425,135,177.9345245361328,0.0001,1,a2c_opt2_seed1,4.793529033660889,247.3451385498047,1.219497799873352,4.467222690582275,229.0897216796875
2680,-92.1566390991211,-145.42322227478027,171,102.16439056396484,0.0001,1,a2c_opt2_seed1,1.8998279571533203,143.2359619140625,1.220141053199768,1.6861956119537354,104.42736053466797
2684,-196.20697021484375,-142.64038734436036,167,249.44100952148438,0.0001,1,a2c_opt2_seed1,-6.500326156616211,365.63134765625,1.2101149559020996,-4.852429389953613,338.59368896484375
2686,-169.82498168945312,-146.51945106506346,158,208.37335205078125,0.0001,1,a2c_opt2_seed1,9.066021919250488,284.7256164550781,1.2038177251815796,7.803006649017334,523.4774780273438
2687,-73.166748046875,-142.30869606018067,114,297.3236999511719,0.0001,1,a2c_opt2_seed1,1.22273850440979,423.00225830078125,1.2004380226135254,0.8227400183677673,215.035400390625
2692,-47.619842529296875,-138.5793920135498,153,174.56602478027344,0.0001,1,a2c_opt2_seed1,3.1606123447418213,244.86575317382812,1.2231786251068115,3.6220221519470215,247.4167022705078
2693,-29.616233825683594,-135.02096961975099,109,265.8277587890625,0.0001,1,a2c_opt2_seed1,-2.93595290184021,383.9490051269531,1.2209124565124512,-1.37766432762146,264.104248046875
2698,-20.07598114013672,-131.48677534103393,158,247.37069702148438,0.0001,1,a2c_opt2_seed1,6.0713043212890625,344.7142639160156,1.2015494108200073,6.5163068771362305,406.8319396972656
2703,-16.66429901123047,-134.73386602401735,95,283.9957580566406,0.0001,1,a2c_opt2_seed1,-2.28665828704834,408.97576904296875,1.2048851251602173,-1.3156845569610596,170.73716735839844
2706,-33.593894958496094,-133.96999586105346,149,191.20370483398438,0.0001,1,a2c_opt2_seed1,2.675093412399292,269.32745361328125,1.2254379987716675,2.5023796558380127,154.17933654785156
2707,-41.185420989990234,-134.17089651107787,160,217.99464416503906,0.0001,1,a2c_opt2_seed1,10.823091506958008,295.9602355957031,1.2057697772979736,9.766531944274902,505.3419494628906
2712,-112.11797332763672,-133.0688600730896,201,247.26437377929688,0.0001,1,a2c_opt2_seed1,-4.677404403686523,359.91766357421875,1.2042654752731323,-3.473803997039795,320.3739013671875
2716,-250.42425537109375,-123.94944402694702,222,207.419921875,0.0001,1,a2c_opt2_seed1,1.8935794830322266,293.60992431640625,1.2213207483291626,1.9785932302474976,135.09779357910156
2716,-250.42425537109375,-123.94944402694702,222,171.1973114013672,0.0001,1,a2c_opt2_seed1,8.32142162322998,232.68067932128906,1.1999688148498535,7.214442253112793,413.8977355957031
2721,-78.00679016113281,-111.2030658531189,151,178.70599365234375,0.0001,1,a2c_opt2_seed1,3.982138156890869,249.60638427734375,1.2065688371658325,4.3095011711120605,262.25274658203125
2723,-213.79287719726562,-114.10429738998413,235,93.96285247802734,0.0001,1,a2c_opt2_seed1,4.472718238830566,127.84391784667969,1.2014522552490234,3.710101842880249,209.0086212158203
2727,-22.86455535888672,-106.334413356781,154,78.04420471191406,0.0001,1,a2c_opt2_seed1,-1.6974374055862427,113.91751098632812,1.2208657264709473,-0.7203261852264404,42.75068283081055
2729,-72.51558685302734,-105.13177640914917,152,288.2818908691406,0.0001,1,a2c_opt2_seed1,4.092137336730957,405.9862365722656,1.2040200233459473,3.6659207344055176,222.09812927246094
2732,-299.29681396484375,-107.62340055465698,174,265.73956298828125,0.0001,1,a2c_opt2_seed1,-6.784835338592529,389.3214111328125,1.2143102884292603,-5.24655294418335,338.791748046875
2735,-158.34030151367188,-104.49253286361694,98,155.22398376464844,0.0001,1,a2c_opt2_seed1,-3.318967819213867,226.49081420898438,1.2061301469802856,-1.7170706987380981,126.11360931396484
2739,-181.18515014648438,-100.43046941757203,221,163.57940673828125,0.0001,1,a2c_opt2_seed1,5.323636054992676,226.08053588867188,1.2143254280090332,4.454071998596191,254.99696350097656
2741,-9.473793029785156,-99.2600880241394,159,127.82440948486328,0.0001,1,a2c_opt2_seed1,1.4315733909606934,180.56207275390625,1.2239900827407837,1.8879311084747314,108.222412109375
2745,-31.343582153320312,-93.98110876083373,127,160.11578369140625,0.0001,1,a2c_opt2_seed1,1.7164896726608276,226.2855682373047,1.2277120351791382,1.937079906463623,147.79696655273438
2746,-224.9365234375,-96.17751256942749,196,135.9987030029297,0.0001,1,a2c_opt2_seed1,0.12807878851890564,194.10174560546875,1.198230504989624,0.6091339588165283,138.84481811523438
2748,-66.02838897705078,-101.44626007080078,150,177.81808471679688,0.0001,1,a2c_opt2_seed1,7.336043834686279,243.546630859375,1.184350848197937,7.12917423248291,389.4898376464844
2750,-60.45899200439453,-94.52125457763673,198,231.40557861328125,0.0001,1,a2c_opt2_seed1,5.3427205085754395,322.9477844238281,1.2052632570266724,4.099361419677734,241.0205535888672
2754,-19.52942657470703,-97.67269035339355,291,215.54135131835938,0.0001,1,a2c_opt2_seed1,6.206491470336914,299.0506591796875,1.2099156379699707,6.471800327301025,338.7385559082031
2757,-49.108150482177734,-102.97632545471191,191,262.56854248046875,0.0001,1,a2c_opt2_seed1,-4.901754379272461,382.101318359375,1.192967176437378,-3.770200490951538,258.60101318359375
2761,3.65826416015625,-99.6447110748291,180,431.6307067871094,0.0001,1,a2c_opt2_seed1,-2.417285442352295,620.0694580078125,1.1976326704025269,-2.275806427001953,292.85955810546875
2763,40.43064880371094,-105.07467216491699,105,131.74855041503906,0.0001,1,a2c_opt2_seed1,5.468730449676514,180.40061950683594,1.2154127359390259,5.0475873947143555,272.75054931640625
2766,-148.03790283203125,-108.92557182312012,146,247.97019958496094,0.0001,1,a2c_opt2_seed1,-1.6755712032318115,356.6376647949219,1.198451042175293,-1.3305778503417969,188.92579650878906
2771,-73.3030776977539,-109.95403594970703,179,428.9373779296875,0.0001,1,a2c_opt2_seed1,2.6705222129821777,608.9534912109375,1.1844477653503418,3.725998640060425,355.0257263183594
2773,-30.1763916015625,-106.29055419921875,136,109.18264770507812,0.0001,1,a2c_opt2_seed1,1.6109395027160645,153.6747283935547,1.1988089084625244,2.2811648845672607,131.7709503173828
2777,-49.514678955078125,-108.63955940246582,118,287.9229736328125,0.0001,1,a2c_opt2_seed1,0.7270870208740234,410.2807312011719,1.2000664472579956,0.47081077098846436,147.1893310546875
2781,-6.507904052734375,-105.17441383361816,100,171.49757385253906,0.0001,1,a2c_opt2_seed1,-0.7044994831085205,246.0038299560547,1.208091378211975,0.01791098713874817,71.6851806640625
2785,-184.70819091796875,-99.27980979919434,190,242.1005401611328,0.0001,1,a2c_opt2_seed1,4.30923318862915,339.7027282714844,1.2050739526748657,4.262146472930908,230.83392333984375
2786,-57.283329010009766,-97.87812316894531,109,223.27886962890625,0.0001,1,a2c_opt2_seed1,-4.601377487182617,325.5440673828125,1.2029626369476318,-2.919095993041992,189.09890747070312
2793,-35.230674743652344,-102.55935478210449,117,320.60455322265625,0.0001,1,a2c_opt2_seed1,-5.330799579620361,465.6228332519531,1.2121256589889526,-4.232641220092773,290.5833435058594
2795,-62.727294921875,-102.39723335266113,129,57.63664627075195,0.0001,1,a2c_opt2_seed1,0.5686091184616089,81.52664184570312,1.2218265533447266,0.96816086769104,57.20660400390625
2796,-40.2725944519043,-98.70395477294922,129,172.94859313964844,0.0001,1,a2c_opt2_seed1,1.677842140197754,244.67335510253906,1.1867573261260986,2.3293566703796387,118.6005859375
2801,-274.4420166015625,-99.80018280029297,237,199.7306365966797,0.0001,1,a2c_opt2_seed1,1.148045539855957,283.6902770996094,1.1894922256469727,1.7274833917617798,140.59384155273438
2803,-283.45709228515625,-102.79136474609375,220,109.57463073730469,0.0001,1,a2c_opt2_seed1,0.8231862783432007,155.36007690429688,1.222874402999878,1.0550042390823364,56.50083923339844
2805,-48.68701934814453,-98.160791015625,156,122.4325180053711,0.0001,1,a2c_opt2_seed1,-1.2377564907073975,176.6726837158203,1.208984613418579,-0.31934571266174316,90.64408874511719
2808,-28.09112548828125,-104.96303855895997,196,752.1294555664062,0.0001,1,a2c_opt2_seed1,-13.082635879516602,1093.1610107421875,1.186408281326294,-10.06688404083252,694.4376831054688
2810,-292.2325134277344,-111.41541023254395,210,187.39688110351562,0.0001,1,a2c_opt2_seed1,-2.3190698623657227,271.023681640625,1.205603837966919,-1.5856701135635376,161.99053955078125
2811,-68.31857299804688,-112.854946975708,192,321.656982421875,0.0001,1,a2c_opt2_seed1,2.537703514099121,455.8855285644531,1.1748100519180298,2.878349542617798,231.92404174804688
2816,-232.2527313232422,-113.02813789367676,353,304.4263000488281,0.0001,1,a2c_opt2_seed1,-5.143252372741699,442.2430725097656,1.2038496732711792,-3.611189603805542,301.8319091796875
2818,-2.6505203247070312,-115.04349761962891,205,347.0216064453125,0.0001,1,a2c_opt2_seed1,1.4979937076568604,493.6060485839844,1.1936160326004028,1.5613914728164673,140.66671752929688
2820,-25.13299560546875,-113.2714737701416,147,149.2375030517578,0.0001,1,a2c_opt2_seed1,0.8554513454437256,211.9752197265625,1.183037281036377,0.9576448202133179,60.412837982177734
2827,-76.2302474975586,-116.49244857788086,96,396.8271484375,0.0001,1,a2c_opt2_seed1,-8.16360092163086,578.55908203125,1.1970593929290771,-5.611941814422607,370.0323486328125
2828,-155.30393981933594,-118.66733337402344,119,155.4847412109375,0.0001,1,a2c_opt2_seed1,-0.7714431285858154,223.22396850585938,1.1952171325683594,-4.482269287109375e-05,84.9675064086914
2830,-45.39254379272461,-116.06011268615723,118,101.93099975585938,0.0001,1,a2c_opt2_seed1,0.5193039178848267,144.8746795654297,1.1652393341064453,0.5681843757629395,59.8541259765625
2834,-191.2568359375,-123.2654694366455,131,400.1236572265625,0.0001,1,a2c_opt2_seed1,9.115245819091797,558.5842895507812,1.158242106437683,8.593937873840332,481.9676513671875
2837,-56.32114028930664,-121.66012565612793,308,203.00143432617188,0.0001,1,a2c_opt2_seed1,0.8925952911376953,288.727783203125,1.2355986833572388,0.8719304800033569,85.41775512695312
2837,-56.32114028930664,-121.66012565612793,308,193.97573852539062,0.0001,1,a2c_opt2_seed1,9.191831588745117,263.9778747558594,1.2154330015182495,8.08137321472168,375.87384033203125
2840,-311.229248046875,-122.88962394714355,195,338.08599853515625,0.0001,1,a2c_opt2_seed1,-8.952982902526855,495.7708435058594,1.2091412544250488,-7.79856538772583,536.0206298828125
2842,-7.97918701171875,-122.96755096435547,203,174.20228576660156,0.0001,1,a2c_opt2_seed1,7.026270866394043,238.82374572753906,1.221256971359253,6.445286273956299,283.8974609375
2845,23.710487365722656,-121.38844818115234,134,124.4337387084961,0.0001,1,a2c_opt2_seed1,-5.271035671234131,185.2934112548828,1.2157708406448364,-3.3823366165161133,217.078369140625
2847,-102.57722473144531,-122.79482460021973,198,191.25909423828125,0.0001,1,a2c_opt2_seed1,6.456063747406006,264.00518798828125,1.2105225324630737,5.7432637214660645,347.7049865722656
2849,-201.47048950195312,-129.2231764984131,361,220.30311584472656,0.0001,1,a2c_opt2_seed1,2.5349855422973633,311.09820556640625,1.2238082885742188,2.0019469261169434,108.20376586914062
2851,-19.831626892089844,-123.64080146789551,160,67.14939880371094,0.0001,1,a2c_opt2_seed1,2.162506580352783,92.83930206298828,1.2379342317581177,2.280634880065918,145.0613250732422
2851,-19.831626892089844,-123.64080146789551,160,100.447265625,0.0001,1,a2c_opt2_seed1,0.3472183048725128,143.0009307861328,1.2043309211730957,1.0531710386276245,81.97183227539062
2855,-128.58018493652344,-128.25206550598145,275,177.0771484375,0.0001,1,a2c_opt2_seed1,-8.771183013916016,265.49847412109375,1.1877164840698242,-6.704858303070068,394.7751770019531
2857,-4.6517791748046875,-119.19258155822754,206,305.6064453125,0.0001,1,a2c_opt2_seed1,6.950666427612305,426.6519775390625,1.1686722040176392,6.690763473510742,382.3351135253906
2862,-207.60842895507812,-116.63330574035645,157,244.7340545654297,0.0001,1,a2c_opt2_seed1,-0.572026252746582,350.4381103515625,1.186210036277771,-0.016877979040145874,111.0837173461914
2864,-87.093505859375,-116.36716972351074,124,83.02125549316406,0.0001,1,a2c_opt2_seed1,1.7625573873519897,116.08470153808594,1.18359375,2.293217897415161,121.43699645996094
2869,-324.4051513671875,-114.60313858032227,144,531.3074340820312,0.0001,1,a2c_opt2_seed1,-7.084760665893555,769.1326293945312,1.1812061071395874,-6.5678863525390625,550.5919189453125
2871,-191.40106201171875,-114.74384902954101,214,113.95091247558594,0.0001,1,a2c_opt2_seed1,-3.9906766414642334,168.4888458251953,1.2082407474517822,-3.5301146507263184,218.5664825439453
2874,-71.83863830566406,-118.12852828979493,111,200.57305908203125,0.0001,1,a2c_opt2_seed1,4.976651191711426,279.42431640625,1.205998182296753,4.462624549865723,206.31297302246094
2874,-71.83863830566406,-118.12852828979493,111,75.17864227294922,0.0001,1,a2c_opt2_seed1,2.548516035079956,103.75819396972656,1.2166681289672852,2.5183417797088623,138.50570678710938
2876,-180.74681091308594,-115.38550163269043,255,218.76673889160156,0.0001,1,a2c_opt2_seed1,2.619014263153076,308.7833251953125,1.2067396640777588,3.1987826824188232,199.82618713378906
2878,-75.3141098022461,-115.72698875427245,192,101.92960357666016,0.0001,1,a2c_opt2_seed1,5.0508198738098145,138.39913940429688,1.2232195138931274,4.421096324920654,176.4661407470703
2881,-132.02598571777344,-117.892998046875,396,112.37480926513672,0.0001,1,a2c_opt2_seed1,1.1202471256256104,158.9359588623047,1.2261688709259033,1.2279106378555298,82.72369384765625
2884,-15.366020202636719,-112.63714828491212,225,90.98506927490234,0.0001,1,a2c_opt2_seed1,3.649799346923828,124.76555633544922,1.2429625988006592,2.9951889514923096,131.02914428710938
2884,-15.366020202636719,-112.63714828491212,225,92.4170913696289,0.0001,1,a2c_opt2_seed1,-0.042279213666915894,132.08567810058594,1.204481840133667,0.40405043959617615,53.23957824707031
2886,-148.31353759765625,-114.55913940429687,165,166.0043182373047,0.0001,1,a2c_opt2_seed1,-1.005083680152893,238.58570861816406,1.1908221244812012,0.2468818575143814,109.20523834228516
2889,-5.0029144287109375,-110.51537803649903,259,292.240966796875,0.0001,1,a2c_opt2_seed1,8.360472679138184,405.54443359375,1.2063740491867065,7.861825942993164,413.91790771484375
2892,-383.400390625,-108.2709090423584,415,170.2240447998047,0.0001,1,a2c_opt2_seed1,0.9011017084121704,241.8907928466797,1.2168015241622925,0.8148420453071594,111.79088592529297
2894,-65.62525939941406,-108.9993042755127,163,164.8669891357422,0.0001,1,a2c_opt2_seed1,-3.158477306365967,240.03726196289062,1.220985770225525,-2.0660626888275146,130.8849639892578
2896,-230.0440216064453,-113.83371116638183,208,149.2464599609375,0.0001,1,a2c_opt2_seed1,3.319439172744751,208.468017578125,1.196635365486145,3.664613723754883,157.0292205810547
2901,6.601646423339844,-106.97401153564454,127,218.14456176757812,0.0001,1,a2c_opt2_seed1,-3.7553815841674805,317.00079345703125,1.211875081062317,-3.1446046829223633,202.136962890625
2903,-179.56048583984375,-106.26509399414063,153,123.9762954711914,0.0001,1,a2c_opt2_seed1,0.7730293273925781,176.0055389404297,1.2031584978103638,1.0694836378097534,64.73851776123047
2905,32.66775894165039,-100.293822555542,1001,94.1759262084961,0.0001,1,a2c_opt2_seed1,4.2076497077941895,128.52696228027344,1.1858786344528198,3.6665825843811035,146.39825439453125
2908,-270.435791015625,-104.32087364196778,235,259.56536865234375,0.0001,1,a2c_opt2_seed1,-5.983903408050537,379.3569641113281,1.1569981575012207,-3.7241618633270264,232.68304443359375
2910,-228.21841430664062,-103.11206169128418,240,258.5079650878906,0.0001,1,a2c_opt2_seed1,-3.9191808700561523,374.89678955078125,1.1709061861038208,-2.9262099266052246,181.85984802246094
2913,-372.403076171875,-113.03712638854981,228,536.05224609375,0.0001,1,a2c_opt2_seed1,-11.443610191345215,782.1376953125,1.1513270139694214,-7.639575958251953,603.4506225585938
2916,-300.209228515625,-116.77967918395996,189,261.3473205566406,0.0001,1,a2c_opt2_seed1,-3.125359058380127,377.8189697265625,1.16148841381073,-2.605901002883911,233.25387573242188
2919,-171.87460327148438,-113.04693122863769,151,159.87564086914062,0.0001,1,a2c_opt2_seed1,2.5307388305664062,224.7792510986328,1.1541880369186401,2.797762870788574,156.69056701660156
2925,-194.02603149414062,-108.61396835327149,243,204.56951904296875,0.0001,1,a2c_opt2_seed1,-1.1213945150375366,293.8450012207031,1.1601799726486206,0.02883899211883545,91.97761535644531
2927,-43.81388473510742,-103.0838744354248,114,105.32430267333984,0.0001,1,a2c_opt2_seed1,4.848495960235596,143.5377197265625,1.1972861289978027,4.637333393096924,205.76954650878906
2927,-43.81388473510742,-103.0838744354248,114,145.87742614746094,0.0001,1,a2c_opt2_seed1,5.131795406341553,201.0660400390625,1.1793389320373535,4.8371968269348145,230.9317169189453
2931,-20.85419464111328,-102.65214698791505,194,409.0205383300781,0.0001,1,a2c_opt2_seed1,-1.5620431900024414,586.54736328125,1.1870042085647583,-0.6070985794067383,182.17529296875
2933,-49.780181884765625,-107.14408241271973,91,708.7764892578125,0.0001,1,a2c_opt2_seed1,-4.753787040710449,1019.329833984375,1.1738457679748535,-2.9848146438598633,306.4723205566406
2937,-160.18392944335938,-108.51372062683106,313,178.6472625732422,0.0001,1,a2c_opt2_seed1,-0.10421133041381836,255.360107421875,1.1969820261001587,-0.0020754337310791016,93.24514770507812
2940,-50.31820297241211,-109.49044723510742,195,157.73875427246094,0.0001,1,a2c_opt2_seed1,5.031795978546143,218.1536407470703,1.2018134593963623,4.97058629989624,196.423583984375
2942,-54.00067138671875,-101.35261215209961,136,127.39607238769531,0.0001,1,a2c_opt2_seed1,3.56142520904541,176.90750122070312,1.2080823183059692,3.2029471397399902,120.37074279785156
2944,-160.43553161621094,-104.34019958496094,144,270.884521484375,0.0001,1,a2c_opt2_seed1,-5.947926044464111,395.4757995605469,1.2009049654006958,-4.519406318664551,243.833251953125
2947,-94.01097106933594,-103.91434982299805,198,194.9310302734375,0.0001,1,a2c_opt2_seed1,-2.99051570892334,282.74591064453125,1.1871719360351562,-1.911474347114563,108.7081527709961
2948,-263.0293273925781,-107.74278228759766,210,225.50967407226562,0.0001,1,a2c_opt2_seed1,5.324768543243408,314.55072021484375,1.185947299003601,4.61641788482666,193.59584045410156
2951,20.58136749267578,-104.70133842468262,144,110.98662567138672,0.0001,1,a2c_opt2_seed1,3.117422342300415,154.09970092773438,1.1816149950027466,3.3639678955078125,172.47503662109375
2954,-75.05570983886719,-105.80915336608886,230,114.01730346679688,0.0001,1,a2c_opt2_seed1,-4.395620346069336,169.16217041015625,1.186560034751892,-3.0453782081604004,157.74026489257812
2955,-139.73159790039062,-109.25714050292969,256,215.24365234375,0.0001,1,a2c_opt2_seed1,7.565623760223389,296.6837463378906,1.1813170909881592,6.9361772537231445,285.3491516113281
2960,34.99827575683594,-97.3818437576294,111,243.37759399414062,0.0001,1,a2c_opt2_seed1,2.0613746643066406,344.7383117675781,1.1822731494903564,2.672473907470703,124.59947204589844
2963,13.961570739746094,-89.58154941558838,185,215.10031127929688,0.0001,1,a2c_opt2_seed1,-3.533705234527588,312.3351745605469,1.1806323528289795,-2.2439823150634766,223.03578186035156
2965,-62.81698226928711,-87.90075298309326,138,129.29335021972656,0.0001,1,a2c_opt2_seed1,2.306147575378418,181.4111328125,1.1855604648590088,1.8076057434082031,78.9566879272461
2967,-171.62437438964844,-80.65969341278077,237,114.37638854980469,0.0001,1,a2c_opt2_seed1,0.12341201305389404,163.21937561035156,1.1716790199279785,0.4968249797821045,61.70943069458008
2968,-154.1475830078125,-83.7019324874878,211,133.16622924804688,0.0001,1,a2c_opt2_seed1,6.54526424407959,180.88792419433594,1.173266053199768,6.021899223327637,221.0257110595703
2972,-198.1883544921875,-86.93111293792725,274,182.15650939941406,0.0001,1,a2c_opt2_seed1,-7.449633598327637,270.86676025390625,1.175582766532898,-5.419757843017578,267.0262145996094
2975,-37.19588088989258,-84.2933232498169,97,139.50355529785156,0.0001,1,a2c_opt2_seed1,-4.41028356552124,205.592041015625,1.179016351699829,-3.1974542140960693,193.80648803710938
2978,-41.89506912231445,-91.47131870269776,152,241.79034423828125,0.0001,1,a2c_opt2_seed1,2.235919713973999,342.221435546875,1.1726816892623901,1.6118546724319458,112.34358978271484
2979,-286.80712890625,-96.55250843048096,207,256.1692810058594,0.0001,1,a2c_opt2_seed1,-4.8758087158203125,372.92236328125,1.1601009368896484,-4.669281959533691,319.25970458984375
2983,-47.929359436035156,-99.14468402862549,188,519.009765625,0.0001,1,a2c_opt2_seed1,-7.577095031738281,752.267822265625,1.1606193780899048,-6.226319313049316,448.9021301269531
2984,-63.49234390258789,-100.22436626434326,120,287.60247802734375,0.0001,1,a2c_opt2_seed1,-6.618763446807861,420.31689453125,1.1718288660049438,-6.150054931640625,429.82794189453125
2988,-79.66223907470703,-105.00692699432373,150,105.15054321289062,0.0001,1,a2c_opt2_seed1,-3.0244274139404297,154.53651428222656,1.1756227016448975,-2.018848419189453,77.08786010742188
2988,-79.66223907470703,-105.00692699432373,150,130.96441650390625,0.0001,1,a2c_opt2_seed1,6.117336750030518,178.35382080078125,1.186047911643982,5.572133541107178,200.73895263671875
2989,11.791885375976562,-104.82832363128662,197,167.93243408203125,0.0001,1,a2c_opt2_seed1,6.868473052978516,230.09222412109375,1.1806738376617432,6.740023612976074,268.6097106933594
2992,-24.41375732421875,-109.43890811920166,179,266.2630615234375,0.0001,1,a2c_opt2_seed1,-2.1132988929748535,383.39569091796875,1.1989535093307495,-1.8816964626312256,152.6595001220703
2994,-24.817054748535156,-108.63089069366455,300,160.1832275390625,0.0001,1,a2c_opt2_seed1,1.4831088781356812,226.71530151367188,1.1879992485046387,1.9664911031723022,92.8348388671875
2997,-248.82614135742188,-109.67312725067139,207,87.24190521240234,0.0001,1,a2c_opt2_seed1,-3.4901366233825684,129.6180419921875,1.181216835975647,-2.712913751602173,178.25343322753906
2999,-227.98538208007812,-108.93270984649658,238,273.8841247558594,0.0001,1,a2c_opt2_seed1,-4.69863224029541,397.9761962890625,1.14591383934021,-3.7909791469573975,278.198486328125
3002,-27.606224060058594,-110.91458866119385,295,154.78292846679688,0.0001,1,a2c_opt2_seed1,5.902402877807617,212.68731689453125,1.1749402284622192,5.412795066833496,236.53883361816406
3005,-284.6930847167969,-111.55273777008057,238,310.3292541503906,0.0001,1,a2c_opt2_seed1,-9.712520599365234,457.203369140625,1.1822272539138794,-7.543456554412842,464.052001953125
3005,-284.6930847167969,-111.55273777008057,238,117.55136108398438,0.0001,1,a2c_opt2_seed1,-2.645636796951294,171.7108612060547,1.2035424709320068,-1.8500722646713257,119.27579498291016
3008,-281.0201110839844,-119.7260319519043,234,310.34674072265625,0.0001,1,a2c_opt2_seed1,-6.425405502319336,452.5325012207031,1.1866306066513062,-6.381344318389893,411.42242431640625
3010,-40.53490447998047,-125.35379577636719,103,90.03939819335938,0.0001,1,a2c_opt2_seed1,-2.8416848182678223,132.68809509277344,1.1777924299240112,-2.2392935752868652,121.4175796508789
3010,-40.53490447998047,-125.35379577636719,103,111.821533203125,0.0001,1,a2c_opt2_seed1,-0.8453983068466187,160.95358276367188,1.1506106853485107,0.14054632186889648,67.66796112060547
3011,-178.57052612304688,-122.68507080078125,225,362.1951904296875,0.0001,1,a2c_opt2_seed1,-8.248497009277344,529.2060546875,1.1036015748977661,-6.819962501525879,447.6264953613281
3015,-134.6136016845703,-137.813687210083,214,384.1487731933594,0.0001,1,a2c_opt2_seed1,0.7133645415306091,547.7656860351562,1.165151834487915,1.548031210899353,200.5017852783203
3017,-235.44790649414062,-144.65570655822754,329,290.4258117675781,0.0001,1,a2c_opt2_seed1,-0.07608020305633545,415.0035400390625,1.1775174140930176,0.7901177406311035,172.25732421875
3018,-20.36358642578125,-141.98002662658692,1001,217.67880249023438,0.0001,1,a2c_opt2_seed1,-7.680039405822754,321.9420166015625,1.1437641382217407,-7.4458441734313965,412.5705871582031
3021,21.021018981933594,-148.13278968811036,173,287.2130126953125,0.0001,1,a2c_opt2_seed1,2.0825512409210205,407.3300476074219,1.1429792642593384,3.5598268508911133,191.69956970214844
3025,-225.5910186767578,-149.61182159423828,296,289.3262634277344,0.0001,1,a2c_opt2_seed1,-8.593085289001465,425.5998840332031,1.17789626121521,-6.433385372161865,315.9786682128906
3028,-135.78314208984375,-145.34740180969237,176,110.08479309082031,0.0001,1,a2c_opt2_seed1,-2.291989803314209,160.53909301757812,1.1648156642913818,-1.549774408340454,111.17445373535156
3029,-59.67039489746094,-140.8046671295166,177,99.59007263183594,0.0001,1,a2c_opt2_seed1,3.2029244899749756,137.69677734375,1.1828445196151733,3.259398937225342,121.79564666748047
3032,-302.52044677734375,-138.85176567077636,220,316.767333984375,0.0001,1,a2c_opt2_seed1,-6.134527206420898,461.2892150878906,1.1375833749771118,-4.359523773193359,292.8467712402344
3036,-257.8736572265625,-134.8951909637451,271,392.2929382324219,0.0001,1,a2c_opt2_seed1,0.8358035087585449,559.2252807617188,1.172271490097046,0.9125076532363892,95.73377990722656
3036,-257.8736572265625,-134.8951909637451,271,119.61173248291016,0.0001,1,a2c_opt2_seed1,3.0500428676605225,166.51754760742188,1.1785163879394531,3.212369441986084,151.85943603515625
3039,-85.96366882324219,-134.8070598602295,123,345.0580749511719,0.0001,1,a2c_opt2_seed1,-6.669333457946777,502.46856689453125,1.1362190246582031,-4.987293720245361,331.1505432128906
3043,-115.7374496459961,-134.06112403869628,186,209.71353149414062,0.0001,1,a2c_opt2_seed1,4.648575782775879,292.95074462890625,1.1314165592193604,4.8383893966674805,271.0543518066406
3047,-39.04094314575195,-131.897992477417,171,157.67991638183594,0.0001,1,a2c_opt2_seed1,1.4612239599227905,223.17037963867188,1.1607831716537476,2.323470115661621,104.70153045654297
3048,-173.01580810546875,-134.51388442993164,221,131.01075744628906,0.0001,1,a2c_opt2_seed1,4.99548864364624,180.02267456054688,1.1803436279296875,4.434749603271484,189.23927307128906
3049,7.376274108886719,-129.80665130615233,114,160.51710510253906,0.0001,1,a2c_opt2_seed1,1.2906391620635986,227.46722412109375,1.1655782461166382,2.3070836067199707,123.95296478271484
3052,17.629981994628906,-130.22041946411133,123,313.95733642578125,0.0001,1,a2c_opt2_seed1,0.5793295502662659,447.6837158203125,1.1649149656295776,1.3578894138336182,142.65977478027344
3054,-128.48635864257812,-134.71759902954102,241,211.9435577392578,0.0001,1,a2c_opt2_seed1,-2.8903229236602783,306.9064025878906,1.1799917221069336,-2.6202242374420166,196.2579345703125
3056,-197.33184814453125,-130.62162704467772,344,102.71841430664062,0.0001,1,a2c_opt2_seed1,5.548746109008789,138.81468200683594,1.2017303705215454,5.289727210998535,214.2068634033203
3058,-28.237510681152344,-125.5981202697754,125,223.9241180419922,0.0001,1,a2c_opt2_seed1,-5.232760429382324,327.3678283691406,1.1994613409042358,-3.7850141525268555,182.97850036621094
3061,-69.69203186035156,-120.9359523010254,282,232.5701446533203,0.0001,1,a2c_opt2_seed1,-5.271819591522217,339.77508544921875,1.1999852657318115,-3.3476171493530273,190.98951721191406
3064,-298.54217529296875,-115.23482810974122,614,216.37985229492188,0.0001,1,a2c_opt2_seed1,-2.744537830352783,313.0356750488281,1.1689555644989014,-2.1437201499938965,173.3975830078125
3066,-76.69327545166016,-111.66645637512207,169,136.68727111816406,0.0001,1,a2c_opt2_seed1,2.2217111587524414,192.094482421875,1.1521271467208862,2.3268399238586426,95.59031677246094
3068,-76.7867431640625,-110.98392707824706,124,152.18328857421875,0.0001,1,a2c_opt2_seed1,-2.6214137077331543,221.1504364013672,1.2025070190429688,-1.0649187564849854,103.65959930419922
3072,-44.673606872558594,-104.58500709533692,144,267.25146484375,0.0001,1,a2c_opt2_seed1,1.8732094764709473,379.1127014160156,1.1945712566375732,2.2104578018188477,85.84150695800781
3073,-42.26836013793945,-103.62887161254883,152,77.06315612792969,0.0001,1,a2c_opt2_seed1,1.009851098060608,108.6484375,1.1931253671646118,1.439645767211914,55.78841018676758
3076,-15.297843933105469,-98.46840126037597,133,219.10679626464844,0.0001,1,a2c_opt2_seed1,4.998595237731934,305.86968994140625,1.1730906963348389,4.775810241699219,210.46487426757812
3079,-70.40181732177734,-95.92994621276856,104,214.63552856445312,0.0001,1,a2c_opt2_seed1,-1.1877540349960327,308.31982421875,1.1605778932571411,-0.10556161403656006,91.39260864257812
3082,-103.89605712890625,-92.90344078063964,258,266.4535217285156,0.0001,1,a2c_opt2_seed1,3.265839099884033,375.9832458496094,1.169243335723877,2.881958484649658,129.1380157470703
3085,-214.3680419921875,-102.50529418945312,118,444.37969970703125,0.0001,1,a2c_opt2_seed1,-15.475095748901367,656.936279296875,1.1430062055587769,-12.217745780944824,668.10400390625
3087,-1.3253097534179688,-99.69288757324219,109,104.07088470458984,0.0001,1,a2c_opt2_seed1,5.662606239318848,140.58409118652344,1.1646287441253662,5.668023109436035,221.96311950683594
3089,-70.39962768554688,-100.54498275756836,239,193.14828491210938,0.0001,1,a2c_opt2_seed1,4.08717679977417,270.0881652832031,1.1787997484207153,4.705013275146484,193.45399475097656
3092,6.226737976074219,-94.36856399536133,178,111.0758056640625,0.0001,1,a2c_opt2_seed1,2.1064136028289795,155.67141723632812,1.2062761783599854,2.6333510875701904,106.58454895019531
3095,-50.02720260620117,-93.69680839538574,105,186.9078369140625,0.0001,1,a2c_opt2_seed1,-2.787252426147461,270.99383544921875,1.1909593343734741,-2.4540889263153076,202.0794219970703
3098,-219.73333740234375,-95.17232734680175,215,172.9449005126953,0.0001,1,a2c_opt2_seed1,-0.9708259105682373,248.45187377929688,1.1711889505386353,-0.40217769145965576,101.92520141601562
3100,-146.75942993164062,-94.53828056335449,221,114.87125396728516,0.0001,1,a2c_opt2_seed1,2.551300525665283,160.45790100097656,1.1516261100769043,3.448665142059326,136.17942810058594
3102,-222.37103271484375,-100.77485466003418,183,307.45458984375,0.0001,1,a2c_opt2_seed1,-5.639527320861816,447.27813720703125,1.14906644821167,-3.215672492980957,210.4738311767578
3106,-67.22672271728516,-89.47419227600098,196,125.62147521972656,0.0001,1,a2c_opt2_seed1,4.509334087371826,173.01817321777344,1.1461505889892578,4.732542037963867,184.81643676757812
3107,-55.344757080078125,-89.69346656799317,236,142.97323608398438,0.0001,1,a2c_opt2_seed1,-3.4312148094177246,209.15003967285156,1.150231957435608,-2.5352041721343994,117.13610076904297
3109,-124.43726348876953,-92.2555995941162,300,172.15159606933594,0.0001,1,a2c_opt2_seed1,-2.0370330810546875,248.84170532226562,1.1385166645050049,-1.1381551027297974,97.46883392333984
3111,0.51593017578125,-91.4569979095459,229,248.39666748046875,0.0001,1,a2c_opt2_seed1,1.8597356081008911,352.1963806152344,1.0822035074234009,2.881187915802002,164.5691680908203
3116,-322.9215087890625,-99.0984715270996,271,567.275634765625,0.0001,1,a2c_opt2_seed1,-11.778427124023438,827.220947265625,1.0846673250198364,-11.078577041625977,766.2738037109375
3118,-62.58277130126953,-96.01425170898438,281,141.792236328125,0.0001,1,a2c_opt2_seed1,0.2485838681459427,202.2060546875,1.1620341539382935,0.8185499906539917,76.78036499023438
3119,-111.75016784667969,-94.41588348388672,242,122.29540252685547,0.0001,1,a2c_opt2_seed1,1.6088054180145264,172.41024780273438,1.140735387802124,2.2461555004119873,84.56631469726562
3121,-72.71734619140625,-94.49876861572265,182,98.99968719482422,0.0001,1,a2c_opt2_seed1,-1.4719969034194946,143.5317840576172,1.1200841665267944,-0.3915035128593445,54.3087043762207
3122,-293.85675048828125,-99.48243148803711,240,338.07135009765625,0.0001,1,a2c_opt2_seed1,-6.953033924102783,492.89276123046875,1.125149130821228,-6.432360649108887,430.98583984375
3125,-284.43267822265625,-111.84897018432618,333,306.3541564941406,0.0001,1,a2c_opt2_seed1,-3.3204240798950195,442.39306640625,1.1220182180404663,-1.4807053804397583,159.84487915039062
3128,-76.93994140625,-113.77758163452148,80,153.2384796142578,0.0001,1,a2c_opt2_seed1,0.3710358142852783,218.38290405273438,1.1494624614715576,1.5744484663009644,81.43744659423828
3130,-262.852783203125,-113.5475114440918,269,161.24827575683594,0.0001,1,a2c_opt2_seed1,-7.896812915802002,241.63668823242188,1.158727765083313,-6.0715436935424805,284.3058776855469
3132,-106.02342224121094,-114.31613586425782,336,229.6407928466797,0.0001,1,a2c_opt2_seed1,-5.476009368896484,335.8819580078125,1.1210124492645264,-3.9705452919006348,183.41732788085938
3135,-156.7799072265625,-109.00100189208985,511,189.2227783203125,0.0001,1,a2c_opt2_seed1,1.8139140605926514,267.72772216796875,1.0934605598449707,2.507349967956543,144.76544189453125
3139,-3.3326339721679688,-115.89111221313476,139,405.5339050292969,0.0001,1,a2c_opt2_seed1,-7.942370414733887,590.6812133789062,1.12213933467865,-7.110374927520752,450.1963195800781
3140,-0.5322113037109375,-115.13122291564942,188,71.90991973876953,0.0001,1,a2c_opt2_seed1,-1.9158494472503662,105.46621704101562,1.161832571029663,-1.491762638092041,97.02812194824219
3141,-67.91897583007812,-115.48049255371093,136,192.03907775878906,0.0001,1,a2c_opt2_seed1,-0.9984316825866699,275.7686767578125,1.1309219598770142,-0.16924524307250977,100.70430755615234
3144,-223.88671875,-117.39239341735839,202,306.42401123046875,0.0001,1,a2c_opt2_seed1,-6.819116115570068,447.4909973144531,1.08347487449646,-6.270581245422363,449.3208312988281
3148,-111.44425964355469,-125.23569511413574,315,189.42344665527344,0.0001,1,a2c_opt2_seed1,2.048435926437378,267.67938232421875,1.113579273223877,2.048283815383911,107.76898193359375
3148,-111.44425964355469,-125.23569511413574,315,314.6191711425781,0.0001,1,a2c_opt2_seed1,5.130776882171631,442.1270751953125,1.1179753541946411,4.412956237792969,245.90272521972656
3151,21.716384887695312,-124.5919766998291,88,97.70103454589844,0.0001,1,a2c_opt2_seed1,-0.14157307147979736,139.7759552001953,1.1282734870910645,0.6384861469268799,51.312416076660156
3153,-28.492813110351562,-121.57075744628906,252,154.71990966796875,0.0001,1,a2c_opt2_seed1,0.09886455535888672,220.8880157470703,1.1244288682937622,1.0082074403762817,75.39009857177734
3155,3.585479736328125,-123.8540951538086,145,152.32815551757812,0.0001,1,a2c_opt2_seed1,1.3122057914733887,215.73788452148438,1.1200411319732666,1.916271448135376,95.16202545166016
3157,14.049339294433594,-126.47447296142577,122,227.6702117919922,0.0001,1,a2c_opt2_seed1,-2.7222304344177246,329.13287353515625,1.1268314123153687,-2.9749081134796143,229.67221069335938
3161,-26.8778076171875,-127.36557929992676,379,251.98777770996094,0.0001,1,a2c_opt2_seed1,6.017880439758301,351.3863830566406,1.130807638168335,6.793229103088379,274.35296630859375
3163,12.322792053222656,-120.97267456054688,122,124.89069366455078,0.0001,1,a2c_opt2_seed1,-1.1637368202209473,180.0785675048828,1.135432243347168,-0.4751933813095093,105.9721450805664
3167,-215.91078186035156,-121.57799026489258,221,209.79664611816406,0.0001,1,a2c_opt2_seed1,-3.866764545440674,305.2342529296875,1.118951678276062,-2.3448262214660645,249.29420471191406
3170,-14.192611694335938,-121.85777099609375,161,169.53240966796875,0.0001,1,a2c_opt2_seed1,-5.266610145568848,249.71371459960938,1.13840913772583,-3.7020411491394043,160.3452911376953
3171,-43.00018310546875,-121.263427734375,134,238.42532348632812,0.0001,1,a2c_opt2_seed1,6.957857131958008,330.6686096191406,1.1028461456298828,6.777535438537598,234.47491455078125
3175,24.461105346679688,-107.17091018676757,128,164.74899291992188,0.0001,1,a2c_opt2_seed1,6.578722953796387,225.95834350585938,1.1314940452575684,6.369823932647705,228.00738525390625
3176,-29.34637451171875,-106.32201446533203,223,111.9669189453125,0.0001,1,a2c_opt2_seed1,-1.6021071672439575,162.24232482910156,1.2070951461791992,-0.5361905097961426,59.27467346191406
3177,-37.141902923583984,-106.41117668151855,220,127.48052978515625,0.0001,1,a2c_opt2_seed1,2.725153684616089,178.2228240966797,1.194420576095581,2.4502758979797363,120.0575942993164
3180,7.919105529785156,-99.79577964782715,196,187.50955200195312,0.0001,1,a2c_opt2_seed1,0.03555649518966675,267.8208312988281,1.1503483057022095,0.568864107131958,90.54242706298828
3183,-10.621246337890625,-105.09507987976075,98,622.8515014648438,0.0001,1,a2c_opt2_seed1,-0.6824839115142822,890.763671875,1.1322026252746582,-0.08407324552536011,322.55877685546875
3187,12.389732360839844,-92.97425102233886,109,276.2784729003906,0.0001,1,a2c_opt2_seed1,-3.619994640350342,399.85577392578125,1.1799589395523071,-1.9578638076782227,114.52963256835938
3188,-28.78759002685547,-89.0095059967041,197,120.12472534179688,0.0001,1,a2c_opt2_seed1,6.425695896148682,162.42800903320312,1.156093716621399,6.149190425872803,204.12640380859375
3192,23.455169677734375,-87.5944603729248,194,198.17910766601562,0.0001,1,a2c_opt2_seed1,3.4714603424072266,278.15460205078125,1.1624112129211426,4.08818244934082,156.81710815429688
3193,-25.11492156982422,-87.27572189331055,185,106.43136596679688,0.0001,1,a2c_opt2_seed1,2.4529881477355957,148.5413818359375,1.1748180389404297,2.9415266513824463,110.7435302734375
3196,18.178993225097656,-81.64230773925782,162,153.4412841796875,0.0001,1,a2c_opt2_seed1,-1.2352951765060425,220.96737670898438,1.1619795560836792,-0.02417069673538208,95.25941467285156
3198,-88.11651611328125,-72.06898071289062,283,211.869140625,0.0001,1,a2c_opt2_seed1,-7.982885837554932,314.07513427734375,1.1157987117767334,-6.228175163269043,294.1289978027344
3201,-289.5152282714844,-80.3866014099121,242,271.5458679199219,0.0001,1,a2c_opt2_seed1,-1.134864330291748,389.544677734375,1.0838418006896973,-0.8263131380081177,168.345703125
3204,-46.89976501464844,-76.35907035827637,317,142.5549774169922,0.0001,1,a2c_opt2_seed1,4.454913139343262,197.28660583496094,1.1112382411956787,4.948004245758057,198.1308135986328
3206,10.346038818359375,-75.23317131042481,122,122.2427978515625,0.0001,1,a2c_opt2_seed1,-4.010870933532715,180.36322021484375,1.1524914503097534,-3.442351818084717,189.70973205566406
3207,-97.93132019042969,-77.47278450012207,250,189.85289001464844,0.0001,1,a2c_opt2_seed1,7.414119243621826,260.62762451171875,1.121795415878296,6.6198530197143555,275.76739501953125
3210,-48.00764846801758,-73.74322929382325,221,428.0933532714844,0.0001,1,a2c_opt2_seed1,-0.16177701950073242,611.7938842773438,1.1549017429351807,-0.5930354595184326,203.65396118164062
3211,-236.8864288330078,-77.94340171813965,197,54.10302734375,0.0001,1,a2c_opt2_seed1,-3.4372994899749756,82.20130920410156,1.182220697402954,-2.1898722648620605,70.60630798339844
3213,2.5663223266601562,-78.17352142333985,126,136.9728240966797,0.0001,1,a2c_opt2_seed1,2.5420401096343994,192.04478454589844,1.131026029586792,2.4809417724609375,101.23596954345703
3215,-139.64950561523438,-80.93213165283203,192,154.48948669433594,0.0001,1,a2c_opt2_seed1,-0.5365018844604492,221.46652221679688,1.1454862356185913,-0.18693673610687256,131.3759765625
3218,-126.768310546875,-74.0854556274414,465,234.43019104003906,0.0001,1,a2c_opt2_seed1,1.0891187191009521,333.3452453613281,1.186085820198059,2.045405149459839,116.19857788085938
3219,-7.920166015625,-73.77279861450195,140,53.373329162597656,0.0001,1,a2c_opt2_seed1,0.07274186611175537,76.1445541381836,1.1943106651306152,0.7248105406761169,49.964210510253906
3219,-7.920166015625,-73.77279861450195,140,127.32429504394531,0.0001,1,a2c_opt2_seed1,2.4875969886779785,178.33897399902344,1.1634701490402222,3.309845447540283,136.8162078857422
3222,-65.29367065429688,-71.30967376708985,184,118.72086334228516,0.0001,1,a2c_opt2_seed1,-0.5023418068885803,170.3197021484375,1.175856351852417,-0.0016270279884338379,52.73087692260742
3224,-122.7866439819336,-74.42037292480468,233,172.3038330078125,0.0001,1,a2c_opt2_seed1,-2.679718255996704,249.97735595703125,1.182976245880127,-1.6102278232574463,126.86479187011719
3226,-200.8210906982422,-80.11223709106446,298,217.92764282226562,0.0001,1,a2c_opt2_seed1,-1.7010445594787598,313.756103515625,1.1667060852050781,-1.2553913593292236,178.8686065673828
3229,14.61773681640625,-80.74268501281739,98,194.37899780273438,0.0001,1,a2c_opt2_seed1,2.6050209999084473,273.9636535644531,1.1450248956680298,3.1478958129882812,129.447265625
3230,-71.22016906738281,-82.32547050476074,295,94.63468170166016,0.0001,1,a2c_opt2_seed1,0.3116905689239502,134.74795532226562,1.1548080444335938,1.1439340114593506,80.94972229003906
3234,-125.25703430175781,-75.3637290763855,310,151.8415069580078,0.0001,1,a2c_opt2_seed1,5.9814229011535645,208.37234497070312,1.1406803131103516,5.317710876464844,194.6704864501953
3235,-46.378360748291016,-75.56658910751342,151,200.6827850341797,0.0001,1,a2c_opt2_seed1,1.4610950946807861,284.6032409667969,1.123915672302246,1.766055703163147,85.18936920166016
3239,-209.73291015625,-76.80235952377319,292,201.44631958007812,0.0001,1,a2c_opt2_seed1,-6.772134304046631,297.45574951171875,1.1167182922363281,-5.712465763092041,258.40948486328125
3243,-3.6312637329101562,-83.90944952011108,229,106.34075164794922,0.0001,1,a2c_opt2_seed1,1.771248459815979,149.38580322265625,1.1122795343399048,1.8717156648635864,67.1493148803711
3243,-3.6312637329101562,-83.90944952011108,229,248.78192138671875,0.0001,1,a2c_opt2_seed1,8.813035011291504,342.8135070800781,1.1414930820465088,9.0931978225708,335.4008483886719
3244,11.972480773925781,-83.54866460800172,158,177.0200653076172,0.0001,1,a2c_opt2_seed1,-8.24465560913086,264.66473388671875,1.1661992073059082,-6.2088823318481445,285.375732421875
3247,-84.80631256103516,-88.96203756332397,237,246.03575134277344,0.0001,1,a2c_opt2_seed1,5.13203763961792,344.1489562988281,1.109406590461731,6.0775041580200195,322.3415222167969
3251,-183.24468994140625,-82.09486501693726,261,330.7872009277344,0.0001,1,a2c_opt2_seed1,-4.458969593048096,478.9239501953125,1.1409804821014404,-3.8514418601989746,287.9147033691406
3251,-183.24468994140625,-82.09486501693726,261,93.1037368774414,0.0001,1,a2c_opt2_seed1,0.0530371367931366,132.93038940429688,1.1474758386611938,0.18343529105186462,49.23193359375
3252,-301.2198486328125,-88.53523092269897,263,364.01629638671875,0.0001,1,a2c_opt2_seed1,-9.275053977966309,533.274169921875,1.1166404485702515,-8.234819412231445,541.9699096679688
3256,-47.00419616699219,-95.17063848495484,240,249.96571350097656,0.0001,1,a2c_opt2_seed1,-1.616150975227356,359.40350341796875,1.1677902936935425,-1.5030670166015625,109.10913848876953
3256,-47.00419616699219,-95.17063848495484,240,84.77104949951172,0.0001,1,a2c_opt2_seed1,3.48539400100708,116.12319946289062,1.1729720830917358,3.2204716205596924,103.60643005371094
3256,-47.00419616699219,-95.17063848495484,240,110.4123306274414,0.0001,1,a2c_opt2_seed1,5.525071620941162,149.83978271484375,1.1799519062042236,5.090994358062744,192.0258331298828
3259,-37.779937744140625,-96.33372930526734,293,209.29026794433594,0.0001,1,a2c_opt2_seed1,-5.499335765838623,306.8431396484375,1.1919716596603394,-5.132205009460449,225.13726806640625
3262,-94.13967895507812,-97.66299741744996,258,140.8415069580078,0.0001,1,a2c_opt2_seed1,-3.3675925731658936,206.0138702392578,1.1859328746795654,-2.5321969985961914,109.95304107666016
3263,-40.28981018066406,-98.52012006759644,123,97.35398864746094,0.0001,1,a2c_opt2_seed1,0.8207698464393616,137.90542602539062,1.1584486961364746,1.4437248706817627,67.40811157226562
3265,-42.96400833129883,-93.02925863265992,151,207.2678680419922,0.0001,1,a2c_opt2_seed1,8.34213638305664,284.1804504394531,1.16051185131073,8.606916427612305,274.80914306640625
3268,-15.619161605834961,-92.14281114578247,1001,123.87936401367188,0.0001,1,a2c_opt2_seed1,-4.2515106201171875,183.04495239257812,1.1914596557617188,-2.9451990127563477,122.89224243164062
3271,-112.77814483642578,-93.49455217361451,308,125.36082458496094,0.0001,1,a2c_opt2_seed1,-4.787026405334473,185.9263153076172,1.1445761919021606,-2.999389886856079,122.23342895507812
3272,-14.685478210449219,-92.48238832473754,134,189.960693359375,0.0001,1,a2c_opt2_seed1,7.186494827270508,261.1067810058594,1.1005998849868774,7.434422492980957,253.94650268554688
3276,-174.7751922607422,-91.32063722610474,240,247.2157745361328,0.0001,1,a2c_opt2_seed1,-8.022773742675781,364.6272888183594,1.12226140499115,-7.27738618850708,358.74847412109375
3279,-119.56739807128906,-92.65734651565552,243,135.80160522460938,0.0001,1,a2c_opt2_seed1,-3.164970636367798,198.52452087402344,1.153268814086914,-2.0710947513580322,115.53816223144531
3279,-119.56739807128906,-92.65734651565552,243,120.29005432128906,0.0001,1,a2c_opt2_seed1,2.1552047729492188,168.76487731933594,1.1260379552841187,2.8271665573120117,101.91081237792969
3281,-42.62836837768555,-93.01809314727784,188,156.8394317626953,0.0001,1,a2c_opt2_seed1,-4.1196417808532715,229.9423370361328,1.1145424842834473,-3.5273966789245605,120.03618621826172
3284,-37.61246871948242,-95.73331493377685,216,216.91322326660156,0.0001,1,a2c_opt2_seed1,-6.504826068878174,319.16943359375,1.0957117080688477,-5.502800464630127,284.48388671875
3286,-204.71282958984375,-103.26725040435791,252,297.5273132324219,0.0001,1,a2c_opt2_seed1,0.88861483335495,423.7703857421875,1.1081211566925049,1.03266179561615,152.85302734375
3289,-49.364994049072266,-102.2738009262085,148,188.0576934814453,0.0001,1,a2c_opt2_seed1,5.056297779083252,261.4313659667969,1.1353209018707275,4.827117443084717,227.30203247070312
3290,-15.509834289550781,-100.21234966278077,188,94.43950653076172,0.0001,1,a2c_opt2_seed1,3.025815486907959,130.591796875,1.1252974271774292,3.7584009170532227,149.49610900878906
3294,-157.03602600097656,-103.57123851776123,526,284.344482421875,0.0001,1,a2c_opt2_seed1,-6.617234230041504,415.660400390625,1.120692491531372,-4.934858322143555,339.1292724609375
3296,-149.20758056640625,-104.52838802337646,153,320.07635498046875,0.0001,1,a2c_opt2_seed1,-0.3320474624633789,457.7271423339844,1.1443569660186768,-0.17094802856445312,107.34546661376953
3297,-45.97434997558594,-103.75174877166748,297,124.92913055419922,0.0001,1,a2c_opt2_seed1,-0.6859339475631714,179.450927734375,1.1583592891693115,0.19598734378814697,53.698116302490234
3298,-42.03274154663086,-102.4884875869751,142,152.07005310058594,0.0001,1,a2c_opt2_seed1,4.322646141052246,211.06854248046875,1.133896827697754,4.154980659484863,168.19606018066406
3300,-96.96017456054688,-101.91827457427979,285,322.0536193847656,0.0001,1,a2c_opt2_seed1,7.927287578582764,448.75274658203125,1.1888868808746338,8.160158157348633,349.7248229980469
3302,-104.2256851196289,-96.17494785308838,310,99.04264068603516,0.0001,1,a2c_opt2_seed1,1.2819794416427612,139.65895080566406,1.1985399723052979,1.5204697847366333,53.72944259643555
3302,-104.2256851196289,-96.17494785308838,310,99.82145690917969,0.0001,1,a2c_opt2_seed1,3.9018642902374268,137.02883911132812,1.1841353178024292,3.788632392883301,120.7204818725586
3304,-40.90896224975586,-87.04090312957764,174,122.71112060546875,0.0001,1,a2c_opt2_seed1,-1.5737805366516113,177.5507049560547,1.1807715892791748,-0.5108528137207031,65.9852294921875
3305,-15.884002685546875,-86.59536434173584,220,188.23202514648438,0.0001,1,a2c_opt2_seed1,7.547840595245361,258.1211242675781,1.2001349925994873,6.545977592468262,287.17633056640625
3306,-31.570640563964844,-86.2866932296753,310,110.54027557373047,0.0001,1,a2c_opt2_seed1,-2.081817626953125,160.88955688476562,1.196930170059204,-1.8808794021606445,66.8328628540039
3308,-231.62611389160156,-86.38322597503662,445,429.4140319824219,0.0001,1,a2c_opt2_seed1,-0.3102693557739258,613.8927001953125,1.148310661315918,0.6769685745239258,205.23672485351562
3308,-231.62611389160156,-86.38322597503662,445,99.8262939453125,0.0001,1,a2c_opt2_seed1,4.946500778198242,135.54339599609375,1.1712441444396973,4.210171222686768,149.5148468017578
3310,-112.27613830566406,-87.72863170623779,303,87.11129760742188,0.0001,1,a2c_opt2_seed1,2.9680376052856445,120.20549011230469,1.1695914268493652,3.499359130859375,109.3053207397461
3312,-58.93339538574219,-83.78301982879638,193,139.9561309814453,0.0001,1,a2c_opt2_seed1,2.6762585639953613,196.11495971679688,1.1954941749572754,2.7269773483276367,78.66730499267578
3313,-47.478153228759766,-83.9267866897583,110,144.56985473632812,0.0001,1,a2c_opt2_seed1,5.330427646636963,198.91432189941406,1.1930298805236816,4.978468418121338,184.4669647216797
3314,4.494468688964844,-81.23637851715088,135,102.45927429199219,0.0001,1,a2c_opt2_seed1,4.132632732391357,140.46751403808594,1.2164058685302734,3.9934351444244385,138.99412536621094
3318,-55.818607330322266,-81.3815563583374,1001,180.11502075195312,0.0001,1,a2c_opt2_seed1,0.8398720026016235,256.10821533203125,1.2033123970031738,1.6998229026794434,105.16592407226562
3319,24.82819366455078,-78.52369609832763,199,69.69048309326172,0.0001,1,a2c_opt2_seed1,1.6782233715057373,97.16120910644531,1.167829155921936,2.0360233783721924,63.68657684326172
3321,-4.044586181640625,-76.69147319793701,130,196.65444946289062,0.0001,1,a2c_opt2_seed1,-0.9759855270385742,282.33001708984375,1.165529727935791,0.13128259778022766,65.15328216552734
3322,-73.64398193359375,-77.8706432723999,216,160.5758514404297,0.0001,1,a2c_opt2_seed1,-1.861533761024475,232.05421447753906,1.1419401168823242,-0.7543220520019531,84.66497039794922
3325,-386.2419128417969,-80.22910427093505,248,415.5687561035156,0.0001,1,a2c_opt2_seed1,-0.37481099367141724,594.2059326171875,1.1399412155151367,-2.559122323989868,326.1709289550781
3325,-386.2419128417969,-80.22910427093505,248,126.35556030273438,0.0001,1,a2c_opt2_seed1,4.5756988525390625,173.97207641601562,1.1791740655899048,4.4600043296813965,149.03196716308594
3326,-34.11347198486328,-77.41586986541748,116,137.9221954345703,0.0001,1,a2c_opt2_seed1,4.395603656768799,190.7531280517578,1.2052338123321533,3.156548261642456,143.55735778808594
3328,-45.14228439331055,-77.73035818099976,322,112.1111831665039,0.0001,1,a2c_opt2_seed1,4.944981575012207,153.09542846679688,1.199782133102417,4.553762435913086,167.36228942871094
3328,-45.14228439331055,-77.73035818099976,322,86.03870391845703,0.0001,1,a2c_opt2_seed1,4.001273155212402,117.19718170166016,1.1903258562088013,4.013354301452637,127.82604217529297
3331,-28.593414306640625,-79.7453102684021,139,276.5559387207031,0.0001,1,a2c_opt2_seed1,-3.1880390644073486,399.6351318359375,1.2001004219055176,-2.9968514442443848,219.30874633789062
3332,-11.082160949707031,-76.37205541610717,1001,72.15823364257812,0.0001,1,a2c_opt2_seed1,2.193509101867676,99.95046997070312,1.199947476387024,2.306016206741333,78.59285736083984
3333,-43.876155853271484,-73.70229398727417,150,147.51478576660156,0.0001,1,a2c_opt2_seed1,1.2692210674285889,208.92308044433594,1.1766457557678223,1.4265596866607666,77.44209289550781
3334,-52.701942443847656,-74.00408346176147,393,110.51155853271484,0.0001,1,a2c_opt2_seed1,0.3544055223464966,157.36817932128906,1.148260235786438,0.4645170271396637,35.93223571777344
3335,-63.575904846191406,-71.57303625106812,274,236.65574645996094,0.0001,1,a2c_opt2_seed1,2.3101108074188232,334.78033447265625,1.175091028213501,1.7470173835754395,117.18278503417969
3338,-9.997299194335938,-69.6212053489685,126,76.76151275634766,0.0001,1,a2c_opt2_seed1,-0.46080267429351807,110.31845092773438,1.1996287107467651,-0.7179081439971924,42.53700256347656
3338,-9.997299194335938,-69.6212053489685,126,86.6875991821289,0.0001,1,a2c_opt2_seed1,0.9050881862640381,122.54727935791016,1.1771202087402344,0.9818522930145264,60.79056167602539
3341,-0.1880035400390625,-69.84516881942749,154,133.2714385986328,0.0001,1,a2c_opt2_seed1,-1.322553277015686,192.27796936035156,1.1576656103134155,-0.7999343872070312,70.73872375488281
3342,-59.51494216918945,-71.01082929611206,186,67.1786117553711,0.0001,1,a2c_opt2_seed1,1.0205377340316772,94.51233673095703,1.1352477073669434,1.7941005229949951,61.910438537597656
3344,-183.25241088867188,-66.62053174972534,165,304.76904296875,0.0001,1,a2c_opt2_seed1,2.695361614227295,431.53466796875,1.154951572418213,2.4972662925720215,137.62277221679688
3347,4.196162700653076,-60.6874032497406,1001,81.03759765625,0.0001,1,a2c_opt2_seed1,0.17215496301651,115.52291870117188,1.2012584209442139,0.08901256322860718,36.52919387817383
3349,-35.571266174316406,-59.78468001365662,229,105.26470947265625,0.0001,1,a2c_opt2_seed1,3.404615879058838,145.51524353027344,1.1524078845977783,3.5461273193359375,140.4118194580078
3349,-35.571266174316406,-59.78468001365662,229,137.3007354736328,0.0001,1,a2c_opt2_seed1,-4.088623523712158,201.985595703125,1.1120198965072632,-3.217838764190674,146.70184326171875
3352,-248.09323120117188,-60.282043828964234,250,254.3379669189453,0.0001,1,a2c_opt2_seed1,-5.673799991607666,371.4461364746094,1.076746940612793,-5.243347644805908,317.36260986328125
3353,-131.86599731445312,-61.18697470664978,170,180.04644775390625,0.0001,1,a2c_opt2_seed1,1.0781408548355103,255.66983032226562,1.1344720125198364,1.9495998620986938,95.2735824584961
3357,-209.0224609375,-68.9848227596283,343,259.21685791015625,0.0001,1,a2c_opt2_seed1,-5.535999774932861,378.21923828125,1.1438570022583008,-4.987575054168701,300.2264099121094
3357,-209.0224609375,-68.9848227596283,343,69.38883209228516,0.0001,1,a2c_opt2_seed1,5.151677131652832,91.76817321777344,1.1323660612106323,4.682154178619385,141.50270080566406
3359,-64.5220947265625,-64.4280218410492,206,166.81227111816406,0.0001,1,a2c_opt2_seed1,4.524387359619141,231.84063720703125,1.092100739479065,5.062460899353027,154.82203674316406
3363,-121.37147521972656,-62.83220938682556,242,203.1566925048828,0.0001,1,a2c_opt2_seed1,3.3667211532592773,285.4150695800781,1.1181491613388062,3.4909067153930664,124.62049865722656
3364,-47.935848236083984,-63.880815725326535,133,140.97023010253906,0.0001,1,a2c_opt2_seed1,1.8836636543273926,198.69590759277344,1.1423020362854004,2.4702038764953613,109.33287048339844
3365,-8.114532470703125,-63.53357508659363,173,104.66100311279297,0.0001,1,a2c_opt2_seed1,2.937662124633789,145.31988525390625,1.1516607999801636,2.464153289794922,66.49952697753906
3369,-77.83865356445312,-64.38419421195984,395,159.05252075195312,0.0001,1,a2c_opt2_seed1,-4.554238796234131,233.72476196289062,1.1279038190841675,-3.352397918701172,123.3481216430664
3372,-10.774894714355469,-64.91946467399598,92,126.35104370117188,0.0001,1,a2c_opt2_seed1,-1.5413484573364258,182.7042236328125,1.110680341720581,-1.4886547327041626,96.81233215332031
3372,-10.774894714355469,-64.91946467399598,92,232.368896484375,0.0001,1,a2c_opt2_seed1,7.506686210632324,321.2325439453125,1.1263794898986816,7.6364827156066895,278.0772705078125
3373,-19.482528686523438,-65.56552027702331,134,192.3740997314453,0.0001,1,a2c_opt2_seed1,-5.614475250244141,282.8416442871094,1.164584994316101,-4.771081924438477,189.95098876953125
3376,-248.83676147460938,-64.13011569023132,260,403.2830810546875,0.0001,1,a2c_opt2_seed1,-4.527055263519287,582.5867309570312,1.1265044212341309,-3.685873031616211,252.23484802246094
3378,-139.77064514160156,-69.94145974159241,223,112.70301818847656,0.0001,1,a2c_opt2_seed1,0.35278528928756714,160.5011749267578,1.1776483058929443,0.9827461838722229,64.6570816040039
3378,-139.77064514160156,-69.94145974159241,223,113.9384765625,0.0001,1,a2c_opt2_seed1,6.804366588592529,153.049560546875,1.1552554368972778,6.792228698730469,201.76368713378906
3379,13.082069396972656,-65.0423159122467,175,117.65581512451172,0.0001,1,a2c_opt2_seed1,-4.2096452713012695,174.09434509277344,1.1570762395858765,-3.3631432056427,132.10980224609375
3381,-132.1956329345703,-68.38329743385314,223,207.58038330078125,0.0001,1,a2c_opt2_seed1,4.738958358764648,289.7743225097656,1.1901142597198486,3.7105393409729004,157.98458862304688
3383,-195.79132080078125,-70.39589280128479,408,184.01498413085938,0.0001,1,a2c_opt2_seed1,-1.9857945442199707,265.7162780761719,1.2157260179519653,-2.6335465908050537,187.30389404296875
3383,-195.79132080078125,-70.39589280128479,408,57.630088806152344,0.0001,1,a2c_opt2_seed1,-1.94606351852417,85.10964965820312,1.2030177116394043,-1.404178261756897,65.84127807617188
3383,-195.79132080078125,-70.39589280128479,408,137.38023376464844,0.0001,1,a2c_opt2_seed1,2.0581862926483154,193.31805419921875,1.1735001802444458,2.491607189178467,103.11202239990234
3383,-195.79132080078125,-70.39589280128479,408,291.32354736328125,0.0001,1,a2c_opt2_seed1,-3.071537971496582,420.56524658203125,1.139427661895752,-3.4454455375671387,240.72535705566406
3387,-239.6049346923828,-76.15995560646057,325,354.23211669921875,0.0001,1,a2c_opt2_seed1,-4.817753314971924,512.92919921875,1.1431066989898682,-4.977971076965332,369.02789306640625
3388,-279.7883605957031,-81.55577683448792,360,48.80427932739258,0.0001,1,a2c_opt2_seed1,2.220777988433838,66.5487060546875,1.191938042640686,2.212477684020996,54.2925910949707
3390,-73.99209594726562,-86.01611123085021,138,277.5833435058594,0.0001,1,a2c_opt2_seed1,-3.361086368560791,401.35003662109375,1.1602809429168701,-1.5815128087997437,170.56658935546875
3392,-44.420711517333984,-86.07940697669983,206,88.4372787475586,0.0001,1,a2c_opt2_seed1,-4.363016128540039,132.57269287109375,1.1724553108215332,-3.401050090789795,121.54759216308594
3393,-151.36660766601562,-89.88251854896545,233,124.78787231445312,0.0001,1,a2c_opt2_seed1,-0.6056619882583618,179.13446044921875,1.175805687904358,-0.5795800685882568,118.2005615234375
3396,-44.583805084228516,-87.03501160621643,187,150.73239135742188,0.0001,1,a2c_opt2_seed1,1.4274179935455322,213.2936553955078,1.167037010192871,1.8626459836959839,102.55403137207031
3396,-44.583805084228516,-87.03501160621643,187,120.00788116455078,0.0001,1,a2c_opt2_seed1,2.6546173095703125,167.64834594726562,1.1528735160827637,3.051116466522217,132.21128845214844
3401,-246.84950256347656,-90.02374013900757,284,140.9653778076172,0.0001,1,a2c_opt2_seed1,-0.9933755397796631,202.79904174804688,1.1271588802337646,-1.019289255142212,148.68812561035156
3401,-246.84950256347656,-90.02374013900757,284,141.9332733154297,0.0001,1,a2c_opt2_seed1,6.896486759185791,192.91050720214844,1.1284639835357666,7.627293586730957,225.61489868164062
3402,3.5555419921875,-84.99076467514038,171,184.8885498046875,0.0001,1,a2c_opt2_seed1,-0.4672356843948364,264.7947998046875,1.1290578842163086,-0.094795823097229,84.40690612792969
3405,-42.915653228759766,-87.90155782699586,195,112.1171875,0.0001,1,a2c_opt2_seed1,1.8821594715118408,157.4794464111328,1.165310025215149,1.7587075233459473,73.08656311035156
3406,-117.44572448730469,-83.60365224838257,375,90.10269927978516,0.0001,1,a2c_opt2_seed1,1.106651782989502,127.13807678222656,1.2065749168395996,1.1040866374969482,57.20891189575195
3406,-117.44572448730469,-83.60365224838257,375,99.76912689208984,0.0001,1,a2c_opt2_seed1,2.7340807914733887,138.62234497070312,1.1804134845733643,2.529038667678833,103.5002670288086
3408,-78.51744079589844,-81.33637907028198,217,98.70310974121094,0.0001,1,a2c_opt2_seed1,0.5446214079856873,140.22726440429688,1.1902788877487183,0.6758164763450623,36.875823974609375
3408,-78.51744079589844,-81.33637907028198,217,120.42352294921875,0.0001,1,a2c_opt2_seed1,1.7104368209838867,169.59097290039062,1.1794407367706299,2.178595542907715,91.40885162353516
3411,-26.606353759765625,-83.29801969528198,292,103.72526550292969,0.0001,1,a2c_opt2_seed1,-0.4160509705543518,148.774169921875,1.1962201595306396,0.033879250288009644,39.36943817138672
3412,-71.72453308105469,-83.8994532585144,158,101.04042053222656,0.0001,1,a2c_opt2_seed1,2.954624891281128,140.1234130859375,1.1882555484771729,2.839694023132324,90.51603698730469
3415,-15.352279663085938,-82.53194890975952,306,134.8957977294922,0.0001,1,a2c_opt2_seed1,-5.971068382263184,201.23922729492188,1.1771320104599,-4.289793491363525,151.6888427734375
3417,-106.9986343383789,-83.32760610580445,220,107.11370849609375,0.0001,1,a2c_opt2_seed1,-0.9526782035827637,154.38137817382812,1.1585791110992432,0.23383522033691406,49.79219055175781
3419,-47.340675354003906,-84.32885953903198,97,143.68154907226562,0.0001,1,a2c_opt2_seed1,-5.804335117340088,213.55209350585938,1.1530683040618896,-4.182407379150391,139.3826141357422
3420,-48.512176513671875,-84.57245595932007,184,395.0269775390625,0.0001,1,a2c_opt2_seed1,-3.464437961578369,569.2742919921875,1.139050006866455,-2.594919204711914,400.75457763671875
3424,-3.2655105590820312,-85.41095937728882,203,90.21692657470703,0.0001,1,a2c_opt2_seed1,0.13262814283370972,128.69268798828125,1.1571614742279053,1.0307273864746094,58.024112701416016
3425,-136.1940155029297,-87.07955350875855,235,206.2988739013672,0.0001,1,a2c_opt2_seed1,5.4926862716674805,286.8667907714844,1.1347556114196777,6.181757926940918,146.21722412109375
3429,43.42195129394531,-75.61380262374878,142,166.1995086669922,0.0001,1,a2c_opt2_seed1,-1.5422544479370117,239.6319122314453,1.1505306959152222,-0.5604349374771118,78.71068572998047
3430,-32.55091857910156,-74.26274381637573,167,212.2105255126953,0.0001,1,a2c_opt2_seed1,-3.9879539012908936,308.8558044433594,1.1565781831741333,-2.546027421951294,194.6731414794922
3431,-182.7220458984375,-75.27327207565308,234,146.1757354736328,0.0001,1,a2c_opt2_seed1,1.5728058815002441,206.57644653320312,1.1567752361297607,2.1891207695007324,103.35091400146484
3434,-36.356285095214844,-73.78001516342164,198,162.3916473388672,0.0001,1,a2c_opt2_seed1,2.4172191619873047,228.53573608398438,1.1487817764282227,2.91403865814209,71.90412902832031
3436,21.463050842285156,-68.16676771163941,144,100.28329467773438,0.0001,1,a2c_opt2_seed1,1.654837727546692,140.8986358642578,1.1692781448364258,1.6245877742767334,41.24245834350586
3438,-22.158340454101562,-59.10962202072144,137,195.1370849609375,0.0001,1,a2c_opt2_seed1,2.201167345046997,275.62353515625,1.1384005546569824,3.469709873199463,144.668212890625
3439,15.137794494628906,-54.63061429977417,120,107.7529525756836,0.0001,1,a2c_opt2_seed1,3.196126937866211,149.36773681640625,1.177932858467102,3.542323112487793,108.66754150390625
3441,-3.7712478637695312,-57.03643171310425,102,307.7107849121094,0.0001,1,a2c_opt2_seed1,1.2431856393814087,437.81170654296875,1.1926157474517822,1.4681390523910522,142.68190002441406
3443,15.955650329589844,-53.89317121505737,179,179.3824005126953,0.0001,1,a2c_opt2_seed1,-4.655391693115234,262.9120178222656,1.2123258113861084,-3.179324150085449,147.39871215820312
3446,-24.906173706054688,-54.1348479270935,163,130.69557189941406,0.0001,1,a2c_opt2_seed1,-5.434109687805176,194.4718017578125,1.1573153734207153,-3.6280345916748047,118.75525665283203
3446,-24.906173706054688,-54.1348479270935,163,232.04928588867188,0.0001,1,a2c_opt2_seed1,9.673245429992676,317.68084716796875,1.1114528179168701,9.177579879760742,276.533447265625
3449,-37.313514709472656,-57.23141653060913,166,290.9413757324219,0.0001,1,a2c_opt2_seed1,1.0936368703842163,414.06903076171875,1.178378701210022,1.4226186275482178,87.18614959716797
3451,7.974525451660156,-52.152144317626956,185,51.127899169921875,0.0001,1,a2c_opt2_seed1,-0.3822231888771057,73.58672332763672,1.1605355739593506,0.31475862860679626,39.54890441894531
3453,14.154228210449219,-49.37377792358399,154,115.42780303955078,0.0001,1,a2c_opt2_seed1,1.1706962585449219,163.22525024414062,1.1466031074523926,1.3342809677124023,63.76451110839844
3456,24.008544921875,-44.62773761749268,150,215.0039825439453,0.0001,1,a2c_opt2_seed1,4.2406415939331055,301.09130859375,1.1484965085983276,5.159053325653076,170.29270935058594
3459,42.38862609863281,-40.49000919342041,149,84.81060791015625,0.0001,1,a2c_opt2_seed1,1.3888089656829834,119.1748046875,1.132348656654358,1.752184510231018,44.534019470214844
3460,-1.9592514038085938,-38.740406074523925,209,96.49565887451172,0.0001,1,a2c_opt2_seed1,-0.07057660818099976,137.95257568359375,1.124258279800415,0.8621819019317627,51.017791748046875
3462,-41.5440673828125,-38.531002311706544,208,136.65029907226562,0.0001,1,a2c_opt2_seed1,0.6304057836532593,194.31495666503906,1.1276150941848755,1.693475604057312,67.01400756835938
3466,-68.17620849609375,-39.210163078308106,248,244.8841094970703,0.0001,1,a2c_opt2_seed1,-0.9955284595489502,351.2574462890625,1.1256699562072754,0.11727273464202881,88.07562255859375
3468,-12.436752319335938,-35.779009895324705,242,101.78834533691406,0.0001,1,a2c_opt2_seed1,1.0373181104660034,143.93087768554688,1.1556168794631958,1.375452995300293,44.918739318847656
3470,-8.076225280761719,-33.92434238433838,180,143.52685546875,0.0001,1,a2c_opt2_seed1,3.670114040374756,199.796142578125,1.126999855041504,4.200666904449463,97.83672332763672
3471,18.06793212890625,-26.265234718322755,220,71.00260162353516,0.0001,1,a2c_opt2_seed1,1.0581696033477783,99.92141723632812,1.1199870109558105,1.470252275466919,48.42829513549805
3474,-12.042747497558594,-28.268388710021974,140,137.93423461914062,0.0001,1,a2c_opt2_seed1,-3.3687126636505127,201.86215209960938,1.1107568740844727,-1.7318150997161865,95.96240234375
3476,-15.424781799316406,-26.844190254211426,283,102.11444854736328,0.0001,1,a2c_opt2_seed1,3.729949712753296,140.5500946044922,1.1256170272827148,3.4666593074798584,106.87592315673828
3478,14.478529930114746,-25.507867031097412,1001,84.2862548828125,0.0001,1,a2c_opt2_seed1,5.107771396636963,113.1129150390625,1.1124165058135986,5.229165554046631,131.03741455078125
3479,-30.31775665283203,-26.98266119003296,324,161.41920471191406,0.0001,1,a2c_opt2_seed1,1.4607833623886108,228.51284790039062,1.1330289840698242,2.240488290786743,84.84053802490234
3483,-41.76590347290039,-25.847902660369872,245,193.953125,0.0001,1,a2c_opt2_seed1,-7.834259986877441,288.26849365234375,1.1335947513580322,-6.559702396392822,228.27415466308594
3483,-41.76590347290039,-25.847902660369872,245,92.18555450439453,0.0001,1,a2c_opt2_seed1,4.9418511390686035,124.63467407226562,1.13380765914917,4.386826038360596,107.8149185180664
3485,-97.33690643310547,-24.93499532699585,266,82.52337646484375,0.0001,1,a2c_opt2_seed1,0.010426372289657593,117.8764419555664,1.1323776245117188,0.9181064963340759,47.47563552856445
3487,9.542922973632812,-24.380655422210694,173,106.3235092163086,0.0001,1,a2c_opt2_seed1,-2.8115036487579346,155.90798950195312,1.1592732667922974,-2.049861192703247,77.98760986328125
3488,-36.08922576904297,-24.659273128509522,266,114.40589904785156,0.0001,1,a2c_opt2_seed1,1.3698759078979492,161.4808349609375,1.1143280267715454,1.9422203302383423,59.379268646240234
3491,38.06443786621094,-20.947277126312255,209,243.72015380859375,0.0001,1,a2c_opt2_seed1,2.2120845317840576,345.0123291015625,1.1041300296783447,2.820305824279785,151.90176391601562
3492,-67.8726806640625,-21.213131847381593,196,79.80083465576172,0.0001,1,a2c_opt2_seed1,-0.5850330591201782,114.83776092529297,1.1228963136672974,-0.8905004262924194,83.5482177734375
3494,-100.0308609008789,-26.781987285614015,203,187.60476684570312,0.0001,1,a2c_opt2_seed1,-3.995283603668213,273.7151794433594,1.1230754852294922,-4.779045581817627,207.93373107910156
3495,-12.67596435546875,-26.21846212387085,241,159.88783264160156,0.0001,1,a2c_opt2_seed1,2.5419974327087402,224.78057861328125,1.136995553970337,3.3701817989349365,110.85832977294922
3497,-190.5716552734375,-26.90045286178589,267,316.2369384765625,0.0001,1,a2c_opt2_seed1,-3.850834846496582,457.2690124511719,1.1237040758132935,-3.0056662559509277,219.36410522460938
3498,15.665718078613281,-25.897571392059326,179,236.26475524902344,0.0001,1,a2c_opt2_seed1,1.3363326787948608,335.61285400390625,1.152565836906433,1.5311126708984375,146.79107666015625
3498,15.665718078613281,-25.897571392059326,179,57.18412399291992,0.0001,1,a2c_opt2_seed1,0.19779494404792786,81.40985107421875,1.1350913047790527,0.4594992399215698,34.043827056884766
3500,-77.14082336425781,-30.91283323287964,205,110.64759063720703,0.0001,1,a2c_opt2_seed1,-0.431175172328949,158.6847686767578,1.139644980430603,-0.051925480365753174,47.092533111572266
3503,-150.6847381591797,-35.69916715621948,105,253.21202087402344,0.0001,1,a2c_opt2_seed1,-6.683382511138916,371.2799377441406,1.1384491920471191,-5.2504119873046875,263.7051086425781
3504,-18.62944793701172,-36.47677995681763,118,138.9404754638672,0.0001,1,a2c_opt2_seed1,3.9094595909118652,192.9022979736328,1.1520025730133057,3.8900656700134277,90.35163879394531
3505,-31.492996215820312,-36.481960163116455,279,62.38208770751953,0.0001,1,a2c_opt2_seed1,1.7784624099731445,86.57743072509766,1.1537890434265137,1.9763901233673096,54.509586334228516
3509,5.6362762451171875,-37.326481380462646,119,140.3802947998047,0.0001,1,a2c_opt2_seed1,-1.0778169631958008,202.0838623046875,1.161582350730896,-0.23159241676330566,72.86995697021484
3512,-247.4180908203125,-40.7258318901062,510,423.0538330078125,0.0001,1,a2c_opt2_seed1,-4.7576775550842285,611.16015625,1.1661945581436157,-5.607514381408691,271.3487243652344
3512,-247.4180908203125,-40.7258318901062,510,24.996904373168945,0.0001,1,a2c_opt2_seed1,-0.16330499947071075,35.943946838378906,1.1060459613800049,0.09521177411079407,17.56120491027832
3513,-44.9611930847168,-40.687093868255616,94,89.01744842529297,0.0001,1,a2c_opt2_seed1,-0.3736172616481781,127.70231628417969,1.0963329076766968,0.18251439929008484,40.21855926513672
3513,-44.9611930847168,-40.687093868255616,94,89.82393646240234,0.0001,1,a2c_opt2_seed1,2.6644484996795654,124.51433563232422,1.1035828590393066,2.626089572906494,62.59906005859375
3514,-142.15475463867188,-42.82449010848999,328,253.8800506591797,0.0001,1,a2c_opt2_seed1,3.8343682289123535,357.20892333984375,1.1258331537246704,4.124170303344727,149.27371215820312
3515,19.71941566467285,-41.63859209060669,1001,65.72271728515625,0.0001,1,a2c_opt2_seed1,-1.1380771398544312,95.51624298095703,1.1503371000289917,-0.7925395965576172,32.547054290771484
3519,-338.29437255859375,-49.133976230621336,431,286.4999694824219,0.0001,1,a2c_opt2_seed1,-3.7960009574890137,414.7093200683594,1.1075536012649536,-2.992445707321167,289.31451416015625
3519,-338.29437255859375,-49.133976230621336,431,85.79266357421875,0.0001,1,a2c_opt2_seed1,-0.258497953414917,122.9310531616211,1.1421990394592285,0.11544990539550781,85.22520446777344
3520,-253.2115020751953,-54.03668176651001,401,272.30279541015625,0.0001,1,a2c_opt2_seed1,-2.5491857528686523,392.64654541015625,1.1524782180786133,-1.8764054775238037,203.9994659423828
3521,-51.54853057861328,-55.4290110206604,238,167.70196533203125,0.0001,1,a2c_opt2_seed1,-4.512088775634766,246.02093505859375,1.1765477657318115,-3.8902266025543213,112.0393295288086
3524,-29.640884399414062,-59.523734378814694,311,153.05564880371094,0.0001,1,a2c_opt2_seed1,-1.5559333562850952,220.8745574951172,1.1761345863342285,-2.79872465133667,106.4810562133789
3524,-29.640884399414062,-59.523734378814694,311,44.767913818359375,0.0001,1,a2c_opt2_seed1,-0.9453408718109131,65.30547332763672,1.154592514038086,-0.493121862411499,38.309749603271484
3524,-29.640884399414062,-59.523734378814694,311,49.34354019165039,0.0001,1,a2c_opt2_seed1,0.9991557598114014,69.06423950195312,1.1651549339294434,1.1539984941482544,44.0870475769043
3525,-50.447933197021484,-59.28458696365357,197,235.3438720703125,0.0001,1,a2c_opt2_seed1,6.813693523406982,326.4725341796875,1.1894398927688599,6.7444634437561035,231.79122924804688
3525,-50.447933197021484,-59.28458696365357,197,58.090755462646484,0.0001,1,a2c_opt2_seed1,-0.5064628720283508,83.71119689941406,1.2382774353027344,-0.24567866325378418,27.799095153808594
3526,-29.424213409423828,-59.564575595855715,1001,54.51319122314453,0.0001,1,a2c_opt2_seed1,0.5428034663200378,77.10140991210938,1.2014106512069702,0.9606432914733887,39.85237121582031
3526,-29.424213409423828,-59.564575595855715,1001,85.115478515625,0.0001,1,a2c_opt2_seed1,0.6365469694137573,120.68504333496094,1.1825823783874512,0.5277923345565796,78.79547882080078
3529,-52.39704513549805,-64.07807159423828,444,269.62548828125,0.0001,1,a2c_opt2_seed1,-0.3828088939189911,385.72698974609375,1.188398838043213,-0.12028872966766357,102.57158660888672
3529,-52.39704513549805,-64.07807159423828,444,96.60018157958984,0.0001,1,a2c_opt2_seed1,2.8976457118988037,133.8616485595703,1.2346757650375366,2.687694787979126,90.15673828125
3529,-52.39704513549805,-64.07807159423828,444,102.47186279296875,0.0001,1,a2c_opt2_seed1,-6.323153018951416,155.4223175048828,1.2177499532699585,-5.609364032745361,139.05545043945312
3530,-105.960205078125,-64.42027282714844,1001,74.84284973144531,0.0001,1,a2c_opt2_seed1,0.46311286091804504,106.25761413574219,1.1689319610595703,0.7697635889053345,58.07061004638672
3531,-100.16401672363281,-64.14519729614258,284,118.94837951660156,0.0001,1,a2c_opt2_seed1,-0.2980240285396576,170.3528594970703,1.1931499242782593,-0.9320961236953735,114.3831558227539
3532,66.32579040527344,-62.26609420776367,1001,98.7519760131836,0.0001,1,a2c_opt2_seed1,-1.4205752611160278,143.10450744628906,1.2061514854431152,-1.9421430826187134,125.24508666992188
3533,-333.70977783203125,-68.10497169494629,334,108.52998352050781,0.0001,1,a2c_opt2_seed1,3.951164722442627,149.39913940429688,1.163927674293518,3.065985918045044,90.58863067626953
3535,28.296171188354492,-66.91135204315185,1001,264.5386047363281,0.0001,1,a2c_opt2_seed1,-1.916567087173462,380.6510925292969,1.1293749809265137,-1.7869141101837158,153.54037475585938
3538,-49.014923095703125,-75.25657985687256,213,209.07431030273438,0.0001,1,a2c_opt2_seed1,-2.0327069759368896,301.582275390625,1.1445820331573486,-1.721896767616272,93.071044921875
3540,3.5181121826171875,-74.67647239685058,170,85.48593139648438,0.0001,1,a2c_opt2_seed1,2.900393486022949,117.98017883300781,1.1545512676239014,2.3560640811920166,62.29816818237305
3540,3.5181121826171875,-74.67647239685058,170,95.16280364990234,0.0001,1,a2c_opt2_seed1,0.8121004104614258,134.7875213623047,1.129122257232666,1.2915334701538086,56.14627456665039
3541,-41.15019607543945,-76.2607650756836,183,103.0158920288086,0.0001,1,a2c_opt2_seed1,-0.7069809436798096,148.17633056640625,1.114778995513916,0.36443352699279785,75.15519714355469
3543,-272.945556640625,-76.60986297607423,246,269.2589111328125,0.0001,1,a2c_opt2_seed1,-11.065946578979492,400.4648742675781,1.0971078872680664,-9.247505187988281,445.2413635253906
3545,-308.9122314453125,-81.92874923706054,320,234.88009643554688,0.0001,1,a2c_opt2_seed1,-5.806737422943115,343.8391418457031,1.11713707447052,-5.698545455932617,213.7531280517578
3547,-115.59837341308594,-82.09998733520507,215,171.53700256347656,0.0001,1,a2c_opt2_seed1,-1.2462704181671143,246.83409118652344,1.14951753616333,-0.9007681012153625,100.95738220214844
3550,-5.1082916259765625,-77.60825659751892,159,157.27005004882812,0.0001,1,a2c_opt2_seed1,0.44343480467796326,224.03883361816406,1.13459312915802,1.418791651725769,67.37602233886719
3551,-3.4662017822265625,-76.92700278282166,231,111.75717163085938,0.0001,1,a2c_opt2_seed1,1.9434874057769775,156.87747192382812,1.1010130643844604,2.469834327697754,87.44938659667969
3553,48.916748046875,-72.92390616416931,129,95.8731460571289,0.0001,1,a2c_opt2_seed1,-4.815459251403809,143.84165954589844,1.1064262390136719,-3.6112613677978516,142.6641387939453
3555,-135.53407287597656,-78.45570990562439,178,317.78759765625,0.0001,1,a2c_opt2_seed1,-1.581233263015747,456.24200439453125,1.0960661172866821,-1.687720537185669,255.7958984375
3559,-33.56822967529297,-83.66635615348815,181,79.07259368896484,0.0001,1,a2c_opt2_seed1,-4.931232452392578,120.00627899169922,1.144363522529602,-3.6423768997192383,116.9112548828125
3559,-33.56822967529297,-83.66635615348815,181,59.948936462402344,0.0001,1,a2c_opt2_seed1,1.6965696811676025,83.21846008300781,1.112329363822937,1.8233147859573364,42.5123291015625
3561,4.419395446777344,-82.58514094352722,229,139.3393096923828,0.0001,1,a2c_opt2_seed1,-0.3949856460094452,199.62118530273438,1.0784351825714111,-0.534048855304718,106.13449096679688
3563,-181.56884765625,-83.72846285820007,189,215.08731079101562,0.0001,1,a2c_opt2_seed1,-1.051934003829956,308.7711486816406,1.0896295309066772,-0.49628257751464844,142.1025848388672
3566,-294.4566650390625,-87.81417960166931,421,241.51177978515625,0.0001,1,a2c_opt2_seed1,-0.4378187656402588,345.6430969238281,1.1197466850280762,-0.4644918441772461,136.1137237548828
3566,-294.4566650390625,-87.81417960166931,421,87.47654724121094,0.0001,1,a2c_opt2_seed1,2.1660923957824707,121.87288665771484,1.1265569925308228,2.6507527828216553,83.14615631103516
3567,-70.09300231933594,-88.25521498680115,228,193.79380798339844,0.0001,1,a2c_opt2_seed1,-3.767446994781494,282.23114013671875,1.0987532138824463,-3.0722455978393555,136.0159149169922
3570,-196.27151489257812,-84.81445982933045,292,271.32177734375,0.0001,1,a2c_opt2_seed1,-2.5758514404296875,391.28314208984375,1.1230225563049316,-2.3096923828125,240.74200439453125
3571,-72.604248046875,-85.23557417869569,252,238.77171325683594,0.0001,1,a2c_opt2_seed1,-1.5233920812606812,343.279541015625,1.1334285736083984,-1.067046046257019,141.1038360595703
3572,-234.66546630859375,-88.06477675437927,369,195.75746154785156,0.0001,1,a2c_opt2_seed1,4.022056579589844,273.9085388183594,1.1397377252578735,3.910767078399658,145.95535278320312
3572,-234.66546630859375,-88.06477675437927,369,54.10631561279297,0.0001,1,a2c_opt2_seed1,0.47601598501205444,76.61553955078125,1.158324122428894,0.9623816013336182,37.88591384887695
3575,-72.85188293457031,-87.01875266075135,274,134.33377075195312,0.0001,1,a2c_opt2_seed1,2.3286240100860596,188.57962036132812,1.1964702606201172,2.138845443725586,60.78584289550781
3576,-17.040573120117188,-86.77107985496521,185,87.50801086425781,0.0001,1,a2c_opt2_seed1,0.28977787494659424,124.59835052490234,1.2184232473373413,1.2470253705978394,59.51123046875
3577,34.67442321777344,-86.08754729270935,155,108.16805267333984,0.0001,1,a2c_opt2_seed1,0.5820735692977905,153.6951141357422,1.2116602659225464,0.4487660527229309,37.44536209106445
3579,-33.23204040527344,-83.6591221523285,204,127.57160949707031,0.0001,1,a2c_opt2_seed1,-3.0929765701293945,186.66456604003906,1.2000447511672974,-2.1229007244110107,106.90509033203125
3581,-42.33071517944336,-79.88327094078063,1001,121.14055633544922,0.0001,1,a2c_opt2_seed1,3.6603848934173584,167.82965087890625,1.1646249294281006,3.6667635440826416,92.59175109863281
3582,32.498687744140625,-80.5598129940033,151,156.61924743652344,0.0001,1,a2c_opt2_seed1,-3.8958888053894043,229.3081512451172,1.136062741279602,-2.4409937858581543,104.13915252685547
3584,-42.59562301635742,-80.84693984031678,155,243.79344177246094,0.0001,1,a2c_opt2_seed1,-3.3065853118896484,353.0008544921875,1.147605538368225,-2.3247928619384766,171.70338439941406
3585,-49.75294494628906,-82.40792216300964,282,129.85838317871094,0.0001,1,a2c_opt2_seed1,4.436673641204834,179.1746826171875,1.1341220140457153,4.3536152839660645,123.77904510498047
3588,-2.31976318359375,-77.47047526359557,126,151.1387481689453,0.0001,1,a2c_opt2_seed1,-2.351362466812134,219.27243041992188,1.1481447219848633,-1.4748966693878174,65.49762725830078
3590,-104.78850555419922,-80.67589430809021,204,156.19332885742188,0.0001,1,a2c_opt2_seed1,-1.848493218421936,225.77484130859375,1.142618179321289,-1.1810848712921143,99.79656982421875
3591,-42.292335510253906,-80.6987370967865,152,122.23770904541016,0.0001,1,a2c_opt2_seed1,-1.8136906623840332,177.2171173095703,1.1562987565994263,-0.7209498882293701,78.61567687988281
3593,-31.522167205810547,-74.08647307395935,1001,124.25530242919922,0.0001,1,a2c_opt2_seed1,1.3020867109298706,175.64828491210938,1.1544668674468994,2.5541443824768066,91.33216857910156
3596,-26.627525329589844,-68.28658324241638,209,125.27372741699219,0.0001,1,a2c_opt2_seed1,-3.1180083751678467,183.41758728027344,1.1286038160324097,-2.5734996795654297,122.77912139892578
3598,14.191520690917969,-64.97990691184998,163,88.38480377197266,0.0001,1,a2c_opt2_seed1,4.1998796463012695,120.26496887207031,1.1130921840667725,4.224808216094971,130.41036987304688
3600,12.222427368164062,-65.14503395080567,170,152.78689575195312,0.0001,1,a2c_opt2_seed1,-1.4755358695983887,220.375732421875,1.1473033428192139,-0.17207109928131104,82.36226654052734
3601,-89.94715881347656,-66.87465309143066,211,119.9504165649414,0.0001,1,a2c_opt2_seed1,1.9274948835372925,168.60501098632812,1.1796698570251465,2.2416605949401855,77.6454849243164
3602,18.900983810424805,-64.89374156951904,1001,90.50463104248047,0.0001,1,a2c_opt2_seed1,2.515580892562866,125.6994857788086,1.1693992614746094,3.013119697570801,86.06977844238281
3603,29.573516845703125,-65.28060619354248,323,117.96541595458984,0.0001,1,a2c_opt2_seed1,6.1105852127075195,159.7934112548828,1.1169650554656982,5.8959269523620605,153.64102172851562
3605,-6.3854217529296875,-58.77671321868897,273,132.08705139160156,0.0001,1,a2c_opt2_seed1,4.599573612213135,182.12579345703125,1.1465299129486084,4.539070129394531,103.21344757080078
3607,-9.43536376953125,-55.3362926864624,275,168.21554565429688,0.0001,1,a2c_opt2_seed1,-6.203516006469727,249.17092895507812,1.1687805652618408,-4.181860446929932,140.07199096679688
3610,-55.88676834106445,-55.77526515960693,157,115.60646057128906,0.0001,1,a2c_opt2_seed1,-2.1740520000457764,168.2587127685547,1.172481656074524,-1.4825595617294312,63.82356262207031
3611,-9.275497436523438,-56.049163017272946,597,88.15347290039062,0.0001,1,a2c_opt2_seed1,-1.4668693542480469,128.02992248535156,1.1919654607772827,-0.538118839263916,70.2554702758789
3612,-123.22486877441406,-55.15412975311279,163,167.2768096923828,0.0001,1,a2c_opt2_seed1,-2.170578718185425,242.06849670410156,1.1223692893981934,-1.9496691226959229,182.5855712890625
3613,-26.001373291015625,-52.042780265808105,243,93.89130401611328,0.0001,1,a2c_opt2_seed1,-0.9585721492767334,135.5006103515625,1.1025762557983398,-0.27991563081741333,64.43973541259766
3617,-19.410667419433594,-46.43870807647705,325,216.17869567871094,0.0001,1,a2c_opt2_seed1,-7.4163641929626465,319.42230224609375,1.1115188598632812,-5.375739097595215,212.09913635253906
3619,-15.645263671875,-46.905457496643066,116,246.67442321777344,0.0001,1,a2c_opt2_seed1,-4.935801029205322,359.4439697265625,1.1038670539855957,-2.6803202629089355,188.1165008544922
3620,14.653472900390625,-42.68695774078369,177,160.8191680908203,0.0001,1,a2c_opt2_seed1,1.1079504489898682,228.15965270996094,1.0956039428710938,1.6152899265289307,116.60887145996094
3624,-120.23576354980469,-38.912552223205566,195,148.71958923339844,0.0001,1,a2c_opt2_seed1,-3.4741480350494385,217.42047119140625,1.157989263534546,-2.460495710372925,125.41928100585938
3624,-120.23576354980469,-38.912552223205566,195,108.2863540649414,0.0001,1,a2c_opt2_seed1,6.967066764831543,144.7426300048828,1.1026992797851562,7.232715129852295,169.90638732910156
3625,-19.860496520996094,-37.85272449493408,245,98.65535736083984,0.0001,1,a2c_opt2_seed1,-2.6304683685302734,144.69482421875,1.0971198081970215,-1.6133947372436523,75.98328399658203
3630,-87.4219970703125,-42.32824214935303,304,199.49362182617188,0.0001,1,a2c_opt2_seed1,-7.732570648193359,296.0382385253906,1.1290857791900635,-6.414667129516602,218.51905822753906
3631,-149.7999267578125,-44.47762638092041,300,164.71409606933594,0.0001,1,a2c_opt2_seed1,1.9053950309753418,232.5846710205078,1.1200778484344482,2.322262763977051,82.25823211669922
3634,-10.640396118164062,-40.921627311706544,214,346.7088317871094,0.0001,1,a2c_opt2_seed1,-9.31901741027832,508.6120300292969,1.0853668451309204,-7.848981857299805,336.2603454589844
3634,-10.640396118164062,-40.921627311706544,214,180.04042053222656,0.0001,1,a2c_opt2_seed1,4.476426124572754,250.80648803710938,1.1067276000976562,5.420491695404053,191.86395263671875
3636,16.995018005371094,-36.391780052185055,225,128.31710815429688,0.0001,1,a2c_opt2_seed1,1.7807989120483398,180.76693725585938,1.1129097938537598,2.462111473083496,80.80274963378906
3639,-158.5732879638672,-40.51661235809326,168,370.86181640625,0.0001,1,a2c_opt2_seed1,-4.821857929229736,536.6917724609375,1.0739355087280273,-3.457658290863037,274.65521240234375
3640,33.51142883300781,-37.75061367034912,125,94.89201354980469,0.0001,1,a2c_opt2_seed1,0.9886516332626343,134.1484375,1.1031795740127563,2.106956958770752,74.31348419189453
3645,-113.09268951416016,-42.17618093490601,418,350.7015686035156,0.0001,1,a2c_opt2_seed1,-5.39130973815918,508.70489501953125,1.0717949867248535,-5.232522010803223,309.7772521972656
3646,-14.920989990234375,-41.942050228118894,176,79.70040893554688,0.0001,1,a2c_opt2_seed1,0.8142200708389282,112.6953125,1.0575380325317383,1.8009412288665771,76.82777404785156
3648,-84.05589294433594,-45.39106771469116,186,172.69049072265625,0.0001,1,a2c_opt2_seed1,-3.5651426315307617,251.7945098876953,1.0411906242370605,-2.5756990909576416,135.64222717285156
3651,2.609893798828125,-41.22957723617554,208,162.8953857421875,0.0001,1,a2c_opt2_seed1,3.2900826930999756,228.0083465576172,1.0540904998779297,3.6800339221954346,101.70325469970703
3653,-99.76615905761719,-44.07841051101685,364,97.0423812866211,0.0001,1,a2c_opt2_seed1,3.705961227416992,133.3385009765625,1.070209264755249,4.042766571044922,97.75518798828125
3655,-15.017730712890625,-45.02250261306763,338,181.5904541015625,0.0001,1,a2c_opt2_seed1,1.8145346641540527,256.82354736328125,1.084792137145996,2.564729690551758,89.95806121826172
3657,-14.437057495117188,-45.31993501663208,217,147.6144561767578,0.0001,1,a2c_opt2_seed1,-0.9620985984802246,212.25299072265625,1.0799378156661987,0.614867091178894,55.55546951293945
3658,-19.82183837890625,-45.02831773757934,241,90.11180877685547,0.0001,1,a2c_opt2_seed1,-0.1385875940322876,128.929931640625,1.1184788942337036,0.5239824652671814,44.092105865478516
3659,-89.01570129394531,-47.135044727325436,347,86.14753723144531,0.0001,1,a2c_opt2_seed1,1.4441617727279663,121.00566864013672,1.1766002178192139,1.2049782276153564,49.434261322021484
3659,-89.01570129394531,-47.135044727325436,347,36.87480163574219,0.0001,1,a2c_opt2_seed1,-0.9690870046615601,54.06353759765625,1.175552248954773,-0.4997890591621399,36.27598571777344
3660,-134.2030487060547,-48.701370334625246,301,128.47979736328125,0.0001,1,a2c_opt2_seed1,-4.686343669891357,190.23817443847656,1.1557945013046265,-3.6376993656158447,148.8215789794922
3661,-66.33238983154297,-49.842508182525634,528,77.3208999633789,0.0001,1,a2c_opt2_seed1,-2.2113895416259766,113.61837768554688,1.1408584117889404,-1.8703877925872803,62.12569046020508
3661,-66.33238983154297,-49.842508182525634,528,177.431640625,0.0001,1,a2c_opt2_seed1,4.759675025939941,246.67506408691406,1.1553694009780884,3.2322564125061035,165.9126739501953
3662,-52.11521911621094,-48.420315189361574,468,189.1876678466797,0.0001,1,a2c_opt2_seed1,1.4039311408996582,268.2633056640625,1.1539041996002197,2.1797525882720947,108.92003631591797
3664,-91.06932830810547,-51.31356515884399,363,164.15835571289062,0.0001,1,a2c_opt2_seed1,-0.9230351448059082,235.83139038085938,1.1596415042877197,0.5299687385559082,101.45006561279297
3664,-91.06932830810547,-51.31356515884399,363,77.18692016601562,0.0001,1,a2c_opt2_seed1,4.983814239501953,103.14811706542969,1.1634597778320312,4.81572151184082,154.9029998779297
3664,-91.06932830810547,-51.31356515884399,363,66.2327651977539,0.0001,1,a2c_opt2_seed1,0.7240986824035645,93.58464813232422,1.169852614402771,0.7604743838310242,49.90425491333008
3664,-91.06932830810547,-51.31356515884399,363,48.265323638916016,0.0001,1,a2c_opt2_seed1,1.8692115545272827,66.28099060058594,1.1685057878494263,1.443378210067749,66.53754425048828
3665,-69.15048217773438,-50.97545969009399,420,106.72003936767578,0.0001,1,a2c_opt2_seed1,-2.170555353164673,155.55885314941406,1.204788327217102,-1.9416372776031494,80.80098724365234
3667,-161.70465087890625,-52.00090082168579,314,71.42919158935547,0.0001,1,a2c_opt2_seed1,-0.611503541469574,102.91612243652344,1.172465443611145,-1.2199796438217163,95.15196990966797
3668,-2.769444227218628,-46.89308536052704,1001,92.8396987915039,0.0001,1,a2c_opt2_seed1,4.851646423339844,125.69804382324219,1.1640174388885498,4.236600875854492,147.2958526611328
3669,39.49913787841797,-45.79019732952118,1001,75.64620971679688,0.0001,1,a2c_opt2_seed1,2.2614541053771973,104.836181640625,1.1333320140838623,2.294628620147705,74.36380767822266
3670,-27.853195190429688,-46.64033069133759,232,75.5739974975586,0.0001,1,a2c_opt2_seed1,1.9875550270080566,105.12430572509766,1.140723705291748,1.8590638637542725,60.941062927246094
3671,-6.458580017089844,-45.810186419486996,292,120.53590393066406,0.0001,1,a2c_opt2_seed1,5.027316570281982,165.01309204101562,1.1440520286560059,5.279253005981445,144.14300537109375
3671,-6.458580017089844,-45.810186419486996,292,146.08700561523438,0.0001,1,a2c_opt2_seed1,-0.15968328714370728,208.9246826171875,1.1730661392211914,-0.7461827993392944,127.09416198730469
3672,-222.15057373046875,-49.398084597587584,281,134.0088348388672,0.0001,1,a2c_opt2_seed1,1.2733376026153564,189.62303161621094,1.2061851024627686,0.7723009586334229,87.86264038085938
3674,-125.68167877197266,-48.71262385845184,220,125.72523498535156,0.0001,1,a2c_opt2_seed1,-1.4845777750015259,181.72918701171875,1.2156579494476318,-1.0051860809326172,107.75157165527344
3674,-125.68167877197266,-48.71262385845184,220,54.682071685791016,0.0001,1,a2c_opt2_seed1,-0.9160306453704834,79.4267349243164,1.2189702987670898,-0.9621719121932983,45.600650787353516
3675,-91.10260772705078,-50.137466082572935,184,78.27608489990234,0.0001,1,a2c_opt2_seed1,-1.341087818145752,113.73967742919922,1.2008179426193237,-1.0326584577560425,48.96840286254883
3677,4.894534587860107,-49.84726841449738,1001,69.73854064941406,0.0001,1,a2c_opt2_seed1,4.7739973068237305,92.80734252929688,1.1867395639419556,4.021581649780273,110.46847534179688
3677,4.894534587860107,-49.84726841449738,1001,96.25743865966797,0.0001,1,a2c_opt2_seed1,-2.1976282596588135,140.6509246826172,1.1386480331420898,-1.6815699338912964,98.69628143310547
3680,-100.02812957763672,-55.673081555366515,350,499.69793701171875,0.0001,1,a2c_opt2_seed1,-10.07430362701416,728.2468872070312,1.1376752853393555,-10.235654830932617,591.6966552734375
3682,-198.12144470214844,-56.43317890644074,644,123.25312042236328,0.0001,1,a2c_opt2_seed1,-4.568509101867676,182.6031494140625,1.1493842601776123,-3.2995617389678955,162.66287231445312
3683,-28.628021240234375,-53.71956440448761,263,68.4437484741211,0.0001,1,a2c_opt2_seed1,-1.6442070007324219,100.12645721435547,1.1169116497039795,-0.816633939743042,58.69540786743164
3685,-61.8388557434082,-53.94683609485626,193,61.43354415893555,0.0001,1,a2c_opt2_seed1,2.6295619010925293,84.00650024414062,1.135242223739624,2.8366341590881348,66.30985260009766
3686,16.023391723632812,-53.96626862049103,142,57.663551330566406,0.0001,1,a2c_opt2_seed1,-2.6441779136657715,86.1546859741211,1.104919672012329,-1.4435324668884277,58.584224700927734
3688,-1.0465011596679688,-52.60344498157501,117,146.6959991455078,0.0001,1,a2c_opt2_seed1,-1.1796914339065552,211.2517547607422,1.08134126663208,-0.5252461433410645,105.04631805419922
3691,-71.44872283935547,-47.866094670295716,257,191.63417053222656,0.0001,1,a2c_opt2_seed1,2.0448498725891113,270.8426818847656,1.0860391855239868,2.6764168739318848,92.14363861083984
3692,-15.376296997070312,-47.97448896884918,256,99.48705291748047,0.0001,1,a2c_opt2_seed1,3.4382123947143555,137.21343994140625,1.131350040435791,3.420358180999756,101.41685485839844
3694,-52.15623092651367,-46.02322943210602,164,148.0988006591797,0.0001,1,a2c_opt2_seed1,-9.392961502075195,224.98902893066406,1.1186710596084595,-7.4102044105529785,218.5740966796875
3695,-62.0921630859375,-45.003218903541566,220,89.889892578125,0.0001,1,a2c_opt2_seed1,-1.2312692403793335,130.17388916015625,1.1068034172058105,-0.858364462852478,62.5898551940918
3695,-62.0921630859375,-45.003218903541566,220,137.26675415039062,0.0001,1,a2c_opt2_seed1,2.2569408416748047,192.8719482421875,1.0887532234191895,2.8358187675476074,113.8845443725586
3699,-40.93301010131836,-46.3028024148941,316,188.1138458251953,0.0001,1,a2c_opt2_seed1,-7.931452751159668,280.0655212402344,1.1282498836517334,-6.48532772064209,215.11915588378906
3700,-228.7450714111328,-51.75542631626129,411,125.20266723632812,0.0001,1,a2c_opt2_seed1,-2.7862095832824707,182.8420867919922,1.1562033891677856,-2.273416042327881,98.56693267822266
3700,-228.7450714111328,-51.75542631626129,411,58.8138542175293,0.0001,1,a2c_opt2_seed1,0.9517817497253418,82.66091918945312,1.1420457363128662,1.209549903869629,35.225189208984375
3701,-56.83086013793945,-52.944241394996645,378,68.6124496459961,0.0001,1,a2c_opt2_seed1,-0.5924559235572815,98.86495971679688,1.1241099834442139,-0.05711919069290161,38.955169677734375
3702,-31.39342498779297,-53.6880898141861,1001,80.34185791015625,0.0001,1,a2c_opt2_seed1,-2.5752246379852295,118.45377349853516,1.1077394485473633,-2.214310646057129,75.7061996459961
3705,-85.78755187988281,-56.72502386569977,327,160.8331298828125,0.0001,1,a2c_opt2_seed1,-1.8629581928253174,232.4237823486328,1.0978341102600098,-2.082768440246582,148.8934783935547
3706,-219.57949829101562,-61.084883179664615,314,159.01385498046875,0.0001,1,a2c_opt2_seed1,-2.6571342945098877,230.9593505859375,1.1105098724365234,-1.9069619178771973,121.72541809082031
3707,-209.28990173339844,-64.98194006443023,472,179.66629028320312,0.0001,1,a2c_opt2_seed1,-6.403531074523926,265.8148193359375,1.0866477489471436,-5.1630730628967285,179.42222595214844
3708,-111.44730377197266,-66.81444937229156,205,107.98847961425781,0.0001,1,a2c_opt2_seed1,-7.045365810394287,164.3348388671875,1.082131028175354,-5.966971397399902,191.8021697998047
3708,-111.44730377197266,-66.81444937229156,205,85.49012756347656,0.0001,1,a2c_opt2_seed1,0.342715322971344,121.63992309570312,1.0592283010482788,0.7161825299263,60.77130889892578
3710,-188.9034423828125,-70.89852957248688,290,199.70091247558594,0.0001,1,a2c_opt2_seed1,-4.121747016906738,291.1759948730469,1.0623412132263184,-3.733971118927002,200.74545288085938
3713,-269.1286926269531,-78.92318960666657,531,251.8115234375,0.0001,1,a2c_opt2_seed1,-5.790002346038818,368.0029602050781,1.0912721157073975,-5.312805652618408,225.3537139892578
3714,-214.84298706054688,-81.39866278171539,405,205.6624755859375,0.0001,1,a2c_opt2_seed1,-6.07913875579834,302.4888000488281,1.0999778509140015,-5.32733678817749,251.93203735351562
3715,-176.69581604003906,-83.54956945896149,211,139.2620391845703,0.0001,1,a2c_opt2_seed1,-1.973578691482544,201.76593017578125,1.07997465133667,-1.671101689338684,151.23374938964844
3716,71.82711791992188,-83.25531416416169,177,160.3588104248047,0.0001,1,a2c_opt2_seed1,0.9887970685958862,227.67222595214844,1.0840944051742554,1.7943832874298096,85.0758056640625
3717,-11.655807495117188,-80.2543372964859,195,72.36209106445312,0.0001,1,a2c_opt2_seed1,0.6429582834243774,102.4566879272461,1.1054762601852417,1.307190179824829,67.14923858642578
3721,-150.36734008789062,-84.12321333885193,504,200.0673370361328,0.0001,1,a2c_opt2_seed1,-3.6018717288970947,290.956787109375,1.1011197566986084,-2.938797950744629,138.56922912597656
3722,47.01014709472656,-78.73999892234802,221,90.21766662597656,0.0001,1,a2c_opt2_seed1,1.0190119743347168,127.42739868164062,1.051893711090088,1.9791302680969238,62.97198486328125
3723,-22.707298278808594,-80.1264797115326,127,111.16998291015625,0.0001,1,a2c_opt2_seed1,-0.7700812816619873,159.91513061523438,1.0588284730911255,-0.06125974655151367,70.60563659667969
3725,4.928947448730469,-80.51477637290955,253,203.81710815429688,0.0001,1,a2c_opt2_seed1,-4.954946517944336,298.2465515136719,1.0738592147827148,-3.917243242263794,200.1989288330078
3727,-170.13302612304688,-83.5112315940857,673,173.7379913330078,0.0001,1,a2c_opt2_seed1,-2.4069318771362305,251.63636779785156,1.0735993385314941,-0.6955912113189697,77.36406707763672
3727,-170.13302612304688,-83.5112315940857,673,74.9893569946289,0.0001,1,a2c_opt2_seed1,-2.330778121948242,110.45811462402344,1.0892587900161743,-1.690104365348816,51.19573974609375
3729,-54.34714126586914,-77.34526960372925,215,204.734130859375,0.0001,1,a2c_opt2_seed1,-3.6198782920837402,297.6493835449219,1.1147971153259277,-2.282541036605835,111.07861328125
3731,-41.850406646728516,-77.27692998886108,191,68.06751251220703,0.0001,1,a2c_opt2_seed1,-3.49485182762146,102.23278045654297,1.1543889045715332,-3.2357900142669678,119.12435913085938
3732,-236.2340545654297,-78.03918218612671,368,109.1850357055664,0.0001,1,a2c_opt2_seed1,-0.755892813205719,157.05929565429688,1.1657874584197998,-0.2505605220794678,108.87297821044922
3733,-90.5086898803711,-79.27679555892945,329,150.29721069335938,0.0001,1,a2c_opt2_seed1,-5.296762466430664,222.27793884277344,1.1669951677322388,-4.229700088500977,170.7073516845703
3733,-90.5086898803711,-79.27679555892945,329,53.39859390258789,0.0001,1,a2c_opt2_seed1,-2.624701976776123,80.03411102294922,1.1632628440856934,-2.0972161293029785,79.54281616210938
3735,-75.51329040527344,-82.11333459854126,273,103.2529525756836,0.0001,1,a2c_opt2_seed1,-0.06515705585479736,147.59811401367188,1.1499677896499634,0.19498169422149658,70.76067352294922
3735,-75.51329040527344,-82.11333459854126,273,73.45191955566406,0.0001,1,a2c_opt2_seed1,3.936211109161377,99.3089599609375,1.1305783987045288,4.046607971191406,97.38525390625
3735,-75.51329040527344,-82.11333459854126,273,58.193359375,0.0001,1,a2c_opt2_seed1,2.7047040462493896,79.27033996582031,1.164876103401184,2.5349721908569336,78.11184692382812
3736,-7.763053894042969,-82.58906351089477,204,95.70187377929688,0.0001,1,a2c_opt2_seed1,-4.0771684646606445,142.54232788085938,1.162924885749817,-3.464984893798828,118.25308227539062
3736,-7.763053894042969,-82.58906351089477,204,101.82424926757812,0.0001,1,a2c_opt2_seed1,3.201558828353882,140.89039611816406,1.1703851222991943,3.663729667663574,120.4806900024414
3741,-109.780029296875,-86.84437591552734,619,173.82180786132812,0.0001,1,a2c_opt2_seed1,-8.194913864135742,260.02471923828125,1.146483063697815,-6.102123260498047,244.94610595703125
3741,-109.780029296875,-86.84437591552734,619,118.45446014404297,0.0001,1,a2c_opt2_seed1,4.549278259277344,162.7224884033203,1.1154249906539917,5.253009796142578,143.17124938964844
3741,-109.780029296875,-86.84437591552734,619,118.06546020507812,0.0001,1,a2c_opt2_seed1,-2.7551321983337402,172.6016387939453,1.0994924306869507,-2.3191709518432617,125.24484252929688
3744,0.8918914794921875,-86.95251907348633,186,252.33131408691406,0.0001,1,a2c_opt2_seed1,-3.525393009185791,365.5103759765625,1.1046185493469238,-2.0080549716949463,131.20309448242188
3747,-81.63485717773438,-93.78704498291016,290,355.1819152832031,0.0001,1,a2c_opt2_seed1,-1.5321627855300903,509.5923156738281,1.0870765447616577,-1.988908290863037,361.08575439453125
3748,-57.594879150390625,-93.66921600341797,153,64.0466537475586,0.0001,1,a2c_opt2_seed1,1.3829896450042725,89.52033996582031,1.140599250793457,1.2831971645355225,58.950321197509766
3749,17.64796257019043,-92.49759654998779,1001,34.8985481262207,0.0001,1,a2c_opt2_seed1,2.5075130462646484,46.273719787597656,1.1339951753616333,2.4416425228118896,83.60498809814453
3749,17.64796257019043,-92.49759654998779,1001,49.702484130859375,0.0001,1,a2c_opt2_seed1,0.5740998983383179,70.18421936035156,1.1331799030303955,1.0452914237976074,51.420345306396484
3749,17.64796257019043,-92.49759654998779,1001,83.36071014404297,0.0001,1,a2c_opt2_seed1,-0.8112226724624634,120.24640655517578,1.104914903640747,-0.31069695949554443,74.7726058959961
3753,-92.93221282958984,-88.11272579193115,342,176.7755126953125,0.0001,1,a2c_opt2_seed1,-8.152217864990234,264.18328857421875,1.1224392652511597,-5.75077486038208,198.2340087890625
3754,-21.103164672851562,-86.97851863861084,431,101.80414581298828,0.0001,1,a2c_opt2_seed1,1.8465828895568848,142.7972869873047,1.075187087059021,2.153019428253174,98.77854919433594
3757,-33.449493408203125,-78.18022121429443,132,145.70944213867188,0.0001,1,a2c_opt2_seed1,-5.629035472869873,216.19857788085938,1.078399658203125,-4.618880748748779,159.88795471191406
3759,-67.17404174804688,-73.76250812530517,202,85.7442855834961,0.0001,1,a2c_opt2_seed1,-1.1998658180236816,124.20673370361328,1.114816427230835,-0.5103691220283508,53.89311599731445
3759,-67.17404174804688,-73.76250812530517,202,43.8434944152832,0.0001,1,a2c_opt2_seed1,2.0832130908966064,59.658348083496094,1.1193312406539917,2.272677183151245,82.46149444580078
3761,-216.867919921875,-68.87217899322509,920,100.3519287109375,0.0001,1,a2c_opt2_seed1,-3.729236125946045,148.6881561279297,1.0962574481964111,-3.1225881576538086,142.70054626464844
3762,-152.04660034179688,-70.58131275177001,371,125.03382873535156,0.0001,1,a2c_opt2_seed1,-4.422353267669678,184.9381866455078,1.0864378213882446,-3.4047932624816895,148.23837280273438
3764,-61.58222961425781,-62.647801094055175,469,194.09568786621094,0.0001,1,a2c_opt2_seed1,4.462309837341309,270.9056091308594,1.0864640474319458,4.458291053771973,127.93553924560547
3766,-63.48630142211914,-62.050065727233886,405,124.97506713867188,0.0001,1,a2c_opt2_seed1,-0.19945967197418213,178.82154846191406,1.0996778011322021,-0.036968231201171875,70.1747055053711
3767,-130.83944702148438,-64.43373851776123,444,168.83633422851562,0.0001,1,a2c_opt2_seed1,1.8494408130645752,238.55348205566406,1.1104851961135864,2.402716875076294,108.40447998046875
3768,-17.073257446289062,-63.13403881072998,268,148.11297607421875,0.0001,1,a2c_opt2_seed1,-5.847382545471191,219.94415283203125,1.1072262525558472,-4.784747123718262,184.4392547607422
3770,-175.2691650390625,-69.36268617630004,207,156.87974548339844,0.0001,1,a2c_opt2_seed1,-3.3194894790649414,228.8568115234375,1.0791492462158203,-3.0988528728485107,240.06617736816406
3771,-56.443504333496094,-67.48420946121216,465,64.64476776123047,0.0001,1,a2c_opt2_seed1,-0.05193978548049927,92.42467498779297,1.12824285030365,0.49967753887176514,43.61825180053711
3773,-109.30594635009766,-70.12134889602662,418,137.19241333007812,0.0001,1,a2c_opt2_seed1,-0.46279987692832947,196.651123046875,1.1159616708755493,0.17107290029525757,59.41123580932617
3773,-109.30594635009766,-70.12134889602662,418,51.72193908691406,0.0001,1,a2c_opt2_seed1,1.2345973253250122,72.12556457519531,1.103187918663025,1.7895442247390747,52.26991653442383
3775,-159.46469116210938,-69.30310441970825,259,198.2908172607422,0.0001,1,a2c_opt2_seed1,-5.435159683227539,291.03790283203125,1.0841172933578491,-5.235478401184082,241.99169921875
3777,-78.3653564453125,-67.02728143692016,206,104.0999755859375,0.0001,1,a2c_opt2_seed1,-2.838045120239258,152.76942443847656,1.1531437635421753,-2.2320632934570312,108.96117401123047
3779,-30.756591796875,-67.3735015296936,135,237.7560577392578,0.0001,1,a2c_opt2_seed1,4.619291305541992,333.0533447265625,1.1632182598114014,5.282070159912109,177.7840118408203
3779,-30.756591796875,-67.3735015296936,135,45.82960891723633,0.0001,1,a2c_opt2_seed1,1.332970380783081,63.56747055053711,1.178765892982483,1.384953260421753,44.59861755371094
3780,35.41486740112305,-66.1645456123352,1001,41.74664306640625,0.0001,1,a2c_opt2_seed1,1.2641888856887817,57.832916259765625,1.1717524528503418,1.0229597091674805,55.72500991821289
3781,-33.52703094482422,-65.99807809829711,325,107.76026916503906,0.0001,1,a2c_opt2_seed1,-5.878170490264893,162.34146118164062,1.1632071733474731,-5.1198625564575195,163.35528564453125
3782,-139.13394165039062,-64.05607583999634,334,121.06129455566406,0.0001,1,a2c_opt2_seed1,-1.1235195398330688,174.550537109375,1.1163876056671143,-0.9759836792945862,73.2338638305664
3782,-139.13394165039062,-64.05607583999634,334,69.09373474121094,0.0001,1,a2c_opt2_seed1,2.4624135494232178,95.18841552734375,1.1246163845062256,2.8138978481292725,85.36422729492188
3784,-14.095710754394531,-61.997060489654544,408,133.1292724609375,0.0001,1,a2c_opt2_seed1,0.0715646743774414,190.08323669433594,1.1018130779266357,1.2949784994125366,90.09159851074219
3785,26.52376365661621,-59.956319408416746,1001,64.31925964355469,0.0001,1,a2c_opt2_seed1,4.447906970977783,85.53128814697266,1.0984156131744385,4.332015514373779,141.57797241210938
3789,39.77703857421875,-61.65807106018067,147,102.7109375,0.0001,1,a2c_opt2_seed1,0.41253066062927246,146.14137268066406,1.0950124263763428,0.916571319103241,66.70475006103516
3790,-146.74522399902344,-61.707963943481445,687,163.49476623535156,0.0001,1,a2c_opt2_seed1,1.1181941032409668,231.9673309326172,1.1208174228668213,1.871546983718872,132.9947052001953
3790,-146.74522399902344,-61.707963943481445,687,75.09988403320312,0.0001,1,a2c_opt2_seed1,2.141796827316284,104.22663879394531,1.1243441104888916,2.4349119663238525,81.4435043334961
3793,-21.118675231933594,-58.87249984741211,160,119.40464782714844,0.0001,1,a2c_opt2_seed1,0.8959242105484009,169.29898071289062,1.1283400058746338,1.4194263219833374,69.7294921875
3795,-1.3571701049804688,-49.354752960205076,248,57.795982360839844,0.0001,1,a2c_opt2_seed1,1.8011713027954102,79.99339294433594,1.1238014698028564,1.6051208972930908,64.59166717529297
3795,-1.3571701049804688,-49.354752960205076,248,61.46728515625,0.0001,1,a2c_opt2_seed1,4.3694562911987305,81.56909942626953,1.0827800035476685,4.964593887329102,120.12142944335938
3796,19.794296264648438,-49.21915084838867,154,116.7071533203125,0.0001,1,a2c_opt2_seed1,-2.8965868949890137,170.86328125,1.1085702180862427,-1.1019960641860962,72.79277038574219
3798,-29.189346313476562,-46.57920547485352,259,172.42543029785156,0.0001,1,a2c_opt2_seed1,0.9668134450912476,244.9417266845703,1.196054220199585,1.0646953582763672,84.8334732055664
3798,-29.189346313476562,-46.57920547485352,259,84.71298217773438,0.0001,1,a2c_opt2_seed1,0.7325680255889893,119.97286987304688,1.185853123664856,1.803043246269226,63.81007766723633
3799,-58.20289993286133,-48.096222724914554,176,130.11212158203125,0.0001,1,a2c_opt2_seed1,0.09227627515792847,185.7434844970703,1.166305422782898,0.7807062268257141,88.01610565185547
3800,-289.46527099609375,-53.125964012146,659,179.84014892578125,0.0001,1,a2c_opt2_seed1,2.2902207374572754,253.6436004638672,1.1778042316436768,1.5079307556152344,114.72012329101562
3801,-162.71302795410156,-55.79298992156983,255,113.68123626708984,0.0001,1,a2c_opt2_seed1,0.0027060508728027344,162.39877319335938,1.2157177925109863,-0.7798142433166504,118.73587036132812
3801,-162.71302795410156,-55.79298992156983,255,65.740478515625,0.0001,1,a2c_opt2_seed1,3.8515286445617676,88.41365051269531,1.2106590270996094,3.6523191928863525,114.2406005859375
3802,-14.792778015136719,-54.605084648132326,259,120.57762145996094,0.0001,1,a2c_opt2_seed1,-2.1918246746063232,175.3857879638672,1.2071380615234375,-1.9749789237976074,95.04678344726562
3804,60.518062591552734,-52.30126819610596,1001,47.040584564208984,0.0001,1,a2c_opt2_seed1,2.1523690223693848,64.12689208984375,1.224083423614502,1.832908034324646,66.1003189086914
3804,60.518062591552734,-52.30126819610596,1001,102.41167449951172,0.0001,1,a2c_opt2_seed1,4.479226589202881,139.90435791015625,1.198552131652832,4.656390190124512,140.6824493408203
3805,30.885223388671875,-50.672530250549315,357,54.364959716796875,0.0001,1,a2c_opt2_seed1,-0.9442207217216492,79.01396942138672,1.1934278011322021,-0.6336787939071655,55.26749038696289
3807,-38.26486587524414,-50.95977873325348,196,116.51464080810547,0.0001,1,a2c_opt2_seed1,1.1239984035491943,164.84461975097656,1.188523769378662,1.4184026718139648,57.23759841918945
3808,-62.330360412597656,-50.96824743747711,249,41.9545783996582,0.0001,1,a2c_opt2_seed1,0.1103629469871521,59.778289794921875,1.1772019863128662,0.39905375242233276,29.8861141204834
3811,-1.2181777954101562,-47.00850920200348,235,114.68453216552734,0.0001,1,a2c_opt2_seed1,-1.2330219745635986,165.59735107421875,1.1751080751419067,-0.23669975996017456,85.48614501953125
3813,9.958778381347656,-43.19972179889679,193,62.56238555908203,0.0001,1,a2c_opt2_seed1,0.27522265911102295,88.98246765136719,1.125969648361206,0.5336306095123291,56.32365798950195
3813,9.958778381347656,-43.19972179889679,193,92.98157501220703,0.0001,1,a2c_opt2_seed1,2.296546697616577,129.5508270263672,1.0946383476257324,3.209740161895752,105.9241714477539
3815,-171.36123657226562,-44.80351040363312,293,156.67745971679688,0.0001,1,a2c_opt2_seed1,-4.344607830047607,230.0323028564453,1.1119904518127441,-3.5930466651916504,214.904052734375
3818,-49.94837951660156,-41.48791996479034,307,114.08223724365234,0.0001,1,a2c_opt2_seed1,-2.2934796810150146,166.25181579589844,1.0967086553573608,-1.2327275276184082,66.6549072265625
3820,-166.03663635253906,-39.77801334857941,273,240.4755859375,0.0001,1,a2c_opt2_seed1,-0.7323147654533386,344.58343505859375,1.0193593502044678,-1.7850041389465332,276.0647888183594
3820,-166.03663635253906,-39.77801334857941,273,118.38932800292969,0.0001,1,a2c_opt2_seed1,4.81038236618042,162.25640869140625,1.073629379272461,5.347801208496094,147.4620819091797
3822,-21.402740478515625,-39.35243488788605,258,150.4318084716797,0.0001,1,a2c_opt2_seed1,0.6054220795631409,214.03851318359375,1.1356780529022217,1.190248727798462,102.20223999023438
3823,14.098434448242188,-36.88434727191925,231,149.41763305664062,0.0001,1,a2c_opt2_seed1,5.376891136169434,205.7733154296875,1.1596734523773193,4.850534439086914,125.9262924194336
3824,-106.13461303710938,-38.290595440864564,356,120.61347198486328,0.0001,1,a2c_opt2_seed1,-3.1727752685546875,176.8383331298828,1.169246792793274,-2.067751407623291,121.32234954833984
3825,-2.0492782592773438,-35.14228718280792,497,64.73092651367188,0.0001,1,a2c_opt2_seed1,-0.17525574564933777,92.72393798828125,1.144727110862732,0.14825916290283203,39.29167938232422
3826,-12.211166381835938,-34.56176456928253,209,99.14705657958984,0.0001,1,a2c_opt2_seed1,1.5352901220321655,139.44622802734375,1.1866596937179565,1.725902795791626,45.11106872558594
3826,-12.211166381835938,-34.56176456928253,209,110.4617919921875,0.0001,1,a2c_opt2_seed1,-0.1766660213470459,158.0557861328125,1.1793853044509888,0.47469913959503174,68.7712173461914
3827,-131.1046905517578,-35.61655125141144,411,103.89918518066406,0.0001,1,a2c_opt2_seed1,-3.0699615478515625,152.81393432617188,1.212063193321228,-2.3596725463867188,106.73970031738281
3828,-36.1154899597168,-35.44622196674347,231,95.5009765625,0.0001,1,a2c_opt2_seed1,-5.4951677322387695,144.28106689453125,1.1941773891448975,-4.065125465393066,133.74749755859375
3830,-65.84697723388672,-36.71736340045929,1001,113.8926773071289,0.0001,1,a2c_opt2_seed1,3.4671127796173096,157.7516326904297,1.1499524116516113,3.1554601192474365,104.60560607910156
3830,-65.84697723388672,-36.71736340045929,1001,85.56281280517578,0.0001,1,a2c_opt2_seed1,0.11537081003189087,122.068603515625,1.1575112342834473,0.3801190257072449,40.64359664916992
3832,-59.924861907958984,-34.11410160541534,222,71.80502319335938,0.0001,1,a2c_opt2_seed1,3.088839292526245,98.16683197021484,1.1936453580856323,2.6935312747955322,100.9219970703125
3833,-43.80475616455078,-33.507814373970035,252,108.9383773803711,0.0001,1,a2c_opt2_seed1,-4.058549880981445,161.42501831054688,1.1714938879013062,-2.318363904953003,90.73383331298828
3834,51.26434326171875,-32.20061329364776,132,44.46004104614258,0.0001,1,a2c_opt2_seed1,2.4221372604370117,60.05499267578125,1.185754418373108,2.0754995346069336,52.354034423828125
3834,51.26434326171875,-32.20061329364776,132,51.98973846435547,0.0001,1,a2c_opt2_seed1,2.371703624725342,70.88375091552734,1.1798760890960693,2.3830952644348145,57.50969314575195
3836,-38.38705062866211,-30.740604481697083,312,50.493350982666016,0.0001,1,a2c_opt2_seed1,-0.5246650576591492,72.88371276855469,1.1583067178726196,-0.3773617148399353,43.445533752441406
3839,9.120185852050781,-32.80330498218537,286,160.9460906982422,0.0001,1,a2c_opt2_seed1,-4.456111431121826,236.2897186279297,1.1907771825790405,-2.9229867458343506,170.28724670410156
3840,39.66234588623047,-29.075153584480287,1001,99.83001708984375,0.0001,1,a2c_opt2_seed1,-0.6730257272720337,143.57659912109375,1.1474602222442627,-0.6341328620910645,75.47364807128906
3841,-61.14199447631836,-29.86715622425079,183,84.21988677978516,0.0001,1,a2c_opt2_seed1,-0.7798950672149658,121.42906951904297,1.1386052370071411,0.4122106432914734,63.436805725097656
3842,53.559349060058594,-28.961519627571107,1001,92.83851623535156,0.0001,1,a2c_opt2_seed1,7.134343147277832,122.43531799316406,1.0971747636795044,6.685136795043945,190.05140686035156
3843,-38.98155212402344,-29.318777165412904,296,81.96552276611328,0.0001,1,a2c_opt2_seed1,-1.3241252899169922,118.98600006103516,1.0949403047561646,-0.5399765968322754,79.30294799804688
3847,-121.2187728881836,-35.19335354328155,337,318.740966796875,0.0001,1,a2c_opt2_seed1,-10.586004257202148,470.46783447265625,1.0673952102661133,-6.938441753387451,274.02020263671875
3850,-146.70974731445312,-31.419644894599916,405,202.78672790527344,0.0001,1,a2c_opt2_seed1,-2.3549017906188965,293.0602111816406,1.048136830329895,-1.8130319118499756,151.15283203125
3850,-146.70974731445312,-31.419644894599916,405,65.41412353515625,0.0001,1,a2c_opt2_seed1,1.969211459159851,90.63633728027344,1.0420681238174438,2.6421236991882324,69.54325103759766
3853,60.419281005859375,-24.89527889728546,172,124.67027282714844,0.0001,1,a2c_opt2_seed1,-1.7073709964752197,180.54026794433594,1.0862230062484741,-0.6110372543334961,47.04937744140625
3853,60.419281005859375,-24.89527889728546,172,28.74372673034668,0.0001,1,a2c_opt2_seed1,-0.934208869934082,42.39784622192383,1.1116626262664795,-0.334522008895874,36.74586868286133
3854,-84.38465118408203,-27.793333172798157,260,100.8042984008789,0.0001,1,a2c_opt2_seed1,-5.874479293823242,152.3990478515625,1.1035733222961426,-4.74072265625,144.50636291503906
3855,29.784271240234375,-27.815352215766907,159,64.23678588867188,0.0001,1,a2c_opt2_seed1,-0.9824216365814209,93.17107391357422,1.0853577852249146,-0.035363778471946716,54.114593505859375
3856,-39.14884567260742,-28.592569828033447,270,131.88055419921875,0.0001,1,a2c_opt2_seed1,2.755976676940918,184.46446228027344,1.103729486465454,2.6629068851470947,88.55584716796875
3857,-157.67861938476562,-30.98084489822388,448,218.2010040283203,0.0001,1,a2c_opt2_seed1,-6.129690170288086,320.47320556640625,1.0903332233428955,-6.61856746673584,295.8826904296875
3859,-34.42878723144531,-34.38349390029907,244,110.1760482788086,0.0001,1,a2c_opt2_seed1,2.2059876918792725,154.2437286376953,1.1012908220291138,2.5164170265197754,76.84696197509766
3860,-15.899803161621094,-34.06338129043579,284,101.72429656982422,0.0001,1,a2c_opt2_seed1,-1.4295668601989746,147.36346435546875,1.134437084197998,-0.38752979040145874,109.83731842041016
3860,-15.899803161621094,-34.06338129043579,284,91.27796173095703,0.0001,1,a2c_opt2_seed1,1.248178482055664,128.61476135253906,1.0990781784057617,2.1317367553710938,83.05496978759766
3862,-10.729713439941406,-34.1872269821167,233,112.94152069091797,0.0001,1,a2c_opt2_seed1,0.45023661851882935,160.70263671875,1.1178910732269287,1.6690804958343506,64.28410339355469
3862,-10.729713439941406,-34.1872269821167,233,49.82704162597656,0.0001,1,a2c_opt2_seed1,-1.9279543161392212,73.93651580810547,1.1279373168945312,-1.6873350143432617,63.6405029296875
3863,-32.46234893798828,-35.03564952850342,238,58.44048309326172,0.0001,1,a2c_opt2_seed1,-1.3791979551315308,85.45751953125,1.1642508506774902,-0.971222996711731,41.587642669677734
3865,-78.59330749511719,-33.502759275436404,422,116.68610382080078,0.0001,1,a2c_opt2_seed1,2.32407283782959,163.37515258789062,1.1450530290603638,2.360698938369751,66.98710632324219
3867,57.41950225830078,-31.55362971305847,1001,75.27619934082031,0.0001,1,a2c_opt2_seed1,4.369851112365723,101.29557037353516,1.1057884693145752,3.5946643352508545,119.67857360839844
3868,24.05877685546875,-30.073486585617065,188,110.03107452392578,0.0001,1,a2c_opt2_seed1,-0.2860689163208008,157.59671020507812,1.0989092588424683,-0.3195285201072693,63.88631820678711
3869,23.05626678466797,-29.242347211837767,204,96.711669921875,0.0001,1,a2c_opt2_seed1,-1.22709321975708,139.91331481933594,1.0939937829971313,-0.12382097542285919,60.89373016357422
3869,23.05626678466797,-29.242347211837767,204,130.8306121826172,0.0001,1,a2c_opt2_seed1,-7.30181884765625,197.33285522460938,1.1181821823120117,-6.293423652648926,290.3753662109375
3871,-23.428909301757812,-30.287124891281128,273,82.86650085449219,0.0001,1,a2c_opt2_seed1,-1.7339062690734863,120.85850524902344,1.0872784852981567,-1.1853550672531128,79.81489562988281
3872,-161.74554443359375,-33.09398097038269,584,153.18203735351562,0.0001,1,a2c_opt2_seed1,-0.516014814376831,219.56947326660156,1.1152222156524658,0.4598655700683594,114.21372985839844
3873,-7.044470310211182,-33.51683906555176,1001,114.57852172851562,0.0001,1,a2c_opt2_seed1,0.16233307123184204,163.45249938964844,1.11403226852417,0.4544338881969452,104.23866271972656
3874,-38.095001220703125,-32.156046829223634,461,72.91169738769531,0.0001,1,a2c_opt2_seed1,-2.789184808731079,108.14490509033203,1.09413480758667,-2.6405467987060547,103.53288269042969
3875,-158.72164916992188,-35.28949424743652,376,209.78602600097656,0.0001,1,a2c_opt2_seed1,-2.2802798748016357,302.95263671875,1.10323166847229,-0.6136901378631592,102.24853515625
3876,-163.0557098388672,-38.30638511657715,303,143.61672973632812,0.0001,1,a2c_opt2_seed1,0.9431717991828918,203.82017517089844,1.1263586282730103,0.7839896082878113,83.19125366210938
3876,-163.0557098388672,-38.30638511657715,303,120.732421875,0.0001,1,a2c_opt2_seed1,1.9311254024505615,169.71694946289062,1.1246912479400635,2.2025392055511475,105.71044158935547
3879,-28.28389549255371,-36.25853923797607,1001,210.52935791015625,0.0001,1,a2c_opt2_seed1,-0.7955844402313232,301.89361572265625,1.1954903602600098,-0.5412516593933105,127.02306365966797
3879,-28.28389549255371,-36.25853923797607,1001,86.51556396484375,0.0001,1,a2c_opt2_seed1,-0.5541805028915405,124.38616943359375,1.146073579788208,0.4353911876678467,70.4864730834961
3879,-28.28389549255371,-36.25853923797607,1001,66.06714630126953,0.0001,1,a2c_opt2_seed1,-0.09114128351211548,94.51264953613281,1.1215579509735107,0.21125799417495728,56.897369384765625
3881,-132.8325958251953,-41.052686576843264,467,89.92901611328125,0.0001,1,a2c_opt2_seed1,2.22369122505188,125.29415130615234,1.1617894172668457,2.1825406551361084,83.7385482788086
3881,-132.8325958251953,-41.052686576843264,467,39.1428108215332,0.0001,1,a2c_opt2_seed1,-0.3549933433532715,56.42625427246094,1.1549009084701538,0.06360295414924622,27.76776885986328
3882,-154.2323455810547,-42.93883625030517,994,77.75502014160156,0.0001,1,a2c_opt2_seed1,-1.0984625816345215,112.64866638183594,1.1618919372558594,-0.3263022005558014,65.6472396850586
3883,-157.28627014160156,-45.20846652984619,228,212.46165466308594,0.0001,1,a2c_opt2_seed1,-3.0761516094207764,307.9119567871094,1.1046948432922363,-4.2683868408203125,228.63381958007812
3883,-157.28627014160156,-45.20846652984619,228,38.17182540893555,0.0001,1,a2c_opt2_seed1,0.3204977512359619,54.07412338256836,1.1227169036865234,0.5326904058456421,61.21870803833008
3884,44.47023010253906,-45.34434879302979,1001,82.85845184326172,0.0001,1,a2c_opt2_seed1,-0.9968922138214111,119.79414367675781,1.1038625240325928,-0.4972294569015503,86.76908111572266
3885,-22.207054138183594,-46.58181583404541,247,120.8548812866211,0.0001,1,a2c_opt2_seed1,4.917486190795898,165.62564086914062,1.1177431344985962,5.157816410064697,184.54443359375
3886,27.459110260009766,-45.26489261627197,1001,84.67901611328125,0.0001,1,a2c_opt2_seed1,0.24470248818397522,120.62127685546875,1.1661871671676636,0.3089493215084076,109.10676574707031
3886,27.459110260009766,-45.26489261627197,1001,89.31288146972656,0.0001,1,a2c_opt2_seed1,1.2923192977905273,125.74449920654297,1.1694730520248413,1.8916423320770264,71.94454193115234
3887,-67.05433654785156,-44.65268970489502,236,126.2498779296875,0.0001,1,a2c_opt2_seed1,-0.018414616584777832,180.38414001464844,1.2056119441986084,0.23872706294059753,50.15904235839844
3888,-178.69509887695312,-47.99414249420166,808,75.26387023925781,0.0001,1,a2c_opt2_seed1,-1.051746129989624,109.02313232421875,1.1626304388046265,-0.7156828045845032,41.00337219238281
3889,-9.02923583984375,-48.35713092803955,291,87.0147933959961,0.0001,1,a2c_opt2_seed1,0.19079351425170898,124.03514099121094,1.210816502571106,0.11911195516586304,63.48202896118164
3889,-9.02923583984375,-48.35713092803955,291,41.407020568847656,0.0001,1,a2c_opt2_seed1,2.045471429824829,56.23163986206055,1.1951299905776978,1.8892037868499756,58.4869499206543
3891,3.4027695655822754,-46.91420294761658,1001,34.623905181884766,0.0001,1,a2c_opt2_seed1,-0.2764229476451874,49.85842514038086,1.1365917921066284,-0.09679198265075684,27.42841339111328
3892,-38.440372467041016,-48.75419737815857,210,139.5493621826172,0.0001,1,a2c_opt2_seed1,-4.657029628753662,206.00994873046875,1.117579460144043,-3.682253837585449,145.5439453125
3895,-76.87076568603516,-53.16347552299499,1001,95.0872573852539,0.0001,1,a2c_opt2_seed1,-2.4769039154052734,139.37818908691406,1.1260110139846802,-2.1721980571746826,83.97506713867188
3895,-76.87076568603516,-53.16347552299499,1001,59.248714447021484,0.0001,1,a2c_opt2_seed1,-0.7939563393592834,85.77603912353516,1.1103744506835938,0.48712074756622314,36.449153900146484
3895,-76.87076568603516,-53.16347552299499,1001,74.51466369628906,0.0001,1,a2c_opt2_seed1,2.908632516860962,102.29512786865234,1.11087965965271,2.90507173538208,84.19434356689453
3896,38.379486083984375,-52.01821200370789,218,117.86776733398438,0.0001,1,a2c_opt2_seed1,1.1215077638626099,166.78121948242188,1.1798453330993652,1.2304394245147705,61.75913619995117
3898,19.165891647338867,-50.571555089950564,1001,63.93534469604492,0.0001,1,a2c_opt2_seed1,1.2592436075210571,89.53812408447266,1.169191598892212,1.855428695678711,57.447872161865234
3898,19.165891647338867,-50.571555089950564,1001,40.11613845825195,0.0001,1,a2c_opt2_seed1,0.303516149520874,56.875999450683594,1.152699589729309,0.7571446299552917,37.21265411376953
3898,19.165891647338867,-50.571555089950564,1001,139.37147521972656,0.0001,1,a2c_opt2_seed1,3.40852952003479,194.23362731933594,1.1546568870544434,2.8158152103424072,120.27420806884766
3899,-114.79489135742188,-51.703185873031615,581,99.87456512451172,0.0001,1,a2c_opt2_seed1,-0.27142786979675293,143.06655883789062,1.1836979389190674,0.16124451160430908,71.88829803466797
3900,-49.85374450683594,-49.76606581687927,309,37.11842346191406,0.0001,1,a2c_opt2_seed1,-1.5421252250671387,55.230220794677734,1.2097772359848022,-1.3212660551071167,64.76130676269531
3900,-49.85374450683594,-49.76606581687927,309,45.30366134643555,0.0001,1,a2c_opt2_seed1,0.22149896621704102,64.40394592285156,1.196717381477356,0.9122582077980042,55.074161529541016
3903,6.8872833251953125,-53.45288115501404,212,117.04209899902344,0.0001,1,a2c_opt2_seed1,-2.4050710201263428,170.63963317871094,1.1495479345321655,-1.5728261470794678,103.81380462646484
3903,6.8872833251953125,-53.45288115501404,212,51.91994094848633,0.0001,1,a2c_opt2_seed1,0.8702019453048706,72.92903900146484,1.1765323877334595,1.5610527992248535,60.809566497802734
3903,6.8872833251953125,-53.45288115501404,212,47.87881088256836,0.0001,1,a2c_opt2_seed1,-0.0978650450706482,68.53895568847656,1.182115912437439,0.2665892243385315,31.730806350708008
3903,6.8872833251953125,-53.45288115501404,212,73.69415283203125,0.0001,1,a2c_opt2_seed1,0.8707025051116943,104.03437042236328,1.2197105884552002,1.1100997924804688,50.724491119384766
3905,-102.34980010986328,-56.95432188987732,1001,23.160764694213867,0.0001,1,a2c_opt2_seed1,-0.15264898538589478,33.30575180053711,1.2255829572677612,-0.13300779461860657,26.24197006225586
3906,39.86055374145508,-55.37413390159607,1001,35.1682014465332,0.0001,1,a2c_opt2_seed1,-0.033767372369766235,50.28936767578125,1.1712371110916138,0.07962450385093689,39.34629440307617
3906,39.86055374145508,-55.37413390159607,1001,66.58355712890625,0.0001,1,a2c_opt2_seed1,4.194141387939453,89.1285629272461,1.1522103548049927,4.072112560272217,95.07019805908203
3906,39.86055374145508,-55.37413390159607,1001,37.55561828613281,0.0001,1,a2c_opt2_seed1,-1.0452080965042114,55.144874572753906,1.1658263206481934,-0.22991883754730225,31.624935150146484
3907,-38.25230026245117,-52.98560751914978,269,110.93412780761719,0.0001,1,a2c_opt2_seed1,-2.429520606994629,161.94888305664062,1.144943118095398,-1.4763095378875732,76.6390151977539
3909,-25.35331916809082,-49.31804972648621,1001,94.01039123535156,0.0001,1,a2c_opt2_seed1,0.07698100805282593,134.19143676757812,1.1940953731536865,-0.07132142782211304,53.09754943847656
3909,-25.35331916809082,-49.31804972648621,1001,86.19098663330078,0.0001,1,a2c_opt2_seed1,6.406546115875244,113.97859954833984,1.1600109338760376,6.038563251495361,140.31301879882812
3909,-25.35331916809082,-49.31804972648621,1001,45.688411712646484,0.0001,1,a2c_opt2_seed1,-0.19562911987304688,65.54945373535156,1.1549923419952393,0.45127642154693604,39.06175994873047
3910,-24.386734008789062,-49.487788343429564,184,56.354984283447266,0.0001,1,a2c_opt2_seed1,-1.050079345703125,82.00807189941406,1.1738113164901733,-0.9248889684677124,53.49692916870117
3913,-49.48796463012695,-51.58295489311218,359,143.05807495117188,0.0001,1,a2c_opt2_seed1,2.521223545074463,200.76773071289062,1.1377140283584595,2.799804210662842,79.01777648925781
3914,-37.778297424316406,-52.37793148040772,1001,46.70490264892578,0.0001,1,a2c_opt2_seed1,1.803228497505188,64.14606475830078,1.1416066884994507,2.240893840789795,56.88983917236328
3917,-16.065492630004883,-53.369016799926754,1001,132.50363159179688,0.0001,1,a2c_opt2_seed1,-4.78635835647583,196.12936401367188,1.1185829639434814,-3.6689951419830322,141.8613739013672
3918,21.09925651550293,-53.42820720672607,1001,56.89529037475586,0.0001,1,a2c_opt2_seed1,2.5526294708251953,77.6331787109375,1.1246700286865234,2.8706648349761963,80.713134765625
3919,-29.0234375,-54.46980129241943,243,72.98371124267578,0.0001,1,a2c_opt2_seed1,-2.071814775466919,107.22298431396484,1.1275938749313354,-1.4449563026428223,82.13420104980469
3919,-29.0234375,-54.46980129241943,243,40.9224739074707,0.0001,1,a2c_opt2_seed1,2.097323179244995,55.465309143066406,1.131837248802185,2.1232714653015137,53.24079895019531
3921,-21.87986946105957,-50.22270812988281,1001,71.25083923339844,0.0001,1,a2c_opt2_seed1,-2.0987136363983154,104.78590393066406,1.1370429992675781,-1.199176549911499,60.62611389160156
3922,-20.15796661376953,-47.39095657348633,380,88.73750305175781,0.0001,1,a2c_opt2_seed1,-0.9122142791748047,128.07180786132812,1.0878095626831055,-0.1532575488090515,74.6586685180664
3925,-22.912429809570312,-47.30469668388367,358,181.51573181152344,0.0001,1,a2c_opt2_seed1,-3.566065549850464,264.40338134765625,1.1315462589263916,-3.9092514514923096,180.2777862548828
3925,-22.912429809570312,-47.30469668388367,358,60.1320915222168,0.0001,1,a2c_opt2_seed1,4.2759175300598145,79.79535675048828,1.1517682075500488,3.9832894802093506,122.91629791259766
3926,-65.89251708984375,-45.3614328289032,270,108.48373413085938,0.0001,1,a2c_opt2_seed1,-2.3756699562072754,158.3714141845703,1.1652292013168335,-2.2666726112365723,108.44750213623047
3927,-74.20204162597656,-47.21031908988952,296,114.49771118164062,0.0001,1,a2c_opt2_seed1,-3.546478748321533,168.6353759765625,1.141977071762085,-2.2286436557769775,98.95880126953125
3928,-62.50505447387695,-47.5036585521698,258,48.97517395019531,0.0001,1,a2c_opt2_seed1,-0.31258201599121094,70.41190338134766,1.1459699869155884,0.05770036578178406,59.684043884277344
3928,-62.50505447387695,-47.5036585521698,258,36.55093765258789,0.0001,1,a2c_opt2_seed1,-0.47775256633758545,52.898956298828125,1.1571720838546753,-0.034564316272735596,41.287174224853516
3929,-52.42316818237305,-47.986444005966185,391,98.3348159790039,0.0001,1,a2c_opt2_seed1,-3.6367433071136475,145.67449951171875,1.1681954860687256,-2.0434632301330566,110.12594604492188
3930,17.55915069580078,-44.529365606307984,1001,107.53105163574219,0.0001,1,a2c_opt2_seed1,2.9281725883483887,149.43348693847656,1.116040825843811,3.550893545150757,133.56927490234375
3931,-207.77496337890625,-46.0282129573822,330,305.019775390625,0.0001,1,a2c_opt2_seed1,-3.8721790313720703,441.2750244140625,1.0997390747070312,-5.047757148742676,262.3473815917969
3934,-34.77580261230469,-44.536183233261106,183,230.02658081054688,0.0001,1,a2c_opt2_seed1,-1.5358521938323975,330.8042907714844,1.128899097442627,-1.6734638214111328,108.52359771728516
3935,53.355918884277344,-43.02492377281189,1001,56.26985168457031,0.0001,1,a2c_opt2_seed1,3.56638765335083,75.29149627685547,1.1641827821731567,3.509857177734375,101.57048034667969
3936,-117.99231719970703,-45.93395232200623,552,76.4857177734375,0.0001,1,a2c_opt2_seed1,-3.5675323009490967,114.36257934570312,1.0989549160003662,-2.1414661407470703,93.55325317382812
3936,-117.99231719970703,-45.93395232200623,552,64.8161849975586,0.0001,1,a2c_opt2_seed1,-1.8167963027954102,95.19074249267578,1.0802081823349,-0.7070307731628418,57.64689636230469
3939,-11.589035034179688,-41.31622176170349,176,201.6496124267578,0.0001,1,a2c_opt2_seed1,-2.953106641769409,292.2903747558594,1.060071349143982,-1.254755973815918,83.9549560546875
3940,-14.507295608520508,-42.55164729118347,1001,121.53263854980469,0.0001,1,a2c_opt2_seed1,3.659024953842163,168.3916778564453,1.129095196723938,3.386906385421753,190.34402465820312
3940,-14.507295608520508,-42.55164729118347,1001,68.5975341796875,0.0001,1,a2c_opt2_seed1,-1.0368009805679321,99.47843933105469,1.130260944366455,-1.1255567073822021,59.157047271728516
3941,-25.190475463867188,-43.12351219177246,431,86.44561004638672,0.0001,1,a2c_opt2_seed1,-2.3042802810668945,126.786376953125,1.1369606256484985,-2.088229179382324,108.90961456298828
3942,-121.17462158203125,-44.77819717407227,214,105.08578491210938,0.0001,1,a2c_opt2_seed1,-2.0712859630584717,153.08233642578125,1.117891788482666,-1.7111929655075073,109.91010284423828
3942,-121.17462158203125,-44.77819717407227,214,71.72357177734375,0.0001,1,a2c_opt2_seed1,1.503447413444519,100.31525421142578,1.1144206523895264,1.7153892517089844,59.031280517578125
3942,-121.17462158203125,-44.77819717407227,214,69.544189453125,0.0001,1,a2c_opt2_seed1,3.4495387077331543,94.4217529296875,1.1467173099517822,2.7507975101470947,97.15232849121094
3944,62.48375701904297,-39.5241796875,1001,97.5733413696289,0.0001,1,a2c_opt2_seed1,1.0952796936035156,137.82659912109375,1.118345856666565,1.141901969909668,84.13400268554688
3944,62.48375701904297,-39.5241796875,1001,53.65216827392578,0.0001,1,a2c_opt2_seed1,-1.9101678133010864,79.37557220458984,1.1277165412902832,-1.0309771299362183,66.6672592163086
3947,-60.76765060424805,-42.97631568908692,591,96.51371765136719,0.0001,1,a2c_opt2_seed1,-2.5131678581237793,141.46778869628906,1.1278045177459717,-1.994097113609314,73.67477416992188
3947,-60.76765060424805,-42.97631568908692,591,53.890708923339844,0.0001,1,a2c_opt2_seed1,1.7789771556854248,74.44615173339844,1.1427366733551025,2.398272752761841,68.46954345703125
3947,-60.76765060424805,-42.97631568908692,591,50.22010803222656,0.0001,1,a2c_opt2_seed1,-0.03710925579071045,71.7968521118164,1.1597859859466553,0.1608022153377533,51.79029846191406
3949,36.959747314453125,-40.149690589904786,1001,52.689231872558594,0.0001,1,a2c_opt2_seed1,1.5937579870224,72.99435424804688,1.1462630033493042,1.7525880336761475,82.7418212890625
3949,36.959747314453125,-40.149690589904786,1001,53.74405288696289,0.0001,1,a2c_opt2_seed1,1.5372178554534912,74.5820083618164,1.1357418298721313,1.803734302520752,69.69795989990234
3952,-28.921470642089844,-38.675698127746585,315,150.3734588623047,0.0001,1,a2c_opt2_seed1,-5.670468807220459,222.92068481445312,1.08479905128479,-4.2915825843811035,164.117919921875
3952,-28.921470642089844,-38.675698127746585,315,55.863250732421875,0.0001,1,a2c_opt2_seed1,0.5350145101547241,79.04113006591797,1.1051104068756104,1.1597728729248047,53.625755310058594
3953,-23.496318817138672,-39.28337017059326,1001,114.56092071533203,0.0001,1,a2c_opt2_seed1,-1.2680498361587524,165.47071838378906,1.0453708171844482,-2.30433988571167,153.36610412597656
3955,-155.1739501953125,-37.817050743103025,321,93.65323638916016,0.0001,1,a2c_opt2_seed1,1.055417776107788,132.28335571289062,1.070251703262329,1.0315146446228027,51.52738952636719
3955,-155.1739501953125,-37.817050743103025,321,58.97134017944336,0.0001,1,a2c_opt2_seed1,-2.425583600997925,87.71065521240234,1.0708975791931152,-1.1518172025680542,79.78104400634766
3956,-51.31785583496094,-39.64061893463135,332,143.62454223632812,0.0001,1,a2c_opt2_seed1,0.5503240823745728,204.3925018310547,1.056628704071045,1.4585438966751099,95.13715362548828
3958,-57.34330749511719,-39.92367092132568,212,118.65866088867188,0.0001,1,a2c_opt2_seed1,-3.2113113403320312,174.1007537841797,1.1105272769927979,-2.85567307472229,127.86279296875
3958,-57.34330749511719,-39.92367092132568,212,99.46049499511719,0.0001,1,a2c_opt2_seed1,1.3119111061096191,140.2130584716797,1.1089792251586914,1.4571709632873535,73.36427307128906
3961,-52.83732986450195,-38.524078826904294,1001,122.99090576171875,0.0001,1,a2c_opt2_seed1,0.04135853052139282,175.6430206298828,1.1292674541473389,0.5371289253234863,72.47541046142578
3961,-52.83732986450195,-38.524078826904294,1001,59.958213806152344,0.0001,1,a2c_opt2_seed1,-0.6466299295425415,86.57911682128906,1.078345775604248,0.11780859529972076,37.298465728759766
3963,-70.24267578125,-38.80416282653809,469,129.1851043701172,0.0001,1,a2c_opt2_seed1,-0.49384480714797974,185.2564239501953,1.0595932006835938,0.018633723258972168,59.63341522216797
3964,-14.753860473632812,-38.34367408752441,349,63.0040397644043,0.0001,1,a2c_opt2_seed1,0.9691837430000305,88.62199401855469,1.0833125114440918,1.4468607902526855,56.85700225830078
3965,15.199440002441406,-37.63251274108887,143,107.63545227050781,0.0001,1,a2c_opt2_seed1,-4.887340545654297,160.7476348876953,1.0964701175689697,-3.907195568084717,148.9377899169922
3967,-66.25609588623047,-41.37315845489502,332,106.1812515258789,0.0001,1,a2c_opt2_seed1,-3.0879831314086914,156.09970092773438,1.110546588897705,-3.2023518085479736,130.98031616210938
3968,-84.88867950439453,-43.492917175292966,403,104.98986053466797,0.0001,1,a2c_opt2_seed1,-3.1034059524536133,154.41976928710938,1.134379506111145,-3.3464512825012207,147.53521728515625
3969,39.8426513671875,-42.11559539794922,1001,70.56440734863281,0.0001,1,a2c_opt2_seed1,1.412269115447998,98.78955841064453,1.0934194326400757,1.59486722946167,76.24649047851562
3969,39.8426513671875,-42.11559539794922,1001,56.560707092285156,0.0001,1,a2c_opt2_seed1,-1.2339799404144287,82.56455993652344,1.0148797035217285,-0.36291778087615967,54.942359924316406
3971,-36.00307846069336,-43.48660213470459,462,106.17205047607422,0.0001,1,a2c_opt2_seed1,-1.6894856691360474,154.08865356445312,1.0384631156921387,-0.48529914021492004,75.28263092041016
3972,-31.04084014892578,-43.704259605407714,170,155.56649780273438,0.0001,1,a2c_opt2_seed1,1.4453425407409668,220.17388916015625,1.1264357566833496,2.0628786087036133,121.60641479492188
3972,-31.04084014892578,-43.704259605407714,170,78.22048950195312,0.0001,1,a2c_opt2_seed1,0.8391534090042114,110.54557800292969,1.1377625465393066,1.0134735107421875,69.69254302978516
3973,-139.86228942871094,-43.91544490814209,439,63.15085983276367,0.0001,1,a2c_opt2_seed1,-3.7428171634674072,95.563232421875,1.1769297122955322,-3.248936414718628,103.89225769042969
3975,-20.413604736328125,-43.02816294670105,269,173.44740295410156,0.0001,1,a2c_opt2_seed1,-5.32723331451416,255.39317321777344,1.165939450263977,-4.820858001708984,187.1774444580078
3976,-48.79623794555664,-42.68623736381531,227,61.51982116699219,0.0001,1,a2c_opt2_seed1,3.3213839530944824,83.14141845703125,1.112541913986206,2.765535354614258,85.7012939453125
3976,-48.79623794555664,-42.68623736381531,227,31.926342010498047,0.0001,1,a2c_opt2_seed1,0.7976844310760498,44.470279693603516,1.0770663022994995,1.1126773357391357,32.4629020690918
3976,-48.79623794555664,-42.68623736381531,227,35.93247985839844,0.0001,1,a2c_opt2_seed1,-0.725283145904541,52.36903381347656,1.1129601001739502,-0.3050624132156372,28.238861083984375
3976,-48.79623794555664,-42.68623736381531,227,79.38813781738281,0.0001,1,a2c_opt2_seed1,-1.4349843263626099,115.46240234375,1.1109486818313599,-0.20003008842468262,75.71772766113281
3977,-294.67889404296875,-47.09577441215515,605,209.32632446289062,0.0001,1,a2c_opt2_seed1,-3.276268243789673,303.7187805175781,1.0961494445800781,-3.5345301628112793,237.2493438720703
3979,-100.89656066894531,-48.694290494918825,426,119.6336669921875,0.0001,1,a2c_opt2_seed1,-4.043625354766846,176.6826629638672,1.148675560951233,-3.89284086227417,147.4821319580078
3981,7.111520767211914,-45.35842680931091,1001,107.65359497070312,0.0001,1,a2c_opt2_seed1,5.024387359619141,146.6139678955078,1.122666597366333,4.554342269897461,124.89110565185547
3982,75.51727294921875,-40.75075011253357,1001,69.14688110351562,0.0001,1,a2c_opt2_seed1,4.334232807159424,92.59027099609375,1.0818142890930176,4.420722007751465,136.19287109375
3983,-21.460086822509766,-41.123861150741575,1001,61.507991790771484,0.0001,1,a2c_opt2_seed1,1.5937016010284424,85.59259796142578,1.0552942752838135,2.177203416824341,70.01293182373047
3984,47.8624267578125,-39.47109656333923,225,185.40170288085938,0.0001,1,a2c_opt2_seed1,0.5557582378387451,264.06640625,1.0776033401489258,1.2262194156646729,103.88525390625
3984,47.8624267578125,-39.47109656333923,225,62.43362808227539,0.0001,1,a2c_opt2_seed1,4.821092128753662,82.30442810058594,1.1201773881912231,4.6118574142456055,157.5069122314453
3985,-29.684112548828125,-41.13189719200134,376,119.57099151611328,0.0001,1,a2c_opt2_seed1,3.042243003845215,166.47047424316406,1.1560463905334473,3.2716329097747803,126.2124252319336
3985,-29.684112548828125,-41.13189719200134,376,51.3551025390625,0.0001,1,a2c_opt2_seed1,0.6975271701812744,72.36883544921875,1.2238272428512573,0.3205718994140625,79.62959289550781
3986,-32.578399658203125,-39.42361884117126,297,57.81093978881836,0.0001,1,a2c_opt2_seed1,0.2953062653541565,82.16606903076172,1.2248247861862183,0.36387863755226135,37.91753005981445
3986,-32.578399658203125,-39.42361884117126,297,35.480621337890625,0.0001,1,a2c_opt2_seed1,3.446225881576538,45.76428985595703,1.214882254600525,2.987558364868164,83.98702239990234
3987,45.38923263549805,-38.613126821517945,1001,50.081302642822266,0.0001,1,a2c_opt2_seed1,1.480116367340088,69.43114471435547,1.2288891077041626,1.2138627767562866,93.8060531616211
3987,45.38923263549805,-38.613126821517945,1001,29.39879035949707,0.0001,1,a2c_opt2_seed1,0.08107712864875793,41.88330078125,1.1949336528778076,0.3274024426937103,28.300317764282227
3988,-6.2625885009765625,-38.39502379417419,247,80.29512786865234,0.0001,1,a2c_opt2_seed1,-1.039739966392517,116.19352722167969,1.191658616065979,-0.5710526704788208,70.42626953125
3988,-6.2625885009765625,-38.39502379417419,247,76.01049041748047,0.0001,1,a2c_opt2_seed1,2.153348922729492,105.51106262207031,1.2010226249694824,1.9136874675750732,56.05031967163086
3989,6.776908874511719,-38.02770491600037,255,53.67093276977539,0.0001,1,a2c_opt2_seed1,2.355360746383667,73.30882263183594,1.2036378383636475,2.0351576805114746,66.83543395996094
3990,49.86731719970703,-36.74021265983581,1001,44.393184661865234,0.0001,1,a2c_opt2_seed1,2.675358533859253,59.5977668762207,1.2228021621704102,2.5602526664733887,93.05082702636719
3992,-52.159793853759766,-34.896807756423954,308,127.9856948852539,0.0001,1,a2c_opt2_seed1,-0.8071073293685913,183.99057006835938,1.1827341318130493,-0.574883759021759,101.01972198486328
3994,19.349855422973633,-35.617375192642214,1001,70.59281921386719,0.0001,1,a2c_opt2_seed1,5.0553812980651855,93.62574768066406,1.1824887990951538,4.166946887969971,135.1963348388672
3994,19.349855422973633,-35.617375192642214,1001,16.991016387939453,0.0001,1,a2c_opt2_seed1,-0.9383801817893982,25.61425018310547,1.1602721214294434,-0.6026536822319031,31.009044647216797
3994,19.349855422973633,-35.617375192642214,1001,31.192228317260742,0.0001,1,a2c_opt2_seed1,-1.0633691549301147,46.08024597167969,1.1494618654251099,-0.640049397945404,41.704830169677734
3995,-44.88037872314453,-34.20501557350158,1001,64.32282257080078,0.0001,1,a2c_opt2_seed1,-0.0014969110488891602,91.89266967773438,1.1018410921096802,0.23614859580993652,64.83110809326172
3996,-51.651607513427734,-33.51539025306702,319,88.00221252441406,0.0001,1,a2c_opt2_seed1,3.8333094120025635,120.24205017089844,1.0713164806365967,4.543396472930908,131.7914276123047
3998,-5.866950988769531,-32.19566880226135,160,187.0495147705078,0.0001,1,a2c_opt2_seed1,7.356292247772217,256.7054138183594,1.1172605752944946,6.45684814453125,214.3645477294922
3998,-5.866950988769531,-32.19566880226135,160,54.21134567260742,0.0001,1,a2c_opt2_seed1,1.8858230113983154,74.75160217285156,1.1989856958389282,1.7421131134033203,81.07572937011719
3998,-5.866950988769531,-32.19566880226135,160,33.89482879638672,0.0001,1,a2c_opt2_seed1,-0.6190007328987122,49.30632781982422,1.1999435424804688,-0.2677540183067322,44.72290802001953
3999,-49.46277618408203,-33.924119272232055,275,65.36793518066406,0.0001,1,a2c_opt2_seed1,0.5624486804008484,92.58012390136719,1.1887580156326294,0.20550572872161865,46.7489128112793
4000,-6.460289001464844,-33.41727021217346,233,74.415771484375,0.0001,1,a2c_opt2_seed1,0.4471190869808197,105.67035675048828,1.1976099014282227,0.3504537343978882,56.43614196777344
4000,-6.460289001464844,-33.41727021217346,233,36.478694915771484,0.0001,1,a2c_opt2_seed1,0.586135983467102,51.275936126708984,1.1875128746032715,0.3087376356124878,32.979820251464844
4001,-53.05955505371094,-34.13229966163635,386,38.467288970947266,0.0001,1,a2c_opt2_seed1,0.020501218736171722,54.92484664916992,1.2040014266967773,0.40950554609298706,47.31200408935547
4001,-53.05955505371094,-34.13229966163635,386,58.29620361328125,0.0001,1,a2c_opt2_seed1,-0.6110638380050659,84.15409851074219,1.200061559677124,-0.2918611764907837,42.79709243774414
4004,117.20807647705078,-31.286437005996703,1001,108.64063262939453,0.0001,1,a2c_opt2_seed1,0.21699410676956177,154.89175415039062,1.1710779666900635,-0.014003932476043701,74.48757934570312
4005,-0.25774383544921875,-28.188112878799437,231,115.4448013305664,0.0001,1,a2c_opt2_seed1,1.148805022239685,163.2808380126953,1.1766886711120605,1.7412266731262207,79.870849609375
4008,57.99009323120117,-23.36175405025482,1001,77.07315826416016,0.0001,1,a2c_opt2_seed1,1.7439358234405518,107.614013671875,1.1722815036773682,1.6984009742736816,54.51087188720703
4009,15.671174049377441,-22.056636004447938,1001,72.10938262939453,0.0001,1,a2c_opt2_seed1,4.9260430335998535,95.97697448730469,1.0899759531021118,5.191189289093018,149.02969360351562
4009,15.671174049377441,-22.056636004447938,1001,37.27228546142578,0.0001,1,a2c_opt2_seed1,2.345140218734741,49.89670944213867,1.1000115871429443,2.83201265335083,73.28434753417969
4010,-29.70146942138672,-23.87660144329071,314,97.61786651611328,0.0001,1,a2c_opt2_seed1,-3.5999867916107178,144.59774780273438,1.1438393592834473,-2.8849775791168213,98.81007385253906
4011,3.9597244262695312,-22.74066035747528,248,89.30011749267578,0.0001,1,a2c_opt2_seed1,-3.2014870643615723,132.14596557617188,1.1409724950790405,-2.621288776397705,90.20451354980469
4013,-22.18474578857422,-21.621479907035827,378,124.00763702392578,0.0001,1,a2c_opt2_seed1,-3.762601852416992,182.52967834472656,1.0695483684539795,-2.229637384414673,103.37322998046875
4014,-50.33509826660156,-22.333104662895202,353,95.8199691772461,0.0001,1,a2c_opt2_seed1,1.6393284797668457,134.54454040527344,1.0748214721679688,2.108753204345703,76.0009765625
4017,-17.722320556640625,-21.27166301250458,214,202.20523071289062,0.0001,1,a2c_opt2_seed1,-4.203899383544922,294.8709716796875,1.1088459491729736,-3.787005662918091,165.1896209716797
4019,11.029369354248047,-24.27286380290985,1001,251.74441528320312,0.0001,1,a2c_opt2_seed1,-3.7038488388061523,364.9268798828125,1.094989538192749,-3.5586891174316406,223.54112243652344
4019,11.029369354248047,-24.27286380290985,1001,71.9334716796875,0.0001,1,a2c_opt2_seed1,4.647842884063721,96.12312316894531,1.108319640159607,4.580469131469727,140.75196838378906
4020,31.197219848632812,-22.63935664653778,171,82.18572235107422,0.0001,1,a2c_opt2_seed1,1.7780710458755493,114.86886596679688,1.0966312885284424,2.116483688354492,81.0651626586914
4022,-8.346145629882812,-21.799626650810243,219,101.18348693847656,0.0001,1,a2c_opt2_seed1,0.001435607671737671,144.54661560058594,1.1615089178085327,0.6041533946990967,78.65115356445312
4022,-8.346145629882812,-21.799626650810243,219,36.561859130859375,0.0001,1,a2c_opt2_seed1,-0.3020118772983551,52.663516998291016,1.175140380859375,0.11625778675079346,32.406070709228516
4023,-43.77000045776367,-19.877780871391295,373,89.56543731689453,0.0001,1,a2c_opt2_seed1,-2.2210896015167236,131.12445068359375,1.1745567321777344,-1.885306715965271,81.88607025146484
4025,-6.277885437011719,-17.37537121295929,382,90.78123474121094,0.0001,1,a2c_opt2_seed1,-4.437312126159668,136.02731323242188,1.146239995956421,-2.970273733139038,115.5182113647461
4025,-6.277885437011719,-17.37537121295929,382,93.07026672363281,0.0001,1,a2c_opt2_seed1,-0.45707643032073975,133.61129760742188,1.1255472898483276,-0.10162657499313354,73.6700668334961
4025,-6.277885437011719,-17.37537121295929,382,58.8338623046875,0.0001,1,a2c_opt2_seed1,3.8412094116210938,78.5617446899414,1.1361786127090454,3.301264762878418,124.6877212524414
4027,-76.69393157958984,-12.66466419696808,450,115.98562622070312,0.0001,1,a2c_opt2_seed1,-2.2172067165374756,168.86204528808594,1.1869959831237793,-1.6992547512054443,111.48173522949219
4027,-76.69393157958984,-12.66466419696808,450,78.18147277832031,0.0001,1,a2c_opt2_seed1,2.8199350833892822,107.6601791381836,1.174878478050232,3.0820415019989014,97.90676879882812
4029,59.569984436035156,-8.709609036445618,1001,56.16405487060547,0.0001,1,a2c_opt2_seed1,2.70180344581604,76.37547302246094,1.1616432666778564,2.337246894836426,106.11133575439453
4029,59.569984436035156,-8.709609036445618,1001,22.480304718017578,0.0001,1,a2c_opt2_seed1,1.8607927560806274,29.4572811126709,1.1675512790679932,2.057880401611328,44.34370040893555
4030,70.61666107177734,-6.686592831611633,1001,85.35269165039062,0.0001,1,a2c_opt2_seed1,-1.14745032787323,123.5724868774414,1.195415735244751,-0.48063743114471436,76.8837661743164
4031,-62.139686584472656,-8.071616978645325,301,116.31658172607422,0.0001,1,a2c_opt2_seed1,1.488111138343811,164.04153442382812,1.2122366428375244,1.491969347000122,103.61751556396484
4032,12.642257690429688,-9.329117283821105,254,72.09337615966797,0.0001,1,a2c_opt2_seed1,-1.3187952041625977,104.87540435791016,1.2211040258407593,-0.5973340272903442,53.71246337890625
4032,12.642257690429688,-9.329117283821105,254,36.59990692138672,0.0001,1,a2c_opt2_seed1,3.0826456546783447,47.88264083862305,1.175482988357544,2.9857089519500732,72.49811553955078
4032,12.642257690429688,-9.329117283821105,254,39.90696334838867,0.0001,1,a2c_opt2_seed1,0.6007640361785889,56.15258026123047,1.2113193273544312,0.958219051361084,48.58678436279297
4033,-35.307708740234375,-9.606069722175597,327,45.8209114074707,0.0001,1,a2c_opt2_seed1,1.6585500240325928,63.089962005615234,1.2219305038452148,1.4497947692871094,64.12887573242188
4036,88.55367279052734,-7.075744862556458,1001,74.39936828613281,0.0001,1,a2c_opt2_seed1,2.141976833343506,103.22570037841797,1.1920889616012573,1.922162652015686,91.16868591308594
4037,61.66560745239258,-6.750217366218567,1001,88.5525131225586,0.0001,1,a2c_opt2_seed1,3.0560107231140137,122.1386947631836,1.1603121757507324,3.2949280738830566,124.54566955566406
4037,61.66560745239258,-6.750217366218567,1001,81.04903411865234,0.0001,1,a2c_opt2_seed1,-0.2745957374572754,116.17742156982422,1.1320302486419678,0.2758364677429199,54.89178466796875
4037,61.66560745239258,-6.750217366218567,1001,36.42582702636719,0.0001,1,a2c_opt2_seed1,-0.02218043804168701,52.06939697265625,1.146943211555481,0.11423143744468689,59.252689361572266
4038,-73.19703674316406,-8.088906331062317,284,70.45612335205078,0.0001,1,a2c_opt2_seed1,-2.0904381275177,103.63873291015625,1.1046198606491089,-1.41696298122406,97.97904968261719
4040,-2.9202423095703125,-9.799741902351379,324,100.72108459472656,0.0001,1,a2c_opt2_seed1,-2.6915106773376465,147.7331085205078,1.1561554670333862,-1.983367681503296,71.94026947021484
4042,-12.460990905761719,-8.805476012229919,421,51.50076675415039,0.0001,1,a2c_opt2_seed1,-1.6818898916244507,75.97602844238281,1.1262555122375488,-1.6452720165252686,83.46160888671875
4042,-12.460990905761719,-8.805476012229919,421,51.24525451660156,0.0001,1,a2c_opt2_seed1,1.2315094470977783,71.44901275634766,1.130464792251587,1.5240771770477295,53.78894805908203
4044,-79.54456329345703,-8.12970899105072,410,174.7046661376953,0.0001,1,a2c_opt2_seed1,-1.2982720136642456,251.43353271484375,1.0480676889419556,-0.478822261095047,84.46846771240234
4045,-8.868949890136719,-7.409480414390564,305,125.04505920410156,0.0001,1,a2c_opt2_seed1,0.10095834732055664,178.49234008789062,1.0605244636535645,0.8637052774429321,95.69970703125
4047,-11.120849609375,-8.485079855918885,244,159.36399841308594,0.0001,1,a2c_opt2_seed1,0.42972445487976074,227.04971313476562,1.0461299419403076,1.5120371580123901,100.72518157958984
4049,-12.234580993652344,-8.06360433101654,199,137.43743896484375,0.0001,1,a2c_opt2_seed1,-0.914287269115448,197.64608764648438,1.0668584108352661,-0.10786807537078857,99.38216400146484
4050,90.5664291381836,-6.123069968223572,1001,52.04161071777344,0.0001,1,a2c_opt2_seed1,1.5440547466278076,72.14013671875,1.0835729837417603,2.1574320793151855,63.67304229736328
4051,-132.8383026123047,-7.718644919395447,480,113.28826141357422,0.0001,1,a2c_opt2_seed1,-3.3877334594726562,166.6807861328125,1.111850380897522,-2.606222152709961,117.69351959228516
4054,-47.37416458129883,-10.309079413414002,290,142.59466552734375,0.0001,1,a2c_opt2_seed1,-4.723851203918457,210.455810546875,1.1110810041427612,-3.1882224082946777,141.6111297607422
4054,-47.37416458129883,-10.309079413414002,290,40.048866271972656,0.0001,1,a2c_opt2_seed1,3.2301013469696045,52.599037170410156,1.1242958307266235,3.505261182785034,103.0
4056,-2.3830337524414062,-11.382769446372986,325,106.17272186279297,0.0001,1,a2c_opt2_seed1,-4.539291858673096,158.1608428955078,1.1396549940109253,-3.098304510116577,109.7114028930664
4057,-25.556259155273438,-11.943582696914673,242,61.53877639770508,0.0001,1,a2c_opt2_seed1,-3.5036754608154297,92.91859436035156,1.121300458908081,-2.9010839462280273,121.51290130615234
4058,-71.29071807861328,-14.529198923110961,239,114.1393051147461,0.0001,1,a2c_opt2_seed1,-3.601144790649414,168.2014617919922,1.1460916996002197,-2.8802311420440674,126.40967559814453
4059,-9.162612915039062,-15.025874662399293,330,124.21424865722656,0.0001,1,a2c_opt2_seed1,2.4599952697753906,173.9354248046875,1.1052571535110474,2.5399398803710938,101.93275451660156
4060,12.715072631835938,-14.177543821334838,156,70.37247467041016,0.0001,1,a2c_opt2_seed1,-0.5108730792999268,101.26273345947266,1.1323013305664062,-0.2918664813041687,57.063880920410156
4061,5.626716613769531,-14.144203977584839,316,70.47478485107422,0.0001,1,a2c_opt2_seed1,-1.8124366998672485,103.2682876586914,1.1562156677246094,-1.424752950668335,54.825347900390625
4062,-107.14924621582031,-15.959056119918824,414,39.10234451293945,0.0001,1,a2c_opt2_seed1,-0.6085847020149231,56.730712890625,1.1363238096237183,-0.021304428577423096,44.056396484375
4063,62.36237716674805,-14.268113660812379,1001,34.22255325317383,0.0001,1,a2c_opt2_seed1,-0.44110849499702454,49.52032470703125,1.1267486810684204,-0.03582635521888733,43.72998046875
4064,-28.401199340820312,-13.829435682296753,448,103.03227233886719,0.0001,1,a2c_opt2_seed1,-2.2587759494781494,150.41656494140625,1.097407579421997,-1.4255719184875488,74.69590759277344
4066,-3.2455825805664062,-14.258453016281129,281,160.07992553710938,0.0001,1,a2c_opt2_seed1,-2.16337513923645,231.77696228027344,1.1236706972122192,-1.6011123657226562,120.255615234375
4068,143.96449279785156,-8.508480939865112,1001,85.37093353271484,0.0001,1,a2c_opt2_seed1,-0.7059018611907959,122.96774291992188,1.1655724048614502,-0.6585391759872437,52.78017044067383
4069,-8.326934814453125,-8.895607023239135,315,55.800899505615234,0.0001,1,a2c_opt2_seed1,-3.0784387588500977,84.11412048339844,1.0932291746139526,-1.9288694858551025,63.0970458984375
4071,-49.06565475463867,-9.353013486862183,319,142.66659545898438,0.0001,1,a2c_opt2_seed1,-1.84023118019104,206.4390869140625,1.0690864324569702,-0.6485354900360107,105.115966796875
4071,-49.06565475463867,-9.353013486862183,319,48.860233306884766,0.0001,1,a2c_opt2_seed1,0.17883719503879547,69.54560852050781,1.0633807182312012,1.0297253131866455,51.94499588012695
4074,-35.84791564941406,-12.744375257492065,354,189.18638610839844,0.0001,1,a2c_opt2_seed1,-10.295598983764648,284.9750061035156,1.028537631034851,-7.8169989585876465,257.6848449707031
4075,-172.13693237304688,-16.06155619621277,404,156.60459899902344,0.0001,1,a2c_opt2_seed1,-3.1248087882995605,228.1856231689453,1.0577422380447388,-2.2982683181762695,201.78286743164062
4076,-118.11259460449219,-17.798891096115113,345,114.58456420898438,0.0001,1,a2c_opt2_seed1,-5.346428871154785,171.33074951171875,1.0665570497512817,-4.13926362991333,190.5630340576172
4076,-118.11259460449219,-17.798891096115113,345,36.81138229370117,0.0001,1,a2c_opt2_seed1,-0.8962505459785461,53.868797302246094,1.0420228242874146,-0.3223634958267212,31.97454261779785
4077,-107.68983459472656,-18.418809156417847,351,148.486328125,0.0001,1,a2c_opt2_seed1,-2.4720983505249023,215.65562438964844,1.048936367034912,-1.9984625577926636,107.6358871459961
4079,-41.505863189697266,-22.009836835861208,401,71.76134490966797,0.0001,1,a2c_opt2_seed1,-1.4518296718597412,104.59099578857422,1.0525078773498535,-0.23652195930480957,62.96467971801758
4080,-38.76070022583008,-24.197384061813356,344,60.708412170410156,0.0001,1,a2c_opt2_seed1,-3.297434091567993,91.43769073486328,1.0759766101837158,-2.5814268589019775,99.2391586303711
4080,-38.76070022583008,-24.197384061813356,344,51.0734748840332,0.0001,1,a2c_opt2_seed1,-0.15116557478904724,73.17882537841797,1.073559284210205,0.5574858784675598,38.53171920776367
4080,-38.76070022583008,-24.197384061813356,344,87.81075286865234,0.0001,1,a2c_opt2_seed1,2.0847060680389404,122.46656036376953,1.1028575897216797,3.0082485675811768,128.92034912109375
4080,-38.76070022583008,-24.197384061813356,344,22.284404754638672,0.0001,1,a2c_opt2_seed1,-2.0905816555023193,34.82220458984375,1.1124542951583862,-1.385352373123169,48.12955856323242
4081,-11.39410400390625,-23.182472410202028,303,110.3641357421875,0.0001,1,a2c_opt2_seed1,-6.176829814910889,166.48789978027344,1.1301250457763672,-5.202923774719238,172.78993225097656
4084,-156.38404846191406,-29.440213956832885,474,177.30990600585938,0.0001,1,a2c_opt2_seed1,-4.685122966766357,259.99371337890625,1.1192599534988403,-4.769842147827148,223.89462280273438
4084,-156.38404846191406,-29.440213956832885,474,54.28659439086914,0.0001,1,a2c_opt2_seed1,3.3601975440979004,72.7527847290039,1.1086140871047974,3.358149766921997,127.65988159179688
4085,-76.04625701904297,-31.746064481735228,538,48.001930236816406,0.0001,1,a2c_opt2_seed1,0.11298477649688721,68.41357421875,1.1081194877624512,0.15807968378067017,46.931243896484375
4085,-76.04625701904297,-31.746064481735228,538,71.24921417236328,0.0001,1,a2c_opt2_seed1,4.753557205200195,94.99459838867188,1.1213628053665161,4.498593330383301,145.3964385986328
4085,-76.04625701904297,-31.746064481735228,538,38.90666198730469,0.0001,1,a2c_opt2_seed1,-0.09603112936019897,55.71897506713867,1.1738653182983398,-0.48455876111984253,81.3006820678711
4086,66.8109359741211,-32.18091921806335,1001,23.316898345947266,0.0001,1,a2c_opt2_seed1,1.1037077903747559,31.733959197998047,1.1630854606628418,1.0060142278671265,48.372901916503906
4088,-66.39785766601562,-34.293212232589724,415,52.35797882080078,0.0001,1,a2c_opt2_seed1,-2.915156364440918,78.96240997314453,1.0957424640655518,-2.2111735343933105,76.84941864013672
4088,-66.39785766601562,-34.293212232589724,415,36.637611389160156,0.0001,1,a2c_opt2_seed1,-0.7031693458557129,53.344749450683594,1.0865355730056763,-0.17672447860240936,33.24721145629883
4090,-33.666358947753906,-35.945671491622925,570,65.04659271240234,0.0001,1,a2c_opt2_seed1,-3.708388328552246,98.2221908569336,1.1016895771026611,-2.5989041328430176,96.20022583007812
4091,99.00093841552734,-34.125241394042966,1001,33.41761016845703,0.0001,1,a2c_opt2_seed1,-0.33033764362335205,48.212127685546875,1.0824830532073975,0.3723968267440796,32.899208068847656
4093,-40.02388381958008,-37.33427131652832,497,43.55136489868164,0.0001,1,a2c_opt2_seed1,-1.3643579483032227,64.16610717773438,1.1042282581329346,-0.8385930061340332,66.43155670166016
4093,-40.02388381958008,-37.33427131652832,497,23.807533264160156,0.0001,1,a2c_opt2_seed1,-0.4697457551956177,34.68260192871094,1.0848876237869263,0.04421955347061157,23.144145965576172
4094,-89.14248657226562,-37.526229782104494,732,72.56080627441406,0.0001,1,a2c_opt2_seed1,-5.582210540771484,111.6336669921875,1.0964103937149048,-4.785740375518799,159.9163055419922
4094,-89.14248657226562,-37.526229782104494,732,22.62873649597168,0.0001,1,a2c_opt2_seed1,0.4487803876399994,31.686410903930664,1.062161922454834,0.6984869241714478,34.346099853515625
4094,-89.14248657226562,-37.526229782104494,732,41.89573669433594,0.0001,1,a2c_opt2_seed1,-1.9511125087738037,62.63910675048828,1.049280047416687,-1.1590334177017212,78.02703094482422
4095,-47.451087951660156,-38.29787254333496,326,102.83485412597656,0.0001,1,a2c_opt2_seed1,0.24395060539245605,146.55918884277344,1.0566524267196655,0.7470667362213135,70.45211029052734
4095,-47.451087951660156,-38.29787254333496,326,94.640380859375,0.0001,1,a2c_opt2_seed1,2.0791118144989014,132.2311553955078,1.0727487802505493,2.594695568084717,108.3783187866211
4097,-131.32070922851562,-40.03458473205566,600,154.62416076660156,0.0001,1,a2c_opt2_seed1,-2.8198471069335938,224.9207763671875,1.0534698963165283,-1.818960428237915,115.30938720703125
4097,-131.32070922851562,-40.03458473205566,600,68.24079895019531,0.0001,1,a2c_opt2_seed1,2.1490232944488525,94.4175796508789,1.06320059299469,2.5432889461517334,119.72246551513672
4098,-125.07489776611328,-42.09565528869629,264,176.29273986816406,0.0001,1,a2c_opt2_seed1,0.4799451231956482,251.1619110107422,1.1060130596160889,0.482591450214386,111.19017028808594
4098,-125.07489776611328,-42.09565528869629,264,68.11346435546875,0.0001,1,a2c_opt2_seed1,1.2957868576049805,95.45467376708984,1.1747148036956787,1.5232917070388794,64.35289764404297
4100,-101.00981903076172,-45.26702728271484,293,86.4375,0.0001,1,a2c_opt2_seed1,-0.36913084983825684,124.01029968261719,1.1404250860214233,-0.33808958530426025,71.1434326171875
4101,-5.301159381866455,-42.71628441810608,1001,44.493629455566406,0.0001,1,a2c_opt2_seed1,2.0169172286987305,60.68183135986328,1.134706735610962,2.167473316192627,70.83000183105469
4101,-5.301159381866455,-42.71628441810608,1001,75.38087463378906,0.0001,1,a2c_opt2_seed1,4.756132125854492,100.893310546875,1.151993751525879,4.5081305503845215,151.85264587402344
4102,19.64124298095703,-42.16926613807678,1001,32.073509216308594,0.0001,1,a2c_opt2_seed1,1.1863086223602295,44.12539291381836,1.1507450342178345,1.3658983707427979,46.341270446777344
4103,-48.02140426635742,-43.41479340553283,1001,31.787023544311523,0.0001,1,a2c_opt2_seed1,-0.40404823422431946,45.98804473876953,1.118385910987854,0.4527237117290497,34.51886749267578
4104,-48.62460708618164,-43.4398022556305,468,136.58901977539062,0.0001,1,a2c_opt2_seed1,3.1407344341278076,190.64120483398438,1.089341402053833,3.6181325912475586,122.27345275878906
4105,39.88744354248047,-41.8445889377594,1001,78.11573028564453,0.0001,1,a2c_opt2_seed1,1.0940754413604736,110.0317153930664,1.1023273468017578,1.538482904434204,81.33978271484375
4105,39.88744354248047,-41.8445889377594,1001,60.049076080322266,0.0001,1,a2c_opt2_seed1,-0.3304838538169861,86.25731658935547,1.1200889348983765,0.8231651186943054,116.26570892333984
4106,14.578109741210938,-41.50536606788635,164,86.81626892089844,0.0001,1,a2c_opt2_seed1,-1.9682023525238037,126.83575439453125,1.1114072799682617,-2.0977234840393066,109.27237701416016
4108,-213.67385864257812,-44.28040650367737,385,139.60987854003906,0.0001,1,a2c_opt2_seed1,0.3484307825565338,198.94570922851562,1.0894277095794678,-0.04211568832397461,160.16531372070312
4108,-213.67385864257812,-44.28040650367737,385,26.776615142822266,0.0001,1,a2c_opt2_seed1,0.2032768428325653,37.96270751953125,1.112646222114563,0.42539671063423157,60.835636138916016
4108,-213.67385864257812,-44.28040650367737,385,32.587615966796875,0.0001,1,a2c_opt2_seed1,0.12466543912887573,46.376441955566406,1.1103379726409912,0.1669805496931076,31.152320861816406
4111,-61.70174026489258,-45.314187707901,541,169.47787475585938,0.0001,1,a2c_opt2_seed1,-7.294088363647461,252.5321044921875,1.041344404220581,-7.28513240814209,361.0431213378906
4113,-71.66455078125,-50.93884278297424,423,63.67184066772461,0.0001,1,a2c_opt2_seed1,1.6560781002044678,88.59469604492188,1.046436071395874,2.043647050857544,82.55351257324219
4113,-71.66455078125,-50.93884278297424,423,48.655452728271484,0.0001,1,a2c_opt2_seed1,0.4477461576461792,68.8689193725586,1.0772653818130493,1.1812208890914917,61.606689453125
4113,-71.66455078125,-50.93884278297424,423,18.318437576293945,0.0001,1,a2c_opt2_seed1,0.37761226296424866,25.630504608154297,1.056604027748108,0.8289649486541748,33.63374328613281
4115,-15.792984008789062,-46.86971085548401,502,77.02307891845703,0.0001,1,a2c_opt2_seed1,0.31163954734802246,109.58856201171875,1.0980579853057861,0.5883527994155884,49.38755416870117
4118,-92.59529113769531,-50.33721230506897,278,231.97740173339844,0.0001,1,a2c_opt2_seed1,-9.029947280883789,344.2969970703125,1.0581488609313965,-6.809764862060547,259.343505859375
4118,-92.59529113769531,-50.33721230506897,278,26.5898380279541,0.0001,1,a2c_opt2_seed1,0.46273061633110046,37.32520294189453,1.0668067932128906,0.6098930239677429,27.178050994873047
4120,-68.17073059082031,-52.25900315284729,434,96.83984375,0.0001,1,a2c_opt2_seed1,-2.335334062576294,141.67959594726562,1.0712143182754517,-1.326338529586792,66.23002624511719
4120,-68.17073059082031,-52.25900315284729,434,41.629859924316406,0.0001,1,a2c_opt2_seed1,-0.8014054298400879,60.616859436035156,1.0690155029296875,0.1360735297203064,36.25655746459961
4122,-33.892967224121094,-52.27120781898498,293,148.6927947998047,0.0001,1,a2c_opt2_seed1,-1.5575308799743652,214.64410400390625,1.0884298086166382,-0.47744208574295044,118.8444595336914
4124,2.950225830078125,-48.140584802627565,193,97.55268859863281,0.0001,1,a2c_opt2_seed1,1.1279641389846802,137.75039672851562,1.1137381792068481,1.5769362449645996,134.5842742919922
4124,2.950225830078125,-48.140584802627565,193,28.344388961791992,0.0001,1,a2c_opt2_seed1,-1.6312345266342163,42.82310485839844,1.0989121198654175,-1.2813563346862793,67.51712036132812
4125,-81.93778991699219,-46.33660195350647,444,56.043392181396484,0.0001,1,a2c_opt2_seed1,-0.6494964361190796,80.99064636230469,1.122847557067871,-0.25772741436958313,34.55731964111328
4126,-0.8978984951972961,-43.99230803132057,1001,56.140281677246094,0.0001,1,a2c_opt2_seed1,-2.304560661315918,83.493408203125,1.0818827152252197,-1.7468180656433105,87.09431457519531
4126,-0.8978984951972961,-43.99230803132057,1001,61.99040603637695,0.0001,1,a2c_opt2_seed1,1.5789058208465576,86.30291748046875,1.0818723440170288,1.481637716293335,53.34026336669922
4128,-54.5141487121582,-40.303999086618425,384,83.49571990966797,0.0001,1,a2c_opt2_seed1,-1.1193106174468994,120.87936401367188,1.0516357421875,-0.837153434753418,63.073265075683594
4130,-10.507850646972656,-37.059797426462175,424,83.3204116821289,0.0001,1,a2c_opt2_seed1,0.9665590524673462,117.64911651611328,1.0468857288360596,1.5469138622283936,73.95177459716797
4131,-2.121246337890625,-36.87434027314186,147,83.33094024658203,0.0001,1,a2c_opt2_seed1,-3.1594183444976807,123.55839538574219,1.0402764081954956,-2.489407539367676,87.06291198730469
4132,4.365364074707031,-34.47167349457741,370,76.44105529785156,0.0001,1,a2c_opt2_seed1,-1.2327289581298828,110.96331024169922,1.0661015510559082,-0.795524001121521,70.77767944335938
4132,4.365364074707031,-34.47167349457741,370,29.600603103637695,0.0001,1,a2c_opt2_seed1,-0.4985698461532593,42.99958801269531,1.0766733884811401,0.20349502563476562,40.50682067871094
4132,4.365364074707031,-34.47167349457741,370,29.17881965637207,0.0001,1,a2c_opt2_seed1,-0.48437461256980896,42.37676239013672,1.0761535167694092,-0.006571024656295776,65.33060455322266
4135,-64.12535858154297,-33.50710608124733,1001,119.65583801269531,0.0001,1,a2c_opt2_seed1,-2.209383726119995,174.0939483642578,1.077100396156311,-1.4645280838012695,73.50282287597656
4135,-64.12535858154297,-33.50710608124733,1001,43.81636047363281,0.0001,1,a2c_opt2_seed1,0.4223773777484894,61.992191314697266,1.108060598373413,0.7516192197799683,42.285770416259766
4135,-64.12535858154297,-33.50710608124733,1001,21.182085037231445,0.0001,1,a2c_opt2_seed1,-1.2914599180221558,32.105831146240234,1.0736695528030396,-0.7179552316665649,36.524532318115234
4138,-17.593994140625,-36.085329195261004,227,175.89730834960938,0.0001,1,a2c_opt2_seed1,-6.591756820678711,260.6994323730469,1.06869637966156,-5.798549652099609,226.7721405029297
4138,-17.593994140625,-36.085329195261004,227,108.07746887207031,0.0001,1,a2c_opt2_seed1,3.9907193183898926,148.69613647460938,1.092747688293457,3.7191669940948486,146.63291931152344
4138,-17.593994140625,-36.085329195261004,227,46.14112854003906,0.0001,1,a2c_opt2_seed1,2.0941014289855957,62.92509841918945,1.0859265327453613,2.059278964996338,91.68729400634766
4138,-17.593994140625,-36.085329195261004,227,28.404109954833984,0.0001,1,a2c_opt2_seed1,0.08620089292526245,40.454978942871094,1.1529406309127808,0.5635316371917725,37.07732009887695
4139,-21.86310577392578,-34.9655081808567,243,79.99365234375,0.0001,1,a2c_opt2_seed1,1.5243126153945923,112.0998764038086,1.1401853561401367,1.6022576093673706,80.9227066040039
4139,-21.86310577392578,-34.9655081808567,243,32.710838317871094,0.0001,1,a2c_opt2_seed1,1.8205524682998657,44.12980651855469,1.1507798433303833,1.9195284843444824,61.27857208251953
4142,-8.27911376953125,-38.05762655854225,414,196.4585723876953,0.0001,1,a2c_opt2_seed1,-5.304233551025391,288.2333984375,1.163750171661377,-3.979337692260742,195.2491912841797
4143,88.89818572998047,-35.47918516755104,1001,56.278404235839844,0.0001,1,a2c_opt2_seed1,3.46636962890625,75.44657897949219,1.133287787437439,3.686607837677002,115.19796752929688
4144,68.46237182617188,-32.32708799958229,1001,27.857696533203125,0.0001,1,a2c_opt2_seed1,-0.3656206727027893,40.3198356628418,1.1321022510528564,-0.12924793362617493,55.65776824951172
4145,15.13936996459961,-31.075278841257095,1001,28.899038314819336,0.0001,1,a2c_opt2_seed1,-1.0243747234344482,42.74850082397461,1.0759786367416382,-0.10711462795734406,37.008148193359375
4146,-89.69007110595703,-32.04670828461647,647,102.75837707519531,0.0001,1,a2c_opt2_seed1,-0.029688239097595215,146.84083557128906,1.0355123281478882,0.35013043880462646,55.888885498046875
4146,-89.69007110595703,-32.04670828461647,647,22.062440872192383,0.0001,1,a2c_opt2_seed1,-0.37543126940727234,32.05488204956055,1.0898244380950928,0.3828961253166199,21.246501922607422
4147,43.64674758911133,-28.547359148263933,1001,91.38249206542969,0.0001,1,a2c_opt2_seed1,3.110128402709961,126.10417175292969,1.1131947040557861,3.0647730827331543,123.6723861694336
4148,-10.613883972167969,-26.258138872385025,421,87.76195526123047,0.0001,1,a2c_opt2_seed1,-0.7086104154586792,126.3873062133789,1.1040972471237183,-0.25859278440475464,65.03663635253906
4148,-10.613883972167969,-26.258138872385025,421,50.04026412963867,0.0001,1,a2c_opt2_seed1,1.1715846061706543,69.81318664550781,1.097990870475769,1.8819717168807983,69.91474914550781
4148,-10.613883972167969,-26.258138872385025,421,28.068281173706055,0.0001,1,a2c_opt2_seed1,-0.10021300613880157,40.24153137207031,1.157613754272461,0.21100181341171265,52.2720947265625
4149,10.820663452148438,-26.45718695282936,363,67.17034912109375,0.0001,1,a2c_opt2_seed1,1.8139135837554932,93.3671875,1.1912522315979004,1.5290900468826294,56.0861930847168
4150,-119.40140533447266,-26.82501867890358,659,65.5628662109375,0.0001,1,a2c_opt2_seed1,-0.4789873957633972,94.34634399414062,1.1723195314407349,-0.10120311379432678,72.49748992919922
4150,-119.40140533447266,-26.82501867890358,659,30.048385620117188,0.0001,1,a2c_opt2_seed1,2.385197401046753,39.51966094970703,1.1487866640090942,2.396481990814209,78.3819580078125
4150,-119.40140533447266,-26.82501867890358,659,27.314170837402344,0.0001,1,a2c_opt2_seed1,0.2198943793773651,38.706939697265625,1.1617772579193115,0.6771143674850464,38.65761947631836
4150,-119.40140533447266,-26.82501867890358,659,33.15388870239258,0.0001,1,a2c_opt2_seed1,-0.35218700766563416,47.866676330566406,1.1872179508209229,-0.04380595684051514,25.442340850830078
4151,-16.955413818359375,-27.058103767633437,323,49.794437408447266,0.0001,1,a2c_opt2_seed1,-1.063512921333313,72.65505981445312,1.1717413663864136,-0.7144438624382019,38.97137451171875
4153,23.650907516479492,-25.111512314081192,1001,95.09390258789062,0.0001,1,a2c_opt2_seed1,4.2060370445251465,129.84063720703125,1.158615231513977,4.267940521240234,159.2932586669922
4155,74.96074676513672,-24.284889618158342,1001,96.12528991699219,0.0001,1,a2c_opt2_seed1,-1.1316192150115967,138.9392547607422,1.127128005027771,-0.3704361319541931,54.923561096191406
4156,82.33931732177734,-22.92966546654701,1001,87.52476501464844,0.0001,1,a2c_opt2_seed1,1.573913335800171,122.78770446777344,1.0875065326690674,1.4446709156036377,108.99571228027344
4156,82.33931732177734,-22.92966546654701,1001,56.68256378173828,0.0001,1,a2c_opt2_seed1,1.105570673942566,79.396484375,1.0899674892425537,1.4563865661621094,55.52880859375
4156,82.33931732177734,-22.92966546654701,1001,49.95266342163086,0.0001,1,a2c_opt2_seed1,-3.7534029483795166,76.7237319946289,1.0916647911071777,-2.857009172439575,112.99432373046875
4158,17.521728515625,-18.243496795892714,410,118.1425552368164,0.0001,1,a2c_opt2_seed1,-3.590036153793335,173.90447998046875,1.0893135070800781,-2.625617027282715,123.31269073486328
4159,100.33988952636719,-17.629421173334123,1001,38.27671813964844,0.0001,1,a2c_opt2_seed1,-1.8211379051208496,57.28342056274414,1.0750373601913452,-1.3298231363296509,62.58533477783203
4160,-98.26305389404297,-18.585797210931776,458,102.61080932617188,0.0001,1,a2c_opt2_seed1,-2.487335681915283,150.14096069335938,1.0468294620513916,-1.2664141654968262,70.40184783935547
4160,-98.26305389404297,-18.585797210931776,458,55.7590446472168,0.0001,1,a2c_opt2_seed1,1.7406880855560303,77.16983032226562,1.0485422611236572,2.4781265258789062,95.16373443603516
4162,26.84577178955078,-15.359310775995255,250,224.0343017578125,0.0001,1,a2c_opt2_seed1,-7.480731010437012,330.7364807128906,1.0143988132476807,-5.867084980010986,246.69198608398438
4164,-4.335445404052734,-16.578443924188615,1001,121.71099853515625,0.0001,1,a2c_opt2_seed1,1.6392444372177124,171.53182983398438,1.054796576499939,2.375398635864258,74.8632583618164
4165,-13.996826171875,-16.542520767450334,308,72.73934173583984,0.0001,1,a2c_opt2_seed1,-0.7100926637649536,104.92852020263672,1.0754116773605347,0.2686491012573242,58.45871353149414
4165,-13.996826171875,-16.542520767450334,308,49.52818298339844,0.0001,1,a2c_opt2_seed1,2.044975757598877,67.83393859863281,1.0958497524261475,2.2295470237731934,81.69632720947266
4165,-13.996826171875,-16.542520767450334,308,92.0983657836914,0.0001,1,a2c_opt2_seed1,3.1688125133514404,127.04302215576172,1.1234663724899292,2.9127695560455322,107.55586242675781
4167,-0.6759796142578125,-16.19595651268959,234,123.6058578491211,0.0001,1,a2c_opt2_seed1,0.5078242421150208,175.8551483154297,1.1413633823394775,0.2625206708908081,68.84667205810547
4167,-0.6759796142578125,-16.19595651268959,234,44.370811462402344,0.0001,1,a2c_opt2_seed1,2.7611658573150635,59.44319152832031,1.1727125644683838,3.3104076385498047,107.84272003173828
4168,-32.40394592285156,-14.992129608392716,1001,54.35911560058594,0.0001,1,a2c_opt2_seed1,-0.9010263681411743,78.94389343261719,1.1588447093963623,-0.5615875720977783,60.80438232421875
4169,-41.699501037597656,-15.914830261468888,368,136.46823120117188,0.0001,1,a2c_opt2_seed1,0.58488929271698,194.1199188232422,1.1881178617477417,0.19426515698432922,71.471923828125
4170,83.6522445678711,-12.878370758295059,1001,39.26441192626953,0.0001,1,a2c_opt2_seed1,-0.33906471729278564,56.57722473144531,1.1559975147247314,-0.30988383293151855,70.72037506103516
4170,83.6522445678711,-12.878370758295059,1001,31.607166290283203,0.0001,1,a2c_opt2_seed1,1.921151876449585,42.40939712524414,1.1252071857452393,2.1667137145996094,68.90160369873047
4171,-61.10787582397461,-13.79141206383705,384,76.49574279785156,0.0001,1,a2c_opt2_seed1,-3.195087194442749,113.84485626220703,1.1388221979141235,-2.4566123485565186,95.92382049560547
4172,19.627716064453125,-12.720998398065568,459,91.58792114257812,0.0001,1,a2c_opt2_seed1,0.20421427488327026,130.5489501953125,1.1096137762069702,0.7786840200424194,68.00560760498047
4172,19.627716064453125,-12.720998398065568,459,24.507484436035156,0.0001,1,a2c_opt2_seed1,1.4890248775482178,32.88433837890625,1.1570765972137451,1.8010624647140503,66.04971313476562
4173,52.437808990478516,-13.41398110985756,1001,41.97397994995117,0.0001,1,a2c_opt2_seed1,-1.6266199350357056,62.28737258911133,1.123062252998352,-0.9637930393218994,65.7450942993164
4174,-122.06822204589844,-15.914350067377091,417,161.07965087890625,0.0001,1,a2c_opt2_seed1,-4.856692790985107,237.052734375,1.1229989528656006,-3.9640870094299316,189.26071166992188
4177,-27.874969482421875,-14.162617683410645,364,140.4578094482422,0.0001,1,a2c_opt2_seed1,-3.089085817337036,205.06776428222656,1.1113109588623047,-1.7538230419158936,97.30889892578125
4178,71.2808609008789,-11.646717491149902,1001,45.3561897277832,0.0001,1,a2c_opt2_seed1,1.5938799381256104,62.51836395263672,1.0918481349945068,1.974486231803894,84.73028564453125
4178,71.2808609008789,-11.646717491149902,1001,27.14654541015625,0.0001,1,a2c_opt2_seed1,-2.8426756858825684,42.8425178527832,1.0791734457015991,-2.450171947479248,96.00233459472656
4179,-58.20819854736328,-14.659908866882324,738,78.03598022460938,0.0001,1,a2c_opt2_seed1,-2.07039737701416,114.43843841552734,1.0592920780181885,-0.9729044437408447,68.14537811279297
4179,-58.20819854736328,-14.659908866882324,738,50.301300048828125,0.0001,1,a2c_opt2_seed1,0.2304885983467102,71.5304946899414,1.0702728033065796,0.9207622408866882,39.52971267700195
4179,-58.20819854736328,-14.659908866882324,738,44.58858871459961,0.0001,1,a2c_opt2_seed1,-0.35463324189186096,64.20537567138672,1.0814602375030518,0.2997279167175293,31.124210357666016
4181,97.5533218383789,-12.14677562713623,1001,41.000247955322266,0.0001,1,a2c_opt2_seed1,0.5161043405532837,57.83527755737305,1.1048732995986938,1.0972768068313599,49.94716262817383
4181,97.5533218383789,-12.14677562713623,1001,42.9345703125,0.0001,1,a2c_opt2_seed1,-2.2319324016571045,64.52436065673828,1.0961177349090576,-1.7858833074569702,68.54220581054688
4181,97.5533218383789,-12.14677562713623,1001,42.3026123046875,0.0001,1,a2c_opt2_seed1,1.9589664936065674,57.63454818725586,1.0730633735656738,2.3653690814971924,83.63504028320312
4181,97.5533218383789,-12.14677562713623,1001,60.04866409301758,0.0001,1,a2c_opt2_seed1,-1.0500376224517822,87.28463745117188,1.0934844017028809,-0.28141796588897705,81.89431762695312
4182,-99.04035186767578,-14.214889945983886,418,91.73738098144531,0.0001,1,a2c_opt2_seed1,-2.9114413261413574,135.21336364746094,1.071340560913086,-1.7678375244140625,97.5805892944336
4182,-99.04035186767578,-14.214889945983886,418,49.442657470703125,0.0001,1,a2c_opt2_seed1,-0.8230633735656738,71.80892944335938,1.0588074922561646,-0.13023869693279266,48.821895599365234
4182,-99.04035186767578,-14.214889945983886,418,89.4112548828125,0.0001,1,a2c_opt2_seed1,4.8266377449035645,120.83594512939453,1.0801433324813843,5.145884037017822,180.86990356445312
4183,-62.28148651123047,-11.301220359802246,1001,70.56474304199219,0.0001,1,a2c_opt2_seed1,3.4577479362487793,95.86795806884766,1.1372169256210327,3.6219234466552734,106.58665466308594
4184,-17.40447235107422,-11.825391807556151,501,82.33905792236328,0.0001,1,a2c_opt2_seed1,1.4435532093048096,115.56585693359375,1.1690019369125366,1.622451663017273,92.5191650390625
4186,41.85942459106445,-9.830762672424317,1001,57.77811050415039,0.0001,1,a2c_opt2_seed1,3.4044461250305176,77.67750549316406,1.1717075109481812,2.8749136924743652,150.2747039794922
4187,49.713294982910156,-5.572416572570801,1001,49.01527786254883,0.0001,1,a2c_opt2_seed1,2.064789056777954,67.07292175292969,1.115100383758545,2.1174912452697754,79.86800384521484
4188,67.84878540039062,-3.863560981750488,1001,25.99968910217285,0.0001,1,a2c_opt2_seed1,-0.1513368785381317,37.359397888183594,1.1058247089385986,-0.16520383954048157,63.83916473388672
4188,67.84878540039062,-3.863560981750488,1001,33.70215606689453,0.0001,1,a2c_opt2_seed1,-1.8137335777282715,50.73780059814453,1.1421380043029785,-1.7882723808288574,76.16913604736328
4188,67.84878540039062,-3.863560981750488,1001,30.35243034362793,0.0001,1,a2c_opt2_seed1,0.770142674446106,42.26118850708008,1.090396523475647,0.7212673425674438,54.10858917236328
4189,-136.11167907714844,-6.148532447814941,444,117.49752807617188,0.0001,1,a2c_opt2_seed1,-7.066744327545166,177.94976806640625,1.1235520839691162,-6.350326061248779,226.67405700683594
4189,-136.11167907714844,-6.148532447814941,444,39.00204849243164,0.0001,1,a2c_opt2_seed1,1.4504342079162598,53.64592742919922,1.0707597732543945,1.7423752546310425,43.12656784057617
4190,113.01687622070312,-1.0657388687133789,1001,85.9095687866211,0.0001,1,a2c_opt2_seed1,3.396731376647949,117.87626647949219,1.0760462284088135,3.500243902206421,130.54542541503906
4191,-56.74302291870117,-3.0114245223999023,598,88.07704162597656,0.0001,1,a2c_opt2_seed1,-4.2696099281311035,131.924560546875,1.077006459236145,-3.0396039485931396,111.20372009277344
4192,-19.295242309570312,-3.2317470932006835,445,137.2061004638672,0.0001,1,a2c_opt2_seed1,5.348004341125488,188.36949157714844,1.0982441902160645,4.776298999786377,143.9426727294922
4195,-4.104461669921875,-5.300549507141113,221,104.12025451660156,0.0001,1,a2c_opt2_seed1,-0.9416539669036865,150.0891876220703,1.056138277053833,-0.8399924039840698,66.7760009765625
4196,7.4547882080078125,-3.3576523208618165,226,77.03534698486328,0.0001,1,a2c_opt2_seed1,0.4535571038722992,109.40330505371094,1.058858036994934,1.1246438026428223,70.39109802246094
4197,-56.399200439453125,-5.358571281433106,730,106.47525787353516,0.0001,1,a2c_opt2_seed1,-3.6920628547668457,157.38265991210938,1.082104206085205,-1.8847072124481201,91.85147857666016
4197,-56.399200439453125,-5.358571281433106,730,25.44878578186035,0.0001,1,a2c_opt2_seed1,-0.3406704366207123,36.84286880493164,1.1076781749725342,0.26260286569595337,32.11315155029297
4198,-2.6067581176757812,-5.198428764343261,262,77.89168548583984,0.0001,1,a2c_opt2_seed1,1.1289637088775635,109.66182708740234,1.1138279438018799,0.9414681792259216,51.032012939453125
4199,-24.08330535888672,-5.896508140563965,259,63.14496994018555,0.0001,1,a2c_opt2_seed1,-2.3529868125915527,93.56932067871094,1.1254023313522339,-1.493003487586975,62.826332092285156
4200,92.74354553222656,-1.6536091232299805,1001,45.47016525268555,0.0001,1,a2c_opt2_seed1,1.2636216878890991,63.15299606323242,1.1079974174499512,1.6036542654037476,57.953407287597656
4201,1.4445724487304688,-1.2856093978881835,389,55.13274383544922,0.0001,1,a2c_opt2_seed1,1.7802040576934814,76.21865844726562,1.048729658126831,2.425567150115967,68.40206146240234
4202,49.63258361816406,-1.1989278030395507,165,42.802215576171875,0.0001,1,a2c_opt2_seed1,0.9190883636474609,59.83382797241211,1.0959532260894775,0.8441551923751831,53.71780014038086
4202,49.63258361816406,-1.1989278030395507,165,65.41919708251953,0.0001,1,a2c_opt2_seed1,0.8599828481674194,92.22826385498047,1.1407897472381592,1.3696200847625732,74.38135528564453
4203,-37.68281173706055,-2.4256021881103518,395,96.89842987060547,0.0001,1,a2c_opt2_seed1,-3.2542474269866943,143.07606506347656,1.1345620155334473,-2.575288772583008,92.84222412109375
4204,95.72074890136719,0.3361483001708984,1001,47.28615951538086,0.0001,1,a2c_opt2_seed1,1.8085057735443115,64.9688491821289,1.0816047191619873,2.540778875350952,77.57315063476562
4204,95.72074890136719,0.3361483001708984,1001,35.02738571166992,0.0001,1,a2c_opt2_seed1,2.0152251720428467,47.161006927490234,1.082308292388916,2.239182472229004,71.15325927734375
4204,95.72074890136719,0.3361483001708984,1001,24.97433853149414,0.0001,1,a2c_opt2_seed1,-2.530655860900879,39.29362869262695,1.0905158519744873,-2.1721787452697754,106.25733184814453
4206,46.90703582763672,-5.087248153686524,1001,166.30271911621094,0.0001,1,a2c_opt2_seed1,0.605635404586792,236.71092224121094,1.1300514936447144,-1.5319644212722778,144.5648193359375
4207,13.039596557617188,-4.450210342407226,352,78.52031707763672,0.0001,1,a2c_opt2_seed1,-3.234879970550537,116.79395294189453,1.1388567686080933,-2.327521562576294,103.91974639892578
4207,13.039596557617188,-4.450210342407226,352,34.753761291503906,0.0001,1,a2c_opt2_seed1,-1.0669009685516357,51.173179626464844,1.1182526350021362,-0.754410445690155,45.42046356201172
4207,13.039596557617188,-4.450210342407226,352,62.63712692260742,0.0001,1,a2c_opt2_seed1,1.9354017972946167,86.71754455566406,1.1140735149383545,2.19175386428833,89.99560546875
4209,-64.74156188964844,-7.804677619934082,455,51.1236686706543,0.0001,1,a2c_opt2_seed1,-1.9655193090438843,75.84252166748047,1.1493593454360962,-1.2790718078613281,68.44979858398438
4209,-64.74156188964844,-7.804677619934082,455,30.850906372070312,0.0001,1,a2c_opt2_seed1,-1.7206721305847168,46.5316162109375,1.1067019701004028,-1.1389433145523071,60.71731948852539
4209,-64.74156188964844,-7.804677619934082,455,43.98393630981445,0.0001,1,a2c_opt2_seed1,-0.390114426612854,63.39228820800781,1.1008005142211914,0.1412477046251297,31.113256454467773
4210,40.74457550048828,-5.024525032043457,1001,51.73325729370117,0.0001,1,a2c_opt2_seed1,-0.2092294991016388,74.20436096191406,1.1310818195343018,0.47897976636886597,53.92786407470703
4211,83.11576843261719,0.26935558319091796,1001,83.69200897216797,0.0001,1,a2c_opt2_seed1,1.4897425174713135,117.43257141113281,1.074286937713623,2.1565847396850586,122.13729095458984
4211,83.11576843261719,0.26935558319091796,1001,74.16574096679688,0.0001,1,a2c_opt2_seed1,3.446931838989258,101.02764129638672,1.074958086013794,3.676220655441284,136.23690795898438
4212,68.85951232910156,1.1096303939819336,1001,52.99140167236328,0.0001,1,a2c_opt2_seed1,1.5397956371307373,73.50311279296875,1.1474231481552124,1.4446847438812256,87.71345520019531
4212,68.85951232910156,1.1096303939819336,1001,21.166669845581055,0.0001,1,a2c_opt2_seed1,1.3476178646087646,28.31372833251953,1.1136047840118408,1.3977121114730835,42.88422775268555
4212,68.85951232910156,1.1096303939819336,1001,14.92289924621582,0.0001,1,a2c_opt2_seed1,-0.42527079582214355,21.926748275756836,1.1059716939926147,0.07283511757850647,18.480268478393555
4212,68.85951232910156,1.1096303939819336,1001,16.438220977783203,0.0001,1,a2c_opt2_seed1,-1.0286262035369873,24.95343589782715,1.1185768842697144,-0.7049381732940674,34.69906997680664
4212,68.85951232910156,1.1096303939819336,1001,16.59798240661621,0.0001,1,a2c_opt2_seed1,0.3897736966609955,23.15540313720703,1.1479856967926025,0.6990205645561218,29.4451961517334
4212,68.85951232910156,1.1096303939819336,1001,49.211769104003906,0.0001,1,a2c_opt2_seed1,-1.7091715335845947,72.74502563476562,1.1531845331192017,-1.1631892919540405,39.98310089111328
4214,78.02289581298828,6.078540153503418,1001,73.9567642211914,0.0001,1,a2c_opt2_seed1,3.3020453453063965,100.93612670898438,1.138907790184021,2.862987518310547,111.43760681152344
4215,17.69390106201172,6.712354698181152,1001,52.213157653808594,0.0001,1,a2c_opt2_seed1,3.1994457244873047,70.02037048339844,1.098236322402954,3.3154919147491455,84.33265686035156
4215,17.69390106201172,6.712354698181152,1001,47.67405700683594,0.0001,1,a2c_opt2_seed1,2.204420566558838,64.95741271972656,1.1094528436660767,2.6040260791778564,81.41078186035156
4216,53.907997131347656,7.8381211471557615,1001,28.276798248291016,0.0001,1,a2c_opt2_seed1,1.7823289632797241,37.85005187988281,1.1332118511199951,1.7861518859863281,62.536354064941406
4217,69.63219451904297,9.244284629821777,1001,49.87521743774414,0.0001,1,a2c_opt2_seed1,-1.5813177824020386,73.51012420654297,1.1007881164550781,-0.7274190783500671,45.22359085083008
4219,-7.973426818847656,10.464679832458495,311,98.49365234375,0.0001,1,a2c_opt2_seed1,-1.8164877891540527,143.301025390625,1.1492353677749634,-1.6867011785507202,85.05049133300781
4219,-7.973426818847656,10.464679832458495,311,19.00974464416504,0.0001,1,a2c_opt2_seed1,-1.0455855131149292,28.651275634765625,1.1239298582077026,-0.9050354957580566,55.41143035888672
4221,-41.8331298828125,10.531231117248534,390,66.74853515625,0.0001,1,a2c_opt2_seed1,-1.4850614070892334,97.47734832763672,1.1049461364746094,-1.1383944749832153,65.84687042236328
4222,73.49913787841797,11.608659553527833,1001,23.478313446044922,0.0001,1,a2c_opt2_seed1,-1.371599555015564,35.500667572021484,1.1091068983078003,-1.4011821746826172,64.85853576660156
4222,73.49913787841797,11.608659553527833,1001,21.813213348388672,0.0001,1,a2c_opt2_seed1,-0.29017993807792664,31.577064514160156,1.1040565967559814,0.015819549560546875,38.417728424072266
4224,-79.134521484375,13.283269767761231,426,105.60781860351562,0.0001,1,a2c_opt2_seed1,-4.221161365509033,156.8992919921875,1.059917688369751,-3.289813280105591,119.83936309814453
4224,-79.134521484375,13.283269767761231,426,21.46817398071289,0.0001,1,a2c_opt2_seed1,-3.019155263900757,34.982669830322266,1.0783448219299316,-2.1200928688049316,72.64691925048828
4224,-79.134521484375,13.283269767761231,426,74.54714965820312,0.0001,1,a2c_opt2_seed1,0.39457646012306213,105.93299102783203,1.0391299724578857,1.2753596305847168,47.1385612487793
4224,-79.134521484375,13.283269767761231,426,44.65310287475586,0.0001,1,a2c_opt2_seed1,0.42550021409988403,63.18305206298828,1.0607011318206787,1.2842342853546143,71.80254364013672
4224,-79.134521484375,13.283269767761231,426,20.930233001708984,0.0001,1,a2c_opt2_seed1,-0.6302284002304077,30.801456451416016,1.1177096366882324,-0.17747768759727478,20.380578994750977
4226,-56.18423843383789,11.017331733703614,344,104.69757843017578,0.0001,1,a2c_opt2_seed1,-1.391629695892334,151.55677795410156,1.0724453926086426,-1.4603596925735474,100.64006805419922
4226,-56.18423843383789,11.017331733703614,344,48.142520904541016,0.0001,1,a2c_opt2_seed1,-0.9388456344604492,70.11698150634766,1.0408909320831299,-0.17345917224884033,52.109214782714844
4226,-56.18423843383789,11.017331733703614,344,56.854820251464844,0.0001,1,a2c_opt2_seed1,2.2881429195404053,77.95316314697266,1.0767240524291992,2.4390053749084473,116.89915466308594
4226,-56.18423843383789,11.017331733703614,344,34.2580451965332,0.0001,1,a2c_opt2_seed1,-1.0058506727218628,50.377803802490234,1.1302850246429443,-0.6669281721115112,31.87886619567871
4228,1.7289581298828125,10.174754939675331,306,100.71881103515625,0.0001,1,a2c_opt2_seed1,0.9699009656906128,142.4992218017578,1.0896532535552979,0.8748801350593567,47.20174789428711
4230,-15.600841522216797,12.036561198830604,1001,116.54188537597656,0.0001,1,a2c_opt2_seed1,5.155810356140137,159.123779296875,1.1231447458267212,5.01879358291626,195.38111877441406
4230,-15.600841522216797,12.036561198830604,1001,33.960872650146484,0.0001,1,a2c_opt2_seed1,0.9021557569503784,47.227577209472656,1.1747117042541504,0.48921120166778564,29.853023529052734
4231,42.69383239746094,10.939371410012246,1001,16.482194900512695,0.0001,1,a2c_opt2_seed1,1.8688863515853882,20.87696647644043,1.137856125831604,1.6565097570419312,69.53895568847656
4232,71.5075454711914,14.350329356789588,1001,17.70530128479004,0.0001,1,a2c_opt2_seed1,-0.1799779236316681,25.55117416381836,1.088369369506836,-0.051148951053619385,28.908281326293945
4232,71.5075454711914,14.350329356789588,1001,38.463172912597656,0.0001,1,a2c_opt2_seed1,-2.7967653274536133,58.943565368652344,1.1136739253997803,-1.947312355041504,69.01001739501953
4233,-62.00526428222656,14.355853801369667,356,52.81597137451172,0.0001,1,a2c_opt2_seed1,-4.025630950927734,81.20307922363281,1.1092087030410767,-3.512585163116455,123.94766998291016
4234,81.74683380126953,16.338879924416542,1001,34.811458587646484,0.0001,1,a2c_opt2_seed1,0.35753345489501953,49.220680236816406,1.098372459411621,0.8108346462249756,55.384952545166016
4235,-141.48545837402344,13.603203197121621,454,114.87513732910156,0.0001,1,a2c_opt2_seed1,-5.30906867980957,171.69247436523438,1.0462266206741333,-4.7014570236206055,210.59878540039062
4235,-141.48545837402344,13.603203197121621,454,41.970088958740234,0.0001,1,a2c_opt2_seed1,1.0142731666564941,58.509056091308594,1.0438319444656372,1.7297228574752808,69.17707824707031
4235,-141.48545837402344,13.603203197121621,454,40.87587356567383,0.0001,1,a2c_opt2_seed1,2.023040771484375,55.504798889160156,1.051588535308838,2.4718141555786133,86.72286224365234
4238,-34.182395935058594,6.4976571613550185,355,162.41685485839844,0.0001,1,a2c_opt2_seed1,-4.8628082275390625,238.9717254638672,1.0847914218902588,-3.7207324504852295,169.91192626953125
4239,111.45413208007812,11.44897338449955,1001,14.771693229675293,0.0001,1,a2c_opt2_seed1,-1.1396547555923462,22.731298446655273,1.1206505298614502,-0.9878646731376648,49.09326934814453
4239,111.45413208007812,11.44897338449955,1001,29.130943298339844,0.0001,1,a2c_opt2_seed1,0.817474365234375,40.448577880859375,1.0720458030700684,1.0095690488815308,28.40723419189453
4239,111.45413208007812,11.44897338449955,1001,25.03538703918457,0.0001,1,a2c_opt2_seed1,-3.5409317016601562,40.8240966796875,1.0994452238082886,-2.8209664821624756,105.00050354003906
4239,111.45413208007812,11.44897338449955,1001,23.232269287109375,0.0001,1,a2c_opt2_seed1,-1.1250061988830566,34.79686737060547,1.064400553703308,-0.8540892601013184,44.2929801940918
4239,111.45413208007812,11.44897338449955,1001,33.34864044189453,0.0001,1,a2c_opt2_seed1,0.565606951713562,46.83368682861328,1.0879747867584229,1.261247158050537,41.52854537963867
4240,72.92023468017578,10.647040553689003,1001,29.283761978149414,0.0001,1,a2c_opt2_seed1,0.704647958278656,40.828067779541016,1.0627189874649048,1.3389731645584106,45.50859069824219
4242,-118.01820373535156,9.373385692238807,728,214.1641845703125,0.0001,1,a2c_opt2_seed1,-4.49452543258667,312.370361328125,1.0942598581314087,-2.5650880336761475,107.36917877197266
4243,93.24258422851562,11.795939403176307,1001,56.446353912353516,0.0001,1,a2c_opt2_seed1,2.6786913871765137,76.81175231933594,1.1300369501113892,2.668501377105713,95.84553527832031
4244,-101.46609497070312,7.745630107522011,717,62.263824462890625,0.0001,1,a2c_opt2_seed1,-0.7400256991386414,90.00628662109375,1.0990583896636963,-0.3055766820907593,61.39168167114258
4244,-101.46609497070312,7.745630107522011,717,38.489036560058594,0.0001,1,a2c_opt2_seed1,0.17215952277183533,54.73916244506836,1.0743273496627808,0.590448260307312,44.753787994384766
4244,-101.46609497070312,7.745630107522011,717,31.034305572509766,0.0001,1,a2c_opt2_seed1,0.2348230481147766,44.00005340576172,1.1108978986740112,0.46079862117767334,31.623676300048828
4244,-101.46609497070312,7.745630107522011,717,26.942859649658203,0.0001,1,a2c_opt2_seed1,-1.8144489526748657,41.08266067504883,1.1061944961547852,-1.4478298425674438,60.38512420654297
4245,-4.7719879150390625,7.732279582619667,247,25.393909454345703,0.0001,1,a2c_opt2_seed1,0.809688925743103,35.12112808227539,1.1373047828674316,0.7271108627319336,37.07835388183594
4246,28.366195678710938,8.150507732033729,447,65.39845275878906,0.0001,1,a2c_opt2_seed1,-4.312778472900391,99.5882568359375,1.099389672279358,-2.9544968605041504,115.61931610107422
4247,56.75392532348633,10.413570247292519,1001,40.24283218383789,0.0001,1,a2c_opt2_seed1,1.3406214714050293,55.57537841796875,1.1055271625518799,1.704641342163086,57.1706428527832
4249,116.98929595947266,14.968911738991737,1001,66.15351867675781,0.0001,1,a2c_opt2_seed1,3.328258514404297,89.75114440917969,1.0872533321380615,3.266770839691162,106.25797271728516
4249,116.98929595947266,14.968911738991737,1001,39.759464263916016,0.0001,1,a2c_opt2_seed1,1.389848232269287,54.81447982788086,1.040788173675537,1.9916592836380005,79.45616149902344
4249,116.98929595947266,14.968911738991737,1001,58.62797546386719,0.0001,1,a2c_opt2_seed1,0.12945255637168884,83.57003784179688,1.0100044012069702,1.4355963468551636,97.82025909423828
4250,-30.659088134765625,12.500859065651893,211,79.4186782836914,0.0001,1,a2c_opt2_seed1,1.4845762252807617,111.335205078125,1.0714472532272339,1.6094682216644287,58.54997253417969
4250,-30.659088134765625,12.500859065651893,211,45.989105224609375,0.0001,1,a2c_opt2_seed1,1.098736047744751,64.12985229492188,1.052202820777893,1.8075127601623535,76.80464172363281
4251,-30.25695037841797,11.866828609108925,335,69.61638641357422,0.0001,1,a2c_opt2_seed1,-1.9744195938110352,102.27339172363281,1.130487322807312,-1.2373735904693604,58.963497161865234
4252,63.65088653564453,12.147194667458534,1001,13.80864429473877,0.0001,1,a2c_opt2_seed1,0.5642755031585693,18.921310424804688,1.0958913564682007,0.8418990969657898,39.437171936035156
4253,70.86895751953125,14.318230052590371,1001,20.41251564025879,0.0001,1,a2c_opt2_seed1,0.5834947228431702,28.32794952392578,1.0855450630187988,0.8003346920013428,33.07207107543945
4255,-50.441017150878906,13.903474498391152,508,92.6277847290039,0.0001,1,a2c_opt2_seed1,-1.7409747838974,134.81329345703125,1.0823720693588257,-1.6093603372573853,75.27957916259766
4255,-50.441017150878906,13.903474498391152,508,32.09239959716797,0.0001,1,a2c_opt2_seed1,-0.5669170618057251,46.65692138671875,1.055888295173645,0.24050331115722656,64.51668548583984
4255,-50.441017150878906,13.903474498391152,508,78.02367401123047,0.0001,1,a2c_opt2_seed1,2.449333667755127,107.964111328125,1.0754441022872925,2.608821392059326,96.51972198486328
4255,-50.441017150878906,13.903474498391152,508,37.48092269897461,0.0001,1,a2c_opt2_seed1,-1.1822757720947266,55.23392105102539,1.0914602279663086,-0.4920712411403656,46.551090240478516
4257,66.57648468017578,14.19270743906498,1001,77.30503845214844,0.0001,1,a2c_opt2_seed1,-0.31273138523101807,110.8832778930664,1.0599031448364258,0.5497959852218628,66.0514907836914
4257,66.57648468017578,14.19270743906498,1001,76.09652709960938,0.0001,1,a2c_opt2_seed1,3.545180320739746,103.64556884765625,1.0953158140182495,3.900360584259033,138.74131774902344
4259,-28.671546936035156,15.972547488808631,428,77.25776672363281,0.0001,1,a2c_opt2_seed1,-2.88850474357605,114.4954605102539,1.091489315032959,-1.9554909467697144,82.42107391357422
4259,-28.671546936035156,15.972547488808631,428,36.881591796875,0.0001,1,a2c_opt2_seed1,0.4231073558330536,52.084354400634766,1.1300671100616455,0.9899970293045044,78.0804672241211
4259,-28.671546936035156,15.972547488808631,428,66.32528686523438,0.0001,1,a2c_opt2_seed1,-5.9757537841796875,103.28802490234375,1.147113561630249,-4.916540622711182,147.36767578125
4260,-174.92318725585938,11.65919223368168,723,42.076602935791016,0.0001,1,a2c_opt2_seed1,-1.0982686281204224,61.67918014526367,1.1050963401794434,-0.6593729853630066,48.193328857421875
4261,116.00593566894531,12.31699557840824,1001,84.26634216308594,0.0001,1,a2c_opt2_seed1,-0.292708158493042,120.7994384765625,1.1207786798477173,-0.010575711727142334,70.13308715820312
4261,116.00593566894531,12.31699557840824,1001,45.52933883666992,0.0001,1,a2c_opt2_seed1,0.19292934238910675,64.76708221435547,1.0930287837982178,0.8612818717956543,61.043121337890625
4261,116.00593566894531,12.31699557840824,1001,43.82078552246094,0.0001,1,a2c_opt2_seed1,2.2753994464874268,59.35136413574219,1.133665919303894,2.0754587650299072,65.41932678222656
4262,11.380752563476562,11.167420383095742,474,73.72344970703125,0.0001,1,a2c_opt2_seed1,-3.323298931121826,110.06758117675781,1.11214017868042,-2.6553282737731934,109.49420928955078
4263,112.77608489990234,11.354892764687538,1001,54.507205963134766,0.0001,1,a2c_opt2_seed1,-1.2053401470184326,79.59012603759766,1.0842174291610718,-0.17062760889530182,72.3407974243164
4264,-58.680152893066406,8.620831790566445,384,56.15731430053711,0.0001,1,a2c_opt2_seed1,-0.7268146276473999,81.26376342773438,1.0065890550613403,-0.1938467174768448,78.20872497558594
4266,-30.28679656982422,9.300530124306679,605,81.54061889648438,0.0001,1,a2c_opt2_seed1,-2.3910293579101562,119.90311431884766,1.0625923871994019,-1.6687198877334595,73.0127944946289
4266,-30.28679656982422,9.300530124306679,605,26.532325744628906,0.0001,1,a2c_opt2_seed1,-1.7721333503723145,40.43572235107422,1.0934028625488281,-1.2281911373138428,50.947879791259766
4266,-30.28679656982422,9.300530124306679,605,11.358905792236328,0.0001,1,a2c_opt2_seed1,-0.6313877701759338,17.129758834838867,1.0748997926712036,-0.33485016226768494,31.87162971496582
4267,124.69796752929688,10.401845584511756,1001,36.07111740112305,0.0001,1,a2c_opt2_seed1,-1.9672935009002686,54.34135055541992,1.0705037117004395,-1.3459837436676025,43.35374069213867
4268,19.408422470092773,10.892219234108925,1001,50.25367736816406,0.0001,1,a2c_opt2_seed1,-0.05804258584976196,71.8746566772461,1.0776162147521973,1.0967990159988403,43.52886962890625
4269,1.7393951416015625,11.08647567331791,318,80.51469421386719,0.0001,1,a2c_opt2_seed1,-2.155442953109741,118.10096740722656,1.0832163095474243,-1.3056566715240479,60.23817443847656
4269,1.7393951416015625,11.08647567331791,318,52.181182861328125,0.0001,1,a2c_opt2_seed1,2.221320152282715,71.3719711303711,1.035385012626648,2.3861656188964844,74.2882308959961
4269,1.7393951416015625,11.08647567331791,318,39.393375396728516,0.0001,1,a2c_opt2_seed1,1.5882396697998047,54.00808334350586,1.0457851886749268,1.5693387985229492,87.7859878540039
4269,1.7393951416015625,11.08647567331791,318,16.616121292114258,0.0001,1,a2c_opt2_seed1,1.0224533081054688,22.277423858642578,1.0575940608978271,1.2455646991729736,41.15744400024414
4269,1.7393951416015625,11.08647567331791,318,27.829824447631836,0.0001,1,a2c_opt2_seed1,-1.2001338005065918,41.472145080566406,1.0821013450622559,-0.5485179424285889,54.26095199584961
4270,0.251056432723999,9.737395544648171,1001,34.62890625,0.0001,1,a2c_opt2_seed1,1.9409756660461426,46.69785690307617,1.1372227668762207,1.8524351119995117,80.0475082397461
4271,-49.8289794921875,9.57747855246067,501,94.3301010131836,0.0001,1,a2c_opt2_seed1,-2.6827876567840576,138.59063720703125,1.1102850437164307,-2.734555721282959,107.56034088134766
4271,-49.8289794921875,9.57747855246067,501,27.6238956451416,0.0001,1,a2c_opt2_seed1,-0.3519853353500366,39.96632385253906,1.0900899171829224,0.07462716102600098,32.71045684814453
4272,32.26924514770508,8.752880697846413,1001,41.61333465576172,0.0001,1,a2c_opt2_seed1,0.7795289754867554,58.33478546142578,1.0905590057373047,1.3451874256134033,45.14284896850586
4275,90.24755096435547,12.340014639496804,1001,70.76046752929688,0.0001,1,a2c_opt2_seed1,0.704458475112915,100.08079528808594,1.0974804162979126,1.0917812585830688,67.14628601074219
4276,69.5459213256836,14.854617834687232,1001,53.52113723754883,0.0001,1,a2c_opt2_seed1,-0.00957861915230751,76.47319793701172,1.0415571928024292,0.9546699523925781,67.88443756103516
4276,69.5459213256836,14.854617834687232,1001,100.34561157226562,0.0001,1,a2c_opt2_seed1,2.090731382369995,140.3648681640625,1.0583959817886353,1.8394215106964111,93.57920837402344
4276,69.5459213256836,14.854617834687232,1001,16.462820053100586,0.0001,1,a2c_opt2_seed1,-1.503227949142456,25.666555404663086,1.0849970579147339,-1.0829541683197021,46.096107482910156
4276,69.5459213256836,14.854617834687232,1001,40.49665451049805,0.0001,1,a2c_opt2_seed1,1.6595805883407593,55.48230743408203,1.0855469703674316,1.4624712467193604,56.027992248535156
4278,100.17537689208984,15.679321856498719,1001,97.65415954589844,0.0001,1,a2c_opt2_seed1,-3.0065784454345703,143.80186462402344,1.1251838207244873,-2.5443472862243652,121.17376708984375
4278,100.17537689208984,15.679321856498719,1001,20.519168853759766,0.0001,1,a2c_opt2_seed1,-1.5666593313217163,31.551956176757812,1.0776573419570923,-1.1461435556411743,45.78277587890625
4280,-48.02253723144531,13.528335452079773,545,197.68313598632812,0.0001,1,a2c_opt2_seed1,-3.7567343711853027,287.77197265625,1.0498969554901123,-4.108563423156738,179.81600952148438
4281,-95.25238037109375,10.76941119670868,552,91.33008575439453,0.0001,1,a2c_opt2_seed1,-2.6661388874053955,134.28109741210938,1.0761533975601196,-1.7930009365081787,100.91979217529297
4282,-36.854103088378906,8.602178225517273,213,76.29094696044922,0.0001,1,a2c_opt2_seed1,-2.5347580909729004,112.60887908935547,1.0251948833465576,-1.2680745124816895,86.4788818359375
4282,-36.854103088378906,8.602178225517273,213,57.27747344970703,0.0001,1,a2c_opt2_seed1,1.2568602561950684,80.03020477294922,1.0520579814910889,2.0592429637908936,71.77291107177734
4282,-36.854103088378906,8.602178225517273,213,39.961727142333984,0.0001,1,a2c_opt2_seed1,-1.1407115459442139,58.71857833862305,1.1290011405944824,-0.48663660883903503,37.53596496582031
4283,44.419715881347656,10.730677828788757,1001,24.471799850463867,0.0001,1,a2c_opt2_seed1,-0.6382949352264404,35.87235641479492,1.109786868095398,-0.4882330596446991,41.345394134521484
4286,-5.1762237548828125,16.694446597099304,299,188.29718017578125,0.0001,1,a2c_opt2_seed1,-3.838498115539551,274.4803161621094,1.0682395696640015,-3.170279026031494,146.84872436523438
4287,-18.730850219726562,17.59690860271454,446,81.01993560791016,0.0001,1,a2c_opt2_seed1,-1.8888962268829346,118.44194793701172,1.06314218044281,-1.026891827583313,70.79685974121094
4287,-18.730850219726562,17.59690860271454,446,27.62694549560547,0.0001,1,a2c_opt2_seed1,-2.6821322441101074,43.299442291259766,1.06172513961792,-2.091167688369751,80.00151062011719
4287,-18.730850219726562,17.59690860271454,446,29.287708282470703,0.0001,1,a2c_opt2_seed1,-1.223985195159912,43.588890075683594,1.0575153827667236,-0.7367181777954102,37.36784362792969
4289,77.39828491210938,15.560946841239929,1001,62.59457778930664,0.0001,1,a2c_opt2_seed1,-0.8518520593643188,90.63853454589844,1.0824007987976074,-0.3077857494354248,54.69960403442383
4290,32.68731689453125,14.756288485527039,294,78.00212097167969,0.0001,1,a2c_opt2_seed1,-0.20678450167179108,111.72781372070312,1.1182410717010498,0.7459256052970886,83.4541244506836
4290,32.68731689453125,14.756288485527039,294,17.752676010131836,0.0001,1,a2c_opt2_seed1,-2.1500062942504883,28.43313980102539,1.0337895154953003,-1.2397661209106445,43.10271453857422
4291,13.393917083740234,15.458222918510437,1001,61.73411560058594,0.0001,1,a2c_opt2_seed1,-0.4881613552570343,88.88969421386719,1.01139235496521,0.23997196555137634,45.823246002197266
4292,4.0548553466796875,17.899684100151063,433,92.00475311279297,0.0001,1,a2c_opt2_seed1,0.19639578461647034,131.155517578125,1.0041009187698364,0.3946923613548279,109.188720703125
4295,-117.8092041015625,15.896761736869813,603,296.81817626953125,0.0001,1,a2c_opt2_seed1,-9.523788452148438,437.6322021484375,1.06875479221344,-6.767568588256836,221.29270935058594
4295,-117.8092041015625,15.896761736869813,603,43.8927116394043,0.0001,1,a2c_opt2_seed1,0.9546513557434082,61.34084701538086,1.057349681854248,1.5348281860351562,79.58067321777344
4295,-117.8092041015625,15.896761736869813,603,27.275630950927734,0.0001,1,a2c_opt2_seed1,0.7201575040817261,37.937110900878906,1.0081201791763306,1.5418198108673096,60.94432067871094
4296,56.831451416015625,16.466066851615906,175,50.021060943603516,0.0001,1,a2c_opt2_seed1,0.8680735230445862,70.21928405761719,1.0257909297943115,1.431563138961792,54.01236343383789
4296,56.831451416015625,16.466066851615906,175,14.416257858276367,0.0001,1,a2c_opt2_seed1,-0.6801270842552185,21.56704330444336,1.0910515785217285,-0.32952558994293213,26.06861114501953
4297,115.20862579345703,17.63516086101532,1001,33.24307632446289,0.0001,1,a2c_opt2_seed1,1.531569242477417,45.302940368652344,1.0958164930343628,1.8382364511489868,63.0831298828125
4297,115.20862579345703,17.63516086101532,1001,68.41094207763672,0.0001,1,a2c_opt2_seed1,1.6682811975479126,95.34745788574219,1.1132956743240356,1.7810465097427368,95.43235778808594
4298,34.729942321777344,16.64800540447235,1001,26.502222061157227,0.0001,1,a2c_opt2_seed1,1.6599375009536743,35.48974609375,1.0703716278076172,1.8712193965911865,58.270835876464844
4299,-25.579055786132812,13.796638369560242,495,99.99805450439453,0.0001,1,a2c_opt2_seed1,-3.1770834922790527,147.39382934570312,1.0894901752471924,-2.369560480117798,92.34960174560547
4299,-25.579055786132812,13.796638369560242,495,21.047393798828125,0.0001,1,a2c_opt2_seed1,1.7891181707382202,27.512611389160156,1.1023039817810059,1.8488396406173706,65.39203643798828
4299,-25.579055786132812,13.796638369560242,495,30.582326889038086,0.0001,1,a2c_opt2_seed1,-0.23288655281066895,44.022518157958984,1.0963459014892578,0.2812892198562622,64.14661407470703
4299,-25.579055786132812,13.796638369560242,495,16.89397621154785,0.0001,1,a2c_opt2_seed1,-0.8311617374420166,25.322433471679688,1.1291006803512573,-0.5852847099304199,35.02815628051758
4300,55.754737854003906,15.524914889335632,1001,25.66745948791504,0.0001,1,a2c_opt2_seed1,0.36274808645248413,36.150386810302734,1.117917537689209,0.2561336159706116,21.27247428894043
4300,55.754737854003906,15.524914889335632,1001,40.54899597167969,0.0001,1,a2c_opt2_seed1,0.16257819533348083,57.69568634033203,1.1205368041992188,1.0270702838897705,71.08597564697266
4302,52.08537292480469,17.768914370536805,1001,26.252765655517578,0.0001,1,a2c_opt2_seed1,-3.0677309036254883,41.887203216552734,1.0899850130081177,-2.3824827671051025,87.65272521972656
4304,-97.15312957763672,13.539061770439147,422,144.59739685058594,0.0001,1,a2c_opt2_seed1,-3.527003765106201,211.6070556640625,1.0599311590194702,-3.8299362659454346,155.665283203125
4305,135.76959228515625,17.26327395915985,1001,21.664533615112305,0.0001,1,a2c_opt2_seed1,0.7674973011016846,29.853633880615234,1.0165319442749023,1.1298019886016846,39.215755462646484
4305,135.76959228515625,17.26327395915985,1001,45.55449676513672,0.0001,1,a2c_opt2_seed1,-1.5918511152267456,67.35264587402344,1.0095489025115967,-0.8256569504737854,51.10002136230469
4305,135.76959228515625,17.26327395915985,1001,32.18647766113281,0.0001,1,a2c_opt2_seed1,-0.9549291729927063,47.3455810546875,0.9969586730003357,-0.2014702558517456,60.44954299926758
4307,-51.73051452636719,16.823015933036803,483,87.4487075805664,0.0001,1,a2c_opt2_seed1,-2.262974262237549,128.1602783203125,1.0275344848632812,-1.3407930135726929,85.60997009277344
4308,-34.36493682861328,14.779681124687194,346,66.6103744506836,0.0001,1,a2c_opt2_seed1,-3.938408851623535,100.78474426269531,1.0693575143814087,-3.616472005844116,120.99423217773438
4309,13.263533592224121,15.61838273525238,1001,28.64165687561035,0.0001,1,a2c_opt2_seed1,-1.1873130798339844,42.61357116699219,1.062194585800171,-0.9045228958129883,75.32830810546875
4309,13.263533592224121,15.61838273525238,1001,25.06612205505371,0.0001,1,a2c_opt2_seed1,-0.048119544982910156,35.87825012207031,1.0654762983322144,0.39475947618484497,44.55405807495117
4309,13.263533592224121,15.61838273525238,1001,57.025146484375,0.0001,1,a2c_opt2_seed1,-0.23012764751911163,81.79399871826172,1.0467463731765747,0.1292976289987564,69.4296875
4309,13.263533592224121,15.61838273525238,1001,24.384571075439453,0.0001,1,a2c_opt2_seed1,-1.4745014905929565,36.94230651855469,1.0848522186279297,-1.00635826587677,49.01061248779297
4309,13.263533592224121,15.61838273525238,1001,32.628807067871094,0.0001,1,a2c_opt2_seed1,-1.1532632112503052,48.26087188720703,1.0719728469848633,-0.5905796885490417,43.95026397705078
4309,13.263533592224121,15.61838273525238,1001,24.16609764099121,0.0001,1,a2c_opt2_seed1,-0.17089608311653137,34.76792907714844,1.1103618144989014,-0.08847084641456604,28.055278778076172
4309,13.263533592224121,15.61838273525238,1001,58.24641799926758,0.0001,1,a2c_opt2_seed1,1.073705792427063,81.67608642578125,1.0998445749282837,1.1259227991104126,51.001102447509766
4309,13.263533592224121,15.61838273525238,1001,31.66014862060547,0.0001,1,a2c_opt2_seed1,0.9284000396728516,43.903316497802734,1.1462554931640625,0.8594845533370972,41.499629974365234
4309,13.263533592224121,15.61838273525238,1001,22.959932327270508,0.0001,1,a2c_opt2_seed1,-1.716112732887268,35.252315521240234,1.1511789560317993,-1.5795469284057617,67.70157623291016
4312,57.186256408691406,19.34083463191986,1001,31.350318908691406,0.0001,1,a2c_opt2_seed1,-0.49822163581848145,45.49870300292969,1.103711485862732,-0.28104254603385925,26.357208251953125
4313,13.799393653869629,17.361300806999207,1001,53.11761474609375,0.0001,1,a2c_opt2_seed1,1.4002476930618286,73.8827133178711,1.0676430463790894,1.96160888671875,77.79876708984375
4313,13.799393653869629,17.361300806999207,1001,49.625099182128906,0.0001,1,a2c_opt2_seed1,-0.20924270153045654,71.192626953125,0.9921057224273682,0.3881952166557312,46.450984954833984
4314,-167.83590698242188,15.178185725212098,893,69.83858489990234,0.0001,1,a2c_opt2_seed1,-0.8572515249252319,100.99481201171875,1.0508276224136353,-0.6310529112815857,52.811893463134766
4314,-167.83590698242188,15.178185725212098,893,16.665281295776367,0.0001,1,a2c_opt2_seed1,0.6897156238555908,22.8229923248291,1.0572257041931152,0.9263355135917664,41.65864181518555
4315,-6.452596664428711,12.331661562919617,1001,30.360990524291992,0.0001,1,a2c_opt2_seed1,-2.585103750228882,47.06659698486328,1.0454049110412598,-1.6649283170700073,78.96273040771484
4316,-72.63126373291016,11.484772219657899,1001,34.1966438293457,0.0001,1,a2c_opt2_seed1,1.0755161046981812,47.316646575927734,1.0471521615982056,1.772895336151123,78.23515319824219
4317,45.8029670715332,9.906872210502625,1001,35.26036071777344,0.0001,1,a2c_opt2_seed1,-0.36375799775123596,50.89237594604492,1.0941061973571777,0.046929240226745605,49.898616790771484
4319,-39.27419662475586,7.323004984855652,515,159.7813262939453,0.0001,1,a2c_opt2_seed1,-6.279409408569336,237.2303466796875,1.0180511474609375,-5.963810443878174,210.13404846191406
4320,-7.069343566894531,7.176596984863282,548,113.42316436767578,0.0001,1,a2c_opt2_seed1,-0.14786475896835327,162.2450714111328,1.0360676050186157,0.5289112329483032,98.91389465332031
4320,-7.069343566894531,7.176596984863282,548,49.360740661621094,0.0001,1,a2c_opt2_seed1,0.5011305212974548,69.8001937866211,1.0487627983093262,0.6684567332267761,89.67263793945312
4320,-7.069343566894531,7.176596984863282,548,13.951045036315918,0.0001,1,a2c_opt2_seed1,-2.7928879261016846,23.920669555664062,1.0728318691253662,-2.5014381408691406,93.30244445800781
4320,-7.069343566894531,7.176596984863282,548,43.39069747924805,0.0001,1,a2c_opt2_seed1,0.3250797688961029,61.523094177246094,1.09994375705719,0.5281478762626648,70.68794250488281
4321,-113.48748016357422,5.903426971435547,484,137.5830535888672,0.0001,1,a2c_opt2_seed1,-4.185812473297119,202.5277099609375,1.0777409076690674,-3.6413779258728027,174.3307342529297
4321,-113.48748016357422,5.903426971435547,484,14.258234024047852,0.0001,1,a2c_opt2_seed1,0.11519577354192734,20.205093383789062,1.0538897514343262,0.4093155264854431,19.22096824645996
4322,-79.95594787597656,3.658923110961914,773,82.90760040283203,0.0001,1,a2c_opt2_seed1,-3.7353696823120117,123.77639770507812,1.0235978364944458,-2.4405126571655273,89.42374420166016
4322,-79.95594787597656,3.658923110961914,773,31.173805236816406,0.0001,1,a2c_opt2_seed1,0.6378135681152344,43.623558044433594,0.9939017295837402,1.1496295928955078,70.47271728515625
4323,116.40836334228516,6.300298233032226,1001,25.213661193847656,0.0001,1,a2c_opt2_seed1,0.237868070602417,35.680419921875,1.0011236667633057,0.6766204833984375,47.51512145996094
4323,116.40836334228516,6.300298233032226,1001,37.970367431640625,0.0001,1,a2c_opt2_seed1,-1.2803901433944702,56.073238372802734,1.0123482942581177,-0.7746506333351135,48.21446228027344
4324,-108.9005126953125,2.3127710723876955,628,121.82209777832031,0.0001,1,a2c_opt2_seed1,-0.1857559084892273,174.29763793945312,0.9892860054969788,-0.21898138523101807,90.7061767578125
4325,56.192256927490234,1.6316651916503906,1001,48.33792495727539,0.0001,1,a2c_opt2_seed1,1.935341477394104,66.29010009765625,0.9717893600463867,2.7655234336853027,119.18927764892578
4325,56.192256927490234,1.6316651916503906,1001,19.662612915039062,0.0001,1,a2c_opt2_seed1,2.2418153285980225,24.887550354003906,0.9754922986030579,2.3874785900115967,92.36840057373047
4326,-11.682930946350098,0.007088146209716797,1001,22.55638313293457,0.0001,1,a2c_opt2_seed1,0.8358665108680725,31.03003692626953,1.0181517601013184,1.168418288230896,42.90721130371094
4326,-11.682930946350098,0.007088146209716797,1001,25.30161476135254,0.0001,1,a2c_opt2_seed1,0.8918541073799133,34.87183380126953,1.0458306074142456,0.976125955581665,42.87371063232422
4328,27.016231536865234,1.046786403656006,1001,19.359909057617188,0.0001,1,a2c_opt2_seed1,-0.16522353887557983,27.893787384033203,1.0336118936538696,0.28623929619789124,41.17816162109375
4328,27.016231536865234,1.046786403656006,1001,21.50168228149414,0.0001,1,a2c_opt2_seed1,-1.3683056831359863,32.67216491699219,1.0580793619155884,-0.8236656188964844,43.76399230957031
4328,27.016231536865234,1.046786403656006,1001,21.64946746826172,0.0001,1,a2c_opt2_seed1,-1.183602213859558,32.619449615478516,1.0916845798492432,-1.0107109546661377,36.912315368652344
4328,27.016231536865234,1.046786403656006,1001,28.09109878540039,0.0001,1,a2c_opt2_seed1,1.197934865951538,38.419578552246094,1.0832980871200562,1.3383623361587524,51.704071044921875
4328,27.016231536865234,1.046786403656006,1001,19.191396713256836,0.0001,1,a2c_opt2_seed1,-2.0339760780334473,30.322738647460938,1.0860536098480225,-1.1756691932678223,45.23932647705078
4329,75.31822967529297,2.7365595054626466,1001,20.528898239135742,0.0001,1,a2c_opt2_seed1,0.5782268047332764,28.501754760742188,1.108533501625061,0.5385204553604126,29.9278621673584
4329,75.31822967529297,2.7365595054626466,1001,8.492131233215332,0.0001,1,a2c_opt2_seed1,-0.2503261864185333,12.490004539489746,1.0900967121124268,-0.06114666163921356,18.41847038269043
4330,121.47640228271484,6.126538295745849,1001,23.611610412597656,0.0001,1,a2c_opt2_seed1,-1.6227508783340454,36.04987335205078,1.100180983543396,-1.143460750579834,48.90891647338867
4330,121.47640228271484,6.126538295745849,1001,24.85907554626465,0.0001,1,a2c_opt2_seed1,-0.5904399752616882,36.357208251953125,1.0558462142944336,0.07840949296951294,26.258943557739258
4332,-29.098670959472656,8.825785121917725,605,93.85449981689453,0.0001,1,a2c_opt2_seed1,-0.7170133590698242,135.10292053222656,1.0658189058303833,-0.7161339521408081,41.30724334716797
4333,81.50103759765625,9.567411556243897,1001,17.77493667602539,0.0001,1,a2c_opt2_seed1,-0.9248759746551514,26.71476936340332,1.0528666973114014,-0.42941927909851074,35.76962661743164
4333,81.50103759765625,9.567411556243897,1001,23.32476234436035,0.0001,1,a2c_opt2_seed1,-1.3331139087677002,35.22626495361328,1.0139540433883667,-0.6274142861366272,39.41211700439453
4335,1.7895126342773438,8.305196132659912,373,73.15620422363281,0.0001,1,a2c_opt2_seed1,1.080818772315979,102.96558380126953,1.0375380516052246,0.9035775661468506,51.34709167480469
4335,1.7895126342773438,8.305196132659912,373,62.07279586791992,0.0001,1,a2c_opt2_seed1,5.070557594299316,81.43252563476562,1.0497463941574097,4.871615886688232,170.78070068359375
4336,22.169261932373047,8.85210584640503,1001,24.821714401245117,0.0001,1,a2c_opt2_seed1,-0.24704040586948395,35.8132209777832,1.0012606382369995,0.5548781752586365,34.9599609375
4337,-60.223087310791016,8.022261104583741,418,93.21221160888672,0.0001,1,a2c_opt2_seed1,-2.342019557952881,136.50674438476562,0.9694945812225342,-0.42131340503692627,72.17686462402344
4340,-15.446975708007812,8.19325674057007,459,147.54261779785156,0.0001,1,a2c_opt2_seed1,-3.8086042404174805,216.21676635742188,1.014310359954834,-3.814770221710205,161.3480987548828
4340,-15.446975708007812,8.19325674057007,459,23.103954315185547,0.0001,1,a2c_opt2_seed1,0.5395025014877319,32.235633850097656,0.9859293699264526,1.0790045261383057,42.21297073364258
4341,-44.397186279296875,7.037434673309326,366,195.4536895751953,0.0001,1,a2c_opt2_seed1,-2.7365505695343018,283.1296691894531,1.0416224002838135,-1.4710296392440796,97.10073852539062
4341,-44.397186279296875,7.037434673309326,366,26.210886001586914,0.0001,1,a2c_opt2_seed1,-0.7587147951126099,38.528751373291016,1.047663927078247,-0.06076472997665405,28.896638870239258
4343,40.566070556640625,9.462749767303468,279,60.84635543823242,0.0001,1,a2c_opt2_seed1,-3.219137668609619,91.52287292480469,1.0312668085098267,-2.152118444442749,101.14459991455078
4343,40.566070556640625,9.462749767303468,279,19.916837692260742,0.0001,1,a2c_opt2_seed1,-1.5899500846862793,30.724693298339844,0.9909023642539978,-1.0832966566085815,42.879295349121094
4343,40.566070556640625,9.462749767303468,279,31.245683670043945,0.0001,1,a2c_opt2_seed1,-0.36905407905578613,45.16463088989258,1.006834864616394,0.42498254776000977,32.94875717163086
4344,-63.44856643676758,7.951192684173584,316,180.4334259033203,0.0001,1,a2c_opt2_seed1,-0.8852851390838623,259.0274658203125,1.043055772781372,-0.0689551830291748,85.19005584716797
4345,-46.05084228515625,9.38635992050171,503,60.2014045715332,0.0001,1,a2c_opt2_seed1,-1.111648440361023,87.59085083007812,1.08370041847229,-1.069690227508545,74.6026840209961
4345,-46.05084228515625,9.38635992050171,503,8.910045623779297,0.0001,1,a2c_opt2_seed1,-0.9387605786323547,14.0704984664917,1.0851548910140991,-0.6751625537872314,28.585840225219727
4345,-46.05084228515625,9.38635992050171,503,13.657374382019043,0.0001,1,a2c_opt2_seed1,0.5472517013549805,18.729515075683594,1.0753508806228638,0.802773118019104,30.84869956970215
4346,-5.653289794921875,8.13666509628296,440,80.66291046142578,0.0001,1,a2c_opt2_seed1,-4.270320415496826,121.3339614868164,1.0822699069976807,-3.23115873336792,122.4725112915039
4347,102.00190734863281,7.872530727386475,1001,90.19415283203125,0.0001,1,a2c_opt2_seed1,2.3451828956604004,125.49925994873047,1.0183030366897583,2.730497360229492,106.61896514892578
4347,102.00190734863281,7.872530727386475,1001,41.30707550048828,0.0001,1,a2c_opt2_seed1,1.5086802244186401,56.855594635009766,1.0361577272415161,1.8884973526000977,68.68426513671875
4348,125.34912109375,9.684914302825927,1001,26.354045867919922,0.0001,1,a2c_opt2_seed1,0.5290634036064148,36.893577575683594,1.0439783334732056,0.6195162534713745,38.01216506958008
4350,52.31924819946289,11.740600566864014,1001,36.480281829833984,0.0001,1,a2c_opt2_seed1,1.156248927116394,50.4636344909668,1.0211420059204102,1.8288589715957642,70.64672088623047
4350,52.31924819946289,11.740600566864014,1001,38.85208511352539,0.0001,1,a2c_opt2_seed1,1.483102560043335,53.385009765625,1.0488781929016113,1.4997230768203735,57.56797790527344
4350,52.31924819946289,11.740600566864014,1001,36.825035095214844,0.0001,1,a2c_opt2_seed1,-0.31893232464790344,53.06357955932617,1.0746551752090454,0.31024569272994995,40.735267639160156
4350,52.31924819946289,11.740600566864014,1001,17.977222442626953,0.0001,1,a2c_opt2_seed1,-0.8225295543670654,26.857547760009766,1.064314603805542,-0.3424476087093353,25.444799423217773
4350,52.31924819946289,11.740600566864014,1001,31.77321434020996,0.0001,1,a2c_opt2_seed1,1.4444103240966797,43.32762908935547,1.0727379322052002,1.5594626665115356,61.218990325927734
4351,91.13177490234375,11.69306531906128,1001,12.4893798828125,0.0001,1,a2c_opt2_seed1,0.18113106489181519,17.583951950073242,1.035684585571289,0.4408041834831238,22.266599655151367
4351,91.13177490234375,11.69306531906128,1001,48.92919158935547,0.0001,1,a2c_opt2_seed1,0.9971026182174683,68.47516632080078,1.0508760213851929,1.2541825771331787,62.930328369140625
4351,91.13177490234375,11.69306531906128,1001,33.035484313964844,0.0001,1,a2c_opt2_seed1,0.28038889169692993,46.79375457763672,1.0640450716018677,0.6488121747970581,48.76565933227539
4353,44.188907623291016,13.581469707489013,1001,37.68759536743164,0.0001,1,a2c_opt2_seed1,1.3253543376922607,51.946815490722656,1.0585260391235352,1.3652966022491455,51.96803665161133
4354,-16.612213134765625,15.192288036346435,693,138.0967559814453,0.0001,1,a2c_opt2_seed1,-3.3831191062927246,202.1148681640625,1.0699472427368164,-2.1681299209594727,101.68769073486328
4354,-16.612213134765625,15.192288036346435,693,26.68433380126953,0.0001,1,a2c_opt2_seed1,-2.4754509925842285,41.6576042175293,1.075371503829956,-2.358255624771118,94.63178253173828
4354,-16.612213134765625,15.192288036346435,693,31.34372329711914,0.0001,1,a2c_opt2_seed1,0.49157726764678955,44.07527542114258,1.0921051502227783,0.6196712851524353,37.7745361328125
4356,89.24998474121094,14.383171367645264,1001,33.94161605834961,0.0001,1,a2c_opt2_seed1,1.366559624671936,46.53656005859375,1.0649789571762085,1.8494527339935303,73.49513244628906
4356,89.24998474121094,14.383171367645264,1001,16.07814598083496,0.0001,1,a2c_opt2_seed1,-0.7610653638839722,24.056777954101562,1.0670689344406128,-0.26161420345306396,44.48533248901367
4356,89.24998474121094,14.383171367645264,1001,17.637205123901367,0.0001,1,a2c_opt2_seed1,-1.2799973487854004,27.025358200073242,1.0976617336273193,-0.9952530860900879,52.62705612182617
4357,81.62053680419922,17.05019239425659,1001,20.921571731567383,0.0001,1,a2c_opt2_seed1,-2.1406800746917725,32.94682693481445,1.0542432069778442,-1.5368956327438354,73.12043762207031
4358,40.266719818115234,18.542825527191162,1001,13.962739944458008,0.0001,1,a2c_opt2_seed1,-0.6478437185287476,20.873001098632812,1.03437077999115,-0.3210098147392273,24.576574325561523
4358,40.266719818115234,18.542825527191162,1001,27.554458618164062,0.0001,1,a2c_opt2_seed1,1.3100602626800537,37.49277114868164,1.0842076539993286,1.9254720211029053,79.34022521972656
4359,-49.64640426635742,17.284626770019532,682,80.26653289794922,0.0001,1,a2c_opt2_seed1,-4.759627819061279,121.46672058105469,1.085162878036499,-4.626506805419922,152.35523986816406
4359,-49.64640426635742,17.284626770019532,682,36.191097259521484,0.0001,1,a2c_opt2_seed1,-1.0118281841278076,53.147796630859375,1.0624078512191772,-0.4353889226913452,44.82532501220703
4360,-97.6500244140625,14.885977668762207,724,82.30706024169922,0.0001,1,a2c_opt2_seed1,-1.5241341590881348,119.75957489013672,1.0151773691177368,-1.372164249420166,120.59078979492188
4361,93.41705322265625,15.571970558166504,1001,17.111852645874023,0.0001,1,a2c_opt2_seed1,-1.529578685760498,26.631366729736328,1.050837755203247,-1.489933729171753,53.046287536621094
4361,93.41705322265625,15.571970558166504,1001,16.63867950439453,0.0001,1,a2c_opt2_seed1,0.8579238653182983,22.544708251953125,1.0806794166564941,0.9232100248336792,36.21241760253906
4361,93.41705322265625,15.571970558166504,1001,28.93503189086914,0.0001,1,a2c_opt2_seed1,-4.046855926513672,47.11774444580078,1.0692328214645386,-3.4878690242767334,132.9323272705078
4361,93.41705322265625,15.571970558166504,1001,25.32904624938965,0.0001,1,a2c_opt2_seed1,-0.8239020705223083,37.362091064453125,1.0295963287353516,-0.3811367154121399,25.792251586914062
4362,8.794896125793457,14.604143352508546,1001,23.510568618774414,0.0001,1,a2c_opt2_seed1,-0.4736289978027344,34.263893127441406,1.0535612106323242,-0.12499213218688965,31.771312713623047
4363,-71.74076843261719,12.893340110778809,846,89.43927764892578,0.0001,1,a2c_opt2_seed1,0.45621442794799805,127.11942291259766,1.0607891082763672,0.6730111837387085,65.88301849365234
4363,-71.74076843261719,12.893340110778809,846,44.817012786865234,0.0001,1,a2c_opt2_seed1,0.1425105333328247,63.821502685546875,1.098311424255371,0.3319084644317627,50.7327995300293
4364,3.729931116104126,16.32465687274933,1001,22.244234085083008,0.0001,1,a2c_opt2_seed1,-1.3534650802612305,33.71175003051758,1.0503696203231812,-0.9798476099967957,49.399044036865234
4364,3.729931116104126,16.32465687274933,1001,41.31486892700195,0.0001,1,a2c_opt2_seed1,0.9852279424667358,57.6144905090332,1.006529450416565,1.6269683837890625,66.10786437988281
4364,3.729931116104126,16.32465687274933,1001,21.308223724365234,0.0001,1,a2c_opt2_seed1,0.24519646167755127,30.090795516967773,1.0618408918380737,0.17547956109046936,34.57709884643555
4365,48.50050735473633,17.423718953132628,1001,24.98609733581543,0.0001,1,a2c_opt2_seed1,-0.5085210800170898,36.42164993286133,1.0735859870910645,-0.030477374792099,24.571718215942383
4366,61.91486358642578,20.114641499519347,1001,81.47710418701172,0.0001,1,a2c_opt2_seed1,2.9549849033355713,112.17520904541016,1.0603115558624268,3.8869056701660156,151.22235107421875
4366,61.91486358642578,20.114641499519347,1001,17.551193237304688,0.0001,1,a2c_opt2_seed1,0.8917282223701477,23.80002212524414,1.0998127460479736,1.2377889156341553,58.2105598449707
4367,86.10720825195312,20.920726323127745,1001,16.769489288330078,0.0001,1,a2c_opt2_seed1,-2.1268956661224365,26.995643615722656,1.1299309730529785,-1.9670701026916504,74.56157684326172
4368,75.63478088378906,23.808848881721495,1001,14.127352714538574,0.0001,1,a2c_opt2_seed1,-0.6345527172088623,21.08920669555664,1.0777236223220825,-0.20791572332382202,23.294471740722656
4371,79.21978759765625,28.053411030769347,1001,183.30313110351562,0.0001,1,a2c_opt2_seed1,-4.999407768249512,269.00433349609375,0.9882246255874634,-3.70272159576416,160.1470489501953
4371,79.21978759765625,28.053411030769347,1001,99.9118423461914,0.0001,1,a2c_opt2_seed1,-1.8507068157196045,145.37579345703125,1.0089330673217773,-0.6556408405303955,120.32416534423828
4372,-131.66970825195312,27.019135823249815,770,85.08147430419922,0.0001,1,a2c_opt2_seed1,0.10742491483688354,121.3921890258789,0.959578275680542,0.14279064536094666,73.95108032226562
4373,-38.63595199584961,23.918249516487123,335,148.63233947753906,0.0001,1,a2c_opt2_seed1,-1.832365870475769,214.95033264160156,1.023393154144287,-1.3911882638931274,80.93668365478516
4373,-38.63595199584961,23.918249516487123,335,28.58399772644043,0.0001,1,a2c_opt2_seed1,-0.4142892062664032,41.4268913269043,1.070183277130127,-0.244033083319664,42.706207275390625
4373,-38.63595199584961,23.918249516487123,335,23.57366943359375,0.0001,1,a2c_opt2_seed1,0.43712323904037476,33.052955627441406,1.0407018661499023,0.7642911076545715,32.278907775878906
4373,-38.63595199584961,23.918249516487123,335,20.673656463623047,0.0001,1,a2c_opt2_seed1,0.07484279572963715,29.427635192871094,1.059146523475647,0.4545621871948242,29.569427490234375
4373,-38.63595199584961,23.918249516487123,335,33.741600036621094,0.0001,1,a2c_opt2_seed1,0.35914385318756104,47.68999481201172,1.077195405960083,0.6455872058868408,38.46078109741211
4373,-38.63595199584961,23.918249516487123,335,6.979884624481201,0.0001,1,a2c_opt2_seed1,-0.24536968767642975,10.32259750366211,1.1273267269134521,-0.20915484428405762,21.99657440185547
4374,-85.34564971923828,24.389346776008605,587,92.39090728759766,0.0001,1,a2c_opt2_seed1,-3.3691585063934326,136.80088806152344,1.1159002780914307,-3.258415937423706,120.61460876464844
4374,-85.34564971923828,24.389346776008605,587,20.553075790405273,0.0001,1,a2c_opt2_seed1,-1.8612446784973145,32.02124786376953,1.105938196182251,-1.652944803237915,58.28428649902344
4377,61.7722053527832,23.647596917152406,1001,69.17462921142578,0.0001,1,a2c_opt2_seed1,-0.4578872621059418,99.4758071899414,1.0986382961273193,-0.9132389426231384,70.20317840576172
4377,61.7722053527832,23.647596917152406,1001,38.24428176879883,0.0001,1,a2c_opt2_seed1,0.853018045425415,53.41682815551758,1.0368800163269043,1.516116976737976,58.22323989868164
4377,61.7722053527832,23.647596917152406,1001,22.441099166870117,0.0001,1,a2c_opt2_seed1,0.7485018968582153,30.990169525146484,1.045762538909912,0.8872417211532593,40.15024185180664
4377,61.7722053527832,23.647596917152406,1001,38.027671813964844,0.0001,1,a2c_opt2_seed1,0.38194790482521057,53.78035354614258,1.0481884479522705,0.9542275667190552,47.267459869384766
4379,110.1098861694336,24.581535592079163,1001,68.74081420898438,0.0001,1,a2c_opt2_seed1,-1.2010746002197266,99.91773223876953,1.0552164316177368,-0.7466824054718018,79.92721557617188
4381,-58.456268310546875,22.373794045448303,366,66.9118881225586,0.0001,1,a2c_opt2_seed1,-2.360511541366577,98.96131896972656,1.0317834615707397,-1.7521867752075195,90.65233612060547
4382,55.35851287841797,24.062937722206115,1001,54.5434455871582,0.0001,1,a2c_opt2_seed1,3.300144672393799,73.2054672241211,1.0504695177078247,3.608530044555664,136.6581573486328
4382,55.35851287841797,24.062937722206115,1001,26.270963668823242,0.0001,1,a2c_opt2_seed1,0.31938832998275757,37.07442855834961,1.043673038482666,1.0982955694198608,47.338314056396484
4383,65.54521942138672,23.743821358680727,1001,12.459924697875977,0.0001,1,a2c_opt2_seed1,-0.26317474246025085,18.176578521728516,1.0115443468093872,0.30070340633392334,21.780027389526367
4384,-0.37073516845703125,22.11828058719635,319,103.70255279541016,0.0001,1,a2c_opt2_seed1,-2.5388379096984863,151.77413940429688,1.0104246139526367,-1.4042274951934814,76.28334045410156
4384,-0.37073516845703125,22.11828058719635,319,21.073131561279297,0.0001,1,a2c_opt2_seed1,-0.8170144557952881,31.27239227294922,1.057431936264038,-0.29825276136398315,19.37466049194336
4384,-0.37073516845703125,22.11828058719635,319,32.45478820800781,0.0001,1,a2c_opt2_seed1,-1.3911930322647095,48.35215377807617,1.0499714612960815,-0.9413576722145081,50.946712493896484
4385,-37.451194763183594,21.333466439247132,532,123.09848022460938,0.0001,1,a2c_opt2_seed1,-0.7634453773498535,176.9463653564453,1.064201831817627,0.22961807250976562,52.60912322998047
4385,-37.451194763183594,21.333466439247132,532,25.75402069091797,0.0001,1,a2c_opt2_seed1,1.51182222366333,34.63248062133789,1.075570821762085,1.5993473529815674,62.17576599121094
4387,54.055049896240234,21.209542412757873,1001,134.44171142578125,0.0001,1,a2c_opt2_seed1,-0.5714684724807739,192.8767547607422,1.1000492572784424,-1.6123462915420532,111.69709014892578
4387,54.055049896240234,21.209542412757873,1001,17.433889389038086,0.0001,1,a2c_opt2_seed1,-0.22620463371276855,25.229469299316406,1.0687215328216553,0.2768489718437195,53.775657653808594
4388,123.18016815185547,22.152733635902404,1001,13.248198509216309,0.0001,1,a2c_opt2_seed1,-0.6778034567832947,19.895065307617188,1.0862449407577515,-0.6647301912307739,36.41261672973633
4388,123.18016815185547,22.152733635902404,1001,27.425220489501953,0.0001,1,a2c_opt2_seed1,0.004070799797773361,39.173858642578125,1.1008728742599487,0.16324985027313232,51.16820526123047
4388,123.18016815185547,22.152733635902404,1001,50.539058685302734,0.0001,1,a2c_opt2_seed1,-3.6533846855163574,77.41854095458984,1.071897268295288,-2.3338916301727295,101.80856323242188
4389,-0.14495086669921875,23.027092308998107,436,60.6718635559082,0.0001,1,a2c_opt2_seed1,-1.742365837097168,89.16394805908203,1.0703991651535034,-1.552493929862976,68.23047637939453
4389,-0.14495086669921875,23.027092308998107,436,22.462276458740234,0.0001,1,a2c_opt2_seed1,0.7829064726829529,30.97127342224121,1.041015386581421,1.2671102285385132,67.48812103271484
4391,148.76881408691406,28.838252587318422,1001,24.168292999267578,0.0001,1,a2c_opt2_seed1,0.9534886479377747,33.164737701416016,1.0258760452270508,1.5324980020523071,50.50487518310547
4391,148.76881408691406,28.838252587318422,1001,62.64931869506836,0.0001,1,a2c_opt2_seed1,4.093597888946533,83.65177917480469,1.0458283424377441,4.484615802764893,169.10899353027344
4392,99.59172821044922,29.284230370521545,1001,29.598718643188477,0.0001,1,a2c_opt2_seed1,-0.09622442722320557,42.42211151123047,1.0725620985031128,0.29025936126708984,39.628414154052734
4393,-150.36000061035156,25.465708947181703,525,85.94947052001953,0.0001,1,a2c_opt2_seed1,-3.6849756240844727,128.0499725341797,1.0698869228363037,-3.4597887992858887,159.52288818359375
4394,60.030696868896484,27.935294213294984,1001,40.324310302734375,0.0001,1,a2c_opt2_seed1,3.413139581680298,52.73100662231445,1.071621060371399,3.4307775497436523,117.23007202148438
4394,60.030696868896484,27.935294213294984,1001,24.520933151245117,0.0001,1,a2c_opt2_seed1,-2.8766093254089355,39.140098571777344,1.05318284034729,-2.2539873123168945,72.80619049072266
4395,22.734031677246094,29.31099169254303,377,116.35826110839844,0.0001,1,a2c_opt2_seed1,0.04084208607673645,166.16847229003906,1.0250388383865356,-0.07723620533943176,57.54073715209961
4395,22.734031677246094,29.31099169254303,377,25.412107467651367,0.0001,1,a2c_opt2_seed1,0.7287867665290833,35.262664794921875,1.0857229232788086,1.0028551816940308,60.97002410888672
4396,85.343505859375,31.13092760562897,1001,12.072595596313477,0.0001,1,a2c_opt2_seed1,-1.3360252380371094,19.15596580505371,1.110871434211731,-1.169532060623169,44.46664810180664
4397,104.7007064819336,31.184903588294983,1001,15.269198417663574,0.0001,1,a2c_opt2_seed1,-1.147254228591919,23.45281410217285,1.034347653388977,-0.5630403161048889,30.011030197143555
4397,104.7007064819336,31.184903588294983,1001,55.01777648925781,0.0001,1,a2c_opt2_seed1,0.2144838571548462,78.2911605834961,1.0383708477020264,0.6746420860290527,49.46586990356445
4397,104.7007064819336,31.184903588294983,1001,20.649778366088867,0.0001,1,a2c_opt2_seed1,0.2631213366985321,29.124561309814453,1.067528486251831,0.6310850381851196,27.220426559448242
4397,104.7007064819336,31.184903588294983,1001,50.65097427368164,0.0001,1,a2c_opt2_seed1,1.5104937553405762,70.20147705078125,1.1082993745803833,1.805601716041565,63.19257354736328
4398,113.00308227539062,30.937982811927796,1001,24.564634323120117,0.0001,1,a2c_opt2_seed1,-0.2183729112148285,35.40507507324219,1.089614987373352,0.18860042095184326,43.003257751464844
4398,113.00308227539062,30.937982811927796,1001,16.813861846923828,0.0001,1,a2c_opt2_seed1,0.2788618803024292,23.622209548950195,1.0944193601608276,0.483254998922348,41.36589431762695
4399,77.91480255126953,30.883463921546937,1001,31.29465675354004,0.0001,1,a2c_opt2_seed1,-2.012714385986328,47.58270263671875,1.0397858619689941,-1.2245540618896484,54.731990814208984
4399,77.91480255126953,30.883463921546937,1001,17.64620018005371,0.0001,1,a2c_opt2_seed1,-0.13292032480239868,25.399459838867188,0.999342143535614,0.35409384965896606,26.948959350585938
4399,77.91480255126953,30.883463921546937,1001,56.0744743347168,0.0001,1,a2c_opt2_seed1,-2.4540438652038574,83.6128921508789,1.0038354396820068,-1.7254846096038818,77.39075469970703
4400,48.9581413269043,30.816241784095766,1001,38.06245422363281,0.0001,1,a2c_opt2_seed1,-0.2605358064174652,54.74781799316406,0.9617421627044678,0.1482442319393158,78.93836975097656
4402,63.924373626708984,30.308614983558655,1001,49.19432067871094,0.0001,1,a2c_opt2_seed1,2.5463104248046875,66.64068603515625,0.9350257515907288,3.5526535511016846,147.79200744628906
4402,63.924373626708984,30.308614983558655,1001,25.30635643005371,0.0001,1,a2c_opt2_seed1,-0.43687596917152405,36.77672576904297,0.9509214758872986,0.39525240659713745,39.87299346923828
4402,63.924373626708984,30.308614983558655,1001,23.485750198364258,0.0001,1,a2c_opt2_seed1,-0.06337028741836548,33.6423225402832,1.011589527130127,0.5320023894309998,36.51541519165039
4403,71.78559112548828,30.8605486536026,1001,51.182861328125,0.0001,1,a2c_opt2_seed1,0.10617077350616455,72.96746826171875,1.0728905200958252,0.22343973815441132,38.65348815917969
4404,33.09490966796875,31.85469110965729,249,44.016117095947266,0.0001,1,a2c_opt2_seed1,0.38009288907051086,62.33790588378906,1.0149867534637451,1.4019302129745483,70.41026306152344
4406,44.510982513427734,28.821273097991945,1001,30.279876708984375,0.0001,1,a2c_opt2_seed1,1.2858105897903442,41.42082977294922,1.0294479131698608,1.4795191287994385,71.08636474609375
4406,44.510982513427734,28.821273097991945,1001,22.159149169921875,0.0001,1,a2c_opt2_seed1,1.3040484189987183,29.79374885559082,1.0433481931686401,1.5438686609268188,76.66091918945312
4406,44.510982513427734,28.821273097991945,1001,10.925313949584961,0.0001,1,a2c_opt2_seed1,-0.5087429285049438,16.335121154785156,1.0548094511032104,-0.34407660365104675,20.81437110900879
4406,44.510982513427734,28.821273097991945,1001,33.72823715209961,0.0001,1,a2c_opt2_seed1,-1.0206105709075928,49.64198303222656,1.0780359506607056,-0.45173120498657227,41.574222564697266
4406,44.510982513427734,28.821273097991945,1001,11.352660179138184,0.0001,1,a2c_opt2_seed1,-1.4295049905776978,18.261024475097656,1.1017177104949951,-1.082137942314148,31.661466598510742
4407,84.4180908203125,28.877224178314208,1001,17.85932731628418,0.0001,1,a2c_opt2_seed1,-0.9241777062416077,26.834339141845703,1.0633265972137451,-0.7053871750831604,29.437015533447266
4408,-82.59706115722656,26.419948558807373,547,116.60406494140625,0.0001,1,a2c_opt2_seed1,-4.326455593109131,172.75865173339844,1.0669059753417969,-3.954615354537964,138.53150939941406
4409,75.14369201660156,28.915750484466553,1001,42.370513916015625,0.0001,1,a2c_opt2_seed1,2.1950531005859375,57.394283294677734,1.074660062789917,2.3700215816497803,85.04531860351562
4409,75.14369201660156,28.915750484466553,1001,21.85839080810547,0.0001,1,a2c_opt2_seed1,-2.764531373977661,35.17636489868164,1.0632439851760864,-2.479630470275879,80.5953140258789
4410,-10.747055053710938,30.653809871673584,546,54.161930084228516,0.0001,1,a2c_opt2_seed1,-3.114797353744507,81.82467651367188,1.0898969173431396,-2.6699535846710205,103.13233947753906
4411,112.45701599121094,31.03460912704468,1001,33.40401840209961,0.0001,1,a2c_opt2_seed1,0.8152732849121094,46.556114196777344,1.0647245645523071,1.032971978187561,61.38885498046875
4412,91.76187896728516,32.69394878387451,1001,34.519161224365234,0.0001,1,a2c_opt2_seed1,0.21747040748596191,49.00318145751953,1.0776376724243164,0.7057842016220093,74.36711120605469
4412,91.76187896728516,32.69394878387451,1001,38.21275329589844,0.0001,1,a2c_opt2_seed1,0.19271701574325562,54.3150749206543,1.0409495830535889,0.574631929397583,44.50654983520508
4412,91.76187896728516,32.69394878387451,1001,15.426016807556152,0.0001,1,a2c_opt2_seed1,-0.6644787788391113,22.987144470214844,1.0134775638580322,-0.24419943988323212,17.760330200195312
4413,70.23300170898438,35.53342418670654,1001,36.00518035888672,0.0001,1,a2c_opt2_seed1,0.7324615120887756,50.39033508300781,1.0262372493743896,1.543556571006775,65.87265014648438
4413,70.23300170898438,35.53342418670654,1001,19.89535140991211,0.0001,1,a2c_opt2_seed1,-0.31051570177078247,28.866273880004883,1.0486327409744263,0.32044944167137146,29.649568557739258
4414,38.540260314941406,36.229630770683286,1001,15.435707092285156,0.0001,1,a2c_opt2_seed1,-0.5216323733329773,22.79692840576172,1.020754337310791,-0.06406547129154205,23.56447410583496
4415,-74.64945983886719,33.766631426811216,549,121.93673706054688,0.0001,1,a2c_opt2_seed1,-0.7986096143722534,175.33689880371094,0.9659072160720825,0.022468730807304382,42.633544921875
4415,-74.64945983886719,33.766631426811216,549,16.899595260620117,0.0001,1,a2c_opt2_seed1,0.8353104591369629,22.949697494506836,1.0055818557739258,1.1915028095245361,53.115142822265625
4415,-74.64945983886719,33.766631426811216,549,9.0346040725708,0.0001,1,a2c_opt2_seed1,-1.6240723133087158,15.227409362792969,1.0196950435638428,-1.1154921054840088,44.529388427734375
4415,-74.64945983886719,33.766631426811216,549,29.935396194458008,0.0001,1,a2c_opt2_seed1,1.2310620546340942,41.00692367553711,1.0238556861877441,1.4244661331176758,52.246192932128906
4416,16.233600616455078,32.853006167411806,1001,12.222774505615234,0.0001,1,a2c_opt2_seed1,-0.7830699682235718,18.580533981323242,1.0585458278656006,-0.6697419881820679,44.79096221923828
4418,48.92099380493164,32.34431468486786,1001,43.99988555908203,0.0001,1,a2c_opt2_seed1,0.5325038433074951,62.09701156616211,1.0529533624649048,1.072691559791565,40.7659797668457
4418,48.92099380493164,32.34431468486786,1001,31.34383201599121,0.0001,1,a2c_opt2_seed1,1.7277369499206543,42.30945587158203,1.0481407642364502,1.4112550020217896,48.5982551574707
4418,48.92099380493164,32.34431468486786,1001,29.117109298706055,0.0001,1,a2c_opt2_seed1,0.4334842562675476,40.97735595703125,1.0472701787948608,1.0170468091964722,52.08835220336914
4419,101.5703125,35.33803035259247,1001,17.678606033325195,0.0001,1,a2c_opt2_seed1,0.12232552468776703,25.081174850463867,1.0828051567077637,0.41688260436058044,33.6593017578125
4419,101.5703125,35.33803035259247,1001,15.294851303100586,0.0001,1,a2c_opt2_seed1,-1.1281607151031494,23.462223052978516,1.0874319076538086,-0.7387136220932007,34.113685607910156
4420,69.86717987060547,36.30951854228974,1001,16.272939682006836,0.0001,1,a2c_opt2_seed1,-2.1813862323760986,26.36408805847168,1.0688107013702393,-1.7382757663726807,66.5594482421875
4421,-35.902366638183594,34.00707545757294,461,59.19935607910156,0.0001,1,a2c_opt2_seed1,-1.4627964496612549,86.66095733642578,1.0359773635864258,-1.622058629989624,80.39759063720703
4421,-35.902366638183594,34.00707545757294,461,28.47220802307129,0.0001,1,a2c_opt2_seed1,1.6837960481643677,38.26991653442383,1.0555083751678467,1.8835934400558472,74.30699920654297
4422,88.90998840332031,38.4186693906784,1001,76.60050964355469,0.0001,1,a2c_opt2_seed1,-3.5836398601531982,114.54948425292969,0.9712918996810913,-2.5557308197021484,83.97189331054688
4422,88.90998840332031,38.4186693906784,1001,54.22031784057617,0.0001,1,a2c_opt2_seed1,1.820293664932251,74.85790252685547,1.012414813041687,2.8823294639587402,128.18492126464844
4423,127.4964370727539,41.74131717205048,1001,33.5286979675293,0.0001,1,a2c_opt2_seed1,1.0602284669876099,46.384273529052734,1.0468131303787231,1.4751040935516357,62.798675537109375
4424,63.1708869934082,44.711647906303405,1001,17.018552780151367,0.0001,1,a2c_opt2_seed1,-0.8091474771499634,25.46887969970703,1.0293779373168945,-0.43277794122695923,27.61522674560547
4425,-101.08540344238281,44.30880748271942,483,172.10511779785156,0.0001,1,a2c_opt2_seed1,-4.687560081481934,252.5617218017578,1.0448813438415527,-5.044486045837402,198.5978546142578
4425,-101.08540344238281,44.30880748271942,483,18.87701988220215,0.0001,1,a2c_opt2_seed1,0.5521435737609863,26.179128646850586,1.0256848335266113,0.6691044569015503,29.038957595825195
4425,-101.08540344238281,44.30880748271942,483,15.523902893066406,0.0001,1,a2c_opt2_seed1,-0.6069700121879578,23.044849395751953,1.040733814239502,-0.4311369061470032,23.248859405517578
4426,36.951904296875,43.166366686820986,1001,27.400697708129883,0.0001,1,a2c_opt2_seed1,1.6554853916168213,36.77960968017578,1.0265648365020752,1.5732779502868652,61.56658172607422
4427,80.53836822509766,43.541689944267276,1001,40.66969299316406,0.0001,1,a2c_opt2_seed1,0.47591710090637207,57.42041778564453,1.0337146520614624,0.6522160768508911,43.75841522216797
4427,80.53836822509766,43.541689944267276,1001,17.392200469970703,0.0001,1,a2c_opt2_seed1,-1.1923450231552124,26.55010223388672,1.053778886795044,-0.9181990027427673,43.653541564941406
4428,-10.635551452636719,42.55054873943329,674,89.87097930908203,0.0001,1,a2c_opt2_seed1,-3.1602225303649902,132.90245056152344,1.0284175872802734,-2.610424280166626,104.57360076904297
4429,53.27327346801758,41.413816485404965,1001,23.684894561767578,0.0001,1,a2c_opt2_seed1,-3.056319236755371,38.20248031616211,1.0448834896087646,-2.5326623916625977,84.4691390991211
4430,-63.02983474731445,38.12321734905243,636,77.6134262084961,0.0001,1,a2c_opt2_seed1,-3.0893473625183105,115.29037475585938,0.9742317795753479,-1.8295722007751465,87.50096893310547
4431,58.11403274536133,40.454623370170594,1001,12.54294204711914,0.0001,1,a2c_opt2_seed1,-0.7416442036628723,18.978708267211914,1.0185328722000122,-0.33786386251449585,16.68353271484375
4431,58.11403274536133,40.454623370170594,1001,20.059572219848633,0.0001,1,a2c_opt2_seed1,-1.611043930053711,30.958724975585938,0.9814474582672119,-1.4079976081848145,54.07585906982422
4431,58.11403274536133,40.454623370170594,1001,35.503395080566406,0.0001,1,a2c_opt2_seed1,-0.7272388935089111,51.75875473022461,0.9922366142272949,-0.016850680112838745,30.764448165893555
4432,-47.00080490112305,38.40743701457977,498,99.51470184326172,0.0001,1,a2c_opt2_seed1,-4.018612861633301,147.9054412841797,0.9773318767547607,-3.788851261138916,129.64764404296875
4432,-47.00080490112305,38.40743701457977,498,73.06937408447266,0.0001,1,a2c_opt2_seed1,0.930822491645813,103.0557861328125,0.9867926239967346,1.5145221948623657,76.50813293457031
4432,-47.00080490112305,38.40743701457977,498,36.85362243652344,0.0001,1,a2c_opt2_seed1,-0.7353295087814331,53.6992301940918,1.020014762878418,-0.13912084698677063,25.94342613220215
4433,21.807153701782227,37.53267570018768,1001,19.96312713623047,0.0001,1,a2c_opt2_seed1,0.5467996001243591,27.738317489624023,0.9891003370285034,0.7953860759735107,35.616310119628906
4434,24.07560157775879,38.021602435112,1001,15.956746101379395,0.0001,1,a2c_opt2_seed1,0.10761802643537521,22.6423282623291,1.0037286281585693,0.6001008749008179,39.39582443237305
4435,-78.3035888671875,37.20455455303192,617,118.50525665283203,0.0001,1,a2c_opt2_seed1,-3.757647752761841,174.66201782226562,1.0172547101974487,-4.2903618812561035,161.22390747070312
4435,-78.3035888671875,37.20455455303192,617,9.604201316833496,0.0001,1,a2c_opt2_seed1,-0.11435691267251968,13.88436508178711,0.9942626357078552,0.15020683407783508,10.930055618286133
4436,83.39954376220703,40.83864696025849,1001,19.424121856689453,0.0001,1,a2c_opt2_seed1,-1.1917142868041992,29.451932907104492,1.031813144683838,-1.1676567792892456,68.04620361328125
4436,83.39954376220703,40.83864696025849,1001,47.61851119995117,0.0001,1,a2c_opt2_seed1,0.052293822169303894,67.95246887207031,1.0255770683288574,0.5824702382087708,50.275428771972656
4436,83.39954376220703,40.83864696025849,1001,26.623865127563477,0.0001,1,a2c_opt2_seed1,0.33848702907562256,37.55130386352539,1.0699208974838257,0.5459455251693726,30.712032318115234
4437,72.40601348876953,41.20566623210907,1001,36.13395309448242,0.0001,1,a2c_opt2_seed1,-0.6230710744857788,52.510772705078125,1.0377894639968872,0.10453811287879944,39.744258880615234
4438,69.32048034667969,40.128472476005555,1001,51.624263763427734,0.0001,1,a2c_opt2_seed1,1.4357086420059204,71.69867706298828,1.03095543384552,1.828984022140503,71.3575210571289
4438,69.32048034667969,40.128472476005555,1001,37.66144943237305,0.0001,1,a2c_opt2_seed1,0.39640969038009644,53.236534118652344,1.062097430229187,0.3549840450286865,41.47500228881836
4439,87.84136199951172,41.88819873332977,1001,14.69143009185791,0.0001,1,a2c_opt2_seed1,-0.5509992837905884,21.775667190551758,1.073205828666687,-0.457942396402359,23.653493881225586
4439,87.84136199951172,41.88819873332977,1001,23.88543128967285,0.0001,1,a2c_opt2_seed1,-0.5018129348754883,34.839656829833984,1.0354496240615845,-0.18776889145374298,17.617385864257812
4439,87.84136199951172,41.88819873332977,1001,38.94200897216797,0.0001,1,a2c_opt2_seed1,-2.081660509109497,58.60599899291992,1.0622904300689697,-1.8522937297821045,87.84874725341797
4440,58.77358627319336,41.4247697019577,1001,20.870180130004883,0.0001,1,a2c_opt2_seed1,-0.33144935965538025,30.288803100585938,1.0661494731903076,-0.35735252499580383,43.309165954589844
4440,58.77358627319336,41.4247697019577,1001,9.337252616882324,0.0001,1,a2c_opt2_seed1,-1.2926629781723022,15.186322212219238,1.02055025100708,-0.9126201868057251,42.17353439331055
4441,118.57832336425781,40.82095988750458,1001,22.32158851623535,0.0001,1,a2c_opt2_seed1,-0.11931756138801575,32.05919647216797,1.0591539144515991,-0.03299584984779358,15.846097946166992
4442,37.682098388671875,39.58276729106903,1001,15.38140869140625,0.0001,1,a2c_opt2_seed1,-1.6763584613800049,24.368988037109375,1.0478737354278564,-1.270875096321106,64.35188293457031
4442,37.682098388671875,39.58276729106903,1001,26.856861114501953,0.0001,1,a2c_opt2_seed1,-1.637019157409668,40.70627212524414,1.023456335067749,-1.2934062480926514,48.495182037353516
4443,-48.38037109375,41.62235988140106,1001,47.38178253173828,0.0001,1,a2c_opt2_seed1,2.1868813037872314,64.56488800048828,1.0375871658325195,2.5762739181518555,76.53113555908203
4443,-48.38037109375,41.62235988140106,1001,13.539752006530762,0.0001,1,a2c_opt2_seed1,-0.5070471167564392,20.067628860473633,1.0828430652618408,-0.34083831310272217,22.292192459106445
4444,80.21379852294922,42.026021914482115,1001,18.49993896484375,0.0001,1,a2c_opt2_seed1,0.7122799158096313,25.41168975830078,1.0485146045684814,1.076053261756897,35.119564056396484
4445,-106.82859802246094,39.43476932048797,838,85.5841064453125,0.0001,1,a2c_opt2_seed1,-2.3870532512664795,125.67383575439453,1.0582702159881592,-2.528909683227539,108.68986511230469
4445,-106.82859802246094,39.43476932048797,838,24.28391456604004,0.0001,1,a2c_opt2_seed1,-0.07180925458669662,34.79464340209961,1.0511431694030762,0.33886975049972534,33.840736389160156
4446,-31.824665069580078,37.09140590190887,1001,26.972896575927734,0.0001,1,a2c_opt2_seed1,0.44694626331329346,37.89496612548828,1.0542374849319458,0.4175686538219452,22.292585372924805
4446,-31.824665069580078,37.09140590190887,1001,16.882143020629883,0.0001,1,a2c_opt2_seed1,1.0589243173599243,22.60538101196289,1.0945287942886353,1.1060848236083984,54.22935485839844
4446,-31.824665069580078,37.09140590190887,1001,21.87911605834961,0.0001,1,a2c_opt2_seed1,-1.247471570968628,33.038753509521484,1.078179121017456,-0.8801504969596863,46.7796745300293
4447,86.6431655883789,36.73025508403778,1001,29.352815628051758,0.0001,1,a2c_opt2_seed1,-0.3740474581718445,42.467681884765625,1.0258667469024658,-0.06035745143890381,39.55947494506836
4448,-15.780776977539062,34.154577898979184,295,92.76277923583984,0.0001,1,a2c_opt2_seed1,-0.7107611298561096,133.5343475341797,1.0135886669158936,-0.20611250400543213,80.9420166015625
4449,70.04385375976562,33.99715892314911,1001,41.162208557128906,0.0001,1,a2c_opt2_seed1,1.421492338180542,56.77317428588867,1.0161117315292358,1.8883659839630127,72.22620391845703
4449,70.04385375976562,33.99715892314911,1001,40.54024124145508,0.0001,1,a2c_opt2_seed1,0.39771485328674316,57.34722137451172,1.0580004453659058,1.1597751379013062,75.52899169921875
4449,70.04385375976562,33.99715892314911,1001,16.510555267333984,0.0001,1,a2c_opt2_seed1,0.02605239301919937,23.55004119873047,1.0518301725387573,0.24893346428871155,15.45018482208252
4450,37.20914077758789,33.76217891216278,1001,14.830179214477539,0.0001,1,a2c_opt2_seed1,0.6285122632980347,20.28883171081543,1.0306403636932373,0.7667868733406067,31.88619041442871
4451,71.47169494628906,34.685224871635434,1001,14.39522933959961,0.0001,1,a2c_opt2_seed1,-0.9080631136894226,21.86255645751953,0.9945911169052124,-0.47110286355018616,24.91881561279297
4452,-30.340713500976562,32.799923129081726,455,149.85264587402344,0.0001,1,a2c_opt2_seed1,1.2706040143966675,212.26072692871094,0.9028739333152771,1.9979804754257202,121.32035827636719
4453,121.0396957397461,33.78500522136688,1001,20.20076560974121,0.0001,1,a2c_opt2_seed1,0.5627315640449524,28.055009841918945,0.9439321160316467,0.9261424541473389,43.701297760009766
4456,191.97911071777344,35.595415058135984,518,241.45462036132812,0.0001,1,a2c_opt2_seed1,-0.3996936082839966,345.5068359375,0.9460816383361816,1.7248072624206543,196.32518005371094
4457,32.2492561340332,34.5520383644104,1001,24.537946701049805,0.0001,1,a2c_opt2_seed1,1.0611753463745117,33.53895950317383,1.0040351152420044,1.518588662147522,67.49948120117188
4457,32.2492561340332,34.5520383644104,1001,25.29612159729004,0.0001,1,a2c_opt2_seed1,-0.33149945735931396,36.61161804199219,1.0221904516220093,0.5684410929679871,50.216121673583984
4458,-72.01057434082031,34.763768100738524,414,215.19273376464844,0.0001,1,a2c_opt2_seed1,-3.139652967453003,311.90411376953125,0.9841741323471069,-2.763183116912842,119.75782012939453
4458,-72.01057434082031,34.763768100738524,414,26.006093978881836,0.0001,1,a2c_opt2_seed1,-0.05384880304336548,37.229217529296875,1.018505573272705,0.8611352443695068,51.300418853759766
4458,-72.01057434082031,34.763768100738524,414,14.5824556350708,0.0001,1,a2c_opt2_seed1,-1.1306172609329224,22.44794273376465,0.9756002426147461,-0.6383106112480164,27.95005989074707
4460,-49.79401779174805,30.96581392288208,353,192.06565856933594,0.0001,1,a2c_opt2_seed1,-3.9817113876342773,280.068359375,0.9861371517181396,-3.474226951599121,173.8363800048828
4460,-49.79401779174805,30.96581392288208,353,91.04560852050781,0.0001,1,a2c_opt2_seed1,2.4240219593048096,126.60298919677734,1.0005812644958496,3.5444283485412598,155.28038024902344
4460,-49.79401779174805,30.96581392288208,353,39.90281677246094,0.0001,1,a2c_opt2_seed1,2.29860520362854,53.72102355957031,1.0169458389282227,2.9805314540863037,114.24398040771484
4460,-49.79401779174805,30.96581392288208,353,11.364596366882324,0.0001,1,a2c_opt2_seed1,-0.12754428386688232,16.418087005615234,1.0395408868789673,0.0009358413517475128,18.290447235107422
4460,-49.79401779174805,30.96581392288208,353,20.255565643310547,0.0001,1,a2c_opt2_seed1,-1.1649481058120728,30.601463317871094,1.0229390859603882,-0.5621776580810547,54.51066207885742
4461,72.79022979736328,30.172478199005127,1001,65.73762512207031,0.0001,1,a2c_opt2_seed1,-2.2186295986175537,97.08110809326172,1.0360583066940308,-0.8403369188308716,44.35439682006836
4461,72.79022979736328,30.172478199005127,1001,24.377803802490234,0.0001,1,a2c_opt2_seed1,1.5689165592193604,32.58482360839844,0.9756304025650024,1.6937144994735718,54.987586975097656
4461,72.79022979736328,30.172478199005127,1001,26.22949981689453,0.0001,1,a2c_opt2_seed1,-0.741321861743927,38.53045654296875,0.994417667388916,-0.4086573123931885,73.79338836669922
4462,104.28140258789062,30.422868671417238,1001,12.484024047851562,0.0001,1,a2c_opt2_seed1,0.43890830874443054,17.207977294921875,0.9356878995895386,0.7495093941688538,44.90099334716797
4463,63.40034866333008,30.28621561050415,1001,12.479669570922852,0.0001,1,a2c_opt2_seed1,-0.5252335667610168,18.579124450683594,0.9681639671325684,-0.32886525988578796,39.54866027832031
4464,61.433353424072266,30.74407747268677,1001,15.739224433898926,0.0001,1,a2c_opt2_seed1,0.6566097140312195,21.547277450561523,0.95843505859375,0.6234734654426575,33.4283561706543
4465,60.99398422241211,33.45694635391235,1001,15.956007957458496,0.0001,1,a2c_opt2_seed1,0.6532267332077026,21.8618106842041,0.9726188778877258,1.112574815750122,56.220706939697266
4465,60.99398422241211,33.45694635391235,1001,23.740680694580078,0.0001,1,a2c_opt2_seed1,-0.09791457653045654,34.05582809448242,0.9707275629043579,0.5861928462982178,51.58633804321289
4467,-6.46875,32.48945314407349,359,71.7011947631836,0.0001,1,a2c_opt2_seed1,-2.702545404434204,106.29175567626953,0.9726694226264954,-2.141343116760254,95.3021011352539
4467,-6.46875,32.48945314407349,359,44.85383224487305,0.0001,1,a2c_opt2_seed1,1.8658912181854248,61.41210174560547,1.0574196577072144,2.226407527923584,133.52439880371094
4469,162.15440368652344,35.19419885635376,1001,13.646061897277832,0.0001,1,a2c_opt2_seed1,-1.6312460899353027,21.825462341308594,1.031639575958252,-1.1739832162857056,42.529869079589844
4470,-7.775199890136719,33.641351261138915,388,83.23271179199219,0.0001,1,a2c_opt2_seed1,-1.3785520792007446,120.87397766113281,1.0351356267929077,-1.7822721004486084,87.47706604003906
4470,-7.775199890136719,33.641351261138915,388,39.327877044677734,0.0001,1,a2c_opt2_seed1,-0.4109151363372803,56.77043533325195,1.022041916847229,0.07801246643066406,45.59645462036133
4470,-7.775199890136719,33.641351261138915,388,34.07801818847656,0.0001,1,a2c_opt2_seed1,0.8800386190414429,47.426429748535156,1.0433398485183716,1.2808316946029663,63.50065612792969
4470,-7.775199890136719,33.641351261138915,388,32.22566223144531,0.0001,1,a2c_opt2_seed1,0.7928798198699951,44.90472412109375,1.0450851917266846,0.6976694464683533,51.09296798706055
4470,-7.775199890136719,33.641351261138915,388,11.967622756958008,0.0001,1,a2c_opt2_seed1,-1.2006970643997192,18.812664031982422,1.0891982316970825,-1.0924179553985596,45.02497863769531
4471,138.27915954589844,37.124981784820555,1001,20.112247467041016,0.0001,1,a2c_opt2_seed1,-1.8186800479888916,31.330665588378906,1.0751879215240479,-1.1621462106704712,67.2517318725586
4472,-34.172821044921875,34.66332559585571,557,111.575927734375,0.0001,1,a2c_opt2_seed1,-1.9238638877868652,162.14332580566406,1.0722692012786865,-1.9160475730895996,83.89026641845703
4472,-34.172821044921875,34.66332559585571,557,51.15039825439453,0.0001,1,a2c_opt2_seed1,0.9475206136703491,71.71914672851562,1.054955244064331,1.6291329860687256,68.32654571533203
4472,-34.172821044921875,34.66332559585571,557,55.430908203125,0.0001,1,a2c_opt2_seed1,-1.6006650924682617,81.47444152832031,1.0675054788589478,-0.9473397731781006,43.72554397583008
4473,99.6645736694336,34.10668832778931,1001,19.660417556762695,0.0001,1,a2c_opt2_seed1,0.0848093256354332,27.96588897705078,1.0286517143249512,0.39233845472335815,32.044918060302734
4473,99.6645736694336,34.10668832778931,1001,19.955974578857422,0.0001,1,a2c_opt2_seed1,0.28334110975265503,28.104501724243164,1.033859372138977,0.7016061544418335,42.91961669921875
4474,78.48892974853516,34.41304918289185,1001,54.33369064331055,0.0001,1,a2c_opt2_seed1,-0.21578514575958252,77.92857360839844,1.041488766670227,0.5906256437301636,48.57316970825195
4474,78.48892974853516,34.41304918289185,1001,70.35541534423828,0.0001,1,a2c_opt2_seed1,3.826462984085083,95.0421142578125,1.052606463432312,3.680177688598633,152.0408172607422
4475,136.5253448486328,39.16526414871216,1001,7.352011680603027,0.0001,1,a2c_opt2_seed1,-0.09389045834541321,10.637763023376465,1.0629286766052246,0.06183640658855438,10.3389253616333
4475,136.5253448486328,39.16526414871216,1001,17.36311149597168,0.0001,1,a2c_opt2_seed1,1.0877981185913086,23.2512149810791,1.0706171989440918,0.911212682723999,35.51555633544922
4477,83.20751953125,40.619860095977785,1001,8.019079208374023,0.0001,1,a2c_opt2_seed1,-0.7492555975914001,12.526947021484375,1.056640625,-0.512790858745575,28.926034927368164
4478,10.624789237976074,41.04506690979004,1001,24.958131790161133,0.0001,1,a2c_opt2_seed1,1.4781036376953125,33.54364776611328,1.050141453742981,1.7888036966323853,82.44208526611328
4478,10.624789237976074,41.04506690979004,1001,14.368795394897461,0.0001,1,a2c_opt2_seed1,-0.9644333124160767,21.905364990234375,1.0529570579528809,-0.5664629340171814,29.844127655029297
4479,19.62468719482422,40.37209518432617,486,88.63993072509766,0.0001,1,a2c_opt2_seed1,-2.558894157409668,130.2847900390625,1.0477055311203003,-1.9725968837738037,102.7077865600586
4479,19.62468719482422,40.37209518432617,486,18.548480987548828,0.0001,1,a2c_opt2_seed1,0.17148315906524658,26.253583908081055,1.0220223665237427,0.6033673286437988,45.055850982666016
4480,-19.532386779785156,41.24204414367676,475,101.7205581665039,0.0001,1,a2c_opt2_seed1,-1.4054125547409058,147.3235321044922,1.014026403427124,-1.5535356998443604,81.34095001220703
4482,105.8318099975586,45.14171714782715,1001,23.089431762695312,0.0001,1,a2c_opt2_seed1,1.1356265544891357,31.36334991455078,1.0740351676940918,1.5166147947311401,63.64167022705078
4482,105.8318099975586,45.14171714782715,1001,19.918834686279297,0.0001,1,a2c_opt2_seed1,0.06818327307701111,28.35881996154785,1.046987771987915,0.773263692855835,43.69462966918945
4482,105.8318099975586,45.14171714782715,1001,40.62745666503906,0.0001,1,a2c_opt2_seed1,-0.6504652500152588,58.969215393066406,1.0513585805892944,-0.4036524295806885,54.324459075927734
4482,105.8318099975586,45.14171714782715,1001,26.367387771606445,0.0001,1,a2c_opt2_seed1,1.1136127710342407,36.07756805419922,1.0448757410049438,1.1172666549682617,57.87839126586914
4483,110.17882537841797,46.90915058135986,1001,7.290922164916992,0.0001,1,a2c_opt2_seed1,-0.9426902532577515,11.763035774230957,1.024898648262024,-0.7196622490882874,34.767852783203125
4484,180.1907501220703,50.03145355224609,464,40.99797821044922,0.0001,1,a2c_opt2_seed1,-0.5976941585540771,59.423152923583984,1.064622163772583,0.09632779657840729,26.977670669555664
4484,180.1907501220703,50.03145355224609,464,18.63303565979004,0.0001,1,a2c_opt2_seed1,-1.4516968727111816,28.693214416503906,1.0344479084014893,-0.6322829127311707,37.26164627075195
4484,180.1907501220703,50.03145355224609,464,14.866703033447266,0.0001,1,a2c_opt2_seed1,0.49025142192840576,20.538522720336914,1.027248740196228,0.9096720218658447,28.93310546875
4485,-35.964500427246094,50.87823532104492,537,130.86912536621094,0.0001,1,a2c_opt2_seed1,-1.4146082401275635,188.97750854492188,1.036511778831482,-1.5934911966323853,72.84725952148438
4486,1.6010589599609375,49.242265625,309,85.61517333984375,0.0001,1,a2c_opt2_seed1,-1.1121331453323364,123.89689636230469,1.0358295440673828,-0.013685345649719238,67.5856704711914
4489,115.09708404541016,50.59765579223633,1001,7.858524322509766,0.0001,1,a2c_opt2_seed1,-0.3611336052417755,11.743104934692383,1.0301862955093384,0.04822177439928055,9.98312759399414
4489,115.09708404541016,50.59765579223633,1001,19.746158599853516,0.0001,1,a2c_opt2_seed1,1.1471835374832153,26.570722579956055,1.0652375221252441,1.3623837232589722,80.2422866821289
4490,-121.13712310791016,46.999441604614255,486,180.1396942138672,0.0001,1,a2c_opt2_seed1,-5.329729080200195,264.9570617675781,1.0331562757492065,-5.288571357727051,211.0232696533203
4490,-121.13712310791016,46.999441604614255,486,41.29559326171875,0.0001,1,a2c_opt2_seed1,0.7788281440734863,57.881805419921875,0.9900308847427368,1.6839642524719238,65.47118377685547
4490,-121.13712310791016,46.999441604614255,486,23.55027961730957,0.0001,1,a2c_opt2_seed1,-0.7510135769844055,34.716854095458984,1.0124530792236328,0.006048083305358887,65.11614227294922
4491,29.35369873046875,45.21494911193847,1001,35.17170715332031,0.0001,1,a2c_opt2_seed1,-1.0922632217407227,51.80642318725586,1.0509370565414429,-0.5954538583755493,66.84957122802734
4492,98.85348510742188,46.438376846313474,1001,12.412299156188965,0.0001,1,a2c_opt2_seed1,-0.16369974613189697,17.96643829345703,1.015622854232788,0.4463464915752411,14.16951847076416
4493,-32.81391906738281,46.74970588684082,472,116.92556762695312,0.0001,1,a2c_opt2_seed1,-2.5980334281921387,170.74876403808594,1.075595736503601,-2.296002149581909,105.22037506103516
4493,-32.81391906738281,46.74970588684082,472,37.130767822265625,0.0001,1,a2c_opt2_seed1,1.7727241516113281,50.51222610473633,1.0317736864089966,2.120849609375,73.09215545654297
4493,-32.81391906738281,46.74970588684082,472,5.490755558013916,0.0001,1,a2c_opt2_seed1,-1.2801337242126465,9.673446655273438,1.0461294651031494,-0.876602053642273,29.298999786376953
4493,-32.81391906738281,46.74970588684082,472,8.682269096374512,0.0001,1,a2c_opt2_seed1,-0.26741844415664673,12.78604507446289,1.0866773128509521,-0.10062676668167114,14.688053131103516
4493,-32.81391906738281,46.74970588684082,472,14.34096908569336,0.0001,1,a2c_opt2_seed1,-1.2720320224761963,22.305057525634766,1.0771069526672363,-1.1725605726242065,45.32267379760742
4493,-32.81391906738281,46.74970588684082,472,15.762639999389648,0.0001,1,a2c_opt2_seed1,0.9309948682785034,21.1888427734375,1.0892583131790161,0.923786997795105,39.20484924316406
4493,-32.81391906738281,46.74970588684082,472,25.91977882385254,0.0001,1,a2c_opt2_seed1,-1.5884968042373657,39.29832077026367,1.0933500528335571,-0.8318738341331482,35.96989059448242
4496,69.9311294555664,51.005262298583986,1001,55.89999771118164,0.0001,1,a2c_opt2_seed1,0.5718211531639099,79.04100036621094,1.0484907627105713,-0.12101414799690247,53.53221130371094
4497,86.69178009033203,51.006234588623045,1001,18.751998901367188,0.0001,1,a2c_opt2_seed1,1.9571938514709473,23.993316650390625,1.0317610502243042,2.119645595550537,88.27816009521484
4498,98.19754791259766,53.28580108642578,1001,22.131019592285156,0.0001,1,a2c_opt2_seed1,-0.08020997047424316,31.731050491333008,1.0097273588180542,0.2440652996301651,34.85486602783203
4498,98.19754791259766,53.28580108642578,1001,28.73349952697754,0.0001,1,a2c_opt2_seed1,0.9095305800437927,39.74924087524414,0.9994876980781555,1.3863354921340942,68.364990234375
4499,100.80503845214844,53.90102478027344,1001,14.656937599182129,0.0001,1,a2c_opt2_seed1,-0.8016622066497803,22.08443832397461,1.012855887413025,-0.5839227437973022,27.188617706298828
4500,12.582130432128906,53.408484573364255,341,120.80984497070312,0.0001,1,a2c_opt2_seed1,-0.7589614391326904,173.67044067382812,0.9946490526199341,-0.6204508543014526,65.39232635498047
4501,54.39213562011719,53.06689338684082,1001,27.72760581970215,0.0001,1,a2c_opt2_seed1,0.21448597311973572,39.30521011352539,1.0513765811920166,0.30996495485305786,21.97713851928711
4501,54.39213562011719,53.06689338684082,1001,58.099853515625,0.0001,1,a2c_opt2_seed1,2.3193185329437256,79.6872329711914,1.053122878074646,2.12229061126709,78.27013397216797
4502,83.87133026123047,55.35113426208496,1001,35.85920715332031,0.0001,1,a2c_opt2_seed1,0.6118785738945007,50.35411071777344,1.0905132293701172,1.0334014892578125,45.806331634521484
4502,83.87133026123047,55.35113426208496,1001,20.475814819335938,0.0001,1,a2c_opt2_seed1,-0.5570017695426941,30.04763412475586,1.0561788082122803,-0.09159111976623535,46.104854583740234
4502,83.87133026123047,55.35113426208496,1001,8.189797401428223,0.0001,1,a2c_opt2_seed1,4.2065978050231934e-05,11.700407028198242,1.058458685874939,0.32716017961502075,28.259281158447266
4502,83.87133026123047,55.35113426208496,1001,20.238174438476562,0.0001,1,a2c_opt2_seed1,0.21946528553962708,28.598926544189453,1.0779248476028442,0.2057574987411499,22.94953727722168
4503,-37.84278106689453,52.17348472595215,464,83.16844940185547,0.0001,1,a2c_opt2_seed1,-4.168503761291504,124.76781463623047,1.0444270372390747,-3.6820833683013916,153.0577392578125
4503,-37.84278106689453,52.17348472595215,464,9.594653129577637,0.0001,1,a2c_opt2_seed1,-0.5979586243629456,14.56161880493164,1.042834758758545,-0.16655512154102325,26.88909149169922
4503,-37.84278106689453,52.17348472595215,464,5.011381149291992,0.0001,1,a2c_opt2_seed1,-0.08408887684345245,7.279995918273926,1.0537245273590088,0.07838607579469681,12.814556121826172
4504,99.07344055175781,54.64744651794434,1001,56.51430130004883,0.0001,1,a2c_opt2_seed1,-3.209182024002075,85.32001495361328,1.0507880449295044,-2.64725661277771,105.0546875
4505,92.53370666503906,56.41752683639526,1001,28.770118713378906,0.0001,1,a2c_opt2_seed1,0.3545362949371338,40.5943603515625,0.9390063881874084,1.281964898109436,98.8448715209961
4506,73.98241424560547,54.0575929069519,1001,11.826339721679688,0.0001,1,a2c_opt2_seed1,-0.7854928970336914,18.017608642578125,0.9859005808830261,-0.5223341584205627,31.918210983276367
4507,112.06951141357422,55.65399801254272,1001,43.145530700683594,0.0001,1,a2c_opt2_seed1,-2.133126974105835,64.68448638916016,0.967309296131134,-2.359748125076294,124.01292419433594
4509,99.91377258300781,57.64596685409546,1001,73.70986938476562,0.0001,1,a2c_opt2_seed1,-2.242264986038208,108.50379180908203,1.0332735776901245,-1.6462798118591309,121.04335021972656
4509,99.91377258300781,57.64596685409546,1001,17.934375762939453,0.0001,1,a2c_opt2_seed1,0.06746941804885864,25.52488136291504,1.017795205116272,0.5095416307449341,40.57603073120117
4509,99.91377258300781,57.64596685409546,1001,9.758349418640137,0.0001,1,a2c_opt2_seed1,-0.28800731897354126,14.352691650390625,1.0527019500732422,0.02211141586303711,12.749077796936035
4510,70.589599609375,60.05363920211792,1001,24.3170223236084,0.0001,1,a2c_opt2_seed1,-0.9357599020004272,36.0761833190918,1.091590404510498,-0.829262375831604,31.066104888916016
4511,-64.42666625976562,57.30930128097534,496,109.87249755859375,0.0001,1,a2c_opt2_seed1,-4.1699347496032715,162.9185028076172,1.0419999361038208,-4.123257160186768,147.39553833007812
4511,-64.42666625976562,57.30930128097534,496,26.31806182861328,0.0001,1,a2c_opt2_seed1,1.489618182182312,35.469947814941406,1.0377330780029297,1.792330026626587,75.67636108398438
4511,-64.42666625976562,57.30930128097534,496,11.025964736938477,0.0001,1,a2c_opt2_seed1,-0.3773597478866577,16.291196823120117,1.0268735885620117,0.06385847926139832,42.06692123413086
4512,12.652236938476562,55.476717967987064,391,24.71253776550293,0.0001,1,a2c_opt2_seed1,-0.533173680305481,36.0660400390625,1.0288827419281006,-0.4504900574684143,23.849933624267578
4513,-64.8736801147461,52.911237392425534,506,75.69397735595703,0.0001,1,a2c_opt2_seed1,-2.484929084777832,111.68490600585938,1.055455207824707,-2.277740955352783,107.22962188720703
4514,50.02471923828125,52.683064708709715,1001,24.66297721862793,0.0001,1,a2c_opt2_seed1,-1.2588244676589966,37.03187942504883,1.0259181261062622,-0.5156387090682983,36.630916595458984
4515,1.709136962890625,51.497367763519286,424,79.24002075195312,0.0001,1,a2c_opt2_seed1,-1.299793004989624,115.05760192871094,1.0167760848999023,-0.5916175246238708,39.755470275878906
4515,1.709136962890625,51.497367763519286,424,19.09975814819336,0.0001,1,a2c_opt2_seed1,1.5070561170578003,25.13321304321289,1.0916203260421753,1.481642246246338,74.1804428100586
4517,53.69216537475586,51.219260387420654,1001,98.56499481201172,0.0001,1,a2c_opt2_seed1,-2.8972649574279785,144.9468536376953,1.0823249816894531,-2.6045279502868652,108.67085266113281
4518,86.23146057128906,50.472405834198,1001,41.14540481567383,0.0001,1,a2c_opt2_seed1,1.1541259288787842,57.131141662597656,1.0408257246017456,1.819348692893982,108.15107727050781
4519,75.69641876220703,48.74324613571167,1001,29.979248046875,0.0001,1,a2c_opt2_seed1,1.3006296157836914,40.97023010253906,1.0815249681472778,1.3366637229919434,57.912193298339844
4519,75.69641876220703,48.74324613571167,1001,16.677549362182617,0.0001,1,a2c_opt2_seed1,-0.15164031088352203,24.042457580566406,1.0591073036193848,0.13698247075080872,17.922014236450195
4519,75.69641876220703,48.74324613571167,1001,12.132253646850586,0.0001,1,a2c_opt2_seed1,-0.5748247504234314,18.15371322631836,1.042271375656128,-0.21186982095241547,49.43502426147461
4519,75.69641876220703,48.74324613571167,1001,21.10610580444336,0.0001,1,a2c_opt2_seed1,-0.5821565389633179,30.983991622924805,1.0606410503387451,-0.3966748118400574,34.67283248901367
4519,75.69641876220703,48.74324613571167,1001,16.381061553955078,0.0001,1,a2c_opt2_seed1,-2.017024040222168,26.283720016479492,1.0369528532028198,-1.4168386459350586,52.17377853393555
4521,-89.30381774902344,44.393376445770265,623,132.949462890625,0.0001,1,a2c_opt2_seed1,-3.6557016372680664,195.1509552001953,1.0133730173110962,-3.9378795623779297,164.26600646972656
4523,-26.38597869873047,41.81913892745972,654,140.99705505371094,0.0001,1,a2c_opt2_seed1,0.01977674663066864,201.3968048095703,0.9725804328918457,-0.5745807886123657,112.82257080078125
4524,-5.9432525634765625,40.13049528121948,594,78.09140014648438,0.0001,1,a2c_opt2_seed1,-0.954259991645813,112.923095703125,1.001189112663269,-0.964940071105957,80.64598846435547
4525,95.33910369873047,39.306770458221436,1001,15.873946189880371,0.0001,1,a2c_opt2_seed1,0.1558118462562561,22.455202102661133,1.0149952173233032,0.7688558101654053,38.756752014160156
4525,95.33910369873047,39.306770458221436,1001,17.179670333862305,0.0001,1,a2c_opt2_seed1,0.8031464219093323,23.3957576751709,1.0106289386749268,1.3472473621368408,64.07105255126953
4526,103.57206726074219,39.2379607963562,1001,22.167224884033203,0.0001,1,a2c_opt2_seed1,-0.34517794847488403,32.16131591796875,1.0320453643798828,-0.14183831214904785,29.233861923217773
4526,103.57206726074219,39.2379607963562,1001,12.744266510009766,0.0001,1,a2c_opt2_seed1,0.8982827663421631,16.923572540283203,1.0341230630874634,1.15358304977417,39.185855865478516
4526,103.57206726074219,39.2379607963562,1001,21.93173599243164,0.0001,1,a2c_opt2_seed1,0.6154027581214905,30.452634811401367,1.023018717765808,0.7868666648864746,38.32313537597656
4526,103.57206726074219,39.2379607963562,1001,22.72955894470215,0.0001,1,a2c_opt2_seed1,-0.39417994022369385,33.03464126586914,1.0192277431488037,0.2565295100212097,26.898578643798828
4526,103.57206726074219,39.2379607963562,1001,45.037811279296875,0.0001,1,a2c_opt2_seed1,2.6491808891296387,60.555931091308594,1.0418435335159302,2.8382322788238525,110.94788360595703
4526,103.57206726074219,39.2379607963562,1001,7.7529168128967285,0.0001,1,a2c_opt2_seed1,0.316069632768631,10.624813079833984,1.0436843633651733,0.4531376361846924,18.365150451660156
4527,72.7413330078125,39.02863706588745,1001,9.671157836914062,0.0001,1,a2c_opt2_seed1,-0.31361961364746094,14.264711380004883,1.0416700839996338,-0.16709046065807343,28.548084259033203
4527,72.7413330078125,39.02863706588745,1001,17.679298400878906,0.0001,1,a2c_opt2_seed1,0.03091263771057129,25.212717056274414,1.0312761068344116,0.5362223386764526,41.30799865722656
4527,72.7413330078125,39.02863706588745,1001,13.641789436340332,0.0001,1,a2c_opt2_seed1,-1.227398157119751,21.242427825927734,1.024274230003357,-0.975996732711792,44.282493591308594
4527,72.7413330078125,39.02863706588745,1001,7.440603256225586,0.0001,1,a2c_opt2_seed1,0.4519767463207245,9.98451042175293,1.06112802028656,0.536775529384613,34.34880065917969
4530,121.97258758544922,39.56847221374512,1001,140.78497314453125,0.0001,1,a2c_opt2_seed1,-2.246476650238037,204.3313751220703,1.0272809267044067,-2.78487491607666,163.01708984375
4531,90.69807434082031,39.37713233947754,1001,13.819430351257324,0.0001,1,a2c_opt2_seed1,1.2943501472473145,17.893722534179688,1.0518641471862793,1.5438921451568604,74.70042419433594
4532,89.28131103515625,39.04612236022949,1001,32.23843002319336,0.0001,1,a2c_opt2_seed1,-1.3183462619781494,47.93901443481445,1.0631752014160156,-1.202122688293457,63.758052825927734
4533,106.22752380371094,38.96709632873535,1001,23.113733291625977,0.0001,1,a2c_opt2_seed1,0.6371831893920898,32.110084533691406,1.0175209045410156,1.056236982345581,45.88330841064453
4533,106.22752380371094,38.96709632873535,1001,25.04532814025879,0.0001,1,a2c_opt2_seed1,1.1250369548797607,34.17255783081055,0.9944787621498108,1.8218252658843994,79.48253631591797
4534,84.56196594238281,37.0545206451416,1001,16.199953079223633,0.0001,1,a2c_opt2_seed1,-0.8543455600738525,24.3640193939209,1.0281968116760254,-0.8931269645690918,39.103271484375
4534,84.56196594238281,37.0545206451416,1001,10.739660263061523,0.0001,1,a2c_opt2_seed1,0.18491145968437195,15.078949928283691,1.032731533050537,0.5450460910797119,28.59626579284668
4534,84.56196594238281,37.0545206451416,1001,15.115406036376953,0.0001,1,a2c_opt2_seed1,-2.0434632301330566,24.513391494750977,1.0105409622192383,-1.3906033039093018,54.55979537963867
4535,-54.15579605102539,36.69069473266602,482,88.9347152709961,0.0001,1,a2c_opt2_seed1,-5.335268497467041,134.67213439941406,1.0198092460632324,-4.490784645080566,162.39071655273438
4535,-54.15579605102539,36.69069473266602,482,33.10297775268555,0.0001,1,a2c_opt2_seed1,0.9194302558898926,45.97719955444336,0.9828722476959229,1.4307172298431396,55.94455337524414
4535,-54.15579605102539,36.69069473266602,482,33.421058654785156,0.0001,1,a2c_opt2_seed1,0.49787771701812744,47.033809661865234,0.9795966148376465,0.6674818992614746,50.65501022338867
4539,82.4774398803711,30.740022430419923,1001,156.58602905273438,0.0001,1,a2c_opt2_seed1,-2.204501152038574,226.8442840576172,0.9583880305290222,-3.0617311000823975,167.02587890625
4539,82.4774398803711,30.740022430419923,1001,37.20969009399414,0.0001,1,a2c_opt2_seed1,1.9345974922180176,50.39372634887695,1.026293396949768,2.2613534927368164,118.10576629638672
4539,82.4774398803711,30.740022430419923,1001,9.668269157409668,0.0001,1,a2c_opt2_seed1,-1.7561911344528198,16.32143211364746,1.0826570987701416,-1.5209769010543823,66.28825378417969
4539,82.4774398803711,30.740022430419923,1001,8.167365074157715,0.0001,1,a2c_opt2_seed1,-1.2264955043792725,13.420568466186523,1.0731977224349976,-1.1908622980117798,62.287235260009766
4539,82.4774398803711,30.740022430419923,1001,8.677569389343262,0.0001,1,a2c_opt2_seed1,-2.219142436981201,15.567469596862793,1.0320597887039185,-2.0628159046173096,83.90986633300781
4540,106.8386459350586,35.29953781127929,1001,13.111930847167969,0.0001,1,a2c_opt2_seed1,-0.9687031507492065,20.115894317626953,0.9838078022003174,-0.6530435085296631,36.34368133544922
4543,-87.2931137084961,35.34667709350586,601,117.51828002929688,0.0001,1,a2c_opt2_seed1,-4.956075668334961,174.96408081054688,0.9966435432434082,-4.152708530426025,150.32513427734375
4544,3.2995986938476562,35.9451171875,473,75.33197784423828,0.0001,1,a2c_opt2_seed1,-2.5415642261505127,111.2486572265625,1.0379884243011475,-2.8253560066223145,123.57368469238281
4544,3.2995986938476562,35.9451171875,473,39.50475311279297,0.0001,1,a2c_opt2_seed1,0.8895601034164429,55.16526412963867,0.9814161658287048,1.650525450706482,82.73048400878906
4544,3.2995986938476562,35.9451171875,473,17.908971786499023,0.0001,1,a2c_opt2_seed1,0.2751365303993225,25.191940307617188,1.0439101457595825,0.45302584767341614,29.06551742553711
4544,3.2995986938476562,35.9451171875,473,20.789306640625,0.0001,1,a2c_opt2_seed1,-2.6680078506469727,33.51121139526367,1.0678426027297974,-2.200500726699829,90.9330825805664
4544,3.2995986938476562,35.9451171875,473,23.25642204284668,0.0001,1,a2c_opt2_seed1,-1.738770842552185,35.708194732666016,1.081710934638977,-1.3193954229354858,62.64386749267578
4544,3.2995986938476562,35.9451171875,473,20.890121459960938,0.0001,1,a2c_opt2_seed1,-2.5322813987731934,33.461299896240234,1.0093063116073608,-1.707781195640564,64.49406433105469
4544,3.2995986938476562,35.9451171875,473,43.69182586669922,0.0001,1,a2c_opt2_seed1,1.0452277660369873,60.924476623535156,1.0717724561691284,1.497497320175171,69.2339859008789
4544,3.2995986938476562,35.9451171875,473,10.197694778442383,0.0001,1,a2c_opt2_seed1,-1.488937497138977,16.69598960876465,1.1219050884246826,-1.1891117095947266,43.36728286743164
4545,86.60330200195312,35.45659057617188,1001,14.718338012695312,0.0001,1,a2c_opt2_seed1,-0.8226205110549927,22.2021484375,1.0914998054504395,-0.6834539771080017,28.496021270751953
4548,-5.593908309936523,30.835423240661623,1001,91.3685302734375,0.0001,1,a2c_opt2_seed1,-1.9489426612854004,133.31141662597656,1.0405504703521729,-2.0759236812591553,134.1485137939453
4548,-5.593908309936523,30.835423240661623,1001,71.14641571044922,0.0001,1,a2c_opt2_seed1,5.30661678314209,94.05757141113281,1.0029243230819702,5.538576602935791,233.0932159423828
4548,-5.593908309936523,30.835423240661623,1001,7.6720170974731445,0.0001,1,a2c_opt2_seed1,-1.0566034317016602,12.47022819519043,1.0777695178985596,-0.8557679653167725,40.65167999267578
4548,-5.593908309936523,30.835423240661623,1001,13.880659103393555,0.0001,1,a2c_opt2_seed1,-0.19304141402244568,20.106033325195312,1.0451111793518066,0.039261698722839355,39.01680374145508
4548,-5.593908309936523,30.835423240661623,1001,7.193871021270752,0.0001,1,a2c_opt2_seed1,0.1591566503047943,10.050346374511719,1.0564312934875488,0.35548460483551025,17.981056213378906
4550,50.348907470703125,30.58030879974365,1001,15.292023658752441,0.0001,1,a2c_opt2_seed1,-1.446300983428955,23.912628173828125,1.0314946174621582,-1.1053688526153564,54.9439811706543
4552,-4.3423614501953125,28.818200950622558,1001,21.56498146057129,0.0001,1,a2c_opt2_seed1,0.26176661252975464,30.433908462524414,1.0413119792938232,0.7909281253814697,33.16434097290039
4552,-4.3423614501953125,28.818200950622558,1001,23.98982810974121,0.0001,1,a2c_opt2_seed1,-0.8746882677078247,35.521453857421875,0.9995275735855103,-0.2784992456436157,31.187292098999023
4552,-4.3423614501953125,28.818200950622558,1001,61.48683166503906,0.0001,1,a2c_opt2_seed1,0.9547638893127441,86.47508239746094,0.9850073456764221,1.5985772609710693,85.15248107910156
4552,-4.3423614501953125,28.818200950622558,1001,29.330249786376953,0.0001,1,a2c_opt2_seed1,0.2538291811943054,41.538475036621094,1.0254379510879517,0.8302211165428162,59.57714080810547
4553,-85.47684478759766,27.865519676208496,677,140.526611328125,0.0001,1,a2c_opt2_seed1,-1.710057258605957,203.19598388671875,1.0302287340164185,-1.2534642219543457,83.51771545410156
4553,-85.47684478759766,27.865519676208496,677,41.09394836425781,0.0001,1,a2c_opt2_seed1,1.3574233055114746,56.767242431640625,1.080145239830017,1.3276838064193726,67.73621368408203
4554,-5.712409973144531,25.76980266571045,397,70.49407196044922,0.0001,1,a2c_opt2_seed1,-0.7334822416305542,101.75435638427734,0.988908052444458,-0.9540697336196899,70.92782592773438
4554,-5.712409973144531,25.76980266571045,397,35.2249755859375,0.0001,1,a2c_opt2_seed1,1.347593069076538,48.396995544433594,1.0244083404541016,1.9463781118392944,81.27483367919922
4554,-5.712409973144531,25.76980266571045,397,18.058116912841797,0.0001,1,a2c_opt2_seed1,-0.9016773700714111,27.086177825927734,1.057186484336853,-0.2710402309894562,39.060935974121094
4556,21.929534912109375,24.77543087005615,1001,15.295263290405273,0.0001,1,a2c_opt2_seed1,0.7772185206413269,20.74081802368164,1.0566879510879517,0.8385868072509766,32.26091003417969
4557,118.58686065673828,24.905777854919435,1001,24.494680404663086,0.0001,1,a2c_opt2_seed1,1.4061119556427002,32.98439025878906,1.0111184120178223,1.6806890964508057,101.6209716796875
4558,-4.108367919921875,27.784269676208496,343,104.17236328125,0.0001,1,a2c_opt2_seed1,-2.688678741455078,152.6593475341797,1.0058737993240356,-2.104846954345703,122.70967864990234
4559,6.592796325683594,25.917850151062012,476,73.89359283447266,0.0001,1,a2c_opt2_seed1,-1.4221354722976685,107.5945816040039,0.9600324630737305,-0.8703672885894775,80.19429779052734
4559,6.592796325683594,25.917850151062012,476,37.32289123535156,0.0001,1,a2c_opt2_seed1,-0.10895392298698425,53.47479248046875,1.0154664516448975,0.444263756275177,41.16646194458008
4560,104.68585968017578,26.599775352478026,1001,13.333606719970703,0.0001,1,a2c_opt2_seed1,-1.119555950164795,20.648090362548828,0.9991328120231628,-0.6972934007644653,32.20872116088867
4560,104.68585968017578,26.599775352478026,1001,11.287032127380371,0.0001,1,a2c_opt2_seed1,-0.5471552610397339,16.90668487548828,0.9843298196792603,0.02124708890914917,16.83155059814453
4562,136.08534240722656,30.76253631591797,1001,68.33641815185547,0.0001,1,a2c_opt2_seed1,2.3161323070526123,94.3154296875,1.0227292776107788,2.9681906700134277,130.37203979492188
4562,136.08534240722656,30.76253631591797,1001,20.266876220703125,0.0001,1,a2c_opt2_seed1,1.0969855785369873,27.386287689208984,1.0186424255371094,1.7688599824905396,87.84829711914062
4562,136.08534240722656,30.76253631591797,1001,17.247865676879883,0.0001,1,a2c_opt2_seed1,-0.7563154697418213,25.720991134643555,1.0273096561431885,-0.17200854420661926,19.88229751586914
4562,136.08534240722656,30.76253631591797,1001,11.510769844055176,0.0001,1,a2c_opt2_seed1,-0.9891886115074158,17.857820510864258,1.0322155952453613,-0.8838698863983154,49.423683166503906
4562,136.08534240722656,30.76253631591797,1001,25.846214294433594,0.0001,1,a2c_opt2_seed1,0.6650737524032593,35.97378158569336,1.0114850997924805,0.9394052028656006,35.755287170410156
4562,136.08534240722656,30.76253631591797,1001,15.548868179321289,0.0001,1,a2c_opt2_seed1,-0.7512543201446533,23.28664207458496,1.0552154779434204,-0.4343844950199127,41.41597366333008
4562,136.08534240722656,30.76253631591797,1001,21.954055786132812,0.0001,1,a2c_opt2_seed1,1.0422461032867432,29.87474250793457,1.0173845291137695,1.1290972232818604,46.37646484375
4562,136.08534240722656,30.76253631591797,1001,6.198833465576172,0.0001,1,a2c_opt2_seed1,0.6894886493682861,7.871229648590088,1.0321664810180664,0.8046528100967407,32.656898498535156
4562,136.08534240722656,30.76253631591797,1001,24.679611206054688,0.0001,1,a2c_opt2_seed1,0.9143349528312683,33.951141357421875,1.0457215309143066,1.1907398700714111,43.78178405761719
4565,113.70939636230469,37.74308486938477,1001,12.692388534545898,0.0001,1,a2c_opt2_seed1,0.6732156276702881,17.170963287353516,1.0030041933059692,0.7365038990974426,29.143779754638672
4565,113.70939636230469,37.74308486938477,1001,23.080421447753906,0.0001,1,a2c_opt2_seed1,0.6186074018478394,32.089012145996094,0.9889777302742004,1.11104416847229,72.78817749023438
4567,71.1484375,39.29378761291504,1001,13.265474319458008,0.0001,1,a2c_opt2_seed1,-1.5016242265701294,21.096540451049805,0.9584746360778809,-1.131034016609192,63.836116790771484
4567,71.1484375,39.29378761291504,1001,17.009252548217773,0.0001,1,a2c_opt2_seed1,1.0810738801956177,22.755220413208008,0.9496279358863831,1.5776346921920776,55.42549514770508
4567,71.1484375,39.29378761291504,1001,8.915247917175293,0.0001,1,a2c_opt2_seed1,-1.0470532178878784,14.232585906982422,1.0166716575622559,-0.7679091691970825,34.88352584838867
4568,115.21980285644531,39.873554458618166,1001,9.41950511932373,0.0001,1,a2c_opt2_seed1,-1.7742063999176025,15.991720199584961,0.9855771660804749,-1.3072980642318726,47.650569915771484
4571,-50.16282272338867,41.38429718017578,435,113.15758514404297,0.0001,1,a2c_opt2_seed1,-3.190756320953369,166.21263122558594,0.9962546825408936,-2.7110092639923096,110.95452117919922
4571,-50.16282272338867,41.38429718017578,435,48.30804443359375,0.0001,1,a2c_opt2_seed1,1.6019775867462158,66.72369384765625,1.0358778238296509,2.5420894622802734,144.82322692871094
4572,-17.389068603515625,41.77319869995117,486,79.18765258789062,0.0001,1,a2c_opt2_seed1,-1.9655969142913818,115.9339370727539,1.0140455961227417,-1.3083724975585938,78.22625732421875
4573,-37.92372512817383,41.54244377136231,440,32.41438674926758,0.0001,1,a2c_opt2_seed1,-0.2808002829551697,46.7081298828125,1.0044076442718506,0.06857690215110779,28.13123893737793
4573,-37.92372512817383,41.54244377136231,440,10.633475303649902,0.0001,1,a2c_opt2_seed1,-0.26165443658828735,15.565200805664062,1.0196740627288818,0.24712663888931274,15.955826759338379
4573,-37.92372512817383,41.54244377136231,440,10.28150463104248,0.0001,1,a2c_opt2_seed1,-1.733043909072876,17.164403915405273,1.0676782131195068,-1.2273108959197998,43.90106201171875
4573,-37.92372512817383,41.54244377136231,440,20.276775360107422,0.0001,1,a2c_opt2_seed1,-0.7963156700134277,30.10515594482422,1.0356847047805786,-0.30446967482566833,33.461151123046875
4573,-37.92372512817383,41.54244377136231,440,36.38862609863281,0.0001,1,a2c_opt2_seed1,-2.7917428016662598,55.97272872924805,1.072936773300171,-1.8828729391098022,70.39962005615234
4573,-37.92372512817383,41.54244377136231,440,78.32801055908203,0.0001,1,a2c_opt2_seed1,2.34088397026062,108.55376434326172,1.0044262409210205,3.564903736114502,124.44693756103516
4575,114.06312561035156,41.02745742797852,1001,90.92073059082031,0.0001,1,a2c_opt2_seed1,-0.9847094416618347,131.29420471191406,1.0055867433547974,-1.3972691297531128,78.03575897216797
4575,114.06312561035156,41.02745742797852,1001,5.871381759643555,0.0001,1,a2c_opt2_seed1,0.2780252695083618,7.991217136383057,0.9911298155784607,0.5666787028312683,33.13786315917969
4576,165.7481689453125,42.270979461669924,757,112.14708709716797,0.0001,1,a2c_opt2_seed1,1.281526803970337,158.38011169433594,1.0237417221069336,2.5701425075531006,131.38467407226562
4577,41.12677764892578,41.63868835449219,1001,9.412299156188965,0.0001,1,a2c_opt2_seed1,-0.02083073928952217,13.476634979248047,1.028082013130188,-0.02375108376145363,19.315040588378906
4577,41.12677764892578,41.63868835449219,1001,64.13458251953125,0.0001,1,a2c_opt2_seed1,0.02157203108072281,91.59076690673828,1.037969708442688,1.2085951566696167,100.63264465332031
4577,41.12677764892578,41.63868835449219,1001,11.257530212402344,0.0001,1,a2c_opt2_seed1,-0.36994504928588867,16.611434936523438,1.0575546026229858,-0.0881451964378357,14.81114387512207
4577,41.12677764892578,41.63868835449219,1001,4.932173252105713,0.0001,1,a2c_opt2_seed1,-0.7987409234046936,8.18777084350586,1.0505225658416748,-0.5340798497200012,23.088207244873047
4580,84.6561050415039,46.98519317626953,1001,13.194657325744629,0.0001,1,a2c_opt2_seed1,-0.3625449538230896,19.368181228637695,1.0488369464874268,0.12875854969024658,30.96161460876465
4580,84.6561050415039,46.98519317626953,1001,48.7212028503418,0.0001,1,a2c_opt2_seed1,2.2993125915527344,66.31769561767578,0.9942445755004883,2.9296586513519287,143.42425537109375
4581,112.4029312133789,47.4192903137207,1001,42.9134407043457,0.0001,1,a2c_opt2_seed1,0.8414942026138306,60.103492736816406,0.9981213808059692,1.6460998058319092,61.99292755126953
4581,112.4029312133789,47.4192903137207,1001,24.79975700378418,0.0001,1,a2c_opt2_seed1,1.6970568895339966,33.00457000732422,0.999538779258728,2.0033648014068604,79.22809600830078
4581,112.4029312133789,47.4192903137207,1001,4.708763122558594,0.0001,1,a2c_opt2_seed1,-0.1215692013502121,6.901197910308838,1.0128381252288818,0.04926284775137901,7.952966690063477
4581,112.4029312133789,47.4192903137207,1001,7.91884708404541,0.0001,1,a2c_opt2_seed1,-0.8327661752700806,12.503011703491211,0.989346444606781,-0.30055147409439087,37.12164306640625
4581,112.4029312133789,47.4192903137207,1001,14.4660062789917,0.0001,1,a2c_opt2_seed1,-1.760116457939148,23.180904388427734,1.0198577642440796,-1.3725476264953613,47.948001861572266
4581,112.4029312133789,47.4192903137207,1001,23.436199188232422,0.0001,1,a2c_opt2_seed1,-0.3628162741661072,33.999298095703125,0.9887794852256775,-0.2593376636505127,25.358938217163086
4581,112.4029312133789,47.4192903137207,1001,22.10179901123047,0.0001,1,a2c_opt2_seed1,-0.5460814237594604,32.354820251464844,0.9894782304763794,-0.5248042345046997,27.86443519592285
4583,69.35774230957031,45.81356483459473,1001,25.668018341064453,0.0001,1,a2c_opt2_seed1,1.7487170696258545,34.171142578125,0.9960460662841797,2.2780020236968994,83.66020202636719
4584,84.4056167602539,45.81043785095215,1001,35.15754318237305,0.0001,1,a2c_opt2_seed1,2.415989398956299,46.77434539794922,0.9780409336090088,2.813868761062622,157.32867431640625
4584,84.4056167602539,45.81043785095215,1001,18.069232940673828,0.0001,1,a2c_opt2_seed1,-0.5203656554222107,26.557262420654297,0.970920979976654,-0.1250341683626175,30.09222412109375
4585,107.13541412353516,49.03626205444336,1001,8.46854019165039,0.0001,1,a2c_opt2_seed1,0.7214537858963013,11.067970275878906,0.9853392839431763,0.8448843359947205,39.439544677734375
4586,172.64968872070312,52.21449447631836,821,90.0195541381836,0.0001,1,a2c_opt2_seed1,-0.9794855117797852,129.99937438964844,1.0365136861801147,0.20624355971813202,84.75113677978516
4586,172.64968872070312,52.21449447631836,821,19.334936141967773,0.0001,1,a2c_opt2_seed1,0.8127828240394592,26.4609432220459,1.0127569437026978,1.2181141376495361,67.01851654052734
4587,107.83030700683594,56.504336547851565,1001,14.151947975158691,0.0001,1,a2c_opt2_seed1,-2.0735344886779785,23.179996490478516,1.0325487852096558,-1.770838975906372,69.34427642822266
4588,85.74223327636719,57.982159271240235,1001,28.936779022216797,0.0001,1,a2c_opt2_seed1,0.8148919343948364,40.17487335205078,1.0488280057907104,1.070980191230774,43.02154541015625
4588,85.74223327636719,57.982159271240235,1001,39.411346435546875,0.0001,1,a2c_opt2_seed1,-0.5700625777244568,57.117008209228516,1.001786231994629,0.17460983991622925,28.462303161621094
4589,87.45441436767578,58.08169876098633,1001,10.89632511138916,0.0001,1,a2c_opt2_seed1,-0.5054023861885071,16.288951873779297,1.0770549774169922,-0.29989704489707947,21.01781463623047
4590,-9.191390991210938,55.761098022460935,426,171.11672973632812,0.0001,1,a2c_opt2_seed1,0.02593827247619629,244.4161834716797,1.0611653327941895,0.009570658206939697,90.96439361572266
4590,-9.191390991210938,55.761098022460935,426,12.485091209411621,0.0001,1,a2c_opt2_seed1,0.06604333221912384,17.74224281311035,1.043436884880066,0.3167405128479004,30.509103775024414
4590,-9.191390991210938,55.761098022460935,426,6.538328647613525,0.0001,1,a2c_opt2_seed1,-0.10926483571529388,9.49732494354248,1.068461537361145,0.04692694544792175,9.793110847473145
4590,-9.191390991210938,55.761098022460935,426,5.934803485870361,0.0001,1,a2c_opt2_seed1,0.06290356814861298,8.389176368713379,1.0465489625930786,0.21005524694919586,19.436588287353516
4590,-9.191390991210938,55.761098022460935,426,6.531418323516846,0.0001,1,a2c_opt2_seed1,-1.7044471502304077,11.766279220581055,1.0587387084960938,-1.4342745542526245,49.36484146118164
4590,-9.191390991210938,55.761098022460935,426,6.43368673324585,0.0001,1,a2c_opt2_seed1,-0.2965804636478424,9.61544418334961,1.087111473083496,-0.3628782629966736,18.203289031982422
4592,93.46785736083984,55.67564605712891,1001,33.02133560180664,0.0001,1,a2c_opt2_seed1,1.4893959760665894,45.046363830566406,1.0319737195968628,1.8324077129364014,58.33910369873047
4593,119.27243041992188,59.806956939697265,1001,11.653326034545898,0.0001,1,a2c_opt2_seed1,-1.0363121032714844,18.12879180908203,1.0321540832519531,-0.716914713382721,33.602012634277344
4594,82.91124725341797,61.39918991088867,1001,28.059572219848633,0.0001,1,a2c_opt2_seed1,0.7164205312728882,39.062347412109375,0.985008716583252,1.5627402067184448,70.23590850830078
4594,82.91124725341797,61.39918991088867,1001,19.716440200805664,0.0001,1,a2c_opt2_seed1,0.5426996350288391,27.391752243041992,0.9740744829177856,0.9619710445404053,49.49028396606445
4594,82.91124725341797,61.39918991088867,1001,7.511254787445068,0.0001,1,a2c_opt2_seed1,-0.5311763882637024,11.489901542663574,0.9984704256057739,-0.3030794858932495,17.42425537109375
4594,82.91124725341797,61.39918991088867,1001,5.83755350112915,0.0001,1,a2c_opt2_seed1,-0.25104495882987976,8.69873332977295,1.0303168296813965,-0.04485146701335907,9.932717323303223
4597,79.9312973022461,62.94259147644043,1001,97.92573547363281,0.0001,1,a2c_opt2_seed1,-2.982593059539795,144.1554718017578,1.002685546875,-2.789252519607544,122.62488555908203
4597,79.9312973022461,62.94259147644043,1001,28.42428970336914,0.0001,1,a2c_opt2_seed1,1.5118207931518555,38.44710922241211,1.016260027885437,1.9488035440444946,100.32554626464844
4599,47.90584945678711,61.962044868469235,1001,77.31732177734375,0.0001,1,a2c_opt2_seed1,-2.5298616886138916,114.0680923461914,0.9615452289581299,-2.461594820022583,117.10166931152344
4599,47.90584945678711,61.962044868469235,1001,21.68656349182129,0.0001,1,a2c_opt2_seed1,0.8768049478530884,29.728933334350586,0.9889990091323853,1.6031200885772705,79.13841247558594
4600,101.87464141845703,62.992559547424314,1001,22.057363510131836,0.0001,1,a2c_opt2_seed1,-1.2255274057388306,33.261993408203125,1.0125291347503662,-0.7790324687957764,53.07410430908203
4600,101.87464141845703,62.992559547424314,1001,27.015695571899414,0.0001,1,a2c_opt2_seed1,0.9005167484283447,37.30813217163086,1.02462637424469,1.2047724723815918,55.248085021972656
4600,101.87464141845703,62.992559547424314,1001,6.757267951965332,0.0001,1,a2c_opt2_seed1,-0.4909711480140686,10.355358123779297,1.0231705904006958,-0.2767469882965088,15.231391906738281
4600,101.87464141845703,62.992559547424314,1001,15.088386535644531,0.0001,1,a2c_opt2_seed1,-1.1609853506088257,23.21413803100586,1.0504860877990723,-0.6300266981124878,35.561607360839844
4600,101.87464141845703,62.992559547424314,1001,14.874683380126953,0.0001,1,a2c_opt2_seed1,-0.522392213344574,21.996543884277344,1.0085301399230957,-0.26200759410858154,50.70294952392578
4600,101.87464141845703,62.992559547424314,1001,26.431568145751953,0.0001,1,a2c_opt2_seed1,1.7131364345550537,35.31277084350586,1.0162783861160278,1.7888588905334473,60.79568099975586
4600,101.87464141845703,62.992559547424314,1001,17.471343994140625,0.0001,1,a2c_opt2_seed1,-1.8820172548294067,27.64838409423828,1.0163766145706177,-1.33648681640625,89.5218505859375
4601,107.06531524658203,64.0438571548462,1001,18.3914794921875,0.0001,1,a2c_opt2_seed1,0.569358766078949,25.460901260375977,1.0171934366226196,0.8626628518104553,31.981441497802734
4602,80.826171875,65.7472278213501,1001,5.557286739349365,0.0001,1,a2c_opt2_seed1,0.06654579192399979,7.844633102416992,1.0045727491378784,0.13800734281539917,13.468177795410156
4602,80.826171875,65.7472278213501,1001,6.264994144439697,0.0001,1,a2c_opt2_seed1,0.04239724203944206,8.890144348144531,1.008323073387146,0.3229915499687195,33.81380081176758
4602,80.826171875,65.7472278213501,1001,7.601523399353027,0.0001,1,a2c_opt2_seed1,-0.36516886949539185,11.381714820861816,1.0152201652526855,-0.15099170804023743,28.18562889099121
4602,80.826171875,65.7472278213501,1001,2.5190937519073486,0.0001,1,a2c_opt2_seed1,-0.5568277835845947,4.394903182983398,1.0213311910629272,-0.4745934009552002,22.626689910888672
4605,65.97673034667969,70.86963214874268,1001,15.180331230163574,0.0001,1,a2c_opt2_seed1,-0.10464470088481903,21.836416244506836,1.0295900106430054,-0.056553855538368225,12.509998321533203
4606,94.40412902832031,72.31912403106689,1001,15.57096004486084,0.0001,1,a2c_opt2_seed1,1.0994991064071655,20.67426300048828,1.0456817150115967,1.2029039859771729,55.66714859008789
4607,76.26454162597656,71.47267765045166,1001,12.143318176269531,0.0001,1,a2c_opt2_seed1,-1.4941686391830444,19.48285675048828,1.02622652053833,-1.0559544563293457,53.750064849853516
4607,76.26454162597656,71.47267765045166,1001,11.504119873046875,0.0001,1,a2c_opt2_seed1,1.1197013854980469,14.835624694824219,1.0369398593902588,1.3822451829910278,55.73988342285156
4608,107.47947692871094,73.70443454742431,1001,16.221786499023438,0.0001,1,a2c_opt2_seed1,-0.28794384002685547,23.586034774780273,0.9842975735664368,0.05363357812166214,23.558561325073242
4608,107.47947692871094,73.70443454742431,1001,16.741392135620117,0.0001,1,a2c_opt2_seed1,-0.14225468039512634,24.120222091674805,1.020270586013794,0.1814131736755371,38.48183822631836
4609,16.821510314941406,73.90900882720948,304,84.5829086303711,0.0001,1,a2c_opt2_seed1,-3.962106704711914,126.49359130859375,0.9917972087860107,-3.489118814468384,137.18238830566406
4609,16.821510314941406,73.90900882720948,304,33.77495574951172,0.0001,1,a2c_opt2_seed1,2.958714485168457,44.023948669433594,1.04300057888031,2.883418560028076,118.14701080322266
4609,16.821510314941406,73.90900882720948,304,6.469616413116455,0.0001,1,a2c_opt2_seed1,0.5461700558662415,8.462808609008789,1.0394465923309326,0.6124294996261597,28.020355224609375
4609,16.821510314941406,73.90900882720948,304,7.38265323638916,0.0001,1,a2c_opt2_seed1,-0.9597294926643372,11.918431282043457,1.0383994579315186,-0.8646764755249023,36.13591003417969
4610,62.05533981323242,73.05639842987061,1001,17.640811920166016,0.0001,1,a2c_opt2_seed1,0.5655872225761414,24.393918991088867,1.035698652267456,0.6007922887802124,36.71428680419922
4610,62.05533981323242,73.05639842987061,1001,13.225813865661621,0.0001,1,a2c_opt2_seed1,1.1759471893310547,17.21484375,1.0472447872161865,1.2439690828323364,52.72054672241211
4611,101.93474578857422,74.68952781677245,1001,7.24157190322876,0.0001,1,a2c_opt2_seed1,-0.5360938906669617,11.111695289611816,1.0427863597869873,-0.3128221929073334,16.924131393432617
4611,101.93474578857422,74.68952781677245,1001,5.560863494873047,0.0001,1,a2c_opt2_seed1,-0.7289743423461914,8.986236572265625,1.0561535358428955,-0.6660393476486206,29.142057418823242
4611,101.93474578857422,74.68952781677245,1001,44.530765533447266,0.0001,1,a2c_opt2_seed1,-0.24586065113544464,63.96733093261719,1.004683017730713,0.33327531814575195,44.122642517089844
4613,105.74832916259766,73.96743049621583,1001,8.347061157226562,0.0001,1,a2c_opt2_seed1,0.5077878832817078,11.199675559997559,0.9992449283599854,0.7314969897270203,26.660263061523438
4615,12.362113952636719,71.55675636291504,307,113.90567016601562,0.0001,1,a2c_opt2_seed1,-1.767694354057312,165.24832153320312,0.9171134829521179,-1.1155606508255005,122.6588134765625
4615,12.362113952636719,71.55675636291504,307,31.575281143188477,0.0001,1,a2c_opt2_seed1,1.8468044996261597,42.46990966796875,0.9190641045570374,2.4027655124664307,126.08674621582031
4616,99.27191925048828,72.58766090393067,1001,44.84303283691406,0.0001,1,a2c_opt2_seed1,1.0777385234832764,62.52253341674805,0.9636907577514648,1.384636402130127,57.95705795288086
4618,110.56046295166016,71.68241874694824,1001,93.38587951660156,0.0001,1,a2c_opt2_seed1,-1.9473932981491089,136.19107055664062,0.9384495615959167,-2.6204917430877686,117.46038818359375
4618,110.56046295166016,71.68241874694824,1001,18.576942443847656,0.0001,1,a2c_opt2_seed1,-0.5646038055419922,27.345766067504883,0.9795107841491699,0.03239238262176514,34.825355529785156
4619,-18.509384155273438,69.47015144348144,342,103.52239990234375,0.0001,1,a2c_opt2_seed1,-1.4749271869659424,149.99688720703125,0.9713996648788452,-1.6561579704284668,104.47749328613281
4621,-31.85992431640625,70.62896667480469,454,147.80978393554688,0.0001,1,a2c_opt2_seed1,-5.34617280960083,218.79495239257812,0.9951255917549133,-6.211791038513184,267.03125
4621,-31.85992431640625,70.62896667480469,454,15.777130126953125,0.0001,1,a2c_opt2_seed1,-1.9737848043441772,25.35919952392578,1.0502691268920898,-1.6711663007736206,76.7305679321289
4621,-31.85992431640625,70.62896667480469,454,28.798912048339844,0.0001,1,a2c_opt2_seed1,1.295072078704834,39.29191589355469,1.0019328594207764,1.9725435972213745,73.80719757080078
4621,-31.85992431640625,70.62896667480469,454,6.533696174621582,0.0001,1,a2c_opt2_seed1,-1.4049432277679443,11.341680526733398,1.0737477540969849,-1.1044881343841553,51.070465087890625
4622,132.66256713867188,73.62999938964843,1001,9.468107223510742,0.0001,1,a2c_opt2_seed1,-2.3229527473449707,16.845117568969727,1.0460790395736694,-2.1532187461853027,79.46602630615234
4622,132.66256713867188,73.62999938964843,1001,48.90641403198242,0.0001,1,a2c_opt2_seed1,-3.206730365753174,74.44808959960938,1.0411649942398071,-2.031554937362671,90.94010925292969
4624,-55.810264587402344,73.50851760864258,475,232.3287811279297,0.0001,1,a2c_opt2_seed1,-5.129184246063232,339.22637939453125,1.0094237327575684,-4.938060760498047,194.67538452148438
4625,-79.1594009399414,69.64406707763672,602,63.74513244628906,0.0001,1,a2c_opt2_seed1,0.17388975620269775,90.81672668457031,0.9297414422035217,-0.4378831386566162,43.153175354003906
4625,-79.1594009399414,69.64406707763672,602,36.409976959228516,0.0001,1,a2c_opt2_seed1,-0.8658908009529114,53.25193405151367,0.9651414155960083,0.1251406967639923,33.27528762817383
4625,-79.1594009399414,69.64406707763672,602,23.052438735961914,0.0001,1,a2c_opt2_seed1,-0.3227582275867462,33.39384078979492,0.9856335520744324,0.07367542386054993,40.243621826171875
4626,112.40924072265625,68.57728851318359,1001,9.279659271240234,0.0001,1,a2c_opt2_seed1,-0.522382915019989,14.003586769104004,0.9359792470932007,-0.19236572086811066,16.19120979309082
4627,-12.148045539855957,67.51179204940796,1001,38.61112976074219,0.0001,1,a2c_opt2_seed1,0.3413026034832001,54.67188262939453,0.9802736043930054,0.8629462122917175,59.775306701660156
4627,-12.148045539855957,67.51179204940796,1001,44.51032257080078,0.0001,1,a2c_opt2_seed1,1.4198286533355713,61.558563232421875,0.9970686435699463,1.6914050579071045,77.15654754638672
4628,-32.00243377685547,64.5791513633728,419,85.63684844970703,0.0001,1,a2c_opt2_seed1,-2.3672192096710205,125.72077178955078,0.9469385147094727,-1.9669362306594849,87.84602355957031
4628,-32.00243377685547,64.5791513633728,419,20.31031608581543,0.0001,1,a2c_opt2_seed1,0.8626970648765564,27.78297233581543,0.923065185546875,1.3555831909179688,67.17301177978516
4629,109.58892822265625,64.65596227645874,1001,5.563427925109863,0.0001,1,a2c_opt2_seed1,0.14951583743095398,7.734822750091553,0.9265456199645996,0.39844369888305664,24.326364517211914
4630,59.63473129272461,64.15553480148316,1001,12.655105590820312,0.0001,1,a2c_opt2_seed1,-0.9909225702285767,19.494979858398438,0.9128630757331848,-0.5133883357048035,27.389881134033203
4630,59.63473129272461,64.15553480148316,1001,41.47632598876953,0.0001,1,a2c_opt2_seed1,0.21686303615570068,58.94272232055664,0.8873139023780823,1.1215038299560547,58.856441497802734
4630,59.63473129272461,64.15553480148316,1001,12.390028953552246,0.0001,1,a2c_opt2_seed1,-0.2882099449634552,18.112442016601562,0.9409376382827759,-0.19413602352142334,16.962360382080078
4630,59.63473129272461,64.15553480148316,1001,6.480593681335449,0.0001,1,a2c_opt2_seed1,-0.9668725728988647,10.639921188354492,0.9568661451339722,-0.5330444574356079,26.788122177124023
4631,137.06387329101562,64.64875364303589,1001,12.184649467468262,0.0001,1,a2c_opt2_seed1,-1.0715879201889038,18.938125610351562,0.9023324847221375,-0.6689453721046448,39.17420196533203
4632,46.58237075805664,64.66310468673706,1001,24.491912841796875,0.0001,1,a2c_opt2_seed1,1.6674754619598389,32.60700225830078,0.9273124933242798,1.7640659809112549,85.41116333007812
4633,129.4748992919922,65.86544782638549,990,151.1337890625,0.0001,1,a2c_opt2_seed1,-0.2830426096916199,216.3104705810547,0.9993616938591003,2.0961079597473145,175.26364135742188
4633,129.4748992919922,65.86544782638549,990,11.120172500610352,0.0001,1,a2c_opt2_seed1,0.5793004035949707,15.059160232543945,1.0789860486984253,0.6233572363853455,28.28689956665039
4633,129.4748992919922,65.86544782638549,990,8.723191261291504,0.0001,1,a2c_opt2_seed1,-0.6678789258003235,13.416565895080566,1.0511343479156494,-0.4718138575553894,21.28464126586914
4633,129.4748992919922,65.86544782638549,990,16.36783790588379,0.0001,1,a2c_opt2_seed1,-0.8543314337730408,24.603857040405273,1.0596652030944824,-0.6621377468109131,42.31372833251953
4634,76.58819580078125,65.70909940719605,1001,11.688076972961426,0.0001,1,a2c_opt2_seed1,1.1280415058135986,15.086494445800781,1.0204894542694092,1.3928371667861938,54.011474609375
4635,100.58478546142578,65.57808683395386,1001,20.141090393066406,0.0001,1,a2c_opt2_seed1,0.027192115783691406,28.734874725341797,1.0302751064300537,0.5091708302497864,51.419952392578125
4635,100.58478546142578,65.57808683395386,1001,13.7742919921875,0.0001,1,a2c_opt2_seed1,0.8324611783027649,18.48906898498535,1.0357916355133057,1.052398443222046,44.65915298461914
4636,97.4299087524414,64.07369123458862,1001,18.36739730834961,0.0001,1,a2c_opt2_seed1,1.0486180782318115,24.741870880126953,1.0599033832550049,1.2203893661499023,44.719337463378906
4636,97.4299087524414,64.07369123458862,1001,12.035441398620605,0.0001,1,a2c_opt2_seed1,0.2720431685447693,16.805591583251953,1.0324081182479858,0.667076051235199,30.0528507232666
4637,71.50277709960938,63.347140636444095,1001,7.013594150543213,0.0001,1,a2c_opt2_seed1,-0.3091706335544586,10.46184253692627,1.0498133897781372,-0.2712572515010834,20.709693908691406
4638,67.489501953125,62.98208600997925,1001,10.604141235351562,0.0001,1,a2c_opt2_seed1,-1.0015040636062622,16.580249786376953,1.0584537982940674,-0.8967192769050598,34.27360153198242
4639,-45.784423828125,60.31730924606323,472,102.16697692871094,0.0001,1,a2c_opt2_seed1,-3.532346487045288,150.99978637695312,1.0491676330566406,-3.027723550796509,124.81292724609375
4639,-45.784423828125,60.31730924606323,472,7.578171730041504,0.0001,1,a2c_opt2_seed1,-1.2911722660064697,12.67125129699707,1.0645723342895508,-0.9683696031570435,52.9508171081543
4640,95.04803466796875,62.40209775924683,1001,16.930753707885742,0.0001,1,a2c_opt2_seed1,0.22021202743053436,23.87293243408203,1.0209197998046875,0.5387351512908936,38.2343864440918
4640,95.04803466796875,62.40209775924683,1001,16.8167667388916,0.0001,1,a2c_opt2_seed1,0.14519838988780975,23.81728172302246,1.0580532550811768,0.37321633100509644,64.25503540039062
4642,114.43174743652344,63.28974287033081,1001,9.107149124145508,0.0001,1,a2c_opt2_seed1,-0.8743681311607361,14.260037422180176,1.0186593532562256,-0.7598897814750671,32.992347717285156
4642,114.43174743652344,63.28974287033081,1001,24.821027755737305,0.0001,1,a2c_opt2_seed1,0.26252251863479614,35.084312438964844,1.0248842239379883,0.5236853957176208,35.2255973815918
4642,114.43174743652344,63.28974287033081,1001,16.127195358276367,0.0001,1,a2c_opt2_seed1,-1.621890664100647,25.356597900390625,1.063883900642395,-1.5700709819793701,64.34290313720703
4642,114.43174743652344,63.28974287033081,1001,17.71966552734375,0.0001,1,a2c_opt2_seed1,0.38713979721069336,24.761505126953125,1.056838035583496,0.54157555103302,39.09429931640625
4642,114.43174743652344,63.28974287033081,1001,6.212080478668213,0.0001,1,a2c_opt2_seed1,-0.5378509759902954,9.643508911132812,1.0503644943237305,-0.29608654975891113,23.54317283630371
4643,-80.6834487915039,59.2906252861023,565,103.95764923095703,0.0001,1,a2c_opt2_seed1,-2.5900676250457764,152.21176147460938,1.043196439743042,-3.1469955444335938,138.36846923828125
4644,102.92266082763672,59.69085355758667,1001,25.84928321838379,0.0001,1,a2c_opt2_seed1,0.8945589661598206,35.650360107421875,1.056244969367981,1.2796915769577026,49.37660598754883
4646,48.44026184082031,56.717442150115964,1001,202.80972290039062,0.0001,1,a2c_opt2_seed1,-4.8174872398376465,296.61102294921875,1.0016868114471436,-4.526429653167725,204.88108825683594
4646,48.44026184082031,56.717442150115964,1001,31.150651931762695,0.0001,1,a2c_opt2_seed1,0.5717755556106567,43.684837341308594,1.0168540477752686,1.1165356636047363,92.45221710205078
4646,48.44026184082031,56.717442150115964,1001,8.849658966064453,0.0001,1,a2c_opt2_seed1,-1.0276106595993042,14.111127853393555,1.0394946336746216,-0.9190677404403687,35.96422576904297
4648,111.18965148925781,60.43202016830444,1001,19.475502014160156,0.0001,1,a2c_opt2_seed1,-0.12214520573616028,27.997377395629883,1.0355819463729858,0.12543487548828125,28.992464065551758
4648,111.18965148925781,60.43202016830444,1001,15.806981086730957,0.0001,1,a2c_opt2_seed1,-0.5486490726470947,23.365894317626953,0.9899423122406006,-0.09104406833648682,24.048582077026367
4648,111.18965148925781,60.43202016830444,1001,7.021602153778076,0.0001,1,a2c_opt2_seed1,-0.5316707491874695,10.791122436523438,1.026397466659546,-0.2499551773071289,20.57726287841797
4649,-57.7884635925293,58.31813390731811,402,156.10365295410156,0.0001,1,a2c_opt2_seed1,-4.823757648468018,229.89700317382812,0.9763620495796204,-5.217807769775391,206.9447021484375
4650,90.259765625,58.08583639144897,1001,28.76776885986328,0.0001,1,a2c_opt2_seed1,1.4289748668670654,39.056095123291016,0.9434992671012878,2.458221673965454,112.34912872314453
4651,-38.80348587036133,55.16846036911011,674,90.65375518798828,0.0001,1,a2c_opt2_seed1,-2.412198543548584,132.9520721435547,0.9885624051094055,-2.5908398628234863,115.96048736572266
4652,19.050275802612305,53.932942447662356,1001,30.645952224731445,0.0001,1,a2c_opt2_seed1,1.0729725360870361,42.24781036376953,0.9773163795471191,1.4608252048492432,58.14962387084961
4652,19.050275802612305,53.932942447662356,1001,27.674922943115234,0.0001,1,a2c_opt2_seed1,-1.460618257522583,41.62295913696289,1.0556360483169556,-0.718270480632782,57.346351623535156
4652,19.050275802612305,53.932942447662356,1001,9.718283653259277,0.0001,1,a2c_opt2_seed1,-0.6122037172317505,14.75859260559082,1.0540037155151367,-0.42159053683280945,25.415395736694336
4652,19.050275802612305,53.932942447662356,1001,12.436357498168945,0.0001,1,a2c_opt2_seed1,-1.6927164793014526,20.18514633178711,1.0569064617156982,-1.3037068843841553,53.04056167602539
4653,-35.70580291748047,51.328336277008056,641,81.24132537841797,0.0001,1,a2c_opt2_seed1,-2.44824481010437,119.55724334716797,1.007122278213501,-2.590303897857666,118.37572479248047
4654,75.70183563232422,50.85641855239868,1001,10.596973419189453,0.0001,1,a2c_opt2_seed1,0.797623336315155,13.999762535095215,0.9674451351165771,1.0726420879364014,41.22875213623047
4654,75.70183563232422,50.85641855239868,1001,18.907358169555664,0.0001,1,a2c_opt2_seed1,0.7982106804847717,25.87090492248535,0.9680888652801514,0.8605295419692993,39.6003303527832
4655,150.54425048828125,52.547768955230715,1001,24.890817642211914,0.0001,1,a2c_opt2_seed1,0.9824035167694092,34.15556716918945,0.9655482769012451,1.3097659349441528,49.630943298339844
4655,150.54425048828125,52.547768955230715,1001,4.638457298278809,0.0001,1,a2c_opt2_seed1,-0.10404932498931885,6.775726318359375,1.00356125831604,-0.07801327109336853,9.289851188659668
4656,105.005859375,52.75980356216431,1001,13.019198417663574,0.0001,1,a2c_opt2_seed1,0.434722900390625,17.97854995727539,1.0179797410964966,0.5898617506027222,22.561891555786133
4656,105.005859375,52.75980356216431,1001,4.448095321655273,0.0001,1,a2c_opt2_seed1,-0.61903977394104,7.239482402801514,1.0048776865005493,-0.4876643419265747,20.43113899230957
4656,105.005859375,52.75980356216431,1001,4.118287563323975,0.0001,1,a2c_opt2_seed1,-1.4781665802001953,7.995643615722656,0.992625892162323,-1.324941635131836,50.51573944091797
4658,-17.86811065673828,52.15968896865845,493,183.77098083496094,0.0001,1,a2c_opt2_seed1,-1.681045413017273,264.93218994140625,1.0008327960968018,0.01824941486120224,110.5953369140625
4659,68.67344665527344,53.196727695465086,1001,30.4520320892334,0.0001,1,a2c_opt2_seed1,1.0212630033493042,42.04470443725586,1.048225998878479,1.1512136459350586,45.90531539916992
4659,68.67344665527344,53.196727695465086,1001,12.442691802978516,0.0001,1,a2c_opt2_seed1,0.5879355072975159,16.93610382080078,1.0312039852142334,0.7898722290992737,26.495887756347656
4661,106.4053955078125,54.6207013130188,1001,23.405832290649414,0.0001,1,a2c_opt2_seed1,0.25056207180023193,33.07971954345703,1.0695536136627197,0.4251663088798523,39.06959533691406
4661,106.4053955078125,54.6207013130188,1001,8.420441627502441,0.0001,1,a2c_opt2_seed1,-1.125059723854065,13.63718032836914,1.049384355545044,-0.9197524785995483,34.100894927978516
4661,106.4053955078125,54.6207013130188,1001,24.267423629760742,0.0001,1,a2c_opt2_seed1,-1.773707628250122,37.20234680175781,1.0223723649978638,-1.649699330329895,62.16719436645508
4661,106.4053955078125,54.6207013130188,1001,15.272406578063965,0.0001,1,a2c_opt2_seed1,-0.45046961307525635,22.461990356445312,1.0334534645080566,0.3615335524082184,52.960899353027344
4661,106.4053955078125,54.6207013130188,1001,11.292498588562012,0.0001,1,a2c_opt2_seed1,0.22544026374816895,15.810791969299316,0.9922631978988647,0.5654397010803223,25.848407745361328
4662,-32.26884460449219,52.16096467971802,501,107.89696502685547,0.0001,1,a2c_opt2_seed1,-3.750518321990967,159.49713134765625,1.0007846355438232,-3.76509952545166,173.6752471923828
4663,114.3143310546875,52.332284717559816,1001,52.90176773071289,0.0001,1,a2c_opt2_seed1,2.3512210845947266,72.21581268310547,1.0432043075561523,3.088493824005127,122.77133178710938
4663,114.3143310546875,52.332284717559816,1001,20.481178283691406,0.0001,1,a2c_opt2_seed1,0.18429666757583618,28.996274948120117,1.0218381881713867,0.23645782470703125,24.03013801574707
4665,-35.14269256591797,50.61024370193481,510,68.76454162597656,0.0001,1,a2c_opt2_seed1,-2.3293344974517822,101.56340026855469,0.9982481598854065,-2.504472255706787,106.38961791992188
4665,-35.14269256591797,50.61024370193481,510,16.21244239807129,0.0001,1,a2c_opt2_seed1,0.15666157007217407,22.937549591064453,1.0074489116668701,0.4685693681240082,51.77219009399414
4667,74.5301513671875,50.12411958694458,1001,51.542579650878906,0.0001,1,a2c_opt2_seed1,0.043696485459804535,73.57051849365234,0.9595593214035034,-0.1499495655298233,29.046083450317383
4667,74.5301513671875,50.12411958694458,1001,22.884479522705078,0.0001,1,a2c_opt2_seed1,-0.3885897994041443,33.24793243408203,0.964004397392273,0.21473374962806702,44.954307556152344
4668,89.58808135986328,49.704671955108644,1001,9.881461143493652,0.0001,1,a2c_opt2_seed1,-1.29452645778656,15.966397285461426,0.9829226136207581,-1.0721758604049683,44.95526123046875
4668,89.58808135986328,49.704671955108644,1001,9.811934471130371,0.0001,1,a2c_opt2_seed1,0.430890828371048,13.402223587036133,1.0268782377243042,0.6036840081214905,28.457056045532227
4669,34.99905776977539,50.77484079360962,1001,78.1857681274414,0.0001,1,a2c_opt2_seed1,-3.3266026973724365,116.44696807861328,1.0291063785552979,-3.1757309436798096,158.76577758789062
4670,-64.28636932373047,48.250298709869384,295,55.12820053100586,0.0001,1,a2c_opt2_seed1,3.038849353790283,74.41410064697266,1.0369949340820312,2.5889170169830322,113.86529541015625
4671,106.28843688964844,51.01326593399048,1001,20.715932846069336,0.0001,1,a2c_opt2_seed1,1.6576824188232422,27.226783752441406,0.9946075677871704,1.7665228843688965,62.77727127075195
4671,106.28843688964844,51.01326593399048,1001,9.377599716186523,0.0001,1,a2c_opt2_seed1,-0.11684572696685791,13.56423568725586,1.0382490158081055,0.025706946849822998,16.27452850341797
4671,106.28843688964844,51.01326593399048,1001,4.931015968322754,0.0001,1,a2c_opt2_seed1,-0.9711660742759705,8.432450294494629,1.066273808479309,-0.7718116044998169,34.25568771362305
4671,106.28843688964844,51.01326593399048,1001,6.8087897300720215,0.0001,1,a2c_opt2_seed1,-0.8227216601371765,10.902900695800781,1.0386791229248047,-0.590121865272522,23.199193954467773
4671,106.28843688964844,51.01326593399048,1001,10.899502754211426,0.0001,1,a2c_opt2_seed1,-0.5486770272254944,16.355266571044922,1.0133647918701172,0.036023855209350586,27.439477920532227
4671,106.28843688964844,51.01326593399048,1001,15.09990119934082,0.0001,1,a2c_opt2_seed1,0.4219951033592224,20.96917724609375,1.0353641510009766,0.4952221214771271,32.46931457519531
4672,62.92322540283203,49.618479099273685,1001,7.461207389831543,0.0001,1,a2c_opt2_seed1,0.2092825323343277,10.360629081726074,1.0305895805358887,0.6074857711791992,35.124080657958984
4673,110.52208709716797,52.601003665924075,1001,41.266395568847656,0.0001,1,a2c_opt2_seed1,2.5769877433776855,55.27131652832031,1.029706597328186,2.7275872230529785,93.94206237792969
4674,95.72370147705078,55.63168298721313,1001,10.366132736206055,0.0001,1,a2c_opt2_seed1,-0.11872458457946777,14.979084014892578,1.0005031824111938,0.13706544041633606,15.347151756286621
4675,117.4349594116211,59.563570194244384,1001,23.795982360839844,0.0001,1,a2c_opt2_seed1,0.6001385450363159,33.137657165527344,1.029499888420105,1.2664824724197388,67.47964477539062
4675,117.4349594116211,59.563570194244384,1001,6.075042247772217,0.0001,1,a2c_opt2_seed1,-1.132629156112671,10.297422409057617,1.0484682321548462,-0.8373975157737732,38.30771255493164
4676,21.38123321533203,57.7430100440979,376,81.68372344970703,0.0001,1,a2c_opt2_seed1,-3.5827085971832275,121.80990600585938,0.9855183362960815,-3.170149087905884,122.83850860595703
4677,95.82184600830078,59.90240787506104,1001,7.4170241355896,0.0001,1,a2c_opt2_seed1,-0.4762688875198364,11.276872634887695,1.0360573530197144,-0.24766455590724945,19.477426528930664
4677,95.82184600830078,59.90240787506104,1001,22.59832000732422,0.0001,1,a2c_opt2_seed1,2.103600025177002,29.278934478759766,1.06640625,1.8571040630340576,74.18775177001953
4679,74.10026550292969,62.133305854797364,1001,12.290572166442871,0.0001,1,a2c_opt2_seed1,-1.190393090248108,19.259262084960938,1.0359987020492554,-0.6566342115402222,41.04256820678711
4679,74.10026550292969,62.133305854797364,1001,9.957690238952637,0.0001,1,a2c_opt2_seed1,-0.11411530524492264,14.3890380859375,1.0415568351745605,0.10308049619197845,17.562152862548828
4680,87.76146697998047,62.69584056854248,1001,19.313798904418945,0.0001,1,a2c_opt2_seed1,-0.2569548487663269,27.958955764770508,1.030636191368103,0.1309024691581726,21.80117416381836
4680,87.76146697998047,62.69584056854248,1001,4.6725754737854,0.0001,1,a2c_opt2_seed1,0.022315233945846558,6.643962383270264,1.0257596969604492,0.28110694885253906,14.5381498336792
4680,87.76146697998047,62.69584056854248,1001,6.6685919761657715,0.0001,1,a2c_opt2_seed1,-0.486257404088974,10.22195816040039,1.042242407798767,-0.2498587667942047,14.461742401123047
4680,87.76146697998047,62.69584056854248,1001,33.13480758666992,0.0001,1,a2c_opt2_seed1,-0.5401135683059692,48.107765197753906,1.0236806869506836,0.10909554362297058,31.527217864990234
4680,87.76146697998047,62.69584056854248,1001,23.919282913208008,0.0001,1,a2c_opt2_seed1,0.6088127493858337,33.30138397216797,0.9944471716880798,1.0474673509597778,59.58816909790039
4680,87.76146697998047,62.69584056854248,1001,7.99588680267334,0.0001,1,a2c_opt2_seed1,-0.14918439090251923,11.636549949645996,1.0284004211425781,-0.15873219072818756,9.318720817565918
4680,87.76146697998047,62.69584056854248,1001,10.494928359985352,0.0001,1,a2c_opt2_seed1,0.7962032556533813,13.856056213378906,1.0281591415405273,0.9093380570411682,31.553184509277344
4682,136.6493377685547,64.38730655670166,1001,13.97152042388916,0.0001,1,a2c_opt2_seed1,0.8800354599952698,18.702829360961914,0.9891733527183533,0.8757489919662476,29.554731369018555
4682,136.6493377685547,64.38730655670166,1001,10.35494613647461,0.0001,1,a2c_opt2_seed1,0.059476226568222046,14.708520889282227,0.9882320761680603,0.21385934948921204,26.070552825927734
4683,92.43775177001953,63.646563606262205,1001,11.668367385864258,0.0001,1,a2c_opt2_seed1,-0.5200629830360413,17.412734985351562,0.9661295413970947,-0.31860002875328064,49.55860900878906
4683,92.43775177001953,63.646563606262205,1001,2.1950814723968506,0.0001,1,a2c_opt2_seed1,0.1004650741815567,2.9930288791656494,1.0075880289077759,0.2312532365322113,19.109615325927734
4684,70.26356506347656,63.520070991516114,1001,3.1195547580718994,0.0001,1,a2c_opt2_seed1,-0.5995599627494812,5.313742160797119,1.0093536376953125,-0.5517488718032837,28.53203773498535
4685,52.692169189453125,62.56221866607666,1001,18.965503692626953,0.0001,1,a2c_opt2_seed1,0.6798118948936462,26.12314796447754,1.0210297107696533,0.8311896324157715,52.177093505859375
4686,95.72010040283203,62.52802249908447,1001,25.6407470703125,0.0001,1,a2c_opt2_seed1,0.06673791259527206,36.53502655029297,1.018570899963379,0.3698895573616028,24.800342559814453
4687,98.17903900146484,63.06154773712158,1001,19.959367752075195,0.0001,1,a2c_opt2_seed1,-1.5211321115493774,30.687131881713867,0.9843789339065552,-1.0238475799560547,43.191402435302734
4689,99.5394515991211,63.62615306854248,1001,110.89104461669922,0.0001,1,a2c_opt2_seed1,-0.09344091266393661,158.5499725341797,0.9959803819656372,-0.544266402721405,103.13117980957031
4689,99.5394515991211,63.62615306854248,1001,53.65409851074219,0.0001,1,a2c_opt2_seed1,0.9994937181472778,75.22160339355469,1.0283352136611938,1.1450505256652832,82.51190185546875
4689,99.5394515991211,63.62615306854248,1001,15.044671058654785,0.0001,1,a2c_opt2_seed1,0.08081897348165512,21.377670288085938,1.0342735052108765,0.294005423784256,19.204341888427734
4689,99.5394515991211,63.62615306854248,1001,6.286076545715332,0.0001,1,a2c_opt2_seed1,-1.3656150102615356,10.931722640991211,1.0293951034545898,-0.969828188419342,43.21660232543945
4689,99.5394515991211,63.62615306854248,1001,5.652224540710449,0.0001,1,a2c_opt2_seed1,-0.8504029512405396,9.290221214294434,1.054317593574524,-0.6792576313018799,26.753999710083008
4690,-43.1680793762207,60.86183078765869,527,175.34132385253906,0.0001,1,a2c_opt2_seed1,-5.818643093109131,258.8006896972656,1.0001031160354614,-5.4282121658325195,226.063720703125
4690,-43.1680793762207,60.86183078765869,527,39.74991226196289,0.0001,1,a2c_opt2_seed1,0.3473712205886841,56.28999328613281,0.9082584381103516,1.6221833229064941,81.17780303955078
4691,183.9381561279297,62.326168861389164,507,128.50918579101562,0.0001,1,a2c_opt2_seed1,-0.04717347025871277,183.65264892578125,0.9856681823730469,2.2157413959503174,167.97361755371094
4692,116.22377014160156,62.362009315490724,1001,13.821721076965332,0.0001,1,a2c_opt2_seed1,0.26883363723754883,19.361980438232422,0.9982951283454895,0.5127670764923096,39.2763786315918
4693,103.78375244140625,66.05135334014892,1001,7.965001106262207,0.0001,1,a2c_opt2_seed1,0.20053675770759583,11.092794418334961,0.9831273555755615,0.2745959758758545,15.640522956848145
4693,103.78375244140625,66.05135334014892,1001,12.608678817749023,0.0001,1,a2c_opt2_seed1,-0.6819585561752319,18.987350463867188,1.0166693925857544,-0.67010498046875,37.213897705078125
4693,103.78375244140625,66.05135334014892,1001,16.132463455200195,0.0001,1,a2c_opt2_seed1,-0.2105311006307602,23.347850799560547,1.0010600090026855,0.04012196511030197,23.593631744384766
4695,20.309036254882812,67.60557147979736,486,95.88411712646484,0.0001,1,a2c_opt2_seed1,-2.2019824981689453,140.1237335205078,1.023034930229187,-2.586167335510254,116.9847183227539
4695,20.309036254882812,67.60557147979736,486,21.339832305908203,0.0001,1,a2c_opt2_seed1,-0.1519959419965744,30.70333480834961,1.0107498168945312,0.24050195515155792,28.735919952392578
4696,132.00152587890625,69.27679676055908,1001,11.161508560180664,0.0001,1,a2c_opt2_seed1,-0.3537946045398712,16.451196670532227,1.0690194368362427,-0.18395234644412994,24.154361724853516
4697,72.20491790771484,68.67637516021729,1001,21.283233642578125,0.0001,1,a2c_opt2_seed1,-0.17802694439888,30.659679412841797,1.0318366289138794,0.3451576232910156,65.93233489990234
4698,89.39970397949219,68.24057621002197,1001,35.1870231628418,0.0001,1,a2c_opt2_seed1,0.6292334794998169,49.368988037109375,1.0052626132965088,1.2087500095367432,57.22935104370117
4698,89.39970397949219,68.24057621002197,1001,17.81666374206543,0.0001,1,a2c_opt2_seed1,-0.9305164217948914,26.7823543548584,0.9333454966545105,-0.14731301367282867,41.22040557861328
4699,-18.8807373046875,69.0187307357788,369,129.03256225585938,0.0001,1,a2c_opt2_seed1,-1.9452755451202393,187.1118927001953,0.9472814798355103,-2.263188600540161,105.1950912475586
4699,-18.8807373046875,69.0187307357788,369,9.271036148071289,0.0001,1,a2c_opt2_seed1,-0.6952928900718689,14.238327980041504,1.0004312992095947,-0.4727867841720581,32.56568908691406
4699,-18.8807373046875,69.0187307357788,369,11.273597717285156,0.0001,1,a2c_opt2_seed1,0.5146147608757019,15.370695114135742,1.0068657398223877,0.7748861908912659,41.79911804199219
4699,-18.8807373046875,69.0187307357788,369,13.5198974609375,0.0001,1,a2c_opt2_seed1,-0.38644132018089294,19.866870880126953,0.9425883293151855,0.03487682342529297,35.29639434814453
4700,54.476078033447266,68.30305698394776,1001,8.944170951843262,0.0001,1,a2c_opt2_seed1,-0.5815098881721497,13.608772277832031,0.919914960861206,-0.5631636381149292,26.739225387573242
4703,-3.769561767578125,73.60773704528809,509,224.3188018798828,0.0001,1,a2c_opt2_seed1,-2.1077661514282227,323.46722412109375,0.9449129700660706,-0.3936808109283447,143.22657775878906
4703,-3.769561767578125,73.60773704528809,509,33.60746383666992,0.0001,1,a2c_opt2_seed1,0.9758293032646179,46.6173210144043,0.9828007817268372,1.652781367301941,89.60652923583984
4705,86.41277313232422,69.2398900604248,1001,161.64569091796875,0.0001,1,a2c_opt2_seed1,-3.5975639820098877,236.06248474121094,0.9638106226921082,-4.51704740524292,239.65672302246094
4705,86.41277313232422,69.2398900604248,1001,21.981197357177734,0.0001,1,a2c_opt2_seed1,1.0805025100708008,29.85886001586914,1.013343095779419,1.5261521339416504,103.74071502685547
4706,95.98696899414062,69.05951225280762,1001,10.425098419189453,0.0001,1,a2c_opt2_seed1,-1.7392396926879883,17.37835121154785,1.0149426460266113,-1.5131779909133911,68.02277374267578
4706,95.98696899414062,69.05951225280762,1001,24.72028160095215,0.0001,1,a2c_opt2_seed1,0.39969533681869507,34.744422912597656,1.01725172996521,0.7264164686203003,37.406578063964844
4706,95.98696899414062,69.05951225280762,1001,27.254776000976562,0.0001,1,a2c_opt2_seed1,-0.4731127619743347,39.61200714111328,1.0352647304534912,-8.186511695384979e-05,26.14219856262207
4707,-50.37738037109375,64.61983665466309,461,134.77980041503906,0.0001,1,a2c_opt2_seed1,-2.2910990715026855,195.81629943847656,1.0289406776428223,-3.0175111293792725,146.6494140625
4707,-50.37738037109375,64.61983665466309,461,24.938695907592773,0.0001,1,a2c_opt2_seed1,1.3348842859268188,33.720489501953125,1.0605617761611938,1.5497465133666992,57.67346954345703
4708,94.37796020507812,66.86475807189942,1001,28.12143325805664,0.0001,1,a2c_opt2_seed1,0.1466621458530426,39.96466827392578,0.9902452826499939,0.90351402759552,73.96503448486328
4708,94.37796020507812,66.86475807189942,1001,4.923227310180664,0.0001,1,a2c_opt2_seed1,0.2469511330127716,6.681155204772949,1.0640532970428467,0.38113880157470703,22.406539916992188
4708,94.37796020507812,66.86475807189942,1001,6.744053840637207,0.0001,1,a2c_opt2_seed1,-0.7758423089981079,10.743451118469238,1.0395312309265137,-0.5994114875793457,27.496814727783203
4708,94.37796020507812,66.86475807189942,1001,19.892549514770508,0.0001,1,a2c_opt2_seed1,1.1568191051483154,26.766067504882812,1.0318622589111328,1.3092108964920044,48.53468704223633
4708,94.37796020507812,66.86475807189942,1001,2.8208720684051514,0.0001,1,a2c_opt2_seed1,-0.48751741647720337,4.727011680603027,1.0374314785003662,-0.31889674067497253,16.476165771484375
4708,94.37796020507812,66.86475807189942,1001,25.924861907958984,0.0001,1,a2c_opt2_seed1,0.6547503471374512,36.10090637207031,1.045799970626831,0.6870372295379639,28.584733963012695
4710,115.51295471191406,67.18767204284669,1001,3.501025676727295,0.0001,1,a2c_opt2_seed1,-0.26914477348327637,5.386722087860107,1.07020103931427,-0.21936750411987305,11.58475399017334
4711,86.7513427734375,66.79459098815919,1001,8.766593933105469,0.0001,1,a2c_opt2_seed1,-0.1774446666240692,12.77792739868164,1.0197256803512573,-0.08880889415740967,29.302227020263672
4711,86.7513427734375,66.79459098815919,1001,31.144254684448242,0.0001,1,a2c_opt2_seed1,1.6730235815048218,42.102508544921875,1.0472058057785034,1.9338325262069702,110.83078002929688
4713,95.79325866699219,69.36993370056152,1001,26.162643432617188,0.0001,1,a2c_opt2_seed1,-0.3806303143501282,37.91969680786133,1.0254762172698975,-0.06836588680744171,25.78228187561035
4713,95.79325866699219,69.36993370056152,1001,6.780362129211426,0.0001,1,a2c_opt2_seed1,-0.22013765573501587,10.001452445983887,1.0336261987686157,-0.14795604348182678,13.947975158691406
4714,103.31631469726562,70.07808601379395,1001,13.136479377746582,0.0001,1,a2c_opt2_seed1,-0.20992586016654968,19.067035675048828,1.0385563373565674,0.000655781477689743,14.226911544799805
4714,103.31631469726562,70.07808601379395,1001,3.5563464164733887,0.0001,1,a2c_opt2_seed1,-1.3176888227462769,6.963671684265137,1.0689011812210083,-1.1270681619644165,47.58467102050781
4715,-75.25231170654297,69.27589363098144,446,162.0870819091797,0.0001,1,a2c_opt2_seed1,-5.060735702514648,238.7833251953125,1.0413703918457031,-4.6631855964660645,174.5960693359375
4717,97.44197082519531,68.58095817565918,1001,146.20071411132812,0.0001,1,a2c_opt2_seed1,-3.7038371562957764,214.15011596679688,1.0286650657653809,-2.284212350845337,101.06101989746094
4718,89.22296905517578,68.57365592956543,1001,47.17679214477539,0.0001,1,a2c_opt2_seed1,-1.6934157609939575,69.81529998779297,1.0030518770217896,-1.500881314277649,65.08076477050781
4719,-86.3768310546875,66.14613815307617,432,19.326961517333984,0.0001,1,a2c_opt2_seed1,-1.2670973539352417,29.42079734802246,0.9994692206382751,-1.299384355545044,60.656585693359375
4719,-86.3768310546875,66.14613815307617,432,37.240760803222656,0.0001,1,a2c_opt2_seed1,1.7265294790267944,50.735355377197266,1.0301110744476318,2.1586153507232666,88.75286865234375
4719,-86.3768310546875,66.14613815307617,432,5.630486011505127,0.0001,1,a2c_opt2_seed1,-0.04250718653202057,8.105030059814453,1.055341362953186,0.10413394868373871,11.429948806762695
4719,-86.3768310546875,66.14613815307617,432,11.929466247558594,0.0001,1,a2c_opt2_seed1,-1.5111438035964966,19.201635360717773,1.0700750350952148,-1.2090805768966675,50.96635437011719
4719,-86.3768310546875,66.14613815307617,432,22.877365112304688,0.0001,1,a2c_opt2_seed1,-1.1504225730895996,34.32612609863281,0.9987760782241821,0.10079944133758545,30.756349563598633
4719,-86.3768310546875,66.14613815307617,432,17.50479507446289,0.0001,1,a2c_opt2_seed1,-1.165236473083496,26.672197341918945,1.0134299993515015,-0.8086750507354736,37.63876724243164
4721,-36.2891960144043,65.52855461120606,442,111.09868621826172,0.0001,1,a2c_opt2_seed1,-0.7746785283088684,159.81980895996094,0.984245240688324,-1.0143043994903564,86.96472930908203
4721,-36.2891960144043,65.52855461120606,442,21.66390609741211,0.0001,1,a2c_opt2_seed1,1.3727960586547852,28.988014221191406,1.0010223388671875,1.419600248336792,57.52527618408203
4722,93.69588470458984,66.14400779724122,1001,3.9491071701049805,0.0001,1,a2c_opt2_seed1,-0.08410681039094925,5.762453556060791,1.0069438219070435,0.029963165521621704,7.53230619430542
4722,93.69588470458984,66.14400779724122,1001,27.546960830688477,0.0001,1,a2c_opt2_seed1,0.7531924247741699,38.27751922607422,0.9935637712478638,1.2675057649612427,85.1024169921875
4722,93.69588470458984,66.14400779724122,1001,4.648794651031494,0.0001,1,a2c_opt2_seed1,0.1318535953760147,6.453484535217285,0.9953287243843079,0.24793998897075653,12.989091873168945
4723,97.89929962158203,65.89155204772949,1001,7.066408157348633,0.0001,1,a2c_opt2_seed1,-0.3687759041786194,10.622385025024414,0.9708399772644043,0.006016163155436516,22.46872901916504
4723,97.89929962158203,65.89155204772949,1001,5.811975002288818,0.0001,1,a2c_opt2_seed1,-1.0809131860733032,9.847708702087402,1.0154069662094116,-0.8648541569709778,31.936098098754883
4727,88.79058837890625,61.32691955566406,1001,239.3504180908203,0.0001,1,a2c_opt2_seed1,-7.023812294006348,351.9638671875,0.9404850006103516,-6.969047546386719,313.4305419921875
4728,63.75339889526367,60.301364974975584,1001,51.52014923095703,0.0001,1,a2c_opt2_seed1,2.9719460010528564,69.35527801513672,0.9849380254745483,3.2668073177337646,235.16647338867188
4729,67.20773315429688,60.16351432800293,1001,30.728750228881836,0.0001,1,a2c_opt2_seed1,1.6419596672058105,41.553253173828125,0.972846508026123,1.9230737686157227,80.99270629882812
4729,67.20773315429688,60.16351432800293,1001,9.765620231628418,0.0001,1,a2c_opt2_seed1,-0.22114881873130798,14.267534255981445,1.0110735893249512,-0.03831413388252258,20.523344039916992
4729,67.20773315429688,60.16351432800293,1001,41.40507507324219,0.0001,1,a2c_opt2_seed1,-3.0237345695495605,63.470489501953125,1.06116783618927,-2.0246527194976807,89.19474792480469
4730,-45.16529083251953,57.50497917175293,266,63.829620361328125,0.0001,1,a2c_opt2_seed1,-1.3798226118087769,93.1570816040039,1.0238653421401978,-0.7691605091094971,51.961669921875
4731,-7.3561248779296875,54.7264525604248,382,168.85372924804688,0.0001,1,a2c_opt2_seed1,-3.2983360290527344,245.9322967529297,1.0550254583358765,-3.2181220054626465,154.84002685546875
4731,-7.3561248779296875,54.7264525604248,382,25.178077697753906,0.0001,1,a2c_opt2_seed1,0.9807419180870056,34.56834411621094,1.0083523988723755,1.4586033821105957,64.33683776855469
4732,-34.97490692138672,51.293967666625974,481,47.414527893066406,0.0001,1,a2c_opt2_seed1,1.0535298585891724,66.23070526123047,0.9928312301635742,1.013237714767456,67.06829071044922
4732,-34.97490692138672,51.293967666625974,481,16.910327911376953,0.0001,1,a2c_opt2_seed1,0.84485924243927,22.951412200927734,1.0399656295776367,1.1428635120391846,44.27197265625
4732,-34.97490692138672,51.293967666625974,481,26.499282836914062,0.0001,1,a2c_opt2_seed1,0.758977472782135,36.77260208129883,1.0353968143463135,0.972349226474762,43.143165588378906
4733,112.73920440673828,51.69999671936035,1001,8.816780090332031,0.0001,1,a2c_opt2_seed1,0.3271576762199402,12.128780364990234,1.0480358600616455,0.30586642026901245,39.760311126708984
4733,112.73920440673828,51.69999671936035,1001,9.079353332519531,0.0001,1,a2c_opt2_seed1,0.5759283900260925,12.148516654968262,1.0742172002792358,0.5570859909057617,41.75539779663086
4734,49.53628921508789,51.28545120239258,1001,4.274725437164307,0.0001,1,a2c_opt2_seed1,0.23735162615776062,5.768439769744873,1.0674681663513184,0.2355656921863556,14.08073616027832
4734,49.53628921508789,51.28545120239258,1001,9.791313171386719,0.0001,1,a2c_opt2_seed1,0.0931435152888298,13.855280876159668,1.0531508922576904,0.3196701109409332,29.059213638305664
4734,49.53628921508789,51.28545120239258,1001,1.6782069206237793,0.0001,1,a2c_opt2_seed1,-0.17355413734912872,2.6461181640625,1.0431777238845825,-0.05587032064795494,11.648873329162598
4737,3.11968994140625,50.72630599975586,347,123.1865005493164,0.0001,1,a2c_opt2_seed1,-2.3090038299560547,179.28004455566406,1.046555995941162,-2.1728439331054688,96.87643432617188
4737,3.11968994140625,50.72630599975586,347,18.622425079345703,0.0001,1,a2c_opt2_seed1,0.25116458535194397,26.245359420776367,0.9827345609664917,0.7144446969032288,55.862770080566406
4738,107.17273712158203,53.86184288024902,1001,23.455759048461914,0.0001,1,a2c_opt2_seed1,-0.44564586877822876,34.14556884765625,0.9824199676513672,0.2738778591156006,51.78037643432617
4739,-29.68378448486328,51.277378158569334,344,62.611480712890625,0.0001,1,a2c_opt2_seed1,-0.37420037388801575,89.98025512695312,0.9992659091949463,-0.5794084668159485,76.0296859741211
4740,95.11204528808594,54.042980651855466,1001,11.317477226257324,0.0001,1,a2c_opt2_seed1,-0.4142032861709595,16.760292053222656,1.0471701622009277,-0.43726223707199097,34.37915802001953
4740,95.11204528808594,54.042980651855466,1001,25.13814926147461,0.0001,1,a2c_opt2_seed1,-3.048203468322754,40.26694869995117,1.0225528478622437,-2.651210308074951,108.42122650146484
4742,20.311080932617188,50.18454254150391,341,113.99031066894531,0.0001,1,a2c_opt2_seed1,-2.173081636428833,165.9483642578125,0.9233264923095703,-0.8957085013389587,45.11830520629883
4743,78.615478515625,49.68117706298828,1001,43.04342269897461,0.0001,1,a2c_opt2_seed1,1.8596283197402954,58.83463668823242,0.8985128402709961,3.0399394035339355,128.9875946044922
4743,78.615478515625,49.68117706298828,1001,5.620241641998291,0.0001,1,a2c_opt2_seed1,-1.1941593885421753,9.735557556152344,0.9785911440849304,-0.9922383427619934,45.70270919799805
4744,-77.30940246582031,46.60675338745117,325,159.1830291748047,0.0001,1,a2c_opt2_seed1,-4.088413715362549,233.24559020996094,0.9568930268287659,-5.070059776306152,220.58619689941406
4744,-77.30940246582031,46.60675338745117,325,5.772284507751465,0.0001,1,a2c_opt2_seed1,-1.3945609331130981,10.239025115966797,0.9441400766372681,-1.153849482536316,51.13652038574219
4744,-77.30940246582031,46.60675338745117,325,31.7890682220459,0.0001,1,a2c_opt2_seed1,1.6589864492416382,43.04365158081055,0.9509426951408386,2.0989222526550293,77.981201171875
4744,-77.30940246582031,46.60675338745117,325,26.641223907470703,0.0001,1,a2c_opt2_seed1,1.4800711870193481,35.945186614990234,0.9564142823219299,1.9392893314361572,86.8482437133789
4744,-77.30940246582031,46.60675338745117,325,4.879450798034668,0.0001,1,a2c_opt2_seed1,-0.23031911253929138,7.300384044647217,0.9978165626525879,-0.13211804628372192,12.976408004760742
4744,-77.30940246582031,46.60675338745117,325,0.9512963891029358,0.0001,1,a2c_opt2_seed1,-0.23864063620567322,1.7006187438964844,0.9921846985816956,-0.24937736988067627,10.792375564575195
4745,105.00836944580078,48.30074005126953,1001,3.2448599338531494,0.0001,1,a2c_opt2_seed1,-0.6013981103897095,5.495362758636475,0.9913497567176819,-0.5020983815193176,24.98862075805664
4746,70.81127166748047,47.07693496704101,1001,23.481470108032227,0.0001,1,a2c_opt2_seed1,0.8395445346832275,32.3463134765625,0.9888312816619873,1.2508509159088135,87.75111389160156
4748,133.17196655273438,45.64773567199707,1001,89.33154296875,0.0001,1,a2c_opt2_seed1,1.1225990056991577,126.0135269165039,1.0388754606246948,0.9706241488456726,141.34176635742188
4749,77.96080017089844,47.58456642150879,1001,9.484844207763672,0.0001,1,a2c_opt2_seed1,-0.17034336924552917,13.79387378692627,1.047650933265686,-0.11235031485557556,20.88833236694336
4749,77.96080017089844,47.58456642150879,1001,13.555453300476074,0.0001,1,a2c_opt2_seed1,-0.1866830289363861,19.632295608520508,0.9416512250900269,0.2978929579257965,23.643030166625977
4749,77.96080017089844,47.58456642150879,1001,13.802484512329102,0.0001,1,a2c_opt2_seed1,0.6218041181564331,18.830251693725586,0.9917122721672058,1.0410563945770264,45.6934928894043
4751,118.68609619140625,47.86717727661133,1001,14.883651733398438,0.0001,1,a2c_opt2_seed1,-0.6489661335945129,22.190200805664062,1.0450468063354492,-0.17113450169563293,26.247920989990234
4752,-50.99699020385742,45.71098236083984,380,186.1793670654297,0.0001,1,a2c_opt2_seed1,-1.4112598896026611,267.9873352050781,1.0096606016159058,-2.191375970840454,131.9448699951172
4753,135.4757843017578,48.495889282226564,1001,25.5230712890625,0.0001,1,a2c_opt2_seed1,0.05584047734737396,36.382503509521484,1.0402345657348633,0.37564900517463684,34.08816909790039
4753,135.4757843017578,48.495889282226564,1001,27.13227653503418,0.0001,1,a2c_opt2_seed1,0.4119266867637634,38.17268371582031,1.0549719333648682,0.951033353805542,98.57197570800781
4753,135.4757843017578,48.495889282226564,1001,20.864118576049805,0.0001,1,a2c_opt2_seed1,0.08091679215431213,29.691049575805664,1.067623496055603,0.26105737686157227,38.878196716308594
4753,135.4757843017578,48.495889282226564,1001,3.501483917236328,0.0001,1,a2c_opt2_seed1,-0.86204993724823,6.234386444091797,1.0727899074554443,-0.7373291850090027,30.304372787475586
4753,135.4757843017578,48.495889282226564,1001,1.9528590440750122,0.0001,1,a2c_opt2_seed1,-0.09547211229801178,2.9269425868988037,1.0572922229766846,0.10248495638370514,7.014400959014893
4754,4.843109130859375,50.163932189941406,308,88.06362915039062,0.0001,1,a2c_opt2_seed1,-1.8296830654144287,128.41976928710938,1.0568716526031494,-1.6008093357086182,66.68229675292969
4754,4.843109130859375,50.163932189941406,308,13.005255699157715,0.0001,1,a2c_opt2_seed1,0.1981089562177658,18.296693801879883,1.0768859386444092,0.20273461937904358,27.227062225341797
4754,4.843109130859375,50.163932189941406,308,17.961856842041016,0.0001,1,a2c_opt2_seed1,1.3620659112930298,23.71474266052246,1.0550106763839722,1.4597556591033936,62.43217086791992
4755,140.5004425048828,51.24568557739258,1001,6.08184814453125,0.0001,1,a2c_opt2_seed1,0.22835105657577515,8.362897872924805,1.062375545501709,0.4104589819908142,31.027572631835938
4756,103.91284942626953,51.404203186035154,1001,21.219688415527344,0.0001,1,a2c_opt2_seed1,-0.314384400844574,30.76373291015625,1.0811173915863037,-0.1054326519370079,33.31906509399414
4757,100.5864028930664,54.42347885131836,1001,16.960918426513672,0.0001,1,a2c_opt2_seed1,0.9093098640441895,22.931640625,1.079947829246521,0.9830708503723145,65.84330749511719
4759,-2.75311279296875,53.33075622558594,437,83.85124206542969,0.0001,1,a2c_opt2_seed1,-2.2075812816619873,122.94190979003906,1.0147291421890259,-2.0824480056762695,95.71856689453125
4759,-2.75311279296875,53.33075622558594,437,11.417603492736816,0.0001,1,a2c_opt2_seed1,-1.9648394584655762,19.118526458740234,1.0514721870422363,-1.4376137256622314,65.29512023925781
4759,-2.75311279296875,53.33075622558594,437,11.264274597167969,0.0001,1,a2c_opt2_seed1,0.08355803042650223,15.97316837310791,1.0030843019485474,0.18116386234760284,16.004865646362305
4761,48.4478645324707,52.035985794067386,1001,17.77459144592285,0.0001,1,a2c_opt2_seed1,-0.4188199043273926,25.9913387298584,1.0524239540100098,-0.17308099567890167,20.45547103881836
4762,99.63201904296875,51.728238906860355,1001,20.787982940673828,0.0001,1,a2c_opt2_seed1,0.7162498235702515,28.674625396728516,1.006019949913025,1.0307135581970215,68.2672348022461
4763,-88.38504791259766,48.04467277526855,444,225.9077606201172,0.0001,1,a2c_opt2_seed1,-4.165199279785156,328.6763610839844,1.0208485126495361,-5.776692867279053,259.0998840332031
4764,-77.50528717041016,44.42824073791504,379,174.46441650390625,0.0001,1,a2c_opt2_seed1,-1.2991766929626465,251.0915985107422,1.0232895612716675,-1.9687201976776123,128.19822692871094
4765,-69.63871002197266,44.540512771606444,401,102.56388092041016,0.0001,1,a2c_opt2_seed1,-2.074519634246826,149.48414611816406,1.0070781707763672,-2.4113667011260986,156.11669921875
4765,-69.63871002197266,44.540512771606444,401,26.8431453704834,0.0001,1,a2c_opt2_seed1,0.8417832255363464,37.1455192565918,1.0029237270355225,1.6300299167633057,76.43010711669922
4765,-69.63871002197266,44.540512771606444,401,9.177444458007812,0.0001,1,a2c_opt2_seed1,-1.3467665910720825,15.035329818725586,1.039995789527893,-1.0415745973587036,49.966068267822266
4765,-69.63871002197266,44.540512771606444,401,18.93509292602539,0.0001,1,a2c_opt2_seed1,0.057668253779411316,26.96851348876953,1.0692673921585083,0.2704890966415405,20.0165958404541
4765,-69.63871002197266,44.540512771606444,401,13.554612159729004,0.0001,1,a2c_opt2_seed1,0.49836552143096924,18.652545928955078,1.0707030296325684,0.48350846767425537,21.094717025756836
4765,-69.63871002197266,44.540512771606444,401,3.1899917125701904,0.0001,1,a2c_opt2_seed1,-0.5722846984863281,5.375469207763672,1.1039023399353027,-0.5047951936721802,19.338468551635742
4766,113.68338775634766,47.34772773742676,1001,49.007728576660156,0.0001,1,a2c_opt2_seed1,0.3857118785381317,69.46078491210938,1.059403896331787,0.6281431913375854,41.87714385986328
4768,82.94682312011719,44.77300239562988,1001,82.1021957397461,0.0001,1,a2c_opt2_seed1,-0.4148944914340973,117.88230895996094,1.0479410886764526,-0.6685757637023926,108.00743103027344
4768,82.94682312011719,44.77300239562988,1001,9.491966247558594,0.0001,1,a2c_opt2_seed1,0.4090205430984497,12.976377487182617,1.0356730222702026,0.5404945611953735,30.21319580078125
4768,82.94682312011719,44.77300239562988,1001,5.084377288818359,0.0001,1,a2c_opt2_seed1,-0.6342037320137024,8.17013931274414,1.0330982208251953,-0.4286656975746155,20.80127716064453
4768,82.94682312011719,44.77300239562988,1001,5.214358329772949,0.0001,1,a2c_opt2_seed1,0.11358599364757538,7.287552356719971,1.027881145477295,0.2880624830722809,16.0847225189209
4768,82.94682312011719,44.77300239562988,1001,4.164168357849121,0.0001,1,a2c_opt2_seed1,-1.0766029357910156,7.487541198730469,1.0151257514953613,-0.7457282543182373,31.395055770874023
4771,87.2961196899414,52.7990185546875,1001,25.116819381713867,0.0001,1,a2c_opt2_seed1,1.9901463985443115,33.0388298034668,1.0131168365478516,2.248013734817505,112.52820587158203
4771,87.2961196899414,52.7990185546875,1001,27.953311920166016,0.0001,1,a2c_opt2_seed1,2.68333101272583,36.10069274902344,1.006327748298645,2.8190462589263916,136.58238220214844
4772,96.0149154663086,52.845399169921876,1001,8.321958541870117,0.0001,1,a2c_opt2_seed1,-0.35583460330963135,12.397601127624512,1.05509352684021,-0.2571946084499359,31.879074096679688
4773,125.00993347167969,53.387611846923825,1001,24.43880271911621,0.0001,1,a2c_opt2_seed1,-1.475726842880249,37.02147674560547,1.0053496360778809,-1.1248271465301514,48.88452911376953
4774,-22.31226348876953,53.77147911071777,258,66.33357238769531,0.0001,1,a2c_opt2_seed1,-0.6224542856216431,95.6521987915039,1.0262329578399658,-0.8760460615158081,84.55046081542969
4774,-22.31226348876953,53.77147911071777,258,15.947113990783691,0.0001,1,a2c_opt2_seed1,-0.3341796398162842,23.259716033935547,1.0149009227752686,0.05389687046408653,23.69308853149414
4774,-22.31226348876953,53.77147911071777,258,8.605720520019531,0.0001,1,a2c_opt2_seed1,0.9863517880439758,10.885547637939453,1.0274447202682495,1.0605593919754028,52.52204513549805
4774,-22.31226348876953,53.77147911071777,258,1.862105131149292,0.0001,1,a2c_opt2_seed1,-0.7699227929115295,3.7608070373535156,1.0737662315368652,-0.6705161929130554,27.313928604125977
4774,-22.31226348876953,53.77147911071777,258,8.305091857910156,0.0001,1,a2c_opt2_seed1,-0.2740166187286377,12.256609916687012,1.0384794473648071,-0.06870050728321075,19.911489486694336
4776,97.81246185302734,54.00982383728027,1001,120.02394104003906,0.0001,1,a2c_opt2_seed1,-3.1692445278167725,175.99095153808594,0.9563522338867188,-2.3117122650146484,104.7086181640625
4777,119.98611450195312,54.63373435974121,1001,6.499329090118408,0.0001,1,a2c_opt2_seed1,0.5587433576583862,8.487259864807129,0.9925673007965088,0.5976625680923462,31.05785369873047
4779,137.13648986816406,58.167354125976566,1001,126.71989440917969,0.0001,1,a2c_opt2_seed1,0.45121610164642334,180.384521484375,0.9702970385551453,2.7006685733795166,143.19827270507812
4779,137.13648986816406,58.167354125976566,1001,23.293142318725586,0.0001,1,a2c_opt2_seed1,1.026559829711914,31.810134887695312,1.0236997604370117,1.540954351425171,97.53121185302734
4779,137.13648986816406,58.167354125976566,1001,2.8711910247802734,0.0001,1,a2c_opt2_seed1,-0.318904310464859,4.558022499084473,1.0402380228042603,-0.17339494824409485,10.433514595031738
4779,137.13648986816406,58.167354125976566,1001,2.9098212718963623,0.0001,1,a2c_opt2_seed1,-1.166053056716919,5.823419570922852,1.0384068489074707,-1.0314624309539795,44.49040985107422
4780,128.0555419921875,61.6317707824707,1001,10.051980972290039,0.0001,1,a2c_opt2_seed1,-0.5350969433784485,15.125126838684082,1.0195226669311523,-0.007063478231430054,23.5914363861084
4783,-63.53789520263672,59.807124557495115,423,197.4123077392578,0.0001,1,a2c_opt2_seed1,-3.724456548690796,287.3389587402344,1.0042803287506104,-2.529181957244873,157.04562377929688
4784,59.19676208496094,60.00033401489258,1001,61.793575286865234,0.0001,1,a2c_opt2_seed1,1.2623989582061768,86.47379302978516,0.9538722038269043,2.2331459522247314,136.2437744140625
4784,59.19676208496094,60.00033401489258,1001,47.92376708984375,0.0001,1,a2c_opt2_seed1,2.1140058040618896,65.4432601928711,1.0340759754180908,2.470654010772705,99.18724060058594
4784,59.19676208496094,60.00033401489258,1001,4.86045503616333,0.0001,1,a2c_opt2_seed1,-1.4026535749435425,8.948013305664062,1.001592993736267,-1.1820569038391113,61.75966262817383
4784,59.19676208496094,60.00033401489258,1001,7.5451555252075195,0.0001,1,a2c_opt2_seed1,-1.238438606262207,12.548733711242676,1.0398058891296387,-0.9322812557220459,46.42060089111328
4785,-13.316139221191406,57.58403198242188,360,99.41280364990234,0.0001,1,a2c_opt2_seed1,-1.3429771661758423,143.93756103515625,1.018728494644165,-1.3531543016433716,112.35164642333984
4785,-13.316139221191406,57.58403198242188,360,51.71249008178711,0.0001,1,a2c_opt2_seed1,1.9187419414520264,71.1346435546875,1.0049583911895752,2.2807040214538574,104.48287963867188
4785,-13.316139221191406,57.58403198242188,360,10.50755786895752,0.0001,1,a2c_opt2_seed1,-0.5107678771018982,15.741190910339355,1.0148104429244995,-0.3995879292488098,42.48329162597656
4785,-13.316139221191406,57.58403198242188,360,5.184132099151611,0.0001,1,a2c_opt2_seed1,-0.3084450364112854,7.847269535064697,1.0233111381530762,-0.2000802606344223,17.32759666442871
4785,-13.316139221191406,57.58403198242188,360,12.705114364624023,0.0001,1,a2c_opt2_seed1,0.5713644623756409,17.334651947021484,1.0137490034103394,0.48784372210502625,23.435504913330078
4787,115.77571868896484,59.4879899597168,1001,7.569000244140625,0.0001,1,a2c_opt2_seed1,0.04294572025537491,10.75222110748291,1.000023365020752,0.12462063133716583,26.276933670043945
4788,155.030029296875,60.445135803222655,1001,17.50360870361328,0.0001,1,a2c_opt2_seed1,0.9799798727035522,23.60587501525879,0.9674125909805298,1.0627622604370117,88.5870590209961
4788,155.030029296875,60.445135803222655,1001,10.042920112609863,0.0001,1,a2c_opt2_seed1,0.17300575971603394,14.100578308105469,0.9807852506637573,0.24716129899024963,51.462947845458984
4788,155.030029296875,60.445135803222655,1001,1.497159719467163,0.0001,1,a2c_opt2_seed1,-0.40356501936912537,2.7160143852233887,0.9705055356025696,-0.269386887550354,15.655841827392578
4788,155.030029296875,60.445135803222655,1001,5.56166410446167,0.0001,1,a2c_opt2_seed1,-1.070385217666626,9.475056648254395,0.9810700416564941,-1.0400885343551636,52.4044075012207
4789,115.9462661743164,63.35773681640625,1001,7.71565055847168,0.0001,1,a2c_opt2_seed1,0.14810170233249664,10.811480522155762,0.9750326871871948,0.46801528334617615,21.28900718688965
4791,87.39773559570312,62.82247329711914,1001,15.180570602416992,0.0001,1,a2c_opt2_seed1,-0.3431008458137512,22.177379608154297,0.9877467751502991,-0.07024282217025757,42.67458724975586
4792,121.13002014160156,64.83885208129882,1001,27.386240005493164,0.0001,1,a2c_opt2_seed1,2.0789690017700195,36.153953552246094,0.9973695278167725,2.037477731704712,98.87648010253906
4792,121.13002014160156,64.83885208129882,1001,31.65529441833496,0.0001,1,a2c_opt2_seed1,1.0777755975723267,43.682884216308594,0.9996866583824158,1.4575380086898804,62.46856689453125
4792,121.13002014160156,64.83885208129882,1001,5.539369583129883,0.0001,1,a2c_opt2_seed1,-0.23247189819812775,8.2462158203125,1.0184786319732666,-0.11126045137643814,12.360016822814941
4792,121.13002014160156,64.83885208129882,1001,2.455815315246582,0.0001,1,a2c_opt2_seed1,-0.4252428710460663,4.1165385246276855,1.0375888347625732,-0.3049960732460022,13.095376014709473
4793,105.17495727539062,65.37004165649414,1001,26.916879653930664,0.0001,1,a2c_opt2_seed1,0.44657471776008606,37.81545639038086,1.0308853387832642,1.0013025999069214,58.297542572021484
4793,105.17495727539062,65.37004165649414,1001,50.910400390625,0.0001,1,a2c_opt2_seed1,-1.617477536201477,75.04058074951172,1.0517393350601196,-1.7674477100372314,84.29109954833984
4793,105.17495727539062,65.37004165649414,1001,19.821807861328125,0.0001,1,a2c_opt2_seed1,-0.011944808065891266,28.33465003967285,1.0040582418441772,0.5863181948661804,47.961578369140625
4793,105.17495727539062,65.37004165649414,1001,7.041558742523193,0.0001,1,a2c_opt2_seed1,-0.895056962966919,11.33874797821045,1.0159306526184082,-0.694011390209198,36.3034553527832
4794,-72.63006591796875,65.46362838745117,501,93.40380096435547,0.0001,1,a2c_opt2_seed1,-2.1319565773010254,136.48037719726562,1.0066852569580078,-3.114229917526245,148.19659423828125
4797,131.130859375,68.91142890930176,1001,29.332674026489258,0.0001,1,a2c_opt2_seed1,1.0782259702682495,40.36422348022461,1.014464259147644,1.5486807823181152,76.40513610839844
4797,131.130859375,68.91142890930176,1001,18.890010833740234,0.0001,1,a2c_opt2_seed1,0.47210103273391724,26.31199836730957,0.9766861200332642,0.876646876335144,62.78945541381836
4797,131.130859375,68.91142890930176,1001,10.029337882995605,0.0001,1,a2c_opt2_seed1,-1.3577948808670044,16.26801872253418,0.9608164429664612,-0.8759726285934448,42.80351638793945
4798,-34.424766540527344,65.55949424743652,552,129.2110595703125,0.0001,1,a2c_opt2_seed1,-2.1653709411621094,187.6813201904297,0.9838960766792297,-2.5998342037200928,126.18791961669922
4798,-34.424766540527344,65.55949424743652,552,6.104716777801514,0.0001,1,a2c_opt2_seed1,-0.6799718737602234,9.693116188049316,0.9851569533348083,-0.32961899042129517,16.54464340209961
4801,58.30542755126953,65.00008110046387,1001,43.67134094238281,0.0001,1,a2c_opt2_seed1,-0.6864728927612305,63.368988037109375,0.9545174837112427,0.10742688179016113,43.73538589477539
4802,-3.76434326171875,65.94473403930664,433,120.33202362060547,0.0001,1,a2c_opt2_seed1,-1.5601446628570557,174.1323699951172,0.9826552271842957,-1.299364447593689,85.0456314086914
4802,-3.76434326171875,65.94473403930664,433,43.26398468017578,0.0001,1,a2c_opt2_seed1,0.8439618349075317,60.60064697265625,0.8611077666282654,1.6659257411956787,81.96052551269531
4802,-3.76434326171875,65.94473403930664,433,7.258801460266113,0.0001,1,a2c_opt2_seed1,-1.114890217781067,11.963042259216309,0.875312328338623,-0.5675089359283447,40.5687141418457
4803,6.9141998291015625,63.37350234985352,372,73.80337524414062,0.0001,1,a2c_opt2_seed1,-2.7400174140930176,109.34834289550781,0.8778811097145081,-2.597651481628418,119.90271759033203
4803,6.9141998291015625,63.37350234985352,372,10.401050567626953,0.0001,1,a2c_opt2_seed1,1.0832544565200806,13.31179141998291,0.9161180257797241,1.3577157258987427,51.87700653076172
4803,6.9141998291015625,63.37350234985352,372,19.879701614379883,0.0001,1,a2c_opt2_seed1,1.1156857013702393,26.806392669677734,0.9210923314094543,1.2189749479293823,56.49348449707031
4803,6.9141998291015625,63.37350234985352,372,6.226157188415527,0.0001,1,a2c_opt2_seed1,-0.578016996383667,9.720901489257812,0.9131785035133362,-0.3901199400424957,28.144187927246094
4803,6.9141998291015625,63.37350234985352,372,16.2790470123291,0.0001,1,a2c_opt2_seed1,1.559972882270813,21.02790069580078,0.9129877090454102,1.3694554567337036,54.40195846557617
4803,6.9141998291015625,63.37350234985352,372,26.481548309326172,0.0001,1,a2c_opt2_seed1,0.620964527130127,36.944339752197266,0.9090741276741028,0.8850386738777161,43.98024368286133
4804,11.87290096282959,63.51409818649292,1001,6.807594299316406,0.0001,1,a2c_opt2_seed1,0.06710520386695862,9.629927635192871,0.9200804233551025,0.3871561884880066,16.955121994018555
4806,60.41783142089844,61.912402629852295,1001,6.642848491668701,0.0001,1,a2c_opt2_seed1,0.25567764043807983,9.125242233276367,0.9971657991409302,0.4604346752166748,27.617223739624023
4806,60.41783142089844,61.912402629852295,1001,5.141740798950195,0.0001,1,a2c_opt2_seed1,-0.25199270248413086,7.706044673919678,0.995315670967102,-0.08894777297973633,21.329225540161133
4806,60.41783142089844,61.912402629852295,1001,1.079726219177246,0.0001,1,a2c_opt2_seed1,-0.3158112168312073,1.9943238496780396,0.9785659313201904,-0.19054199755191803,13.464524269104004
4806,60.41783142089844,61.912402629852295,1001,1.6544678211212158,0.0001,1,a2c_opt2_seed1,-0.9465892314910889,3.7165098190307617,0.9993655681610107,-0.8203978538513184,33.27052307128906
4806,60.41783142089844,61.912402629852295,1001,2.2047197818756104,0.0001,1,a2c_opt2_seed1,-0.288000226020813,3.5617597103118896,1.0237970352172852,-0.157921701669693,15.608973503112793
4809,116.35607147216797,62.58667982101441,1001,26.881303787231445,0.0001,1,a2c_opt2_seed1,0.39897608757019043,37.832645416259766,1.0448657274246216,0.7346559762954712,41.68297576904297
4810,114.46631622314453,63.09444791793823,1001,31.303773880004883,0.0001,1,a2c_opt2_seed1,2.05023455619812,41.79152297973633,1.0513981580734253,2.126676321029663,138.1947479248047
4810,114.46631622314453,63.09444791793823,1001,15.214956283569336,0.0001,1,a2c_opt2_seed1,0.774959921836853,20.62930679321289,1.0366346836090088,0.852665901184082,35.39364242553711
4810,114.46631622314453,63.09444791793823,1001,11.213647842407227,0.0001,1,a2c_opt2_seed1,-1.2297896146774292,17.777069091796875,1.020415186882019,-1.2710130214691162,65.69618225097656
4812,-18.361717224121094,61.64209142684936,302,109.49174499511719,0.0001,1,a2c_opt2_seed1,-3.156873941421509,160.9272918701172,0.9599999785423279,-3.4634084701538086,164.70484924316406
4812,-18.361717224121094,61.64209142684936,302,11.708527565002441,0.0001,1,a2c_opt2_seed1,0.2342040240764618,16.392621994018555,1.0243520736694336,0.3778834939002991,43.69460678100586
4812,-18.361717224121094,61.64209142684936,302,11.89219856262207,0.0001,1,a2c_opt2_seed1,1.3150995969772339,15.110848426818848,0.9898865222930908,1.352553129196167,63.891510009765625
4812,-18.361717224121094,61.64209142684936,302,46.617408752441406,0.0001,1,a2c_opt2_seed1,-3.6492795944213867,71.81028747558594,1.0194367170333862,-2.6696176528930664,112.70236206054688
4814,-47.287227630615234,62.38929288864136,542,140.65768432617188,0.0001,1,a2c_opt2_seed1,-2.9463260173797607,205.14932250976562,1.0258344411849976,-3.3209683895111084,138.51393127441406
4815,102.16012573242188,65.82526960372925,1001,6.561635494232178,0.0001,1,a2c_opt2_seed1,-0.32093414664268494,9.832934379577637,0.9678051471710205,-0.06754410266876221,17.01871681213379
4816,87.93111419677734,65.31022413253784,1001,37.614158630371094,0.0001,1,a2c_opt2_seed1,1.0007994174957275,52.30546951293945,0.937339186668396,1.5808038711547852,91.90061950683594
4818,-65.32435607910156,63.939273281097414,434,133.5380859375,0.0001,1,a2c_opt2_seed1,-1.5955562591552734,193.04876708984375,1.0070677995681763,-1.53049635887146,141.57090759277344
4818,-65.32435607910156,63.939273281097414,434,9.12951374053955,0.0001,1,a2c_opt2_seed1,-0.157644122838974,13.268111228942871,1.039975881576538,0.22866705060005188,37.66985321044922
4818,-65.32435607910156,63.939273281097414,434,18.747217178344727,0.0001,1,a2c_opt2_seed1,0.1206202507019043,26.610149383544922,1.013013482093811,0.3446362018585205,39.81777572631836
4818,-65.32435607910156,63.939273281097414,434,4.920164108276367,0.0001,1,a2c_opt2_seed1,-0.8614262342453003,8.260164260864258,1.048886775970459,-0.6005095839500427,26.246562957763672
4819,-53.262210845947266,60.72270154953003,452,97.41825866699219,0.0001,1,a2c_opt2_seed1,-3.651590585708618,144.38623046875,1.0159797668457031,-3.879873752593994,176.82664489746094
4819,-53.262210845947266,60.72270154953003,452,63.158329010009766,0.0001,1,a2c_opt2_seed1,0.400349885225296,89.65496063232422,0.986437201499939,0.3040289878845215,49.640037536621094
4820,117.6593017578125,60.452200145721434,1001,21.03687286376953,0.0001,1,a2c_opt2_seed1,1.0293676853179932,28.58281707763672,0.9318004250526428,2.1228127479553223,94.8307113647461
4820,117.6593017578125,60.452200145721434,1001,3.389784097671509,0.0001,1,a2c_opt2_seed1,-0.08127446472644806,4.959341526031494,0.9609689712524414,0.056146323680877686,4.942737102508545
4821,93.72264862060547,60.580730724334714,1001,4.054957866668701,0.0001,1,a2c_opt2_seed1,-0.44634461402893066,6.431121826171875,0.9658310413360596,-0.3770424425601959,17.02567481994629
4821,93.72264862060547,60.580730724334714,1001,9.62108039855957,0.0001,1,a2c_opt2_seed1,0.6274306774139404,12.848772048950195,0.9827253222465515,0.6803153157234192,39.11312484741211
4821,93.72264862060547,60.580730724334714,1001,2.373049736022949,0.0001,1,a2c_opt2_seed1,-0.9873442053794861,4.8012566566467285,0.9713312387466431,-0.8240421414375305,33.43745422363281
4822,-17.935836791992188,58.3017156791687,438,108.51846313476562,0.0001,1,a2c_opt2_seed1,-4.019088268280029,160.76858520507812,0.9124423265457153,-2.627108573913574,114.12303161621094
4823,100.8621597290039,57.81876020431518,1001,6.690455436706543,0.0001,1,a2c_opt2_seed1,0.5702762007713318,8.743759155273438,0.9040800333023071,0.7139992117881775,41.72102355957031
4824,186.4488983154297,61.99398344039917,449,95.26245880126953,0.0001,1,a2c_opt2_seed1,0.5138571262359619,135.3558349609375,0.9683198928833008,1.606866478919983,118.94093322753906
4825,120.08811950683594,65.01674726486206,1001,12.808614730834961,0.0001,1,a2c_opt2_seed1,-0.752027690410614,19.373010635375977,0.931230902671814,-0.6835740208625793,35.09593200683594
4827,109.82011413574219,65.92916349411011,1001,28.907066345214844,0.0001,1,a2c_opt2_seed1,0.8187136054039001,40.126834869384766,0.8636347055435181,1.1731114387512207,77.42003631591797
4828,62.63081741333008,63.77166723251343,1001,33.92661666870117,0.0001,1,a2c_opt2_seed1,0.9542948007583618,47.10398483276367,0.9347313642501831,1.7944682836532593,123.07402038574219
4828,62.63081741333008,63.77166723251343,1001,12.845871925354004,0.0001,1,a2c_opt2_seed1,0.22189782559871674,18.034902572631836,0.9157160520553589,0.8891566395759583,37.63439178466797
4828,62.63081741333008,63.77166723251343,1001,21.64905548095703,0.0001,1,a2c_opt2_seed1,-0.22105523943901062,31.243745803833008,1.0204806327819824,-0.09184503555297852,59.27857208251953
4828,62.63081741333008,63.77166723251343,1001,12.53053092956543,0.0001,1,a2c_opt2_seed1,0.9375,16.562223434448242,1.050550937652588,1.1082305908203125,44.10844421386719
4828,62.63081741333008,63.77166723251343,1001,19.420368194580078,0.0001,1,a2c_opt2_seed1,1.070174217224121,26.21530532836914,1.0376156568527222,1.0801547765731812,45.28813552856445
4828,62.63081741333008,63.77166723251343,1001,20.609006881713867,0.0001,1,a2c_opt2_seed1,0.9236949682235718,28.12262725830078,1.0513124465942383,1.1592159271240234,50.333133697509766
4828,62.63081741333008,63.77166723251343,1001,8.920977592468262,0.0001,1,a2c_opt2_seed1,0.6127910017967224,11.869595527648926,1.0613197088241577,0.4342343807220459,18.075410842895508
4828,62.63081741333008,63.77166723251343,1001,15.4708890914917,0.0001,1,a2c_opt2_seed1,0.8306565880775452,20.915380477905273,1.0690215826034546,0.8510032892227173,39.198551177978516
4829,88.50282287597656,62.79899389266968,1001,4.391228199005127,0.0001,1,a2c_opt2_seed1,-0.34098494052886963,6.761050701141357,1.0455102920532227,-0.2543932795524597,30.186382293701172
4829,88.50282287597656,62.79899389266968,1001,7.836009979248047,0.0001,1,a2c_opt2_seed1,0.3858010172843933,10.643913269042969,1.0606173276901245,0.529151439666748,50.99639892578125
4829,88.50282287597656,62.79899389266968,1001,6.864202976226807,0.0001,1,a2c_opt2_seed1,-0.47452884912490845,10.484682083129883,1.0909616947174072,-0.4966925382614136,39.948081970214844
4830,136.16122436523438,62.96110754013061,1001,6.252485752105713,0.0001,1,a2c_opt2_seed1,-1.254700779914856,10.72531509399414,1.0683926343917847,-1.201696753501892,66.94906616210938
4832,100.93506622314453,65.81327512741089,1001,23.60504913330078,0.0001,1,a2c_opt2_seed1,1.3389058113098145,31.80950164794922,1.0154919624328613,1.6398580074310303,97.19306945800781
4832,100.93506622314453,65.81327512741089,1001,12.582392692565918,0.0001,1,a2c_opt2_seed1,-1.708104133605957,20.41574478149414,1.0499640703201294,-1.6039098501205444,72.26044464111328
4833,97.501220703125,69.03405744552612,1001,24.4520263671875,0.0001,1,a2c_opt2_seed1,-0.6851246356964111,35.91087341308594,0.9205576181411743,0.41988345980644226,57.22706604003906
4836,128.60362243652344,74.42105436325073,1001,23.28091812133789,0.0001,1,a2c_opt2_seed1,0.1935739815235138,32.98258972167969,0.9371281862258911,0.5124285221099854,42.92594909667969
4836,128.60362243652344,74.42105436325073,1001,12.123028755187988,0.0001,1,a2c_opt2_seed1,0.7427359819412231,16.258222579956055,0.9259378910064697,1.0237364768981934,50.51268005371094
4836,128.60362243652344,74.42105436325073,1001,29.27402114868164,0.0001,1,a2c_opt2_seed1,-1.0923486948013306,43.38117980957031,0.9123135209083557,-0.6368312239646912,74.48914337158203
4837,-34.524269104003906,71.41505460739135,379,121.20730590820312,0.0001,1,a2c_opt2_seed1,-3.8258347511291504,178.61944580078125,0.9292020797729492,-4.200037002563477,191.3533477783203
4838,-95.58370971679688,66.40277982711793,413,94.71410369873047,0.0001,1,a2c_opt2_seed1,-0.8071444034576416,136.4595489501953,0.8703153133392334,-1.440690040588379,97.67286682128906
4838,-95.58370971679688,66.40277982711793,413,28.687963485717773,0.0001,1,a2c_opt2_seed1,2.1848742961883545,37.86222839355469,0.9388080835342407,2.5439417362213135,111.05386352539062
4838,-95.58370971679688,66.40277982711793,413,1.9966708421707153,0.0001,1,a2c_opt2_seed1,-0.5918031334877014,3.698509693145752,0.965758740901947,-0.3379002809524536,17.060760498046875
4838,-95.58370971679688,66.40277982711793,413,13.526979446411133,0.0001,1,a2c_opt2_seed1,0.24310113489627838,18.9776668548584,0.9760857224464417,0.38693755865097046,17.255451202392578
4838,-95.58370971679688,66.40277982711793,413,2.544512987136841,0.0001,1,a2c_opt2_seed1,-1.184475302696228,5.327823638916016,0.9759367108345032,-1.1003304719924927,44.37075424194336
4839,84.32792663574219,65.77041303634644,1001,23.02754020690918,0.0001,1,a2c_opt2_seed1,1.554415225982666,30.676631927490234,1.0328598022460938,2.0109312534332275,114.15281677246094
4839,84.32792663574219,65.77041303634644,1001,26.02406883239746,0.0001,1,a2c_opt2_seed1,0.7704439163208008,36.07735824584961,1.0502618551254272,1.0445530414581299,47.722503662109375
4839,84.32792663574219,65.77041303634644,1001,2.7308502197265625,0.0001,1,a2c_opt2_seed1,-0.34103310108184814,4.389162063598633,1.0605406761169434,-0.3969801068305969,29.675046920776367
4840,124.44829559326172,66.9017774772644,1001,6.0903496742248535,0.0001,1,a2c_opt2_seed1,-0.7045578360557556,9.707772254943848,1.066662073135376,-0.49863505363464355,26.56141471862793
4840,124.44829559326172,66.9017774772644,1001,4.03358268737793,0.0001,1,a2c_opt2_seed1,0.13356594741344452,5.572210788726807,1.0610527992248535,-0.003246936947107315,17.269947052001953
4841,100.29106903076172,67.15964414596557,1001,10.658881187438965,0.0001,1,a2c_opt2_seed1,-0.4505298137664795,15.871335983276367,1.0471535921096802,-0.1070883721113205,24.12020492553711
4843,131.44508361816406,65.49748823165893,1001,37.06705093383789,0.0001,1,a2c_opt2_seed1,0.4774034023284912,52.27164840698242,1.0058196783065796,0.5082008242607117,58.621803283691406
4845,103.00428771972656,70.45632932662964,1001,14.585173606872559,0.0001,1,a2c_opt2_seed1,1.5285725593566895,18.652999877929688,0.996969997882843,1.7818751335144043,109.39954376220703
4845,103.00428771972656,70.45632932662964,1001,21.755277633666992,0.0001,1,a2c_opt2_seed1,1.7099573612213135,28.636898040771484,1.0158737897872925,1.9339494705200195,75.32085418701172
4846,115.43186950683594,70.56639600753785,1001,7.469719886779785,0.0001,1,a2c_opt2_seed1,-0.7543373107910156,11.749393463134766,1.035293698310852,-0.45427972078323364,24.275976181030273
4847,134.7742156982422,70.63926313400269,1001,18.721303939819336,0.0001,1,a2c_opt2_seed1,-0.5612941384315491,27.547283172607422,0.999424934387207,0.1773911714553833,37.953330993652344
4848,-19.61827850341797,70.93539289474488,324,142.93783569335938,0.0001,1,a2c_opt2_seed1,-1.2972959280014038,206.0509033203125,0.9797395467758179,-2.5794601440429688,146.40679931640625
4849,-34.22233581542969,68.08761869430542,408,139.41893005371094,0.0001,1,a2c_opt2_seed1,-1.53581964969635,201.3646240234375,0.9827948212623596,-1.638750672340393,139.20458984375
4849,-34.22233581542969,68.08761869430542,408,13.046276092529297,0.0001,1,a2c_opt2_seed1,0.41847044229507446,18.040428161621094,0.9874883890151978,0.751699686050415,28.61946678161621
4849,-34.22233581542969,68.08761869430542,408,4.125987529754639,0.0001,1,a2c_opt2_seed1,-0.976540744304657,7.290050029754639,1.0136771202087402,-0.8129017353057861,43.38838577270508
4849,-34.22233581542969,68.08761869430542,408,7.370344161987305,0.0001,1,a2c_opt2_seed1,0.7583492398262024,9.446446418762207,1.0356930494308472,0.6883512735366821,27.238067626953125
4849,-34.22233581542969,68.08761869430542,408,3.714797019958496,0.0001,1,a2c_opt2_seed1,-0.7509769797325134,6.380439281463623,1.0669900178909302,-0.7542526721954346,29.749353408813477
4849,-34.22233581542969,68.08761869430542,408,19.04065704345703,0.0001,1,a2c_opt2_seed1,1.8658870458602905,24.53614616394043,1.0624468326568604,1.6473846435546875,83.6333236694336
4850,126.34375,68.4373585319519,1001,16.872764587402344,0.0001,1,a2c_opt2_seed1,1.009972095489502,22.661890029907227,1.0612564086914062,1.0982078313827515,54.545440673828125
4850,126.34375,68.4373585319519,1001,0.756044864654541,0.0001,1,a2c_opt2_seed1,-0.25427138805389404,1.4440662860870361,1.0602439641952515,-0.199589341878891,11.966266632080078
4850,126.34375,68.4373585319519,1001,1.3594480752944946,0.0001,1,a2c_opt2_seed1,-0.16475391387939453,2.178187608718872,1.05850350856781,-0.1525387316942215,12.05272388458252
4851,108.2303466796875,69.43585691452026,1001,4.2564849853515625,0.0001,1,a2c_opt2_seed1,-0.46757498383522034,6.749422550201416,1.0705714225769043,-0.33212199807167053,23.322378158569336
4852,101.80104064941406,71.54716459274292,1001,7.250406265258789,0.0001,1,a2c_opt2_seed1,-0.0014079958200454712,10.360498428344727,1.0688352584838867,0.1195061057806015,12.236568450927734
4853,110.22754669189453,73.61343152999878,1001,10.83960247039795,0.0001,1,a2c_opt2_seed1,0.42799317836761475,14.874470710754395,1.0399893522262573,0.6398546695709229,27.69683837890625
4854,3.4384002685546875,73.44474151611328,386,91.16950225830078,0.0001,1,a2c_opt2_seed1,-2.486204147338867,133.7946014404297,1.0150668621063232,-2.9629909992218018,137.5009765625
4855,102.63212585449219,73.41917037963867,1001,20.16046905517578,0.0001,1,a2c_opt2_seed1,0.48693153262138367,28.10576629638672,0.9949964880943298,0.9202076196670532,60.74966812133789
4856,134.48129272460938,74.90043960571289,1001,24.174524307250977,0.0001,1,a2c_opt2_seed1,0.9062548875808716,33.24110794067383,1.013838529586792,1.5515919923782349,100.80890655517578
4857,148.55081176757812,75.70732604980469,1001,34.98543930053711,0.0001,1,a2c_opt2_seed1,2.438871383666992,46.49583435058594,1.030165195465088,2.8838186264038086,147.8225860595703
4858,96.69237518310547,76.6897917175293,1001,33.043270111083984,0.0001,1,a2c_opt2_seed1,1.632624626159668,44.87310028076172,1.0423953533172607,1.9527215957641602,84.972412109375
4858,96.69237518310547,76.6897917175293,1001,9.486908912658691,0.0001,1,a2c_opt2_seed1,0.29350852966308594,13.134171485900879,1.0388420820236206,0.5684033632278442,35.80544662475586
4859,-16.371322631835938,74.03524383544922,302,93.24898529052734,0.0001,1,a2c_opt2_seed1,-1.1051157712936401,134.7923126220703,1.0200328826904297,-1.8186795711517334,101.59558868408203
4859,-16.371322631835938,74.03524383544922,302,5.8608717918396,0.0001,1,a2c_opt2_seed1,-1.7060303688049316,10.8106107711792,1.0509315729141235,-1.4273481369018555,66.72802734375
4859,-16.371322631835938,74.03524383544922,302,7.0040082931518555,0.0001,1,a2c_opt2_seed1,0.4928183853626251,9.302410125732422,0.9938096404075623,0.7299365997314453,30.042516708374023
4860,31.1492919921875,72.36890335083008,379,73.15361785888672,0.0001,1,a2c_opt2_seed1,-1.380628228187561,106.47824096679688,1.038403034210205,-1.2753592729568481,69.08331298828125
4860,31.1492919921875,72.36890335083008,379,9.078261375427246,0.0001,1,a2c_opt2_seed1,0.49309447407722473,12.265254020690918,1.022208333015442,0.7451061010360718,32.776187896728516
4861,-39.36775588989258,69.70507270812988,471,103.91740417480469,0.0001,1,a2c_opt2_seed1,-2.631929397583008,152.21405029296875,1.013933777809143,-2.658966541290283,125.23829650878906
4862,97.11611938476562,72.01462944030762,1001,8.892183303833008,0.0001,1,a2c_opt2_seed1,1.10003662109375,11.132362365722656,1.0148913860321045,1.1532769203186035,63.163726806640625
4862,97.11611938476562,72.01462944030762,1001,8.846531867980957,0.0001,1,a2c_opt2_seed1,-0.6824792623519897,13.613595962524414,1.0130010843276978,-0.4335348606109619,37.220096588134766
4864,123.63077545166016,79.55461502075195,1001,15.335042953491211,0.0001,1,a2c_opt2_seed1,0.08726087212562561,21.783214569091797,0.9355945587158203,0.33783358335494995,35.422447204589844
4864,123.63077545166016,79.55461502075195,1001,26.315587997436523,0.0001,1,a2c_opt2_seed1,1.7554123401641846,35.08662414550781,0.9225567579269409,2.3954038619995117,103.54512786865234
4865,118.40333557128906,79.8794792175293,1001,12.555594444274902,0.0001,1,a2c_opt2_seed1,0.33868181705474854,17.453458786010742,1.0168793201446533,0.6651950478553772,43.46791076660156
4865,118.40333557128906,79.8794792175293,1001,49.81681823730469,0.0001,1,a2c_opt2_seed1,-0.5806825160980225,71.99713897705078,0.9894035458564758,-0.6049972176551819,57.747764587402344
4867,131.47698974609375,79.10390724182129,1001,68.49301147460938,0.0001,1,a2c_opt2_seed1,-0.6815289258956909,98.82145690917969,0.9560213685035706,-0.14741691946983337,51.81983947753906
4867,131.47698974609375,79.10390724182129,1001,12.046586036682129,0.0001,1,a2c_opt2_seed1,1.301078200340271,15.351397514343262,0.9397410750389099,1.2868893146514893,49.0511474609375
4867,131.47698974609375,79.10390724182129,1001,11.907883644104004,0.0001,1,a2c_opt2_seed1,0.1485840529203415,16.799699783325195,0.9805994033813477,0.07397982478141785,19.826087951660156
4868,102.94488525390625,82.46929206848145,1001,5.480782985687256,0.0001,1,a2c_opt2_seed1,-0.3665504455566406,8.354032516479492,0.9782664179801941,-0.2641376852989197,20.70033073425293
4868,102.94488525390625,82.46929206848145,1001,18.189006805419922,0.0001,1,a2c_opt2_seed1,-1.01925790309906,27.441020965576172,0.8962280750274658,-0.8337097764015198,49.230777740478516
4868,102.94488525390625,82.46929206848145,1001,19.77130889892578,0.0001,1,a2c_opt2_seed1,0.193312406539917,27.969175338745117,0.852367639541626,0.25237831473350525,38.649295806884766
4870,54.123416900634766,85.74342216491699,1001,139.58042907714844,0.0001,1,a2c_opt2_seed1,1.824658989906311,196.79464721679688,0.9713712930679321,4.759185791015625,313.41204833984375
4870,54.123416900634766,85.74342216491699,1001,19.402555465698242,0.0001,1,a2c_opt2_seed1,-0.3161974549293518,28.17041778564453,1.0774253606796265,-0.07287263870239258,32.55821990966797
4870,54.123416900634766,85.74342216491699,1001,9.579938888549805,0.0001,1,a2c_opt2_seed1,-0.7737007141113281,14.791665077209473,1.0504721403121948,-0.725497841835022,47.12572479248047
4870,54.123416900634766,85.74342216491699,1001,12.37175464630127,0.0001,1,a2c_opt2_seed1,-1.2948589324951172,19.524486541748047,1.0529707670211792,-0.9534847736358643,57.12940979003906
4870,54.123416900634766,85.74342216491699,1001,7.882430076599121,0.0001,1,a2c_opt2_seed1,0.1737058013677597,11.013202667236328,1.0345458984375,0.3720806837081909,15.903489112854004
4872,174.87637329101562,87.21372230529785,1001,57.974464416503906,0.0001,1,a2c_opt2_seed1,0.7947440147399902,81.6860580444336,1.0338819026947021,0.4442303776741028,55.6675910949707
4873,133.4842529296875,87.86616416931152,1001,16.857078552246094,0.0001,1,a2c_opt2_seed1,0.5283440947532654,23.32748031616211,0.9996045827865601,0.8455308079719543,49.24810028076172
4874,-15.940711975097656,83.81837196350098,180,196.57208251953125,0.0001,1,a2c_opt2_seed1,-2.1749863624572754,283.92510986328125,0.9923303127288818,-3.7555158138275146,220.71551513671875
4875,137.23593139648438,84.16132820129394,1001,13.936734199523926,0.0001,1,a2c_opt2_seed1,-0.9180104732513428,21.22181510925293,1.0514804124832153,-0.7960509061813354,50.2349853515625
4877,135.8319549560547,83.70951164245605,1001,19.472322463989258,0.0001,1,a2c_opt2_seed1,0.6770510673522949,26.85113525390625,1.0469273328781128,0.923875093460083,57.801551818847656
4877,135.8319549560547,83.70951164245605,1001,9.178013801574707,0.0001,1,a2c_opt2_seed1,-0.5552181005477905,13.905370712280273,1.0543718338012695,-0.2103290855884552,28.82215118408203
4877,135.8319549560547,83.70951164245605,1001,20.3261775970459,0.0001,1,a2c_opt2_seed1,-2.3269662857055664,32.362342834472656,0.9884308576583862,-1.8641443252563477,80.9009780883789
4877,135.8319549560547,83.70951164245605,1001,17.085575103759766,0.0001,1,a2c_opt2_seed1,-0.9214122295379639,25.72494888305664,0.9524737000465393,-0.2951050102710724,44.15027618408203
4878,115.46317291259766,84.76615875244141,1001,15.245217323303223,0.0001,1,a2c_opt2_seed1,-0.0743521973490715,21.885770797729492,0.9412616491317749,0.39167723059654236,34.3790397644043
4878,115.46317291259766,84.76615875244141,1001,20.162858963012695,0.0001,1,a2c_opt2_seed1,1.7208921909332275,26.34634017944336,0.9420936107635498,1.8860036134719849,89.90623474121094
4878,115.46317291259766,84.76615875244141,1001,3.514456272125244,0.0001,1,a2c_opt2_seed1,0.20738236606121063,4.725075721740723,0.9584411382675171,0.10898991674184799,11.651749610900879
4879,102.12808990478516,85.03866409301757,1001,3.9120893478393555,0.0001,1,a2c_opt2_seed1,-0.7238042950630188,6.6234049797058105,0.9799107909202576,-0.5617291331291199,21.740276336669922
4879,102.12808990478516,85.03866409301757,1001,14.064835548400879,0.0001,1,a2c_opt2_seed1,0.8544158935546875,18.872718811035156,0.9672414064407349,0.5836363434791565,25.499645233154297
4879,102.12808990478516,85.03866409301757,1001,2.889122724533081,0.0001,1,a2c_opt2_seed1,-1.3271323442459106,6.023889064788818,0.9351293444633484,-1.1464965343475342,56.06957244873047
4879,102.12808990478516,85.03866409301757,1001,12.835845947265625,0.0001,1,a2c_opt2_seed1,0.7437680959701538,17.275062561035156,0.930883526802063,0.9163514375686646,46.58603286743164
4879,102.12808990478516,85.03866409301757,1001,0.23715424537658691,0.0001,1,a2c_opt2_seed1,-0.46360474824905396,1.0017675161361694,0.9565300941467285,-0.4298730492591858,26.931610107421875
4880,101.52786254882812,84.34599685668945,1001,26.748464584350586,0.0001,1,a2c_opt2_seed1,-0.7870444059371948,39.33710861206055,0.936336100101471,-0.27179136872291565,27.128786087036133
4881,62.59968948364258,83.91024925231933,1001,9.170636177062988,0.0001,1,a2c_opt2_seed1,0.28139519691467285,12.699634552001953,1.0050331354141235,0.492292195558548,35.208580017089844
4883,113.61951446533203,83.93757148742675,1001,9.570334434509277,0.0001,1,a2c_opt2_seed1,-0.16743215918540955,13.911786079406738,0.9665679931640625,0.01596444845199585,14.699460983276367
4883,113.61951446533203,83.93757148742675,1001,6.809426307678223,0.0001,1,a2c_opt2_seed1,-0.17280881106853485,9.975324630737305,0.9838893413543701,0.018054887652397156,14.332844734191895
4885,96.29873657226562,82.00271766662598,1001,15.215681076049805,0.0001,1,a2c_opt2_seed1,-0.46297281980514526,22.398744583129883,0.933870255947113,0.06320031732320786,15.050494194030762
4885,96.29873657226562,82.00271766662598,1001,24.00749969482422,0.0001,1,a2c_opt2_seed1,1.0882697105407715,32.7424430847168,0.961980402469635,1.407544732093811,83.70906829833984
4885,96.29873657226562,82.00271766662598,1001,14.632797241210938,0.0001,1,a2c_opt2_seed1,0.06621485948562622,20.810102462768555,0.977787435054779,0.3325214385986328,27.88860511779785
4885,96.29873657226562,82.00271766662598,1001,6.665322780609131,0.0001,1,a2c_opt2_seed1,-0.9269062280654907,10.846770286560059,1.0204352140426636,-0.6807730793952942,30.34749412536621
4886,97.24793243408203,81.37560386657715,1001,13.837428092956543,0.0001,1,a2c_opt2_seed1,-1.1073026657104492,21.350326538085938,0.9963146448135376,-1.1300710439682007,53.42642593383789
4886,97.24793243408203,81.37560386657715,1001,40.448673248291016,0.0001,1,a2c_opt2_seed1,2.5794177055358887,54.099647521972656,0.9925917387008667,3.4172542095184326,134.35032653808594
4886,97.24793243408203,81.37560386657715,1001,4.978704452514648,0.0001,1,a2c_opt2_seed1,0.5211671590805054,6.368618011474609,0.9905914068222046,0.7484396696090698,49.96141815185547
4887,77.81340026855469,83.62235725402832,1001,7.600167751312256,0.0001,1,a2c_opt2_seed1,-0.24959920346736908,11.214674949645996,1.0109076499938965,-0.14720062911510468,13.732519149780273
4887,77.81340026855469,83.62235725402832,1001,3.213136911392212,0.0001,1,a2c_opt2_seed1,-0.09410719573497772,4.7253618240356445,1.01844322681427,-0.0011854209005832672,9.948528289794922
4887,77.81340026855469,83.62235725402832,1001,1.3933234214782715,0.0001,1,a2c_opt2_seed1,-0.6675098538398743,2.9447782039642334,1.0227092504501343,-0.6253330707550049,26.94148063659668
4887,77.81340026855469,83.62235725402832,1001,4.306356906890869,0.0001,1,a2c_opt2_seed1,0.2828819155693054,5.748552322387695,1.0225565433502197,0.2692757546901703,13.253632545471191
4887,77.81340026855469,83.62235725402832,1001,0.5592309832572937,0.0001,1,a2c_opt2_seed1,-0.1135883629322052,0.9618859887123108,1.0017468929290771,-0.10156215727329254,9.597352981567383
4889,117.16490173339844,87.77445243835449,1001,7.145557880401611,0.0001,1,a2c_opt2_seed1,-0.9039125442504883,11.499988555908203,1.0419704914093018,-0.854963481426239,48.65827560424805
4889,117.16490173339844,87.77445243835449,1001,9.396470069885254,0.0001,1,a2c_opt2_seed1,-0.9410104155540466,14.768556594848633,1.0177059173583984,-0.7933287620544434,35.874507904052734
4892,82.64803314208984,85.99135215759277,1001,56.0098991394043,0.0001,1,a2c_opt2_seed1,-0.9845521450042725,81.42135620117188,0.9967372417449951,-1.3063201904296875,88.57122039794922
4892,82.64803314208984,85.99135215759277,1001,7.190284729003906,0.0001,1,a2c_opt2_seed1,-0.15533944964408875,10.494473457336426,1.0142478942871094,-0.15473951399326324,19.820711135864258
4894,130.0517578125,86.20706932067871,1001,19.888978958129883,0.0001,1,a2c_opt2_seed1,0.4326173663139343,27.795541763305664,1.0352612733840942,0.8925177454948425,62.91233444213867
4894,130.0517578125,86.20706932067871,1001,7.49382209777832,0.0001,1,a2c_opt2_seed1,-2.0883214473724365,13.689531326293945,1.0566850900650024,-1.8204281330108643,84.0673828125
4894,130.0517578125,86.20706932067871,1001,21.54257583618164,0.0001,1,a2c_opt2_seed1,0.6755224466323853,29.810775756835938,0.9747234582901001,1.4399404525756836,62.40523147583008
4895,134.28536987304688,86.83269096374512,1001,29.142072677612305,0.0001,1,a2c_opt2_seed1,0.8142750263214111,40.469032287597656,1.0475056171417236,1.0437043905258179,94.94569396972656
4895,134.28536987304688,86.83269096374512,1001,7.599592208862305,0.0001,1,a2c_opt2_seed1,-1.2677336931228638,12.668346405029297,1.0333685874938965,-1.041063904762268,48.79210662841797
4896,-78.1126937866211,82.96179969787597,472,126.70914459228516,0.0001,1,a2c_opt2_seed1,-2.1874210834503174,184.13868713378906,1.0228750705718994,-2.4940409660339355,136.36073303222656
4896,-78.1126937866211,82.96179969787597,472,15.795693397521973,0.0001,1,a2c_opt2_seed1,1.3919492959976196,20.577533721923828,1.0581903457641602,1.587585687637329,63.9970817565918
4896,-78.1126937866211,82.96179969787597,472,13.848453521728516,0.0001,1,a2c_opt2_seed1,-0.7415687441825867,20.843656539916992,1.0729272365570068,-0.4805625379085541,41.828338623046875
4896,-78.1126937866211,82.96179969787597,472,3.7814455032348633,0.0001,1,a2c_opt2_seed1,-0.542136549949646,6.17730712890625,1.0653990507125854,-0.501970648765564,31.28103256225586
4896,-78.1126937866211,82.96179969787597,472,4.672508239746094,0.0001,1,a2c_opt2_seed1,0.21347610652446747,6.37081241607666,1.0729291439056396,0.19885607063770294,9.836031913757324
4896,-78.1126937866211,82.96179969787597,472,1.7613310813903809,0.0001,1,a2c_opt2_seed1,-0.27050188183784485,2.9033942222595215,1.0856679677963257,-0.21664096415042877,11.805904388427734
4897,82.85515594482422,81.92341850280762,1001,28.638586044311523,0.0001,1,a2c_opt2_seed1,0.313923716545105,40.464569091796875,1.0671353340148926,0.6442015767097473,50.01295852661133
4898,107.99232482910156,84.475630569458,1001,10.142725944519043,0.0001,1,a2c_opt2_seed1,-0.5358842611312866,15.255870819091797,0.999457061290741,-0.4021398723125458,71.10745239257812
4901,104.36307525634766,87.69434608459473,1001,138.5474395751953,0.0001,1,a2c_opt2_seed1,1.2775644063949585,196.10055541992188,1.0165709257125854,3.6011765003204346,192.33212280273438
4901,104.36307525634766,87.69434608459473,1001,9.529970169067383,0.0001,1,a2c_opt2_seed1,-0.023890137672424316,13.649076461791992,0.986086368560791,0.24481846392154694,28.92182159423828
4903,128.4910888671875,88.17110359191895,1001,8.785750389099121,0.0001,1,a2c_opt2_seed1,0.21542488038539886,12.244050025939941,1.0183842182159424,0.24414464831352234,21.99396514892578
4903,128.4910888671875,88.17110359191895,1001,14.144871711730957,0.0001,1,a2c_opt2_seed1,1.005571722984314,18.771167755126953,1.0338082313537598,1.2587673664093018,74.1228256225586
4903,128.4910888671875,88.17110359191895,1001,13.398486137390137,0.0001,1,a2c_opt2_seed1,-1.6711690425872803,21.5288143157959,1.027457594871521,-1.2888365983963013,65.58607482910156
4903,128.4910888671875,88.17110359191895,1001,15.0916748046875,0.0001,1,a2c_opt2_seed1,-0.9433615207672119,22.9079647064209,1.0801620483398438,-0.7446643114089966,52.60237503051758
4904,63.841190338134766,89.37915939331054,1001,39.515872955322266,0.0001,1,a2c_opt2_seed1,1.556883454322815,54.227874755859375,1.0479791164398193,2.0735530853271484,91.62963104248047
4904,63.841190338134766,89.37915939331054,1001,38.207733154296875,0.0001,1,a2c_opt2_seed1,-1.8122252225875854,57.172080993652344,0.9952040910720825,-1.7971235513687134,75.57527923583984
4904,63.841190338134766,89.37915939331054,1001,13.433131217956543,0.0001,1,a2c_opt2_seed1,-0.3513784110546112,19.692859649658203,0.9836411476135254,0.069429911673069,36.324249267578125
4904,63.841190338134766,89.37915939331054,1001,16.527549743652344,0.0001,1,a2c_opt2_seed1,-1.3670716285705566,25.564435958862305,0.9700421690940857,-1.3937628269195557,59.16661834716797
4904,63.841190338134766,89.37915939331054,1001,14.22684097290039,0.0001,1,a2c_opt2_seed1,0.10823288559913635,20.170116424560547,0.9467209577560425,0.785805881023407,72.68495178222656
4905,165.382568359375,90.6341682434082,663,115.16236877441406,0.0001,1,a2c_opt2_seed1,1.0267291069030762,163.05165100097656,1.0207703113555908,2.703397750854492,160.66473388671875
4905,165.382568359375,90.6341682434082,663,24.530254364013672,0.0001,1,a2c_opt2_seed1,0.5400757789611816,34.272438049316406,1.053292155265808,0.9743269681930542,58.1536865234375
4905,165.382568359375,90.6341682434082,663,11.939798355102539,0.0001,1,a2c_opt2_seed1,-0.3791653513908386,17.599267959594727,1.0462367534637451,-0.2824866771697998,31.603748321533203
4906,70.83611297607422,89.3612646484375,1001,4.462885856628418,0.0001,1,a2c_opt2_seed1,-0.41922828555107117,6.975183486938477,1.0290265083312988,-0.4003412127494812,22.215375900268555
4908,100.97306823730469,88.89671157836914,1001,17.006595611572266,0.0001,1,a2c_opt2_seed1,0.20051783323287964,24.00939178466797,0.9922208189964294,0.40651196241378784,48.773292541503906
4909,81.69320678710938,90.85800216674805,1001,6.261348247528076,0.0001,1,a2c_opt2_seed1,-0.39630889892578125,9.51167106628418,1.0247801542282104,-0.3658809959888458,22.611501693725586
4910,-21.695327758789062,89.80110977172852,436,112.0162124633789,0.0001,1,a2c_opt2_seed1,-3.2149529457092285,164.61666870117188,1.0101933479309082,-3.127509593963623,158.79042053222656
4912,40.49547576904297,91.59146324157715,1001,19.97179412841797,0.0001,1,a2c_opt2_seed1,0.07854431867599487,28.419601440429688,0.9403995275497437,0.45827555656433105,32.851715087890625
4912,40.49547576904297,91.59146324157715,1001,7.349113464355469,0.0001,1,a2c_opt2_seed1,-0.3453659415245056,10.992855072021484,1.037915587425232,-0.17641150951385498,14.687265396118164
4913,-6.975242614746094,88.95519355773926,370,105.41119384765625,0.0001,1,a2c_opt2_seed1,-2.8853938579559326,154.71011352539062,0.9894733428955078,-3.0806031227111816,145.99913024902344
4913,-6.975242614746094,88.95519355773926,370,12.644769668579102,0.0001,1,a2c_opt2_seed1,0.527923583984375,17.310482025146484,0.9817570447921753,0.8366025686264038,64.54898834228516
4915,-32.618072509765625,84.98734397888184,366,113.7222900390625,0.0001,1,a2c_opt2_seed1,-1.8207850456237793,165.062255859375,1.0108076333999634,-1.2507078647613525,89.69112396240234
4915,-32.618072509765625,84.98734397888184,366,8.318815231323242,0.0001,1,a2c_opt2_seed1,-0.21612916886806488,12.193525314331055,1.0448215007781982,-0.010307669639587402,30.624177932739258
4916,22.673965454101562,85.99320304870605,394,94.28199005126953,0.0001,1,a2c_opt2_seed1,-1.7817341089248657,137.23460388183594,1.0041356086730957,-1.5905303955078125,99.11640930175781
4916,22.673965454101562,85.99320304870605,394,10.641961097717285,0.0001,1,a2c_opt2_seed1,0.12843739986419678,15.020037651062012,1.0044658184051514,0.3734813332557678,45.2071418762207
4916,22.673965454101562,85.99320304870605,394,3.2316882610321045,0.0001,1,a2c_opt2_seed1,-0.5812126398086548,5.447762489318848,1.0657892227172852,-0.5130552649497986,28.383228302001953
4916,22.673965454101562,85.99320304870605,394,12.403411865234375,0.0001,1,a2c_opt2_seed1,0.42527449131011963,17.112407684326172,1.0973314046859741,0.6059617400169373,25.864521026611328
4916,22.673965454101562,85.99320304870605,394,32.29782485961914,0.0001,1,a2c_opt2_seed1,-0.4073246121406555,46.72241973876953,1.0812588930130005,-0.10082101821899414,68.1989974975586
4917,-8.968818664550781,83.18428688049316,319,122.26020050048828,0.0001,1,a2c_opt2_seed1,-2.1631851196289062,177.7484130859375,1.0026800632476807,-1.8550796508789062,95.4969711303711
4918,101.88660430908203,83.16312126159669,1001,15.341052055358887,0.0001,1,a2c_opt2_seed1,-0.4552633464336395,22.56689453125,1.021643042564392,-0.14017343521118164,49.78688049316406
4919,109.3801498413086,81.87112068176269,1001,13.758098602294922,0.0001,1,a2c_opt2_seed1,-0.009748687967658043,19.6690673828125,0.9994572401046753,0.2585793137550354,37.4008674621582
4919,109.3801498413086,81.87112068176269,1001,4.826573371887207,0.0001,1,a2c_opt2_seed1,0.4595959484577179,6.239271640777588,1.0264191627502441,0.5839548110961914,33.047603607177734
4921,77.54061126708984,85.4830128479004,1001,6.296154975891113,0.0001,1,a2c_opt2_seed1,-1.0491808652877808,10.494051933288574,1.0008692741394043,-0.9780417680740356,62.97879409790039
4921,77.54061126708984,85.4830128479004,1001,27.387134552001953,0.0001,1,a2c_opt2_seed1,0.9444862604141235,37.77591323852539,0.9793511033058167,1.5687201023101807,127.8587646484375
4922,63.585453033447266,83.25719444274903,1001,5.491325855255127,0.0001,1,a2c_opt2_seed1,-0.30046722292900085,8.274691581726074,0.9826862812042236,-0.04342477023601532,14.500528335571289
4922,63.585453033447266,83.25719444274903,1001,16.693239212036133,0.0001,1,a2c_opt2_seed1,-0.4559394121170044,24.49956703186035,1.0334668159484863,-0.14994439482688904,32.77503204345703
4925,104.16732788085938,81.47058143615723,1001,142.96438598632812,0.0001,1,a2c_opt2_seed1,-0.23674067854881287,204.57373046875,0.9857619404792786,-0.9464463591575623,104.29838562011719
4925,104.16732788085938,81.47058143615723,1001,16.17563247680664,0.0001,1,a2c_opt2_seed1,0.14230895042419434,22.905485153198242,1.0352689027786255,0.27364441752433777,32.56708908081055
4927,10.923065185546875,76.27438697814941,343,157.51300048828125,0.0001,1,a2c_opt2_seed1,-3.5211944580078125,230.04953002929688,0.9547439813613892,-4.233691215515137,217.04141235351562
4927,10.923065185546875,76.27438697814941,343,20.052120208740234,0.0001,1,a2c_opt2_seed1,0.7345093488693237,27.597293853759766,0.9871869683265686,1.2693356275558472,91.10930633544922
4927,10.923065185546875,76.27438697814941,343,9.643372535705566,0.0001,1,a2c_opt2_seed1,-1.4734110832214355,15.881843566894531,1.012148380279541,-1.0417914390563965,45.72538375854492
4928,24.449005126953125,74.45410362243652,325,93.46212005615234,0.0001,1,a2c_opt2_seed1,-0.8555589914321899,134.74024963378906,0.9972575902938843,-0.8525017499923706,56.47774124145508
4929,-48.85429000854492,71.43445602416992,354,177.9200439453125,0.0001,1,a2c_opt2_seed1,-3.6533191204071045,259.3912658691406,1.0234736204147339,-3.038809299468994,151.31182861328125
4929,-48.85429000854492,71.43445602416992,354,11.208074569702148,0.0001,1,a2c_opt2_seed1,0.7561403512954712,14.932076454162598,1.0391087532043457,0.8549008965492249,36.00368881225586
4930,81.29452514648438,71.02978927612304,1001,7.995579719543457,0.0001,1,a2c_opt2_seed1,-0.32482799887657166,11.887041091918945,1.0410711765289307,-0.25834009051322937,42.021671295166016
4931,88.88654327392578,71.5555263519287,1001,4.756449222564697,0.0001,1,a2c_opt2_seed1,0.34915927052497864,6.296849250793457,1.00874662399292,0.3590652346611023,24.7050838470459
4931,88.88654327392578,71.5555263519287,1001,1.098656415939331,0.0001,1,a2c_opt2_seed1,-0.3046181797981262,2.005420684814453,1.0396062135696411,-0.15114638209342957,11.165766716003418
4931,88.88654327392578,71.5555263519287,1001,6.052004814147949,0.0001,1,a2c_opt2_seed1,0.3552853763103485,8.138899803161621,1.0202991962432861,0.4340290129184723,19.683311462402344
4932,-83.73760223388672,68.1571166229248,417,111.17266845703125,0.0001,1,a2c_opt2_seed1,-0.7963327169418335,159.95643615722656,1.00095534324646,-1.8858256340026855,143.38311767578125
4932,-83.73760223388672,68.1571166229248,417,22.927398681640625,0.0001,1,a2c_opt2_seed1,1.7491179704666138,30.25543212890625,1.0450819730758667,1.7997161149978638,86.00102996826172
4933,75.9915771484375,67.40455787658692,1001,8.542311668395996,0.0001,1,a2c_opt2_seed1,-0.1987757533788681,12.488021850585938,1.056225299835205,0.034032389521598816,18.95338249206543
4934,109.05667114257812,67.90283760070801,1001,24.231416702270508,0.0001,1,a2c_opt2_seed1,0.3504328727722168,34.11640167236328,0.9968931674957275,1.0789231061935425,84.56079864501953
4934,109.05667114257812,67.90283760070801,1001,8.721177101135254,0.0001,1,a2c_opt2_seed1,0.6835842728614807,11.482988357543945,0.9970061779022217,0.8494642972946167,61.2836799621582
4936,123.1300277709961,68.89083976745606,1001,6.573383808135986,0.0001,1,a2c_opt2_seed1,0.09287062287330627,9.258594512939453,1.0064592361450195,0.18241125345230103,29.5140380859375
4936,123.1300277709961,68.89083976745606,1001,6.719710350036621,0.0001,1,a2c_opt2_seed1,-0.3091740012168884,10.041991233825684,1.0180518627166748,-0.14542579650878906,17.537145614624023
4937,-42.29047393798828,66.4887622833252,463,120.64019775390625,0.0001,1,a2c_opt2_seed1,-3.1067793369293213,176.7821044921875,0.9876314401626587,-3.995788812637329,197.83709716796875
4938,176.04721069335938,68.42602500915527,713,138.0530242919922,0.0001,1,a2c_opt2_seed1,0.9579629898071289,195.8507843017578,0.9688856601715088,3.5438735485076904,254.67149353027344
4938,176.04721069335938,68.42602500915527,713,2.9756062030792236,0.0001,1,a2c_opt2_seed1,-1.408258080482483,6.263373851776123,0.9950568675994873,-1.074886679649353,55.60242462158203
4940,60.26182556152344,68.17562446594238,1001,54.68400573730469,0.0001,1,a2c_opt2_seed1,-1.472143292427063,80.22376251220703,0.9639772772789001,-0.9335401058197021,52.167236328125
4941,109.79998779296875,68.09060600280762,1001,37.01883316040039,0.0001,1,a2c_opt2_seed1,-1.1449919939041138,54.52043151855469,0.9529304504394531,-0.2651215195655823,53.42479705810547
4941,109.79998779296875,68.09060600280762,1001,11.277948379516602,0.0001,1,a2c_opt2_seed1,0.2695809602737427,15.726908683776855,0.9359301924705505,0.6194684505462646,53.4318733215332
4941,109.79998779296875,68.09060600280762,1001,37.674381256103516,0.0001,1,a2c_opt2_seed1,1.555442214012146,51.59913635253906,0.9189080595970154,2.0517992973327637,95.45672607421875
4941,109.79998779296875,68.09060600280762,1001,6.210079193115234,0.0001,1,a2c_opt2_seed1,0.42884764075279236,8.259596824645996,0.9730149507522583,0.6287549138069153,37.92345428466797
4942,181.10748291015625,70.05979499816894,589,56.754852294921875,0.0001,1,a2c_opt2_seed1,-0.3707174062728882,81.60869598388672,1.0387614965438843,0.5909159779548645,48.168731689453125
4942,181.10748291015625,70.05979499816894,589,15.24766731262207,0.0001,1,a2c_opt2_seed1,0.9126664996147156,20.47931671142578,1.0417178869247437,0.7252311706542969,32.521541595458984
4942,181.10748291015625,70.05979499816894,589,2.8222336769104004,0.0001,1,a2c_opt2_seed1,-0.22818651795387268,4.358485698699951,1.039302110671997,-0.2256830781698227,15.87472915649414
4943,80.61167907714844,68.6998316192627,1001,7.953808784484863,0.0001,1,a2c_opt2_seed1,-1.3899548053741455,13.349006652832031,1.0815138816833496,-1.135172963142395,62.13990020751953
4943,80.61167907714844,68.6998316192627,1001,22.809621810913086,0.0001,1,a2c_opt2_seed1,1.1914924383163452,30.88381004333496,1.0746171474456787,1.1742827892303467,52.52362823486328
4943,80.61167907714844,68.6998316192627,1001,14.421125411987305,0.0001,1,a2c_opt2_seed1,-1.8549883365631104,23.25237464904785,1.0987813472747803,-1.4323068857192993,92.54193878173828
4944,66.88408660888672,67.43647819519043,1001,37.158058166503906,0.0001,1,a2c_opt2_seed1,1.2586743831634521,51.28560256958008,1.0746861696243286,1.408393144607544,57.01921844482422
4944,66.88408660888672,67.43647819519043,1001,8.533792495727539,0.0001,1,a2c_opt2_seed1,-0.17446178197860718,12.44112777709961,1.0691542625427246,-0.0395561158657074,39.095115661621094
4945,101.94268798828125,66.78962455749512,1001,3.850870132446289,0.0001,1,a2c_opt2_seed1,0.04297540336847305,5.440597057342529,1.046158790588379,0.1487368792295456,13.948548316955566
4946,124.23296356201172,70.83653770446777,1001,20.143037796020508,0.0001,1,a2c_opt2_seed1,0.6639068126678467,27.828083038330078,1.0542124509811401,1.0577179193496704,41.759334564208984
4948,97.0898208618164,70.82067420959473,1001,5.5834832191467285,0.0001,1,a2c_opt2_seed1,-0.001255866140127182,7.978949546813965,1.050475835800171,0.049825455993413925,8.108173370361328
4948,97.0898208618164,70.82067420959473,1001,17.870420455932617,0.0001,1,a2c_opt2_seed1,-0.1634618639945984,25.763357162475586,0.9353602528572083,0.5460660457611084,45.591487884521484
4949,130.88829040527344,69.92776405334473,1001,10.874287605285645,0.0001,1,a2c_opt2_seed1,-0.6180456876754761,16.418310165405273,0.967318058013916,-0.5732826590538025,29.759931564331055
4949,130.88829040527344,69.92776405334473,1001,27.702720642089844,0.0001,1,a2c_opt2_seed1,0.8426635265350342,38.37218475341797,0.941426157951355,1.5766788721084595,87.15241241455078
4949,130.88829040527344,69.92776405334473,1001,4.2125420570373535,0.0001,1,a2c_opt2_seed1,0.04425038769841194,5.955406188964844,0.9848247170448303,0.15567485988140106,17.73862648010254
4950,76.6740493774414,69.8334317779541,1001,20.572227478027344,0.0001,1,a2c_opt2_seed1,-0.5867274403572083,30.227760314941406,0.9528757333755493,0.05259469151496887,38.11626052856445
4950,76.6740493774414,69.8334317779541,1001,10.156183242797852,0.0001,1,a2c_opt2_seed1,0.7326046824455261,13.462946891784668,0.9687709212303162,0.8020903468132019,52.2542610168457
4950,76.6740493774414,69.8334317779541,1001,9.86225414276123,0.0001,1,a2c_opt2_seed1,0.07430524379014969,13.983474731445312,0.9665061831474304,0.22901004552841187,19.378978729248047
4951,90.47779846191406,69.55572624206543,1001,103.25175476074219,0.0001,1,a2c_opt2_seed1,-4.344932556152344,153.7102508544922,0.9811559915542603,-2.772984504699707,156.62435913085938
4952,-52.349945068359375,66.3612198638916,425,40.837608337402344,0.0001,1,a2c_opt2_seed1,-0.7944560647010803,59.475059509277344,0.9558427929878235,-0.8836784958839417,61.066566467285156
4952,-52.349945068359375,66.3612198638916,425,4.700531959533691,0.0001,1,a2c_opt2_seed1,-0.7559784054756165,7.795709609985352,0.9715631604194641,-0.5072201490402222,31.18142318725586
4952,-52.349945068359375,66.3612198638916,425,10.699441909790039,0.0001,1,a2c_opt2_seed1,-0.3080664575099945,15.725687980651855,0.9466734528541565,0.2054482400417328,19.412860870361328
4953,129.68777465820312,66.38515357971191,1001,5.797788143157959,0.0001,1,a2c_opt2_seed1,-0.9772428274154663,9.679330825805664,1.0004321336746216,-0.8749252557754517,41.46535110473633
4954,52.215335845947266,66.15263648986816,1001,4.902949810028076,0.0001,1,a2c_opt2_seed1,-1.2328922748565674,8.766221046447754,1.0248723030090332,-0.8758649230003357,40.24407196044922
4956,-38.049137115478516,62.49830017089844,387,173.64498901367188,0.0001,1,a2c_opt2_seed1,-2.8120322227478027,252.08218383789062,1.001535177230835,-3.8918399810791016,217.41287231445312
4956,-38.049137115478516,62.49830017089844,387,20.613224029541016,0.0001,1,a2c_opt2_seed1,1.3393425941467285,27.53479766845703,0.9527811408042908,1.4833147525787354,70.29312896728516
4958,101.75163269042969,61.63097915649414,1001,8.294233322143555,0.0001,1,a2c_opt2_seed1,-0.8329906463623047,13.039623260498047,1.0245566368103027,-0.6222985982894897,30.58038330078125
4958,101.75163269042969,61.63097915649414,1001,17.54591178894043,0.0001,1,a2c_opt2_seed1,1.1871477365493774,23.37037467956543,0.9964444637298584,1.3998744487762451,117.45187377929688
4958,101.75163269042969,61.63097915649414,1001,8.249095916748047,0.0001,1,a2c_opt2_seed1,-2.6532225608825684,15.575495719909668,1.056068778038025,-2.294618606567383,110.28910064697266
4958,101.75163269042969,61.63097915649414,1001,28.689138412475586,0.0001,1,a2c_opt2_seed1,1.1841466426849365,39.29358673095703,1.0367460250854492,1.612325668334961,67.7391128540039
4958,101.75163269042969,61.63097915649414,1001,10.750934600830078,0.0001,1,a2c_opt2_seed1,-0.1620090901851654,15.590660095214844,1.0348562002182007,0.24427920579910278,35.801124572753906
4959,103.30152893066406,62.063145599365235,1001,11.687938690185547,0.0001,1,a2c_opt2_seed1,-0.8245001435279846,17.875654220581055,1.0385167598724365,-0.4220001995563507,36.73419952392578
4959,103.30152893066406,62.063145599365235,1001,9.011703491210938,0.0001,1,a2c_opt2_seed1,0.1910071074962616,12.601743698120117,1.0476216077804565,0.2761783003807068,14.899690628051758
4960,-17.57745361328125,62.14550308227539,484,100.7703857421875,0.0001,1,a2c_opt2_seed1,-2.723745107650757,147.84950256347656,1.0301215648651123,-3.6524367332458496,196.47703552246094
4961,100.70648193359375,62.02422149658203,1001,10.921066284179688,0.0001,1,a2c_opt2_seed1,0.638365626335144,14.690309524536133,1.0311031341552734,0.9610592722892761,61.96088409423828
4961,100.70648193359375,62.02422149658203,1001,2.6571178436279297,0.0001,1,a2c_opt2_seed1,-0.46628767251968384,4.462740421295166,1.025602102279663,-0.19240038096904755,21.538021087646484
4961,100.70648193359375,62.02422149658203,1001,17.97159767150879,0.0001,1,a2c_opt2_seed1,0.01903906837105751,25.647241592407227,1.0227562189102173,0.1539851725101471,23.85374641418457
4962,90.50228118896484,63.024357604980466,1001,5.798615455627441,0.0001,1,a2c_opt2_seed1,-0.9187139272689819,9.596920013427734,1.0291475057601929,-0.8289703726768494,45.3153076171875
4962,90.50228118896484,63.024357604980466,1001,1.7226465940475464,0.0001,1,a2c_opt2_seed1,-0.42322206497192383,3.0662615299224854,1.0288842916488647,-0.40538471937179565,18.75102424621582
4963,118.33929443359375,65.53064834594727,1001,3.5128166675567627,0.0001,1,a2c_opt2_seed1,-1.3275554180145264,6.915544509887695,1.017405390739441,-1.0932412147521973,52.61777877807617
4965,124.35347747802734,68.65457916259766,1001,27.023399353027344,0.0001,1,a2c_opt2_seed1,0.8424641489982605,37.40205383300781,1.0019630193710327,1.0023071765899658,52.2209358215332
4965,124.35347747802734,68.65457916259766,1001,5.54138708114624,0.0001,1,a2c_opt2_seed1,-0.6692840456962585,8.873104095458984,1.0034080743789673,-0.49542805552482605,22.780668258666992
4966,99.94739532470703,70.20004776000977,1001,30.418506622314453,0.0001,1,a2c_opt2_seed1,-1.8651484251022339,46.12018966674805,0.9556577205657959,-1.9900987148284912,88.9886474609375
4967,-92.34799194335938,68.5324642944336,532,43.653038024902344,0.0001,1,a2c_opt2_seed1,-1.8326324224472046,64.98025512695312,1.0117285251617432,-1.8483941555023193,105.00989532470703
4967,-92.34799194335938,68.5324642944336,532,9.369733810424805,0.0001,1,a2c_opt2_seed1,-0.6982643008232117,14.3836030960083,1.049914002418518,-0.5633854269981384,30.079235076904297
4967,-92.34799194335938,68.5324642944336,532,6.831901550292969,0.0001,1,a2c_opt2_seed1,-0.09386672079563141,9.894689559936523,1.0280404090881348,0.012549534440040588,23.78968620300293
4968,84.1532211303711,68.17779663085938,1001,3.5276877880096436,0.0001,1,a2c_opt2_seed1,-0.4399980306625366,5.668846130371094,1.0132275819778442,-0.27289438247680664,15.940000534057617
4969,-45.61305618286133,65.07793251037597,317,185.78009033203125,0.0001,1,a2c_opt2_seed1,-5.130939960479736,272.73077392578125,1.042956829071045,-4.90064811706543,225.76434326171875
4970,-58.71864700317383,61.271502380371096,393,74.60745239257812,0.0001,1,a2c_opt2_seed1,0.5222702622413635,105.83673095703125,1.0514847040176392,0.00223705917596817,65.64817810058594
4971,96.11891174316406,61.643068389892576,1001,20.11431884765625,0.0001,1,a2c_opt2_seed1,0.7978610396385193,27.595678329467773,1.0319353342056274,0.9138851761817932,59.17275619506836
4971,96.11891174316406,61.643068389892576,1001,7.727276802062988,0.0001,1,a2c_opt2_seed1,-0.11372318863868713,11.202146530151367,1.004810094833374,-0.025098532438278198,19.999032974243164
4971,96.11891174316406,61.643068389892576,1001,3.548860549926758,0.0001,1,a2c_opt2_seed1,0.25924980640411377,4.700170040130615,1.016610026359558,0.4895473122596741,23.732311248779297
4971,96.11891174316406,61.643068389892576,1001,16.091609954833984,0.0001,1,a2c_opt2_seed1,-0.6177047491073608,23.87114906311035,0.981558084487915,0.3004534840583801,45.855228424072266
4972,77.0431137084961,61.912221603393554,1001,19.904165267944336,0.0001,1,a2c_opt2_seed1,1.1286534070968628,26.82289695739746,1.0315829515457153,1.193130612373352,65.72942352294922
4972,77.0431137084961,61.912221603393554,1001,9.143770217895508,0.0001,1,a2c_opt2_seed1,0.784040093421936,11.94320297241211,1.0238748788833618,0.9502313733100891,41.99983215332031
4973,80.15511322021484,64.19391242980957,1001,13.781925201416016,0.0001,1,a2c_opt2_seed1,0.7151211500167847,18.667566299438477,0.9834645986557007,1.0320683717727661,51.03351593017578
4975,78.4596176147461,63.5269034576416,1001,13.02946949005127,0.0001,1,a2c_opt2_seed1,0.27070093154907227,18.227523803710938,0.997120201587677,0.38450539112091064,24.898216247558594
4975,78.4596176147461,63.5269034576416,1001,3.5144078731536865,0.0001,1,a2c_opt2_seed1,0.09846736490726471,4.880635738372803,1.0089547634124756,0.06819456070661545,9.882977485656738
4975,78.4596176147461,63.5269034576416,1001,3.214718818664551,0.0001,1,a2c_opt2_seed1,-0.8826467990875244,5.854096412658691,1.0037363767623901,-0.6381340622901917,31.29884147644043
4975,78.4596176147461,63.5269034576416,1001,10.655282020568848,0.0001,1,a2c_opt2_seed1,-0.2790535092353821,15.621166229248047,0.9610771536827087,0.12572123110294342,29.48263168334961
4975,78.4596176147461,63.5269034576416,1001,10.837430953979492,0.0001,1,a2c_opt2_seed1,-0.22365768253803253,15.802252769470215,0.9772121906280518,0.27748751640319824,23.132415771484375
4976,-40.64736557006836,63.31204071044922,352,132.18130493164062,0.0001,1,a2c_opt2_seed1,-3.9667201042175293,194.49781799316406,0.8912675380706787,-3.2415270805358887,142.80235290527344
4977,90.80522155761719,64.90968383789063,1001,14.061223030090332,0.0001,1,a2c_opt2_seed1,0.11848999559879303,19.918859481811523,0.9356672763824463,0.5145342350006104,24.39511489868164
4979,109.2054214477539,69.16177391052246,1001,6.8763837814331055,0.0001,1,a2c_opt2_seed1,0.37416842579841614,9.289532661437988,0.9144977927207947,0.47053366899490356,28.844646453857422
4979,109.2054214477539,69.16177391052246,1001,21.636852264404297,0.0001,1,a2c_opt2_seed1,0.9129797220230103,29.606184005737305,0.9107532501220703,1.0300424098968506,66.03099822998047
4980,114.78121948242188,69.83150779724122,1001,5.971525192260742,0.0001,1,a2c_opt2_seed1,-0.3840245008468628,9.080012321472168,0.9173909425735474,-0.3012280762195587,15.237602233886719
4980,114.78121948242188,69.83150779724122,1001,2.938131332397461,0.0001,1,a2c_opt2_seed1,-0.9113062620162964,5.499856472015381,0.924066960811615,-0.6477559804916382,32.090187072753906
4981,-3.3765792846679688,67.98624534606934,237,123.97113037109375,0.0001,1,a2c_opt2_seed1,-3.3684213161468506,181.914306640625,0.9182208776473999,-3.4980552196502686,159.91758728027344
4981,-3.3765792846679688,67.98624534606934,237,17.614482879638672,0.0001,1,a2c_opt2_seed1,0.7409393787384033,24.105731964111328,0.9393772482872009,1.1448843479156494,48.30379867553711
4982,76.79228973388672,71.19684318542481,1001,22.705202102661133,0.0001,1,a2c_opt2_seed1,0.6168686151504517,31.555429458618164,0.9348386526107788,1.0087661743164062,44.321929931640625
4983,105.93286895751953,71.79566902160644,1001,16.268909454345703,0.0001,1,a2c_opt2_seed1,0.5549265742301941,22.449193954467773,0.9051516652107239,0.8266077637672424,48.962928771972656
4984,66.16283416748047,70.9377922821045,1001,9.88457202911377,0.0001,1,a2c_opt2_seed1,-0.9123014211654663,15.424779891967773,0.945270299911499,-0.9212784171104431,48.01138687133789
4984,66.16283416748047,70.9377922821045,1001,10.707454681396484,0.0001,1,a2c_opt2_seed1,0.9007784724235535,14.010221481323242,0.9577829241752625,1.1497149467468262,67.13446807861328
4984,66.16283416748047,70.9377922821045,1001,10.167832374572754,0.0001,1,a2c_opt2_seed1,-0.6880706548690796,15.509103775024414,0.9395511746406555,-0.44297072291374207,34.48701095581055
4984,66.16283416748047,70.9377922821045,1001,9.375167846679688,0.0001,1,a2c_opt2_seed1,-0.27383190393447876,13.784972190856934,0.9605311751365662,-0.21131369471549988,39.24384307861328
4985,-6.856193542480469,68.4043334197998,387,81.71709442138672,0.0001,1,a2c_opt2_seed1,-0.5215770602226257,117.48451232910156,0.9745185375213623,-1.5090643167495728,109.95433807373047
4985,-6.856193542480469,68.4043334197998,387,2.14172101020813,0.0001,1,a2c_opt2_seed1,-0.4125708341598511,3.64969801902771,0.9930744767189026,-0.34624868631362915,20.804624557495117
4986,59.23433303833008,67.12641952514649,1001,51.4190788269043,0.0001,1,a2c_opt2_seed1,-3.0056698322296143,77.75032043457031,0.952552080154419,-2.5178022384643555,103.83826446533203
4988,87.77123260498047,65.97623977661132,1001,32.1369514465332,0.0001,1,a2c_opt2_seed1,-0.2532159686088562,46.27229309082031,0.8744073510169983,0.6701688766479492,48.70187759399414
4989,106.0289535522461,68.19640777587891,1001,7.755058288574219,0.0001,1,a2c_opt2_seed1,-0.511249303817749,11.809643745422363,0.8849219083786011,-0.2094201147556305,21.066959381103516
4991,75.45340728759766,68.97346633911133,1001,158.33230590820312,0.0001,1,a2c_opt2_seed1,0.16931992769241333,225.94781494140625,0.965041995048523,3.4385039806365967,253.75978088378906
4991,75.45340728759766,68.97346633911133,1001,13.041732788085938,0.0001,1,a2c_opt2_seed1,0.5131726861000061,17.898666381835938,1.0119102001190186,0.7280629277229309,26.8439884185791
4992,94.98994445800781,67.25111557006836,1001,11.94677734375,0.0001,1,a2c_opt2_seed1,0.06080871820449829,16.980682373046875,1.0191199779510498,0.3924134373664856,21.977249145507812
4992,94.98994445800781,67.25111557006836,1001,4.873059272766113,0.0001,1,a2c_opt2_seed1,-0.673325777053833,7.924129486083984,1.0110081434249878,-0.44250619411468506,32.80588150024414
4992,94.98994445800781,67.25111557006836,1001,9.692254066467285,0.0001,1,a2c_opt2_seed1,-1.1081141233444214,15.429823875427246,1.0164005756378174,-0.7021877765655518,34.459205627441406
4993,-41.77737808227539,64.80333442687989,463,81.62645721435547,0.0001,1,a2c_opt2_seed1,-0.3728773891925812,117.14263916015625,1.0176887512207031,-0.6471726298332214,68.41240692138672
4993,-41.77737808227539,64.80333442687989,463,9.366226196289062,0.0001,1,a2c_opt2_seed1,0.3054843544960022,12.944672584533691,1.05803382396698,0.6362560987472534,59.517547607421875
4994,-57.00924301147461,62.325467834472654,412,117.52517700195312,0.0001,1,a2c_opt2_seed1,-1.4428421258926392,169.95501708984375,0.9983643293380737,-1.403610110282898,100.0028076171875
4994,-57.00924301147461,62.325467834472654,412,11.03536605834961,0.0001,1,a2c_opt2_seed1,0.68552565574646,14.78620433807373,1.005018949508667,0.8787291646003723,38.15486145019531
4994,-57.00924301147461,62.325467834472654,412,1.1048409938812256,0.0001,1,a2c_opt2_seed1,-0.5468956232070923,2.360360860824585,1.0319291353225708,-0.46541857719421387,22.893098831176758
4995,110.21808624267578,62.490975799560545,1001,4.094993591308594,0.0001,1,a2c_opt2_seed1,-0.4433134198188782,6.484020233154297,1.0136744976043701,-0.11592678725719452,10.153249740600586
4995,110.21808624267578,62.490975799560545,1001,5.651623249053955,0.0001,1,a2c_opt2_seed1,0.2573644816875458,7.706846714019775,1.067057490348816,0.27756956219673157,25.83098030090332
4995,110.21808624267578,62.490975799560545,1001,1.3342548608779907,0.0001,1,a2c_opt2_seed1,-0.3471161425113678,2.402719259262085,1.0650023221969604,-0.2997983694076538,14.926012992858887
4997,107.17381286621094,62.13977996826172,1001,27.208576202392578,0.0001,1,a2c_opt2_seed1,0.4389548897743225,38.24303436279297,1.008023738861084,1.2239060401916504,76.56388092041016
4997,107.17381286621094,62.13977996826172,1001,10.507006645202637,0.0001,1,a2c_opt2_seed1,0.6054658889770508,14.145750045776367,0.9688652753829956,1.0020592212677002,79.91850280761719
4998,97.79499816894531,62.1538835144043,1001,21.17920684814453,0.0001,1,a2c_opt2_seed1,0.7500834465026855,29.185195922851562,1.025160312652588,0.7797098159790039,36.52861404418945
4999,106.538818359375,61.666894073486326,1001,5.301162242889404,0.0001,1,a2c_opt2_seed1,-0.2859036922454834,7.982222080230713,0.9792430400848389,-0.1759178340435028,11.385555267333984
4999,106.538818359375,61.666894073486326,1001,3.833620071411133,0.0001,1,a2c_opt2_seed1,-0.7858418226242065,6.599938869476318,0.9898359775543213,-0.3769347071647644,19.865055084228516
5001,106.77457427978516,60.253428802490234,1001,76.21717071533203,0.0001,1,a2c_opt2_seed1,-3.3689799308776855,113.6951904296875,0.9686605930328369,-2.6526198387145996,118.26103973388672
5001,106.77457427978516,60.253428802490234,1001,10.856416702270508,0.0001,1,a2c_opt2_seed1,-0.45995575189590454,16.16694450378418,0.9760208129882812,-0.22877129912376404,30.32822608947754
5002,93.8343505859375,63.177114715576174,1001,14.056015014648438,0.0001,1,a2c_opt2_seed1,0.6184287667274475,19.197267532348633,1.0040606260299683,1.1260738372802734,61.6410026550293
5002,93.8343505859375,63.177114715576174,1001,12.697049140930176,0.0001,1,a2c_opt2_seed1,-1.024827480316162,19.603404998779297,1.013403058052063,-0.5615617632865906,39.357704162597656
5004,88.8089599609375,60.30917709350586,1001,108.53633880615234,0.0001,1,a2c_opt2_seed1,-1.5585356950759888,157.2790985107422,0.9855594635009766,-1.5524206161499023,94.16155242919922
5004,88.8089599609375,60.30917709350586,1001,22.09506607055664,0.0001,1,a2c_opt2_seed1,-0.3286163806915283,32.03456115722656,1.0196675062179565,0.0788741409778595,50.03779983520508
5004,88.8089599609375,60.30917709350586,1001,8.478156089782715,0.0001,1,a2c_opt2_seed1,-0.41249504685401917,12.701668739318848,1.0340309143066406,-0.2815462052822113,30.045589447021484
5004,88.8089599609375,60.30917709350586,1001,14.328584671020508,0.0001,1,a2c_opt2_seed1,-0.5967181324958801,21.322568893432617,0.991455614566803,-0.11270055919885635,19.658916473388672
5004,88.8089599609375,60.30917709350586,1001,18.764463424682617,0.0001,1,a2c_opt2_seed1,0.8910816311836243,25.534095764160156,0.9703159928321838,1.1125907897949219,45.54084014892578
5005,-33.36835479736328,57.81078994750977,592,131.95433044433594,0.0001,1,a2c_opt2_seed1,-1.7054163217544556,190.9431915283203,0.9829576015472412,-2.274562120437622,102.60199737548828
5006,62.66804885864258,59.82513366699219,1001,9.236825942993164,0.0001,1,a2c_opt2_seed1,0.33550387620925903,12.71687126159668,0.9751814007759094,0.2946456968784332,17.214262008666992
5007,128.88812255859375,60.86493911743164,1001,18.649438858032227,0.0001,1,a2c_opt2_seed1,-0.18772751092910767,26.91094970703125,0.9962843656539917,-0.04526376724243164,33.787925720214844
5007,128.88812255859375,60.86493911743164,1001,13.162493705749512,0.0001,1,a2c_opt2_seed1,0.43475618958473206,18.183177947998047,0.9754857420921326,0.7566602230072021,41.811668395996094
5008,29.84039878845215,59.42671443939209,1001,11.983150482177734,0.0001,1,a2c_opt2_seed1,0.24369291961193085,16.7713680267334,1.002242922782898,0.38109904527664185,36.1939697265625
5008,29.84039878845215,59.42671443939209,1001,18.273887634277344,0.0001,1,a2c_opt2_seed1,0.20252841711044312,25.816970825195312,1.0386245250701904,0.5374429225921631,29.24042320251465
5009,66.28153228759766,58.68631450653076,1001,7.404261112213135,0.0001,1,a2c_opt2_seed1,-0.1823321282863617,10.83871841430664,1.019915223121643,-0.009461414068937302,13.857669830322266
5009,66.28153228759766,58.68631450653076,1001,7.230697154998779,0.0001,1,a2c_opt2_seed1,-1.1559163331985474,11.981613159179688,1.0309635400772095,-0.9937425255775452,47.15574645996094
5011,-62.4583854675293,55.97505863189697,505,236.29708862304688,0.0001,1,a2c_opt2_seed1,-4.915457725524902,344.59002685546875,0.9515589475631714,-5.806247711181641,272.922119140625
5012,140.59938049316406,56.977000617980956,1001,16.15749168395996,0.0001,1,a2c_opt2_seed1,0.4251450002193451,22.475509643554688,1.0168395042419434,0.6361419558525085,51.21117401123047
5013,113.38902282714844,56.87799518585205,1001,6.279512882232666,0.0001,1,a2c_opt2_seed1,-0.6583402156829834,9.911958694458008,1.0368980169296265,-0.6049273014068604,30.26088523864746
5014,51.69334030151367,56.402168083190915,1001,31.57510757446289,0.0001,1,a2c_opt2_seed1,0.4578130543231964,44.453975677490234,0.9777183532714844,0.9012069702148438,53.49715042114258
5014,51.69334030151367,56.402168083190915,1001,8.324894905090332,0.0001,1,a2c_opt2_seed1,-0.41804105043411255,12.490652084350586,1.0390914678573608,-0.14486324787139893,15.255279541015625
5014,51.69334030151367,56.402168083190915,1001,15.849796295166016,0.0001,1,a2c_opt2_seed1,-1.173914909362793,24.32029151916504,0.9865770936012268,-0.7966118454933167,45.942630767822266
5015,29.443450927734375,54.50396755218506,372,91.85233306884766,0.0001,1,a2c_opt2_seed1,-2.298046588897705,134.50125122070312,0.9747012853622437,-1.7450127601623535,97.225341796875
5015,29.443450927734375,54.50396755218506,372,7.589334487915039,0.0001,1,a2c_opt2_seed1,-0.2732836604118347,11.23303508758545,1.0127195119857788,-0.18937760591506958,29.38137435913086
5015,29.443450927734375,54.50396755218506,372,12.429383277893066,0.0001,1,a2c_opt2_seed1,-0.24891074001789093,18.11257553100586,1.0160361528396606,-0.038810115307569504,30.897348403930664
5015,29.443450927734375,54.50396755218506,372,12.271642684936523,0.0001,1,a2c_opt2_seed1,-0.7128694653511047,18.55002212524414,1.0047316551208496,-0.31888633966445923,41.12519073486328
5016,93.35259246826172,54.372071495056154,1001,28.865026473999023,0.0001,1,a2c_opt2_seed1,1.181565284729004,39.548492431640625,0.9636479020118713,1.4265848398208618,59.503456115722656
5018,127.69410705566406,56.240103263854984,816,244.33567810058594,0.0001,1,a2c_opt2_seed1,-1.7368183135986328,351.5328674316406,0.9945376515388489,0.8683416843414307,199.0333709716797
5019,83.65263366699219,58.825417060852054,1001,21.764751434326172,0.0001,1,a2c_opt2_seed1,0.5395194292068481,30.322492599487305,1.0274826288223267,0.9935636520385742,42.18147659301758
5019,83.65263366699219,58.825417060852054,1001,16.33926010131836,0.0001,1,a2c_opt2_seed1,0.4391152262687683,22.71522331237793,1.023386001586914,0.3757549524307251,20.85596466064453
5019,83.65263366699219,58.825417060852054,1001,30.684276580810547,0.0001,1,a2c_opt2_seed1,1.0697004795074463,42.307273864746094,1.0296640396118164,0.665137767791748,41.13894271850586
5019,83.65263366699219,58.825417060852054,1001,4.366532802581787,0.0001,1,a2c_opt2_seed1,-0.7428735494613647,7.299891948699951,1.0353667736053467,-0.5761860013008118,34.0567741394043
5020,81.21763610839844,61.624142723083494,1001,13.533462524414062,0.0001,1,a2c_opt2_seed1,0.3978774845600128,18.765827178955078,0.9880749583244324,0.6517812609672546,35.90581130981445
5021,38.289241790771484,60.467549324035645,1001,11.254571914672852,0.0001,1,a2c_opt2_seed1,0.13662563264369965,15.883506774902344,1.016656517982483,0.3159060478210449,25.98981285095215
5022,73.373046875,60.39414798736572,1001,31.851665496826172,0.0001,1,a2c_opt2_seed1,0.4056713283061981,44.92354965209961,0.9822056293487549,1.2873750925064087,73.89032745361328
5022,73.373046875,60.39414798736572,1001,41.895198822021484,0.0001,1,a2c_opt2_seed1,1.207119107246399,58.126529693603516,0.9863125085830688,1.3050363063812256,101.8639907836914
5022,73.373046875,60.39414798736572,1001,8.910240173339844,0.0001,1,a2c_opt2_seed1,-0.32895275950431824,13.199545860290527,0.9784485697746277,-0.4073895514011383,27.031003952026367
5022,73.373046875,60.39414798736572,1001,1.3640254735946655,0.0001,1,a2c_opt2_seed1,-0.47248202562332153,2.624297618865967,1.0017064809799194,-0.3633671700954437,21.197551727294922
5023,79.12952423095703,60.37363620758057,1001,13.291647911071777,0.0001,1,a2c_opt2_seed1,-0.1634644865989685,19.222261428833008,0.9400390386581421,-0.1584376096725464,45.202518463134766
5023,79.12952423095703,60.37363620758057,1001,41.53620529174805,0.0001,1,a2c_opt2_seed1,1.7479671239852905,56.84098815917969,0.9072299599647522,2.329030990600586,107.20662689208984
5023,79.12952423095703,60.37363620758057,1001,3.541008472442627,0.0001,1,a2c_opt2_seed1,-1.0824637413024902,6.605657577514648,0.9754957556724548,-0.8923000693321228,40.54289245605469
5024,97.16098022460938,60.565492134094235,1001,3.189013957977295,0.0001,1,a2c_opt2_seed1,-0.08266298472881317,4.6745195388793945,0.9733909368515015,-0.0616195946931839,14.085648536682129
5024,97.16098022460938,60.565492134094235,1001,3.503422737121582,0.0001,1,a2c_opt2_seed1,-0.6787006855010986,5.975157737731934,0.9739850759506226,-0.5943142175674438,28.67002296447754
5026,64.84844970703125,62.75639949798584,1001,24.01639175415039,0.0001,1,a2c_opt2_seed1,0.7951825261116028,33.17387008666992,0.9996731877326965,0.8021979928016663,37.864158630371094
5027,121.78536987304688,63.37600246429443,1001,17.9119873046875,0.0001,1,a2c_opt2_seed1,0.6247233748435974,24.696794509887695,0.9828648567199707,0.7105922102928162,37.114662170410156
5027,121.78536987304688,63.37600246429443,1001,2.0232341289520264,0.0001,1,a2c_opt2_seed1,-1.1922913789749146,4.59433650970459,1.0197169780731201,-1.0070551633834839,48.82255935668945
5027,121.78536987304688,63.37600246429443,1001,10.643531799316406,0.0001,1,a2c_opt2_seed1,0.031182527542114258,15.161252975463867,1.054426670074463,0.2586478888988495,19.724945068359375
5027,121.78536987304688,63.37600246429443,1001,4.5322418212890625,0.0001,1,a2c_opt2_seed1,-0.772560179233551,7.579058647155762,1.0779370069503784,-0.7285836935043335,38.88127517700195
5029,112.55621337890625,63.551093101501465,1001,22.526952743530273,0.0001,1,a2c_opt2_seed1,0.5219539403915405,31.436464309692383,1.0540461540222168,0.78596431016922,88.96697235107422
5029,112.55621337890625,63.551093101501465,1001,41.98131561279297,0.0001,1,a2c_opt2_seed1,-1.0112147331237793,61.41865158081055,1.0553648471832275,-0.9395922422409058,49.066612243652344
5030,124.91454315185547,63.75375957489014,1001,34.001548767089844,0.0001,1,a2c_opt2_seed1,2.5904955863952637,44.8736572265625,1.0142995119094849,2.5729434490203857,109.9813461303711
5030,124.91454315185547,63.75375957489014,1001,15.598617553710938,0.0001,1,a2c_opt2_seed1,0.09710372984409332,22.145748138427734,1.0210628509521484,0.36117464303970337,29.431440353393555
5030,124.91454315185547,63.75375957489014,1001,4.337067604064941,0.0001,1,a2c_opt2_seed1,-0.39444005489349365,6.760009765625,0.9972615242004395,-0.2714414596557617,26.478971481323242
5031,116.701416015625,66.155319480896,1001,13.715763092041016,0.0001,1,a2c_opt2_seed1,-0.6194740533828735,20.479650497436523,1.0348467826843262,-0.2876538932323456,27.869285583496094
5031,116.701416015625,66.155319480896,1001,8.05555534362793,0.0001,1,a2c_opt2_seed1,0.7217144966125488,10.477651596069336,1.030413031578064,0.7228775024414062,59.3879280090332
5031,116.701416015625,66.155319480896,1001,10.720130920410156,0.0001,1,a2c_opt2_seed1,-2.116335153579712,18.33854866027832,1.0365558862686157,-1.7675950527191162,78.69146728515625
5031,116.701416015625,66.155319480896,1001,8.752264022827148,0.0001,1,a2c_opt2_seed1,-0.8650302886962891,13.739702224731445,0.9936633706092834,-0.36442631483078003,25.24534034729004
5033,164.15350341796875,67.64084896087647,565,174.18753051757812,0.0001,1,a2c_opt2_seed1,1.680647850036621,246.43905639648438,0.9260473847389221,4.8960747718811035,261.6660461425781
5035,99.62132263183594,70.31541988372803,1001,8.743531227111816,0.0001,1,a2c_opt2_seed1,0.24647562205791473,12.139349937438965,0.9779894948005676,0.5400984287261963,31.6406307220459
5037,97.52055358886719,70.68033908843994,1001,72.58937072753906,0.0001,1,a2c_opt2_seed1,0.45042815804481506,103.05632781982422,0.980876624584198,0.3240872621536255,75.38482666015625
5037,97.52055358886719,70.68033908843994,1001,6.723407745361328,0.0001,1,a2c_opt2_seed1,-0.11455724388360977,9.76922607421875,0.9857760667800903,0.21028444170951843,27.869321823120117
5037,97.52055358886719,70.68033908843994,1001,6.554263591766357,0.0001,1,a2c_opt2_seed1,-0.8733454942703247,10.611586570739746,1.003616213798523,-0.7587950825691223,41.45857620239258
5037,97.52055358886719,70.68033908843994,1001,5.62778377532959,0.0001,1,a2c_opt2_seed1,-0.2880595922470093,8.45194149017334,1.0312271118164062,-0.012670353055000305,12.913040161132812
5038,63.15523147583008,70.18801906585693,1001,7.082709312438965,0.0001,1,a2c_opt2_seed1,-0.7212650775909424,11.149262428283691,1.0184621810913086,-0.5185568332672119,39.63802719116211
5039,-46.48008346557617,67.13783832550048,454,138.5914306640625,0.0001,1,a2c_opt2_seed1,-0.4784048795700073,198.671875,0.9578589200973511,0.12859822809696198,107.00392150878906
5040,97.15615844726562,66.41173480987548,1001,18.239376068115234,0.0001,1,a2c_opt2_seed1,1.2286410331726074,24.301769256591797,1.0054149627685547,1.191121220588684,61.8337516784668
5040,97.15615844726562,66.41173480987548,1001,3.099585771560669,0.0001,1,a2c_opt2_seed1,-0.5658453702926636,5.2370524406433105,1.0113242864608765,-0.44720378518104553,30.227502822875977
