episode,total_reward,moving_avg_reward,episode_length,loss,learning_rate,seed,exp_name,policy_loss,return_mean,return_std,grad_norm
1,-132.78085408055188,-132.78085408055188,100,0.0003662109375,0.0005,1,reinforce_gamma_low_seed1,0.0003662109375,3.814697180359872e-08,0.9999999403953552,6.820208363933489e-05
2,-217.3421300626134,-175.06149207158262,92,-0.000110626220703125,0.0005,1,reinforce_gamma_low_seed1,-0.000110626220703125,-1.2957531714263837e-09,1.0,2.233193754364038e-06
3,-238.3727516991966,-196.1652452807873,105,-0.00016617774963378906,0.0005,1,reinforce_gamma_low_seed1,-0.00016617774963378906,-1.1353265882974029e-08,1.0,2.2007252482580952e-05
4,-319.01422399934506,-226.87748996042674,133,0.0024944543838500977,0.0005,1,reinforce_gamma_low_seed1,0.0024944543838500977,1.1293511903431863e-07,1.0,0.0002316039172001183
5,-160.89906288955166,-213.68180454625173,122,-0.00081634521484375,0.0005,1,reinforce_gamma_low_seed1,-0.00081634521484375,-3.6153636528979405e-08,1.0,8.290754340123385e-05
6,-119.0641893213526,-197.91220200876853,97,5.6743621826171875e-05,0.0005,1,reinforce_gamma_low_seed1,5.6743621826171875e-05,7.3737704830989514e-09,1.0,1.4400842701434158e-05
7,-203.4189983045126,-198.6988871938748,67,-0.00014078617095947266,0.0005,1,reinforce_gamma_low_seed1,-0.00014078617095947266,-2.1350917478457632e-08,0.9999999403953552,2.462004886183422e-05
8,-519.3429822369219,-238.7793990742557,83,-0.0007781982421875,0.0005,1,reinforce_gamma_low_seed1,-0.0007781982421875,-7.899410547906882e-08,1.0,0.00020399664936121553
9,-119.32366262116,-225.5065394683562,109,0.0005750656127929688,0.0005,1,reinforce_gamma_low_seed1,0.0005750656127929688,4.319969804100765e-08,1.0,0.00010400104656582698
10,-149.7477077691246,-217.93065629843304,79,-0.000732421875,0.0005,1,reinforce_gamma_low_seed1,-0.000732421875,-8.752074620588246e-08,1.0,7.670090417377651e-05
11,-214.4862359655436,-217.61752717726128,66,-0.00045013427734375,0.0005,1,reinforce_gamma_low_seed1,-0.00045013427734375,-7.405425606066274e-08,1.0,0.00012830163177568465
12,-207.82960094989568,-216.80186665831414,83,0.0009236335754394531,0.0005,1,reinforce_gamma_low_seed1,0.0009236335754394531,9.4792930838139e-08,1.0,0.00011142895527882501
13,-186.78960208234338,-214.493230921701,102,0.000583648681640625,0.0005,1,reinforce_gamma_low_seed1,0.000583648681640625,5.49297709540042e-08,1.0,8.320155029650778e-05
14,-353.53064654498087,-224.4244748947924,117,0.00029397010803222656,0.0005,1,reinforce_gamma_low_seed1,0.00029397010803222656,1.7321008627391166e-08,1.0,2.67775212705601e-05
15,-159.33126620682214,-220.08492764892773,105,-0.0004119873046875,0.0005,1,reinforce_gamma_low_seed1,-0.0004119873046875,-2.1571205266468496e-08,1.0,4.310294025344774e-05
16,-186.1025178859262,-217.96102703874013,121,0.00029778480529785156,0.0005,1,reinforce_gamma_low_seed1,0.00029778480529785156,1.5763211180797043e-08,1.0,5.3827272495254874e-05
17,-507.45755358209,-234.99023448246658,102,0.00136566162109375,0.0005,1,reinforce_gamma_low_seed1,0.00136566162109375,9.641927789516558e-08,1.0,0.000249659875407815
18,-219.8317340429151,-234.14809556915816,95,0.001241445541381836,0.0005,1,reinforce_gamma_low_seed1,0.001241445541381836,9.662226574391752e-08,1.0,0.00013036307063885033
19,-209.4193794077715,-232.84658419224309,76,-0.00061798095703125,0.0005,1,reinforce_gamma_low_seed1,-0.00061798095703125,-7.764289478018327e-08,1.0,0.00013566459529101849
20,-88.74833465776705,-225.6416717155193,63,-0.00022172927856445312,0.0005,1,reinforce_gamma_low_seed1,-0.00022172927856445312,-6.055075374433727e-08,1.0,6.691570888506249e-05
21,-83.59733675535006,-218.87765576503503,84,-0.0001373291015625,0.0005,1,reinforce_gamma_low_seed1,-0.0001373291015625,-5.676632941487014e-09,1.0,8.822818017506506e-06
22,-107.17595694262994,-213.8003058185621,99,0.00044536590576171875,0.0005,1,reinforce_gamma_low_seed1,0.00044536590576171875,3.07054222048464e-08,1.0,4.886422539129853e-05
23,-156.77286782234586,-211.32085199263966,56,0.0005035400390625,0.0005,1,reinforce_gamma_low_seed1,0.0005035400390625,1.1495181695408974e-07,1.0,0.0001334911648882553
24,-396.5947839611625,-219.04059915799476,102,-0.001270294189453125,0.0005,1,reinforce_gamma_low_seed1,-0.001270294189453125,-9.817235735454233e-08,1.0,0.0002811008598655462
25,-383.23421698188525,-225.60834387095036,87,0.0012483596801757812,0.0005,1,reinforce_gamma_low_seed1,0.0012483596801757812,1.332540620069267e-07,1.0,0.00021025103342253715
26,-357.5244297988547,-230.68203948356208,115,0.0005786418914794922,0.0005,1,reinforce_gamma_low_seed1,0.0005786418914794922,3.83542939630388e-08,1.0,7.600484968861565e-05
27,-60.86044010355436,-224.39235061763588,62,-0.00019741058349609375,0.0005,1,reinforce_gamma_low_seed1,-0.00019741058349609375,-3.845460838647341e-08,0.9999999403953552,3.702883259393275e-05
28,-239.60719563611102,-224.93573793972428,100,-0.0007476806640625,0.0005,1,reinforce_gamma_low_seed1,-0.0007476806640625,-5.602836594675864e-08,0.9999999403953552,4.647004243452102e-05
29,-221.1090904407617,-224.80378457769106,80,-3.0517578125e-05,0.0005,1,reinforce_gamma_low_seed1,-3.0517578125e-05,-2.9802322831784522e-09,0.9999999403953552,1.2174365338069038e-06
30,-182.48868807513455,-223.39328136093917,65,-0.001036524772644043,0.0005,1,reinforce_gamma_low_seed1,-0.001036524772644043,-1.7973093235923443e-07,1.0000001192092896,0.00018244364764541388
31,-239.0258029071785,-223.89755624952755,117,-0.0005757808685302734,0.0005,1,reinforce_gamma_low_seed1,-0.0005757808685302734,-2.6236232741894128e-08,0.9999999403953552,4.448403706192039e-05
32,-132.23557782339253,-221.03311942371084,76,-0.000335693359375,0.0005,1,reinforce_gamma_low_seed1,-0.000335693359375,-3.5684358579146647e-08,0.9999999403953552,2.854188460332807e-05
33,-321.6850427853323,-224.08317770739635,64,0.0005950927734375,0.0005,1,reinforce_gamma_low_seed1,0.0005950927734375,9.685754776000977e-08,1.0,0.00015907370834611356
34,-227.17383004096,-224.1740792466188,69,0.0008628368377685547,0.0005,1,reinforce_gamma_low_seed1,0.0008628368377685547,1.2957531225765706e-07,1.0,9.903812315315008e-05
35,-489.2146597230899,-231.74666726023224,120,0.00439453125,0.0005,1,reinforce_gamma_low_seed1,0.00439453125,2.1755695911451767e-07,1.0,0.0008116685203276575
36,-114.04024727643295,-228.4770444829045,78,0.0001964569091796875,0.0005,1,reinforce_gamma_low_seed1,0.0001964569091796875,6.8774590467057806e-09,1.0,6.49243384032161e-06
37,-226.1053670344565,-228.4129450924059,140,0.000579833984375,0.0005,1,reinforce_gamma_low_seed1,0.000579833984375,2.0435878766988935e-08,1.0,4.573725527734496e-05
38,-133.30325399974916,-225.9100584847044,74,-0.00095367431640625,0.0005,1,reinforce_gamma_low_seed1,-0.00095367431640625,-1.2404210281147243e-07,1.0,0.00018409967015031725
39,-65.16601335980283,-221.7884163020146,62,-0.000263214111328125,0.0005,1,reinforce_gamma_low_seed1,-0.000263214111328125,-3.460914754782607e-08,1.0,2.1717854906455614e-05
40,-112.84812821081914,-219.06490909973473,96,0.00030517578125,0.0005,1,reinforce_gamma_low_seed1,0.00030517578125,2.60770320892334e-08,1.0,8.869234443409368e-05
41,-383.78311732811653,-223.0824263735977,121,0.00017142295837402344,0.0005,1,reinforce_gamma_low_seed1,0.00017142295837402344,6.896405224665614e-09,1.0,1.5965542843332514e-05
42,-119.38973163049066,-220.61355268923802,88,0.00091552734375,0.0005,1,reinforce_gamma_low_seed1,0.00091552734375,8.940696716308594e-08,0.9999999403953552,0.00019324741151649505
43,-418.07766509959,-225.20574134994388,89,0.000513911247253418,0.0005,1,reinforce_gamma_low_seed1,0.000513911247253418,4.8219487069900424e-08,1.0,9.247574780602008e-05
44,-386.22165976301676,-228.86519404115006,92,0.00072479248046875,0.0005,1,reinforce_gamma_low_seed1,0.00072479248046875,7.061854745415985e-08,1.0,7.330684456974268e-05
45,-198.42006880828674,-228.188635702642,64,-0.00042724609375,0.0005,1,reinforce_gamma_low_seed1,-0.00042724609375,-6.332993507385254e-08,1.0,7.245011511258781e-05
46,-307.2858441414314,-229.90814023392005,123,7.867813110351562e-05,0.0005,1,reinforce_gamma_low_seed1,7.867813110351562e-05,3.8767247190207854e-09,0.9999999403953552,6.068951734050643e-06
47,-285.3312531579055,-231.08735540251547,96,-0.00091552734375,0.0005,1,reinforce_gamma_low_seed1,-0.00091552734375,-6.457170087514896e-08,1.0,0.00015066626656334847
48,-124.11963043665487,-228.85886113239337,101,0.00069427490234375,0.0005,1,reinforce_gamma_low_seed1,0.00069427490234375,5.1932758537986956e-08,1.0,2.916822450060863e-05
49,-94.40699203550744,-226.11494543653853,70,-0.000148773193359375,0.0005,1,reinforce_gamma_low_seed1,-0.000148773193359375,-2.0435878766988935e-08,1.0,1.28962128655985e-05
50,-120.20332776248412,-223.99671308305747,107,0.000583648681640625,0.0005,1,reinforce_gamma_low_seed1,0.000583648681640625,4.289306332339038e-08,1.0,5.091300772619434e-05
51,-121.16936305497475,-223.76448326254595,63,-0.0003879070281982422,0.0005,1,reinforce_gamma_low_seed1,-0.0003879070281982422,-6.33890664403225e-08,1.0,6.385878805303946e-05
52,-298.0943557252846,-225.37952777579937,108,-0.00030517578125,0.0005,1,reinforce_gamma_low_seed1,-0.00030517578125,-1.8764424680739467e-08,1.0,4.0838265704223886e-05
53,-193.68318427819747,-224.48573642737938,69,0.0003762245178222656,0.0005,1,reinforce_gamma_low_seed1,0.0003762245178222656,4.3191771936790246e-08,1.0,4.65874545625411e-05
54,-108.13717646795635,-220.2681954767516,85,-0.00017118453979492188,0.0005,1,reinforce_gamma_low_seed1,-0.00017118453979492188,-3.997017472556763e-08,1.0,4.0874681872082874e-05
55,-189.48244628283067,-220.8398631446172,86,-3.814697265625e-06,0.0005,1,reinforce_gamma_low_seed1,-3.814697265625e-06,1.1089236195971353e-08,1.0,2.6870271540246904e-05
56,-437.176190043549,-227.20210315906112,94,0.0006732940673828125,0.0005,1,reinforce_gamma_low_seed1,0.0006732940673828125,5.421486193313285e-08,1.0,9.239352948497981e-05
57,-233.02026997150972,-227.79412859240102,91,0.0002765655517578125,0.0005,1,reinforce_gamma_low_seed1,0.0002765655517578125,2.2924863785078742e-08,1.0,2.1964446204947308e-05
58,-126.3164231910128,-219.93359741148288,89,0.00036072731018066406,0.0005,1,reinforce_gamma_low_seed1,0.00036072731018066406,3.750404786728723e-08,1.0,8.510445331921801e-05
59,-55.91351239195278,-218.6653944068987,114,0.00049591064453125,0.0005,1,reinforce_gamma_low_seed1,0.00049591064453125,2.3005300775480464e-08,1.0000001192092896,3.344734068377875e-05
60,-328.61956864980755,-222.24283162451238,112,0.0020751953125,0.0005,1,reinforce_gamma_low_seed1,0.0020751953125,1.1708055325243549e-07,0.9999999403953552,0.00015754693595226854
61,-90.52036940295613,-219.76351429326064,77,0.00032639503479003906,0.0005,1,reinforce_gamma_low_seed1,0.00032639503479003906,3.715614127486333e-08,1.0,1.4580329661839642e-05
62,-158.43542198414352,-218.7756307139456,79,0.00021266937255859375,0.0005,1,reinforce_gamma_low_seed1,0.00021266937255859375,4.376037310294123e-08,1.0,7.448667020071298e-05
63,-260.5333655267543,-220.25050598283383,66,0.0002613067626953125,0.0005,1,reinforce_gamma_low_seed1,0.0002613067626953125,4.967053612858763e-08,1.0,4.2650346586015075e-05
64,-326.4639373251456,-219.7091717984371,91,-0.0022009611129760742,0.0005,1,reinforce_gamma_low_seed1,-0.0022009611129760742,-1.9518883220825956e-07,1.0,0.0001803648192435503
65,-149.75235178213407,-219.51759350994334,115,-0.0002560615539550781,0.0005,1,reinforce_gamma_low_seed1,-0.0002560615539550781,-8.292819764221804e-09,1.0,9.749453056429047e-06
66,-478.9444272740444,-225.3744316977057,100,-0.00286102294921875,0.0005,1,reinforce_gamma_low_seed1,-0.00286102294921875,-2.1457671550706436e-07,1.0,0.0002766194229479879
67,-299.81582337631346,-221.22159709359016,95,-9.584426879882812e-05,0.0005,1,reinforce_gamma_low_seed1,-9.584426879882812e-05,1.2548346806084965e-09,1.0,1.5437419733643765e-06
68,-179.91158594118843,-220.42319413155565,101,-0.00023651123046875,0.0005,1,reinforce_gamma_low_seed1,-0.00023651123046875,-2.1245220693799638e-08,1.0,5.395198968471959e-05
69,-77.81297110857467,-217.79106596557168,63,-8.630752563476562e-05,0.0005,1,reinforce_gamma_low_seed1,-8.630752563476562e-05,-3.216758770463457e-08,0.9999999403953552,2.8562579245772213e-05
70,-303.29134859075884,-222.08192624423154,101,0.0006837844848632812,0.0005,1,reinforce_gamma_low_seed1,0.0006837844848632812,3.65889896158933e-08,1.0,6.411276262952015e-05
71,-170.15009754415482,-223.81298146000765,91,-0.0008525848388671875,0.0005,1,reinforce_gamma_low_seed1,-0.0008525848388671875,-7.597954976290566e-08,1.0,0.00022226340661291033
72,-118.34888840397473,-224.03644008923453,94,-0.00080108642578125,0.0005,1,reinforce_gamma_low_seed1,-0.00080108642578125,-7.672512936096609e-08,1.0,0.00019756041001528502
73,-313.1281687659217,-227.16354610810606,116,0.00031280517578125,0.0005,1,reinforce_gamma_low_seed1,0.00031280517578125,1.1818162448662406e-08,1.0,1.9207574950996786e-05
74,-178.88420557016542,-222.8093345402861,66,-0.0001049041748046875,0.0005,1,reinforce_gamma_low_seed1,-0.0001049041748046875,-1.4449611285272113e-08,1.0,2.2175679987412877e-05
75,-83.28960455492283,-216.81044229174685,84,0.00042724609375,0.0005,1,reinforce_gamma_low_seed1,0.00042724609375,3.476937493473997e-08,0.9999999403953552,4.203812568448484e-05
76,-138.73058287682494,-212.43456535330625,103,0.0010662078857421875,0.0005,1,reinforce_gamma_low_seed1,0.0010662078857421875,6.365544891195896e-08,1.0,0.0001759710576152429
77,-374.11007850229737,-218.69955812128111,93,0.0018639564514160156,0.0005,1,reinforce_gamma_low_seed1,0.0018639564514160156,1.6791845780517178e-07,1.0,0.00039353614556603134
78,-91.7508535417697,-215.74243127939428,58,-3.4332275390625e-05,0.0005,1,reinforce_gamma_low_seed1,-3.4332275390625e-05,-5.6521645142026955e-09,1.0,4.221664767101174e-06
79,-226.7949938991718,-215.8561493485625,79,3.0517578125e-05,0.0005,1,reinforce_gamma_low_seed1,3.0517578125e-05,1.6598761476416257e-08,0.9999999403953552,1.8132212062482722e-05
80,-578.3131823049719,-223.77263923315925,125,0.0016362667083740234,0.0005,1,reinforce_gamma_low_seed1,0.0016362667083740234,7.390976008991856e-08,1.0,0.00032161048147827387
81,-209.87790463378695,-223.1896812676914,55,0.000370025634765625,0.0005,1,reinforce_gamma_low_seed1,0.000370025634765625,1.0512091819236957e-07,1.0,0.00013826957729179412
82,-145.36742579863727,-223.45231822719632,85,-0.001140594482421875,0.0005,1,reinforce_gamma_low_seed1,-0.001140594482421875,-1.0869081989994811e-07,1.0,0.00015368324238806963
83,-86.30786505586697,-218.744774672607,93,-0.0003466606140136719,0.0005,1,reinforce_gamma_low_seed1,-0.0003466606140136719,-2.1790945936572825e-08,1.0,5.749559204559773e-05
84,-373.5241451261439,-221.67178097431068,124,0.00177001953125,0.0005,1,reinforce_gamma_low_seed1,0.00177001953125,8.70035563593774e-08,1.0,0.0001581775868544355
85,-110.61347555263193,-214.0997572909015,80,-0.0002899169921875,0.0005,1,reinforce_gamma_low_seed1,-0.0002899169921875,-1.7881394143159923e-08,1.0,4.510112194111571e-05
86,-190.81486331003663,-215.6352496115736,63,-0.0003638267517089844,0.0005,1,reinforce_gamma_low_seed1,-0.0003638267517089844,-6.717348810525436e-08,1.0,0.00010191331966780126
87,-194.04805624540043,-214.99410339579248,68,-0.00030517578125,0.0005,1,reinforce_gamma_low_seed1,-0.00030517578125,-4.7333099217894414e-08,1.0,2.8435015337890945e-05
88,-197.7633947418616,-216.28330621063472,73,0.0001480579376220703,0.0005,1,reinforce_gamma_low_seed1,0.0001480579376220703,1.7963044385282956e-08,1.0,1.668763070483692e-05
89,-123.60246448309488,-217.4520352331006,101,0.000476837158203125,0.0005,1,reinforce_gamma_low_seed1,0.000476837158203125,2.2425510337598098e-08,1.0,3.688103970489465e-05
90,-490.58824688305924,-225.0068376065454,83,0.0008959770202636719,0.0005,1,reinforce_gamma_low_seed1,0.0008959770202636719,9.838357328817438e-08,1.0,0.00014387196279130876
91,-124.88552614990306,-219.82888578298108,91,0.00051116943359375,0.0005,1,reinforce_gamma_low_seed1,0.00051116943359375,4.977970391450981e-08,0.9999999403953552,8.500370313413441e-05
92,-162.74025604210226,-220.69589627121331,113,-0.0005936622619628906,0.0005,1,reinforce_gamma_low_seed1,-0.0005936622619628906,-3.481333266108777e-08,0.9999999403953552,8.003330003703013e-05
93,-287.0927887864923,-218.07619874495137,88,0.0003528594970703125,0.0005,1,reinforce_gamma_low_seed1,0.0003528594970703125,3.7930227847482456e-08,1.0,5.2274441259214655e-05
94,-273.6386290051885,-215.82453812979483,105,0.0018279552459716797,0.0005,1,reinforce_gamma_low_seed1,0.0018279552459716797,1.226152761546473e-07,0.9999999403953552,0.00017234159167855978
95,-359.237202490645,-219.04088080344198,109,0.00047898292541503906,0.0005,1,reinforce_gamma_low_seed1,0.00047898292541503906,2.7888411580079264e-08,0.9999999403953552,5.680809772456996e-05
96,-237.92567006955005,-217.65367732200434,121,0.0008683204650878906,0.0005,1,reinforce_gamma_low_seed1,0.0008683204650878906,4.334883385581634e-08,1.0,0.00015778870147187263
97,-50.77878887147912,-212.96262803627582,89,-2.765655517578125e-05,0.0005,1,reinforce_gamma_low_seed1,-2.765655517578125e-05,4.018290589158369e-09,0.9999999403953552,6.044240308256121e-06
98,-130.47973100039334,-213.08983004755058,80,-0.0006103515625,0.0005,1,reinforce_gamma_low_seed1,-0.0006103515625,-7.152557657263969e-08,1.0,0.00013392021355684847
99,-337.81371768404244,-217.95796456052128,96,-0.00164794921875,0.0005,1,reinforce_gamma_low_seed1,-0.00164794921875,-1.3907749973895989e-07,1.0,0.00020461071108002216
100,-379.4116713993118,-223.14213143325784,82,-9.5367431640625e-05,0.0005,1,reinforce_gamma_low_seed1,-9.5367431640625e-05,-8.722630617796767e-09,0.9999999403953552,9.316959221905563e-06
101,-436.08955806766085,-229.44053533351155,86,0.0002269744873046875,0.0005,1,reinforce_gamma_low_seed1,0.0002269744873046875,2.4257703401531217e-08,0.9999999403953552,5.975870953989215e-05
102,-514.6160832581269,-233.7709698841684,95,-0.001399993896484375,0.0005,1,reinforce_gamma_low_seed1,-0.001399993896484375,-1.2673829985487828e-07,1.0,0.00016943291120696813
103,-569.5943875571033,-241.2891939497465,99,-0.001970052719116211,0.0005,1,reinforce_gamma_low_seed1,-0.001970052719116211,-1.5954778120885749e-07,0.9999999403953552,0.0006589101976715028
104,-78.31660900512667,-240.69278260048992,91,8.20159912109375e-05,0.0005,1,reinforce_gamma_low_seed1,8.20159912109375e-05,1.5719907153766144e-08,1.0,2.6817013349500485e-05
105,-278.27447535940917,-242.4686231820215,70,-0.000244140625,0.0005,1,reinforce_gamma_low_seed1,-0.000244140625,-2.809933263847597e-08,1.0,4.047994298161939e-05
106,-144.9168585712465,-236.62343655257544,74,-0.0001163482666015625,0.0005,1,reinforce_gamma_low_seed1,-0.0001163482666015625,-1.7720299894108393e-08,1.0,2.1845626179128885e-05
107,-95.76932055164959,-233.87841756417822,60,-7.62939453125e-05,0.0005,1,reinforce_gamma_low_seed1,-7.62939453125e-05,-1.5397866093280754e-08,1.0,1.2838067959819455e-05
108,-227.48260852990643,-235.9017412709561,74,-0.00012683868408203125,0.0005,1,reinforce_gamma_low_seed1,-0.00012683868408203125,-1.2082022493586919e-08,1.0,1.3558797036239412e-05
109,-192.53224038106197,-238.6341158307383,110,-6.103515625e-05,0.0005,1,reinforce_gamma_low_seed1,-6.103515625e-05,3.2511624503683834e-09,1.0,8.843722753226757e-06
110,-205.32516477440248,-236.1682277532302,83,-0.00024175643920898438,0.0005,1,reinforce_gamma_low_seed1,-0.00024175643920898438,-3.447015473057036e-08,1.0,2.7744152248487808e-05
111,-412.13588658796766,-242.60053809693042,80,0.0008544921875,0.0005,1,reinforce_gamma_low_seed1,0.0008544921875,9.536743306171047e-08,1.0,8.330254058819264e-05
112,-74.78185252742557,-240.92746670779607,70,-0.00023651123046875,0.0005,1,reinforce_gamma_low_seed1,-0.00023651123046875,-5.108969602929392e-08,1.0,5.0944396207341924e-05
113,-320.69413023717937,-242.1306820020046,73,0.00046372413635253906,0.0005,1,reinforce_gamma_low_seed1,0.00046372413635253906,6.532015817128922e-08,0.9999999403953552,6.297603977145627e-05
114,-47.225252231476134,-236.5459083001312,73,0.00021886825561523438,0.0005,1,reinforce_gamma_low_seed1,0.00021886825561523438,2.939407117708015e-08,1.0000001192092896,5.656495341099799e-05
115,-376.06538949062224,-241.07216905430093,92,0.002044677734375,0.0005,1,reinforce_gamma_low_seed1,0.002044677734375,1.7622242864945292e-07,1.0,0.0002496046363376081
116,-298.9377697607853,-237.47203590403578,123,-0.0009810924530029297,0.0005,1,reinforce_gamma_low_seed1,-0.0009810924530029297,-5.233578548313744e-08,1.0,0.00011861117673106492
117,-261.24087678569407,-236.70053697222338,89,0.0007777214050292969,0.0005,1,reinforce_gamma_low_seed1,0.0007777214050292969,6.96503690278405e-08,1.0,8.236490248236805e-05
118,-103.68750071165272,-235.17605526763265,101,0.00047087669372558594,0.0005,1,reinforce_gamma_low_seed1,0.00047087669372558594,6.1375082793802e-08,1.0,0.0001199883918161504
119,-105.26922112078502,-235.72518026787685,68,-6.866455078125e-05,0.0005,1,reinforce_gamma_low_seed1,-6.866455078125e-05,-1.4024622352337701e-08,0.9999999403953552,5.656107987306314e-06
120,-412.8909819047627,-237.91717293415695,84,0.00131988525390625,0.0005,1,reinforce_gamma_low_seed1,0.00131988525390625,1.41206243142733e-07,1.0,0.0001753149990690872
121,-158.3387820508278,-237.6809466242904,72,0.00018310546875,0.0005,1,reinforce_gamma_low_seed1,0.00018310546875,3.311369312086754e-08,1.0,2.61791174125392e-05
122,-183.8412605134124,-238.99079406647917,75,-0.0009074211120605469,0.0005,1,reinforce_gamma_low_seed1,-0.0009074211120605469,-1.1245409581306376e-07,1.0,7.111475133569911e-05
123,-477.66986988556016,-242.28162808887194,69,0.0006505250930786133,0.0005,1,reinforce_gamma_low_seed1,0.0006505250930786133,1.0193257793389421e-07,1.0,0.0003165147209074348
124,-248.291223429881,-243.66976844606623,120,-0.00030517578125,0.0005,1,reinforce_gamma_low_seed1,-0.00030517578125,-1.5894572769070692e-08,1.0,3.318375092931092e-05
125,-177.38742914161998,-245.55172493780017,96,-0.001190185546875,0.0005,1,reinforce_gamma_low_seed1,-0.001190185546875,-9.934107225717526e-08,1.0,0.00014093810750637203
126,-482.28428999719523,-252.4227990802076,75,0.0012880563735961914,0.0005,1,reinforce_gamma_low_seed1,0.0012880563735961914,1.748402951307071e-07,1.0,0.00023235377739183605
127,-353.8501665188154,-252.01760084053797,94,-0.001728057861328125,0.0005,1,reinforce_gamma_low_seed1,-0.001728057861328125,-1.3823205335938837e-07,1.0,0.00015265034744516015
128,-241.80146556762526,-255.01861308105504,103,0.00019979476928710938,0.0005,1,reinforce_gamma_low_seed1,0.00019979476928710938,2.7776922095767986e-08,1.0,4.55345943919383e-05
129,-171.44366411019604,-253.91158648527554,67,-0.0004725456237792969,0.0005,1,reinforce_gamma_low_seed1,-0.0004725456237792969,-7.472821295095855e-08,1.0,0.00010045085218735039
130,-358.3741735526894,-249.5128063102299,75,0.0001747608184814453,0.0005,1,reinforce_gamma_low_seed1,0.0001747608184814453,1.7484028447256605e-08,1.0,4.725755570689216e-05
131,-298.4489148271507,-251.28422651409718,128,0.0009765625,0.0005,1,reinforce_gamma_low_seed1,0.0009765625,4.0978193283081055e-08,1.0,6.929831579327583e-05
132,-397.159482317594,-256.3200676444763,94,2.6702880859375e-05,0.0005,1,reinforce_gamma_low_seed1,2.6702880859375e-05,3.804551784725163e-09,1.0,7.291353085747687e-06
133,-167.25184251289136,-257.9389471936168,77,0.0002675056457519531,0.0005,1,reinforce_gamma_low_seed1,0.0002675056457519531,3.870431442010158e-08,1.0,3.9198159356601536e-05
134,-475.1904706152245,-259.9722737033984,127,0.0016324520111083984,0.0005,1,reinforce_gamma_low_seed1,0.0016324520111083984,8.494835412875545e-08,1.0,0.00026717924629338086
135,-289.30975003847345,-263.5461991931152,102,0.0003337860107421875,0.0005,1,reinforce_gamma_low_seed1,0.0003337860107421875,1.9868215517249155e-08,0.9999999403953552,4.3319429096300155e-05
136,-467.0805261314255,-269.071512449543,85,-0.0021033287048339844,0.0005,1,reinforce_gamma_low_seed1,-0.0021033287048339844,-2.2193964355210483e-07,1.0,0.00039061365532688797
137,-208.5546259229203,-269.3616438430934,77,-0.0002911090850830078,0.0005,1,reinforce_gamma_low_seed1,-0.0002911090850830078,-3.0189365674004875e-08,1.0,2.8580518119269982e-05
138,-417.0452198063176,-273.74728034438255,124,-0.00014495849609375,0.0005,1,reinforce_gamma_low_seed1,-0.00014495849609375,-1.1536382515942023e-08,1.0,3.408803604543209e-05
139,-115.22421921605125,-273.57971543904165,73,-0.00013875961303710938,0.0005,1,reinforce_gamma_low_seed1,-0.00013875961303710938,-1.877954503015644e-08,1.0,3.511952672852203e-05
140,-331.8894979894633,-270.4057404611697,123,0.00021147727966308594,0.0005,1,reinforce_gamma_low_seed1,0.00021147727966308594,1.2114765191029164e-08,1.0,3.192772783222608e-05
141,-173.10103659461834,-271.3700506700641,115,-0.0005075931549072266,0.0005,1,reinforce_gamma_low_seed1,-0.0005075931549072266,-2.3841858265427618e-08,1.0,5.604339457931928e-05
142,-449.96072634750794,-277.1144600761721,117,0.0022950172424316406,0.0005,1,reinforce_gamma_low_seed1,0.0022950172424316406,1.426436000429021e-07,1.0,0.0005434537888504565
143,-83.2471558743156,-273.03754741792864,76,0.0003509521484375,0.0005,1,reinforce_gamma_low_seed1,0.0003509521484375,4.705630018975171e-08,1.0,0.00010599020606605336
144,-158.99608412054522,-270.7446965202358,115,0.0010101795196533203,0.0005,1,reinforce_gamma_low_seed1,0.0010101795196533203,5.493993171512557e-08,0.9999999403953552,0.00016631177277304232
145,-124.91474657008614,-266.0582474018246,102,-0.000675201416015625,0.0005,1,reinforce_gamma_low_seed1,-0.000675201416015625,-4.5580023311231344e-08,0.9999999403953552,0.00012512784451246262
146,-50.17873967331785,-262.30330879389993,65,-3.1948089599609375e-05,0.0005,1,reinforce_gamma_low_seed1,-3.1948089599609375e-05,-5.5019673261824664e-09,1.0,6.564276645804057e-06
147,-433.67280535431223,-269.9611891235566,78,-3.814697265625e-05,0.0005,1,reinforce_gamma_low_seed1,-3.814697265625e-05,-3.056648489874192e-09,1.0,9.995504115067888e-06
148,-509.2897164031297,-277.53738883161134,82,-5.340576171875e-05,0.0005,1,reinforce_gamma_low_seed1,-5.340576171875e-05,-7.2688592922531825e-09,1.0,1.1440825801400933e-05
149,-545.7064025273035,-281.69524252847657,87,0.00136566162109375,0.0005,1,reinforce_gamma_low_seed1,0.00136566162109375,1.5894572413799324e-07,1.0,0.00023115318617783487
150,-364.6054908988337,-281.39911891846697,95,0.00017786026000976562,0.0005,1,reinforce_gamma_low_seed1,0.00017786026000976562,2.195960568940336e-08,1.0,2.6850286303670146e-05
151,-542.1146413026165,-283.5196205831661,89,-0.0005426406860351562,0.0005,1,reinforce_gamma_low_seed1,-0.0005426406860351562,-5.0898346870553723e-08,1.0,0.00014542076678480953
152,-462.9668613512816,-282.4866361450292,113,0.00019431114196777344,0.0005,1,reinforce_gamma_low_seed1,0.00019431114196777344,1.6879191377938696e-08,1.0,0.00010460178600624204
153,-499.5183355969653,-281.08511510582645,84,-0.001140594482421875,0.0005,1,reinforce_gamma_low_seed1,-0.001140594482421875,-1.1991886594842072e-07,1.0,0.00018729826842900366
154,-186.00602002961642,-283.23890332631623,73,-0.00025725364685058594,0.0005,1,reinforce_gamma_low_seed1,-0.00025725364685058594,-3.919209490277353e-08,0.9999999403953552,0.00010980222577927634
155,-430.4716051174287,-286.2828459214766,130,0.000225067138671875,0.0005,1,reinforce_gamma_low_seed1,0.000225067138671875,1.1003934652364933e-08,1.0,4.087186971446499e-05
156,-456.5012601640359,-292.5145339533324,100,0.00113677978515625,0.0005,1,reinforce_gamma_low_seed1,0.00113677978515625,9.894370833762878e-08,1.0,0.00029025215189903975
157,-170.41503418783782,-294.00744822605617,64,-0.000518798828125,0.0005,1,reinforce_gamma_low_seed1,-0.000518798828125,-7.078051567077637e-08,0.9999999403953552,4.306056143832393e-05
158,-316.1775430457325,-295.7813469163727,90,-0.00074005126953125,0.0005,1,reinforce_gamma_low_seed1,-0.00074005126953125,-7.020102543719986e-08,1.0,0.00017247028881683946
159,-188.57007468661158,-295.7021036024837,96,-0.000762939453125,0.0005,1,reinforce_gamma_low_seed1,-0.000762939453125,-4.967053612858763e-08,1.0,0.00012173564755357802
160,-463.0041060540632,-300.85568242807693,83,0.0007619857788085938,0.0005,1,reinforce_gamma_low_seed1,0.0007619857788085938,8.976603282917495e-08,1.0,7.53102358430624e-05
161,-401.71597129057625,-300.64728412212907,137,-0.0011563301086425781,0.0005,1,reinforce_gamma_low_seed1,-0.0011563301086425781,-4.742267378787801e-08,1.0,0.00010079093772219494
162,-406.8783416380455,-307.28921390434147,83,0.0010526180267333984,0.0005,1,reinforce_gamma_low_seed1,0.0010526180267333984,1.141823915418172e-07,1.0,0.0002040375693468377
163,-290.8455793062741,-306.6922428857234,122,-0.000701904296875,0.0005,1,reinforce_gamma_low_seed1,-0.000701904296875,-3.224513633881543e-08,1.0,0.00019132117449771613
164,-379.98775234373073,-313.3474928879685,82,-0.001644134521484375,0.0005,1,reinforce_gamma_low_seed1,-0.001644134521484375,-1.8462901607563253e-07,1.0,0.0002551502257119864
165,-416.9954824316119,-314.16609474678825,138,0.001190185546875,0.0005,1,reinforce_gamma_low_seed1,0.001190185546875,4.794286567744166e-08,1.0,0.0004246088210493326
166,-319.95120441786474,-314.58636343992987,81,9.965896606445312e-05,0.0005,1,reinforce_gamma_low_seed1,9.965896606445312e-05,1.1773757080391078e-08,1.0,1.9797611457761377e-05
167,-95.16833205762664,-311.2649125453685,69,-1.1920928955078125e-05,0.0005,1,reinforce_gamma_low_seed1,-1.1920928955078125e-05,-5.183012685705535e-09,1.0,5.564338152908022e-06
168,-290.7587018365715,-315.00633656786687,82,-0.0015468597412109375,0.0005,1,reinforce_gamma_low_seed1,-0.0015468597412109375,-1.8317524563826737e-07,1.0,0.00031034572748467326
169,-133.6911095170683,-315.57477433579254,73,-0.0004878044128417969,0.0005,1,reinforce_gamma_low_seed1,-0.0004878044128417969,-6.695316301374987e-08,0.9999999403953552,6.130115070845932e-05
170,-344.0979346193144,-314.1989133900836,74,-0.0006351470947265625,0.0005,1,reinforce_gamma_low_seed1,-0.0006351470947265625,-9.343430917851947e-08,1.0,8.943024295149371e-05
171,-354.3124447041493,-318.11838664315,79,0.00013518333435058594,0.0005,1,reinforce_gamma_low_seed1,0.00013518333435058594,1.5844273448806234e-08,1.0,2.9593209546874277e-05
172,-280.62598619750867,-320.0540811568319,60,-0.000545501708984375,0.0005,1,reinforce_gamma_low_seed1,-0.000545501708984375,-1.0480483325636669e-07,1.0,7.019571785349399e-05
173,-93.52382639858118,-312.3711602870924,87,0.0003948211669921875,0.0005,1,reinforce_gamma_low_seed1,0.0003948211669921875,5.480886855480094e-08,1.0,5.6606899306643754e-05
174,-536.271876494669,-318.1307733483881,85,0.0007190704345703125,0.0005,1,reinforce_gamma_low_seed1,0.0007190704345703125,8.590080824433244e-08,1.0,0.00018209534755442291
175,-140.5406918669729,-317.39383860289513,78,0.0001659393310546875,0.0005,1,reinforce_gamma_low_seed1,0.0001659393310546875,1.6811567249419568e-08,0.9999999403953552,1.288198745896807e-05
176,-116.10967932344705,-310.0703463894202,73,-2.47955322265625e-05,0.0005,1,reinforce_gamma_low_seed1,-2.47955322265625e-05,-6.532015817128922e-09,1.0,1.1640796401479747e-05
177,-418.78066799812996,-311.3689564190065,130,0.00052642822265625,0.0005,1,reinforce_gamma_low_seed1,0.00052642822265625,1.833989138333436e-08,1.0,0.00010119420767296106
178,-356.05695422377664,-313.6540661921295,90,0.0008716583251953125,0.0005,1,reinforce_gamma_low_seed1,0.0008716583251953125,7.914172073242298e-08,1.0,0.0002255546278320253
179,-383.131302071641,-317.88781895135844,127,-0.0006909370422363281,0.0005,1,reinforce_gamma_low_seed1,-0.0006909370422363281,-2.909833085595892e-08,1.0,0.00011337801697663963
180,-664.3154162692035,-324.00664380568867,128,9.1552734375e-05,0.0005,1,reinforce_gamma_low_seed1,9.1552734375e-05,1.862645149230957e-09,0.9999999403953552,2.022651869992842e-06
181,-463.17774461357965,-327.30122040141725,99,-0.0006914138793945312,0.0005,1,reinforce_gamma_low_seed1,-0.0006914138793945312,-5.0573639498452394e-08,1.0,0.00023074830824043602
182,-446.8940642202474,-328.29591203947035,87,0.0001888275146484375,0.0005,1,reinforce_gamma_low_seed1,0.0001888275146484375,1.0961773710960188e-08,1.0,3.442483284743503e-05
183,-61.390235624597594,-326.17867990170447,71,-8.392333984375e-05,0.0005,1,reinforce_gamma_low_seed1,-8.392333984375e-05,-2.0148048562873555e-08,1.0,1.7683541955193505e-05
184,-408.1882364808696,-324.83863521901736,70,0.00012493133544921875,0.0005,1,reinforce_gamma_low_seed1,0.00012493133544921875,1.362391888193315e-08,1.0,3.377522807568312e-05
185,-176.5958862374081,-322.58435794299606,99,-0.0001354217529296875,0.0005,1,reinforce_gamma_low_seed1,-0.0001354217529296875,-7.826872483462921e-09,1.0,1.341808274446521e-05
186,-511.1855332240945,-323.4664580848494,82,-0.0024967193603515625,0.0005,1,reinforce_gamma_low_seed1,-0.0024967193603515625,-3.0601896128246153e-07,1.0,0.000969548593275249
187,-631.2923619884212,-331.9212128061595,126,0.0015316009521484375,0.0005,1,reinforce_gamma_low_seed1,0.0015316009521484375,7.190401873913288e-08,1.0,0.000180527800694108
188,-431.94389560885213,-332.21918632221013,91,0.00022554397583007812,0.0005,1,reinforce_gamma_low_seed1,0.00022554397583007812,2.8164832244215177e-08,1.0,3.786678280448541e-05
189,-584.0865506446121,-341.5964329507814,124,-2.288818359375e-05,0.0005,1,reinforce_gamma_low_seed1,-2.288818359375e-05,2.8840956289855058e-09,1.0,1.1058095878979657e-05
190,-777.2228980040829,-350.5031009510738,119,0.0001468658447265625,0.0005,1,reinforce_gamma_low_seed1,0.0001468658447265625,8.514949634275126e-09,1.0,3.281481622252613e-05
191,-110.86897598847786,-349.258459738951,67,-0.00023603439331054688,0.0005,1,reinforce_gamma_low_seed1,-0.00023603439331054688,-2.3130160897721908e-08,1.0,3.184947127010673e-05
192,-205.20190229160687,-344.36328325783296,93,0.00013637542724609375,0.0005,1,reinforce_gamma_low_seed1,0.00013637542724609375,1.0895472968286413e-08,1.0,2.0980523913749494e-05
193,-276.9721214404625,-348.2377825691559,89,-0.00042235851287841797,0.0005,1,reinforce_gamma_low_seed1,-0.00042235851287841797,-3.750404786728723e-08,1.0,8.408671419601887e-05
194,-452.6087600386161,-354.1100360875173,90,-0.0003528594970703125,0.0005,1,reinforce_gamma_low_seed1,-0.0003528594970703125,-3.311369312086754e-08,1.0,5.007801155443303e-05
195,-494.1184475396601,-361.49411010690875,89,0.0004448890686035156,0.0005,1,reinforce_gamma_low_seed1,0.0004448890686035156,4.6880057169573774e-08,1.0,0.00019327846530359238
196,-59.92600711883366,-361.68905545581913,87,-0.0001049041748046875,0.0005,1,reinforce_gamma_low_seed1,-0.0001049041748046875,-1.3702217138700234e-08,1.0,3.4735545341391116e-05
197,-581.1630333857918,-364.6388600164487,91,0.0010824203491210938,0.0005,1,reinforce_gamma_low_seed1,0.0010824203491210938,1.0479937628815605e-07,1.0,0.0002808352292049676
198,-423.38969708880745,-362.9208596301622,146,-0.00217437744140625,0.0005,1,reinforce_gamma_low_seed1,-0.00217437744140625,-8.328320433292902e-08,0.9999999403953552,0.0002406973799224943
199,-364.4337325988308,-359.2954062315928,122,-0.0002994537353515625,0.0005,1,reinforce_gamma_low_seed1,-0.0002994537353515625,-1.9053944200209116e-08,1.0,7.081244984874502e-05
200,-96.24507063733085,-353.92819782636275,68,-0.00028228759765625,0.0005,1,reinforce_gamma_low_seed1,-0.00028228759765625,-4.3826943851854594e-08,1.0,2.8072732675354928e-05
201,-352.3130188322942,-350.13216537695627,74,0.0006351470947265625,0.0005,1,reinforce_gamma_low_seed1,0.0006351470947265625,8.699056053274035e-08,1.0,0.000148649764014408
202,-543.1262102730072,-351.7353523553908,100,0.0016937255859375,0.0005,1,reinforce_gamma_low_seed1,0.0016937255859375,1.3113022134803032e-07,1.0,0.0001564702542964369
203,-344.74616139086885,-348.63990887126886,85,-0.0001010894775390625,0.0005,1,reinforce_gamma_low_seed1,-0.0001010894775390625,-2.5244320411843546e-08,1.0,5.426689313026145e-05
204,-451.69007172691545,-353.9535899052148,90,0.0010528564453125,0.0005,1,reinforce_gamma_low_seed1,0.0010528564453125,1.0199016742262756e-07,0.9999999403953552,0.00019324479217175394
205,-167.00686580337737,-348.6842951189338,63,-0.00013971328735351562,0.0005,1,reinforce_gamma_low_seed1,-0.00013971328735351562,-2.4598742598413992e-08,1.0,2.184433651564177e-05
206,-405.20490045669436,-347.65836792478694,95,-0.0003707408905029297,0.0005,1,reinforce_gamma_low_seed1,-0.0003707408905029297,-3.293940764592662e-08,1.0,0.00010865488729905337
207,-170.39143631231923,-347.65789596727666,79,-0.0006377696990966797,0.0005,1,reinforce_gamma_low_seed1,-0.0006377696990966797,-5.885015497142376e-08,1.0,6.560584006365389e-05
208,-133.96099432522954,-344.0135649928665,72,0.0003204345703125,0.0005,1,reinforce_gamma_low_seed1,0.0003204345703125,3.973643103449831e-08,1.0,6.352063792292029e-05
209,-528.5337572521519,-350.8128386441774,84,-0.00063323974609375,0.0005,1,reinforce_gamma_low_seed1,-0.00063323974609375,-7.237706967089252e-08,1.0,0.00017425441183149815
210,-404.53228334575533,-349.64340219001116,104,0.0006103515625,0.0005,1,reinforce_gamma_low_seed1,0.0006103515625,4.011851117979859e-08,1.0,0.00012646440882235765
211,-491.435094353999,-351.4377846512796,101,-0.0012215375900268555,0.0005,1,reinforce_gamma_low_seed1,-0.0012215375900268555,-9.914435850078007e-08,0.9999999403953552,0.0004077893972862512
212,-182.2147749728173,-346.94451331797507,77,0.000492095947265625,0.0005,1,reinforce_gamma_low_seed1,0.000492095947265625,4.876743631143654e-08,1.0,0.00010508466948522255
213,-562.5958582284193,-352.379518896418,86,0.002223968505859375,0.0005,1,reinforce_gamma_low_seed1,0.002223968505859375,2.5297319439232524e-07,1.0,0.0006904915207996964
214,-454.6980886538249,-353.8737256226199,105,-0.00024580955505371094,0.0005,1,reinforce_gamma_low_seed1,-0.00024580955505371094,-2.1571205266468496e-08,1.0,6.601605855394155e-05
215,-595.608401385877,-357.44598400170514,94,0.0009899139404296875,0.0005,1,reinforce_gamma_low_seed1,0.0009899139404296875,8.496832037963031e-08,1.0,0.000221395050175488
216,-527.8731585619557,-361.604423084587,88,-0.00177001953125,0.0005,1,reinforce_gamma_low_seed1,-0.00177001953125,-1.8287788350335177e-07,1.0,0.0004991486785002053
217,-478.7626715595358,-369.27630987462516,95,0.0019516944885253906,0.0005,1,reinforce_gamma_low_seed1,0.0019516944885253906,1.80382471626217e-07,1.0,0.000440824223915115
218,-443.20442820146405,-372.32522440192304,103,0.0011824369430541992,0.0005,1,reinforce_gamma_low_seed1,0.0011824369430541992,8.680287777451667e-08,1.0,0.0003325020952615887
219,-285.1013837962738,-375.35342988750716,73,-0.0011473894119262695,0.0005,1,reinforce_gamma_low_seed1,-0.0011473894119262695,-1.6330039898093673e-07,1.0,0.0002530398196540773
220,-331.8103276737437,-375.10767774859573,87,-0.0001373291015625,0.0005,1,reinforce_gamma_low_seed1,-0.0001373291015625,-3.151509986309975e-08,1.0,9.942342148860916e-05
221,-187.32427864505416,-371.76791442741387,67,-6.341934204101562e-05,0.0005,1,reinforce_gamma_low_seed1,-6.341934204101562e-05,-2.1350917478457632e-08,1.0,7.228474714793265e-06
222,-453.35501290295815,-375.22249496152284,81,0.00016164779663085938,0.0005,1,reinforce_gamma_low_seed1,0.00016164779663085938,2.3547514160782157e-08,1.0,7.095538603607565e-05
223,-371.7353565192624,-380.78672556393644,92,0.0003662109375,0.0005,1,reinforce_gamma_low_seed1,0.0003662109375,4.178803791887731e-08,1.0,3.538304736139253e-05
224,-323.60010544497857,-376.53329014294263,85,0.0002765655517578125,0.0005,1,reinforce_gamma_low_seed1,0.0002765655517578125,3.646401935952781e-08,1.0,9.014383249450475e-05
225,-203.8512616600825,-377.79950153880486,62,1.1444091796875e-05,0.0005,1,reinforce_gamma_low_seed1,1.1444091796875e-05,2.8840956289855058e-09,1.0,3.315331014164258e-06
226,-296.8461546666015,-381.4142310456679,70,0.001621246337890625,0.0005,1,reinforce_gamma_low_seed1,0.001621246337890625,2.6226044269606064e-07,1.0,0.0003139075997751206
227,-188.39788944014322,-376.80657547450824,65,-0.0003750324249267578,0.0005,1,reinforce_gamma_low_seed1,-0.0003750324249267578,-6.052164280845318e-08,1.0,8.74022371135652e-05
228,-549.3314116049776,-380.67206462213215,106,0.001293182373046875,0.0005,1,reinforce_gamma_low_seed1,0.001293182373046875,9.671697398516699e-08,1.0,0.00020791344286408275
229,-472.0037790880664,-382.4495141624607,82,0.0017032623291015625,0.0005,1,reinforce_gamma_low_seed1,0.0017032623291015625,2.0643560105781944e-07,1.0,0.00048118794802576303
230,-131.960223925352,-371.8024103155837,65,6.341934204101562e-05,0.0005,1,reinforce_gamma_low_seed1,6.341934204101562e-05,1.650590242263661e-08,0.9999999403953552,1.6762345694587566e-05
231,-360.072356333493,-369.74030254998195,92,7.62939453125e-06,0.0005,1,reinforce_gamma_low_seed1,7.62939453125e-06,1.9436297016284243e-09,1.0,2.037703552559833e-06
232,-525.0224158125598,-371.3028695818282,80,-0.00098419189453125,0.0005,1,reinforce_gamma_low_seed1,-0.00098419189453125,-1.341104507446289e-07,1.0,0.000377342221327126
233,-318.7086301320226,-376.4492374719767,82,-0.000728607177734375,0.0005,1,reinforce_gamma_low_seed1,-0.000728607177734375,-8.940696716308594e-08,0.9999999403953552,0.00011970073683187366
234,-305.0946870609095,-374.3873664835775,64,-0.000579833984375,0.0005,1,reinforce_gamma_low_seed1,-0.000579833984375,-9.499490261077881e-08,1.0,0.00010700864368118346
235,-157.17201397792283,-373.9988890383878,68,-3.814697265625e-05,0.0005,1,reinforce_gamma_low_seed1,-3.814697265625e-05,-3.5061555880844253e-09,1.0,3.255070168961538e-06
236,-198.40178407111878,-367.7432140553283,81,-0.0004076361656188965,0.0005,1,reinforce_gamma_low_seed1,-0.0004076361656188965,-4.7095028321564314e-08,1.0,0.0001471116120228544
237,-550.7308163930126,-366.1319831434201,84,0.001255035400390625,0.0005,1,reinforce_gamma_low_seed1,0.001255035400390625,1.4972118833611603e-07,1.0,0.0005230069509707391
238,-197.1635080181532,-361.43637539160613,84,7.62939453125e-06,0.0005,1,reinforce_gamma_low_seed1,7.62939453125e-06,-7.095791176858768e-10,1.0,1.244883378603845e-06
239,-462.1379385471966,-358.9974031496578,79,-0.00020503997802734375,0.0005,1,reinforce_gamma_low_seed1,-0.00020503997802734375,-3.847894802788687e-08,1.0,0.0001223277795361355
240,-660.3326193164232,-356.6595975759046,102,-0.00040912628173828125,0.0005,1,reinforce_gamma_low_seed1,-0.00040912628173828125,-3.7398994123805096e-08,0.9999999403953552,5.575451723416336e-05
241,-426.44819911475986,-362.97118203843024,91,-0.0003979206085205078,0.0005,1,reinforce_gamma_low_seed1,-0.0003979206085205078,-3.602478670927667e-08,1.0,6.509252125397325e-05
242,-660.5342839873417,-372.07782967234493,103,-0.001345515251159668,0.0005,1,reinforce_gamma_low_seed1,-0.001345515251159668,-1.001126577193645e-07,1.0,0.0004868565301876515
243,-480.521328538372,-376.14881381430314,105,-0.0009882450103759766,0.0005,1,reinforce_gamma_low_seed1,-0.0009882450103759766,-6.925492357368057e-08,1.0,0.00031025399221107364
244,-349.06279427885374,-374.07789449910786,66,-0.0,0.0005,1,reinforce_gamma_low_seed1,-0.0,7.224805642636056e-09,1.0,4.804882792086573e-06
245,-330.82938238888624,-370.8121131960924,69,-0.0007433891296386719,0.0005,1,reinforce_gamma_low_seed1,-0.0007433891296386719,-1.1920928955078125e-07,1.0,0.00019266489834990352
246,-674.8050186207337,-383.1096934261304,107,-0.0037598609924316406,0.0005,1,reinforce_gamma_low_seed1,-0.0037598609924316406,-2.729558445935254e-07,1.0,0.0007846878725104034
247,-81.51374726491218,-373.1167077037128,63,-0.0002493858337402344,0.0005,1,reinforce_gamma_low_seed1,-0.0002493858337402344,-8.325728373392849e-08,1.0,0.00016427926311735064
248,-331.6689950955418,-371.2822936638475,74,0.001148223876953125,0.0005,1,reinforce_gamma_low_seed1,0.001148223876953125,1.8364674758686306e-07,1.0,0.00028069678228348494
249,-280.44380027107775,-369.6024950172925,100,-0.001434326171875,0.0005,1,reinforce_gamma_low_seed1,-0.001434326171875,-1.1086464013487785e-07,1.0,0.00026504579000175
250,-167.13019787615005,-371.02019756206886,59,8.392333984375e-05,0.0005,1,reinforce_gamma_low_seed1,8.392333984375e-05,2.020496481236478e-08,1.0,3.0977142159827054e-05
251,-613.1147187321387,-376.23623156006573,91,-0.0013017654418945312,0.0005,1,reinforce_gamma_low_seed1,-0.0013017654418945312,-1.4409914683710667e-07,1.0,0.000358664954546839
252,-562.6771893440559,-376.6272511414867,84,0.001338958740234375,0.0005,1,reinforce_gamma_low_seed1,0.001338958740234375,1.5610740433658066e-07,1.0,0.0003687433782033622
253,-191.91302989263647,-373.5705885115221,67,-0.00011730194091796875,0.0005,1,reinforce_gamma_low_seed1,-0.00011730194091796875,-1.6902809818475362e-08,1.0,2.1961022866889834e-05
254,-187.9795341025896,-368.2963777590355,71,-0.00010013580322265625,0.0005,1,reinforce_gamma_low_seed1,-0.00010013580322265625,-2.3506057544864234e-08,1.0,3.189898416167125e-05
255,-391.6458603774733,-372.78915765051744,107,0.0008554458618164062,0.0005,1,reinforce_gamma_low_seed1,0.0008554458618164062,5.7933487340733336e-08,1.0,0.00015904979954939336
256,-485.9567452325201,-374.404194546034,74,0.00026988983154296875,0.0005,1,reinforce_gamma_low_seed1,0.00026988983154296875,3.705153517330473e-08,1.0,8.811591396806762e-05
257,-137.11306209567996,-373.7386270617012,62,0.0006253719329833984,0.0005,1,reinforce_gamma_low_seed1,0.0006253719329833984,1.0767290348212555e-07,1.0,0.00016158037760760635
258,-514.9270123059717,-381.35794742131606,95,-9.918212890625e-05,0.0005,1,reinforce_gamma_low_seed1,-9.918212890625e-05,-1.4744307108571775e-08,1.0,0.00011436398926889524
259,-277.7589902928188,-376.3424520821294,74,2.09808349609375e-05,0.0005,1,reinforce_gamma_low_seed1,2.09808349609375e-05,7.2492136737878354e-09,1.0,8.04271621746011e-06
260,-564.2515668632736,-379.5368377524797,90,-0.001064300537109375,0.0005,1,reinforce_gamma_low_seed1,-0.001064300537109375,-1.2185839182166092e-07,1.0,0.00030103654717095196
261,-501.373363402688,-379.7356031334535,91,0.001127004623413086,0.0005,1,reinforce_gamma_low_seed1,0.001127004623413086,1.1658930532121303e-07,1.0,0.00023358229373116046
262,-523.5613461065374,-386.56253455612796,87,-0.0006117820739746094,0.0005,1,reinforce_gamma_low_seed1,-0.0006117820739746094,-7.741752483525488e-08,1.0,0.00014730478869751096
263,-350.2369454775992,-382.31535630111154,70,0.0001277923583984375,0.0005,1,reinforce_gamma_low_seed1,0.0001277923583984375,1.1920929132713809e-08,0.9999999403953552,1.1964049008383881e-05
264,-206.47417115170657,-377.35087795106915,64,0.0001373291015625,0.0005,1,reinforce_gamma_low_seed1,0.0001373291015625,2.2351741790771484e-08,0.9999999403953552,3.0219964173738845e-05
265,-503.7299559659499,-375.5133090426706,80,0.0008544921875,0.0005,1,reinforce_gamma_low_seed1,0.0008544921875,1.1324882365215672e-07,1.0,0.00014464501873590052
266,-612.3004849251881,-377.2018555699352,84,-0.001708984375,0.0005,1,reinforce_gamma_low_seed1,-0.001708984375,-2.1216415291291923e-07,1.0,0.0010795871494337916
267,-133.4028542787695,-370.2946592243199,62,0.000446319580078125,0.0005,1,reinforce_gamma_low_seed1,0.000446319580078125,7.354444164775487e-08,1.0,5.726313611376099e-05
268,-552.7032300390981,-372.48463526107264,101,-0.0009188652038574219,0.0005,1,reinforce_gamma_low_seed1,-0.0009188652038574219,-7.96695758253918e-08,1.0,0.00022020345204509795
269,-140.80891933702566,-369.59878597188765,66,-0.000335693359375,0.0005,1,reinforce_gamma_low_seed1,-0.000335693359375,-6.59263506008756e-08,1.0,3.131863923044875e-05
270,-342.85286717942483,-369.81963676200127,86,0.0001888275146484375,0.0005,1,reinforce_gamma_low_seed1,0.0001888275146484375,2.4950780996846333e-08,1.0,4.0772207285044715e-05
271,-431.8461821437751,-374.71007483197565,75,-0.0014274120330810547,0.0005,1,reinforce_gamma_low_seed1,-0.0014274120330810547,-2.0503998143794888e-07,1.0,0.0005101822898723185
272,-409.29456957891324,-373.82886596549474,99,0.0012001991271972656,0.0005,1,reinforce_gamma_low_seed1,0.0012001991271972656,9.15142024382476e-08,1.0,0.0002355474716750905
273,-462.16494389627434,-375.637457713035,94,-0.000148773193359375,0.0005,1,reinforce_gamma_low_seed1,-0.000148773193359375,-1.0779563019980287e-08,1.0,2.0366973330965266e-05
274,-498.5038389149971,-379.13553238243543,85,-0.0006661415100097656,0.0005,1,reinforce_gamma_low_seed1,-0.0006661415100097656,-5.890341370218266e-08,1.0,0.00019197494839318097
275,-297.8977262894047,-381.01646167502184,101,0.000640869140625,0.0005,1,reinforce_gamma_low_seed1,0.000640869140625,5.0752468894188496e-08,1.0,0.0003149007970932871
276,-371.52199677053414,-382.5099785171005,81,-0.0004601478576660156,0.0005,1,reinforce_gamma_low_seed1,-0.0004601478576660156,-5.960464477539063e-08,0.9999999403953552,8.460995013592765e-05
277,-338.608878956228,-385.5141983074222,83,0.00036454200744628906,0.0005,1,reinforce_gamma_low_seed1,0.00036454200744628906,4.3805822969034125e-08,1.0,0.00017219885194208473
278,-433.951364500095,-383.20659736532457,73,-0.0002745985984802246,0.0005,1,reinforce_gamma_low_seed1,-0.0002745985984802246,-4.817361798359343e-08,1.0,4.488098784349859e-05
279,-440.98127442325165,-382.58614727202826,79,0.000256955623626709,0.0005,1,reinforce_gamma_low_seed1,0.000256955623626709,4.036517253780403e-08,1.0,9.809400944504887e-05
280,-511.9378635634936,-390.1857000647911,85,-0.0005621910095214844,0.0005,1,reinforce_gamma_low_seed1,-0.0005621910095214844,-7.783665267879769e-08,1.0,0.00012220104690641165
281,-272.28198969133507,-388.4298927319479,83,-3.814697265625e-06,0.0005,1,reinforce_gamma_low_seed1,-3.814697265625e-06,-7.181282679624701e-09,1.0,1.4504231330647599e-05
282,-247.27678283216318,-382.87498007233995,63,-0.0003337860107421875,0.0005,1,reinforce_gamma_low_seed1,-0.0003337860107421875,-7.47423314351181e-08,1.0,0.00010173090413445607
283,-570.9204306289596,-387.91921608227875,96,0.0013275146484375,0.0005,1,reinforce_gamma_low_seed1,0.0013275146484375,1.1672576505361576e-07,1.0,0.0002924595901276916
284,-511.65374826146615,-392.0503973062899,109,0.0010614395141601562,0.0005,1,reinforce_gamma_low_seed1,0.0010614395141601562,8.475889501369238e-08,0.9999999403953552,0.0005105222226120532
285,-171.38506274338454,-392.3346582815991,65,0.0006055831909179688,0.0005,1,reinforce_gamma_low_seed1,0.0006055831909179688,1.0453737786519923e-07,0.9999999403953552,0.00010525862307986245
286,-617.3138031710572,-400.71289866359785,94,0.00060272216796875,0.0005,1,reinforce_gamma_low_seed1,0.00060272216796875,5.770236910507265e-08,1.0,0.00010146979911951348
287,6.691646948071195,-389.5644493967762,96,-6.103515625e-05,0.0005,1,reinforce_gamma_low_seed1,-6.103515625e-05,-2.4835269396561444e-09,0.9999999403953552,4.421408448251896e-06
288,-471.8884153440178,-395.05894754329347,99,0.0003952980041503906,0.0005,1,reinforce_gamma_low_seed1,0.0003952980041503906,3.2511625391862253e-08,1.0,0.00018480769358575344
289,-337.94772442067165,-392.575143260763,85,-0.00020074844360351562,0.0005,1,reinforce_gamma_low_seed1,-0.00020074844360351562,-1.2622160205921773e-08,1.0,4.975204501533881e-05
290,-330.5256439392477,-385.97900375321944,107,0.0005893707275390625,0.0005,1,reinforce_gamma_low_seed1,0.0005893707275390625,4.122190233601941e-08,1.0,0.00010379414743511006
291,-521.687330174253,-387.88378637440934,113,0.0012919902801513672,0.0005,1,reinforce_gamma_low_seed1,0.0012919902801513672,8.33410069844831e-08,1.0,0.00012828846229240298
292,-199.25793136640362,-378.65825932199056,83,-0.00015497207641601562,0.0005,1,reinforce_gamma_low_seed1,-0.00015497207641601562,-2.369823270953475e-08,1.0,2.1445062884595245e-05
293,-216.65334899923846,-373.3808997312079,77,9.012222290039062e-05,0.0005,1,reinforce_gamma_low_seed1,9.012222290039062e-05,4.644517659357916e-09,1.0,7.4356271397846285e-06
294,-533.8600533436688,-377.07684491250416,106,-0.00079345703125,0.0005,1,reinforce_gamma_low_seed1,-0.00079345703125,-6.185387491086658e-08,1.0,0.00015930218796711415
295,-296.4015171520962,-376.38828760776835,64,-0.00026702880859375,0.0005,1,reinforce_gamma_low_seed1,-0.00026702880859375,-5.3085386753082275e-08,1.0,6.697892240481451e-05
296,-195.50182658727692,-366.8022237670993,58,-0.0001850128173828125,0.0005,1,reinforce_gamma_low_seed1,-0.0001850128173828125,-4.4189651049464374e-08,1.0,7.077806367306039e-05
297,-408.89882475378664,-373.34992531687675,99,0.0005593299865722656,0.0005,1,reinforce_gamma_low_seed1,0.0005593299865722656,4.455296576111323e-08,0.9999999403953552,0.00010392889817012474
298,-313.79120587825435,-372.99236953253103,75,-0.00042939186096191406,0.0005,1,reinforce_gamma_low_seed1,-0.00042939186096191406,-5.960464477539063e-08,1.0,4.686247484642081e-05
299,-461.9599287633521,-376.62269210237645,90,0.0005359649658203125,0.0005,1,reinforce_gamma_low_seed1,0.0005359649658203125,4.371007378267677e-08,1.0,0.00019701420387718827
300,-432.06648908490877,-381.92141792655167,82,-0.000946044921875,0.0005,1,reinforce_gamma_low_seed1,-0.000946044921875,-1.1775551911341609e-07,0.9999999403953552,0.0004073356685694307
301,-236.64565849439197,-374.3920367217968,65,-0.00014495849609375,0.0005,1,reinforce_gamma_low_seed1,-0.00014495849609375,-2.9343825147520874e-08,1.0,3.919879600289278e-05
302,-447.6460348527647,-372.0914136319709,89,-0.0007886886596679688,0.0005,1,reinforce_gamma_low_seed1,-0.0007886886596679688,-7.768695553522775e-08,1.0,0.00011895245552295819
303,31.963369234887068,-367.6138856494204,84,-0.00012969970703125,0.0005,1,reinforce_gamma_low_seed1,-0.00012969970703125,-4.257474817137563e-09,1.0,5.8525729400571436e-06
304,-82.20230235611261,-365.49834101449085,61,1.5974044799804688e-05,0.0005,1,reinforce_gamma_low_seed1,1.5974044799804688e-05,-5.862752061602805e-09,0.9999999403953552,5.521755156223662e-06
305,-328.527144747139,-364.2359667018842,93,-0.0001773834228515625,0.0005,1,reinforce_gamma_low_seed1,-0.0001773834228515625,-1.4100023371099724e-08,1.0,3.120945984846912e-05
306,-259.09964063529753,-359.6988246099398,60,0.000698089599609375,0.0005,1,reinforce_gamma_low_seed1,0.000698089599609375,1.534819631388018e-07,1.0,0.00013912103895563632
307,-375.56944484211687,-364.46795226486853,85,-0.00013780593872070312,0.0005,1,reinforce_gamma_low_seed1,-0.00013780593872070312,-2.3841858265427618e-08,1.0,5.7438384828856215e-05
308,-474.85874208029605,-363.6665868603549,78,-0.0019931793212890625,0.0005,1,reinforce_gamma_low_seed1,-0.0019931793212890625,-2.88853271968037e-07,1.0,0.0012087671784684062
309,-257.72058748957227,-363.26581880429,70,0.00084686279296875,0.0005,1,reinforce_gamma_low_seed1,0.00084686279296875,1.3453619374104164e-07,1.0,0.00012919960136059672
310,-148.2421833101107,-354.94563113322675,67,-0.00072479248046875,0.0005,1,reinforce_gamma_low_seed1,-0.00072479248046875,-1.2276777283659612e-07,1.0,0.00018801233090925962
311,-319.879784021555,-351.3157595456042,85,-0.00025463104248046875,0.0005,1,reinforce_gamma_low_seed1,-0.00025463104248046875,-2.3841858265427618e-08,1.0,7.545510743511841e-05
312,-542.6859377213461,-351.6982513779003,108,0.0001983642578125,0.0005,1,reinforce_gamma_low_seed1,0.0001983642578125,7.174633331885616e-09,1.0,2.4674278392922133e-05
313,-510.6564850483414,-354.90664216931515,111,-0.0009584426879882812,0.0005,1,reinforce_gamma_low_seed1,-0.0009584426879882812,-5.8530687851998664e-08,1.0,0.00014392414595931768
314,-204.0403532151676,-354.85796581058435,79,-0.0003185272216796875,0.0005,1,reinforce_gamma_low_seed1,-0.0003185272216796875,-3.3197522952832514e-08,1.0,9.022996528074145e-05
315,-446.28352852643405,-353.7090372617941,109,-3.457069396972656e-05,0.0005,1,reinforce_gamma_low_seed1,-3.457069396972656e-05,-5.468315800172263e-10,1.0,1.3110204690747196e-06
316,-319.8286378497208,-347.85960032028476,98,3.4332275390625e-05,0.0005,1,reinforce_gamma_low_seed1,3.4332275390625e-05,5.473896003138634e-09,1.0,4.808033281733515e-06
317,-435.66166102819227,-353.9047764552732,99,-0.0011458396911621094,0.0005,1,reinforce_gamma_low_seed1,-0.0011458396911621094,-1.02351407349488e-07,1.0,0.0002435686910757795
318,-268.22638560321985,-348.2152395665556,77,0.0002536773681640625,0.0005,1,reinforce_gamma_low_seed1,0.0002536773681640625,2.7867105956147498e-08,1.0,6.859839049866423e-05
319,-273.53049592105754,-350.8696710982362,64,7.62939453125e-05,0.0005,1,reinforce_gamma_low_seed1,7.62939453125e-05,2.421438694000244e-08,1.0,9.06986588233849e-06
320,-366.41412375785865,-351.3408962298049,79,-0.0009889602661132812,0.0005,1,reinforce_gamma_low_seed1,-0.0009889602661132812,-1.1543684053094694e-07,1.0,0.0001503339590271935
321,-384.3110557265722,-350.3901937014609,86,-0.00040435791015625,0.0005,1,reinforce_gamma_low_seed1,-0.00040435791015625,-3.950540516939327e-08,1.0,7.908060069894418e-05
322,-412.26264339404236,-350.4495551777634,91,-0.0012259483337402344,0.0005,1,reinforce_gamma_low_seed1,-0.0012259483337402344,-1.2182927378034947e-07,0.9999999403953552,0.0002477119560353458
323,-407.22433180227677,-349.3507429358835,88,-0.00079345703125,0.0005,1,reinforce_gamma_low_seed1,-0.00079345703125,-8.669766771163268e-08,1.0,0.00014065364666748792
324,-101.13561775004182,-341.40337851258437,71,-0.0002779960632324219,0.0005,1,reinforce_gamma_low_seed1,-0.0002779960632324219,-4.365410433138095e-08,1.0,2.843274523911532e-05
325,-337.7056401727393,-342.1995367902511,93,-0.0013303756713867188,0.0005,1,reinforce_gamma_low_seed1,-0.0013303756713867188,-1.3010476607178134e-07,1.0,0.000328524416545406
326,-364.31466442212474,-342.05539014328286,101,0.0010118484497070312,0.0005,1,reinforce_gamma_low_seed1,0.0010118484497070312,6.963711030039121e-08,0.9999999403953552,0.00028109020786359906
327,-413.2071913447663,-343.5473563910536,79,-0.0015997886657714844,0.0005,1,reinforce_gamma_low_seed1,-0.0015997886657714844,-2.120114572790044e-07,1.0,0.0006744141574017704
328,-554.6127836615364,-345.9605847742825,96,0.0010223388671875,0.0005,1,reinforce_gamma_low_seed1,0.0010223388671875,1.018246038597681e-07,1.0,0.0002756933099590242
329,-172.32652324331147,-340.5874897506837,97,0.0001125335693359375,0.0005,1,reinforce_gamma_low_seed1,0.0001125335693359375,1.2289617323801849e-08,0.9999999403953552,4.11372420785483e-05
330,-131.51508899336778,-332.9790342592812,70,0.0010662078857421875,0.0005,1,reinforce_gamma_low_seed1,0.0010662078857421875,1.9073486612342094e-07,1.0,0.00033525514299981296
331,-215.5416452629297,-331.84422737071304,84,-0.001556396484375,0.0005,1,reinforce_gamma_low_seed1,-0.001556396484375,-1.564621925354004e-07,1.0,0.00027425523148849607
332,-430.4717893708867,-335.50812750148754,90,0.0012874603271484375,0.0005,1,reinforce_gamma_low_seed1,0.0012874603271484375,1.3245477248347015e-07,1.0,9.534823766443878e-05
333,-265.91738100973794,-329.4080665091031,91,-0.0010402202606201172,0.0005,1,reinforce_gamma_low_seed1,-0.0010402202606201172,-9.69394235994514e-08,1.0,0.0002728827821556479
334,-409.54249396923797,-327.36584142325853,84,-0.0006866455078125,0.0005,1,reinforce_gamma_low_seed1,-0.0006866455078125,-7.521538236687775e-08,1.0,8.09005941846408e-05
335,-513.0291398176571,-334.1987229647439,90,-0.0004978179931640625,0.0005,1,reinforce_gamma_low_seed1,-0.0004978179931640625,-5.298190686175985e-08,1.0,7.078652561176568e-05
336,-78.58645306846581,-323.4241759626921,72,0.0001678466796875,0.0005,1,reinforce_gamma_low_seed1,0.0001678466796875,2.6490953430879927e-08,0.9999999403953552,2.1120864403201267e-05
337,-126.24243696309406,-326.08285764091545,84,0.00048828125,0.0005,1,reinforce_gamma_low_seed1,0.00048828125,6.421690557090187e-08,1.0,0.00010348494106438011
338,-472.6550721164035,-326.09819077636314,99,0.0005116462707519531,0.0005,1,reinforce_gamma_low_seed1,0.0005116462707519531,4.0338495210789915e-08,1.0,6.54985778965056e-05
339,-397.7386319576395,-327.29400892710254,85,0.0011129379272460938,0.0005,1,reinforce_gamma_low_seed1,0.0011129379272460938,1.2516974834397843e-07,1.0,0.0005251598777249455
340,-354.58490566410285,-327.77519416159964,115,-0.00042891502380371094,0.0005,1,reinforce_gamma_low_seed1,-0.00042891502380371094,-3.0061471534281736e-08,1.0,0.00012735115888062865
341,-253.43963794106432,-322.41024031693587,92,-0.0002288818359375,0.0005,1,reinforce_gamma_low_seed1,-0.0002288818359375,-1.716872866097674e-08,1.0,2.54726273851702e-05
342,-124.8884539810342,-320.9228507692285,62,3.0517578125e-05,0.0005,1,reinforce_gamma_low_seed1,3.0517578125e-05,1.0575017306280188e-08,0.9999999403953552,1.2956125829077791e-05
343,-320.51032651036934,-322.99999031945106,83,-0.0008976459503173828,0.0005,1,reinforce_gamma_low_seed1,-0.0008976459503173828,-1.145414572079062e-07,1.0,0.0003508134977892041
344,-277.57668519369196,-317.8743229564515,87,0.0007004737854003906,0.0005,1,reinforce_gamma_low_seed1,0.0007004737854003906,5.480886855480094e-08,1.0,0.00024450389901176095
345,-186.1858282087876,-315.67000917758537,70,-0.00049591064453125,0.0005,1,reinforce_gamma_low_seed1,-0.00049591064453125,-8.85554740648331e-08,1.0,8.189439540728927e-05
346,-374.5446812178335,-319.25086627019647,91,-0.0009403228759765625,0.0005,1,reinforce_gamma_low_seed1,-0.0009403228759765625,-9.955940782901962e-08,1.0,0.0004483613884076476
347,-322.02707610414785,-317.51343129720374,135,0.00020313262939453125,0.0005,1,reinforce_gamma_low_seed1,0.00020313262939453125,1.1479412975745618e-08,1.0,6.282720278250054e-05
348,-426.2510542441262,-319.76262826452114,92,0.00189208984375,0.0005,1,reinforce_gamma_low_seed1,0.00189208984375,1.8399694567960978e-07,1.0,0.00026754557620733976
349,-118.84201513309603,-312.90026999191605,70,0.00017547607421875,0.0005,1,reinforce_gamma_low_seed1,0.00017547607421875,8.514949634275126e-09,1.0,1.5133982742554508e-05
350,-184.62953163031716,-307.95153084282424,89,-0.0004069209098815918,0.0005,1,reinforce_gamma_low_seed1,-0.0004069209098815918,-3.4155469563756924e-08,0.9999999403953552,3.5314351407578215e-05
351,-560.1926004335398,-314.4224696816072,137,-0.002501964569091797,0.0005,1,reinforce_gamma_low_seed1,-0.002501964569091797,-1.1224816631738577e-07,1.0,0.0008139230776578188
352,-106.84690806097352,-307.6064871457713,68,-1.52587890625e-05,0.0005,1,reinforce_gamma_low_seed1,-1.52587890625e-05,3.5061555880844253e-09,1.0,2.3179188701760722e-06
353,-385.0947797346098,-315.94765012516126,83,0.0003222227096557617,0.0005,1,reinforce_gamma_low_seed1,0.0003222227096557617,3.087951583324866e-08,0.9999999403953552,3.80279088858515e-05
354,-193.9636676266091,-318.1828774305712,98,0.0007534027099609375,0.0005,1,reinforce_gamma_low_seed1,0.0007534027099609375,6.568674848494993e-08,1.0,0.00015866397006902844
355,-236.2464283507073,-316.33726310264257,85,-0.00030040740966796875,0.0005,1,reinforce_gamma_low_seed1,-0.00030040740966796875,-2.3491242728823636e-08,1.0,7.478114275727421e-05
356,-415.0400816310881,-319.45607192255835,100,-7.62939453125e-05,0.0005,1,reinforce_gamma_low_seed1,-7.62939453125e-05,-4.76837147544984e-09,1.0,3.330693289171904e-05
357,-284.36589414862726,-317.6320009086886,87,-0.0003876686096191406,0.0005,1,reinforce_gamma_low_seed1,-0.0003876686096191406,-2.945976618207169e-08,1.0,7.761891902191564e-05
358,-258.66608560918445,-313.3081477792664,57,-0.000278472900390625,0.0005,1,reinforce_gamma_low_seed1,-0.000278472900390625,-6.692451393064403e-08,0.9999999403953552,2.9540637115132995e-05
359,-338.2354261518559,-314.918444552512,116,-5.340576171875e-05,0.0005,1,reinforce_gamma_low_seed1,-5.340576171875e-05,-1.5414994836149276e-09,1.0,9.032235539052635e-06
360,-267.07492626246864,-317.2950994115592,86,-0.00171661376953125,0.0005,1,reinforce_gamma_low_seed1,-0.00171661376953125,-1.8331893159029278e-07,1.0,0.00013100863725412637
361,-145.0452823903315,-313.79840937893476,70,0.00026702880859375,0.0005,1,reinforce_gamma_low_seed1,0.00026702880859375,5.279268577851326e-08,1.0,9.374737419420853e-05
362,-400.12270825921337,-310.94714478969206,81,-0.0004849433898925781,0.0005,1,reinforce_gamma_low_seed1,-0.0004849433898925781,-6.328394164256679e-08,1.0,8.998632984003052e-05
363,-399.8741860667182,-308.7314988100596,100,-0.00089263916015625,0.0005,1,reinforce_gamma_low_seed1,-0.00089263916015625,-6.19888282926695e-08,1.0,9.313238842878491e-05
364,-257.9448284319607,-309.80958831439546,100,-0.0010223388671875,0.0005,1,reinforce_gamma_low_seed1,-0.0010223388671875,-8.225440950582197e-08,1.0,8.782332588452846e-05
365,-439.364683143335,-309.6712114067335,100,-0.000946044921875,0.0005,1,reinforce_gamma_low_seed1,-0.000946044921875,-7.152557657263969e-08,1.0,0.0003261262900196016
366,-309.4475357878332,-309.4635893654957,101,-0.0016317367553710938,0.0005,1,reinforce_gamma_low_seed1,-0.0016317367553710938,-1.2156986883837817e-07,1.0,0.00043529056711122394
367,-392.2199955073206,-308.5947560550783,95,0.00077056884765625,0.0005,1,reinforce_gamma_low_seed1,0.00077056884765625,5.5212723282238585e-08,1.0,0.00021379363897722214
368,-107.32825756479168,-305.37679349430977,59,3.337860107421875e-06,0.0005,1,reinforce_gamma_low_seed1,3.337860107421875e-06,3.5358687089370733e-09,0.9999999403953552,3.0508797408401733e-06
369,-102.09668163356226,-301.94811720855984,61,-0.000148773193359375,0.0005,1,reinforce_gamma_low_seed1,-0.000148773193359375,-2.9313760308014025e-08,1.0,2.4772065444267355e-05
370,-373.28179301006793,-302.085470593604,97,-0.0002715587615966797,0.0005,1,reinforce_gamma_low_seed1,-0.0002715587615966797,-1.966338736281159e-08,1.0,2.8667014703387395e-05
371,-247.2626621191715,-299.344502721456,78,-0.000965118408203125,0.0005,1,reinforce_gamma_low_seed1,-0.000965118408203125,-1.2532258608644042e-07,1.0,0.0003011598892044276
372,-206.66482512709302,-295.23254635611704,70,-0.000286102294921875,0.0005,1,reinforce_gamma_low_seed1,-0.000286102294921875,-3.916876778475853e-08,0.9999999403953552,2.8286443921388127e-05
373,-204.20764911129982,-291.1722127022975,77,0.00037932395935058594,0.0005,1,reinforce_gamma_low_seed1,0.00037932395935058594,4.7993349738817415e-08,1.0,5.6922661315184087e-05
374,-449.0034787772464,-298.1295699228416,94,0.0008602142333984375,0.0005,1,reinforce_gamma_low_seed1,0.0008602142333984375,5.928759705398079e-08,1.0,0.0003109016688540578
375,-192.79040090123942,-295.2312651374116,110,6.866455078125e-05,0.0005,1,reinforce_gamma_low_seed1,6.866455078125e-05,-8.39883629311089e-09,1.0,2.9578075555036776e-05
376,-413.5763910203313,-296.2164996693757,107,0.0012739896774291992,0.0005,1,reinforce_gamma_low_seed1,0.0012739896774291992,9.637012965413305e-08,1.0,0.00015762988186907023
377,-276.08854201489913,-293.4741266827784,65,0.0003579854965209961,0.0005,1,reinforce_gamma_low_seed1,0.0003579854965209961,6.694060061818163e-08,1.0,0.00013343112368602306
378,-378.41211375808433,-289.95011328470935,83,0.0006525516510009766,0.0005,1,reinforce_gamma_low_seed1,0.0006525516510009766,7.109469635224741e-08,0.9999999403953552,0.00015506289491895586
379,-407.2225841301859,-294.64803450244676,78,-0.00064849853515625,0.0005,1,reinforce_gamma_low_seed1,-0.00064849853515625,-7.565204640513912e-08,1.0,0.00010780076991068199
380,-399.4557876574603,-300.00684847572865,71,-0.0006875991821289062,0.0005,1,reinforce_gamma_low_seed1,-0.0006875991821289062,-1.200487957930818e-07,1.0,0.0002590107615105808
381,-491.516548831189,-305.52634654709385,81,-7.677078247070312e-05,0.0005,1,reinforce_gamma_low_seed1,-7.677078247070312e-05,-8.830317810293309e-09,1.0,1.820260331442114e-05
382,-615.8783398240465,-309.23447755615706,103,-0.00040435791015625,0.0005,1,reinforce_gamma_low_seed1,-0.00040435791015625,-4.629486838325647e-08,1.0,0.0002960287965834141
383,-374.1287730751646,-311.39870539746556,68,6.4849853515625e-05,0.0005,1,reinforce_gamma_low_seed1,6.4849853515625e-05,8.76538930327797e-09,1.0,1.0145066880795639e-05
384,-177.04712304549582,-306.74879797899075,102,-0.0013885498046875,0.0005,1,reinforce_gamma_low_seed1,-0.0013885498046875,-1.0869081989994811e-07,1.0,0.0001717882842058316
385,-586.8343847665471,-308.22490287796853,102,5.340576171875e-05,0.0005,1,reinforce_gamma_low_seed1,5.340576171875e-05,5.25923349314894e-09,1.0,1.297838844038779e-05
386,-187.39173100347125,-310.40100843666863,111,0.0006699562072753906,0.0005,1,reinforce_gamma_low_seed1,0.0006699562072753906,3.2218725465327225e-08,0.9999999403953552,0.0001435013982700184
387,-99.65511701745422,-309.86926203775585,67,7.414817810058594e-05,0.0005,1,reinforce_gamma_low_seed1,7.414817810058594e-05,1.2454702158493092e-08,1.0,2.076617420243565e-05
388,-453.4763698431268,-309.4856879922903,90,0.000946044921875,0.0005,1,reinforce_gamma_low_seed1,0.000946044921875,8.940696716308594e-08,1.0,0.00032353075221180916
389,-427.79579697610956,-310.0868312926597,96,0.0014801025390625,0.0005,1,reinforce_gamma_low_seed1,0.0014801025390625,1.3162691914203606e-07,1.0,0.000619241502135992
390,-496.9140087836008,-312.93341335504965,93,-0.002363443374633789,0.0005,1,reinforce_gamma_low_seed1,-0.002363443374633789,-2.5956862259590707e-07,1.0,0.0010141103994101286
391,-113.13863071941307,-310.1273932106167,68,-0.00018310546875,0.0005,1,reinforce_gamma_low_seed1,-0.00018310546875,-3.681463311977495e-08,1.0,8.854708721628413e-05
392,-195.58941583221682,-311.5414124476403,80,-0.000274658203125,0.0005,1,reinforce_gamma_low_seed1,-0.000274658203125,-4.17232506322307e-08,1.0,0.00011443351104389876
393,-269.3157462411109,-310.5175208422551,64,-5.340576171875e-05,0.0005,1,reinforce_gamma_low_seed1,-5.340576171875e-05,-1.862645149230957e-08,1.0,1.4516514056595042e-05
394,-333.8367400443193,-311.6427219392677,99,0.0016565322875976562,0.0005,1,reinforce_gamma_low_seed1,0.0016565322875976562,1.2522995973540674e-07,1.0,0.0002862562832888216
395,-470.06939351981623,-317.3203932454882,91,-0.0006434321403503418,0.0005,1,reinforce_gamma_low_seed1,-0.0006434321403503418,-6.68096049594169e-08,1.0,0.00011132572399219498
396,-426.27665370034737,-318.3550326951385,98,0.0023040771484375,0.0005,1,reinforce_gamma_low_seed1,0.0023040771484375,1.8976172100337863e-07,1.0,0.0006777078378945589
397,-341.2049581358584,-318.73859033577276,81,0.0016260147094726562,0.0005,1,reinforce_gamma_low_seed1,0.0016260147094726562,2.0309731496581662e-07,1.0,0.0003030224470421672
398,-522.1921496463924,-320.65741224381804,113,-0.0017619132995605469,0.0005,1,reinforce_gamma_low_seed1,-0.0017619132995605469,-1.0338504807805293e-07,1.0,0.00029568170430138707
399,-47.259121009255956,-319.2257543613412,66,5.53131103515625e-05,0.0005,1,reinforce_gamma_low_seed1,5.53131103515625e-05,5.418604231977042e-09,1.0,1.1284962965874001e-05
400,-334.2117173779293,-322.2173980762935,104,0.0006103515625,0.0005,1,reinforce_gamma_low_seed1,0.0006103515625,5.0434699971901864e-08,1.0,0.00022371349041350186
401,-579.9798347416006,-322.6131427624547,115,0.0006034374237060547,0.0005,1,reinforce_gamma_low_seed1,0.0006034374237060547,3.4726184594546794e-08,1.0,0.00011779865599237382
402,-422.1091829689229,-328.9183882606137,124,0.00067901611328125,0.0005,1,reinforce_gamma_low_seed1,0.00067901611328125,2.6918225870531387e-08,1.0,4.3392905354266986e-05
403,-596.3262400408764,-333.143017466739,84,-0.00052642822265625,0.0005,1,reinforce_gamma_low_seed1,-0.00052642822265625,-6.670043717349472e-08,1.0,0.0001276226103072986
404,-556.1761110099461,-340.3872663344058,87,-0.0001068115234375,0.0005,1,reinforce_gamma_low_seed1,-0.0001068115234375,-1.3359661821255031e-08,1.0,2.2684827854391187e-05
405,-314.8041612088035,-341.95842099156766,85,-0.00014197826385498047,0.0005,1,reinforce_gamma_low_seed1,-0.00014197826385498047,-1.0167851449693899e-08,1.0,1.9952867660322227e-05
406,-421.0237377503571,-342.07809411395306,90,0.0005245208740234375,0.0005,1,reinforce_gamma_low_seed1,0.0005245208740234375,5.828009719266447e-08,0.9999999403953552,0.00011053078924305737
407,-205.36443167780612,-340.4980648645367,65,-0.0006792545318603516,0.0005,1,reinforce_gamma_low_seed1,-0.0006792545318603516,-1.3571519730248838e-07,1.0,0.0002782863739412278
408,-502.53199414080416,-345.3753830351691,92,0.0009002685546875,0.0005,1,reinforce_gamma_low_seed1,0.0009002685546875,8.163245013292908e-08,1.0,0.00020230461086612195
409,-137.4352861825218,-341.3593802357824,70,-4.00543212890625e-05,0.0005,1,reinforce_gamma_low_seed1,-4.00543212890625e-05,-1.0217939383494468e-08,1.0,7.427257969538914e-06
410,-324.0771726184148,-342.49942516290133,105,0.0003724098205566406,0.0005,1,reinforce_gamma_low_seed1,0.0003724098205566406,2.9518490762825422e-08,1.0,4.7899364290060475e-05
411,-392.2900045754173,-347.444319606603,101,-0.0009763240814208984,0.0005,1,reinforce_gamma_low_seed1,-0.0009763240814208984,-6.845682065659275e-08,1.0,9.14917400223203e-05
412,-630.2038334393089,-352.0459421102049,115,-3.1828880310058594e-05,0.0005,1,reinforce_gamma_low_seed1,-3.1828880310058594e-05,1.0366024705277255e-09,1.0,5.654811957356287e-06
413,-442.3354091136031,-352.8951665711426,114,-0.0005273818969726562,0.0005,1,reinforce_gamma_low_seed1,-0.0005273818969726562,-3.555364713747622e-08,1.0,0.00017180413124151528
414,-155.37827654945377,-350.84383553349244,64,0.00026702880859375,0.0005,1,reinforce_gamma_low_seed1,0.00026702880859375,6.705522537231445e-08,1.0,7.023003126960248e-05
415,-289.0987268500261,-347.8385164076263,112,-0.000701904296875,0.0005,1,reinforce_gamma_low_seed1,-0.000701904296875,-5.002532788012104e-08,1.0,0.00018577217997517437
416,-520.119308432944,-352.0519518605285,85,-0.0006196498870849609,0.0005,1,reinforce_gamma_low_seed1,-0.0006196498870849609,-7.012311442622376e-08,1.0,0.00017096818191930652
417,-358.573522646804,-351.3790224033182,98,-0.0017242431640625,0.0005,1,reinforce_gamma_low_seed1,-0.0017242431640625,-1.5205266379325622e-07,1.0,0.0003079261223319918
418,-275.877870498856,-354.75001466199944,81,-0.0013883113861083984,0.0005,1,reinforce_gamma_low_seed1,-0.0013883113861083984,-1.7071947411295696e-07,1.0,0.00018703275418374687
419,-465.93768514902797,-362.02683473230877,97,-4.8160552978515625e-05,0.0005,1,reinforce_gamma_low_seed1,-4.8160552978515625e-05,1.2289617101757244e-09,1.0,3.1015295007819077e-06
420,-130.08239286349695,-357.16284672937735,88,1.52587890625e-05,0.0005,1,reinforce_gamma_low_seed1,1.52587890625e-05,-6.773255289971303e-09,1.0,1.2410770978021901e-05
421,-419.4665283273292,-360.6069240535405,78,0.00015354156494140625,0.0005,1,reinforce_gamma_low_seed1,0.00015354156494140625,2.2924863785078742e-08,1.0,3.6730081774294376e-05
422,-5.177185971627566,-356.5771712704312,122,-0.00017547607421875,0.0005,1,reinforce_gamma_low_seed1,-0.00017547607421875,-4.885626569972601e-09,1.0,2.0843755919486284e-05
423,-395.4138766778634,-360.40129582176246,105,-0.0001461505889892578,0.0005,1,reinforce_gamma_low_seed1,-0.0001461505889892578,-1.1353265882974029e-08,1.0,3.458836363279261e-05
424,-211.9170928258855,-355.6595681027353,68,0.0001068115234375,0.0005,1,reinforce_gamma_low_seed1,0.0001068115234375,1.577770092353603e-08,1.0,3.9507645851699635e-05
425,-155.18156819308956,-354.90739144857224,127,0.0004487037658691406,0.0005,1,reinforce_gamma_low_seed1,0.0004487037658691406,3.191429698290449e-08,1.0,0.00023528501333203167
426,-64.36133276903149,-347.9230902835463,86,-0.0001068115234375,0.0005,1,reinforce_gamma_low_seed1,-0.0001068115234375,-2.4950780996846333e-08,1.0,5.6702756410231814e-05
427,-35.89926184657628,-343.1193046801798,85,-8.678436279296875e-05,0.0005,1,reinforce_gamma_low_seed1,-8.678436279296875e-05,-1.542708538693205e-08,1.0,1.9001330656465143e-05
428,-275.50713656626914,-341.06120513634346,86,-0.000408172607421875,0.0005,1,reinforce_gamma_low_seed1,-0.000408172607421875,-5.54461827562136e-08,1.0,6.809351907577366e-05
429,-503.43620129633644,-342.98547747966654,86,-0.0002269744873046875,0.0005,1,reinforce_gamma_low_seed1,-0.0002269744873046875,-2.7030013782791684e-08,1.0,9.233968012267724e-05
430,-519.4360820951222,-345.3850833684197,116,-0.001312255859375,0.0005,1,reinforce_gamma_low_seed1,-0.001312255859375,-8.272713358792316e-08,1.0,0.0003799622063525021
431,-359.8007033129327,-342.7507664580546,96,0.001190185546875,0.0005,1,reinforce_gamma_low_seed1,0.001190185546875,8.940696716308594e-08,1.0,0.00020492987823672593
432,-105.86056812242138,-332.5504110240221,84,0.00040435791015625,0.0005,1,reinforce_gamma_low_seed1,0.00040435791015625,4.967053612858763e-08,1.0,5.99736777076032e-05
433,-420.8150013428943,-333.48413558937676,107,-0.00084686279296875,0.0005,1,reinforce_gamma_low_seed1,-0.00084686279296875,-5.292001148404779e-08,1.0,4.07272600568831e-05
434,-335.50165594713565,-336.6532262474095,73,-0.0005290508270263672,0.0005,1,reinforce_gamma_low_seed1,-0.0005290508270263672,-7.348517527816512e-08,1.0,0.00011694852582877502
435,-381.29989197039316,-332.5425363914864,80,0.0009002685546875,0.0005,1,reinforce_gamma_low_seed1,0.0009002685546875,1.028180136586343e-07,1.0,0.0001392205012962222
436,-509.74434564132514,-338.9895886842435,84,1.52587890625e-05,0.0005,1,reinforce_gamma_low_seed1,1.52587890625e-05,-1.4191582353717536e-09,1.0,2.826843910952448e-06
437,-545.4079702810203,-347.9046457495148,104,-0.0016021728515625,0.0005,1,reinforce_gamma_low_seed1,-0.0016021728515625,-1.1806304911488041e-07,1.0,0.000518303771968931
438,-340.6189009981216,-345.6474963726148,83,-0.0004830360412597656,0.0005,1,reinforce_gamma_low_seed1,-0.0004830360412597656,-5.745026143699761e-08,1.0,0.00010798653238452971
439,-461.166779669931,-346.3149160264912,94,4.9591064453125e-05,0.0005,1,reinforce_gamma_low_seed1,4.9591064453125e-05,6.49944276176484e-09,1.0,1.0135403499589302e-05
440,-487.51083778641265,-346.1268526065474,106,0.000335693359375,0.0005,1,reinforce_gamma_low_seed1,0.000335693359375,2.699078294199353e-08,1.0,7.843102503102273e-05
441,-252.78441722840626,-348.91976833672726,83,0.0004724264144897461,0.0005,1,reinforce_gamma_low_seed1,0.0004724264144897461,4.883272097799818e-08,1.0,7.317318522837013e-05
442,-513.1595861930575,-355.2711717439441,107,0.0007257461547851562,0.0005,1,reinforce_gamma_low_seed1,0.0007257461547851562,5.7376432494038454e-08,1.0,0.00014863985416013747
443,-297.37573486347003,-355.8323715163913,101,0.0007319450378417969,0.0005,1,reinforce_gamma_low_seed1,0.0007319450378417969,4.9572179250390036e-08,1.0,3.741988257388584e-05
444,-155.1506827805816,-352.2586503711165,93,0.00014472007751464844,0.0005,1,reinforce_gamma_low_seed1,0.00014472007751464844,1.3459112935265694e-08,1.0,1.4951510820537806e-05
445,-229.44127149747285,-347.44608793066965,73,0.00039076805114746094,0.0005,1,reinforce_gamma_low_seed1,0.00039076805114746094,5.87881423541603e-08,1.0,5.385676558944397e-05
446,-479.3288794235093,-348.50713244513287,129,-0.002945423126220703,0.0005,1,reinforce_gamma_low_seed1,-0.002945423126220703,-1.4046365492959012e-07,0.9999999403953552,0.0007148745353333652
447,-499.186922415474,-351.66677173072515,97,-0.0008568763732910156,0.0005,1,reinforce_gamma_low_seed1,-0.0008568763732910156,-7.005081670286017e-08,1.0,0.00013937914627604187
448,-125.90988490123381,-343.741126435822,89,0.0005402565002441406,0.0005,1,reinforce_gamma_low_seed1,0.0005402565002441406,5.0898346870553723e-08,1.0,0.0001331171515630558
449,-212.68688295283948,-347.0496816746937,142,0.000835418701171875,0.0005,1,reinforce_gamma_low_seed1,0.000835418701171875,3.106157464571879e-08,1.0,0.00010234797809971496
450,-212.92852898373633,-344.6240179068098,80,0.0001068115234375,0.0005,1,reinforce_gamma_low_seed1,0.0001068115234375,6.705522359595761e-09,1.0,7.38352855478297e-06
451,-390.6716522503923,-340.8378542569857,118,-0.0004730224609375,0.0005,1,reinforce_gamma_low_seed1,-0.0004730224609375,-2.4245956353752263e-08,1.0,3.331576590426266e-05
452,-228.37876365480258,-336.96324587070325,92,0.000579833984375,0.0005,1,reinforce_gamma_low_seed1,0.000579833984375,5.5717386260312196e-08,1.0,0.0001050542778102681
453,-562.902797929811,-336.2947770284819,130,-0.00217437744140625,0.0005,1,reinforce_gamma_low_seed1,-0.00217437744140625,-1.01327898960335e-07,1.0,0.00031393373501487076
454,-362.6227664807532,-332.42371013789807,83,0.0013718605041503906,0.0005,1,reinforce_gamma_low_seed1,0.0013718605041503906,1.5296132005460095e-07,1.0,0.00036947240005247295
455,-284.3033426533984,-331.81369376679004,84,-4.57763671875e-05,0.0005,1,reinforce_gamma_low_seed1,-4.57763671875e-05,-5.676632941487014e-09,0.9999999403953552,5.320755462889792e-06
456,-196.63214839879527,-327.3258619797587,112,0.000213623046875,0.0005,1,reinforce_gamma_low_seed1,0.000213623046875,1.809426741772313e-08,1.0,7.803735934430733e-05
457,-285.88241590492646,-328.9362216643011,118,-0.000518798828125,0.0005,1,reinforce_gamma_low_seed1,-0.000518798828125,-3.030744721854717e-08,1.0,7.705466850893572e-05
458,-255.82649975819544,-324.002111776649,78,0.0005540847778320312,0.0005,1,reinforce_gamma_low_seed1,0.0005540847778320312,4.661388786075804e-08,1.0,3.994499638793059e-05
459,-279.8800247159843,-326.85100654731826,115,-0.0011165142059326172,0.0005,1,reinforce_gamma_low_seed1,-0.0011165142059326172,-6.737916180554748e-08,1.0,0.0001472276053391397
460,-132.33089227362916,-323.0160809404225,66,-9.441375732421875e-05,0.0005,1,reinforce_gamma_low_seed1,-9.441375732421875e-05,-1.4449611285272113e-08,1.0,1.744809742376674e-05
461,-106.91592701547826,-317.30859938922373,96,0.00048828125,0.0005,1,reinforce_gamma_low_seed1,0.00048828125,4.470348358154297e-08,1.0,0.00015701368101872504
462,-209.18333257110498,-308.88818937185965,113,-0.0004863739013671875,0.0005,1,reinforce_gamma_low_seed1,-0.0004863739013671875,-2.3208889032844127e-08,1.0,7.720424036961049e-05
463,-143.7962205389034,-302.91740560036567,85,0.0001068115234375,0.0005,1,reinforce_gamma_low_seed1,0.0001068115234375,2.5244320411843546e-08,1.0,2.5974159143515863e-05
464,-399.88013467925407,-307.80744276296167,103,0.0012407302856445312,0.0005,1,reinforce_gamma_low_seed1,0.0012407302856445312,8.21733934230906e-08,1.0,6.761195254512131e-05
465,-131.13301092852475,-304.64812844453166,107,-5.7220458984375e-06,0.0005,1,reinforce_gamma_low_seed1,-5.7220458984375e-06,7.241685917591667e-09,1.0,2.278028659929987e-05
466,-546.8180931599851,-305.18210413907246,114,0.000370025634765625,0.0005,1,reinforce_gamma_low_seed1,0.000370025634765625,2.195960568940336e-08,0.9999999403953552,5.918157330597751e-05
467,-419.55708485514043,-306.40177538323917,130,0.00046539306640625,0.0005,1,reinforce_gamma_low_seed1,0.00046539306640625,2.2007869304729866e-08,1.0,5.354797394829802e-05
468,-508.44770739872416,-311.05317212123657,94,-0.0008373260498046875,0.0005,1,reinforce_gamma_low_seed1,-0.0008373260498046875,-6.943307084839034e-08,1.0,8.024425915209576e-05
469,-277.5463634524871,-307.2853456873057,110,0.0005645751953125,0.0005,1,reinforce_gamma_low_seed1,0.0005645751953125,4.091046079679472e-08,1.0,0.00013273046351969242
470,-562.0306332606176,-315.92431049524816,104,0.0001220703125,0.0005,1,reinforce_gamma_low_seed1,0.0001220703125,4.58497284583359e-09,1.0,1.5820334738236852e-05
471,-121.57675325677275,-309.966514993837,80,0.000244140625,0.0005,1,reinforce_gamma_low_seed1,0.000244140625,3.8743017682918435e-08,1.0,7.200512482086197e-05
472,-419.1439428529471,-318.2458501314634,73,0.00042426586151123047,0.0005,1,reinforce_gamma_low_seed1,0.00042426586151123047,6.123764961785128e-08,1.0,7.032680878182873e-05
473,-499.5376853107174,-320.3283263041205,104,0.00115966796875,0.0005,1,reinforce_gamma_low_seed1,0.00115966796875,8.367575077272704e-08,1.0,0.00017457986541558057
474,-431.76017323978067,-324.7251879123984,111,0.0007785558700561523,0.0005,1,reinforce_gamma_low_seed1,0.0007785558700561523,3.973643103449831e-08,1.0,0.00011790965072577819
475,-395.7548785058061,-329.53665411865273,100,0.00070953369140625,0.0005,1,reinforce_gamma_low_seed1,0.00070953369140625,5.185604123880694e-08,1.0,0.00013553843018598855
476,-552.4684489498312,-339.2987964422687,138,-0.001880645751953125,0.0005,1,reinforce_gamma_low_seed1,-0.001880645751953125,-7.860902684342364e-08,1.0,0.0002811197191476822
477,-182.7672115913422,-342.23615543716403,102,-0.000629425048828125,0.0005,1,reinforce_gamma_low_seed1,-0.000629425048828125,-5.960464477539063e-08,1.0,0.00017404748359695077
478,-268.9872586308427,-342.1057578784555,137,0.0017747879028320312,0.0005,1,reinforce_gamma_low_seed1,0.0017747879028320312,6.961126075566426e-08,1.0,0.00020508977468125522
479,-295.0564215112713,-337.9381622827542,111,0.0006477832794189453,0.0005,1,reinforce_gamma_low_seed1,0.0006477832794189453,3.973643103449831e-08,0.9999999403953552,7.068025297485292e-05
480,-527.7181723275752,-338.10380408740326,94,0.000225067138671875,0.0005,1,reinforce_gamma_low_seed1,0.000225067138671875,2.346140348663539e-08,1.0,7.208882016129792e-05
481,-395.0939230888945,-338.8096684829225,96,-0.000213623046875,0.0005,1,reinforce_gamma_low_seed1,-0.000213623046875,-1.2417634032146907e-08,1.0,3.730639582499862e-05
482,-232.9884809537052,-341.3522267395482,75,-0.0011157989501953125,0.0005,1,reinforce_gamma_low_seed1,-0.0011157989501953125,-1.5417734289258078e-07,1.0,0.00029176383395679295
483,-306.5684732102794,-339.0672961768959,101,0.00044727325439453125,0.0005,1,reinforce_gamma_low_seed1,0.00044727325439453125,4.3670731031397736e-08,1.0,0.0001365016942145303
484,-402.0019357241068,-340.3973017724353,73,-0.0004994869232177734,0.0005,1,reinforce_gamma_low_seed1,-0.0004994869232177734,-6.858616785621052e-08,1.0,0.0001331172970822081
485,-232.74753644106084,-337.42625466184865,108,-0.001495361328125,0.0005,1,reinforce_gamma_low_seed1,-0.001495361328125,-1.0955113083355172e-07,1.0,0.00021904270397499204
486,-268.6375473843255,-332.60411869670867,110,0.000644683837890625,0.0005,1,reinforce_gamma_low_seed1,0.000644683837890625,4.7683716530855236e-08,1.0,0.00013641820987686515
487,-550.9097020934715,-332.7141533329577,127,-0.0022668838500976562,0.0005,1,reinforce_gamma_low_seed1,-0.0022668838500976562,-1.2390256642902386e-07,1.0,0.0003115856379736215
488,-117.33430244596548,-328.2484613619146,110,-0.00014495849609375,0.0005,1,reinforce_gamma_low_seed1,-0.00014495849609375,-8.669766238256216e-09,1.0,1.619328213564586e-05
489,-65.36724494643033,-320.33247066744457,70,0.000141143798828125,0.0005,1,reinforce_gamma_low_seed1,0.000141143798828125,6.811959440966575e-09,0.9999999403953552,1.0197647497989237e-05
490,-444.54029434069747,-319.47305979853024,108,-0.00124359130859375,0.0005,1,reinforce_gamma_low_seed1,-0.00124359130859375,-7.892096220984968e-08,1.0,0.0001528598222648725
491,-432.77764578361405,-323.0729243696344,79,-0.001194000244140625,0.0005,1,reinforce_gamma_low_seed1,-0.001194000244140625,-1.735325128038312e-07,1.0,0.0005025106947869062
492,-701.7169016758514,-326.8440706792903,157,0.002707242965698242,0.0005,1,reinforce_gamma_low_seed1,0.002707242965698242,8.124455064262293e-08,1.0,0.0002914642682299018
493,-231.47388763968013,-325.52603373481446,104,-0.0003814697265625,0.0005,1,reinforce_gamma_low_seed1,-0.0003814697265625,-2.7509836186823122e-08,1.0,9.326064173365012e-05
494,-189.80809436285332,-326.2191819664599,71,0.0006747245788574219,0.0005,1,reinforce_gamma_low_seed1,0.0006747245788574219,7.807368973544726e-08,1.0,0.00021577556617558002
495,-403.508061608764,-329.70051776868576,75,-0.00037789344787597656,0.0005,1,reinforce_gamma_low_seed1,-0.00037789344787597656,-5.4836274188119205e-08,1.0,9.687528654467314e-05
496,-667.6836786593078,-333.46761375340174,128,0.0028839111328125,0.0005,1,reinforce_gamma_low_seed1,0.0028839111328125,1.4435499906539917e-07,1.0,0.0005297744064591825
497,-104.2186914687557,-325.56824913446735,79,0.000244140625,0.0005,1,reinforce_gamma_low_seed1,0.000244140625,2.5652632018591248e-08,1.0,4.121009988011792e-05
498,-398.4922961374808,-331.0198973591923,101,0.0017762184143066406,0.0005,1,reinforce_gamma_low_seed1,0.0017762184143066406,1.5107711703876703e-07,1.0,0.0004651589842978865
499,-561.4721470236564,-337.99560264060864,122,-0.00043487548828125,0.0005,1,reinforce_gamma_low_seed1,-0.00043487548828125,-2.2473882310691806e-08,1.0,4.399618410388939e-05
500,-99.06741046145567,-335.71838027016304,92,-0.000335693359375,0.0005,1,reinforce_gamma_low_seed1,-0.000335693359375,-3.109807522605479e-08,1.0,5.934014916419983e-05
501,-329.05880776135257,-334.4861233803822,86,0.0006198883056640625,0.0005,1,reinforce_gamma_low_seed1,0.0006198883056640625,7.623849995752607e-08,1.0,0.00011774047743529081
502,-255.16724008324547,-335.02189290895103,67,0.0004405975341796875,0.0005,1,reinforce_gamma_low_seed1,0.0004405975341796875,7.561783377241227e-08,1.0,4.859543332713656e-05
503,-358.11387191731876,-330.92611438870125,129,-0.0005197525024414062,0.0005,1,reinforce_gamma_low_seed1,-0.0005197525024414062,-2.4950780996846333e-08,1.0,6.22555598965846e-05
504,-140.6812474165974,-326.4872840074181,111,-0.0003266334533691406,0.0005,1,reinforce_gamma_low_seed1,-0.0003266334533691406,-2.0405193978945135e-08,0.9999999403953552,3.180442945449613e-05
505,-383.55784451997016,-328.47237404474953,82,-0.0020771026611328125,0.0005,1,reinforce_gamma_low_seed1,-0.0020771026611328125,-2.3333038257078442e-07,1.0,0.00029918417567387223
506,-92.68782636866852,-326.393487604147,93,0.000152587890625,0.0005,1,reinforce_gamma_low_seed1,0.000152587890625,1.5381843354589364e-08,0.9999999403953552,3.9532140363007784e-05
507,-91.6414917102004,-322.5086691202525,80,-6.103515625e-05,0.0005,1,reinforce_gamma_low_seed1,-6.103515625e-05,-2.086162531611535e-08,1.0,2.11612532439176e-05
508,-514.9104183188952,-327.6903474914665,121,-0.0009043216705322266,0.0005,1,reinforce_gamma_low_seed1,-0.0009043216705322266,-4.827483479630246e-08,1.0,8.446523133898154e-05
509,-478.5219080532966,-331.66318515821274,92,-0.0013885498046875,0.0005,1,reinforce_gamma_low_seed1,-0.0013885498046875,-1.279556300914919e-07,1.0,0.00031541477073915303
510,-412.0494084081504,-337.2575554809032,93,1.3828277587890625e-05,0.0005,1,reinforce_gamma_low_seed1,1.3828277587890625e-05,-3.845460838647341e-09,1.0,4.886398983217077e-06
511,-628.5634640937916,-347.6905062224694,132,0.0018310546875,0.0005,1,reinforce_gamma_low_seed1,0.0018310546875,7.721510542069154e-08,1.0,0.0003690340672619641
512,-507.19956378342044,-353.65083084671573,105,-0.0019750595092773438,0.0005,1,reinforce_gamma_low_seed1,-0.0019750595092773438,-1.4078050014632026e-07,1.0,0.00027853238862007856
513,-333.7380705759044,-357.44966784745577,145,-0.0003337860107421875,0.0005,1,reinforce_gamma_low_seed1,-0.0003337860107421875,-9.454529603658557e-09,1.0,5.273535134620033e-05
514,-476.2898320693317,-358.97786179525735,145,-0.0019109249114990234,0.0005,1,reinforce_gamma_low_seed1,-0.0019109249114990234,-7.152557657263969e-08,1.0,0.0004223849100526422
515,-440.05178937965866,-365.15623736428,83,-0.0003857612609863281,0.0005,1,reinforce_gamma_low_seed1,-0.0003857612609863281,-4.165143963064111e-08,1.0,0.00011342872312525287
516,-234.43918613844892,-358.90865922384927,84,0.000164031982421875,0.0005,1,reinforce_gamma_low_seed1,0.000164031982421875,1.56107411442008e-08,1.0,3.036574344150722e-05
517,-427.8231909628326,-359.0739813460031,116,-0.0005035400390625,0.0005,1,reinforce_gamma_low_seed1,-0.0005035400390625,-3.750982102701528e-08,1.0,0.00012652110308408737
518,-646.4391709144908,-361.83381061631843,140,0.0008697509765625,0.0005,1,reinforce_gamma_low_seed1,0.0008697509765625,4.002026088301136e-08,1.0,7.717217522440478e-05
519,-202.10293692455016,-360.3249420857597,103,0.0006198883056640625,0.0005,1,reinforce_gamma_low_seed1,0.0006198883056640625,4.282275511968692e-08,1.0,0.00010243068390991539
520,-90.03383024131207,-350.88500602537357,85,4.00543212890625e-05,0.0005,1,reinforce_gamma_low_seed1,4.00543212890625e-05,1.6829547533347977e-08,1.0,5.463888373924419e-05
521,-356.7106477243873,-355.58768391472586,173,-0.0009129047393798828,0.0005,1,reinforce_gamma_low_seed1,-0.0009129047393798828,-2.4806556808698588e-08,1.0,0.00012305111158639193
522,-311.46330265847496,-353.43407111083644,104,-7.62939453125e-05,0.0005,1,reinforce_gamma_low_seed1,-7.62939453125e-05,-4.58497284583359e-09,0.9999999403953552,1.739124854793772e-05
523,-124.11574201386259,-345.9256322448993,89,-0.0006432533264160156,0.0005,1,reinforce_gamma_low_seed1,-0.0006432533264160156,-6.563207932686055e-08,1.0,8.405291737290099e-05
524,-155.47156891409043,-340.39986015838554,93,0.00022363662719726562,0.0005,1,reinforce_gamma_low_seed1,0.00022363662719726562,3.204550935720363e-08,1.0,4.871825149166398e-05
525,-447.5572532262257,-341.4359076527939,137,0.001957416534423828,0.0005,1,reinforce_gamma_low_seed1,0.001957416534423828,8.266337658824341e-08,1.0,0.00023498322116211057
526,-537.6496121241937,-341.1395309162812,121,-0.001190185546875,0.0005,1,reinforce_gamma_low_seed1,-0.001190185546875,-6.551584874614491e-08,1.0,7.973781612236053e-05
527,-215.02574432377673,-341.7847015709299,91,6.67572021484375e-06,0.0005,1,reinforce_gamma_low_seed1,6.67572021484375e-06,2.6199844516128223e-09,1.0,5.510625669558067e-06
528,-202.3964979179255,-340.4528863566715,113,4.76837158203125e-05,0.0005,1,reinforce_gamma_low_seed1,4.76837158203125e-05,2.109898922242337e-09,1.0,6.737352578056743e-06
529,-529.1299335496374,-345.1343565974388,111,0.00032329559326171875,0.0005,1,reinforce_gamma_low_seed1,0.00032329559326171875,1.503540580927165e-08,1.0,4.237567918607965e-05
530,-269.3476558918983,-339.9669462687253,132,-0.00057220458984375,0.0005,1,reinforce_gamma_low_seed1,-0.00057220458984375,-2.5286819749226197e-08,1.0,9.994707215810195e-05
531,-12.259163760031626,-332.310251082148,112,0.000152587890625,0.0005,1,reinforce_gamma_low_seed1,0.000152587890625,1.915863556689601e-08,1.0,4.401119804242626e-05
532,-541.1622229178837,-338.4737259214316,113,-0.00023889541625976562,0.0005,1,reinforce_gamma_low_seed1,-0.00023889541625976562,-1.6879191377938696e-08,1.0,8.271497790701687e-05
533,-571.6054323238957,-343.7744651037039,107,0.000324249267578125,0.0005,1,reinforce_gamma_low_seed1,0.000324249267578125,2.4510320884019166e-08,1.0,6.266267882892862e-05
534,-135.0305681423568,-338.435037752069,95,6.67572021484375e-06,0.0005,1,reinforce_gamma_low_seed1,6.67572021484375e-06,1.2548346806084965e-09,1.0,2.1861219465790782e-06
535,-208.36646730462223,-337.9474163693402,140,-0.00042724609375,0.0005,1,reinforce_gamma_low_seed1,-0.00042724609375,-1.532690951933091e-08,1.0,4.988115688320249e-05
536,-553.1081339092202,-343.6368280998381,151,0.0014955997467041016,0.0005,1,reinforce_gamma_low_seed1,0.0014955997467041016,5.0920522909336796e-08,1.0,0.00020733484416268766
537,-338.22401291117177,-339.38311431619206,96,-0.000518798828125,0.0005,1,reinforce_gamma_low_seed1,-0.000518798828125,-2.9802322387695312e-08,1.0,0.00013138879148755223
538,-357.9367827900269,-344.1951639230733,116,-0.000946044921875,0.0005,1,reinforce_gamma_low_seed1,-0.000946044921875,-5.703547856228397e-08,1.0,0.0001435605954611674
539,-564.8268417154849,-354.18435585845435,102,0.0016222000122070312,0.0005,1,reinforce_gamma_low_seed1,0.0016222000122070312,1.2154673356690182e-07,1.0,0.0004569881712086499
540,-301.9389499828791,-351.33232897129807,101,0.0005054473876953125,0.0005,1,reinforce_gamma_low_seed1,0.0005054473876953125,3.540869997209484e-08,1.0000001192092896,0.0001311815285589546
541,-393.9936030093682,-350.55664811581306,95,-0.0002913475036621094,0.0005,1,reinforce_gamma_low_seed1,-0.0002913475036621094,-1.5058015279123538e-08,1.0,4.008696123491973e-05
542,-87.34376272696407,-338.26918533683533,71,0.0005326271057128906,0.0005,1,reinforce_gamma_low_seed1,0.0005326271057128906,8.395020500984174e-08,1.0,0.0001330593368038535
543,-493.0662233033856,-343.5010320501095,94,0.0020351409912109375,0.0005,1,reinforce_gamma_low_seed1,0.0020351409912109375,1.8642303700744378e-07,1.0,0.00023100031830836087
544,-335.61237538571237,-346.41711767056665,90,-0.00032901763916015625,0.0005,1,reinforce_gamma_low_seed1,-0.00032901763916015625,-3.311369312086754e-08,1.0,9.395484812557697e-05
545,9.266227789098664,-338.1616318826094,91,5.245208740234375e-05,0.0005,1,reinforce_gamma_low_seed1,5.245208740234375e-05,1.2117427949931425e-08,1.0,4.5967273763380945e-05
546,-554.6295027136131,-335.90054836369546,138,0.00079345703125,0.0005,1,reinforce_gamma_low_seed1,0.00079345703125,3.800876058335234e-08,1.0,0.00019663813873194158
547,-83.55800466287522,-335.48733462757787,63,-0.0003211498260498047,0.0005,1,reinforce_gamma_low_seed1,-0.0003211498260498047,-7.47423314351181e-08,0.9999999403953552,0.00012376977247186005
548,-555.8760811975112,-338.6350103287785,90,0.000186920166015625,0.0005,1,reinforce_gamma_low_seed1,0.000186920166015625,1.8543667934523e-08,1.0,3.636407200247049e-05
549,-402.51139041371266,-335.45579519657963,75,0.0003058910369873047,0.0005,1,reinforce_gamma_low_seed1,0.0003058910369873047,4.847844436994819e-08,1.0,8.86705020093359e-05
550,-43.53423469555344,-334.34513168126153,83,-0.00020503997802734375,0.0005,1,reinforce_gamma_low_seed1,-0.00020503997802734375,-3.5188282510034696e-08,1.0,9.161810157820582e-05
551,-176.56221603553072,-331.29519984674516,73,0.00010347366333007812,0.0005,1,reinforce_gamma_low_seed1,0.00010347366333007812,1.1431027679975614e-08,1.0,2.0996159946662374e-05
552,-206.09805218695698,-330.31381608881935,118,-0.00031280517578125,0.0005,1,reinforce_gamma_low_seed1,-0.00031280517578125,-1.010248240618239e-08,1.0,3.72248214262072e-05
553,-366.8830193873357,-330.48919903821974,98,-0.001476287841796875,0.0005,1,reinforce_gamma_low_seed1,-0.001476287841796875,-1.2529139326034056e-07,1.0,0.0002092614013236016
554,-521.9861237381435,-338.11529656465063,139,-0.0014753341674804688,0.0005,1,reinforce_gamma_low_seed1,-0.0014753341674804688,-6.818085296345089e-08,0.9999999403953552,0.0002673087583389133
555,-596.1239761106285,-342.3666191964638,160,0.0053863525390625,0.0005,1,reinforce_gamma_low_seed1,0.0053863525390625,1.7806887342430855e-07,1.0,0.0006637893384322524
556,-435.07891847714563,-349.21444103863337,79,-0.0023598670959472656,0.0005,1,reinforce_gamma_low_seed1,-0.0023598670959472656,-3.1084954343896243e-07,0.9999999403953552,0.0003123706264887005
557,-353.2310020682594,-354.44623124579454,120,0.000518798828125,0.0005,1,reinforce_gamma_low_seed1,0.000518798828125,2.582867963951685e-08,1.0,9.179081826005131e-05
558,-647.207650913142,-357.09217589767945,146,-0.0010223388671875,0.0005,1,reinforce_gamma_low_seed1,-0.0010223388671875,-4.000859732400386e-08,1.0,0.00036188020021654665
559,-651.9245646960251,-360.560229030534,127,0.00029277801513671875,0.0005,1,reinforce_gamma_low_seed1,0.00029277801513671875,1.9711771770403175e-08,1.0,8.198364230338484e-05
560,-189.85058268859564,-356.11625251614294,118,0.00145721435546875,0.0005,1,reinforce_gamma_low_seed1,0.00145721435546875,8.587110045255031e-08,0.9999999403953552,6.906105409143493e-05
561,-280.1300642885284,-349.1475845200377,124,0.00128173828125,0.0005,1,reinforce_gamma_low_seed1,0.00128173828125,7.306375948701316e-08,1.0,0.0002168717619497329
562,-255.93597464318637,-344.122312737233,80,0.0002593994140625,0.0005,1,reinforce_gamma_low_seed1,0.0002593994140625,3.725290298461914e-08,1.0,0.00013390419189818203
563,-168.3318949523416,-340.8141892247617,96,0.000396728515625,0.0005,1,reinforce_gamma_low_seed1,0.000396728515625,2.2351741790771484e-08,0.9999999403953552,4.495220855460502e-05
564,-307.67075330581883,-337.44180764949147,116,0.00054931640625,0.0005,1,reinforce_gamma_low_seed1,0.00054931640625,3.648215241014441e-08,1.0,5.222002073423937e-05
565,-684.2002449210237,-342.3247767603188,114,0.00072479248046875,0.0005,1,reinforce_gamma_low_seed1,0.00072479248046875,4.810199527582881e-08,1.0,0.00010456163727212697
566,-706.4261299515919,-351.7645156365816,127,-0.0006756782531738281,0.0005,1,reinforce_gamma_low_seed1,-0.0006756782531738281,-4.2239513220465597e-08,0.9999999403953552,0.00024002729333005846
567,-449.31314162139154,-352.19431464975287,150,-0.000499725341796875,0.0005,1,reinforce_gamma_low_seed1,-0.000499725341796875,-1.4305114426349519e-08,1.0,6.240941002033651e-05
568,-239.45817955062847,-344.0546948224756,64,0.0005645751953125,0.0005,1,reinforce_gamma_low_seed1,0.0005645751953125,8.940696716308594e-08,1.0,0.00012408527254592627
569,-511.0375871907086,-350.2333878277987,106,-0.0007991790771484375,0.0005,1,reinforce_gamma_low_seed1,-0.0007991790771484375,-6.354080284154406e-08,1.0,0.00030141358729451895
570,-251.48172652397983,-353.4623457534521,98,-4.57763671875e-05,0.0005,1,reinforce_gamma_low_seed1,-4.57763671875e-05,-1.4597056008369691e-08,1.0,3.7042133044451475e-05
571,-656.195166702681,-359.452036133018,134,0.001689910888671875,0.0005,1,reinforce_gamma_low_seed1,0.001689910888671875,7.517301980897173e-08,0.9999999403953552,0.00048506015446037054
572,-88.65798773076858,-354.9959298344638,83,-0.0003132820129394531,0.0005,1,reinforce_gamma_low_seed1,-0.0003132820129394531,-2.7647937272945455e-08,1.0,9.493021934758872e-05
573,-539.7971674598649,-363.3095583433839,95,-0.001316070556640625,0.0005,1,reinforce_gamma_low_seed1,-0.001316070556640625,-1.3238505403023737e-07,0.9999999403953552,0.00039415687206201255
574,-725.6571771683094,-374.71327050846827,130,0.0026302337646484375,0.0005,1,reinforce_gamma_low_seed1,0.0026302337646484375,1.2975472429843649e-07,1.0,0.0008055476355366409
575,-118.07822334988057,-368.1236899109414,93,-0.0002617835998535156,0.0005,1,reinforce_gamma_low_seed1,-0.0002617835998535156,-2.5636406331130956e-09,1.0,4.507393441599561e-06
576,-262.46396587650867,-362.61997698598765,85,2.574920654296875e-05,0.0005,1,reinforce_gamma_low_seed1,2.574920654296875e-05,5.6098490297529224e-09,1.0,2.4241255232482217e-05
577,-317.54964115837447,-364.67045492267965,70,-0.000377655029296875,0.0005,1,reinforce_gamma_low_seed1,-0.000377655029296875,-5.108969602929392e-08,1.0,4.857365638599731e-05
578,-538.6323711196967,-371.39517238671505,75,-0.00044417381286621094,0.0005,1,reinforce_gamma_low_seed1,-0.00044417381286621094,-6.19888282926695e-08,0.9999999403953552,8.487873856211081e-05
579,-282.1320793353551,-366.45521530242945,67,0.000335693359375,0.0005,1,reinforce_gamma_low_seed1,0.000335693359375,6.761123927390145e-08,1.0,0.0001674304367043078
580,-611.7657880134559,-373.3035779448606,97,-0.002712726593017578,0.0005,1,reinforce_gamma_low_seed1,-0.002712726593017578,-2.335027318167704e-07,1.0,0.0009468531934544444
581,-528.2895467453255,-383.62418560456643,149,0.0005533695220947266,0.0005,1,reinforce_gamma_low_seed1,0.0005533695220947266,2.2001714228281344e-08,1.0,9.922205936163664e-05
582,-710.9464867041735,-387.0198708802922,126,0.00133514404296875,0.0005,1,reinforce_gamma_low_seed1,0.00133514404296875,7.332317153441181e-08,0.9999999403953552,0.00037569558480754495
583,-558.2825997688496,-386.7534142291913,141,0.0007734298706054688,0.0005,1,reinforce_gamma_low_seed1,0.0007734298706054688,3.720006347407434e-08,1.0,0.00021382419799920171
584,-258.55898689859725,-389.2239826043161,84,-0.0004425048828125,0.0005,1,reinforce_gamma_low_seed1,-0.0004425048828125,-5.3218432327639675e-08,1.0,6.422945443773642e-05
585,-363.5780553432945,-392.3282143650896,119,-0.000649571418762207,0.0005,1,reinforce_gamma_low_seed1,-0.000649571418762207,-4.007035059316877e-08,1.0,7.297957927221432e-05
586,-460.23755485433,-390.47080278399176,101,-5.245208740234375e-05,0.0005,1,reinforce_gamma_low_seed1,-5.245208740234375e-05,1.1802899768653674e-09,1.0,3.3874152904900257e-06
587,-646.363625982928,-396.63359504542694,140,-0.00107574462890625,0.0005,1,reinforce_gamma_low_seed1,-0.00107574462890625,-4.427773703241655e-08,1.0,0.0002434113557683304
588,-690.5808423887908,-403.28647623740216,134,-2.86102294921875e-05,0.0005,1,reinforce_gamma_low_seed1,-2.86102294921875e-05,-1.334432342403602e-09,1.0,7.437387921527261e-06
589,-602.5582474404387,-404.04110435190125,128,-0.0006561279296875,0.0005,1,reinforce_gamma_low_seed1,-0.0006561279296875,-3.5390257835388184e-08,0.9999999403953552,0.0001673375372774899
590,-438.5930354682449,-406.7741860616086,86,0.0007991790771484375,0.0005,1,reinforce_gamma_low_seed1,0.0007991790771484375,8.940696716308594e-08,1.0,0.0001867573882918805
591,-487.26348734338217,-408.6395837482889,78,0.00139617919921875,0.0005,1,reinforce_gamma_low_seed1,0.00139617919921875,1.6811566183605464e-07,1.0,0.000243238580878824
592,-535.4486023102376,-417.6016805399543,89,0.0016956329345703125,0.0005,1,reinforce_gamma_low_seed1,0.0016956329345703125,1.9957509778123494e-07,1.0,0.0014826100086793303
593,-394.5870701443898,-415.63209747677433,118,-0.00013256072998046875,0.0005,1,reinforce_gamma_low_seed1,-0.00013256072998046875,0.0,1.0,0.0
594,-560.5010466517892,-420.12987090209594,78,0.0008249282836914062,0.0005,1,reinforce_gamma_low_seed1,0.0008249282836914062,1.2150177042258292e-07,0.9999999403953552,0.00019216345390304923
595,-422.609926899952,-428.76739399587694,88,-0.0003662109375,0.0005,1,reinforce_gamma_low_seed1,-0.0003662109375,-3.5220924843315515e-08,1.0,9.061384480446577e-05
596,-509.1144337371325,-427.85709261634736,115,-0.0011066198348999023,0.0005,1,reinforce_gamma_low_seed1,-0.0011066198348999023,-6.945236918909359e-08,1.0,0.0002867875446099788
597,-277.503691772871,-431.73600635854723,84,-0.0003814697265625,0.0005,1,reinforce_gamma_low_seed1,-0.0003814697265625,-3.6543323034265995e-08,1.0,4.263626760803163e-05
598,-219.25281488348315,-425.00354103226664,66,-0.0007395744323730469,0.0005,1,reinforce_gamma_low_seed1,-0.0007395744323730469,-1.3004650156744901e-07,1.0,0.0003599970950745046
599,-378.9824276007424,-424.5329617760073,77,-0.00043892860412597656,0.0005,1,reinforce_gamma_low_seed1,-0.00043892860412597656,-7.199002283186928e-08,1.0,0.00015898114361334592
600,-490.6680798156786,-433.47563867840984,92,-0.00030517578125,0.0005,1,reinforce_gamma_low_seed1,-0.00030517578125,-2.9802322387695312e-08,1.0,4.684606028604321e-05
601,-552.8871246714675,-441.0021368511285,103,0.0016117095947265625,0.0005,1,reinforce_gamma_low_seed1,0.0016117095947265625,1.5393044350275886e-07,1.0,0.0008916107472032309
602,-395.2698116685238,-444.78557204075986,164,0.0001983642578125,0.0005,1,reinforce_gamma_low_seed1,0.0001983642578125,7.995745399114185e-09,1.0,4.502250158111565e-05
603,-591.0067553767715,-449.2680467605486,90,-0.0005006790161132812,0.0005,1,reinforce_gamma_low_seed1,-0.0005006790161132812,-5.62932740422184e-08,1.0,0.00011129763879580423
604,-720.6909315826312,-453.24214291743834,160,0.0009918212890625,0.0005,1,reinforce_gamma_low_seed1,0.0009918212890625,3.1292437085994607e-08,1.0,0.00010822303011082113
605,-666.8609125644385,-454.65688164651453,132,0.001270294189453125,0.0005,1,reinforce_gamma_low_seed1,0.001270294189453125,6.412015096657342e-08,1.0,0.0002966939064208418
606,-365.4219582248966,-453.2637424414695,118,-0.0005741119384765625,0.0005,1,reinforce_gamma_low_seed1,-0.0005741119384765625,-4.1925300564571444e-08,1.0,0.00011505857401061803
607,-222.0568888437055,-450.6402601769785,124,-0.001617431640625,0.0005,1,reinforce_gamma_low_seed1,-0.001617431640625,-9.036833148456935e-08,0.9999999403953552,0.000296442216495052
608,-382.85987658430605,-445.3533046904017,137,0.0004887580871582031,0.0005,1,reinforce_gamma_low_seed1,0.0004887580871582031,2.0883378581970646e-08,1.0,0.00012509248335845768
609,-529.5014520071961,-442.9048424366252,99,-0.00023746490478515625,0.0005,1,reinforce_gamma_low_seed1,-0.00023746490478515625,-2.4082684291215628e-08,1.0,7.615839422214776e-05
610,-104.71595360123621,-441.20214985487803,140,-0.0007476806640625,0.0005,1,reinforce_gamma_low_seed1,-0.0007476806640625,-2.1287373641598606e-08,1.0,5.275578951113857e-05
611,-160.26819821611224,-438.8049125334297,110,-0.00063323974609375,0.0005,1,reinforce_gamma_low_seed1,-0.00063323974609375,-4.60581333072696e-08,0.9999999403953552,9.24668347579427e-05
612,-32.07513338148216,-434.3276957081956,135,0.0004863739013671875,0.0005,1,reinforce_gamma_low_seed1,0.0004863739013671875,3.7087335869046e-08,1.0,0.00010688661859603599
613,-1018.2571907065264,-451.32620162327925,214,0.003002166748046875,0.0005,1,reinforce_gamma_low_seed1,0.003002166748046875,8.244380467203882e-08,1.0,0.0010446016676723957
614,-268.18116709508683,-450.5364098990646,116,-0.00078582763671875,0.0005,1,reinforce_gamma_low_seed1,-0.00078582763671875,-4.881414739088541e-08,1.0,0.00022755521058570594
615,-467.3638220623227,-446.1996814418906,116,-0.00016021728515625,0.0005,1,reinforce_gamma_low_seed1,-0.00016021728515625,-4.11066514161007e-09,1.0,1.3064219274383504e-05
616,-286.35582302264936,-437.79827530331175,100,-0.00147247314453125,0.0005,1,reinforce_gamma_low_seed1,-0.00147247314453125,-1.2278556482669956e-07,1.0,0.00023818817862775177
617,-347.618396466964,-435.7643804002232,99,-0.0005099773406982422,0.0005,1,reinforce_gamma_low_seed1,-0.0005099773406982422,-4.8165368582431256e-08,1.0,0.0001900811621453613
618,-259.69456683402274,-436.1691081458911,79,0.0002193450927734375,0.0005,1,reinforce_gamma_low_seed1,0.0002193450927734375,3.3197522952832514e-08,1.0,6.279849185375497e-05
619,-578.1930878939563,-437.51221815995603,110,0.00142669677734375,0.0005,1,reinforce_gamma_low_seed1,0.00142669677734375,1.1216510387157541e-07,1.0,0.00029228179482743144
620,-522.0973426650417,-442.92453048277724,95,0.00048828125,0.0005,1,reinforce_gamma_low_seed1,0.00048828125,6.274173358633561e-08,1.0,0.000315258075715974
621,-913.2478484355548,-448.06558411743475,227,0.00197601318359375,0.0005,1,reinforce_gamma_low_seed1,0.00197601318359375,3.991148034288017e-08,1.0,0.0006237730849534273
622,-353.79412109439977,-453.3683067847074,95,-0.0017726421356201172,0.0005,1,reinforce_gamma_low_seed1,-0.0017726421356201172,-1.7693167819743394e-07,1.0,0.00019965178216807544
623,-288.4335208517804,-448.34103385254565,92,-0.000614166259765625,0.0005,1,reinforce_gamma_low_seed1,-0.000614166259765625,-7.256217315898539e-08,1.0,0.00024533530813641846
624,-281.05698989336395,-439.4490301070468,127,-0.0010814666748046875,0.0005,1,reinforce_gamma_low_seed1,-0.0010814666748046875,-6.570590471710602e-08,1.0,0.0003333230270072818
625,-1002.0988751922191,-457.1294431438936,170,0.0031375885009765625,0.0005,1,reinforce_gamma_low_seed1,0.0031375885009765625,1.703991614476763e-07,1.0,0.0008398310746997595
626,-597.7330978660043,-463.83482578368347,96,-0.00078582763671875,0.0005,1,reinforce_gamma_low_seed1,-0.00078582763671875,-9.437402326284428e-08,1.0,0.00019738143600989133
627,-437.47196246337904,-466.23327220978354,78,-0.0014972686767578125,0.0005,1,reinforce_gamma_low_seed1,-0.0014972686767578125,-2.139653929589258e-07,1.0,0.0006333356141112745
628,-593.3694547785547,-467.3280138829607,116,0.00228118896484375,0.0005,1,reinforce_gamma_low_seed1,0.00228118896484375,1.854937607959073e-07,1.0,0.00041050236904993653
629,-197.75625314505962,-465.64049735915484,104,-0.000152587890625,0.0005,1,reinforce_gamma_low_seed1,-0.000152587890625,-1.3754918093411561e-08,1.0,3.570209082681686e-05
630,-541.7698502997514,-464.24057860488074,96,0.00018310546875,0.0005,1,reinforce_gamma_low_seed1,0.00018310546875,1.614292521878724e-08,1.0,2.1541069145314395e-05
631,-429.6626201305373,-462.26804007258494,86,-0.0008144378662109375,0.0005,1,reinforce_gamma_low_seed1,-0.0008144378662109375,-9.703081360612487e-08,1.0,0.0001475781318731606
632,-441.7553711021763,-456.88421776054497,82,0.000102996826171875,0.0005,1,reinforce_gamma_low_seed1,0.000102996826171875,1.599149079822837e-08,0.9999999403953552,5.282058918965049e-05
633,-366.5855245473415,-453.0502762561148,140,-0.000946044921875,0.0005,1,reinforce_gamma_low_seed1,-0.000946044921875,-4.7683716530855236e-08,1.0,0.0002589934738352895
634,-565.6363094572073,-459.1918227072871,77,0.0010961294174194336,0.0005,1,reinforce_gamma_low_seed1,0.0010961294174194336,2.0745513040765218e-07,1.0,0.0004324839392211288
635,-395.3638714318949,-459.82753902905904,89,-6.389617919921875e-05,0.0005,1,reinforce_gamma_low_seed1,-6.389617919921875e-05,-5.357720933574228e-09,1.0,8.889555829227902e-06
636,-389.6379179386034,-458.41554629074454,81,0.0001766681671142578,0.0005,1,reinforce_gamma_low_seed1,0.0001766681671142578,2.3547514160782157e-08,1.0,6.481165473815054e-05
637,-1061.00634122981,-466.7084005956822,190,0.0018367767333984375,0.0005,1,reinforce_gamma_low_seed1,0.0018367767333984375,9.223034425076548e-08,0.9999999403953552,0.0011641253950074315
638,-448.0606136666867,-461.8579960212401,111,-0.0004820823669433594,0.0005,1,reinforce_gamma_low_seed1,-0.0004820823669433594,-3.2218725465327225e-08,0.9999999403953552,0.000128733750898391
639,-778.4635378783357,-465.376101829998,221,0.0007495880126953125,0.0005,1,reinforce_gamma_low_seed1,0.0007495880126953125,1.618225731192524e-08,1.0,0.0002150947111658752
640,-554.8564010458401,-467.70136914154995,125,0.0014255046844482422,0.0005,1,reinforce_gamma_low_seed1,0.0014255046844482422,1.2874603783075145e-07,1.0,0.000599807477556169
641,-1163.6210632607924,-481.22852065989815,193,0.0026254653930664062,0.0005,1,reinforce_gamma_low_seed1,0.0026254653930664062,1.5009253218067897e-07,1.0,0.0005914256907999516
642,-468.62335968883053,-479.89201580747,118,7.62939453125e-06,0.0005,1,reinforce_gamma_low_seed1,7.62939453125e-06,4.040992873655114e-09,1.0,2.0826608306379057e-05
643,-957.1971370660754,-491.14421714590367,150,-0.0013914108276367188,0.0005,1,reinforce_gamma_low_seed1,-0.0013914108276367188,-1.5656154062071437e-07,1.0,0.0009584100916981697
644,-518.0376537113202,-490.29494928709437,92,0.0003490447998046875,0.0005,1,reinforce_gamma_low_seed1,0.0003490447998046875,5.5717386260312196e-08,1.0,6.979658064665273e-05
645,-1141.7682851139905,-504.6781164513751,173,0.00121307373046875,0.0005,1,reinforce_gamma_low_seed1,0.00121307373046875,1.0404972528021972e-07,1.0,0.0006486261263489723
646,-782.4052221921285,-510.14393222047505,123,-0.0016438961029052734,0.0005,1,reinforce_gamma_low_seed1,-0.0016438961029052734,-2.2000413935074903e-07,1.0,0.0005224438500590622
647,-350.7870599970238,-511.60959958495806,97,0.0004227161407470703,0.0005,1,reinforce_gamma_low_seed1,0.0004227161407470703,5.284535475880148e-08,1.0,8.82455351529643e-05
648,-646.5525147028898,-520.1555935813462,91,-0.0002396106719970703,0.0005,1,reinforce_gamma_low_seed1,-0.0002396106719970703,-4.715971968494159e-08,1.0,5.7933753851102665e-05
649,-507.9168218500336,-522.734281466332,87,-3.8623809814453125e-05,0.0005,1,reinforce_gamma_low_seed1,-3.8623809814453125e-05,-1.5072439296659468e-08,1.0,1.3540950931201223e-05
650,-1281.99714600257,-538.5608627900699,183,0.0006251335144042969,0.0005,1,reinforce_gamma_low_seed1,0.0006251335144042969,5.178764084234899e-08,1.0,0.00023408142442349344
651,-793.6637574463026,-543.3763954455666,163,-0.0006084442138671875,0.0005,1,reinforce_gamma_low_seed1,-0.0006084442138671875,-3.876130350022322e-08,1.0,7.203449786175042e-05
652,-520.9663819788167,-545.8903268517724,84,0.00084686279296875,0.0005,1,reinforce_gamma_low_seed1,0.00084686279296875,1.6355798493350449e-07,1.0,0.00023648541537113488
653,-370.89620153893105,-541.4881157750156,114,0.000438690185546875,0.0005,1,reinforce_gamma_low_seed1,0.000438690185546875,5.019338544798302e-08,1.0,0.00018574792193248868
654,-420.78056645017995,-535.4899084723666,99,0.0003662109375,0.0005,1,reinforce_gamma_low_seed1,0.0003662109375,4.8165368582431256e-08,1.0,0.00013215129729360342
655,-763.5713626529755,-537.4241174741373,113,-0.0005270242691040039,0.0005,1,reinforce_gamma_low_seed1,-0.0005270242691040039,-7.701130755322083e-08,1.0,0.0002821398084051907
656,-438.2439306864864,-538.8805569233691,105,0.0006694793701171875,0.0005,1,reinforce_gamma_low_seed1,0.0006694793701171875,8.060818856847618e-08,1.0,0.0002308152470504865
657,-470.08966767166834,-543.8412124999284,95,-0.00032520294189453125,0.0005,1,reinforce_gamma_low_seed1,-0.00032520294189453125,-3.607649645687161e-08,0.9999999403953552,7.22410695743747e-05
658,-533.7377589573316,-546.8587701473889,74,0.0001068115234375,0.0005,1,reinforce_gamma_low_seed1,0.0001068115234375,3.705153517330473e-08,0.9999999403953552,4.083349631400779e-05
659,-680.3029131638802,-549.8747993705225,206,-0.00217437744140625,0.0005,1,reinforce_gamma_low_seed1,-0.00217437744140625,-8.419879549137477e-08,1.0,0.0007486837566830218
660,-443.7318280785165,-556.6551168600681,102,0.0008487701416015625,0.0005,1,reinforce_gamma_low_seed1,0.0008487701416015625,1.0401594607856168e-07,1.0,0.0004441796918399632
661,-515.3855718332287,-563.7574643324106,106,0.000698089599609375,0.0005,1,reinforce_gamma_low_seed1,0.000698089599609375,7.984773020552893e-08,1.0,0.00012230876018293202
662,-1398.045588847561,-591.0768734417321,214,-5.9604644775390625e-05,0.0005,1,reinforce_gamma_low_seed1,-5.9604644775390625e-05,-8.077265079009521e-09,1.0,1.964157672773581e-05
663,-533.3262228919997,-581.3782540854415,100,-6.103515625e-05,0.0005,1,reinforce_gamma_low_seed1,-6.103515625e-05,-9.53674295089968e-09,0.9999999403953552,3.723236659425311e-05
664,-1061.3281303708668,-597.2411933509571,196,-0.0008077621459960938,0.0005,1,reinforce_gamma_low_seed1,-0.0008077621459960938,-5.960464477539063e-08,0.9999999403953552,0.0006766657461412251
665,-884.660581894301,-605.5871285475968,138,0.0005588531494140625,0.0005,1,reinforce_gamma_low_seed1,0.0005588531494140625,6.737916180554748e-08,1.0,0.00014620638103224337
666,-667.205960205057,-613.2041312912448,165,0.0011625289916992188,0.0005,1,reinforce_gamma_low_seed1,0.0011625289916992188,7.513797584124404e-08,1.0,0.0005996174877509475
667,-389.35449862261316,-614.0388533343579,84,0.0005340576171875,0.0005,1,reinforce_gamma_low_seed1,0.0005340576171875,1.1353265705338345e-07,1.0,0.00033946201438084245
668,-583.5420678605192,-620.5158033548878,107,0.0019273757934570312,0.0005,1,reinforce_gamma_low_seed1,0.0019273757934570312,3.3088934969782713e-07,0.9999999403953552,0.0012388068716973066
669,-527.000088078014,-619.4919433585688,100,-0.0,0.0005,1,reinforce_gamma_low_seed1,-0.0,-9.53674295089968e-09,1.0,3.537345037329942e-05
670,-906.8074056598555,-627.1861446184652,148,0.000568389892578125,0.0005,1,reinforce_gamma_low_seed1,0.000568389892578125,6.322925116819533e-08,1.0,0.0002756700851023197
671,-547.545113297801,-619.8720899157101,87,0.0008330345153808594,0.0005,1,reinforce_gamma_low_seed1,0.0008330345153808594,2.7678478886628e-07,0.9999999403953552,0.0007744434988126159
672,-732.0992626631767,-627.4381927470856,133,-0.000457763671875,0.0005,1,reinforce_gamma_low_seed1,-0.000457763671875,-4.974522838097073e-08,1.0,0.000167617472470738
673,-1568.2404382933346,-653.0343310959167,218,0.0009000301361083984,0.0005,1,reinforce_gamma_low_seed1,0.0009000301361083984,6.726028800585482e-08,1.0,0.0006810088525526226
674,-357.05321162066724,-654.5542555304628,104,-3.0517578125e-05,0.0005,1,reinforce_gamma_low_seed1,-3.0517578125e-05,-6.8774590467057806e-09,1.0,1.3192558071750682e-05
675,-721.1585543350426,-648.9354491133192,173,1.52587890625e-05,0.0005,1,reinforce_gamma_low_seed1,1.52587890625e-05,6.201639202174647e-09,1.0,2.47764492087299e-05
676,-369.0459985334203,-644.3617071266676,94,0.0001220703125,0.0005,1,reinforce_gamma_low_seed1,0.0001220703125,2.3778449431688387e-08,1.0,6.958774611121044e-05
677,-664.0630132765425,-648.8935281429309,127,-9.655952453613281e-05,0.0005,1,reinforce_gamma_low_seed1,-9.655952453613281e-05,-8.447902821728803e-09,1.0,5.5185435485327616e-05
678,-1826.2994071527928,-673.5521271904156,243,-0.0010006427764892578,0.0005,1,reinforce_gamma_low_seed1,-0.0010006427764892578,-7.407655289171089e-08,0.9999999403953552,0.00016984132525976747
679,-533.3609981768197,-680.2642220910508,81,0.000171661376953125,0.0005,1,reinforce_gamma_low_seed1,0.000171661376953125,3.384955249430277e-08,1.0,5.4692180128768086e-05
680,-986.6573511018805,-689.1619721070934,171,-0.00030994415283203125,0.0005,1,reinforce_gamma_low_seed1,-0.00030994415283203125,-1.9171084275626527e-08,1.0,0.00023885697009973228
681,-708.8005638596877,-694.7447309816764,173,-0.000555872917175293,0.0005,1,reinforce_gamma_low_seed1,-0.000555872917175293,-3.514262303383475e-08,1.0,0.00011849511065520346
682,-424.71232567910585,-694.4038700732151,92,0.00016021728515625,0.0005,1,reinforce_gamma_low_seed1,0.00016021728515625,2.5915062096260044e-08,1.0,2.5442655896767974e-05
683,-417.6393290025277,-695.4249461623186,85,-0.0001480579376220703,0.0005,1,reinforce_gamma_low_seed1,-0.0001480579376220703,-2.2088780582407708e-08,1.0,3.544970604707487e-05
684,-895.0292088456381,-702.0128041500873,135,-0.00023317337036132812,0.0005,1,reinforce_gamma_low_seed1,-0.00023317337036132812,-3.1789145538141383e-08,1.0,0.00017094665963668376
685,-492.3626310797298,-703.9527793430441,74,0.0005064010620117188,0.0005,1,reinforce_gamma_low_seed1,0.0005064010620117188,1.876740896022966e-07,1.0,0.0005397513159550726
686,-498.7789207340351,-706.1355993989526,134,-0.000823974609375,0.0005,1,reinforce_gamma_low_seed1,-0.000823974609375,-8.273480744946937e-08,1.0,0.00022276710660662502
687,-607.1357739483101,-697.0581880533226,167,0.00021195411682128906,0.0005,1,reinforce_gamma_low_seed1,0.00021195411682128906,6.067538471654643e-09,1.0,2.571722689026501e-05
688,-550.1297499430957,-699.0995707788509,81,0.0005763769149780273,0.0005,1,reinforce_gamma_low_seed1,0.0005763769149780273,1.2362444579139265e-07,1.0,0.0003639432543423027
689,-490.814739620622,-693.3465948136966,80,0.0002288818359375,0.0005,1,reinforce_gamma_low_seed1,0.0002288818359375,5.364417887676609e-08,0.9999999403953552,0.00012747329310514033
690,-319.6323536953894,-688.6421138666876,87,-0.000804901123046875,0.0005,1,reinforce_gamma_low_seed1,-0.000804901123046875,-1.890905991785985e-07,1.0,0.0002032995835179463
691,-462.94063094877635,-674.6285052204472,72,-8.392333984375e-05,0.0005,1,reinforce_gamma_low_seed1,-8.392333984375e-05,-2.6490953430879927e-08,0.9999999403953552,2.849396514648106e-05
692,-622.3937701861912,-677.7039134303944,117,0.0016021728515625,0.0005,1,reinforce_gamma_low_seed1,0.0016021728515625,2.119276274470394e-07,1.0,0.00021245585230644792
693,-330.2011714480009,-665.163994118033,125,0.000377655029296875,0.0005,1,reinforce_gamma_low_seed1,0.000377655029296875,4.005432074905002e-08,1.0,6.25379616394639e-05
694,-683.6793509788807,-668.4768280633841,107,-0.00020933151245117188,0.0005,1,reinforce_gamma_low_seed1,-0.00020933151245117188,-4.23360084766955e-08,1.0,6.92978355800733e-05
695,-478.61788855262984,-655.213820132157,187,-0.0005664825439453125,0.0005,1,reinforce_gamma_low_seed1,-0.0005664825439453125,-1.211217348640048e-08,0.9999999403953552,6.798281538067386e-05
696,-391.03159600168937,-647.3863476083483,71,3.719329833984375e-05,0.0005,1,reinforce_gamma_low_seed1,3.719329833984375e-05,1.0074024281436778e-08,1.0,9.831699571805075e-06
697,-523.5793362675358,-650.8421931337584,90,-0.0001583099365234375,0.0005,1,reinforce_gamma_low_seed1,-0.0001583099365234375,-3.046459795541523e-08,0.9999999403953552,4.2292242142139e-05
698,-847.4325435174411,-654.8597937100495,170,0.001621246337890625,0.0005,1,reinforce_gamma_low_seed1,0.001621246337890625,1.2131297921769146e-07,1.0,0.00042889220640063286
699,-647.4338802841473,-657.6501348787318,121,0.000446319580078125,0.0005,1,reinforce_gamma_low_seed1,0.000446319580078125,4.827483479630246e-08,0.9999999403953552,0.00018095634004566818
700,-626.0322278110742,-644.5308365149018,110,0.000865936279296875,0.0005,1,reinforce_gamma_low_seed1,0.000865936279296875,1.3546510047035554e-07,1.0,0.00022611641907133162
701,-364.42252391883113,-635.9460118443524,83,0.00016021728515625,0.0005,1,reinforce_gamma_low_seed1,0.00016021728515625,6.463154278435468e-08,1.0,0.00021789275342598557
702,-689.2066570876332,-639.3108173465287,184,0.001983642578125,0.0005,1,reinforce_gamma_low_seed1,0.001983642578125,1.1143477252062439e-07,1.0,0.00045112628140486777
703,-623.1481064345103,-644.3558554444403,127,-1.9073486328125e-05,0.0005,1,reinforce_gamma_low_seed1,-1.9073486328125e-05,-6.570590738164128e-09,1.0,2.267214767925907e-05
704,-611.030249813022,-648.1608491116972,95,0.0001506805419921875,0.0005,1,reinforce_gamma_low_seed1,0.0001506805419921875,8.376021298772685e-08,1.0,0.00024994174600578845
705,-1297.400686831167,-658.837435595261,178,0.0007071495056152344,0.0005,1,reinforce_gamma_low_seed1,0.0007071495056152344,8.404924756177934e-08,1.0,0.0003626184188760817
706,-663.0113350076078,-663.3327836816834,132,0.0008907318115234375,0.0005,1,reinforce_gamma_low_seed1,0.0008907318115234375,1.6436432304089976e-07,0.9999999403953552,0.0004472964792512357
707,-431.14728764564927,-662.553936081163,88,0.000396728515625,0.0005,1,reinforce_gamma_low_seed1,0.000396728515625,6.502325078372451e-08,1.0,0.00013836356811225414
708,-509.2398341989179,-662.0639775859947,95,7.2479248046875e-05,0.0005,1,reinforce_gamma_low_seed1,7.2479248046875e-05,2.0077354889735943e-08,1.0,2.1813093553646468e-05
709,-629.3457161957982,-661.044833646633,127,0.00045299530029296875,0.0005,1,reinforce_gamma_low_seed1,0.00045299530029296875,6.47672493414575e-08,0.9999999403953552,0.00015459797577932477
710,-701.1880549786664,-666.1939581846361,135,-0.0004775524139404297,0.0005,1,reinforce_gamma_low_seed1,-0.0004775524139404297,-5.607251907235877e-08,1.0,0.0001019427363644354
711,-1416.4112247353416,-684.2144712426784,223,0.0020275115966796875,0.0005,1,reinforce_gamma_low_seed1,0.0020275115966796875,1.879016338079964e-07,0.9999999403953552,0.0018603038042783737
712,-823.3857857380915,-672.721275180489,116,-0.0001811981201171875,0.0005,1,reinforce_gamma_low_seed1,-0.0001811981201171875,-4.881414739088541e-08,1.0,5.722295827581547e-05
713,-511.5650298069095,-672.2860513187873,87,0.0004482269287109375,0.0005,1,reinforce_gamma_low_seed1,0.0004482269287109375,1.0550706974754576e-07,1.0,0.0002034455246757716
714,-431.1920430160727,-659.6833295716913,88,-6.866455078125e-05,0.0005,1,reinforce_gamma_low_seed1,-6.866455078125e-05,-1.7610462421657758e-08,1.0,2.9070728487567976e-05
715,-636.0353473254594,-654.7108248803145,85,-0.0011568069458007812,0.0005,1,reinforce_gamma_low_seed1,-0.0011568069458007812,-4.431780666891427e-07,1.0,0.0005581327714025974
716,-1147.4493869416333,-664.315693415046,176,-0.0003719329833984375,0.0005,1,reinforce_gamma_low_seed1,-0.0003719329833984375,-4.842877388000488e-08,1.0,0.00010481087520020083
717,-468.54586010302165,-665.8995206446541,109,-0.0006346702575683594,0.0005,1,reinforce_gamma_low_seed1,-0.0006346702575683594,-8.858671662892448e-08,1.0,0.0001417609310010448
718,-524.2992817648799,-664.7146649227413,81,-0.00012493133544921875,0.0005,1,reinforce_gamma_low_seed1,-0.00012493133544921875,-4.7095028321564314e-08,1.0,1.700034954410512e-05
719,-1100.6148488638396,-676.186960138458,166,5.435943603515625e-05,0.0005,1,reinforce_gamma_low_seed1,5.435943603515625e-05,9.335667350285348e-09,1.0,1.9927429093513638e-05
720,-937.6911501680426,-676.8046350286215,153,0.0003662109375,0.0005,1,reinforce_gamma_low_seed1,0.0003662109375,6.311080369414412e-08,1.0,0.00016477105964440852
721,-290.98224566815225,-671.6733776760286,86,0.0009913444519042969,0.0005,1,reinforce_gamma_low_seed1,0.0009913444519042969,2.543593495829555e-07,0.9999999403953552,0.0005960686248727143
722,-662.2646186790628,-670.2766847963463,156,-0.000186920166015625,0.0005,1,reinforce_gamma_low_seed1,-0.000186920166015625,-2.4453187918993535e-08,0.9999999403953552,8.330511627718806e-05
723,-350.8609297473927,-645.9290946254275,82,-0.000492095947265625,0.0005,1,reinforce_gamma_low_seed1,-0.000492095947265625,-2.1370445324464526e-07,1.0,0.00021507161727640778
724,-467.7901428226789,-648.1438332494678,76,-0.0002460479736328125,0.0005,1,reinforce_gamma_low_seed1,-0.0002460479736328125,-7.921143918565576e-08,1.0,8.264464850071818e-05
725,-1027.147784129392,-654.2636178453547,139,-0.0013773441314697266,0.0005,1,reinforce_gamma_low_seed1,-0.0013773441314697266,-3.370449803696829e-07,1.0,0.0004629095201380551
726,-539.3156799612689,-657.6690114739117,94,-0.0008192062377929688,0.0005,1,reinforce_gamma_low_seed1,-0.0008192062377929688,-1.6676618486144434e-07,1.0,0.00046875159023329616
727,-3673.533279718189,-717.8584168027446,340,-0.00038157892413437366,0.0005,1,reinforce_gamma_low_seed1,-0.00038157892413437366,-7.853788730471933e-08,1.0,0.000638495956081897
728,-633.768030664006,-694.0077892729689,131,-0.00013697147369384766,0.0005,1,reinforce_gamma_low_seed1,-0.00013697147369384766,-2.8209832692027703e-08,0.9999999403953552,8.055841317400336e-05
729,-548.7041004931198,-694.314651319295,86,-0.0001373291015625,0.0005,1,reinforce_gamma_low_seed1,-0.0001373291015625,-3.777271118110548e-08,1.0,8.622145105618984e-05
730,-543.6587842335434,-685.4546799819282,105,0.00037741661071777344,0.0005,1,reinforce_gamma_low_seed1,0.00037741661071777344,5.563100202721216e-08,1.0,0.00015269812138285488
731,-421.19448800529005,-679.7025584648403,81,0.000102996826171875,0.0005,1,reinforce_gamma_low_seed1,0.000102996826171875,4.1208149781368775e-08,1.0,0.00011514639481902122
732,-755.322479535295,-686.314761541964,118,4.76837158203125e-05,0.0005,1,reinforce_gamma_low_seed1,4.76837158203125e-05,1.3638350893074858e-08,1.0,6.125132495071739e-05
733,-748.0536011318235,-692.9230469845498,142,-5.14984130859375e-05,0.0005,1,reinforce_gamma_low_seed1,-5.14984130859375e-05,-7.555517989032978e-09,1.0,8.766741302679293e-06
734,-748.2234431457073,-689.9869316705513,92,-0.0002346038818359375,0.0005,1,reinforce_gamma_low_seed1,-0.0002346038818359375,-1.995459797399235e-07,1.0,0.0003832376969512552
735,-606.6131733518173,-692.271942515993,79,0.00043272972106933594,0.0005,1,reinforce_gamma_low_seed1,0.00043272972106933594,2.7614302666734147e-07,0.9999999403953552,0.0006129262037575245
736,-688.0190609379,-696.0567453200704,118,0.0007457733154296875,0.0005,1,reinforce_gamma_low_seed1,0.0007457733154296875,1.6820632708913763e-07,1.0,0.000414650741731748
737,-572.5564541709734,-695.3651589245236,88,-0.000324249267578125,0.0005,1,reinforce_gamma_low_seed1,-0.000324249267578125,-1.0295347863120696e-07,0.9999999403953552,0.00013856393343303353
738,-1856.511916929421,-721.49280226425,223,0.0008609294891357422,0.0005,1,reinforce_gamma_low_seed1,0.0008609294891357422,1.0049931375988308e-07,1.0,0.001431137672625482
739,-378.0361508906818,-719.2372304896512,75,-0.00030231475830078125,0.0005,1,reinforce_gamma_low_seed1,-0.00030231475830078125,-9.85463444180823e-08,0.9999999403953552,0.0001541032688692212
740,-2216.698510842489,-757.1785536325932,256,-0.00042008794844150543,0.0005,1,reinforce_gamma_low_seed1,-0.00042008794844150543,-7.543712854385376e-08,1.0,0.0005443990812636912
741,-537.4543729537249,-758.6688284726922,81,0.0002574920654296875,0.0005,1,reinforce_gamma_low_seed1,0.0002574920654296875,1.0302037622977878e-07,0.9999999403953552,0.00017639998986851424
742,-2205.0353894769223,-790.3216608585069,261,-3.600706986617297e-05,0.0005,1,reinforce_gamma_low_seed1,-3.600706986617297e-05,-8.906440918110547e-09,1.0,2.613208198454231e-05
743,-418.1499916652881,-792.0806372628526,82,-0.0002727508544921875,0.0005,1,reinforce_gamma_low_seed1,-0.0002727508544921875,-7.559613379726215e-08,1.0,0.00013294434756971896
744,-2764.063586468205,-833.6883219726391,323,0.0018382836133241653,0.0005,1,reinforce_gamma_low_seed1,0.0018382836133241653,1.39139018529022e-07,1.0,0.0003904427867382765
745,-1333.151257898972,-850.778989359566,254,-0.0006299018859863281,0.0005,1,reinforce_gamma_low_seed1,-0.0006299018859863281,-3.0975641607255966e-08,0.9999999403953552,0.0002852565376088023
746,-379.9957835775667,-850.5582731110835,108,0.00028228759765625,0.0005,1,reinforce_gamma_low_seed1,0.00028228759765625,4.1392112848370743e-08,1.0,0.00020502146799117327
747,-1223.6283795663246,-864.5592539770593,257,-0.00046133995056152344,0.0005,1,reinforce_gamma_low_seed1,-0.00046133995056152344,-2.272861898688916e-08,1.0,9.746387513587251e-05
748,-332.3679921564957,-854.2579629498405,108,-0.00032806396484375,0.0005,1,reinforce_gamma_low_seed1,-0.00032806396484375,-5.739706665508493e-08,1.0,0.00016636302461847663
749,-1105.844673349061,-863.4261788111387,187,0.0003933906555175781,0.0005,1,reinforce_gamma_low_seed1,0.0003933906555175781,3.569903839206745e-08,1.0,9.131049591815099e-05
750,-430.17927840121797,-859.5091198229416,101,0.0011835098266601562,0.0005,1,reinforce_gamma_low_seed1,0.0011835098266601562,1.369136413131855e-07,1.0,0.001089634606614709
751,-842.3806679897505,-869.0682827043598,189,0.0017995834350585938,0.0005,1,reinforce_gamma_low_seed1,0.0017995834350585938,1.1227118079659704e-07,1.0,0.0008630587253719568
752,-660.162783714118,-868.4874052368896,162,0.00020694732666015625,0.0005,1,reinforce_gamma_low_seed1,0.00020694732666015625,1.7660635620586618e-08,0.9999999403953552,0.00012285629054531455
753,-719.6386772344598,-870.4172166528886,132,-0.0004405975341796875,0.0005,1,reinforce_gamma_low_seed1,-0.0004405975341796875,-8.398836115475206e-08,1.0,0.00010615281644277275
754,-536.9646679124899,-868.9359050148779,78,0.00026416778564453125,0.0005,1,reinforce_gamma_low_seed1,0.00026416778564453125,1.2150177042258292e-07,1.0,7.50067483750172e-05
755,-604.1402976341546,-855.0706972309378,90,0.00038051605224609375,0.0005,1,reinforce_gamma_low_seed1,0.00038051605224609375,9.006924273080585e-08,0.9999999403953552,0.00014011005987413228
756,-617.3304546363636,-854.1570796235128,119,-0.0025091171264648438,0.0005,1,reinforce_gamma_low_seed1,-0.0025091171264648438,-2.6145903575525153e-07,1.0,0.0009944421472027898
757,-372.37171370451233,-852.9815681446901,87,-0.000194549560546875,0.0005,1,reinforce_gamma_low_seed1,-0.000194549560546875,-3.6310876083689436e-08,1.0,0.00023205789329949766
758,-1230.5774615019236,-867.4083206907503,199,-0.0005478858947753906,0.0005,1,reinforce_gamma_low_seed1,-0.0005478858947753906,-6.080272640929252e-08,1.0,0.0006663642707280815
759,-475.8438045854666,-864.3382824585435,88,5.340576171875e-05,0.0005,1,reinforce_gamma_low_seed1,5.340576171875e-05,1.2191859077859135e-08,1.0,1.0041160749096889e-05
760,-713.1001448148971,-864.5765242552682,149,-0.00040912628173828125,0.0005,1,reinforce_gamma_low_seed1,-0.00040912628173828125,-3.040236862261736e-08,1.0,0.00021229083358775824
761,-535.9640787003602,-846.9675813345685,97,-0.0004621744155883789,0.0005,1,reinforce_gamma_low_seed1,-0.0004621744155883789,-1.1552240408718717e-07,1.0,0.0005818836507387459
762,-501.95041149705236,-840.5388738497478,119,-0.00034427642822265625,0.0005,1,reinforce_gamma_low_seed1,-0.00034427642822265625,-9.116004662246269e-08,0.9999999403953552,0.0004734197282232344
763,-449.3364232852003,-839.2943017193137,135,0.0008459091186523438,0.0005,1,reinforce_gamma_low_seed1,0.0008459091186523438,7.329163764779878e-08,1.0,0.00015908956993371248
764,-870.2660456620092,-848.0757817722323,177,1.430511474609375e-06,0.0005,1,reinforce_gamma_low_seed1,1.430511474609375e-06,-6.734988122758523e-09,1.0,4.8110417992575094e-05
765,-497.7362016390074,-845.3097988585033,147,0.0006656646728515625,0.0005,1,reinforce_gamma_low_seed1,0.0006656646728515625,4.4602114002145754e-08,1.0,0.00018961050955113024
766,-821.9726718375964,-838.8002645564226,166,-0.00177001953125,0.0005,1,reinforce_gamma_low_seed1,-0.00177001953125,-1.2387712899908365e-07,1.0,0.0005262135528028011
767,-436.55036108075734,-838.1603545759773,92,0.001041412353515625,0.0005,1,reinforce_gamma_low_seed1,0.001041412353515625,2.312919349378717e-07,1.0,0.000280500331427902
768,-650.9289042965084,-840.6929470266099,110,0.0015964508056640625,0.0005,1,reinforce_gamma_low_seed1,0.0015964508056640625,2.221627681819882e-07,1.0,0.0010354563128203154
769,-704.0693781253608,-832.7620376118402,117,0.00020265579223632812,0.0005,1,reinforce_gamma_low_seed1,0.00020265579223632812,3.209481036492434e-08,1.0,0.0001591025065863505
770,-375.24031232997527,-821.5130208550789,85,-0.00035190582275390625,0.0005,1,reinforce_gamma_low_seed1,-0.00035190582275390625,-7.818726999175851e-08,0.9999999403953552,0.00022059146431274712
771,-498.15221551167633,-825.6564202519495,81,-0.00014829635620117188,0.0005,1,reinforce_gamma_low_seed1,-0.00014829635620117188,-3.5321271241173235e-08,1.0,0.00012883453746326268
772,-493.83599923420456,-822.2878478630523,80,0.0003814697265625,0.0005,1,reinforce_gamma_low_seed1,0.0003814697265625,1.2516974834397843e-07,1.0,5.208767834119499e-05
773,-500.44119896725874,-825.2794532474495,86,-0.0008392333984375,0.0005,1,reinforce_gamma_low_seed1,-0.0008392333984375,-2.924786031144322e-07,1.0,0.0005890182219445705
774,-394.6160387444436,-823.8159711658849,104,0.0001373291015625,0.0005,1,reinforce_gamma_low_seed1,0.0001373291015625,2.2924863785078742e-08,1.0,4.5188713556854054e-05
775,-452.7182049350811,-812.3273795819987,128,0.000701904296875,0.0005,1,reinforce_gamma_low_seed1,0.000701904296875,4.6566128730773926e-08,0.9999999403953552,0.00010050473065348342
776,-572.0009272580037,-812.9810845279333,92,0.0006160736083984375,0.0005,1,reinforce_gamma_low_seed1,0.0006160736083984375,1.218007952275002e-07,0.9999999403953552,0.0002873021294362843
777,-488.5899785267882,-749.2822185041052,101,-0.0006866455078125,0.0005,1,reinforce_gamma_low_seed1,-0.0006866455078125,-9.206262063798931e-08,1.0,0.00030944900936447084
778,-464.71474314078165,-745.9011527536408,82,-8.392333984375e-05,0.0005,1,reinforce_gamma_low_seed1,-8.392333984375e-05,-2.7621664955290726e-08,1.0,0.00013670224871020764
779,-470.4704872095235,-744.336480487969,97,-0.00021839141845703125,0.0005,1,reinforce_gamma_low_seed1,-0.00021839141845703125,-2.5808196468801725e-08,1.0,6.390067574102432e-05
780,-1032.674509890689,-754.1167950011118,195,0.002960205078125,0.0005,1,reinforce_gamma_low_seed1,0.002960205078125,1.8523289213590033e-07,0.9999999403953552,0.0014218947617337108
781,-977.9023493733285,-765.2509522284726,161,-0.002048492431640625,0.0005,1,reinforce_gamma_low_seed1,-0.002048492431640625,-1.7548200048622675e-07,1.0,0.0005572095396928489
782,-1166.9076152196938,-773.4826549421606,179,0.001954317092895508,0.0005,1,reinforce_gamma_low_seed1,0.001954317092895508,1.4784615132157342e-07,1.0,0.0002876711077988148
783,-1083.0012203162237,-780.1816073258486,183,0.000713348388671875,0.0005,1,reinforce_gamma_low_seed1,0.000713348388671875,4.722772573018119e-08,1.0,0.0003491055977065116
784,-388.6503838438308,-772.9901461398109,93,0.0003161430358886719,0.0005,1,reinforce_gamma_low_seed1,0.0003161430358886719,6.505238303589067e-08,0.9999999403953552,0.0001850575499702245
785,-497.1887068110848,-770.8016568089963,147,0.001171112060546875,0.0005,1,reinforce_gamma_low_seed1,0.001171112060546875,7.582359273783368e-08,1.0,0.0006139368051663041
786,-708.3010649648438,-771.2072968895352,212,0.000812530517578125,0.0005,1,reinforce_gamma_low_seed1,0.000812530517578125,1.6306930916698548e-08,1.0,0.0003151620621792972
787,-1130.837538887251,-782.3729185838608,216,-0.000431060791015625,0.0005,1,reinforce_gamma_low_seed1,-0.000431060791015625,-1.6004950254000505e-08,1.0,7.980717782629654e-05
788,-477.7675144661537,-754.7980305345955,123,-0.0013427734375,0.0005,1,reinforce_gamma_low_seed1,-0.0013427734375,-1.1290961055010484e-07,1.0,0.0011061832774430513
789,-180.6290575598738,-750.8498886679793,127,-0.000164031982421875,0.0005,1,reinforce_gamma_low_seed1,-0.000164031982421875,0.0,1.0,0.0
790,-336.5848894721571,-713.2476162405727,89,0.0002651214599609375,0.0005,1,reinforce_gamma_low_seed1,0.0002651214599609375,3.482518451392025e-08,0.9999999403953552,6.316212238743901e-05
791,-463.32275695356435,-711.7649839205695,104,0.00048828125,0.0005,1,reinforce_gamma_low_seed1,0.00048828125,5.5019672373646245e-08,1.0,0.00042187958024442196
792,-375.4435471375207,-675.1731470737815,97,0.00057220458984375,0.0005,1,reinforce_gamma_low_seed1,0.00057220458984375,7.250874034525623e-08,1.0,0.0006444780738092959
793,-619.5576680645435,-679.2013006017665,117,0.0006265640258789062,0.0005,1,reinforce_gamma_low_seed1,0.0006265640258789062,6.57179413110498e-08,1.0,8.580602298025042e-05
794,-322.6480164573312,-630.3729892015491,120,-6.103515625e-05,0.0005,1,reinforce_gamma_low_seed1,-6.103515625e-05,5.9604645663569045e-09,0.9999999403953552,3.499574449961074e-05
795,-256.63725963097863,-608.8427092361892,152,-0.001068115234375,0.0005,1,reinforce_gamma_low_seed1,-0.001068115234375,-4.705630018975171e-08,1.0,0.0004651542112696916
796,-350.38994662282346,-608.2505924970943,78,0.001262664794921875,0.0005,1,reinforce_gamma_low_seed1,0.001262664794921875,2.5675848291939474e-07,1.0,0.00037222422542981803
797,-737.8177859309055,-598.5343806243859,150,-0.001861572265625,0.0005,1,reinforce_gamma_low_seed1,-0.001861572265625,-1.23977656585339e-07,1.0,0.0005567656480707228
798,-465.3523727326007,-601.194068235908,103,-0.00033855438232421875,0.0005,1,reinforce_gamma_low_seed1,-0.00033855438232421875,-4.513749729539995e-08,0.9999999403953552,3.9292892324738204e-05
799,-471.99017171664013,-588.5169782032597,83,-2.765655517578125e-05,0.0005,1,reinforce_gamma_low_seed1,-2.765655517578125e-05,-7.89941090317825e-09,1.0,2.9822365831932984e-05
800,-428.28125756674325,-588.4790177865701,83,-0.0008833408355712891,0.0005,1,reinforce_gamma_low_seed1,-0.0008833408355712891,-1.6947826964042179e-07,1.0,0.00023088138550519943
