episode,total_reward,moving_avg_reward,episode_length,loss,learning_rate,seed,exp_name,policy_loss,return_mean,return_std,grad_norm
1,-132.78085408055188,-132.78085408055188,100,0.002288818359375,0.0005,1,reinforce_gamma_opt_seed1,0.002288818359375,1.6510486489096365e-07,1.0,0.0002951871429104358
2,-217.3421300626134,-175.06149207158262,92,-0.0064239501953125,0.0005,1,reinforce_gamma_opt_seed1,-0.0064239501953125,-5.519908654605388e-07,1.0,0.0009505601483397186
3,-238.3727516991966,-196.1652452807873,105,-0.005024433135986328,0.0005,1,reinforce_gamma_opt_seed1,-0.005024433135986328,-3.2470339306200913e-07,1.0,0.0006143635837361217
4,-357.29951711952003,-236.44881324047049,132,0.00274658203125,0.0005,1,reinforce_gamma_opt_seed1,0.00274658203125,1.1740308991647908e-07,1.0,0.00022637887741439044
5,-117.63435125292543,-212.68592084296148,128,-0.004180908203125,0.0005,1,reinforce_gamma_opt_seed1,-0.004180908203125,-1.9278377294540405e-07,1.0,0.0004751158703584224
6,-89.56820550978566,-192.1663016207655,100,-0.00272369384765625,0.0005,1,reinforce_gamma_opt_seed1,-0.00272369384765625,-1.9371509552001953e-07,1.0,0.00044203735888004303
7,-281.7191147156807,-204.95956063432482,63,-0.0004194974899291992,0.0005,1,reinforce_gamma_opt_seed1,-0.0004194974899291992,-7.379622957159881e-08,1.0,0.00011312157585052773
8,-464.2185818306137,-237.36693828386092,81,-0.0005443096160888672,0.0005,1,reinforce_gamma_opt_seed1,-0.0005443096160888672,-6.622738624173508e-08,1.0,0.00012599975161720067
9,-140.07662901260827,-226.5569039203884,107,-0.0005930662155151367,0.0005,1,reinforce_gamma_opt_seed1,-0.0005930662155151367,-3.843663876068604e-08,1.0,9.466775372857228e-05
10,-154.27058752636327,-219.3282722809859,75,-0.003922224044799805,0.0005,1,reinforce_gamma_opt_seed1,-0.003922224044799805,-5.030631768931926e-07,1.0,0.00027554327971301973
11,-198.0649729323152,-217.39524506747037,67,0.0010786056518554688,0.0005,1,reinforce_gamma_opt_seed1,0.0010786056518554688,1.6013187575936172e-07,1.0,0.0003043912583962083
12,-259.9029451677233,-220.9375534091581,82,-0.003101825714111328,0.0005,1,reinforce_gamma_opt_seed1,-0.003101825714111328,-3.430901642786921e-07,1.0,0.00028632659814320505
13,-116.05636459790404,-212.86976965444626,96,-0.000885009765625,0.0005,1,reinforce_gamma_opt_seed1,-0.000885009765625,-7.450580596923828e-08,1.0,7.41038893465884e-05
14,-205.8514199066327,-212.36845895817387,134,-0.0017557144165039062,0.0005,1,reinforce_gamma_opt_seed1,-0.0017557144165039062,-6.850086009535516e-08,0.9999999403953552,8.877401705831289e-05
15,-299.73169863079966,-218.1926749363489,98,0.011934280395507812,0.0005,1,reinforce_gamma_opt_seed1,0.011934280395507812,8.977189622783044e-07,1.0,0.0015953645342960954
16,-263.18715565759436,-221.00482998142675,108,-0.0047149658203125,0.0005,1,reinforce_gamma_opt_seed1,-0.0047149658203125,-2.93608053425487e-07,1.0,0.0006548796081915498
17,-490.2164348964622,-236.84080674113474,99,0.004210948944091797,0.0005,1,reinforce_gamma_opt_seed1,0.004210948944091797,3.058501079067355e-07,1.0,0.0009781483095139265
18,-89.68145038134311,-228.6652869433685,104,0.000244140625,0.0005,1,reinforce_gamma_opt_seed1,0.000244140625,2.2924863785078742e-08,1.0,3.013036803167779e-05
19,-181.88733777244605,-226.20328961858314,69,0.006939530372619629,0.0005,1,reinforce_gamma_opt_seed1,0.006939530372619629,1.0659729241524474e-06,1.0,0.0008415026240982115
20,-87.43083548124451,-219.26466691171623,71,-0.0006494522094726562,0.0005,1,reinforce_gamma_opt_seed1,-0.0006494522094726562,-8.64687095258887e-08,0.9999999403953552,0.00010739283607108518
21,-113.800272318092,-214.24255288344838,82,0.004993915557861328,0.0005,1,reinforce_gamma_opt_seed1,0.004993915557861328,5.313535780260281e-07,1.0,0.0007888826075941324
22,-241.81271563373014,-215.4957420993703,91,0.010105788707733154,0.0005,1,reinforce_gamma_opt_seed1,0.010105788707733154,8.822797212815203e-07,1.0,0.0012242100201547146
23,51.213449663921665,-203.89969028357498,70,-0.00011229515075683594,0.0005,1,reinforce_gamma_opt_seed1,-0.00011229515075683594,-1.0217939383494468e-08,1.0,1.1744897165044677e-05
24,-253.3759668511734,-205.9612018072249,109,0.0036764144897460938,0.0005,1,reinforce_gamma_opt_seed1,0.0036764144897460938,2.2037313840428396e-07,1.0,0.00064511236269027
25,-307.61779900016234,-210.0274656949424,92,-0.0021209716796875,0.0005,1,reinforce_gamma_opt_seed1,-0.0021209716796875,-1.7881393432617188e-07,1.0,0.00025440752506256104
26,-356.96409883117,-215.67887466172039,109,0.0006806850433349609,0.0005,1,reinforce_gamma_opt_seed1,0.0006806850433349609,4.92148437558626e-08,1.0,8.89873190317303e-05
27,-71.82153504472775,-210.35082504627624,62,7.43865966796875e-05,0.0005,1,reinforce_gamma_opt_seed1,7.43865966796875e-05,2.715856872725908e-08,1.0,2.8839604055974633e-05
28,-154.0355823949228,-208.33956638015644,115,-0.0029507875442504883,0.0005,1,reinforce_gamma_opt_seed1,-0.0029507875442504883,-1.6326490026585816e-07,1.0,0.00024202431086450815
29,-144.25710416163088,-206.12982630365556,82,6.198883056640625e-05,0.0005,1,reinforce_gamma_opt_seed1,6.198883056640625e-05,5.088201415759386e-09,1.0,4.271592842997052e-06
30,-109.9702172443065,-202.9245060016773,64,0.001129150390625,0.0005,1,reinforce_gamma_opt_seed1,0.001129150390625,1.8998980522155762e-07,1.0,0.00021417401148937643
31,-267.38909914725116,-205.0040090063732,116,0.0088958740234375,0.0005,1,reinforce_gamma_opt_seed1,0.0088958740234375,4.747818138639559e-07,1.0,0.0007874693837948143
32,-156.60207665975952,-203.49144862054152,79,-0.002456188201904297,0.0005,1,reinforce_gamma_opt_seed1,-0.002456188201904297,-2.784065031846694e-07,1.0,0.00030960640287958086
33,-184.10309451996682,-202.90392273870594,75,-0.007391452789306641,0.0005,1,reinforce_gamma_opt_seed1,-0.007391452789306641,-9.409586709807627e-07,1.0,0.001231209491379559
34,-297.1296897218291,-205.67526882644484,66,-0.0013484954833984375,0.0005,1,reinforce_gamma_opt_seed1,-0.0013484954833984375,-2.167441692790817e-07,1.0,0.0002575185790192336
35,-208.25801191003984,-205.7490614859761,147,-0.004409909248352051,0.0005,1,reinforce_gamma_opt_seed1,-0.004409909248352051,-1.4637603840128577e-07,1.0,0.0005766572430729866
36,-215.48597219932572,-206.01953122801362,72,0.001552581787109375,0.0005,1,reinforce_gamma_opt_seed1,0.001552581787109375,2.168946764413704e-07,1.0,0.00028908965759910643
37,-444.68447481229674,-212.46993510866992,97,0.0036084651947021484,0.0005,1,reinforce_gamma_opt_seed1,0.0036084651947021484,2.716005553793366e-07,0.9999999403953552,0.00043637436465360224
38,-274.98468101411004,-214.11506000091833,75,-0.004639625549316406,0.0005,1,reinforce_gamma_opt_seed1,-0.004639625549316406,-5.912780807193485e-07,1.0,0.0008715100702829659
39,-67.26970242274444,-210.34979442199082,64,0.0006256103515625,0.0005,1,reinforce_gamma_opt_seed1,0.0006256103515625,1.1362135410308838e-07,0.9999999403953552,6.102081897552125e-05
40,-331.7237272366399,-213.38414274235703,95,0.004520893096923828,0.0005,1,reinforce_gamma_opt_seed1,0.004520893096923828,3.425698480441497e-07,1.0,0.0008201496675610542
41,-104.16732857412431,-210.72031800654648,127,0.001779317855834961,0.0005,1,reinforce_gamma_opt_seed1,0.001779317855834961,6.805255026165469e-08,1.0,0.0001842981146182865
42,-102.3853585144711,-208.14091420911615,83,-0.0013728141784667969,0.0005,1,reinforce_gamma_opt_seed1,-0.0013728141784667969,-1.4506190382235218e-07,1.0,0.00015648519911337644
43,-445.58942314858604,-213.66297255654564,93,0.0012593269348144531,0.0005,1,reinforce_gamma_opt_seed1,0.0012593269348144531,1.16325196586331e-07,1.0,0.00029607280157506466
44,-270.22874557069787,-214.94855830686728,83,-0.0020551681518554688,0.0005,1,reinforce_gamma_opt_seed1,-0.0020551681518554688,-2.140022132834929e-07,0.9999999403953552,0.00036338859354145825
45,-112.38934298505055,-212.66946463304913,64,0.0007171630859375,0.0005,1,reinforce_gamma_opt_seed1,0.0007171630859375,1.2386590242385864e-07,0.9999999403953552,0.000108689273474738
46,-83.9403245836364,-209.87100506675756,137,0.005800962448120117,0.0005,1,reinforce_gamma_opt_seed1,0.005800962448120117,2.1927547777522705e-07,1.0,0.0004512955201789737
47,12.189081953760422,-205.14632236419334,114,0.000247955322265625,0.0005,1,reinforce_gamma_opt_seed1,0.000247955322265625,9.934107758624577e-09,0.9999999403953552,1.6837178918649442e-05
48,-160.16125671239791,-204.2091334964476,109,0.011382579803466797,0.0005,1,reinforce_gamma_opt_seed1,0.011382579803466797,6.955697813282313e-07,1.0,0.0010020318441092968
49,-58.689148767428506,-201.23933788973295,65,-0.00037860870361328125,0.0005,1,reinforce_gamma_opt_seed1,-0.00037860870361328125,-6.235563176915093e-08,0.9999999403953552,4.0835187974153087e-05
50,-366.4073969623971,-204.5426990711862,92,0.00194549560546875,0.0005,1,reinforce_gamma_opt_seed1,0.00194549560546875,1.7687030151591898e-07,1.0,0.00028569181449711323
51,-277.76126933123453,-207.44230737619986,75,0.0029163360595703125,0.0005,1,reinforce_gamma_opt_seed1,0.0029163360595703125,3.6716460272145923e-07,1.0,0.0003366633609402925
52,-109.81547921948598,-205.29177435933732,94,-0.009654998779296875,0.0005,1,reinforce_gamma_opt_seed1,-0.009654998779296875,-7.78664912104432e-07,1.0,0.0011222471948713064
53,-248.23387580965954,-205.48899684154657,69,0.004147529602050781,0.0005,1,reinforce_gamma_opt_seed1,0.004147529602050781,6.305998567768256e-07,1.0,0.00041346391662955284
54,-216.4406962569021,-202.67182042429422,79,0.0028717517852783203,0.0005,1,reinforce_gamma_opt_seed1,0.0028717517852783203,3.4668778425839264e-07,1.0,0.00039455058868043125
55,-168.27367682879458,-203.68460693581162,62,-0.0023736953735351562,0.0005,1,reinforce_gamma_opt_seed1,-0.0023736953735351562,-4.54725750387297e-07,1.0,0.0006956680445000529
56,-309.00157115778177,-208.07327424877153,111,-0.008979320526123047,0.0005,1,reinforce_gamma_opt_seed1,-0.008979320526123047,-5.28387147369358e-07,1.0,0.0007922505610622466
57,-296.2712230049681,-208.3643164145573,84,0.001598358154296875,0.0005,1,reinforce_gamma_opt_seed1,0.001598358154296875,1.6391277313232422e-07,1.0,0.0002169121289625764
58,-151.84878834671565,-202.11692054487932,85,0.005922794342041016,0.0005,1,reinforce_gamma_opt_seed1,0.005922794342041016,5.946440069237724e-07,1.0,0.00043955619912594557
59,-339.05150336647085,-206.09641803195657,107,-0.003580451011657715,0.0005,1,reinforce_gamma_opt_seed1,-0.003580451011657715,-2.3284805195089575e-07,0.9999999403953552,0.000392170186387375
60,-145.3306763144106,-205.91761980771753,113,-0.012155771255493164,0.0005,1,reinforce_gamma_opt_seed1,-0.012155771255493164,-6.857171683805063e-07,1.0,0.0016751596704125404
61,-167.01572847120502,-205.2966349184953,72,-0.0006256103515625,0.0005,1,reinforce_gamma_opt_seed1,-0.0006256103515625,-8.609559642991371e-08,1.0,6.0469581512734294e-05
62,-385.471615793282,-207.8080083310065,76,0.00194549560546875,0.0005,1,reinforce_gamma_opt_seed1,0.00194549560546875,2.6155458954235655e-07,0.9999999403953552,0.00048220777534879744
63,-106.51502297341656,-207.61718149851674,64,-0.000518798828125,0.0005,1,reinforce_gamma_opt_seed1,-0.000518798828125,-8.940696716308594e-08,0.9999999403953552,5.8775447541847825e-05
64,-182.97646120669071,-207.1596823245179,99,-0.013119101524353027,0.0005,1,reinforce_gamma_opt_seed1,-0.013119101524353027,-9.657156851972104e-07,1.0,0.0005470894975587726
65,-447.54596829598665,-210.11596771782163,95,0.0017349720001220703,0.0005,1,reinforce_gamma_opt_seed1,0.0017349720001220703,1.4054147357001057e-07,0.9999999403953552,0.0001986421993933618
66,-224.34261779888007,-209.33907696064736,115,0.0023469924926757812,0.0005,1,reinforce_gamma_opt_seed1,0.0023469924926757812,1.2646550828776526e-07,1.0,0.00020468926231842488
67,-143.59729843905535,-202.40669423149922,103,-0.001476287841796875,0.0005,1,reinforce_gamma_opt_seed1,-0.001476287841796875,-9.895528307879431e-08,1.0,0.00010249175829812884
68,-197.4184008282,-204.56143324043634,102,-0.030531883239746094,0.0005,1,reinforce_gamma_opt_seed1,-0.030531883239746094,-2.1387550077633932e-06,1.0,0.0046009193174541
69,-220.40910409016232,-205.3318685667907,65,-0.00046706199645996094,0.0005,1,reinforce_gamma_opt_seed1,-0.00046706199645996094,-8.25295103368262e-08,1.0,0.00010176859359489754
70,-135.25764534114876,-206.28840476398875,95,0.0004596710205078125,0.0005,1,reinforce_gamma_opt_seed1,0.0004596710205078125,3.952728988565468e-08,0.9999999403953552,5.932684143772349e-05
71,-369.008990142452,-211.39257912047597,75,0.0020093917846679688,0.0005,1,reinforce_gamma_opt_seed1,0.0020093917846679688,2.753734520410944e-07,1.0,0.0007956793997436762
72,-331.2307173753584,-213.18093915530852,94,0.012104034423828125,0.0005,1,reinforce_gamma_opt_seed1,0.012104034423828125,1.0208880212303484e-06,0.9999999403953552,0.0019519629422575235
73,14.338255340690722,-213.91844304177314,128,6.103515625e-05,0.0005,1,reinforce_gamma_opt_seed1,6.103515625e-05,4.6566128730773926e-09,1.0,7.492632448702352e-06
74,-265.61845510643514,-214.1632928068784,70,-0.003459930419921875,0.0005,1,reinforce_gamma_opt_seed1,-0.003459930419921875,-5.245208853921213e-07,1.0,0.0008799362112767994
75,-242.80361106788075,-212.86700904823275,79,-0.004467010498046875,0.0005,1,reinforce_gamma_opt_seed1,-0.004467010498046875,-5.454956522044085e-07,1.0,0.0009071550448425114
76,-336.45802060586925,-212.45688748372672,87,0.0014691352844238281,0.0005,1,reinforce_gamma_opt_seed1,0.0014691352844238281,1.493541645913865e-07,1.0,0.0002477121015544981
77,-110.79993445931488,-213.23645547201846,99,0.006674766540527344,0.0005,1,reinforce_gamma_opt_seed1,0.006674766540527344,4.936950404044183e-07,1.0,0.0005153341335244477
78,-181.18217667869692,-213.77938735769396,55,0.002269744873046875,0.0005,1,reinforce_gamma_opt_seed1,0.002269744873046875,5.386092425396782e-07,0.9999999403953552,0.0006152930436655879
79,-57.47430771809285,-212.0437314288232,83,0.0005922317504882812,0.0005,1,reinforce_gamma_opt_seed1,0.0005922317504882812,6.427247711826567e-08,0.9999999403953552,4.0959665057016537e-05
80,-286.2815948437958,-215.569958980813,134,0.012544631958007812,0.0005,1,reinforce_gamma_opt_seed1,0.012544631958007812,5.150909032636264e-07,1.0,0.001805496052838862
81,-127.00787650398593,-212.76233452794767,57,-0.001325845718383789,0.0005,1,reinforce_gamma_opt_seed1,-0.001325845718383789,-2.9279473778842657e-07,1.0,0.00026932923356071115
82,-102.05012107729395,-211.6712954162984,82,-0.000873565673828125,0.0005,1,reinforce_gamma_opt_seed1,-0.000873565673828125,-9.522205601797396e-08,1.0,8.430628076894209e-05
83,-279.61228138198703,-213.5814791535388,86,-0.0029277801513671875,0.0005,1,reinforce_gamma_opt_seed1,-0.0029277801513671875,-2.883201375425415e-07,1.0,0.0006153419963084161
84,-460.62568865991693,-216.85139913230054,89,0.0004894733428955078,0.0005,1,reinforce_gamma_opt_seed1,0.0004894733428955078,4.621034221941045e-08,0.9999999403953552,7.960209040902555e-05
85,-93.66129078765263,-214.55946470985276,82,-0.003131866455078125,0.0005,1,reinforce_gamma_opt_seed1,-0.003131866455078125,-3.416363654196175e-07,1.0,0.0005973039078526199
86,-329.08599908919416,-216.83146524765016,64,0.0014801025390625,0.0005,1,reinforce_gamma_opt_seed1,0.0014801025390625,2.5890767574310303e-07,1.0,0.00045448963646776974
87,-186.2340041593883,-211.66245583459195,71,-0.0010297894477844238,0.0005,1,reinforce_gamma_opt_seed1,-0.0010297894477844238,-1.6286340098758956e-07,1.0,0.00015714284381829202
88,-101.66019527255605,-208.1959661197609,70,-0.00218963623046875,0.0005,1,reinforce_gamma_opt_seed1,-0.00218963623046875,-3.2697406027182296e-07,1.0,0.00040295140934176743
89,-241.09970903438443,-211.67256625199371,100,0.00251007080078125,0.0005,1,reinforce_gamma_opt_seed1,0.00251007080078125,1.8835068260614207e-07,1.0,0.00028756516985595226
90,-152.44562565442186,-208.08700422034934,87,-0.0012388229370117188,0.0005,1,reinforce_gamma_opt_seed1,-0.0012388229370117188,-1.1920928955078125e-07,1.0,0.00011616491974564269
91,-115.0518796148474,-208.30469524116378,112,0.00030517578125,0.0005,1,reinforce_gamma_opt_seed1,0.00030517578125,1.915863556689601e-08,1.0,4.848830576520413e-05
92,-423.44116044465613,-214.72581127976753,94,-0.0061206817626953125,0.0005,1,reinforce_gamma_opt_seed1,-0.0061206817626953125,-5.098099222777819e-07,1.0,0.0009329594322480261
93,-4.8472863025778,-205.91096854284734,68,6.103515625e-05,0.0005,1,reinforce_gamma_opt_seed1,6.103515625e-05,2.2790011655615672e-08,0.9999999403953552,3.0245822927099653e-05
94,-337.33768774702673,-207.25314738637394,116,-0.0001068115234375,0.0005,1,reinforce_gamma_opt_seed1,-0.0001068115234375,-4.11066514161007e-09,1.0,7.259451194840949e-06
95,-321.3006536905531,-211.43137360048397,84,0.003681182861328125,0.0005,1,reinforce_gamma_opt_seed1,0.003681182861328125,3.867206146423996e-07,1.0,0.0010058319894596934
96,-647.7155156090986,-222.70687742099324,133,0.008594751358032227,0.0005,1,reinforce_gamma_opt_seed1,0.008594751358032227,3.5045738400185655e-07,0.9999999403953552,0.0013465213123708963
97,-282.0647906688542,-228.5919548734455,84,-0.001220703125,0.0005,1,reinforce_gamma_opt_seed1,-0.001220703125,-1.4191581954037247e-07,1.0,9.100728493649513e-05
98,-408.55543793959725,-233.5598384979895,99,0.005135774612426758,0.0005,1,reinforce_gamma_opt_seed1,0.005135774612426758,3.8532294865945005e-07,0.9999999403953552,0.0006508276565000415
99,-230.43867357048993,-236.99482899405072,100,-0.00193023681640625,0.0005,1,reinforce_gamma_opt_seed1,-0.00193023681640625,-1.50203703697116e-07,1.0,0.0003709643497131765
100,-107.58353881146452,-231.81835183103206,70,-0.0013275146484375,0.0005,1,reinforce_gamma_opt_seed1,-0.0013275146484375,-2.0265579792067e-07,1.0,0.00013887415116187185
101,-302.4452208483999,-232.31203086137538,96,-0.00982666015625,0.0005,1,reinforce_gamma_opt_seed1,-0.00982666015625,-7.7858567237854e-07,1.0,0.001328235026448965
102,-253.89785277770352,-235.19367833253972,126,-0.001190185546875,0.0005,1,reinforce_gamma_opt_seed1,-0.001190185546875,-5.298190686175985e-08,1.0,0.00010055200255010277
103,-120.73233169875562,-232.64364745032165,111,0.003432750701904297,0.0005,1,reinforce_gamma_opt_seed1,0.003432750701904297,2.035149577750417e-07,1.0,0.0003816158859990537
104,-281.20185035768384,-233.9388705323373,76,-0.0057373046875,0.0005,1,reinforce_gamma_opt_seed1,-0.0057373046875,-7.372153163487383e-07,0.9999999403953552,0.0008766462560743093
105,-134.3110237464945,-233.25961747069127,77,-0.004120588302612305,0.0005,1,reinforce_gamma_opt_seed1,-0.004120588302612305,-5.0315611588303e-07,1.0,0.0007253846270032227
106,-95.90061791838642,-228.99759840590337,65,-0.0005450248718261719,0.0005,1,reinforce_gamma_opt_seed1,-0.0005450248718261719,-9.353344410101272e-08,1.0,9.591953858034685e-05
107,-228.9355950880252,-227.6508858475645,63,0.0005428791046142578,0.0005,1,reinforce_gamma_opt_seed1,0.0005428791046142578,9.46105487287241e-08,1.0,0.00013652343477588147
108,-71.10258140847446,-226.0359617087997,74,-0.0002460479736328125,0.0005,1,reinforce_gamma_opt_seed1,-0.0002460479736328125,-2.4164044987173838e-08,1.0,1.595026333234273e-05
109,-449.71628100744147,-228.2492572616191,84,-0.001495361328125,0.0005,1,reinforce_gamma_opt_seed1,-0.001495361328125,-1.6462234952996369e-07,1.0,0.00040997887845151126
110,-317.65103995569086,-231.6956645344447,88,-0.006256103515625,0.0005,1,reinforce_gamma_opt_seed1,-0.006256103515625,-5.743720521422802e-07,1.0,0.0008394834585487843
111,-140.57907330364202,-231.16693143109345,110,-0.005755424499511719,0.0005,1,reinforce_gamma_opt_seed1,-0.005755424499511719,-3.4028832374133344e-07,1.0,0.0007166445138864219
112,-211.54246369535997,-227.688348389135,70,0.0044803619384765625,0.0005,1,reinforce_gamma_opt_seed1,0.0044803619384765625,6.914139021318988e-07,0.9999999403953552,0.00032366884988732636
113,-95.27253980814424,-227.46349872582957,65,0.0009565353393554688,0.0005,1,reinforce_gamma_opt_seed1,0.0009565353393554688,1.595570466861318e-07,1.0,6.874231621623039e-05
114,-43.85422684344796,-224.6810540385647,99,0.0002791881561279297,0.0005,1,reinforce_gamma_opt_seed1,0.0002791881561279297,2.1072349198902884e-08,1.0,3.9691592974122614e-05
115,-185.201745117167,-219.4341695749883,108,0.010051727294921875,0.0005,1,reinforce_gamma_opt_seed1,0.010051727294921875,6.126032872089127e-07,1.0,0.0018103611655533314
116,-438.5805539898927,-223.71892829880858,92,0.0037384033203125,0.0005,1,reinforce_gamma_opt_seed1,0.0037384033203125,3.271776733981824e-07,1.0,0.00047955435002222657
117,-10.057152367853078,-221.04812537738454,99,3.838539123535156e-05,0.0005,1,reinforce_gamma_opt_seed1,3.838539123535156e-05,6.020671072803907e-09,1.0,8.83635220816359e-06
118,-429.26549452871285,-225.6850672513948,89,0.0057525634765625,0.0005,1,reinforce_gamma_opt_seed1,0.0057525634765625,5.438086532194575e-07,1.0,0.0008904095739126205
119,-225.31255589881374,-225.7831362875678,67,0.003730297088623047,0.0005,1,reinforce_gamma_opt_seed1,0.003730297088623047,6.173973474687955e-07,1.0,0.000373807386495173
120,-130.19731051461136,-225.68192959103703,92,0.00498199462890625,0.0005,1,reinforce_gamma_opt_seed1,0.00498199462890625,4.224155247811723e-07,1.0,0.0003576657618395984
121,-112.40421439665,-220.54983407612102,71,-0.0025691986083984375,0.0005,1,reinforce_gamma_opt_seed1,-0.0025691986083984375,-3.786154252338747e-07,1.0,0.00041645276360213757
122,-57.843300425315306,-215.08208573712014,68,0.00109100341796875,0.0005,1,reinforce_gamma_opt_seed1,0.00109100341796875,1.6741893205107772e-07,0.9999999403953552,0.00010913882579188794
123,-208.286646358984,-219.53458377111366,73,-0.0021436214447021484,0.0005,1,reinforce_gamma_opt_seed1,-0.0021436214447021484,-2.890417079015606e-07,1.0,0.0003255680203437805
124,-404.8671527597084,-222.3195577241791,102,0.002056121826171875,0.0005,1,reinforce_gamma_opt_seed1,0.002056121826171875,1.3790878483632696e-07,1.0,0.0002719059120863676
125,-458.1800646796212,-226.62708679641392,86,0.002948760986328125,0.0005,1,reinforce_gamma_opt_seed1,0.002948760986328125,3.0287475283330423e-07,1.0,0.00033417882514186203
126,-127.69692469779672,-222.45186487825248,99,-0.0065343379974365234,0.0005,1,reinforce_gamma_opt_seed1,-0.0065343379974365234,-4.8345987124776e-07,1.0,0.00042136621777899563
127,-199.36263132679056,-224.223118815602,101,0.001799464225769043,0.0005,1,reinforce_gamma_opt_seed1,0.001799464225769043,1.380939238515566e-07,1.0,0.0002045104483840987
128,-257.1556234311629,-225.7425877506513,94,-0.01801300048828125,0.0005,1,reinforce_gamma_opt_seed1,-0.01801300048828125,-1.4748978856005124e-06,1.0,0.003914094530045986
129,-90.0878306903714,-226.39485821009686,70,0.00402069091796875,0.0005,1,reinforce_gamma_opt_seed1,0.00402069091796875,5.866800165676977e-07,1.0,0.0002952897921204567
130,-76.5247116510584,-222.19972054624213,72,-0.0027313232421875,0.0005,1,reinforce_gamma_opt_seed1,-0.0027313232421875,-3.758403863685089e-07,0.9999999403953552,0.0002384717226959765
131,-640.4070775221433,-232.46770456660528,101,-0.002513408660888672,0.0005,1,reinforce_gamma_opt_seed1,-0.002513408660888672,-1.8884639985117246e-07,1.0,0.0004124657716602087
132,-408.3884616225803,-238.594471377511,86,-0.0003833770751953125,0.0005,1,reinforce_gamma_opt_seed1,-0.0003833770751953125,-3.1188477578325546e-08,1.0,6.397941615432501e-05
133,-265.2552457768696,-238.30733066540867,82,-0.0009946823120117188,0.0005,1,reinforce_gamma_opt_seed1,-0.0009946823120117188,-1.0903288938379774e-07,1.0,0.00017546703747939318
134,-490.9994843539696,-238.9148065792897,89,-0.002734661102294922,0.0005,1,reinforce_gamma_opt_seed1,-0.002734661102294922,-2.544917379054823e-07,1.0,0.00036744470708072186
135,-169.26780373545034,-240.42693683824567,102,0.0068950653076171875,0.0005,1,reinforce_gamma_opt_seed1,0.0068950653076171875,4.762528078572359e-07,1.0,0.0009108201484195888
136,-42.768357948132845,-234.70058401542443,108,-0.000171661376953125,0.0005,1,reinforce_gamma_opt_seed1,-0.000171661376953125,-1.3245476715439963e-08,1.0,2.823080649250187e-05
137,-79.58046138295177,-232.56751315989573,77,-0.0015126466751098633,0.0005,1,reinforce_gamma_opt_seed1,-0.0015126466751098633,-1.935215721005079e-07,0.9999999403953552,0.00025272637140005827
138,-496.74162504083387,-240.46914175526126,105,0.008907794952392578,0.0005,1,reinforce_gamma_opt_seed1,0.008907794952392578,6.034260877640918e-07,0.9999999403953552,0.0004960522055625916
139,-344.40708947517544,-242.53528936407707,77,-0.004422903060913086,0.0005,1,reinforce_gamma_opt_seed1,-0.004422903060913086,-5.465049071062822e-07,1.0,0.0010406702058389783
140,-433.26756716853953,-248.1517281943594,86,-0.00212860107421875,0.0005,1,reinforce_gamma_opt_seed1,-0.00212860107421875,-2.1901242064359394e-07,0.9999999403953552,0.00036865167203359306
141,-412.722356505109,-254.10513773216465,101,0.010882854461669922,0.0005,1,reinforce_gamma_opt_seed1,0.010882854461669922,7.742702337054652e-07,1.0,0.0013580509694293141
142,-505.3590524699784,-255.74349557267112,100,0.00200653076171875,0.0005,1,reinforce_gamma_opt_seed1,0.00200653076171875,1.5139579545575543e-07,1.0,0.0002826919371727854
143,-253.00419219491832,-260.70663369051795,79,0.0077021121978759766,0.0005,1,reinforce_gamma_opt_seed1,0.0077021121978759766,8.767163990341942e-07,0.9999999403953552,0.0018962051253765821
144,-202.11506932388755,-258.00218132205515,95,0.02185678482055664,0.0005,1,reinforce_gamma_opt_seed1,0.02185678482055664,1.7567684835739783e-06,1.0,0.002567457966506481
145,-344.4562651343511,-258.4652935509311,82,0.005185127258300781,0.0005,1,reinforce_gamma_opt_seed1,0.005185127258300781,5.626096708510886e-07,1.0,0.0007570836460217834
146,-271.316608072295,-250.93731540019505,64,-0.0013885498046875,0.0005,1,reinforce_gamma_opt_seed1,-0.0013885498046875,-2.6635825634002686e-07,1.0,0.00036410472239367664
147,-88.69603945746003,-247.06994037596712,69,0.0005289316177368164,0.0005,1,reinforce_gamma_opt_seed1,0.0005289316177368164,8.206436774571557e-08,1.0,7.265051681315526e-05
148,-154.06407526429587,-241.98011312246112,106,0.009981155395507812,0.0005,1,reinforce_gamma_opt_seed1,0.009981155395507812,6.421557259272959e-07,1.0,0.0010637417435646057
149,-246.88529953952786,-242.30904564184186,116,-0.0006866455078125,0.0005,1,reinforce_gamma_opt_seed1,-0.0006866455078125,-4.0078983687408254e-08,1.0,0.00010856437438633293
150,-118.9478030831076,-242.53633092727472,80,0.00286865234375,0.0005,1,reinforce_gamma_opt_seed1,0.00286865234375,3.233552092751779e-07,1.0,0.0003785332082770765
151,-161.24704968689753,-239.7123675040447,127,0.0005608797073364258,0.0005,1,reinforce_gamma_opt_seed1,0.0005608797073364258,2.3935722737178367e-08,1.0,4.643800639314577e-05
152,-449.56939252023284,-243.6257982988953,99,-0.002727508544921875,0.0005,1,reinforce_gamma_opt_seed1,-0.002727508544921875,-2.1433589836306055e-07,1.0,0.00048281546332873404
153,-175.02745007902706,-244.7117006665007,80,0.0009613037109375,0.0005,1,reinforce_gamma_opt_seed1,0.0009613037109375,1.1026859425555813e-07,1.0,0.00010443643986945972
154,-119.28438705549004,-241.4733514004568,76,-0.0066375732421875,0.0005,1,reinforce_gamma_opt_seed1,-0.0066375732421875,-8.187795970115985e-07,1.0,0.0010238876566290855
155,-342.20526057713965,-245.63123613706972,108,-0.00214385986328125,0.0005,1,reinforce_gamma_opt_seed1,-0.00214385986328125,-1.3355855799090932e-07,1.0,0.00022759364219382405
156,-122.40027604701069,-246.16122929964223,113,0.006955385208129883,0.0005,1,reinforce_gamma_opt_seed1,0.006955385208129883,3.966609938288457e-07,1.0,0.00030888550099916756
157,-40.26232409644647,-242.38776387981062,71,2.2172927856445312e-05,0.0005,1,reinforce_gamma_opt_seed1,2.2172927856445312e-05,1.0913526082845237e-08,1.0,1.1101608833996579e-05
158,-460.56925208710356,-250.17709729338324,94,0.0046234130859375,0.0005,1,reinforce_gamma_opt_seed1,0.0046234130859375,4.0074613139040594e-07,1.0,0.0009845518507063389
159,-349.4916537268724,-248.17260474777183,82,0.00055694580078125,0.0005,1,reinforce_gamma_opt_seed1,0.00055694580078125,5.887775955670804e-08,1.0,4.048816117574461e-05
160,-337.2024035210526,-248.56363201907908,84,-0.0030059814453125,0.0005,1,reinforce_gamma_opt_seed1,-0.0030059814453125,-3.129243850708008e-07,0.9999999403953552,0.00037095739389769733
161,-542.437023027466,-256.6007910135556,111,-0.00011396408081054688,0.0005,1,reinforce_gamma_opt_seed1,-0.00011396408081054688,-2.1479151790515516e-09,1.0,6.515035693155369e-06
162,-237.38835705126337,-257.11770888067366,90,-0.004791259765625,0.0005,1,reinforce_gamma_opt_seed1,-0.004791259765625,-4.2915343101412873e-07,1.0,0.0004878465551882982
163,-378.0919107723075,-262.77409629995685,88,0.001190185546875,0.0005,1,reinforce_gamma_opt_seed1,0.001190185546875,1.0295347863120696e-07,1.0,0.00023639804567210376
164,-85.6634758445647,-263.61028127997923,97,-0.0006442070007324219,0.0005,1,reinforce_gamma_opt_seed1,-0.0006442070007324219,-5.161639293760345e-08,1.0,5.911916377954185e-05
165,-454.5955324557059,-268.99815702675,102,-0.002475738525390625,0.0005,1,reinforce_gamma_opt_seed1,-0.002475738525390625,-1.647893128620126e-07,1.0,0.0006314453785307705
166,-86.31866026299375,-261.952919152212,72,0.0013427734375,0.0005,1,reinforce_gamma_opt_seed1,0.0013427734375,1.986821445143505e-07,1.0,0.00014792905130889267
167,-449.086225073826,-270.73350060633146,84,-0.0008392333984375,0.0005,1,reinforce_gamma_opt_seed1,-0.0008392333984375,-8.053722666545582e-08,1.0,0.00012832219363190234
168,-53.21264033557923,-263.21244352246885,113,6.461143493652344e-05,0.0005,1,reinforce_gamma_opt_seed1,6.461143493652344e-05,6.329696766727011e-09,1.0,1.0191255569225177e-05
169,-377.8168729973264,-266.26252986443905,68,-0.00162506103515625,0.0005,1,reinforce_gamma_opt_seed1,-0.00162506103515625,-2.7698629878614156e-07,1.0,0.00024796987418085337
170,-133.92434974795532,-266.33707064910595,69,0.00331723690032959,0.0005,1,reinforce_gamma_opt_seed1,0.00331723690032959,4.99296902489732e-07,1.0,0.000538535590749234
171,-127.54603927745035,-266.63990714672195,71,-0.0019230842590332031,0.0005,1,reinforce_gamma_opt_seed1,-0.0019230842590332031,-2.9550471936090617e-07,1.0,0.0003060435992665589
172,-133.93598278748414,-268.16176079396536,61,0.0020232200622558594,0.0005,1,reinforce_gamma_opt_seed1,0.0020232200622558594,3.8889587017365557e-07,1.0,0.0003519780293572694
173,-214.59842401705663,-268.2879963471268,80,-0.002597808837890625,0.0005,1,reinforce_gamma_opt_seed1,-0.002597808837890625,-3.0174851417541504e-07,1.0,0.00014351695426739752
174,-313.333370284656,-266.45732069762573,129,-0.006112813949584961,0.0005,1,reinforce_gamma_opt_seed1,-0.006112813949584961,-2.6706578637458733e-07,1.0,0.0006216069450601935
175,-192.75467498775424,-261.1488129037884,65,-0.0007549524307250977,0.0005,1,reinforce_gamma_opt_seed1,-0.0007549524307250977,-1.3754917915775877e-07,1.0,9.876262629404664e-05
176,-408.8972257260283,-266.77281892435303,80,0.0002899169921875,0.0005,1,reinforce_gamma_opt_seed1,0.0002899169921875,3.278255533700758e-08,1.0,3.870799264404923e-05
177,-346.1462281590696,-269.7084908609986,113,-0.0050661563873291016,0.0005,1,reinforce_gamma_opt_seed1,-0.0050661563873291016,-2.8589130351974745e-07,1.0,0.00042666326044127345
178,-135.09039998321174,-267.2671863920396,83,-0.0020117759704589844,0.0005,1,reinforce_gamma_opt_seed1,-0.0020117759704589844,-2.1077063649954653e-07,1.0,0.0001425144000677392
179,-482.2757077880058,-275.1109439339923,113,0.007138371467590332,0.0005,1,reinforce_gamma_opt_seed1,0.007138371467590332,4.2778199826898344e-07,1.0,0.0015071728266775608
180,-284.44702178389423,-279.269390136649,136,0.01031494140625,0.0005,1,reinforce_gamma_opt_seed1,0.01031494140625,4.0145482671505306e-07,1.0,0.0007618388044647872
181,-231.23443730102395,-271.0859373322266,117,-0.008968591690063477,0.0005,1,reinforce_gamma_opt_seed1,-0.008968591690063477,-4.7378051704072277e-07,1.0,0.0004302220477256924
182,-368.07923848096465,-270.2797528693943,101,-0.004113674163818359,0.0005,1,reinforce_gamma_opt_seed1,-0.004113674163818359,-2.761878477031132e-07,1.0,0.00047617327072657645
183,-445.42385921324154,-273.8831251381217,81,0.0043413639068603516,0.0005,1,reinforce_gamma_opt_seed1,0.0043413639068603516,5.077432660982595e-07,0.9999999403953552,0.0013517922488972545
184,-116.4784967345869,-266.3927053857341,86,0.0024671554565429688,0.0005,1,reinforce_gamma_opt_seed1,0.0024671554565429688,2.4119088948282297e-07,1.0,0.000365200248779729
185,-115.84193559268685,-265.3241880228788,85,0.0052204132080078125,0.0005,1,reinforce_gamma_opt_seed1,0.0052204132080078125,5.055876499682199e-07,1.0,0.0010710046626627445
186,-202.32378198261904,-268.51529650356855,121,0.005692481994628906,0.0005,1,reinforce_gamma_opt_seed1,0.005692481994628906,2.797970068968425e-07,1.0,0.00024743215180933475
187,14.365739629143889,-266.63637248332657,180,9.1552734375e-05,0.0005,1,reinforce_gamma_opt_seed1,9.1552734375e-05,3.973643192267673e-09,0.9999999403953552,1.7859543731901795e-05
188,-109.43894646593444,-258.8903189118286,86,-0.004279136657714844,0.0005,1,reinforce_gamma_opt_seed1,-0.004279136657714844,-4.179255768121948e-07,1.0,0.00033044928568415344
189,-101.50325607160899,-254.03224224375728,134,-0.00823974609375,0.0005,1,reinforce_gamma_opt_seed1,-0.00823974609375,-3.389458242963883e-07,1.0,0.0008509675390087068
190,-202.36593101065043,-249.4142095205995,121,0.0043811798095703125,0.0005,1,reinforce_gamma_opt_seed1,0.0043811798095703125,2.0984775517263188e-07,1.0,0.0009077684371732175
191,-56.23814074786307,-242.2845252054546,70,0.0012664794921875,0.0005,1,reinforce_gamma_opt_seed1,0.0012664794921875,2.0265579792067e-07,1.0,0.00010582814138615504
192,-334.09023524341376,-238.8591488609233,87,0.0019965171813964844,0.0005,1,reinforce_gamma_opt_seed1,0.0019965171813964844,1.8497993892196973e-07,1.0,0.00038725987542420626
193,-330.95336944979977,-240.41813240602093,109,0.003983497619628906,0.0005,1,reinforce_gamma_opt_seed1,0.003983497619628906,2.4279322019538085e-07,0.9999999403953552,0.0005223761545494199
194,-113.12568765686468,-238.63834477268045,93,-0.0003800392150878906,0.0005,1,reinforce_gamma_opt_seed1,-0.0003800392150878906,-2.6277316322875777e-08,1.0,4.6059125452302396e-05
195,-259.5248852470473,-236.9397171749344,95,-0.001669168472290039,0.0005,1,reinforce_gamma_opt_seed1,-0.001669168472290039,-1.455608185096935e-07,1.0,0.00021789780294056982
196,-205.9912304089586,-235.63320962166767,68,-0.00615692138671875,0.0005,1,reinforce_gamma_opt_seed1,-0.00615692138671875,-9.95748223431292e-07,1.0,0.0008966768509708345
197,-76.55747202401932,-235.39043827299884,124,-0.0035247802734375,0.0005,1,reinforce_gamma_opt_seed1,-0.0035247802734375,-1.69200276900483e-07,1.0,0.000283719040453434
198,-432.1029431616366,-240.95121563094565,96,0.0020294189453125,0.0005,1,reinforce_gamma_opt_seed1,0.0020294189453125,1.6515453182819329e-07,1.0,0.00029900603112764657
199,-374.7974907421137,-243.50945945499737,85,0.0037310123443603516,0.0005,1,reinforce_gamma_opt_seed1,0.0037310123443603516,3.7270433494995814e-07,1.0,0.00029195379465818405
200,-101.90515847395453,-243.16860656281432,68,0.001544952392578125,0.0005,1,reinforce_gamma_opt_seed1,0.001544952392578125,2.3578895991249738e-07,0.9999999403953552,0.00012609372788574547
201,-133.76268854264669,-242.6189193399293,81,0.0023407936096191406,0.0005,1,reinforce_gamma_opt_seed1,0.0023407936096191406,2.59022641557749e-07,1.0,0.00022759738203603774
202,-204.37196296866017,-237.71497074889785,103,-0.0005311965942382812,0.0005,1,reinforce_gamma_opt_seed1,-0.0005311965942382812,-3.9350638303403684e-08,0.9999999403953552,0.000115115602966398
203,-247.12649249685106,-239.15695159725433,76,0.006561279296875,0.0005,1,reinforce_gamma_opt_seed1,0.006561279296875,8.250537462117791e-07,1.0,0.0009082572651095688
204,-132.04591951379194,-239.41218224642037,115,-0.011250019073486328,0.0005,1,reinforce_gamma_opt_seed1,-0.011250019073486328,-6.131504051154479e-07,1.0,0.0019152024760842323
205,-68.3072545306054,-233.9342221254897,63,0.0010881423950195312,0.0005,1,reinforce_gamma_opt_seed1,0.0010881423950195312,1.9986478605460434e-07,1.0,9.798411338124424e-05
206,-378.43982128826667,-239.0550130303148,113,-0.005360603332519531,0.0005,1,reinforce_gamma_opt_seed1,-0.005360603332519531,-3.175397864652041e-07,1.0,0.0005573734524659812
207,-190.87938076860155,-242.06735416375793,82,-0.001922607421875,0.0005,1,reinforce_gamma_opt_seed1,-0.001922607421875,-2.1443133846332785e-07,1.0,0.00013193138875067234
208,-332.0794868170859,-239.49755885835756,80,0.000457763671875,0.0005,1,reinforce_gamma_opt_seed1,0.000457763671875,5.5134297127779064e-08,1.0,5.8767440350493416e-05
209,-111.0690861088765,-234.72910750599763,106,0.0018310546875,0.0005,1,reinforce_gamma_opt_seed1,0.0018310546875,1.1920928955078125e-07,1.0,0.0002463657583575696
210,-116.18610320905229,-230.30878149975763,115,0.0005573034286499023,0.0005,1,reinforce_gamma_opt_seed1,0.0005573034286499023,2.954317146475205e-08,1.0,5.034330388298258e-05
211,-111.97111423963975,-221.69946332400113,112,-0.001708984375,0.0005,1,reinforce_gamma_opt_seed1,-0.001708984375,-1.0005065576024208e-07,1.0,0.0002724759397096932
212,-236.82861310144744,-221.6882684450048,86,-0.0009894371032714844,0.0005,1,reinforce_gamma_opt_seed1,-0.0009894371032714844,-9.287235513966152e-08,1.0,6.092282274039462e-05
213,-419.0503891939867,-222.50743801343836,93,0.0032045841217041016,0.0005,1,reinforce_gamma_opt_seed1,0.0032045841217041016,2.5956862259590707e-07,1.0,0.0008523489232175052
214,-256.5458277692412,-225.9250850519319,113,0.009498834609985352,0.0005,1,reinforce_gamma_opt_seed1,0.009498834609985352,5.301121177581081e-07,1.0,0.0023626480251550674
215,-245.330097873774,-221.73977636029326,114,0.00141143798828125,0.0005,1,reinforce_gamma_opt_seed1,0.00141143798828125,7.842716343020584e-08,1.0,0.0002350510039832443
216,-201.764778679138,-224.04869872861616,105,-0.008725881576538086,0.0005,1,reinforce_gamma_opt_seed1,-0.008725881576538086,-5.693662501471408e-07,1.0,0.0009585955995135009
217,-551.1556042808529,-226.09008631275668,104,-0.0012664794921875,0.0005,1,reinforce_gamma_opt_seed1,-0.0012664794921875,-8.711447918585691e-08,1.0,0.00011368028935976326
218,-387.3560247723398,-232.77295400149188,128,-0.000701904296875,0.0005,1,reinforce_gamma_opt_seed1,-0.000701904296875,-3.166496753692627e-08,1.0,6.996675074333325e-05
219,-184.6163338842513,-228.9089432192304,75,0.0049738287925720215,0.0005,1,reinforce_gamma_opt_seed1,0.0049738287925720215,6.389618079083448e-07,1.0,0.0008765452657826245
220,-167.2387246442335,-229.57523071715596,71,0.002065896987915039,0.0005,1,reinforce_gamma_opt_seed1,0.002065896987915039,2.9886271590839897e-07,1.0,0.00013580845552496612
221,-150.88755820136464,-230.04206109563424,71,0.007961571216583252,0.0005,1,reinforce_gamma_opt_seed1,0.007961571216583252,1.1862164228659822e-06,1.0,0.0014105375157669187
222,-135.11037859674525,-230.06554901181946,99,-0.004637479782104492,0.0005,1,reinforce_gamma_opt_seed1,-0.004637479782104492,-3.35351387548144e-07,1.0,0.00039328294224105775
223,-132.68184414546224,-228.4272174143876,85,-0.0034859180450439453,0.0005,1,reinforce_gamma_opt_seed1,-0.0034859180450439453,-3.4500570222917304e-07,1.0,0.0004947253619320691
224,-261.6441303853575,-227.3934326164016,83,-0.003602266311645508,0.0005,1,reinforce_gamma_opt_seed1,-0.003602266311645508,-3.6768165045941714e-07,1.0,0.0005905895377509296
225,-87.80616688205882,-225.29446245428772,71,0.0009899139404296875,0.0005,1,reinforce_gamma_opt_seed1,0.0009899139404296875,1.4943135795419948e-07,1.0,0.00011623054888332263
226,-493.4722787086708,-226.98596351394056,97,-0.00299072265625,0.0005,1,reinforce_gamma_opt_seed1,-0.00299072265625,-2.3227377710099972e-07,0.9999999403953552,0.0002419520606053993
227,-71.36675454191194,-221.4903740415974,64,-0.00018310546875,0.0005,1,reinforce_gamma_opt_seed1,-0.00018310546875,-3.3527612686157227e-08,1.0,2.7877513275598176e-05
228,-128.82945219913773,-221.36515508591592,122,-0.001720428466796875,0.0005,1,reinforce_gamma_opt_seed1,-0.001720428466796875,-8.5009901340527e-08,1.0,0.00010640404070727527
229,-88.75791845808011,-213.4947992993174,81,0.0067217350006103516,0.0005,1,reinforce_gamma_opt_seed1,0.0067217350006103516,7.388032372546149e-07,0.9999999403953552,0.0006652585580013692
230,-77.87887843065877,-209.3634364322527,82,-0.0008955001831054688,0.0005,1,reinforce_gamma_opt_seed1,-0.0008955001831054688,-9.594894123665654e-08,1.0,0.00016669738397467881
231,-122.22515315451048,-207.18325074932244,102,-0.009565353393554688,0.0005,1,reinforce_gamma_opt_seed1,-0.009565353393554688,-6.591572514480504e-07,1.0,0.0012222115183249116
232,-116.8253107983593,-202.15817219567032,93,0.00024628639221191406,0.0005,1,reinforce_gamma_opt_seed1,0.00024628639221191406,2.275231025805624e-08,1.0,1.7953712813323364e-05
233,-390.6955207140194,-201.0636054256859,90,0.00426483154296875,0.0005,1,reinforce_gamma_opt_seed1,0.00426483154296875,3.940529325063835e-07,1.0,0.0005114126252010465
234,-114.80707153642598,-201.03017692172267,74,-0.004685878753662109,0.0005,1,reinforce_gamma_opt_seed1,-0.004685878753662109,-6.137667583061557e-07,0.9999999403953552,0.0008653221884742379
235,-136.13404331589385,-201.4360190761868,73,-0.0012230873107910156,0.0005,1,reinforce_gamma_opt_seed1,-0.0012230873107910156,-1.6330039898093673e-07,1.0,0.0003019127470906824
236,-385.9062298773862,-205.10766803408214,88,-0.00225830078125,0.0005,1,reinforce_gamma_opt_seed1,-0.00225830078125,-2.262267173591681e-07,1.0,0.00047338701551780105
237,-249.63557871731913,-210.3876944010114,113,0.004440784454345703,0.0005,1,reinforce_gamma_opt_seed1,0.004440784454345703,2.521329349747248e-07,1.0,0.000387788109946996
238,-435.71988044415383,-216.9133130805758,90,-0.00017547607421875,0.0005,1,reinforce_gamma_opt_seed1,-0.00017547607421875,-1.655684656043377e-08,0.9999999403953552,1.4189449757395778e-05
239,-255.44916371714254,-219.99223123348645,92,-0.0016345977783203125,0.0005,1,reinforce_gamma_opt_seed1,-0.0016345977783203125,-1.431807277185726e-07,0.9999999403953552,0.0002457363298162818
240,-263.4106909323016,-221.21312643191948,106,0.0021991729736328125,0.0005,1,reinforce_gamma_opt_seed1,0.0021991729736328125,1.4732468400779908e-07,1.0,0.00019033871649298817
241,-181.29285830948962,-223.714220783152,92,0.01544189453125,0.0005,1,reinforce_gamma_opt_seed1,0.01544189453125,1.3203724620325374e-06,1.0,0.0016938981134444475
242,-112.506463244944,-219.28254534318262,130,-0.008378982543945312,0.0005,1,reinforce_gamma_opt_seed1,-0.008378982543945312,-3.617543313794158e-07,1.0,0.0004670045746024698
243,-483.1910472757215,-222.32729889970105,97,3.337860107421875e-06,0.0005,1,reinforce_gamma_opt_seed1,3.337860107421875e-06,-1.2289617101757244e-09,1.0,2.8030310659232782e-06
244,-93.60532501485862,-221.93689164686094,69,0.0018305778503417969,0.0005,1,reinforce_gamma_opt_seed1,0.0018305778503417969,2.867933517336496e-07,1.0,0.00019291249918751419
245,-77.32993720799809,-218.29299268607997,67,0.0005403757095336914,0.0005,1,reinforce_gamma_opt_seed1,0.0005403757095336914,9.429988523379507e-08,0.9999999403953552,6.486351048806682e-05
246,-352.703102155623,-221.22723012101324,113,0.007866382598876953,0.0005,1,reinforce_gamma_opt_seed1,0.007866382598876953,4.5573816009891743e-07,0.9999999403953552,0.0012587872333824635
247,-103.25786231985889,-221.76123792693005,59,0.0009974241256713867,0.0005,1,reinforce_gamma_opt_seed1,0.0009974241256713867,2.151828653040866e-07,1.0,0.00019637423974927515
248,-367.4548239188939,-220.46827554207516,83,0.0019533634185791016,0.0005,1,reinforce_gamma_opt_seed1,0.0019533634185791016,2.0825719104777818e-07,1.0,0.00033497108961455524
249,-424.0348936643545,-221.45302360052,101,-0.0033740997314453125,0.0005,1,reinforce_gamma_opt_seed1,-0.0033740997314453125,-2.5376235157636984e-07,1.0,0.00043200101936236024
250,-1.1916441498165398,-219.43875331403723,88,0.00019931793212890625,0.0005,1,reinforce_gamma_opt_seed1,0.00019931793212890625,2.2351741790771484e-08,1.0,3.3740892831701785e-05
251,-298.1521436514985,-222.72654241621424,118,0.003673553466796875,0.0005,1,reinforce_gamma_opt_seed1,0.003673553466796875,1.9800864947683294e-07,1.0,0.0005167974159121513
252,-345.5783660445513,-225.5506704777321,88,-0.0015869140625,0.0005,1,reinforce_gamma_opt_seed1,-0.0015869140625,-1.463023124870233e-07,1.0,0.00031888336525298655
253,-102.3667461744677,-222.65547555128444,75,0.0012836456298828125,0.0005,1,reinforce_gamma_opt_seed1,0.0012836456298828125,1.6848245820710872e-07,0.9999999403953552,0.00010497062612557784
254,-238.56665512592423,-224.78589026352708,88,0.00653839111328125,0.0005,1,reinforce_gamma_opt_seed1,0.00653839111328125,6.272034056564735e-07,0.9999999403953552,0.0009939284063875675
255,-425.5659299198098,-231.93106377131116,106,-0.00304412841796875,0.0005,1,reinforce_gamma_opt_seed1,-0.00304412841796875,-2.0130624989178614e-07,1.0,0.0005177166312932968
256,-121.92639412936998,-226.8007952281332,92,-0.00189208984375,0.0005,1,reinforce_gamma_opt_seed1,-0.00189208984375,-1.5095524474872946e-07,1.0,0.0001537712523713708
257,-46.81401348465393,-223.91948788245426,64,-0.0018157958984375,0.0005,1,reinforce_gamma_opt_seed1,-0.0018157958984375,-3.0919909477233887e-07,1.0,0.00026456997147761285
258,-292.12928450507343,-223.12048383621402,101,0.015827178955078125,0.0005,1,reinforce_gamma_opt_seed1,0.015827178955078125,1.1602251106523909e-06,1.0,0.0014929900644347072
259,-358.4898616778425,-228.06889934759332,73,0.0006337165832519531,0.0005,1,reinforce_gamma_opt_seed1,0.0006337165832519531,8.981521659734426e-08,0.9999999403953552,0.00012440842692740262
260,-330.29619259851626,-232.35110113538263,136,0.0138092041015625,0.0005,1,reinforce_gamma_opt_seed1,0.0138092041015625,5.443306463348563e-07,1.0,0.0016100869979709387
261,-513.3940597883151,-240.37956004635612,109,0.002557039260864258,0.0005,1,reinforce_gamma_opt_seed1,0.002557039260864258,1.6733046948047559e-07,1.0,0.0006836653337813914
262,-206.05951346438243,-239.7641780536148,127,-0.0005295276641845703,0.0005,1,reinforce_gamma_opt_seed1,-0.0005295276641845703,-2.581303526483225e-08,0.9999999403953552,6.69597284286283e-05
263,-203.343805457842,-235.45004637889193,77,-0.0030264854431152344,0.0005,1,reinforce_gamma_opt_seed1,-0.0030264854431152344,-3.793022926856793e-07,1.0,0.0003695865161716938
264,-47.52032871030627,-231.26953639771324,74,5.14984130859375e-05,0.0005,1,reinforce_gamma_opt_seed1,5.14984130859375e-05,8.054681366331806e-09,0.9999999403953552,8.044539754337166e-06
265,-180.58159829504444,-229.97456640613865,86,0.0009822845458984375,0.0005,1,reinforce_gamma_opt_seed1,0.0009822845458984375,9.148619994903129e-08,1.0,0.00018723100947681814
266,-132.53832272691696,-228.59003728709425,102,0.0016660690307617188,0.0005,1,reinforce_gamma_opt_seed1,0.0016660690307617188,1.0927518445669193e-07,1.0,0.0002919404360000044
267,-315.9487411029453,-223.88590002353604,59,-0.0007846355438232422,0.0005,1,reinforce_gamma_opt_seed1,-0.0007846355438232422,-1.9800864947683294e-07,1.0,0.00014746186207048595
268,-535.89873336808,-226.8567541954509,99,-0.005293369293212891,0.0005,1,reinforce_gamma_opt_seed1,-0.005293369293212891,-4.1181391452482785e-07,1.0,0.0003517057339195162
269,-345.2991042685411,-230.07040960313665,74,-0.00275421142578125,0.0005,1,reinforce_gamma_opt_seed1,-0.00275421142578125,-3.89846604775812e-07,1.0,0.0005782621446996927
270,-189.39598673985023,-230.51355484504901,66,-0.0020465850830078125,0.0005,1,reinforce_gamma_opt_seed1,-0.0020465850830078125,-3.4498447121222853e-07,1.0,0.0002880447427742183
271,-137.76124956757644,-230.25102867237325,94,0.0039196014404296875,0.0005,1,reinforce_gamma_opt_seed1,0.0039196014404296875,3.233868994811928e-07,1.0,0.0004711686633527279
272,-442.6417791377228,-236.40165668319278,97,0.004182100296020508,0.0005,1,reinforce_gamma_opt_seed1,0.004182100296020508,3.35506570081634e-07,1.0,0.0004889880656264722
273,-447.3482716428325,-242.6949852331402,89,-0.003745555877685547,0.0005,1,reinforce_gamma_opt_seed1,-0.003745555877685547,-3.462427002887125e-07,1.0,0.0009802344720810652
274,-193.17845871447594,-241.32567179972256,127,-0.00018310546875,0.0005,1,reinforce_gamma_opt_seed1,-0.00018310546875,-5.162607230602134e-09,1.0,1.44848918353091e-05
275,-424.1814605666739,-248.05317767341487,99,-0.002159595489501953,0.0005,1,reinforce_gamma_opt_seed1,-0.002159595489501953,-1.6135398084315966e-07,1.0,0.00029562378767877817
276,-443.27668397402033,-247.04926577872186,103,0.0004985332489013672,0.0005,1,reinforce_gamma_opt_seed1,0.0004985332489013672,5.208172737525274e-08,1.0,0.00011322130740154535
277,-264.6295951443707,-250.914522590771,85,-0.0004336833953857422,0.0005,1,reinforce_gamma_opt_seed1,-0.0004336833953857422,-4.522940599827052e-08,1.0,4.541632370091975e-05
278,-120.65707398904742,-250.75107502656923,82,0.00107574462890625,0.0005,1,reinforce_gamma_opt_seed1,0.00107574462890625,1.1993617476946383e-07,1.0,0.000145595520734787
279,-114.10037802000365,-251.2579242178077,78,0.002750873565673828,0.0005,1,reinforce_gamma_opt_seed1,0.002750873565673828,3.3164636192850594e-07,1.0,0.00028902984922751784
280,-364.4311685116413,-256.98897001942737,86,0.0007171630859375,0.0005,1,reinforce_gamma_opt_seed1,0.0007171630859375,9.425851033029176e-08,1.0,0.00014503921556752175
281,-171.69119557238747,-257.9782908677849,83,-0.012339115142822266,0.0005,1,reinforce_gamma_opt_seed1,-0.012339115142822266,-1.2588787967615644e-06,0.9999999403953552,0.003885880811139941
282,-314.9139589786703,-261.9400638313911,74,-0.008344650268554688,0.0005,1,reinforce_gamma_opt_seed1,-0.008344650268554688,-1.197731194224616e-06,0.9999999403953552,0.0023872866295278072
283,-218.33258245651726,-258.49280506624103,132,0.011049270629882812,0.0005,1,reinforce_gamma_opt_seed1,0.011049270629882812,4.641937607630098e-07,1.0,0.0006795108201913536
284,-505.2261257656384,-266.3011861508253,103,-0.0040531158447265625,0.0005,1,reinforce_gamma_opt_seed1,-0.0040531158447265625,-2.8702820031867304e-07,1.0,0.00035266330814920366
285,-100.009575733551,-265.5786967991785,66,0.00142669677734375,0.0005,1,reinforce_gamma_opt_seed1,0.00142669677734375,2.3299998019865598e-07,1.0,0.00018448529590386897
286,-179.19493176646847,-261.4444708369601,105,0.0012316703796386719,0.0005,1,reinforce_gamma_opt_seed1,0.0012316703796386719,7.947286206899662e-08,0.9999999403953552,8.557187538826838e-05
287,-232.23992711030155,-261.0965578048197,72,0.00189971923828125,0.0005,1,reinforce_gamma_opt_seed1,0.00189971923828125,2.731879646944435e-07,1.0,0.0002159259165637195
288,-542.467767898315,-263.23151555390297,94,-0.003627777099609375,0.0005,1,reinforce_gamma_opt_seed1,-0.003627777099609375,-3.0182778232301644e-07,1.0,0.0011593607487156987
289,-193.9896040770785,-262.00232436110167,78,0.00019359588623046875,0.0005,1,reinforce_gamma_opt_seed1,0.00019359588623046875,1.3754918093411561e-08,1.0,2.1774647393613122e-05
290,-266.08346166230444,-262.05577977570175,86,-0.00844573974609375,0.0005,1,reinforce_gamma_opt_seed1,-0.00844573974609375,-8.261480957116873e-07,1.0,0.0014120895648375154
291,-355.3050096388238,-265.5360228022884,103,0.004511356353759766,0.0005,1,reinforce_gamma_opt_seed1,0.004511356353759766,2.951298085918097e-07,1.0,0.0005106143653392792
292,-546.4173359778167,-274.2142402569459,95,-0.0025911331176757812,0.0005,1,reinforce_gamma_opt_seed1,-0.0025911331176757812,-2.3716374641935545e-07,1.0,0.0005252201808616519
293,-423.78208047443275,-273.0260609209201,77,-0.0029358863830566406,0.0005,1,reinforce_gamma_opt_seed1,-0.0029358863830566406,-3.58014915491367e-07,1.0,0.0008546512108296156
294,-556.4520589201462,-282.28299559902587,119,-0.0005846023559570312,0.0005,1,reinforce_gamma_opt_seed1,-0.0005846023559570312,-3.8066833241146014e-08,1.0,0.00015657533367630094
295,-108.13376032316029,-282.8990720613291,78,-0.005573272705078125,0.0005,1,reinforce_gamma_opt_seed1,-0.005573272705078125,-6.801042786719336e-07,1.0,0.0009469527285546064
296,-283.2608421515611,-281.5102268612479,118,-0.004337310791015625,0.0005,1,reinforce_gamma_opt_seed1,-0.004337310791015625,-2.4245957774837734e-07,0.9999999403953552,0.00046964813373051584
297,-218.43830149675279,-283.81383564478574,93,0.014763832092285156,0.0005,1,reinforce_gamma_opt_seed1,0.014763832092285156,1.2616316098501557e-06,1.0,0.00156563357450068
298,-86.2565577585354,-278.18987032157855,108,0.003082275390625,0.0005,1,reinforce_gamma_opt_seed1,0.003082275390625,1.8819615377196897e-07,1.0,0.0006148154498077929
299,-174.1141963929498,-273.1914563761505,117,-0.0007224082946777344,0.0005,1,reinforce_gamma_opt_seed1,-0.0007224082946777344,-4.3302520680299494e-08,1.0,5.754741869168356e-05
300,-219.86218062215264,-277.56486710559716,109,0.012514114379882812,0.0005,1,reinforce_gamma_opt_seed1,0.012514114379882812,7.699388788751094e-07,0.9999999403953552,0.0012098560109734535
301,-233.16452543556431,-276.2651147412785,70,-0.00530242919921875,0.0005,1,reinforce_gamma_opt_seed1,-0.00530242919921875,-8.463859444418631e-07,1.0,0.0008942888234741986
302,-161.25745633462765,-272.57869654708,113,-0.0021125078201293945,0.0005,1,reinforce_gamma_opt_seed1,-0.0021125078201293945,-1.1973676805610012e-07,0.9999999403953552,0.0002013468329096213
303,-363.6270661836188,-277.8039029472631,70,-0.0008144378662109375,0.0005,1,reinforce_gamma_opt_seed1,-0.0008144378662109375,-1.3964516654141335e-07,0.9999999403953552,0.000403285666834563
304,-290.4000212072673,-278.8405702688899,57,0.001470327377319336,0.0005,1,reinforce_gamma_opt_seed1,0.001470327377319336,3.639020462742337e-07,1.0,0.0008210631203837693
305,-345.6353804709365,-277.24195927991246,68,-0.00043487548828125,0.0005,1,reinforce_gamma_opt_seed1,-0.00043487548828125,-6.135772423476737e-08,1.0,0.0001612593187019229
306,-199.23451404084122,-278.7881216781419,68,2.288818359375e-05,0.0005,1,reinforce_gamma_opt_seed1,2.288818359375e-05,-1.7530777940422126e-09,1.0,2.0452907847356983e-06
307,-81.3259563109302,-279.4783605346674,102,-0.002918243408203125,0.0005,1,reinforce_gamma_opt_seed1,-0.002918243408203125,-2.0686317725449044e-07,1.0,0.000488990277517587
308,-167.9523580975088,-276.99482200651613,110,-0.02098846435546875,0.0005,1,reinforce_gamma_opt_seed1,-0.02098846435546875,-1.2695788882410852e-06,1.0,0.001978304935619235
309,-394.22092774377444,-277.7094433278348,85,0.0004019737243652344,0.0005,1,reinforce_gamma_opt_seed1,0.0004019737243652344,4.0671405798775595e-08,1.0,9.003660670714453e-05
310,-266.9944739638462,-276.44340895514136,72,0.003997802734375,0.0005,1,reinforce_gamma_opt_seed1,0.003997802734375,5.72866838410846e-07,1.0,0.0003825913299806416
311,-115.68718245130567,-268.4892714084012,84,-8.392333984375e-05,0.0005,1,reinforce_gamma_opt_seed1,-8.392333984375e-05,-1.56107411442008e-08,1.0,1.4876188288326375e-05
312,-233.00384584142304,-269.02815805594196,117,-0.0009889602661132812,0.0005,1,reinforce_gamma_opt_seed1,-0.0009889602661132812,-5.196302410581666e-08,1.0,0.00011853087926283479
313,-157.13830035070987,-268.10404795379935,107,0.008418083190917969,0.0005,1,reinforce_gamma_opt_seed1,0.008418083190917969,5.347706633074267e-07,1.0,0.001060348586179316
314,-294.57555573784504,-273.04515249435013,93,0.001173257827758789,0.0005,1,reinforce_gamma_opt_seed1,0.001173257827758789,1.0126380800556944e-07,1.0,0.0002206300268881023
315,-530.0507489016622,-280.0345355064825,95,-0.005184650421142578,0.0005,1,reinforce_gamma_opt_seed1,-0.005184650421142578,-4.3166312480025226e-07,0.9999999403953552,0.0006578095490112901
316,-592.193361436285,-289.22763628066986,91,-0.004694223403930664,0.0005,1,reinforce_gamma_opt_seed1,-0.004694223403930664,-4.480173174670199e-07,1.0,0.0010142700048163533
317,-464.61703529712554,-292.2010021645534,105,8.296966552734375e-05,0.0005,1,reinforce_gamma_opt_seed1,8.296966552734375e-05,5.108969691747234e-09,1.0,8.776800314080901e-06
318,-88.6643977810467,-283.25631545281277,60,5.7220458984375e-05,0.0005,1,reinforce_gamma_opt_seed1,5.7220458984375e-05,2.1855036891338386e-08,1.0,2.7321953893988393e-05
319,-96.67060105284335,-278.2837453884988,63,-0.0005167722702026367,0.0005,1,reinforce_gamma_opt_seed1,-0.0005167722702026367,-9.319138882801781e-08,1.0,9.244570537703112e-05
320,-168.79992328231327,-277.8718241193481,78,0.006701469421386719,0.0005,1,reinforce_gamma_opt_seed1,0.006701469421386719,8.123043357954884e-07,1.0,0.0010267947800457478
321,-58.70901914278963,-276.29077951085236,103,0.0009341239929199219,0.0005,1,reinforce_gamma_opt_seed1,0.0009341239929199219,6.712755862281483e-08,1.0,0.00010889470286201686
322,-127.59243498111732,-269.98979262772025,104,-0.004486083984375,0.0005,1,reinforce_gamma_opt_seed1,-0.004486083984375,-3.117781375294726e-07,1.0,0.0003676845517475158
323,-124.23797075525034,-263.5275866099686,91,0.011788606643676758,0.0005,1,reinforce_gamma_opt_seed1,0.011788606643676758,1.0453737786519923e-06,0.9999999403953552,0.001331821084022522
324,-435.55376323689944,-268.37509270041704,74,-0.0001430511474609375,0.0005,1,reinforce_gamma_opt_seed1,-0.0001430511474609375,-1.4498427347575671e-08,1.0,2.1148158339201473e-05
325,-99.1274914828269,-261.8740133187401,128,-0.000396728515625,0.0005,1,reinforce_gamma_opt_seed1,-0.000396728515625,-1.862645149230957e-08,1.0,6.967270746827126e-05
326,-349.8191432358491,-260.0048625039767,128,0.01141357421875,0.0005,1,reinforce_gamma_opt_seed1,0.01141357421875,5.280598998069763e-07,1.0,0.0021270576398819685
327,-140.5885631107498,-257.52404186330426,84,0.004077911376953125,0.0005,1,reinforce_gamma_opt_seed1,0.004077911376953125,4.2645703501875687e-07,1.0,0.00030484457965940237
328,-171.26452880170302,-258.5361909595574,117,0.0036818981170654297,0.0005,1,reinforce_gamma_opt_seed1,0.0036818981170654297,1.9409718277074717e-07,1.0,0.0005727389943785965
329,-327.8227469089801,-262.8106383373369,100,-0.0037689208984375,0.0005,1,reinforce_gamma_opt_seed1,-0.0037689208984375,-2.8610230629055877e-07,1.0,0.0003699874796438962
330,-174.75713403454267,-259.01715764779493,77,-0.010251045227050781,0.0005,1,reinforce_gamma_opt_seed1,-0.010251045227050781,-1.2617606444109697e-06,1.0,0.0011903722770512104
331,-132.63541437057768,-258.2360420237587,97,-0.0012841224670410156,0.0005,1,reinforce_gamma_opt_seed1,-0.0012841224670410156,-1.0016038487492551e-07,1.0,7.461793575203046e-05
332,-82.67603204555996,-253.59128348509654,113,0.003356039524078369,0.0005,1,reinforce_gamma_opt_seed1,0.003356039524078369,1.9411069729358132e-07,1.0,0.00042253886931575835
333,-629.5104179164325,-261.81484019429485,93,-0.004132509231567383,0.0005,1,reinforce_gamma_opt_seed1,-0.004132509231567383,-3.762142739560659e-07,1.0,0.0012091901153326035
334,-385.0368002616133,-259.4110536842143,112,0.0166015625,0.0005,1,reinforce_gamma_opt_seed1,0.0166015625,9.91991555565619e-07,1.0,0.0025157202035188675
335,-280.37084220457757,-263.01827901363487,109,-0.0019068717956542969,0.0005,1,reinforce_gamma_opt_seed1,-0.0019068717956542969,-1.0717899101564399e-07,1.0,0.00019013570272363722
336,-429.0715334833474,-268.0158110479725,87,0.0038084983825683594,0.0005,1,reinforce_gamma_opt_seed1,0.0038084983825683594,3.644789785539615e-07,1.0,0.0007454435690306127
337,-493.2250788538593,-273.2355140828436,75,0.0014276504516601562,0.0005,1,reinforce_gamma_opt_seed1,0.0014276504516601562,2.0384788967930945e-07,1.0,0.0003503303450997919
338,-175.46199368455825,-265.8953985985685,127,0.005612015724182129,0.0005,1,reinforce_gamma_opt_seed1,0.005612015724182129,2.5859966967800574e-07,1.0,0.0006107568624429405
339,-386.29279128677194,-269.74146234276236,90,0.0013408660888671875,0.0005,1,reinforce_gamma_opt_seed1,0.0013408660888671875,1.1656019438532894e-07,1.0,0.0004245779709890485
340,-628.747960741689,-276.99475232435003,129,-0.0005720853805541992,0.0005,1,reinforce_gamma_opt_seed1,-0.0005720853805541992,-2.9109244792380196e-08,1.0,0.00014375867613125592
341,-470.8960257004325,-279.3065726455822,102,-0.002285003662109375,0.0005,1,reinforce_gamma_opt_seed1,-0.002285003662109375,-1.8465752305019123e-07,0.9999999403953552,0.0004480246570892632
342,-95.5343448831407,-270.2889128236887,74,0.002140045166015625,0.0005,1,reinforce_gamma_opt_seed1,0.002140045166015625,2.851357407962496e-07,1.0,0.0004494386666920036
343,-441.08026241668506,-270.6348764625337,86,-0.00237274169921875,0.0005,1,reinforce_gamma_opt_seed1,-0.00237274169921875,-2.384185791015625e-07,0.9999999403953552,0.0003976086445618421
344,-232.86760903650014,-264.1631874648608,92,-0.00193023681640625,0.0005,1,reinforce_gamma_opt_seed1,-0.00193023681640625,-1.6326490026585816e-07,1.0,0.0003296484937891364
345,-249.50435292406806,-266.99059931687896,86,-0.0030117034912109375,0.0005,1,reinforce_gamma_opt_seed1,-0.0030117034912109375,-3.1049862059262523e-07,1.0,0.000664937193505466
346,-298.55603023750524,-267.2965030785979,124,0.004391670227050781,0.0005,1,reinforce_gamma_opt_seed1,0.004391670227050781,2.1438444264276768e-07,1.0,0.0005273462738841772
347,-360.9300017724418,-270.1463370841116,101,-9.965896606445312e-05,0.0005,1,reinforce_gamma_opt_seed1,-9.965896606445312e-05,-7.081740083236809e-09,1.0,2.0786173990927637e-05
348,-235.7503645273222,-273.1362132194874,114,-0.00337982177734375,0.0005,1,reinforce_gamma_opt_seed1,-0.00337982177734375,-2.0077354179193208e-07,1.0,0.000777269306126982
349,-214.43488565752926,-273.94262700477896,75,0.004647254943847656,0.0005,1,reinforce_gamma_opt_seed1,0.004647254943847656,5.976359034320922e-07,1.0,0.0008507887832820415
350,-391.3121171109946,-277.37162573455583,76,0.00151824951171875,0.0005,1,reinforce_gamma_opt_seed1,0.00151824951171875,1.9685218433096452e-07,1.0,0.00024020616547204554
351,-647.2046953972589,-285.6524291337897,99,0.0016674995422363281,0.0005,1,reinforce_gamma_opt_seed1,0.0016674995422363281,1.3847544266809564e-07,1.0,0.00044435629388317466
352,-240.60031238526938,-287.23928625480255,64,-0.00091552734375,0.0005,1,reinforce_gamma_opt_seed1,-0.00091552734375,-1.73225998878479e-07,1.0,0.00021606357768177986
353,-263.1096810329544,-285.22893855178927,98,-0.0003185272216796875,0.0005,1,reinforce_gamma_opt_seed1,-0.0003185272216796875,-2.493663764369103e-08,1.0,4.983565304428339e-05
354,-389.8722334399783,-287.21838279644345,82,-0.004360198974609375,0.0005,1,reinforce_gamma_opt_seed1,-0.004360198974609375,-4.782909286404902e-07,1.0,0.000820780114736408
355,-219.1622336669581,-284.6889198603639,69,0.005082368850708008,0.0005,1,reinforce_gamma_opt_seed1,0.005082368850708008,7.567198281321907e-07,1.0,0.0012595010921359062
356,-572.2095307643349,-292.14842019483376,106,0.0073146820068359375,0.0005,1,reinforce_gamma_opt_seed1,0.0073146820068359375,5.027033012083848e-07,1.0,0.0010342469904571772
357,-299.4608866342218,-296.5111188012996,112,-0.0051116943359375,0.0005,1,reinforce_gamma_opt_seed1,-0.0051116943359375,-2.980232238769531e-07,1.0,0.00041107149445451796
358,-89.1809968498525,-294.93569157634647,56,0.00262451171875,0.0005,1,reinforce_gamma_opt_seed1,0.00262451171875,6.173337965265091e-07,1.0,0.0005912490887567401
359,-614.7627518047975,-299.34652805756696,101,0.0013408660888671875,0.0005,1,reinforce_gamma_opt_seed1,0.0013408660888671875,9.14724722633764e-08,1.0,0.00020814283925574273
360,-452.038803964673,-303.0474146575835,87,0.00033354759216308594,0.0005,1,reinforce_gamma_opt_seed1,0.00033354759216308594,2.4663991737838842e-08,1.0,3.660780566860922e-05
361,-93.60223960713068,-302.60571580069995,68,0.00160980224609375,0.0005,1,reinforce_gamma_opt_seed1,0.00160980224609375,2.620851375922939e-07,0.9999999403953552,0.00031989102717489004
362,-96.92540280166814,-299.88414693990484,80,0.000640869140625,0.0005,1,reinforce_gamma_opt_seed1,0.000640869140625,7.748603536583687e-08,1.0,0.00010242965072393417
363,-475.8875034275925,-306.2591310014425,111,0.003987789154052734,0.0005,1,reinforce_gamma_opt_seed1,0.003987789154052734,2.491581483354821e-07,1.0,0.0003574457950890064
364,-358.44023612306574,-307.53642460914693,91,-0.002112865447998047,0.0005,1,reinforce_gamma_opt_seed1,-0.002112865447998047,-1.873288795195549e-07,1.0,0.00047292959061451256
365,-101.96488976561422,-298.974707426426,102,0.000896453857421875,0.0005,1,reinforce_gamma_opt_seed1,0.000896453857421875,5.49297709540042e-08,1.0,7.679573172936216e-05
366,-377.85780685866484,-294.68799633487356,77,0.000102996826171875,0.0005,1,reinforce_gamma_opt_seed1,0.000102996826171875,2.941527910138575e-08,0.9999999403953552,8.300030458485708e-05
367,-314.7516150515406,-291.6906879299619,98,0.012449264526367188,0.0005,1,reinforce_gamma_opt_seed1,0.012449264526367188,9.646221315051662e-07,1.0,0.0016293410444632173
368,-362.6314915389489,-297.1700298051199,79,0.0013661384582519531,0.0005,1,reinforce_gamma_opt_seed1,0.0013661384582519531,1.599517105432824e-07,1.0,0.0002784926036838442
369,-311.2156642923951,-301.46093106991094,64,-0.000274658203125,0.0005,1,reinforce_gamma_opt_seed1,-0.000274658203125,-5.029141902923584e-08,1.0,9.892763046082109e-05
370,-452.5790253408964,-307.1365131110826,87,-0.0008956193923950195,0.0005,1,reinforce_gamma_opt_seed1,-0.0008956193923950195,-7.53621947069405e-08,0.9999999403953552,0.00019882647029589862
371,-171.8917751838407,-309.40016823190365,91,0.0019500255584716797,0.0005,1,reinforce_gamma_opt_seed1,0.0019500255584716797,1.7291897336235706e-07,1.0,0.00018585612997412682
372,-113.12554487885372,-309.11083042985837,60,7.62939453125e-05,0.0005,1,reinforce_gamma_opt_seed1,7.62939453125e-05,8.940697071579962e-09,1.0,6.5756776166381314e-06
373,-219.28655612107093,-311.01180213717475,70,-0.005484104156494141,0.0005,1,reinforce_gamma_opt_seed1,-0.005484104156494141,-8.446829724562122e-07,0.9999999403953552,0.00125345669221133
374,-357.0203328064227,-309.4411335285653,118,0.016910552978515625,0.0005,1,reinforce_gamma_opt_seed1,0.016910552978515625,8.799261763670074e-07,1.0,0.0018007541075348854
375,-380.978103204764,-315.078145763004,111,0.000986337661743164,0.0005,1,reinforce_gamma_opt_seed1,0.000986337661743164,4.940204689773964e-08,1.0,0.00012151343980804086
376,-454.03203782325465,-317.1624036547521,100,-6.103515625e-05,0.0005,1,reinforce_gamma_opt_seed1,-6.103515625e-05,-4.76837147544984e-09,1.0,1.5047615306684747e-05
377,-80.74398444867623,-315.96551208151067,65,0.0006175041198730469,0.0005,1,reinforce_gamma_opt_seed1,0.0006175041198730469,1.0453737786519923e-07,1.0,3.9439502870664e-05
378,-181.65938587778072,-316.1734092230322,81,0.01610565185546875,0.0005,1,reinforce_gamma_opt_seed1,0.01610565185546875,1.7667994143266696e-06,1.0,0.0037642845418304205
379,-137.34647588902533,-312.3638838026331,85,-0.004405975341796875,0.0005,1,reinforce_gamma_opt_seed1,-0.004405975341796875,-4.4177559743729944e-07,0.9999999403953552,0.000654475879855454
380,-126.78777553171705,-311.4044966325766,74,-0.001216888427734375,0.0005,1,reinforce_gamma_opt_seed1,-0.001216888427734375,-1.5464988223357068e-07,0.9999999403953552,0.00012154099385952577
381,-170.47851494853302,-312.1613586441357,91,-0.0015490055084228516,0.0005,1,reinforce_gamma_opt_seed1,-0.0015490055084228516,-1.40169163387327e-07,1.0,0.0001945018593687564
382,-148.75065380235753,-313.48285107927165,90,-0.013391494750976562,0.0005,1,reinforce_gamma_opt_seed1,-0.013391494750976562,-1.190768330161518e-06,0.9999999403953552,0.0021238205954432487
383,-155.5205661166619,-304.0030540432762,81,0.0037394165992736816,0.0005,1,reinforce_gamma_opt_seed1,0.0037394165992736816,4.209118174003379e-07,1.0,0.00040511597762815654
384,-377.13954317991227,-303.8451089016422,113,-0.006134986877441406,0.0005,1,reinforce_gamma_opt_seed1,-0.006134986877441406,-3.4602342680045695e-07,0.9999999403953552,0.0010423746425658464
385,-420.5953018380141,-306.64959809431093,133,0.0019223690032958984,0.0005,1,reinforce_gamma_opt_seed1,0.0019223690032958984,8.514949456639442e-08,1.0,0.0003533025155775249
386,-418.41881208879136,-306.4365436664198,112,0.00445556640625,0.0005,1,reinforce_gamma_opt_seed1,0.00445556640625,2.5651283408478776e-07,1.0,0.0011146593606099486
387,-47.53918558734577,-297.52282580108954,62,-0.0013427734375,0.0005,1,reinforce_gamma_opt_seed1,-0.0013427734375,-2.5764589395294024e-07,0.9999999403953552,0.00029252716922201216
388,-338.70436083659786,-300.78767314413034,93,-0.002522587776184082,0.0005,1,reinforce_gamma_opt_seed1,-0.002522587776184082,-2.320094836250064e-07,1.0,0.0004166314611211419
389,-277.3758680966954,-298.6093346803288,84,-0.00145721435546875,0.0005,1,reinforce_gamma_opt_seed1,-0.00145721435546875,-1.6036487693327217e-07,0.9999999403953552,0.00018663916853256524
390,-234.7663403821291,-290.7297022731376,90,-0.0009555816650390625,0.0005,1,reinforce_gamma_opt_seed1,-0.0009555816650390625,-8.675787199763363e-08,1.0,0.00014641079178545624
391,-273.1619388703649,-286.77502053653626,73,0.010633468627929688,0.0005,1,reinforce_gamma_opt_seed1,0.010633468627929688,1.4795016340940492e-06,1.0,0.0023287683725357056
392,-302.1160785114706,-290.90665520910284,85,-0.00048828125,0.0005,1,reinforce_gamma_opt_seed1,-0.00048828125,-3.646401935952781e-08,1.0,8.824329415801913e-05
393,-94.1688550468874,-283.9684270617069,63,0.0012378692626953125,0.0005,1,reinforce_gamma_opt_seed1,0.0012378692626953125,2.1713120190725022e-07,1.0,4.700782665167935e-05
394,-315.7851160744155,-285.6267772024652,119,0.006108999252319336,0.0005,1,reinforce_gamma_opt_seed1,0.006108999252319336,3.0954345220379764e-07,1.0,0.0008447274449281394
395,-145.27408162297687,-283.5421717764434,105,-0.00397181510925293,0.0005,1,reinforce_gamma_opt_seed1,-0.00397181510925293,-2.6453108148416504e-07,1.0,0.00046246079728007317
396,-147.0438869059762,-280.51192890981275,105,-0.0020933151245117188,0.0005,1,reinforce_gamma_opt_seed1,-0.0020933151245117188,-1.3964516654141335e-07,0.9999999403953552,0.00019503325165715069
397,-152.23729518434286,-276.33807477805084,75,-0.0005188584327697754,0.0005,1,reinforce_gamma_opt_seed1,-0.0005188584327697754,-6.914138594993346e-08,1.0,4.96454413223546e-05
398,-113.06184049275407,-273.88430429735945,93,-0.00030541419982910156,0.0005,1,reinforce_gamma_opt_seed1,-0.00030541419982910156,-2.6918225870531387e-08,1.0,3.375699816388078e-05
399,-209.98784085706097,-273.7953634013501,55,0.001981019973754883,0.0005,1,reinforce_gamma_opt_seed1,0.001981019973754883,4.887580757895194e-07,0.9999999403953552,0.00013653239875566214
400,-314.05325034279076,-272.25018606598604,118,0.0450897216796875,0.0005,1,reinforce_gamma_opt_seed1,0.0450897216796875,2.3609500203747302e-06,1.0,0.01593826338648796
401,-595.0465005321291,-271.2070221686834,104,-0.0040740966796875,0.0005,1,reinforce_gamma_opt_seed1,-0.0040740966796875,-2.88853271968037e-07,0.9999999403953552,0.0011788844130933285
402,-432.43247366478965,-275.04366539427383,116,0.0088348388671875,0.0005,1,reinforce_gamma_opt_seed1,0.0088348388671875,4.850584787163825e-07,1.0,0.001269322820007801
403,-283.1590534105706,-275.44465284182616,91,0.002837657928466797,0.0005,1,reinforce_gamma_opt_seed1,0.002837657928466797,2.580684679287515e-07,1.0,0.00032946583814918995
404,-118.3531040377791,-270.0142702537822,83,0.0009840726852416992,0.0005,1,reinforce_gamma_opt_seed1,0.0009840726852416992,1.0556485108281777e-07,1.0,0.0001288958010263741
405,-209.81339534117666,-269.82729348726656,93,0.0012184381484985352,0.0005,1,reinforce_gamma_opt_seed1,0.0012184381484985352,1.0126380800556944e-07,0.9999999403953552,7.99631598056294e-05
406,-308.9628687847039,-264.5623602476739,85,0.0037157535552978516,0.0005,1,reinforce_gamma_opt_seed1,0.0037157535552978516,3.4500570222917304e-07,1.0,0.0005909563624300063
407,-1.9946652688510653,-258.6130358203665,80,-3.62396240234375e-05,0.0005,1,reinforce_gamma_opt_seed1,-3.62396240234375e-05,-5.9604645663569045e-09,1.0,3.931285391445272e-06
408,-289.40109941890955,-262.61743787174765,100,-0.006145477294921875,0.0005,1,reinforce_gamma_opt_seed1,-0.006145477294921875,-4.4286250044933695e-07,1.0,0.0009903929894790053
409,-455.5293428181669,-259.43276969201503,70,0.0018367767333984375,0.0005,1,reinforce_gamma_opt_seed1,0.0018367767333984375,3.048351970846852e-07,1.0,0.0007405637879855931
410,-473.29646068323945,-259.85792282638636,85,0.004340171813964844,0.0005,1,reinforce_gamma_opt_seed1,0.004340171813964844,4.550989842755371e-07,0.9999999403953552,0.0015545296482741833
411,-348.5087642549133,-264.956053319342,104,-0.00347900390625,0.0005,1,reinforce_gamma_opt_seed1,-0.00347900390625,-2.3383360314710444e-07,0.9999999403953552,0.0006721244426444173
412,-594.2190915750707,-274.90192709481005,105,0.001997709274291992,0.0005,1,reinforce_gamma_opt_seed1,0.001997709274291992,1.3850984714736114e-07,1.0,0.0003534503630362451
413,-462.3027957818704,-274.63023294189566,82,0.002574920654296875,0.0005,1,reinforce_gamma_opt_seed1,0.002574920654296875,2.9293502734617505e-07,1.0,0.0008446056745015085
414,-106.23860030011929,-269.5862002254367,60,0.004241943359375,0.0005,1,reinforce_gamma_opt_seed1,0.004241943359375,8.622805012237222e-07,1.0,0.0004748064966406673
415,-520.5705628819794,-277.95831368776396,87,-0.0011391639709472656,0.0005,1,reinforce_gamma_opt_seed1,-0.0011391639709472656,-1.13728404471658e-07,0.9999999403953552,9.857179975369945e-05
416,-143.22267116775774,-273.26561097394585,128,-0.000823974609375,0.0005,1,reinforce_gamma_opt_seed1,-0.000823974609375,-3.585591912269592e-08,1.0,3.5482473322190344e-05
417,-422.36361359371267,-275.4178509447893,141,-0.011128902435302734,0.0005,1,reinforce_gamma_opt_seed1,-0.011128902435302734,-4.142734155720973e-07,1.0,0.0010833446867763996
418,-261.0632408027665,-273.38648593006565,84,0.003673553466796875,0.0005,1,reinforce_gamma_opt_seed1,0.003673553466796875,3.9239725424522476e-07,0.9999999403953552,0.0004088095447514206
419,-323.2586138552031,-273.62734492132176,85,-0.005082368850708008,0.0005,1,reinforce_gamma_opt_seed1,-0.005082368850708008,-5.217159468884347e-07,1.0,0.0008489407482556999
420,-433.0951091266601,-273.23766659703705,90,-0.0016269683837890625,0.0005,1,reinforce_gamma_opt_seed1,-0.0016269683837890625,-1.5166071420935623e-07,1.0,0.00021513309911824763
421,-148.72344443606625,-272.7742999820816,80,-0.010986328125,0.0005,1,reinforce_gamma_opt_seed1,-0.010986328125,-1.2218952178955078e-06,1.0,0.0014153049560263753
422,-282.20398076283345,-276.1558686997612,91,0.0008943080902099609,0.0005,1,reinforce_gamma_opt_seed1,0.0008943080902099609,7.859953399247388e-08,1.0,0.00011825784895336255
423,-418.88868988179917,-280.14791137497576,129,0.005669116973876953,0.0005,1,reinforce_gamma_opt_seed1,0.005669116973876953,2.569006483099656e-07,1.0,0.00031724455766379833
424,-369.8171334827944,-280.40384738850315,79,-0.0018546581268310547,0.0005,1,reinforce_gamma_opt_seed1,-0.0018546581268310547,-2.4143653831742995e-07,1.0,0.00040178789640776813
425,-412.49540617976953,-281.0341934480033,99,0.004221439361572266,0.0005,1,reinforce_gamma_opt_seed1,0.004221439361572266,3.215038475445908e-07,1.0,0.0007620376418344676
426,-214.22679523988722,-276.23808859633596,75,-0.009138107299804688,0.0005,1,reinforce_gamma_opt_seed1,-0.009138107299804688,-1.1944771358685102e-06,1.0,0.0007301194127649069
427,-298.22311653687126,-280.5876712380998,102,-0.0032978057861328125,0.0005,1,reinforce_gamma_opt_seed1,-0.0032978057861328125,-2.3608113508544193e-07,1.0,0.0006257242057472467
428,-97.3861767796829,-278.9022070561379,75,0.004359006881713867,0.0005,1,reinforce_gamma_opt_seed1,0.004359006881713867,5.427996256912593e-07,1.0,0.0008658331935293972
429,-440.5804691737245,-284.9668869218319,89,0.003458261489868164,0.0005,1,reinforce_gamma_opt_seed1,0.003458261489868164,3.080689623402577e-07,1.0,0.0007746938499622047
430,-90.50798578926069,-284.24129112698273,158,0.0018310546875,0.0005,1,reinforce_gamma_opt_seed1,0.0018310546875,5.0550774233215634e-08,1.0,0.00018499555881135166
431,15.303370668226378,-280.5256534146476,102,0.0002117156982421875,0.0005,1,reinforce_gamma_opt_seed1,0.0002117156982421875,1.1687185663689093e-09,1.0,1.6180367765628034e-06
432,-360.187821780395,-284.7543967742083,95,-0.008994579315185547,0.0005,1,reinforce_gamma_opt_seed1,-0.008994579315185547,-7.704684890086355e-07,1.0,0.001143133849836886
433,-361.63890996848494,-288.87676365124474,128,-0.00018310546875,0.0005,1,reinforce_gamma_opt_seed1,-0.00018310546875,-7.450580596923828e-09,1.0,1.8211332644568756e-05
434,-85.25102488923271,-283.03899328543116,70,0.001995086669921875,0.0005,1,reinforce_gamma_opt_seed1,0.001995086669921875,2.980232238769531e-07,1.0,0.0001403145433869213
435,-126.66940512084223,-277.1604753510877,104,-0.00152587890625,0.0005,1,reinforce_gamma_opt_seed1,-0.00152587890625,-1.0316188792103276e-07,1.0,0.0002514719089958817
436,-117.62114084947834,-271.1445219263015,84,-0.00508880615234375,0.0005,1,reinforce_gamma_opt_seed1,-0.00508880615234375,-5.350226501832367e-07,0.9999999403953552,0.0006413834635168314
437,-434.82017797073706,-278.8901417739693,132,-0.00014781951904296875,0.0005,1,reinforce_gamma_opt_seed1,-0.00014781951904296875,-4.515503526647535e-09,1.0,1.3247084098111372e-05
438,-141.8270753374571,-274.9525960639865,87,-0.010870218276977539,0.0005,1,reinforce_gamma_opt_seed1,-0.010870218276977539,-1.0352025583415525e-06,1.0,0.0008010595920495689
439,-150.1282777109193,-272.407644256271,90,0.01444244384765625,0.0005,1,reinforce_gamma_opt_seed1,0.01444244384765625,1.275042677661986e-06,0.9999999403953552,0.0017355077434331179
440,-408.1757672339223,-275.8758327933068,105,0.0013041496276855469,0.0005,1,reinforce_gamma_opt_seed1,0.0013041496276855469,8.969080056431267e-08,1.0,0.00027864144067279994
441,-393.25160092487806,-278.2776260343971,78,-0.00316619873046875,0.0005,1,reinforce_gamma_opt_seed1,-0.00316619873046875,-3.8743019104003906e-07,1.0,0.0006755716749466956
442,-469.0744080535344,-281.61679262523836,113,0.0075261592864990234,0.0005,1,reinforce_gamma_opt_seed1,0.0075261592864990234,4.283094767743023e-07,1.0,0.0008231294923461974
443,-455.627773970332,-288.8459710037073,124,-0.0052642822265625,0.0005,1,reinforce_gamma_opt_seed1,-0.0052642822265625,-2.605299869173905e-07,1.0,0.0007940287468954921
444,-378.155524290303,-290.093379168025,93,-0.008754491806030273,0.0005,1,reinforce_gamma_opt_seed1,-0.008754491806030273,-7.530694574597874e-07,1.0,0.0009363270946778357
445,-276.65281372406446,-292.72095381004675,83,0.0014986991882324219,0.0005,1,reinforce_gamma_opt_seed1,0.0014986991882324219,1.6229698474035104e-07,0.9999999403953552,0.00026655307738110423
446,-124.36526556352095,-292.26738138319763,124,0.010894775390625,0.0005,1,reinforce_gamma_opt_seed1,0.010894775390625,5.056780878476275e-07,1.0,0.0007102225208655
447,-358.82719650840977,-296.399179409679,99,0.0036725997924804688,0.0005,1,reinforce_gamma_opt_seed1,0.0036725997924804688,2.6972605837727315e-07,1.0,0.0003787208115682006
448,-54.15378049587075,-295.2210182097413,72,0.00091552734375,0.0005,1,reinforce_gamma_opt_seed1,0.00091552734375,1.258320310171257e-07,1.0,0.00012949119263794273
449,-332.8799974379959,-297.67886134136,110,0.0159149169921875,0.0005,1,reinforce_gamma_opt_seed1,0.0159149169921875,9.948556680683396e-07,1.0,0.0016065400559455156
450,-54.52570145486008,-292.4883103636014,72,0.0005950927734375,0.0005,1,reinforce_gamma_opt_seed1,0.0005950927734375,7.947286206899662e-08,1.0,0.00013096914335619658
451,-445.4949424564071,-289.497279202087,85,-0.0010066032409667969,0.0005,1,reinforce_gamma_opt_seed1,-0.0010066032409667969,-9.747112272862068e-08,1.0,0.00017582235159352422
452,-462.6057389446709,-290.10074450768457,78,0.0017871856689453125,0.0005,1,reinforce_gamma_opt_seed1,0.0017871856689453125,2.5064517217288085e-07,1.0,0.0006994833238422871
453,-78.91447356841277,-286.01585291084143,129,-0.0005660057067871094,0.0005,1,reinforce_gamma_opt_seed1,-0.0005660057067871094,-2.125436893152255e-08,0.9999999403953552,7.659267430426553e-05
454,-324.63600531687064,-290.14151093642323,97,0.0003781318664550781,0.0005,1,reinforce_gamma_opt_seed1,0.0003781318664550781,3.195300379843502e-08,1.0,4.4538817746797577e-05
455,-118.11537026643076,-288.3075504349283,77,-0.0039844512939453125,0.0005,1,reinforce_gamma_opt_seed1,-0.0039844512939453125,-4.799334760718921e-07,1.0,0.0007469496340490878
456,-411.4267394570985,-290.3568278483762,92,-0.00084686279296875,0.0005,1,reinforce_gamma_opt_seed1,-0.00084686279296875,-8.292820297128856e-08,1.0,8.126755710691214e-05
457,-466.9113402429934,-299.6551613478591,84,0.001590728759765625,0.0005,1,reinforce_gamma_opt_seed1,0.001590728759765625,1.852001503266365e-07,1.0,0.000541286077350378
458,-97.33006870337871,-295.81374073354846,74,-0.0013885498046875,0.0005,1,reinforce_gamma_opt_seed1,-0.0013885498046875,-1.8203580509634776e-07,1.0,9.423928713658825e-05
459,-436.02269982848895,-295.4236078737549,87,0.0025620460510253906,0.0005,1,reinforce_gamma_opt_seed1,0.0025620460510253906,2.904870086695155e-07,1.0,0.0004723663441836834
460,-82.41118732673323,-287.60590240662475,67,-0.0016245841979980469,0.0005,1,reinforce_gamma_opt_seed1,-0.0016245841979980469,-2.562110239523463e-07,1.0,0.00013215295621193945
461,-133.87941448253318,-283.3133154111772,84,-0.0013275146484375,0.0005,1,reinforce_gamma_opt_seed1,-0.0013275146484375,-1.4191581954037247e-07,1.0,0.0001731309457682073
462,-441.93093269476293,-280.26755223357105,112,-0.0018157958984375,0.0005,1,reinforce_gamma_opt_seed1,-0.0018157958984375,-1.0750123635716591e-07,0.9999999403953552,0.00026378975599072874
463,-70.58240938126781,-272.43314450555897,90,0.0041065216064453125,0.0005,1,reinforce_gamma_opt_seed1,0.0041065216064453125,3.774960930513771e-07,1.0,0.0010822559706866741
464,-98.44859216151971,-272.277344342787,101,-0.0035257339477539062,0.0005,1,reinforce_gamma_opt_seed1,-0.0035257339477539062,-2.5612291665311204e-07,1.0,0.0004298775165807456
465,-387.40558996856953,-269.6140448845188,99,0.0031785964965820312,0.0005,1,reinforce_gamma_opt_seed1,0.0031785964965820312,2.384185791015625e-07,1.0,0.00012145798973506317
466,-53.30440057222696,-267.81567947260817,86,0.0003390312194824219,0.0005,1,reinforce_gamma_opt_seed1,0.0003390312194824219,2.77230913781068e-08,1.0,3.184086745022796e-05
467,-434.54876736799025,-268.0593825480937,89,-0.0020444393157958984,0.0005,1,reinforce_gamma_opt_seed1,-0.0020444393157958984,-2.035933874822149e-07,1.0,0.00030522470478899777
468,-160.48885638111818,-266.0478948596608,103,0.0015621185302734375,0.0005,1,reinforce_gamma_opt_seed1,0.0015621185302734375,1.1342243055878498e-07,0.9999999403953552,0.00010279405250912532
469,-177.70270970239886,-263.1367767766047,101,-0.0059051513671875,0.0005,1,reinforce_gamma_opt_seed1,-0.0059051513671875,-4.2372411712676694e-07,1.0,0.0008559854468330741
470,-505.558178897105,-264.58603817201356,119,0.009348869323730469,0.0005,1,reinforce_gamma_opt_seed1,0.009348869323730469,5.199127599553321e-07,1.0,0.0022196967620402575
471,-432.8372756683753,-270.26831479665975,82,-0.00113677978515625,0.0005,1,reinforce_gamma_opt_seed1,-0.00113677978515625,-1.3665454901001794e-07,1.0,0.00027036803658120334
472,-90.60375167241766,-266.43631021485146,60,0.00030517578125,0.0005,1,reinforce_gamma_opt_seed1,0.00030517578125,6.655852047288136e-08,1.0,5.247567605692893e-05
473,-121.07845822746717,-260.4801055817648,81,-0.006142020225524902,0.0005,1,reinforce_gamma_opt_seed1,-0.006142020225524902,-6.681607374048326e-07,0.9999999403953552,0.0006501846364699304
474,-271.72986282597776,-258.5183601686285,111,0.013939380645751953,0.0005,1,reinforce_gamma_opt_seed1,0.013939380645751953,8.419827395300672e-07,1.0,0.001682193367742002
475,-103.7563407543693,-252.34357886012046,79,-0.0009558200836181641,0.0005,1,reinforce_gamma_opt_seed1,-0.0009558200836181641,-1.2147275185725448e-07,1.0,6.945783388800919e-05
476,-18.284227355802713,-248.42472750243877,152,0.000209808349609375,0.0005,1,reinforce_gamma_opt_seed1,0.000209808349609375,7.842716698291952e-09,1.0,1.5790163161000237e-05
477,-358.7483598933484,-249.63523236956834,98,0.008774757385253906,0.0005,1,reinforce_gamma_opt_seed1,0.008774757385253906,6.994422392381239e-07,1.0,0.0007709150668233633
478,-478.34944937015564,-257.25449782137775,110,-0.0027561187744140625,0.0005,1,reinforce_gamma_opt_seed1,-0.0027561187744140625,-1.7014416187066672e-07,0.9999999403953552,0.000228261633310467
479,-466.919046407355,-257.78126936605037,97,-0.006030082702636719,0.0005,1,reinforce_gamma_opt_seed1,-0.006030082702636719,-4.878978074884799e-07,0.9999999403953552,0.0003471199015621096
480,-511.11644102098467,-266.19343847068484,102,0.0007476806640625,0.0005,1,reinforce_gamma_opt_seed1,0.0007476806640625,5.6098489409350805e-08,1.0,0.00010305976320523769
481,-187.77434247967778,-270.25499273364295,124,-0.001861572265625,0.0005,1,reinforce_gamma_opt_seed1,-0.001861572265625,-8.604219203789398e-08,1.0,0.00011522255226736888
482,-125.58649084179032,-265.56296611487085,80,-0.0018157958984375,0.0005,1,reinforce_gamma_opt_seed1,-0.0018157958984375,-2.0265579792067e-07,1.0,0.0004890152486041188
483,-470.05984665230795,-267.7313848485473,91,0.0017910003662109375,0.0005,1,reinforce_gamma_opt_seed1,0.0017910003662109375,1.7029898913278885e-07,1.0,0.000385509105399251
484,-148.04231861381442,-268.98721072303897,73,0.003829777240753174,0.0005,1,reinforce_gamma_opt_seed1,0.003829777240753174,5.172540227249556e-07,1.0,0.000375063595129177
485,-347.35970306944023,-273.4010166820109,117,0.005589485168457031,0.0005,1,reinforce_gamma_opt_seed1,0.005589485168457031,3.0872149636707036e-07,1.0,0.000573599012568593
486,-12.176707718888906,-271.2921280193991,125,0.00017452239990234375,0.0005,1,reinforce_gamma_opt_seed1,0.00017452239990234375,7.629394893626795e-09,1.0000001192092896,2.0944758944096975e-05
487,-457.412299120557,-271.7439704423955,111,-0.002529144287109375,0.0005,1,reinforce_gamma_opt_seed1,-0.002529144287109375,-1.7183320721869677e-07,1.0,0.0003908186627086252
488,-90.37603514463858,-270.71494963853917,111,-0.0017197132110595703,0.0005,1,reinforce_gamma_opt_seed1,-0.0017197132110595703,-1.0309992859447448e-07,0.9999999403953552,0.0002155446563847363
489,-150.41983623930423,-270.7207808091068,67,-0.015441060066223145,0.0005,1,reinforce_gamma_opt_seed1,-0.015441060066223145,-2.596805416033021e-06,1.0,0.0011651309905573726
490,-97.31940981029524,-264.5036536606343,121,-0.0047152042388916016,0.0005,1,reinforce_gamma_opt_seed1,-0.0047152042388916016,-2.3447778119134455e-07,1.0,0.0004638592654373497
491,-136.2240005001619,-259.36310165213996,90,-0.0002307891845703125,0.0005,1,reinforce_gamma_opt_seed1,-0.0002307891845703125,-1.8543667934523e-08,1.0,2.2257432647165842e-05
492,-516.0775772537486,-260.30316503614426,131,0.004978179931640625,0.0005,1,reinforce_gamma_opt_seed1,0.004978179931640625,2.2203867899861507e-07,1.0,0.0007227375754155219
493,-508.44323230635285,-261.3594742028647,90,0.0015048980712890625,0.0005,1,reinforce_gamma_opt_seed1,0.0015048980712890625,1.5430980226938118e-07,1.0,0.0002887444570660591
494,-87.84172671531584,-255.55319825136493,72,0.0001678466796875,0.0005,1,reinforce_gamma_opt_seed1,0.0001678466796875,2.9802322387695312e-08,1.0,2.242509799543768e-05
495,-95.18591240430773,-251.9238602249698,63,-8.07046890258789e-05,0.0005,1,reinforce_gamma_opt_seed1,-8.07046890258789e-05,-7.568844218042159e-09,1.0,3.660331913124537e-06
496,-514.2128913961859,-259.7208127416231,125,0.008815765380859375,0.0005,1,reinforce_gamma_opt_seed1,0.008815765380859375,4.434585605395114e-07,1.0,0.0009433198720216751
497,-373.1438337013474,-260.00714548548183,68,-0.0001068115234375,0.0005,1,reinforce_gamma_opt_seed1,-0.0001068115234375,-2.103693397259576e-08,1.0,3.791931885643862e-05
498,-85.70899148529284,-260.63824970527025,86,0.0005340576171875,0.0005,1,reinforce_gamma_opt_seed1,0.0005340576171875,4.712925516514588e-08,1.0,4.1581428376957774e-05
499,-124.47619253951191,-256.4701736073006,90,-0.0009822845458984375,0.0005,1,reinforce_gamma_opt_seed1,-0.0009822845458984375,-7.549921576810448e-08,1.0,8.117802644846961e-05
500,-415.18342546903335,-263.6833280875841,93,-0.00115966796875,0.0005,1,reinforce_gamma_opt_seed1,-0.00115966796875,-1.0382744619619189e-07,1.0,0.00011667251965263858
501,-94.54911407736975,-256.66441152000334,82,0.0025768280029296875,0.0005,1,reinforce_gamma_opt_seed1,0.0025768280029296875,2.762166388947662e-07,1.0,0.00016457359015475959
502,-44.786588239873836,-248.30802850590737,83,0.00029277801513671875,0.0005,1,reinforce_gamma_opt_seed1,0.00029277801513671875,2.8725130718498804e-08,1.0,2.5432016627746634e-05
503,-102.30566344989047,-248.77585230353696,115,0.004047393798828125,0.0005,1,reinforce_gamma_opt_seed1,0.004047393798828125,2.26238498157727e-07,1.0,0.00033514591632410884
504,-273.82887815783516,-247.75970976035623,83,0.0017969608306884766,0.0005,1,reinforce_gamma_opt_seed1,0.0017969608306884766,1.9245837279413536e-07,1.0,0.0002983363519888371
505,-89.59328423184553,-247.18926803966454,79,-0.0005357265472412109,0.0005,1,reinforce_gamma_opt_seed1,-0.0005357265472412109,-7.544891644784002e-08,1.0,6.803857831982896e-05
506,-331.2138851722832,-245.58501095396824,82,0.0016765594482421875,0.0005,1,reinforce_gamma_opt_seed1,0.0016765594482421875,2.0207428974572395e-07,1.0,0.00010793501132866368
507,-177.97435023179094,-239.80627115374418,79,-0.0013036727905273438,0.0005,1,reinforce_gamma_opt_seed1,-0.0013036727905273438,-1.6900557398003002e-07,1.0,0.0002536491665523499
508,-78.42306596644414,-239.42813109900547,95,-0.0021169185638427734,0.0005,1,reinforce_gamma_opt_seed1,-0.0021169185638427734,-1.6814783521112986e-07,1.0,0.0003350229235365987
509,-130.97732686644517,-233.3272236397646,106,0.00147247314453125,0.0005,1,reinforce_gamma_opt_seed1,0.00147247314453125,9.446773674426368e-08,1.0,0.0001878368348116055
510,-77.01447774831738,-233.2192894481963,73,0.0012753009796142578,0.0005,1,reinforce_gamma_opt_seed1,0.0012753009796142578,1.7228191495632927e-07,0.9999999403953552,6.907875649631023e-05
511,-451.8563028232412,-239.57882721501045,151,-0.007606029510498047,0.0005,1,reinforce_gamma_opt_seed1,-0.007606029510498047,-2.63681471324162e-07,1.0,0.00048108570626936853
512,-358.8183856623927,-237.91657627436302,104,-0.012420654296875,0.0005,1,reinforce_gamma_opt_seed1,-0.012420654296875,-8.608286066191795e-07,1.0,0.0022844194900244474
513,-482.2965970286184,-246.15086002731005,79,0.0018401145935058594,0.0005,1,reinforce_gamma_opt_seed1,0.0018401145935058594,2.519993813621113e-07,1.0,0.0005324536468833685
514,-495.41819244057984,-254.09025203289127,80,-0.002685546875,0.0005,1,reinforce_gamma_opt_seed1,-0.002685546875,-3.591179904560704e-07,1.0,0.0004930435679852962
515,-310.4000719025346,-252.55014167157057,83,-0.0026640892028808594,0.0005,1,reinforce_gamma_opt_seed1,-0.0026640892028808594,-2.829425227446336e-07,1.0,0.000574039644561708
516,-337.6807396943062,-258.2376684540122,82,0.0030517578125,0.0005,1,reinforce_gamma_opt_seed1,0.0030517578125,3.5762786865234375e-07,1.0,0.0003513778792694211
517,-337.0449978586814,-256.28759306382597,102,0.0073108673095703125,0.0005,1,reinforce_gamma_opt_seed1,0.0073108673095703125,5.259233262222551e-07,1.0,0.0008032444748096168
518,-76.4774908596687,-254.60736575339698,148,0.003509521484375,0.0005,1,reinforce_gamma_opt_seed1,0.003509521484375,1.1034914138008389e-07,0.9999999403953552,0.00034860975574702024
519,-457.2172518946932,-260.1976565972429,77,0.0014339685440063477,0.0005,1,reinforce_gamma_opt_seed1,0.0014339685440063477,2.1751824874627346e-07,1.0,0.0007909624837338924
520,-485.751096292391,-259.8015149451486,116,-0.004901885986328125,0.0005,1,reinforce_gamma_opt_seed1,-0.004901885986328125,-2.8106671834393637e-07,1.0,0.0003324409481137991
521,-551.5555061095652,-262.1758795539724,80,-0.0019683837890625,0.0005,1,reinforce_gamma_opt_seed1,-0.0019683837890625,-2.7567148208618164e-07,1.0,0.0006551205297000706
522,-302.13003941990945,-266.4064053089222,81,0.0015707015991210938,0.0005,1,reinforce_gamma_opt_seed1,0.0015707015991210938,1.9573870702060958e-07,1.0,0.00034272961784154177
523,-477.2324373501029,-273.5294848913749,83,0.0028104782104492188,0.0005,1,reinforce_gamma_opt_seed1,0.0028104782104492188,3.3321151704512886e-07,0.9999999403953552,0.0005763599765487015
524,-440.7704253018112,-276.9102961408916,78,-0.00118255615234375,0.0005,1,reinforce_gamma_opt_seed1,-0.00118255615234375,-1.4060583453101572e-07,1.0,0.0005367896519601345
525,-373.3450855068762,-282.3020710359417,85,-0.00544428825378418,0.0005,1,reinforce_gamma_opt_seed1,-0.00544428825378418,-5.497652182384627e-07,1.0,0.0021609077230095863
526,-588.2636376739129,-293.70165924230395,97,0.0024652481079101562,0.0005,1,reinforce_gamma_opt_seed1,0.0024652481079101562,2.1998415888901945e-07,0.9999999403953552,0.0005197847494855523
527,-310.2466322247674,-292.7316246889323,83,0.0013709068298339844,0.0005,1,reinforce_gamma_opt_seed1,0.0013709068298339844,1.4290752403667284e-07,1.0,0.00023095100186765194
528,-154.00969997347093,-286.24482970099865,91,0.00420689582824707,0.0005,1,reinforce_gamma_opt_seed1,0.00420689582824707,3.877576943978056e-07,1.0,0.0006086057983338833
529,-164.2553321085362,-280.19155541502226,154,-0.0018057823181152344,0.0005,1,reinforce_gamma_opt_seed1,-0.0018057823181152344,-5.650829848491412e-08,1.0,0.00023342635540757328
530,-469.31683885232394,-279.35556337164905,90,-0.00177764892578125,0.0005,1,reinforce_gamma_opt_seed1,-0.00177764892578125,-1.708666417243876e-07,1.0,0.00025860409368760884
531,-482.5512803618051,-285.25110212929155,80,0.000732421875,0.0005,1,reinforce_gamma_opt_seed1,0.000732421875,9.983777715660835e-08,1.0,0.00012327745207585394
532,-343.81636447733604,-289.6156996020025,102,-0.0006809234619140625,0.0005,1,reinforce_gamma_opt_seed1,-0.0006809234619140625,-3.85677125791517e-08,1.0,9.886149200610816e-05
533,-156.36676757167953,-283.34183802038996,131,-0.00490117073059082,0.0005,1,reinforce_gamma_opt_seed1,-0.00490117073059082,-2.0838875514073152e-07,1.0,0.00045380587107501924
534,-462.4999792114419,-289.63099123234247,114,0.0076198577880859375,0.0005,1,reinforce_gamma_opt_seed1,0.0076198577880859375,4.5958319105920964e-07,1.0,0.0010035305749624968
535,-448.8710443381934,-291.6612180577176,82,-0.0027523040771484375,0.0005,1,reinforce_gamma_opt_seed1,-0.0027523040771484375,-3.6998491736994765e-07,1.0,0.0012199702905490994
536,-510.23692103011246,-301.62242232394203,93,-0.0036172866821289062,0.0005,1,reinforce_gamma_opt_seed1,-0.0036172866821289062,-3.666006023195223e-07,0.9999999403953552,0.0007932019652798772
537,-90.6052257173348,-294.2862808558776,110,0.0033702850341796875,0.0005,1,reinforce_gamma_opt_seed1,0.0033702850341796875,2.086162567138672e-07,0.9999999403953552,0.00026698681176640093
538,-80.72898477679745,-294.0933398485207,74,-0.0011463165283203125,0.0005,1,reinforce_gamma_opt_seed1,-0.0011463165283203125,-1.482061406932189e-07,1.0,0.00010277185356244445
539,-251.27612126258916,-296.11046554898644,153,-0.024710655212402344,0.0005,1,reinforce_gamma_opt_seed1,-0.024710655212402344,-7.748603820800781e-07,1.0,0.00220121000893414
540,-241.03057919302142,-298.98468893664096,98,-0.0018115043640136719,0.0005,1,reinforce_gamma_opt_seed1,-0.0018115043640136719,-1.398884563741376e-07,1.0,0.00025080377236008644
541,-120.54529801915426,-298.6711148870208,108,0.000698089599609375,0.0005,1,reinforce_gamma_opt_seed1,0.000698089599609375,4.967053612858763e-08,1.0,0.00014206513878889382
542,-15.13688133265238,-288.6523009685989,79,8.487701416015625e-05,0.0005,1,reinforce_gamma_opt_seed1,8.487701416015625e-05,6.035913546753591e-09,1.0,5.282874099066248e-06
543,-242.85459908523535,-283.34052830417653,111,0.0010306835174560547,0.0005,1,reinforce_gamma_opt_seed1,0.0010306835174560547,7.947286206899662e-08,1.0,0.0001929374411702156
544,-418.47589838655733,-289.95321173760135,72,-0.0005950927734375,0.0005,1,reinforce_gamma_opt_seed1,-0.0005950927734375,-9.602970862943039e-08,1.0,0.00012890405196230859
545,-416.65829135148243,-296.3826593165449,84,0.003658294677734375,0.0005,1,reinforce_gamma_opt_seed1,0.003658294677734375,4.463252594177902e-07,1.0,0.00038477889029309154
546,-549.0047059202822,-297.07849560702675,99,0.0037789344787597656,0.0005,1,reinforce_gamma_opt_seed1,0.0037789344787597656,3.251162468131952e-07,1.0,0.0006644579116255045
547,-342.74591864020886,-296.47053730580404,77,0.0011143684387207031,0.0005,1,reinforce_gamma_opt_seed1,0.0011143684387207031,1.679767223095041e-07,1.0,0.00047725721378810704
548,-284.18424841005657,-300.4400424442993,127,0.010574102401733398,0.0005,1,reinforce_gamma_opt_seed1,0.010574102401733398,4.683892598222883e-07,1.0,0.001049040351063013
549,-78.08837100787301,-299.51228601366654,59,-6.574392318725586e-05,0.0005,1,reinforce_gamma_opt_seed1,-6.574392318725586e-05,-1.4648598778421729e-08,1.0,1.4488387932942715e-05
550,-43.615585270478476,-292.0809292096954,83,0.0006539821624755859,0.0005,1,reinforce_gamma_opt_seed1,0.0006539821624755859,6.678592967546138e-08,1.0,0.00012857561523560435
551,-69.6694693055492,-291.58333631425904,70,0.0009098052978515625,0.0005,1,reinforce_gamma_opt_seed1,0.0009098052978515625,1.3283320754453598e-07,1.0,7.581369573017582e-05
552,-70.68829804605821,-292.1013705103827,75,-0.0004150867462158203,0.0005,1,reinforce_gamma_opt_seed1,-0.0004150867462158203,-5.642572986630512e-08,1.0,2.803520874294918e-05
553,-137.73255659888605,-292.8099083733626,88,-0.0040130615234375,0.0005,1,reinforce_gamma_opt_seed1,-0.0040130615234375,-3.793022926856793e-07,1.0,0.0003789431939367205
554,-479.83618299605035,-296.93005447012695,85,-0.002791881561279297,0.0005,1,reinforce_gamma_opt_seed1,-0.002791881561279297,-3.2537124639020476e-07,1.0,0.00040281712426804006
555,-431.4328664889537,-303.76684611526906,81,0.0017201900482177734,0.0005,1,reinforce_gamma_opt_seed1,0.0017201900482177734,2.1045590870016895e-07,1.0,0.0003851434157695621
556,-238.7080312259366,-301.91672903634213,96,-0.0028076171875,0.0005,1,reinforce_gamma_opt_seed1,-0.0028076171875,-2.2351741790771484e-07,1.0,0.000620897626504302
557,-471.3803600614678,-307.7848492329357,82,-0.0033893585205078125,0.0005,1,reinforce_gamma_opt_seed1,-0.0033893585205078125,-4.375853279725561e-07,1.0,0.0009552413830533624
558,-578.526593993193,-317.78691979347064,101,-0.0024614334106445312,0.0005,1,reinforce_gamma_opt_seed1,-0.0024614334106445312,-2.1009161343954474e-07,1.0,0.0004063507658429444
559,-518.1835811673584,-325.53104487948895,99,0.003142833709716797,0.0005,1,reinforce_gamma_opt_seed1,0.003142833709716797,3.010335660746932e-07,1.0,0.001732358243316412
560,-290.945765550109,-329.80967063552475,103,0.0023421049118041992,0.0005,1,reinforce_gamma_opt_seed1,0.0023421049118041992,1.8170736382217e-07,1.0,0.00015550128591712564
561,-52.67891082972799,-321.8261227956545,90,0.000751495361328125,0.0005,1,reinforce_gamma_opt_seed1,0.000751495361328125,7.152557657263969e-08,1.0,0.00016739862621761858
562,-468.4679125460092,-324.0191133333268,85,0.0019006729125976562,0.0005,1,reinforce_gamma_opt_seed1,0.0019006729125976562,2.0335701833573694e-07,1.0,0.0011106785386800766
563,-365.9305387571104,-321.69179216789666,105,-0.00020551681518554688,0.0005,1,reinforce_gamma_opt_seed1,-0.00020551681518554688,-2.1003542016728716e-08,0.9999999403953552,6.522183684865013e-05
564,-117.76922760520702,-314.1388128711892,102,-0.002391815185546875,0.0005,1,reinforce_gamma_opt_seed1,-0.002391815185546875,-1.7355469594804163e-07,0.9999999403953552,0.00021360193204600364
565,-322.8774635212996,-314.3883607035645,143,0.0018649101257324219,0.0005,1,reinforce_gamma_opt_seed1,0.0018649101257324219,7.00250382124068e-08,1.0,0.0001472869626013562
566,-606.7165095376022,-319.7690761004304,115,-0.0036253929138183594,0.0005,1,reinforce_gamma_opt_seed1,-0.0036253929138183594,-2.2131463595087553e-07,1.0,0.000813821330666542
567,-504.8553546927265,-323.1252832371113,79,-0.004324913024902344,0.0005,1,reinforce_gamma_opt_seed1,-0.004324913024902344,-5.681303605342691e-07,0.9999999403953552,0.0004488889826461673
568,-70.63827093329644,-323.0084988385839,74,-0.00035953521728515625,0.0005,1,reinforce_gamma_opt_seed1,-0.00035953521728515625,-4.5106219204171794e-08,1.0,7.751093653496355e-05
569,-78.56767189062585,-315.43550723850257,70,-0.00021266937255859375,0.0005,1,reinforce_gamma_opt_seed1,-0.00021266937255859375,-2.2990363390817947e-08,0.9999999403953552,1.0552565072430298e-05
570,-399.455055604857,-313.7095864247519,75,-0.0005702972412109375,0.0005,1,reinforce_gamma_opt_seed1,-0.0005702972412109375,-1.0410944639716035e-07,0.9999999403953552,0.00028446895885281265
571,-461.6320028015604,-311.91111635859176,107,0.0025653839111328125,0.0005,1,reinforce_gamma_opt_seed1,0.0025653839111328125,1.7881393432617188e-07,0.9999999403953552,0.0002283220674144104
572,-434.7621732314104,-314.56375903482177,81,-0.0009832382202148438,0.0005,1,reinforce_gamma_opt_seed1,-0.0009832382202148438,-1.2068100829765172e-07,0.9999999403953552,0.00035438520717434585
573,-159.06906893427336,-308.2004916665052,125,0.002852320671081543,0.0005,1,reinforce_gamma_opt_seed1,0.002852320671081543,1.3113022134803032e-07,1.0,0.00024927593767642975
574,-355.13120751362817,-306.48770731074154,210,-0.015822887420654297,0.0005,1,reinforce_gamma_opt_seed1,-0.015822887420654297,-2.7673584668264084e-07,1.0,0.0013297224650159478
575,-306.3203922068892,-305.1472134447418,85,-0.000385284423828125,0.0005,1,reinforce_gamma_opt_seed1,-0.000385284423828125,-4.347633009160745e-08,1.0,6.722285615978763e-05
576,-9.596364480726024,-293.57386798087805,106,-0.000202178955078125,0.0005,1,reinforce_gamma_opt_seed1,-0.000202178955078125,-9.559235181200165e-09,0.9999999403953552,1.696520484983921e-05
577,-82.95745831417025,-289.0280845026661,64,0.00028228759765625,0.0005,1,reinforce_gamma_opt_seed1,0.00028228759765625,4.842877388000488e-08,0.9999999403953552,3.2484276744071394e-05
578,-226.62438415700484,-290.4803781863368,104,0.00677490234375,0.0005,1,reinforce_gamma_opt_seed1,0.00677490234375,4.539122926416894e-07,1.0,0.0008337189792655408
579,-56.60063206483457,-288.32728418546276,79,0.0014891624450683594,0.0005,1,reinforce_gamma_opt_seed1,0.0014891624450683594,1.7881393432617188e-07,1.0,0.0002718337927944958
580,-302.0292801168683,-284.98153301075365,111,0.004924774169921875,0.0005,1,reinforce_gamma_opt_seed1,0.004924774169921875,2.856727121525182e-07,0.9999999403953552,0.0007600349490530789
581,-393.4967425635784,-283.2004422547891,86,0.004084587097167969,0.0005,1,reinforce_gamma_opt_seed1,0.004084587097167969,4.567379221498413e-07,0.9999999403953552,0.0005407423013821244
582,-578.1266879867131,-287.8866487249767,146,-0.015051841735839844,0.0005,1,reinforce_gamma_opt_seed1,-0.015051841735839844,-5.878814022253209e-07,1.0,0.0028655375353991985
583,-524.1524907223949,-295.242363187991,125,0.0022363662719726562,0.0005,1,reinforce_gamma_opt_seed1,0.0022363662719726562,1.316070523671442e-07,1.0,0.0004669147601816803
584,-202.27002425763484,-290.0377640889148,83,0.010628223419189453,0.0005,1,reinforce_gamma_opt_seed1,0.010628223419189453,1.1960426036239369e-06,1.0,0.0022381118033081293
585,-329.60592101232874,-287.65246162239754,90,0.0001678466796875,0.0005,1,reinforce_gamma_opt_seed1,0.0001678466796875,1.8543667934523e-08,0.9999999403953552,1.911128856590949e-05
586,-75.13575962743192,-278.9504383943439,78,-0.0011091232299804688,0.0005,1,reinforce_gamma_opt_seed1,-0.0011091232299804688,-1.2532258608644042e-07,1.0,0.0001749478979036212
587,-442.66136815018587,-285.99156124300094,86,0.00286102294921875,0.0005,1,reinforce_gamma_opt_seed1,0.00286102294921875,3.0287475283330423e-07,1.0,0.0005556829273700714
588,-535.9547188450202,-295.0960759243654,105,0.00012826919555664062,0.0005,1,reinforce_gamma_opt_seed1,0.00012826919555664062,1.0785602633234248e-08,1.0,1.4613721759815235e-05
589,-481.1539806938104,-299.6936331129898,101,0.00041484832763671875,0.0005,1,reinforce_gamma_opt_seed1,0.00041484832763671875,3.0687541396901e-08,1.0,8.844454714562744e-05
590,-506.7240635693261,-305.0075028005159,106,-0.0036792755126953125,0.0005,1,reinforce_gamma_opt_seed1,-0.0036792755126953125,-2.738439945915161e-07,1.0,0.0007808703812770545
591,-213.2250588770096,-306.86109801767304,71,-0.0004667043685913086,0.0005,1,reinforce_gamma_opt_seed1,-0.0004667043685913086,-9.73822338323771e-08,1.0,7.958899368532002e-05
592,-433.4313718129744,-315.22698782727946,98,-0.005321502685546875,0.0005,1,reinforce_gamma_opt_seed1,-0.005321502685546875,-4.002026230409683e-07,1.0,0.0007420265465043485
593,-439.21142079409356,-319.1541242614566,97,-0.0023064613342285156,0.0005,1,reinforce_gamma_opt_seed1,-0.0023064613342285156,-2.2612896088958223e-07,1.0,0.0012979261809960008
594,-152.39669948283154,-313.8325402833821,112,0.001007080078125,0.0005,1,reinforce_gamma_opt_seed1,0.001007080078125,5.8540276626217747e-08,1.0,6.746063445461914e-05
595,-81.70353382796289,-307.13344513291173,74,-0.001430511474609375,0.0005,1,reinforce_gamma_opt_seed1,-0.001430511474609375,-1.9170143161773012e-07,1.0,0.0001643633731873706
596,-388.54115425050895,-303.9241740995162,90,0.0044403076171875,0.0005,1,reinforce_gamma_opt_seed1,0.0044403076171875,4.4571029889084457e-07,1.0,0.0007578133372589946
597,-50.705472937056996,-298.0833651854532,78,-0.0005035400390625,0.0005,1,reinforce_gamma_opt_seed1,-0.0005035400390625,-7.030291726550786e-08,1.0,4.223200085107237e-05
598,-97.37268603060456,-294.34713393786416,68,-0.001708984375,0.0005,1,reinforce_gamma_opt_seed1,-0.001708984375,-2.752332193267648e-07,1.0,0.0002940777048934251
599,-180.56561405737673,-296.3966787988543,63,-0.005266666412353516,0.0005,1,reinforce_gamma_opt_seed1,-0.005266666412353516,-9.461054446546768e-07,1.0,0.0008977649267762899
600,-254.67697779434621,-300.6179066493316,107,0.0028477907180786133,0.0005,1,reinforce_gamma_opt_seed1,0.0028477907180786133,1.8271330759489501e-07,1.0,0.00026060882373712957
601,-96.40244456558297,-301.1525661545323,102,-0.0016326904296875,0.0005,1,reinforce_gamma_opt_seed1,-0.0016326904296875,-1.0050979426523554e-07,1.0,0.00010186355939367786
602,-434.0120180263485,-308.41904055413806,115,0.007493019104003906,0.0005,1,reinforce_gamma_opt_seed1,0.007493019104003906,4.602515275564656e-07,0.9999999403953552,0.0013399497838690877
603,-273.63293381490325,-311.1370480984584,105,0.0032597780227661133,0.0005,1,reinforce_gamma_opt_seed1,0.0032597780227661133,2.0890009011509392e-07,1.0,0.0005231963586993515
604,-92.32831773096053,-303.3868907931566,145,0.0009160041809082031,0.0005,1,reinforce_gamma_opt_seed1,0.0009160041809082031,2.8774655547181283e-08,1.0,7.595727947773412e-05
605,-386.46733338425344,-302.48758013106266,97,-0.008925437927246094,0.0005,1,reinforce_gamma_opt_seed1,-0.008925437927246094,-7.361480811596266e-07,0.9999999403953552,0.0013958301860839128
606,-399.2641609604958,-305.6987027257538,91,0.00722503662109375,0.0005,1,reinforce_gamma_opt_seed1,0.00722503662109375,7.283556442416739e-07,0.9999999403953552,0.0014557016547769308
607,-523.9905460458054,-306.75090644544053,93,-0.0060749053955078125,0.0005,1,reinforce_gamma_opt_seed1,-0.0060749053955078125,-5.704100658476818e-07,1.0,0.0015338539378717542
608,-117.5297542532525,-297.53096965064174,85,0.0038547515869140625,0.0005,1,reinforce_gamma_opt_seed1,0.0038547515869140625,3.905857397512591e-07,1.0,0.0006790375919081271
609,-352.3259408601044,-294.2138168444967,110,0.0002193450927734375,0.0005,1,reinforce_gamma_opt_seed1,0.0002193450927734375,1.6255812695931127e-08,0.9999999403953552,5.283395876176655e-05
610,-47.85054998035761,-289.35191253310165,94,-0.00211334228515625,0.0005,1,reinforce_gamma_opt_seed1,-0.00211334228515625,-1.8008212521181122e-07,1.0,0.0005815514014102519
611,-260.88506601269427,-293.516035636761,70,0.0068073272705078125,0.0005,1,reinforce_gamma_opt_seed1,0.0068073272705078125,1.0320118235540576e-06,1.0,0.0021329908631742
612,-391.48727293257144,-291.9764228444922,72,-0.00041961669921875,0.0005,1,reinforce_gamma_opt_seed1,-0.00041961669921875,-7.61614913358244e-08,1.0,0.00015441510186064988
613,-444.777139259943,-293.55335485454884,87,-0.005108356475830078,0.0005,1,reinforce_gamma_opt_seed1,-0.005108356475830078,-5.549397883441998e-07,1.0,0.0004946686676703393
614,-360.75460258228225,-298.41306235409036,87,-0.002483367919921875,0.0005,1,reinforce_gamma_opt_seed1,-0.002483367919921875,-2.384185791015625e-07,1.0,0.00019937142496928573
615,-382.58347586391363,-299.6071826009427,88,0.00146484375,0.0005,1,reinforce_gamma_opt_seed1,0.00146484375,1.584941742294177e-07,1.0,0.00024542646133340895
616,-494.0611061977071,-297.35407453414473,83,-0.003383636474609375,0.0005,1,reinforce_gamma_opt_seed1,-0.003383636474609375,-4.0502433762412693e-07,1.0,0.000556512619368732
617,-170.0498997445925,-290.65796543518206,80,-0.011470794677734375,0.0005,1,reinforce_gamma_opt_seed1,-0.011470794677734375,-1.3424083817881183e-06,1.0,0.0013563192915171385
618,-81.46804960655426,-290.8745610086472,73,0.0009784698486328125,0.0005,1,reinforce_gamma_opt_seed1,0.0009784698486328125,1.4043834539734235e-07,1.0,0.00010846251825569198
619,-534.9014999438987,-300.00123756971266,151,0.006529092788696289,0.0005,1,reinforce_gamma_opt_seed1,0.006529092788696289,2.273660584251047e-07,0.9999999403953552,0.0008629145449958742
620,-375.6386214895788,-299.5249088874071,103,-0.006229400634765625,0.0005,1,reinforce_gamma_opt_seed1,-0.006229400634765625,-4.421160042511474e-07,0.9999999403953552,0.0010892249410972
621,-656.6702781634622,-303.4256743946451,124,0.00376129150390625,0.0005,1,reinforce_gamma_opt_seed1,0.00376129150390625,1.9323441335927782e-07,1.0,0.0007707958575338125
622,-12.66826313336719,-294.9837961926843,88,-0.0008392333984375,0.0005,1,reinforce_gamma_opt_seed1,-0.0008392333984375,-7.856976225184553e-08,1.0,0.00010082327935378999
623,-166.48562142731143,-295.13212724254504,71,0.005650758743286133,0.0005,1,reinforce_gamma_opt_seed1,0.005650758743286133,8.730821150493284e-07,1.0,0.0006072732503525913
624,-411.80253884395995,-296.2655538691517,84,0.00145721435546875,0.0005,1,reinforce_gamma_opt_seed1,0.00145721435546875,1.472376709443779e-07,1.0,0.0003447364433668554
625,-455.2868206231515,-299.2448824374769,97,0.006474494934082031,0.0005,1,reinforce_gamma_opt_seed1,0.006474494934082031,5.37056280336401e-07,1.0,0.00037109883851371706
626,-180.32728500273814,-302.6595008479172,114,0.004328727722167969,0.0005,1,reinforce_gamma_opt_seed1,0.004328727722167969,2.457384482568159e-07,1.0,0.0005317230243235826
627,-108.83413358249682,-303.1770343532837,68,0.001926422119140625,0.0005,1,reinforce_gamma_opt_seed1,0.001926422119140625,3.0678862117383687e-07,1.0,0.0004043217049911618
628,-454.71144780839643,-307.73877562631156,125,-0.004734516143798828,0.0005,1,reinforce_gamma_opt_seed1,-0.004734516143798828,-2.384185791015625e-07,1.0,0.000455522007541731
629,-367.5940024937006,-313.95864303488884,82,-0.0021800994873046875,0.0005,1,reinforce_gamma_opt_seed1,-0.0021800994873046875,-2.8784683081539697e-07,1.0,0.0009774586651474237
630,-140.2929214657433,-310.7239158618664,87,-0.004549503326416016,0.0005,1,reinforce_gamma_opt_seed1,-0.004549503326416016,-4.3525949422473786e-07,1.0,0.0006406597676686943
631,-341.9860170083854,-309.69370135076247,121,0.002488851547241211,0.0005,1,reinforce_gamma_opt_seed1,0.002488851547241211,1.2019448547562206e-07,1.0,0.0004316013364586979
632,-177.9443116316009,-301.69005382366026,108,0.0023021697998046875,0.0005,1,reinforce_gamma_opt_seed1,0.0023021697998046875,1.4459645569786517e-07,1.0,0.00026132172206416726
633,-116.8608623383775,-293.5442212559799,93,-0.002534151077270508,0.0005,1,reinforce_gamma_opt_seed1,-0.002534151077270508,-2.1790945936572825e-07,1.0,0.00011622985766734928
634,-116.62763557434118,-291.83137348231406,105,-0.00413668155670166,0.0005,1,reinforce_gamma_opt_seed1,-0.00413668155670166,-2.7304602667754807e-07,1.0,0.0006094203563407063
635,-442.6077067029859,-294.0914091961272,82,0.0048236846923828125,0.0005,1,reinforce_gamma_opt_seed1,0.0048236846923828125,5.865969114893232e-07,1.0,0.0005550719797611237
636,-112.33459451642769,-294.8353858939071,83,-0.0010647773742675781,0.0005,1,reinforce_gamma_opt_seed1,-0.0010647773742675781,-1.1490052287399521e-07,1.0,5.2919906011084095e-05
637,-348.8605953460741,-292.9593704378249,98,0.00626373291015625,0.0005,1,reinforce_gamma_opt_seed1,0.00626373291015625,5.07247705172631e-07,1.0,0.00042710258276201785
638,-76.18578308382448,-283.76399172260096,95,-0.0011458396911621094,0.0005,1,reinforce_gamma_opt_seed1,-0.0011458396911621094,-9.03480952274549e-08,1.0,0.0001781647588359192
639,-335.69393197267857,-280.8547907481783,68,-0.00566864013671875,0.0005,1,reinforce_gamma_opt_seed1,-0.00566864013671875,-9.501681574874965e-07,1.0,0.002228103345260024
640,-214.51677239498713,-275.0106449246915,86,0.0040836334228515625,0.0005,1,reinforce_gamma_opt_seed1,0.0040836334228515625,3.971332773744507e-07,1.0,0.0005092606297694147
641,-542.5305706263005,-281.59675515967734,87,0.004310131072998047,0.0005,1,reinforce_gamma_opt_seed1,0.004310131072998047,4.658753880448785e-07,0.9999999403953552,0.0014680242165923119
642,-296.2032463658901,-278.8521926507357,84,-0.00091552734375,0.0005,1,reinforce_gamma_opt_seed1,-0.00091552734375,-9.934107225717526e-08,1.0,0.00013622440746985376
643,-535.0209365081321,-280.76838296501643,120,-0.009002685546875,0.0005,1,reinforce_gamma_opt_seed1,-0.009002685546875,-5.135933633937384e-07,1.0,0.0020040429662913084
644,-150.28303339071857,-280.72610964317414,106,0.002826690673828125,0.0005,1,reinforce_gamma_opt_seed1,0.002826690673828125,1.810631715670752e-07,1.0,0.0003219775971956551
645,-614.7992126706811,-291.3880232200285,98,0.000743865966796875,0.0005,1,reinforce_gamma_opt_seed1,0.000743865966796875,7.298528004184845e-08,0.9999999403953552,8.648925722809508e-05
646,-676.5638688675959,-297.1484775123703,120,-0.0006256103515625,0.0005,1,reinforce_gamma_opt_seed1,-0.0006256103515625,-3.526607983417307e-08,0.9999999403953552,0.0001205326261697337
647,-149.44033529899679,-299.12317475960907,69,-0.0029282569885253906,0.0005,1,reinforce_gamma_opt_seed1,-0.0029282569885253906,-4.440114196313516e-07,1.0,0.00021371377806644887
648,-147.29222043725423,-300.12156544774206,126,-0.00214385986328125,0.0005,1,reinforce_gamma_opt_seed1,-0.00214385986328125,-9.934107225717526e-08,1.0,0.0003102088230662048
649,-208.08414995060042,-300.67193616560655,91,0.006211996078491211,0.0005,1,reinforce_gamma_opt_seed1,0.006211996078491211,5.475767466123216e-07,0.9999999403953552,0.0009426979231648147
650,-476.39742882359945,-305.1063451861916,101,0.002952098846435547,0.0005,1,reinforce_gamma_opt_seed1,0.002952098846435547,2.4077917260001414e-07,1.0,0.0005136817926540971
651,-467.8207149134116,-312.53471059314813,125,0.0063018798828125,0.0005,1,reinforce_gamma_opt_seed1,0.0063018798828125,3.175735514560074e-07,0.9999999403953552,0.0009118395973928273
652,-86.13817951068225,-305.57723382283484,75,-0.0003370046615600586,0.0005,1,reinforce_gamma_opt_seed1,-0.0003370046615600586,-4.609425729995564e-08,0.9999999403953552,2.401972233201377e-05
653,-295.8936263157071,-306.02244767285094,103,0.0027790069580078125,0.0005,1,reinforce_gamma_opt_seed1,0.0027790069580078125,1.9328108180616255e-07,1.0,0.000432401750003919
654,-119.90655185090766,-306.57401235524986,81,-0.0049533843994140625,0.0005,1,reinforce_gamma_opt_seed1,-0.0049533843994140625,-5.38649373993394e-07,1.0,0.000607962254434824
655,-496.0034774266216,-308.76473523609724,129,-0.003747999668121338,0.0005,1,reinforce_gamma_opt_seed1,-0.003747999668121338,-1.8297239989806258e-07,0.9999999403953552,0.0007068266277201474
656,-166.98904499744893,-304.1192329168363,99,0.006441175937652588,0.0005,1,reinforce_gamma_opt_seed1,0.006441175937652588,4.933939976581314e-07,1.0,0.0009572398266755044
657,12.151296187923478,-293.3963960721617,66,-0.000202178955078125,0.0005,1,reinforce_gamma_opt_seed1,-0.000202178955078125,-3.431782502616443e-08,1.0,3.829299021163024e-05
658,-318.4573908923352,-297.4149488049434,89,-0.0006672143936157227,0.0005,1,reinforce_gamma_opt_seed1,-0.0006672143936157227,-6.027435972555395e-08,1.0,8.78959326655604e-05
659,-126.49720721677153,-292.8983741320767,100,0.008087158203125,0.0005,1,reinforce_gamma_opt_seed1,0.008087158203125,6.037950583959173e-07,1.0,0.0012426445027813315
660,-424.29860375479205,-300.4273352075654,95,0.0004208087921142578,0.0005,1,reinforce_gamma_opt_seed1,0.0004208087921142578,2.8861196099683184e-08,1.0,5.805327236885205e-05
661,-420.79328407798766,-303.62549956887125,93,0.008810997009277344,0.0005,1,reinforce_gamma_opt_seed1,0.008810997009277344,8.370286650460912e-07,1.0,0.0022517191246151924
662,-463.5088418690674,-305.0659309476012,132,0.0001373291015625,0.0005,1,reinforce_gamma_opt_seed1,0.0001373291015625,4.515503526647535e-09,1.0,1.9469332983135246e-05
663,-55.69275166982922,-297.2842431957989,74,0.00041961669921875,0.0005,1,reinforce_gamma_opt_seed1,0.00041961669921875,5.678550607512989e-08,1.0,7.377310248557478e-05
664,-369.47493047596305,-297.4586497536725,91,-0.00063323974609375,0.0005,1,reinforce_gamma_opt_seed1,-0.00063323974609375,-6.484461323452706e-08,1.0,0.0001667184551479295
665,-401.1965922889405,-297.83091208217303,160,-0.009063720703125,0.0005,1,reinforce_gamma_opt_seed1,-0.009063720703125,-2.7101486921310425e-07,1.0,0.0008700892212800682
666,-105.56531113918156,-290.06099618100257,68,-0.00079345703125,0.0005,1,reinforce_gamma_opt_seed1,-0.00079345703125,-1.2797467263681028e-07,1.0,0.00010206963634118438
667,-295.3371882677725,-292.56674195146616,68,0.004741668701171875,0.0005,1,reinforce_gamma_opt_seed1,0.004741668701171875,7.205149472611083e-07,0.9999999403953552,0.0011928098974749446
668,-302.31263891684,-296.9836337376719,120,-0.000946044921875,0.0005,1,reinforce_gamma_opt_seed1,-0.000946044921875,-4.7683716530855236e-08,1.0,0.0001026134195853956
669,-113.30139723227074,-288.5516316834393,103,-0.0031862258911132812,0.0005,1,reinforce_gamma_opt_seed1,-0.0031862258911132812,-2.199006274850035e-07,1.0,0.00029019260546192527
670,-180.41521188517595,-284.64716349135125,131,-0.00702357292175293,0.0005,1,reinforce_gamma_opt_seed1,-0.00702357292175293,-3.03028201642519e-07,1.0,0.0008856941713020205
671,-464.47927171730026,-280.803343362428,92,-0.0063323974609375,0.0005,1,reinforce_gamma_opt_seed1,-0.0063323974609375,-6.245530244086694e-07,0.9999999403953552,0.0006532615516334772
672,-456.0412335406064,-289.67080277057283,93,0.007467985153198242,0.0005,1,reinforce_gamma_opt_seed1,0.007467985153198242,6.556510925292969e-07,1.0,0.0018059909343719482
673,-561.7884722137178,-297.57685978630093,84,-0.00182342529296875,0.0005,1,reinforce_gamma_opt_seed1,-0.00182342529296875,-2.1535726091315155e-07,1.0,0.00019334728131070733
674,-477.6135289364809,-298.89307958815135,78,-0.0010089874267578125,0.0005,1,reinforce_gamma_opt_seed1,-0.0010089874267578125,-1.3754917915775877e-07,1.0,6.623214721912518e-05
675,-466.4808090524744,-299.11695935673777,93,-0.004222393035888672,0.0005,1,reinforce_gamma_opt_seed1,-0.004222393035888672,-3.909551935521449e-07,0.9999999403953552,0.00049449602374807
676,-445.0533863471977,-304.411481383627,80,-0.0019378662109375,0.0005,1,reinforce_gamma_opt_seed1,-0.0019378662109375,-2.5331974029541016e-07,1.0,0.0003652910818345845
677,-263.6207787176679,-307.5072142863304,79,0.0023491382598876953,0.0005,1,reinforce_gamma_opt_seed1,0.0023491382598876953,2.8670589813373226e-07,1.0,0.0008361188229173422
678,-480.7806217533194,-308.0285977652289,137,-0.002254009246826172,0.0005,1,reinforce_gamma_opt_seed1,-0.002254009246826172,-9.441027515322276e-08,1.0,0.00027293924358673394
679,-169.71814736172888,-304.07108066258945,132,0.0043487548828125,0.0005,1,reinforce_gamma_opt_seed1,0.0043487548828125,1.8152323377762514e-07,0.9999999403953552,0.00038183151627890766
680,-468.84785029194154,-310.6421792391134,111,-0.004580974578857422,0.0005,1,reinforce_gamma_opt_seed1,-0.004580974578857422,-3.0070810908000567e-07,1.0,0.0004364269261714071
681,-125.30528435071899,-306.3085645859601,93,-0.0018777847290039062,0.0005,1,reinforce_gamma_opt_seed1,-0.0018777847290039062,-1.6663663870986056e-07,1.0,0.000460239767562598
682,-127.44098396687775,-305.29849803266563,86,0.0005540847778320312,0.0005,1,reinforce_gamma_opt_seed1,0.0005540847778320312,4.505002237920053e-08,1.0,4.1819512262009084e-05
683,-192.83328780492735,-306.8179465419966,91,0.002030014991760254,0.0005,1,reinforce_gamma_opt_seed1,0.002030014991760254,1.8339891028062993e-07,0.9999999403953552,0.00023999306722544134
684,-636.03786346628,-317.2061510998354,140,-0.00344085693359375,0.0005,1,reinforce_gamma_opt_seed1,-0.00344085693359375,-1.4773436873838364e-07,1.0,0.0008840423543006182
685,-110.48748988819587,-310.5637467635396,85,0.0012247562408447266,0.0005,1,reinforce_gamma_opt_seed1,0.0012247562408447266,1.244685279289115e-07,1.0,0.00012363401765469462
686,-565.6555722636574,-319.6301663184842,89,-0.0016984939575195312,0.0005,1,reinforce_gamma_opt_seed1,-0.0016984939575195312,-1.928779482796017e-07,1.0,0.00043898579315282404
687,-306.40502969805664,-318.7810550055238,75,-0.006697177886962891,0.0005,1,reinforce_gamma_opt_seed1,-0.006697177886962891,-9.70363657870621e-07,1.0,0.001301171025261283
688,-146.46013381346842,-320.18654202011675,114,0.006377220153808594,0.0005,1,reinforce_gamma_opt_seed1,0.006377220153808594,3.544907940522535e-07,1.0,0.0002842795511242002
689,-293.322006465693,-319.339103509977,142,0.000308990478515625,0.0005,1,reinforce_gamma_opt_seed1,0.000308990478515625,1.2592530573840577e-08,1.0,2.7184456484974362e-05
690,-410.6630722427591,-323.26202950693244,73,-0.0027985572814941406,0.0005,1,reinforce_gamma_opt_seed1,-0.0027985572814941406,-4.2294803392906033e-07,1.0,0.0003988375246990472
691,-161.1652074237869,-315.63472224288216,109,-0.0014680027961730957,0.0005,1,reinforce_gamma_opt_seed1,-0.0014680027961730957,-8.530572870313335e-08,0.9999999403953552,5.728138785343617e-05
692,-99.4985449853924,-311.7006282152722,97,-0.0016453266143798828,0.0005,1,reinforce_gamma_opt_seed1,-0.0016453266143798828,-1.2781201519374008e-07,0.9999999403953552,0.00020756515732500702
693,-368.25547462384424,-308.36531897758647,85,0.00036525726318359375,0.0005,1,reinforce_gamma_opt_seed1,0.00036525726318359375,4.4177561164815415e-08,0.9999999403953552,7.801280298735946e-05
694,-69.59201224824261,-306.75149855473694,142,-0.001678466796875,0.0005,1,reinforce_gamma_opt_seed1,-0.001678466796875,-6.044414391226383e-08,1.0,0.0001807323715183884
695,-419.4364278700067,-302.8442428587234,81,0.0011763572692871094,0.0005,1,reinforce_gamma_opt_seed1,0.0011763572692871094,1.3907749973895989e-07,1.0,0.00018699509382713586
696,-201.3582551601298,-293.3401305845741,71,-0.00824117660522461,0.0005,1,reinforce_gamma_opt_seed1,-0.00824117660522461,-1.1820188774436247e-06,1.0,0.0013111974112689495
697,-307.182560870512,-296.4949750960044,107,0.002872467041015625,0.0005,1,reinforce_gamma_opt_seed1,0.002872467041015625,1.9441141319020971e-07,1.0,0.0004302800225559622
698,-359.402611882366,-300.7371829249067,71,0.0007026195526123047,0.0005,1,reinforce_gamma_opt_seed1,0.0007026195526123047,8.73082086627619e-08,1.0,0.00021074415417388082
699,-185.785494324479,-300.29120981238424,90,-0.002422332763671875,0.0005,1,reinforce_gamma_opt_seed1,-0.002422332763671875,-2.218617396465561e-07,1.0,0.0003295349015388638
700,-427.3632628806095,-299.31052649352443,112,-0.0072784423828125,0.0005,1,reinforce_gamma_opt_seed1,-0.0072784423828125,-4.3426240381450043e-07,1.0,0.0008592312806285918
701,-456.0722136798698,-299.0755564688536,78,-0.005191802978515625,0.0005,1,reinforce_gamma_opt_seed1,-0.005191802978515625,-6.694060061818163e-07,1.0,0.000571494281757623
702,-281.6174936449071,-302.9851427515381,72,-0.003814697265625,0.0005,1,reinforce_gamma_opt_seed1,-0.003814697265625,-5.761782517765823e-07,1.0,0.0006484423647634685
703,-181.81644875685936,-300.7035992003611,100,-0.0010223388671875,0.0005,1,reinforce_gamma_opt_seed1,-0.0010223388671875,-7.927418010922338e-08,1.0,5.807702473248355e-05
704,-444.36265377740096,-307.192721238891,93,-0.001560211181640625,0.0005,1,reinforce_gamma_opt_seed1,-0.001560211181640625,-1.3907749973895989e-07,1.0,0.00018615071894600987
705,-656.9790369450159,-310.4122324292589,97,-0.00012564659118652344,0.0005,1,reinforce_gamma_opt_seed1,-0.00012564659118652344,-6.1448086619009246e-09,1.0,1.4340717825689353e-05
706,-530.6209851418778,-317.6848712321475,93,0.004183769226074219,0.0005,1,reinforce_gamma_opt_seed1,0.004183769226074219,3.903142840044893e-07,1.0,0.0007795280544087291
707,-90.29875411956986,-319.73387223829735,70,0.00067901611328125,0.0005,1,reinforce_gamma_opt_seed1,0.00067901611328125,1.1324882365215672e-07,1.0,7.761206506984308e-05
708,-242.39014998552148,-318.21252742016105,105,-0.003291606903076172,0.0005,1,reinforce_gamma_opt_seed1,-0.003291606903076172,-2.1571204911197128e-07,1.0,0.0002475857618264854
709,-325.31233352090305,-322.1888299462437,95,-0.009557723999023438,0.0005,1,reinforce_gamma_opt_seed1,-0.009557723999023438,-8.093683163679088e-07,0.9999999403953552,0.0018961250316351652
710,-128.5382871980444,-316.27362361510876,113,0.0033042430877685547,0.0005,1,reinforce_gamma_opt_seed1,0.0033042430877685547,1.830337339470134e-07,1.0,0.0006511504761874676
711,-480.14175592122257,-317.46059305197343,96,-0.0024566650390625,0.0005,1,reinforce_gamma_opt_seed1,-0.0024566650390625,-2.2227565921184578e-07,1.0,0.0007406967924907804
712,-146.30519250323522,-311.1165200646568,124,-0.00040435791015625,0.0005,1,reinforce_gamma_opt_seed1,-0.00040435791015625,-2.2592082871142338e-08,1.0,6.831020436948165e-05
713,-159.52915146848835,-313.19324806062997,103,0.0008563995361328125,0.0005,1,reinforce_gamma_opt_seed1,0.0008563995361328125,6.134069963081856e-08,1.0,7.627748709637672e-05
714,-124.19520770890819,-308.2876536052889,89,-0.002602696418762207,0.0005,1,reinforce_gamma_opt_seed1,-0.002602696418762207,-2.384185791015625e-07,1.0,0.00034536689054220915
715,-178.6266861911716,-303.8362554833335,134,0.0019215941429138184,0.0005,1,reinforce_gamma_opt_seed1,0.0019215941429138184,8.273480744946937e-08,1.0,0.000127985083963722
716,-499.8107955620213,-311.7211651717903,109,0.0040378570556640625,0.0005,1,reinforce_gamma_opt_seed1,0.0040378570556640625,2.570108676991367e-07,1.0,0.0005399067886173725
717,-96.1279699141299,-307.73698080471746,72,-0.00042724609375,0.0005,1,reinforce_gamma_opt_seed1,-0.00042724609375,-6.622738624173508e-08,1.0,4.60567680420354e-05
718,-221.86155727900984,-306.1279591719608,114,0.0011730194091796875,0.0005,1,reinforce_gamma_opt_seed1,0.0011730194091796875,6.666309104730317e-08,1.0,0.0001699213607935235
719,-440.43537754258574,-312.67063877816713,101,-0.0005605220794677734,0.0005,1,reinforce_gamma_opt_seed1,-0.0005605220794677734,-3.304812068449792e-08,1.0,3.895433110301383e-05
720,-383.5442678639383,-316.7332198977424,87,0.0014581680297851562,0.0005,1,reinforce_gamma_opt_seed1,0.0014581680297851562,1.5757549931549875e-07,1.0,0.00015804519352968782
721,-235.94657720599216,-312.1625660075162,64,0.00061798095703125,0.0005,1,reinforce_gamma_opt_seed1,0.00061798095703125,1.1734664440155029e-07,0.9999999403953552,6.758847302990034e-05
722,-4.5598916949655575,-303.13293917060344,87,0.00010776519775390625,0.0005,1,reinforce_gamma_opt_seed1,0.00010776519775390625,-2.740443427740047e-09,1.0,1.9919034457416274e-06
723,-213.54282065349656,-296.168026139399,62,-0.0006227493286132812,0.0005,1,reinforce_gamma_opt_seed1,-0.0006227493286132812,-1.1920928955078125e-07,1.0,0.00016604154370725155
724,-83.88368196875479,-288.29342920004444,75,0.0013172626495361328,0.0005,1,reinforce_gamma_opt_seed1,0.0013172626495361328,1.708666417243876e-07,1.0,9.530729585094377e-05
725,-571.3141438126397,-290.3900958952478,109,0.004384040832519531,0.0005,1,reinforce_gamma_opt_seed1,0.004384040832519531,2.838056047949067e-07,1.0,0.0008154340903274715
726,-90.41996669022672,-283.29742750210835,73,-0.00043129920959472656,0.0005,1,reinforce_gamma_opt_seed1,-0.00043129920959472656,-6.042114364390727e-08,0.9999999403953552,8.236157736973837e-05
727,-620.71196269284,-290.4392511816118,103,-0.006871223449707031,0.0005,1,reinforce_gamma_opt_seed1,-0.006871223449707031,-5.069288135928218e-07,1.0,0.0010017015738412738
728,-22.528747544064927,-281.2742136974267,98,1.52587890625e-05,0.0005,1,reinforce_gamma_opt_seed1,1.52587890625e-05,-2.432842594046747e-09,0.9999999403953552,4.1758225961530115e-06
729,-265.02594160447154,-283.18036958228157,118,0.0027494430541992188,0.0005,1,reinforce_gamma_opt_seed1,0.0027494430541992188,1.4598086295336543e-07,1.0,0.00020130090706516057
730,-190.50422577507175,-277.61349709194417,85,0.0011173486709594727,0.0005,1,reinforce_gamma_opt_seed1,0.0011173486709594727,1.128982063391959e-07,1.0,0.00015220159548334777
731,-112.30840308764218,-277.3535594666826,65,-0.0016900300979614258,0.0005,1,reinforce_gamma_opt_seed1,-0.0016900300979614258,-2.8793627393497445e-07,1.0,0.00024553804541938007
732,-638.6282254024247,-287.57730429539356,110,-0.000110626220703125,0.0005,1,reinforce_gamma_opt_seed1,-0.000110626220703125,-2.709302115988521e-09,1.0,7.644894139957614e-06
733,-358.8392579072691,-290.8974236974404,95,0.006615161895751953,0.0005,1,reinforce_gamma_opt_seed1,0.006615161895751953,5.4836272056491e-07,1.0,0.00046836803085170686
734,-607.2659221289935,-290.3219848706947,100,-0.00128936767578125,0.0005,1,reinforce_gamma_opt_seed1,-0.00128936767578125,-9.417534130307104e-08,1.0,0.00034012188552878797
735,-362.26172060794596,-295.35746948508967,145,-0.001943826675415039,0.0005,1,reinforce_gamma_opt_seed1,-0.001943826675415039,-7.193663975613163e-08,0.9999999403953552,0.00037353968946263194
736,-238.2884047936106,-288.81012613568873,94,0.00014495849609375,0.0005,1,reinforce_gamma_opt_seed1,0.00014495849609375,7.609103569450326e-09,1.0,8.495126166963018e-06
737,-130.78842815394296,-285.2977941048064,128,-0.0015869140625,0.0005,1,reinforce_gamma_opt_seed1,-0.0015869140625,-6.705522537231445e-08,1.0,0.0001388444798067212
738,-466.38629591670224,-291.6963173468711,116,0.002399444580078125,0.0005,1,reinforce_gamma_opt_seed1,0.002399444580078125,1.3873494708604994e-07,1.0,0.00043064108467660844
739,-424.484974225081,-294.3195767020589,72,0.0012054443359375,0.0005,1,reinforce_gamma_opt_seed1,0.0012054443359375,1.738468853318409e-07,1.0,0.00019945850363001227
740,-634.8492002836882,-298.8032992628775,128,-0.0029144287109375,0.0005,1,reinforce_gamma_opt_seed1,-0.0029144287109375,-1.4435499906539917e-07,1.0,0.0006290845340117812
741,-486.17571980411805,-305.3035095104841,79,-0.0009307861328125,0.0005,1,reinforce_gamma_opt_seed1,-0.0009307861328125,-1.1996377224932075e-07,0.9999999403953552,0.0002945656597148627
742,-627.0496265365771,-315.8545311415078,103,-0.0005502700805664062,0.0005,1,reinforce_gamma_opt_seed1,-0.0005502700805664062,-3.8193267215547166e-08,1.0,0.00011420736700529233
743,-156.51692369455301,-311.619760122922,77,0.003966569900512695,0.0005,1,reinforce_gamma_opt_seed1,0.003966569900512695,4.87674356008938e-07,1.0,0.0004138348449487239
744,-454.3756196761088,-319.31543227147927,123,-0.003067493438720703,0.0005,1,reinforce_gamma_opt_seed1,-0.003067493438720703,-1.560381690524082e-07,1.0,0.0006050762603990734
745,-218.32861835400564,-315.29327608115926,82,-0.00615382194519043,0.0005,1,reinforce_gamma_opt_seed1,-0.00615382194519043,-7.116212827895652e-07,0.9999999403953552,0.0009451162186451256
746,-77.10687520276424,-312.80824848201195,68,0.00226593017578125,0.0005,1,reinforce_gamma_opt_seed1,0.00226593017578125,3.5762786865234375e-07,0.9999999403953552,0.0002068173052975908
747,-130.74728699047685,-309.27954300441127,74,-0.0031976699829101562,0.0005,1,reinforce_gamma_opt_seed1,-0.0031976699829101562,-4.317309389989532e-07,1.0,0.0006506802747026086
748,-375.86153465772236,-309.6087214599184,69,-0.00046825408935546875,0.0005,1,reinforce_gamma_opt_seed1,-0.00046825408935546875,-8.811121432472646e-08,0.9999999403953552,7.653344073332846e-05
749,-145.4940413441172,-308.8028924003111,82,0.007961273193359375,0.0005,1,reinforce_gamma_opt_seed1,0.007961273193359375,8.277413598989369e-07,0.9999999403953552,0.0018498067511245608
750,-112.45083956856531,-302.50464393407026,82,-0.0015506744384765625,0.0005,1,reinforce_gamma_opt_seed1,-0.0015506744384765625,-1.6136867486693518e-07,0.9999999403953552,0.00020086931181140244
751,-301.60505662121267,-299.4153007928971,71,-0.0009785890579223633,0.0005,1,reinforce_gamma_opt_seed1,-0.0009785890579223633,-1.6118438850298844e-07,1.0,0.0001348910154774785
752,-109.22208271267705,-295.96739257425253,57,-0.003097057342529297,0.0005,1,reinforce_gamma_opt_seed1,-0.003097057342529297,-6.73427905439894e-07,1.0,0.0008882781257852912
753,-527.3372100062663,-302.87780779924066,90,0.006679534912109375,0.0005,1,reinforce_gamma_opt_seed1,0.006679534912109375,6.510151706606848e-07,1.0,0.0012633833102881908
754,-581.5734321666023,-305.6220233670247,77,0.0013654232025146484,0.0005,1,reinforce_gamma_opt_seed1,0.0013654232025146484,2.1519599613384344e-07,1.0,0.0006887969793751836
755,-88.85860021629698,-294.25961463245034,88,0.00262451171875,0.0005,1,reinforce_gamma_opt_seed1,0.00262451171875,2.6551160203780455e-07,1.0,0.000500938855111599
756,-321.1407540188683,-290.0700100099901,95,0.00030493736267089844,0.0005,1,reinforce_gamma_opt_seed1,0.00030493736267089844,1.2548346361995755e-08,1.0,3.377174289198592e-05
757,-91.33920157138482,-290.0908189590264,71,-0.0027403831481933594,0.0005,1,reinforce_gamma_opt_seed1,-0.0027403831481933594,-3.9792396933080454e-07,0.9999999403953552,0.0002551663783378899
758,-47.33458297692214,-286.18970761885447,83,0.0001232624053955078,0.0005,1,reinforce_gamma_opt_seed1,0.0001232624053955078,2.0825719815320554e-08,1.0,2.7467947802506387e-05
759,-80.6063162442769,-281.2955872733219,74,0.0012302398681640625,0.0005,1,reinforce_gamma_opt_seed1,0.0012302398681640625,1.6592643703461363e-07,1.0,0.00027079539722763
760,-102.76471284823334,-280.7801157863257,98,0.0002117156982421875,0.0005,1,reinforce_gamma_opt_seed1,0.0002117156982421875,9.731370376186987e-09,1.0,1.2767178304784466e-05
761,-215.48866991934676,-275.4870540662882,106,-0.0004596710205078125,0.0005,1,reinforce_gamma_opt_seed1,-0.0004596710205078125,-1.518231584896057e-08,1.0,3.420692519284785e-05
762,-252.4912428289679,-277.6107750728028,78,0.003841400146484375,0.0005,1,reinforce_gamma_opt_seed1,0.003841400146484375,4.814221483684378e-07,1.0,0.0005335592431947589
763,-244.95056444603935,-279.3192033323538,66,0.0029315948486328125,0.0005,1,reinforce_gamma_opt_seed1,0.0029315948486328125,5.039301527176576e-07,1.0,0.0007377951988019049
764,-240.64771113650835,-281.64825340090584,87,-0.011408090591430664,0.0005,1,reinforce_gamma_opt_seed1,-0.011408090591430664,-1.0920666682068259e-06,1.0,0.0008119004778563976
765,-94.95040341391903,-279.9747277453608,82,-0.001003265380859375,0.0005,1,reinforce_gamma_opt_seed1,-0.001003265380859375,-1.0103714487286197e-07,0.9999999403953552,0.00014567485777661204
766,-327.63730309385517,-276.5312578959975,96,-0.0072784423828125,0.0005,1,reinforce_gamma_opt_seed1,-0.0072784423828125,-5.948047032688919e-07,1.0,0.00043745015864260495
767,-398.8602646624688,-282.58590379096427,78,-0.0011997222900390625,0.0005,1,reinforce_gamma_opt_seed1,-0.0011997222900390625,-1.520682673117335e-07,1.0,0.00029389822157099843
768,-428.0280557528451,-286.70923376044095,102,-0.0034122467041015625,0.0005,1,reinforce_gamma_opt_seed1,-0.0034122467041015625,-2.454308969390695e-07,1.0,0.0005506094312295318
769,-292.7336291632324,-283.7551987928539,122,0.0029087066650390625,0.0005,1,reinforce_gamma_opt_seed1,0.0029087066650390625,1.4754591859400534e-07,1.0,0.0003902373427990824
770,-437.23120771395776,-284.82893758985426,74,-0.0013580322265625,0.0005,1,reinforce_gamma_opt_seed1,-0.0013580322265625,-1.9411783114264836e-07,1.0,0.00022139296925161034
771,-191.54491445393853,-283.9409043348132,112,0.013362884521484375,0.0005,1,reinforce_gamma_opt_seed1,0.013362884521484375,7.777874202474777e-07,0.9999999403953552,0.0008294261060655117
772,-463.57081848992584,-293.12112287071244,77,-0.0005941390991210938,0.0005,1,reinforce_gamma_opt_seed1,-0.0005941390991210938,-8.43754079937753e-08,1.0,8.269102545455098e-05
773,-516.4986020133568,-299.1802384979096,85,0.0023238658905029297,0.0005,1,reinforce_gamma_opt_seed1,0.0023238658905029297,2.636629119479039e-07,1.0,0.0006014005630277097
774,-150.77017251984137,-300.51796830893136,91,0.00020456314086914062,0.0005,1,reinforce_gamma_opt_seed1,0.00020456314086914062,2.0304879555510524e-08,0.9999999403953552,2.3201602743938565e-05
775,-119.08316835012681,-291.4733487996811,78,-0.000400543212890625,0.0005,1,reinforce_gamma_opt_seed1,-0.000400543212890625,-3.3623134498839136e-08,1.0,5.3644416766474023e-05
776,-357.8030225370138,-296.82100991661684,109,-0.0008440017700195312,0.0005,1,reinforce_gamma_opt_seed1,-0.0008440017700195312,-4.8121179929694335e-08,0.9999999403953552,9.941326425177976e-05
777,-167.55600322312654,-287.75789072722256,115,-0.012347698211669922,0.0005,1,reinforce_gamma_opt_seed1,-0.012347698211669922,-6.789746294089127e-07,1.0,0.0007479722262360156
778,-173.416798986985,-290.77565175608095,110,0.003376007080078125,0.0005,1,reinforce_gamma_opt_seed1,0.003376007080078125,1.9940462436807138e-07,0.9999999403953552,0.0005393361789174378
779,-241.9586488229595,-290.31430590045073,84,-0.00054931640625,0.0005,1,reinforce_gamma_opt_seed1,-0.00054931640625,-5.534716862598543e-08,1.0,7.371667743427679e-05
780,-556.5286962459218,-297.63479530986774,117,0.0066318511962890625,0.0005,1,reinforce_gamma_opt_seed1,0.0066318511962890625,3.7800552377120766e-07,1.0,0.0008777990587987006
781,-554.2417005587031,-306.47346125928897,124,0.0086822509765625,0.0005,1,reinforce_gamma_opt_seed1,0.0086822509765625,4.354984639576287e-07,1.0,0.0019628582522273064
782,-605.3778197982293,-305.80845314720506,121,-0.0011067390441894531,0.0005,1,reinforce_gamma_opt_seed1,-0.0011067390441894531,-5.7141644305147565e-08,1.0,8.9898647274822e-05
783,-610.2939817385223,-310.8375476238301,120,0.0055389404296875,0.0005,1,reinforce_gamma_opt_seed1,0.0055389404296875,2.9007594548602356e-07,1.0,0.0010282933944836259
784,-391.76375219731966,-306.52750422519665,76,-0.0026092529296875,0.0005,1,reinforce_gamma_opt_seed1,-0.0026092529296875,-3.537064969805215e-07,1.0,0.00040362749132327735
785,-283.68056996683185,-304.9558812123743,94,-0.003170013427734375,0.0005,1,reinforce_gamma_opt_seed1,-0.003170013427734375,-2.7392772494749806e-07,1.0,0.0002843132533598691
786,-341.82633906405306,-307.0266398977832,94,0.004799842834472656,0.0005,1,reinforce_gamma_opt_seed1,0.004799842834472656,4.070870431860385e-07,1.0,0.0005832213792018592
787,-512.4917748159046,-314.6607068310224,134,-0.0005245208740234375,0.0005,1,reinforce_gamma_opt_seed1,-0.0005245208740234375,-2.57990251384399e-08,1.0,6.521515024360269e-05
788,-108.59024443201486,-307.5047858013287,93,-0.00684666633605957,0.0005,1,reinforce_gamma_opt_seed1,-0.00684666633605957,-5.748964326812711e-07,1.0,0.001021536416374147
789,-233.14355337260852,-303.67795738427924,70,0.0006771087646484375,0.0005,1,reinforce_gamma_opt_seed1,0.0006771087646484375,1.038823782550935e-07,1.0,6.941881292732432e-05
790,-131.52746753659366,-293.61152272933737,86,-0.003478527069091797,0.0005,1,reinforce_gamma_opt_seed1,-0.003478527069091797,-3.4861787412410195e-07,0.9999999403953552,0.0003334778593853116
791,-106.2529751573341,-286.01306783640166,126,0.0042724609375,0.0005,1,reinforce_gamma_opt_seed1,0.0042724609375,1.9915519544611016e-07,0.9999999403953552,0.00043464431655593216
792,-84.65518358776482,-275.1651789774254,73,-0.00020301342010498047,0.0005,1,reinforce_gamma_opt_seed1,-0.00020301342010498047,-2.776106811097634e-08,1.0,3.2581458071945235e-05
793,-330.5200971922842,-278.64524244738004,118,-0.005418300628662109,0.0005,1,reinforce_gamma_opt_seed1,-0.005418300628662109,-2.960027245535457e-07,1.0,0.0006343343993648887
794,-119.56210450771692,-271.9489721440122,62,-0.003536224365234375,0.0005,1,reinforce_gamma_opt_seed1,-0.003536224365234375,-6.86414807660185e-07,1.0,0.0005629104562103748
795,-577.0736179351778,-279.1238721356356,93,-0.00021767616271972656,0.0005,1,reinforce_gamma_opt_seed1,-0.00021767616271972656,-1.4100023371099724e-08,1.0,2.901562947954517e-05
796,-72.1433685545592,-279.02460200267154,61,-0.0007817745208740234,0.0005,1,reinforce_gamma_opt_seed1,-0.0007817745208740234,-1.5927142271721095e-07,0.9999999403953552,0.00013103036326356232
797,-500.40425658733864,-286.4177413946088,137,-0.0058743953704833984,0.0005,1,reinforce_gamma_opt_seed1,-0.0058743953704833984,-2.4276928911604045e-07,1.0,0.0008527108002454042
798,-179.44603950891195,-282.48943149163256,106,0.014364242553710938,0.0005,1,reinforce_gamma_opt_seed1,0.014364242553710938,9.559234968037345e-07,1.0,0.0020276899449527264
799,-180.59640472595225,-283.1914787592693,110,0.002543926239013672,0.0005,1,reinforce_gamma_opt_seed1,0.002543926239013672,1.4792789215789526e-07,1.0,0.00030272980802692473
800,-134.39041236851938,-283.63027021526835,72,-0.008941650390625,0.0005,1,reinforce_gamma_opt_seed1,-0.008941650390625,-1.245074827238568e-06,1.0,0.0009355669608339667
