episode,total_reward,moving_avg_reward,episode_length,loss,learning_rate,seed,exp_name,policy_loss,value_loss,entropy,adv_mean,grad_norm
3,-163.4757537841797,-271.33360290527344,86,858.0672607421875,0.0003,1,a2c_lr_opt_seed1,-23.126008987426758,1762.389404296875,1.3848929405212402,-16.687557220458984,46.29287338256836
8,-121.76776123046875,-182.03458404541016,128,539.2003784179688,0.0003,1,a2c_lr_opt_seed1,-32.09324264526367,1142.590087890625,1.3849244117736816,-23.268037796020508,46.916324615478516
8,-121.76776123046875,-182.03458404541016,128,135.31358337402344,0.0003,1,a2c_lr_opt_seed1,-14.689844131469727,300.0096435546875,1.3851072788238525,-10.588858604431152,23.596569061279297
10,-168.37826538085938,-192.27215270996095,85,642.787109375,0.0003,1,a2c_lr_opt_seed1,-11.339483261108398,1308.2559814453125,1.384830117225647,-8.152608871459961,19.183013916015625
15,-273.75201416015625,-195.07561848958332,82,883.712890625,0.0003,1,a2c_lr_opt_seed1,-31.06112289428711,1829.55078125,1.3847439289093018,-22.49683380126953,48.16520309448242
17,-126.41178894042969,-184.25236600988052,77,311.50494384765625,0.0003,1,a2c_lr_opt_seed1,-23.96622085571289,670.945068359375,1.3848276138305664,-17.361955642700195,34.57158279418945
18,-199.40420532226562,-185.09413486056857,113,307.52105712890625,0.0003,1,a2c_lr_opt_seed1,-13.676003456115723,642.3968505859375,1.3849244117736816,-9.754323959350586,25.90394401550293
23,-64.12939453125,-187.37222820779553,107,710.1409301757812,0.0003,1,a2c_lr_opt_seed1,-28.55620574951172,1477.3970947265625,1.3847582340240479,-20.57445526123047,56.6339225769043
24,-185.40399169921875,-187.29021835327148,95,56.56224822998047,0.0003,1,a2c_lr_opt_seed1,-6.707749366760254,126.54276275634766,1.385036826133728,-4.84282922744751,11.711573600769043
28,-94.96089935302734,-178.57324436732702,82,776.6197509765625,0.0003,1,a2c_lr_opt_seed1,-29.94881248474121,1613.139892578125,1.3844257593154907,-21.576507568359375,52.194095611572266
31,-120.0431900024414,-178.0969021704889,97,282.0455017089844,0.0003,1,a2c_lr_opt_seed1,-16.35464096069336,596.8030395507812,1.384788155555725,-11.759944915771484,26.4047908782959
32,-113.65971374511719,-176.08324003219604,117,152.46731567382812,0.0003,1,a2c_lr_opt_seed1,-13.209583282470703,331.3565673828125,1.3848644495010376,-9.52906608581543,22.384624481201172
38,-199.8549041748047,-173.22469550684878,96,1022.320068359375,0.0003,1,a2c_lr_opt_seed1,-46.993106842041016,2138.629150390625,1.3842334747314453,-34.0515251159668,85.19850158691406
39,-254.6129913330078,-175.3115748870067,94,123.8851089477539,0.0003,1,a2c_lr_opt_seed1,-11.575825691223145,270.9246520996094,1.3848015069961548,-8.249773979187012,20.63800811767578
40,-91.14094543457031,-173.2073091506958,74,203.6610565185547,0.0003,1,a2c_lr_opt_seed1,-20.80810546875,448.94110107421875,1.384423851966858,-14.944238662719727,35.901123046875
44,-335.6595153808594,-182.02614385431463,105,1600.6859130859375,0.0003,1,a2c_lr_opt_seed1,-47.00296401977539,3295.38037109375,1.383705496788025,-33.840267181396484,101.76351928710938
46,-280.44622802734375,-183.10323897652003,111,332.3994140625,0.0003,1,a2c_lr_opt_seed1,-19.498950958251953,703.7994995117188,1.38429856300354,-14.011468887329102,42.736778259277344
47,-317.75628662109375,-185.96819743704287,128,351.4006042480469,0.0003,1,a2c_lr_opt_seed1,7.410461902618408,687.9830322265625,1.38430917263031,5.24219274520874,16.411962509155273
53,-132.74078369140625,-169.06392486572267,103,618.3176879882812,0.0003,1,a2c_lr_opt_seed1,-29.54770851135254,1295.733642578125,1.3837987184524536,-21.66568374633789,59.38163757324219
55,-96.13372039794922,-170.94957901000976,91,197.8175506591797,0.0003,1,a2c_lr_opt_seed1,-13.18222427368164,422.0023193359375,1.384307622909546,-9.564407348632812,26.252174377441406
57,-53.75532531738281,-165.7585368347168,67,154.0189208984375,0.0003,1,a2c_lr_opt_seed1,-9.492612838745117,327.0258483886719,1.384415864944458,-6.837259292602539,18.61465835571289
60,-11.284721374511719,-157.78581031799317,111,481.71124267578125,0.0003,1,a2c_lr_opt_seed1,-11.84060287475586,987.1064453125,1.3840596675872803,-8.379281997680664,22.404943466186523
63,-428.29791259765625,-160.18674110412599,79,1527.3018798828125,0.0003,1,a2c_lr_opt_seed1,-44.92431640625,3144.455078125,1.383171558380127,-32.57080841064453,117.95979309082031
65,-100.54767608642578,-159.55995552062987,128,241.19296264648438,0.0003,1,a2c_lr_opt_seed1,-21.13746452331543,524.6636352539062,1.3841512203216553,-15.217449188232422,43.33743667602539
66,-329.0030517578125,-164.54513343811035,83,490.2601013183594,0.0003,1,a2c_lr_opt_seed1,-18.419816970825195,1017.3626098632812,1.3834048509597778,-13.467266082763672,48.7374267578125
71,-321.3489074707031,-175.22627708435058,87,1663.2054443359375,0.0003,1,a2c_lr_opt_seed1,-49.840171813964844,3426.093994140625,1.382102131843567,-35.637351989746094,136.94749450683594
73,-57.47243118286133,-170.01469482421874,71,151.11732482910156,0.0003,1,a2c_lr_opt_seed1,-10.697708129882812,323.6328430175781,1.3841588497161865,-7.7109246253967285,24.065458297729492
76,-409.4884033203125,-172.30747314453126,151,1458.75732421875,0.0003,1,a2c_lr_opt_seed1,-37.97282409667969,2993.462890625,1.3829658031463623,-27.421588897705078,110.17095947265625
80,-81.18959045410156,-164.54907287597655,94,562.3189697265625,0.0003,1,a2c_lr_opt_seed1,-22.183218002319336,1169.0072021484375,1.3833858966827393,-15.84963607788086,52.60157012939453
81,-253.51290893554688,-167.21846725463868,81,130.43804931640625,0.0003,1,a2c_lr_opt_seed1,-11.421642303466797,283.72216796875,1.383247971534729,-8.233826637268066,28.486894607543945
82,-198.25921630859375,-168.9104573059082,85,501.1093444824219,0.0003,1,a2c_lr_opt_seed1,-20.362781524658203,1042.947021484375,1.3831778764724731,-14.706652641296387,58.65665817260742
86,-198.459228515625,-172.4294563293457,105,519.0216674804688,0.0003,1,a2c_lr_opt_seed1,-26.78176498413086,1091.609619140625,1.3827019929885864,-19.408039093017578,75.94154357910156
90,-51.0616455078125,-170.83580368041993,158,793.435546875,0.0003,1,a2c_lr_opt_seed1,-28.15201187133789,1643.177978515625,1.3830392360687256,-20.241304397583008,77.92623901367188
90,-51.0616455078125,-170.83580368041993,158,200.2611083984375,0.0003,1,a2c_lr_opt_seed1,-21.932453155517578,444.389892578125,1.383824348449707,-15.663309097290039,54.25526428222656
92,-104.75694274902344,-165.96595153808593,89,988.1945190429688,0.0003,1,a2c_lr_opt_seed1,-20.622392654418945,2017.6365966796875,1.3823137283325195,-15.093133926391602,66.07543182373047
94,-300.72283935546875,-164.15445587158203,117,636.7574462890625,0.0003,1,a2c_lr_opt_seed1,-32.679691314697266,1338.8770751953125,1.3811631202697754,-23.739057540893555,128.70729064941406
97,-534.03076171875,-175.00238983154296,111,130.50042724609375,0.0003,1,a2c_lr_opt_seed1,-11.616842269897461,284.2373046875,1.3827601671218872,-8.47026252746582,37.59742736816406
101,-76.73462677001953,-177.84119522094727,56,370.7190246582031,0.0003,1,a2c_lr_opt_seed1,-14.678641319274902,770.798095703125,1.3829801082611084,-10.66879940032959,50.654762268066406
103,-82.27876281738281,-177.64208084106446,112,320.433837890625,0.0003,1,a2c_lr_opt_seed1,-19.067312240600586,679.0050659179688,1.383129596710205,-13.879449844360352,56.92144775390625
106,-71.34846496582031,-178.75253509521485,68,292.31591796875,0.0003,1,a2c_lr_opt_seed1,-24.12542152404785,632.8854370117188,1.3826239109039307,-17.379554748535156,72.83991241455078
107,-214.7872314453125,-181.97317321777345,107,251.08892822265625,0.0003,1,a2c_lr_opt_seed1,-20.090408325195312,542.3614501953125,1.3831284046173096,-14.351757049560547,61.25783920288086
108,-424.308837890625,-189.28001762390136,136,652.441650390625,0.0003,1,a2c_lr_opt_seed1,-13.694231033325195,1332.2745361328125,1.381582498550415,-9.61499309539795,67.36419677734375
113,-108.1869888305664,-182.69165519714355,90,590.337158203125,0.0003,1,a2c_lr_opt_seed1,-31.164731979370117,1243.006591796875,1.3814336061477661,-22.47069549560547,109.81916809082031
114,-234.31654357910156,-185.3492261505127,73,130.3123016357422,0.0003,1,a2c_lr_opt_seed1,-8.743576049804688,278.1145324707031,1.382654070854187,-6.154794692993164,33.98504638671875
117,-285.28955078125,-178.97222190856934,82,574.7083129882812,0.0003,1,a2c_lr_opt_seed1,-29.847427368164062,1209.1142578125,1.3823002576828003,-21.592050552368164,116.82164001464844
119,-243.76214599609375,-177.0582738494873,99,373.3722229003906,0.0003,1,a2c_lr_opt_seed1,-17.196487426757812,781.1401977539062,1.3819249868392944,-12.392810821533203,71.51982879638672
123,-123.39183807373047,-170.62208892822267,69,270.16705322265625,0.0003,1,a2c_lr_opt_seed1,-17.538799285888672,575.4144287109375,1.3818519115447998,-12.799661636352539,67.69891357421875
125,-73.47258758544922,-172.33241912841797,68,245.66006469726562,0.0003,1,a2c_lr_opt_seed1,-20.352893829345703,532.0286865234375,1.3819814920425415,-14.782155990600586,77.51940155029297
127,22.324668884277344,-166.21140838623046,85,901.1065063476562,0.0003,1,a2c_lr_opt_seed1,-28.961406707763672,1860.138671875,1.3808848857879639,-20.588909149169922,114.47498321533203
130,-114.2456283569336,-179.49252471923828,88,525.7616577148438,0.0003,1,a2c_lr_opt_seed1,-20.331932067871094,1092.18994140625,1.3813896179199219,-15.395761489868164,104.64897918701172
133,-130.92822265625,-170.9152653503418,84,311.8967590332031,0.0003,1,a2c_lr_opt_seed1,-17.27955436706543,658.3553466796875,1.3820631504058838,-12.298079490661621,69.63975524902344
135,-121.88584899902344,-171.20940460205077,78,413.9286804199219,0.0003,1,a2c_lr_opt_seed1,-14.888134002685547,857.6363525390625,1.3819373846054077,-10.896942138671875,56.88176345825195
136,-17.17182159423828,-167.58365646362304,110,194.8696746826172,0.0003,1,a2c_lr_opt_seed1,-11.148161888122559,412.0384521484375,1.382564902305603,-8.0663480758667,44.81990432739258
141,-129.54165649414062,-170.16391021728515,69,757.5167846679688,0.0003,1,a2c_lr_opt_seed1,-36.54990005493164,1588.13623046875,1.3799511194229126,-26.760873794555664,171.3813934326172
142,-221.69403076171875,-172.50265197753907,114,158.43832397460938,0.0003,1,a2c_lr_opt_seed1,-12.887102127075195,342.65362548828125,1.3820443153381348,-9.24268913269043,57.47223663330078
144,-135.15289306640625,-169.29373565673828,57,358.9364929199219,0.0003,1,a2c_lr_opt_seed1,-25.021469116210938,767.9186401367188,1.3822394609451294,-17.960805892944336,108.48796844482422
145,-222.00332641601562,-164.67315521240235,95,180.76698303222656,0.0003,1,a2c_lr_opt_seed1,-16.92388343811035,395.384521484375,1.3818678855895996,-12.427549362182617,87.5075912475586
149,-122.44111633300781,-162.4619578552246,70,1067.165283203125,0.0003,1,a2c_lr_opt_seed1,-36.95414733886719,2208.241455078125,1.380117416381836,-26.941394805908203,210.57566833496094
151,-432.3290100097656,-170.82223770141601,90,318.8558349609375,0.0003,1,a2c_lr_opt_seed1,-17.23507308959961,672.1845703125,1.3813557624816895,-12.45315933227539,90.37153625488281
153,-233.8736572265625,-173.95661849975585,101,536.2620239257812,0.0003,1,a2c_lr_opt_seed1,-20.148834228515625,1112.8245849609375,1.3816279172897339,-14.576390266418457,112.90509796142578
156,-95.31922149658203,-178.60889404296876,100,440.1738586425781,0.0003,1,a2c_lr_opt_seed1,-17.47292137145996,915.2963256835938,1.3814424276351929,-12.449302673339844,100.34297180175781
157,-229.49087524414062,-178.9029669189453,103,185.6554412841797,0.0003,1,a2c_lr_opt_seed1,-6.9986467361450195,385.3109436035156,1.3818696737289429,-5.14816427230835,49.966156005859375
161,-69.4114990234375,-170.46080291748046,76,462.8492736816406,0.0003,1,a2c_lr_opt_seed1,-20.051395416259766,965.8040771484375,1.3818531036376953,-14.306718826293945,103.94112396240234
165,-111.56723022460938,-162.1280497741699,100,479.491943359375,0.0003,1,a2c_lr_opt_seed1,-14.202591896057129,987.391845703125,1.3822368383407593,-10.31668758392334,60.36537551879883
165,-111.56723022460938,-162.1280497741699,100,85.20293426513672,0.0003,1,a2c_lr_opt_seed1,-9.023948669433594,188.45652770996094,1.3818833827972412,-6.5030012130737305,41.82158279418945
169,-97.60400390625,-152.92692474365234,114,394.1457824707031,0.0003,1,a2c_lr_opt_seed1,-25.699865341186523,839.6940307617188,1.3811476230621338,-18.598630905151367,146.41636657714844
172,-323.07574462890625,-168.70841445922852,138,1352.0550537109375,0.0003,1,a2c_lr_opt_seed1,-39.78486633300781,2783.6826171875,1.380146861076355,-28.683673858642578,269.47491455078125
173,-180.80526733398438,-169.8566830444336,114,119.1388168334961,0.0003,1,a2c_lr_opt_seed1,-3.4519996643066406,245.1844024658203,1.382607340812683,-2.4006829261779785,21.472518920898438
177,-130.50637817382812,-169.0844384765625,78,437.373779296875,0.0003,1,a2c_lr_opt_seed1,-27.39847755432129,929.5472412109375,1.3822453022003174,-19.604990005493164,152.1869354248047
179,-134.97171020507812,-159.93201507568358,125,311.4232482910156,0.0003,1,a2c_lr_opt_seed1,-23.93842315673828,670.72607421875,1.3813974857330322,-17.017454147338867,133.2751007080078
181,-309.40966796875,-164.2550946044922,105,613.2615966796875,0.0003,1,a2c_lr_opt_seed1,-13.834514617919922,1254.195068359375,1.3799487352371216,-9.787303924560547,117.33917999267578
184,-2.1997756958007812,-167.99431274414061,94,477.2509460449219,0.0003,1,a2c_lr_opt_seed1,-14.643583297729492,983.7918090820312,1.3814048767089844,-10.482542991638184,110.46311950683594
187,-114.14583587646484,-168.2703773498535,78,254.02008056640625,0.0003,1,a2c_lr_opt_seed1,-14.762309074401855,537.5675659179688,1.3818355798721313,-10.731863975524902,90.01556396484375
189,-134.37393188476562,-164.17301254272462,127,269.83148193359375,0.0003,1,a2c_lr_opt_seed1,-15.264019966125488,570.1937255859375,1.3814353942871094,-11.00913143157959,90.17096710205078
192,-148.62307739257812,-161.954853515625,99,332.77630615234375,0.0003,1,a2c_lr_opt_seed1,-21.63292121887207,708.8212280273438,1.38071608543396,-15.764476776123047,130.85951232910156
194,-226.1704559326172,-163.28409790039063,72,467.3067321777344,0.0003,1,a2c_lr_opt_seed1,-22.668415069580078,979.9530639648438,1.3799784183502197,-16.310279846191406,140.987060546875
196,-130.59193420410156,-160.03710418701172,92,677.9992065429688,0.0003,1,a2c_lr_opt_seed1,-11.332575798034668,1378.6663818359375,1.3810491561889648,-8.0791015625,62.7276496887207
201,-437.49774169921875,-149.67821594238282,107,707.8504638671875,0.0003,1,a2c_lr_opt_seed1,-31.136838912963867,1477.9774169921875,1.3792603015899658,-22.295621871948242,220.38040161132812
203,-322.65484619140625,-150.43167694091798,99,473.8515319824219,0.0003,1,a2c_lr_opt_seed1,-23.803258895874023,995.3123168945312,1.3799974918365479,-17.35776710510254,160.29727172851562
207,-374.5123291015625,-147.70695999145508,97,934.355224609375,0.0003,1,a2c_lr_opt_seed1,-35.04200744628906,1938.7972412109375,1.379826307296753,-25.49518585205078,248.75010681152344
208,-155.97625732421875,-148.22388259887694,96,241.12353515625,0.0003,1,a2c_lr_opt_seed1,-18.019174575805664,518.2882080078125,1.3811489343643188,-12.96463394165039,110.11968231201172
211,-140.845703125,-147.8563426208496,128,683.517578125,0.0003,1,a2c_lr_opt_seed1,-32.77437973022461,1432.586669921875,1.3787739276885986,-23.746259689331055,224.1080780029297
214,-282.1835632324219,-166.0568069458008,84,647.3618774414062,0.0003,1,a2c_lr_opt_seed1,-26.837675094604492,1348.40185546875,1.3791414499282837,-19.148887634277344,206.73281860351562
216,-72.59674072265625,-166.4346401977539,98,282.4560852050781,0.0003,1,a2c_lr_opt_seed1,-16.419906616210938,597.7547607421875,1.3799033164978027,-11.948400497436523,127.707275390625
220,-120.26522827148438,-167.12341567993164,82,345.1539306640625,0.0003,1,a2c_lr_opt_seed1,-16.25276756286621,722.816162109375,1.380949854850769,-11.641880989074707,122.88607025146484
223,-61.63614273071289,-158.74346641540527,83,263.84588623046875,0.0003,1,a2c_lr_opt_seed1,-18.111736297607422,563.91796875,1.3809231519699097,-13.232843399047852,123.59453582763672
226,-233.85629272460938,-163.8775841522217,90,549.4739379882812,0.0003,1,a2c_lr_opt_seed1,-28.269622802734375,1155.4898681640625,1.3797588348388672,-20.192604064941406,206.73045349121094
228,-101.50215911865234,-164.52979133605956,82,236.6444854736328,0.0003,1,a2c_lr_opt_seed1,-14.192502975463867,501.6767578125,1.381322979927063,-9.95971393585205,101.36066436767578
231,-288.55194091796875,-164.1951441192627,97,719.0191040039062,0.0003,1,a2c_lr_opt_seed1,-28.78944206237793,1495.619873046875,1.37945556640625,-20.945026397705078,265.6227722167969
233,-80.63459014892578,-159.5322124481201,84,300.1215515136719,0.0003,1,a2c_lr_opt_seed1,-19.988325119018555,640.2224731445312,1.3795520067214966,-14.622774124145508,153.46485900878906
235,-102.27279663085938,-163.59807624816895,100,710.9820556640625,0.0003,1,a2c_lr_opt_seed1,-31.25010108947754,1484.4671630859375,1.3769935369491577,-22.689170837402344,278.64678955078125
238,-172.47415161132812,-173.18671058654786,83,257.7746276855469,0.0003,1,a2c_lr_opt_seed1,-17.695140838623047,550.9422607421875,1.3779664039611816,-12.818742752075195,158.93508911132812
240,-233.78358459472656,-176.89566230773926,120,294.2055358886719,0.0003,1,a2c_lr_opt_seed1,-8.093056678771973,604.5999145507812,1.3784765005111694,-5.989282608032227,87.572998046875
244,-138.70782470703125,-177.32000190734863,90,798.3285522460938,0.0003,1,a2c_lr_opt_seed1,-29.244003295898438,1655.14794921875,1.3773365020751953,-21.452362060546875,274.4598388671875
246,-74.62689208984375,-177.51345649719238,102,185.45848083496094,0.0003,1,a2c_lr_opt_seed1,-17.484325408935547,405.88836669921875,1.3784549236297607,-12.482504844665527,127.08365631103516
248,-326.64141845703125,-181.87126838684082,105,343.2686767578125,0.0003,1,a2c_lr_opt_seed1,-21.0482120513916,728.6365356445312,1.3768765926361084,-15.272210121154785,193.5966796875
251,-231.1923370361328,-181.70141212463378,81,366.7044982910156,0.0003,1,a2c_lr_opt_seed1,-20.458816528320312,774.3294067382812,1.3761894702911377,-14.720219612121582,184.03497314453125
253,-105.66034698486328,-182.1193270111084,123,117.65985107421875,0.0003,1,a2c_lr_opt_seed1,-8.248056411743164,251.81857299804688,1.3798279762268066,-6.0015788078308105,63.321327209472656
256,-130.03341674804688,-184.8951000213623,91,374.3885498046875,0.0003,1,a2c_lr_opt_seed1,-23.215511322021484,795.2108764648438,1.3789029121398926,-16.66130256652832,203.9317169189453
259,-188.15744018554688,-180.95287696838378,88,405.37945556640625,0.0003,1,a2c_lr_opt_seed1,-22.414817810058594,855.59130859375,1.3775839805603027,-16.124614715576172,185.32760620117188
262,-155.1192169189453,-179.0599674987793,121,352.5093994140625,0.0003,1,a2c_lr_opt_seed1,-12.2371826171875,729.4959106445312,1.3776963949203491,-8.689691543579102,93.05909729003906
264,-121.9255142211914,-167.53394485473632,86,160.8652801513672,0.0003,1,a2c_lr_opt_seed1,-13.867193222045898,349.4676818847656,1.3765418529510498,-9.892095565795898,116.22706604003906
266,-254.3153533935547,-169.84036605834962,97,190.16098022460938,0.0003,1,a2c_lr_opt_seed1,-6.263550281524658,392.851806640625,1.375802993774414,-4.362437725067139,74.87671661376953
269,-145.78469848632812,-162.91311653137208,100,356.805908203125,0.0003,1,a2c_lr_opt_seed1,-26.069416046142578,765.75341796875,1.374466061592102,-19.030601501464844,229.2928009033203
271,-58.458526611328125,-162.39756019592286,119,159.5972442626953,0.0003,1,a2c_lr_opt_seed1,-13.04254150390625,345.2823181152344,1.3755884170532227,-9.45681381225586,117.3867416381836
274,-73.00728607177734,-167.30068435668946,66,469.8326416015625,0.0003,1,a2c_lr_opt_seed1,-28.274188995361328,996.2164306640625,1.3731656074523926,-20.223154067993164,274.3147277832031
278,-274.3265380859375,-167.64651245117187,156,539.3787841796875,0.0003,1,a2c_lr_opt_seed1,-30.28337287902832,1139.3271484375,1.374151349067688,-22.037811279296875,340.3592529296875
280,-102.03024291992188,-171.42266311645508,72,612.0396728515625,0.0003,1,a2c_lr_opt_seed1,-20.458026885986328,1264.998046875,1.3725073337554932,-15.12724781036377,222.49546813964844
285,-87.55583190917969,-162.53433975219727,68,337.8759765625,0.0003,1,a2c_lr_opt_seed1,-19.202442169189453,714.1596069335938,1.3755265474319458,-14.038463592529297,189.62022399902344
287,-87.83800506591797,-154.0017224121094,67,244.49974060058594,0.0003,1,a2c_lr_opt_seed1,-13.249341011047363,515.5009155273438,1.3764253854751587,-9.36416244506836,140.16175842285156
289,-84.77485656738281,-151.52085189819337,85,440.1670227050781,0.0003,1,a2c_lr_opt_seed1,-1.5719504356384277,883.480712890625,1.3750861883163452,-0.9454653263092041,31.531982421875
292,-119.919921875,-142.70023162841798,95,251.3244171142578,0.0003,1,a2c_lr_opt_seed1,-12.758443832397461,528.16845703125,1.375451683998108,-9.268918991088867,124.9912338256836
296,-243.52784729003906,-142.9216567993164,123,369.8092956542969,0.0003,1,a2c_lr_opt_seed1,-17.007715225219727,773.6367797851562,1.3743098974227905,-12.306625366210938,205.01744079589844
297,-63.48250961303711,-142.89162742614747,65,89.62644958496094,0.0003,1,a2c_lr_opt_seed1,-8.52017879486084,196.29600524902344,1.3764015436172485,-6.109765529632568,79.67871856689453
301,-115.03262329101562,-133.3189705657959,95,461.53314208984375,0.0003,1,a2c_lr_opt_seed1,-26.143909454345703,975.3568725585938,1.375995397567749,-18.732702255249023,283.35809326171875
301,-115.03262329101562,-133.3189705657959,95,258.249755859375,0.0003,1,a2c_lr_opt_seed1,5.975038528442383,504.55218505859375,1.375828504562378,4.597856044769287,72.44341278076172
304,-172.46347045898438,-128.96767486572264,131,235.43386840820312,0.0003,1,a2c_lr_opt_seed1,-12.563199996948242,495.99688720703125,1.3757832050323486,-9.302075386047363,157.3658905029297
308,-70.66587829589844,-127.22961410522461,101,320.9571533203125,0.0003,1,a2c_lr_opt_seed1,-21.406147003173828,684.7293701171875,1.3751556873321533,-15.362687110900879,214.71572875976562
309,-87.87725067138672,-125.22401031494141,135,132.15676879882812,0.0003,1,a2c_lr_opt_seed1,-13.66991901397705,291.6561279296875,1.3751566410064697,-9.82396125793457,140.30836486816406
313,-291.7045593261719,-133.2136971282959,94,629.0656127929688,0.0003,1,a2c_lr_opt_seed1,-27.092130661010742,1312.3182373046875,1.3741635084152222,-19.976219177246094,352.3770751953125
313,-291.7045593261719,-133.2136971282959,94,176.2655487060547,0.0003,1,a2c_lr_opt_seed1,5.326660633087158,341.8805236816406,1.3745794296264648,4.171462535858154,65.85537719726562
319,-95.74488067626953,-135.09022994995118,73,1078.046875,0.0003,1,a2c_lr_opt_seed1,-35.89423751831055,2227.885009765625,1.3721067905426025,-26.452009201049805,391.043701171875
321,-184.68894958496094,-136.1916290283203,133,261.760986328125,0.0003,1,a2c_lr_opt_seed1,-20.037559509277344,563.599853515625,1.3734383583068848,-14.557209014892578,225.61862182617188
321,-184.68894958496094,-136.1916290283203,133,20.09109115600586,0.0003,1,a2c_lr_opt_seed1,-1.4449968338012695,43.074913024902344,1.36965811252594,-0.8694170713424683,10.48073673248291
326,-169.65188598632812,-133.83751907348633,95,434.5844421386719,0.0003,1,a2c_lr_opt_seed1,-23.187917709350586,915.5474853515625,1.370938777923584,-17.159507751464844,279.433349609375
328,-167.66555786132812,-127.96193489074707,98,246.26976013183594,0.0003,1,a2c_lr_opt_seed1,-20.098556518554688,532.7393798828125,1.3708003759384155,-14.987130165100098,225.0735626220703
330,-139.6185760498047,-124.5288111114502,72,127.2406997680664,0.0003,1,a2c_lr_opt_seed1,-7.744487762451172,269.9731140136719,1.369059681892395,-5.6111650466918945,89.86654663085938
332,-116.923583984375,-124.87632026672364,88,213.03196716308594,0.0003,1,a2c_lr_opt_seed1,-12.148428916931152,450.363525390625,1.3710906505584717,-8.646284103393555,165.4915008544922
336,-57.62154769897461,-127.73209976196289,85,233.4958038330078,0.0003,1,a2c_lr_opt_seed1,-14.495945930480957,495.9862365722656,1.3724193572998047,-10.715034484863281,194.07675170898438
337,-340.57861328125,-132.78691192626954,101,271.0987243652344,0.0003,1,a2c_lr_opt_seed1,-14.17952823638916,570.5592651367188,1.3710376024246216,-10.621137619018555,233.853515625
339,-176.16476440429688,-133.78478256225586,141,457.9933776855469,0.0003,1,a2c_lr_opt_seed1,-17.70604133605957,951.401611328125,1.3709216117858887,-12.463107109069824,217.25991821289062
342,-244.31488037109375,-142.06273147583008,134,486.4920959472656,0.0003,1,a2c_lr_opt_seed1,-24.869007110595703,1022.7249755859375,1.369955062866211,-18.286304473876953,368.25921630859375
344,-205.69427490234375,-147.00472274780273,87,319.3127136230469,0.0003,1,a2c_lr_opt_seed1,-17.98822021484375,674.6046142578125,1.3708035945892334,-12.406051635742188,223.38369750976562
346,-175.6555633544922,-149.39122177124023,167,367.9465026855469,0.0003,1,a2c_lr_opt_seed1,-20.893333435058594,777.6824340820312,1.3684756755828857,-15.323665618896484,290.345947265625
349,-66.09121704101562,-152.82110221862794,76,212.61631774902344,0.0003,1,a2c_lr_opt_seed1,-12.593218803405762,450.42181396484375,1.3702977895736694,-9.05975341796875,188.2461700439453
353,-330.31451416015625,-157.91126472473144,128,1016.28857421875,0.0003,1,a2c_lr_opt_seed1,-30.04945182800293,2092.6787109375,1.371122121810913,-22.964765548706055,513.1019287109375
354,-85.81786346435547,-156.17835258483888,82,108.93414306640625,0.0003,1,a2c_lr_opt_seed1,-8.209980010986328,234.29098510742188,1.3714834451675415,-5.812960624694824,109.98247528076172
357,18.364425659179688,-150.97947929382323,147,332.2277526855469,0.0003,1,a2c_lr_opt_seed1,-9.999563217163086,684.4573974609375,1.3716893196105957,-7.645409107208252,137.92578125
361,-165.58535766601562,-153.11730171203612,110,261.49029541015625,0.0003,1,a2c_lr_opt_seed1,-15.472991943359375,553.9293212890625,1.3728373050689697,-11.169570922851562,215.97679138183594
362,-139.1754608154297,-153.12715461730957,79,122.64929962158203,0.0003,1,a2c_lr_opt_seed1,-11.263476371765137,267.8282775878906,1.3673841953277588,-7.684735298156738,119.97955322265625
363,-58.77842330932617,-148.46863189697265,74,284.2259216308594,0.0003,1,a2c_lr_opt_seed1,5.191728115081787,558.0711059570312,1.3623371124267578,3.9279699325561523,88.28887939453125
367,-263.78082275390625,-146.4190872192383,105,344.9993591308594,0.0003,1,a2c_lr_opt_seed1,-19.7679443359375,729.537353515625,1.3608754873275757,-13.93847942352295,241.38299560546875
369,-217.518798828125,-147.80559631347657,142,339.9775085449219,0.0003,1,a2c_lr_opt_seed1,-18.469942092895508,716.8976440429688,1.3646628856658936,-14.117462158203125,263.02130126953125
371,-253.39175415039062,-149.83358169555663,94,148.37440490722656,0.0003,1,a2c_lr_opt_seed1,-10.781535148620605,318.31463623046875,1.368533968925476,-7.70351505279541,167.20506286621094
374,-105.00432586669922,-149.42192977905273,113,234.61007690429688,0.0003,1,a2c_lr_opt_seed1,-17.908708572387695,505.040283203125,1.3648728132247925,-13.060233116149902,256.7914123535156
376,-104.72798919677734,-151.54513641357423,154,134.5670928955078,0.0003,1,a2c_lr_opt_seed1,-8.540359497070312,286.2176208496094,1.3632988929748535,-6.260790824890137,124.03751373291016
378,-217.61196899414062,-152.7255460357666,125,757.5403442382812,0.0003,1,a2c_lr_opt_seed1,-26.148578643798828,1567.3804931640625,1.36221444606781,-18.726503372192383,497.85076904296875
381,-90.82665252685547,-156.3574306488037,85,192.7386474609375,0.0003,1,a2c_lr_opt_seed1,-13.668957710266113,412.81793212890625,1.3587188720703125,-9.76713752746582,185.67733764648438
383,-109.80797576904297,-151.9395485687256,68,130.16632080078125,0.0003,1,a2c_lr_opt_seed1,-8.926332473754883,278.1880187988281,1.3629194498062134,-6.283863544464111,128.11212158203125
384,-104.314697265625,-151.63727195739747,142,61.684608459472656,0.0003,1,a2c_lr_opt_seed1,-8.54648208618164,140.46490478515625,1.3631982803344727,-5.992137908935547,120.28388214111328
388,-173.29165649414062,-154.41831802368165,102,155.56436157226562,0.0003,1,a2c_lr_opt_seed1,-12.922483444213867,336.9764404296875,1.3678007125854492,-9.369959831237793,186.07034301757812
389,-266.71588134765625,-156.22934036254884,135,377.4784851074219,0.0003,1,a2c_lr_opt_seed1,-18.23206901550293,791.423828125,1.361816644668579,-13.803153038024902,272.1432800292969
394,-228.81495666503906,-149.27084106445312,94,615.8738403320312,0.0003,1,a2c_lr_opt_seed1,-35.80564880371094,1303.3616943359375,1.3625178337097168,-26.088905334472656,585.213623046875
395,-310.224609375,-149.99264404296875,147,229.9433135986328,0.0003,1,a2c_lr_opt_seed1,-13.520702362060547,486.9307556152344,1.3586747646331787,-10.007694244384766,235.8472900390625
396,-388.3131103515625,-154.24579498291016,129,54.076568603515625,0.0003,1,a2c_lr_opt_seed1,-0.895922064781189,109.94770050048828,1.3597933053970337,-0.5448479652404785,27.68111228942871
398,-136.7228546142578,-150.65494735717775,102,254.38487243652344,0.0003,1,a2c_lr_opt_seed1,-22.61858367919922,554.0096435546875,1.3592618703842163,-16.513891220092773,350.16619873046875
402,-222.66734313964844,-156.5546967315674,127,284.15179443359375,0.0003,1,a2c_lr_opt_seed1,-15.716732025146484,599.73974609375,1.3550879955291748,-10.837261199951172,281.2901916503906
404,-75.64545440673828,-154.09851966857912,114,116.49443817138672,0.0003,1,a2c_lr_opt_seed1,-12.174383163452148,257.3403625488281,1.3545702695846558,-8.825995445251465,185.37451171875
407,-150.44561767578125,-160.35589393615723,84,371.64984130859375,0.0003,1,a2c_lr_opt_seed1,-22.274219512939453,787.8508911132812,1.358210563659668,-16.90018081665039,412.6005859375
408,-321.55224609375,-162.96209022521973,95,341.3183898925781,0.0003,1,a2c_lr_opt_seed1,-25.739269256591797,734.1179809570312,1.355106234550476,-18.745738983154297,469.3913879394531
412,-277.08978271484375,-171.81870246887206,101,570.3137817382812,0.0003,1,a2c_lr_opt_seed1,-33.421504974365234,1207.4732666015625,1.3497400283813477,-23.988969802856445,661.2002563476562
415,-320.30010986328125,-184.58674591064454,101,481.9688720703125,0.0003,1,a2c_lr_opt_seed1,-23.6607608795166,1011.261962890625,1.34688138961792,-17.43996810913086,414.21710205078125
415,-320.30010986328125,-184.58674591064454,101,61.25012969970703,0.0003,1,a2c_lr_opt_seed1,-12.738958358764648,147.98089599609375,1.3570568561553955,-9.312493324279785,198.2159423828125
417,-177.24713134765625,-183.26783386230468,114,185.92723083496094,0.0003,1,a2c_lr_opt_seed1,-13.155335426330566,398.1678466796875,1.352803349494934,-9.38784122467041,206.73727416992188
418,-288.940185546875,-187.0260108947754,128,219.94149780273438,0.0003,1,a2c_lr_opt_seed1,-8.778794288635254,457.44329833984375,1.3550012111663818,-6.492778301239014,214.81210327148438
422,-145.4661102294922,-185.7689407348633,187,215.02224731445312,0.0003,1,a2c_lr_opt_seed1,-14.390050888061523,458.8273010253906,1.3545951843261719,-10.301041603088379,279.00775146484375
425,-72.12044525146484,-184.70513473510744,86,431.3594970703125,0.0003,1,a2c_lr_opt_seed1,-21.18145751953125,905.0845947265625,1.3536839485168457,-15.204937934875488,423.7214660644531
425,-72.12044525146484,-184.70513473510744,86,58.997249603271484,0.0003,1,a2c_lr_opt_seed1,-10.373444557189941,138.7440948486328,1.3528053760528564,-7.749438762664795,197.00674438476562
429,-197.304443359375,-186.7661053466797,138,621.2077026367188,0.0003,1,a2c_lr_opt_seed1,-27.84162712097168,1298.101318359375,1.353376865386963,-20.304731369018555,630.9786376953125
430,-124.20578002929688,-186.5985900878906,117,77.85415649414062,0.0003,1,a2c_lr_opt_seed1,-1.015188217163086,157.7414093017578,1.3542735576629639,-0.6237137317657471,17.756084442138672
432,-238.69573974609375,-189.76732391357422,149,76.54045104980469,0.0003,1,a2c_lr_opt_seed1,-5.798055648803711,164.67971801757812,1.3531039953231812,-3.794382095336914,114.9169692993164
436,-78.81675720214844,-187.36660606384277,160,163.2882080078125,0.0003,1,a2c_lr_opt_seed1,-6.997273921966553,340.57366943359375,1.3518184423446655,-4.8545074462890625,124.45532989501953
438,-97.38378143310547,-184.7172811126709,89,339.23822021484375,0.0003,1,a2c_lr_opt_seed1,2.3262271881103516,673.82666015625,1.3510335683822632,2.1899609565734863,72.17558288574219
442,-62.8144645690918,-174.30559371948243,81,183.81106567382812,0.0003,1,a2c_lr_opt_seed1,-17.493165969848633,402.6111755371094,1.3520715236663818,-12.897428512573242,279.8390808105469
443,-182.88929748535156,-177.19364593505858,117,197.11325073242188,0.0003,1,a2c_lr_opt_seed1,-12.296241760253906,418.8216552734375,1.34159255027771,-9.173598289489746,244.80410766601562
444,-158.36740112304688,-175.78469482421875,141,77.1875,0.0003,1,a2c_lr_opt_seed1,-1.8248257637023926,158.02734375,1.34164297580719,-1.3218505382537842,39.795345306396484
449,-214.72744750976562,-169.70514854431153,94,386.1806640625,0.0003,1,a2c_lr_opt_seed1,-17.919397354125977,808.2028198242188,1.3420730829238892,-13.38193416595459,396.6947326660156
450,-177.3802490234375,-169.79267356872558,153,72.8924789428711,0.0003,1,a2c_lr_opt_seed1,-4.336308002471924,154.4602508544922,1.3387885093688965,-3.0441038608551025,97.48043823242188
450,-177.3802490234375,-169.79267356872558,153,50.929691314697266,0.0003,1,a2c_lr_opt_seed1,-9.134321212768555,120.13069152832031,1.332749366760254,-6.541895866394043,188.61199951171875
457,-123.24484252929688,-167.89032371520997,123,774.2196044921875,0.0003,1,a2c_lr_opt_seed1,-31.139392852783203,1610.720703125,1.3379095792770386,-22.25577735900879,673.1882934570312
458,-44.88199234008789,-162.3569186401367,139,56.95048141479492,0.0003,1,a2c_lr_opt_seed1,-3.5299806594848633,120.9636001586914,1.339381456375122,-2.358208656311035,57.98618698120117
458,-44.88199234008789,-162.3569186401367,139,18.896116256713867,0.0003,1,a2c_lr_opt_seed1,-6.618072986602783,51.031044006347656,1.3333194255828857,-4.655886173248291,120.19200134277344
460,-191.81837463378906,-159.97569549560546,107,384.0072326660156,0.0003,1,a2c_lr_opt_seed1,-11.744354248046875,791.505859375,1.3344134092330933,-7.826783657073975,204.4609375
463,-141.84469604492188,-152.07679473876954,93,399.05712890625,0.0003,1,a2c_lr_opt_seed1,0.22976112365722656,797.6574096679688,1.34479558467865,-0.1413164734840393,102.85807037353516
466,-221.91702270507812,-147.16440704345703,152,218.3363800048828,0.0003,1,a2c_lr_opt_seed1,-13.830095291137695,464.33563232421875,1.3393285274505615,-10.141715049743652,224.67022705078125
467,-107.3647689819336,-145.76675979614257,87,150.1334686279297,0.0003,1,a2c_lr_opt_seed1,-15.082860946655273,330.435302734375,1.324217438697815,-11.73949146270752,266.626708984375
469,-105.85137176513672,-142.48264343261718,142,266.9690246582031,0.0003,1,a2c_lr_opt_seed1,-24.154874801635742,582.2504272460938,1.3112257719039917,-17.561786651611328,431.37554931640625
469,-105.85137176513672,-142.48264343261718,142,149.96160888671875,0.0003,1,a2c_lr_opt_seed1,-10.429187774658203,320.7841796875,1.294373631477356,-7.75753927230835,248.43690490722656
476,-516.5572509765625,-154.7807566833496,153,746.6417236328125,0.0003,1,a2c_lr_opt_seed1,-35.26945114135742,1563.824951171875,1.2939640283584595,-27.139904022216797,995.602783203125
476,-516.5572509765625,-154.7807566833496,153,112.79187774658203,0.0003,1,a2c_lr_opt_seed1,-11.026774406433105,247.63992309570312,1.3116226196289062,-7.9905781745910645,244.70535278320312
477,-292.1564636230469,-156.6038804626465,119,67.81269073486328,0.0003,1,a2c_lr_opt_seed1,-8.716785430908203,153.06155395507812,1.3070915937423706,-6.36142110824585,190.37664794921875
481,-219.83444213867188,-159.76662109375,119,423.8033142089844,0.0003,1,a2c_lr_opt_seed1,-24.175050735473633,895.9593505859375,1.2992713451385498,-18.66015625,579.0968017578125
482,-221.6939697265625,-159.42658569335939,138,286.2998352050781,0.0003,1,a2c_lr_opt_seed1,-5.943233013153076,584.48876953125,1.313218593597412,-3.444136381149292,146.47215270996094
485,-79.14749145507812,-161.02652885437013,90,217.12277221679688,0.0003,1,a2c_lr_opt_seed1,-11.3917818069458,457.03173828125,1.3179476261138916,-8.085334777832031,247.3988800048828
486,3.8005752563476562,-159.37418220520019,172,237.68409729003906,0.0003,1,a2c_lr_opt_seed1,8.30426025390625,458.7622985839844,1.3129832744598389,6.6088547706604,200.51187133789062
487,20.967674255371094,-156.8646656036377,121,73.33477783203125,0.0003,1,a2c_lr_opt_seed1,-3.001373529434204,152.67494201660156,1.3190327882766724,-1.9496299028396606,35.3927116394043
489,-39.025794982910156,-157.6154906463623,91,430.45599365234375,0.0003,1,a2c_lr_opt_seed1,-3.925736427307129,868.76611328125,1.3205006122589111,-3.438547134399414,77.29389953613281
493,-59.83328628540039,-161.21477973937988,167,447.53131103515625,0.0003,1,a2c_lr_opt_seed1,-6.976683616638184,909.0186157226562,1.3161208629608154,-5.091851711273193,123.90782928466797
493,-59.83328628540039,-161.21477973937988,167,51.06260681152344,0.0003,1,a2c_lr_opt_seed1,0.11072230339050293,101.9063949584961,1.3107753992080688,0.02408123016357422,24.293087005615234
495,-335.4285888671875,-164.95572662353516,108,274.24884033203125,0.0003,1,a2c_lr_opt_seed1,-17.27323341369629,583.0467529296875,1.308638095855713,-13.801353454589844,358.6557922363281
496,-211.97262573242188,-164.1538134765625,112,580.2427368164062,0.0003,1,a2c_lr_opt_seed1,-14.554795265197754,1189.59765625,1.3121988773345947,-10.87943172454834,314.29443359375
499,-379.0146789550781,-167.99999961853027,138,193.59544372558594,0.0003,1,a2c_lr_opt_seed1,-7.781064987182617,402.755615234375,1.3027085065841675,-6.019245147705078,194.2033233642578
499,-379.0146789550781,-167.99999961853027,138,167.12852478027344,0.0003,1,a2c_lr_opt_seed1,2.4589130878448486,329.3418273925781,1.2961565256118774,1.943712830543518,67.44902801513672
502,-14.865997314453125,-164.09200958251952,84,166.99058532714844,0.0003,1,a2c_lr_opt_seed1,-12.323777198791504,358.63128662109375,1.2873456478118896,-9.854394912719727,279.2764587402344
504,-351.774169921875,-166.12264678955077,171,279.4276428222656,0.0003,1,a2c_lr_opt_seed1,-16.199453353881836,591.2567749023438,1.2804782390594482,-12.708184242248535,475.7626037597656
506,-313.1128845214844,-168.29355560302736,155,120.76759338378906,0.0003,1,a2c_lr_opt_seed1,-8.6852388381958,258.90826416015625,1.2953623533248901,-6.795930862426758,272.3665466308594
507,-322.5425109863281,-172.27950897216797,150,35.71342468261719,0.0003,1,a2c_lr_opt_seed1,0.4178226590156555,70.59381866455078,1.3093503713607788,0.5074710845947266,17.285533905029297
511,-134.2467041015625,-171.2287738800049,126,269.33721923828125,0.0003,1,a2c_lr_opt_seed1,-16.780305862426758,572.2376708984375,1.3198665380477905,-12.520938873291016,341.6629943847656
511,-134.2467041015625,-171.2287738800049,126,45.63220977783203,0.0003,1,a2c_lr_opt_seed1,-6.530908584594727,104.32886505126953,1.3110839128494263,-5.081308841705322,141.3116455078125
512,-273.87060546875,-175.62431465148927,132,275.45965576171875,0.0003,1,a2c_lr_opt_seed1,-12.807859420776367,576.53759765625,1.2949376106262207,-9.925220489501953,353.9914855957031
514,-157.47695922851562,-175.9093564605713,132,70.509033203125,0.0003,1,a2c_lr_opt_seed1,-2.673574447631836,146.36781311035156,1.2979179620742798,-1.8822537660598755,51.94758987426758
515,-78.33838653564453,-176.63634742736815,115,55.98905944824219,0.0003,1,a2c_lr_opt_seed1,-0.6103153228759766,113.20130920410156,1.280734896659851,-0.6072272062301636,35.19510269165039
516,-266.52099609375,-177.5284268951416,155,90.32183837890625,0.0003,1,a2c_lr_opt_seed1,-12.40999984741211,205.46624755859375,1.2784852981567383,-10.047562599182129,314.078125
518,-128.58984375,-175.2009206390381,114,343.2128601074219,0.0003,1,a2c_lr_opt_seed1,-19.463472366333008,725.355224609375,1.2815567255020142,-16.12773323059082,550.9736938476562
519,-397.00018310546875,-181.02389686584473,120,375.64794921875,0.0003,1,a2c_lr_opt_seed1,-12.998318672180176,777.2950439453125,1.2643251419067383,-12.990392684936523,623.0159912109375
522,-326.5361328125,-189.51604667663574,105,393.462890625,0.0003,1,a2c_lr_opt_seed1,-15.218871116638184,817.3660888671875,1.2879023551940918,-11.662418365478516,326.5165100097656
523,-282.03167724609375,-188.07818901062012,277,83.21649932861328,0.0003,1,a2c_lr_opt_seed1,-5.647176742553711,177.72994995117188,1.2953054904937744,-4.475869178771973,145.8246612548828
524,-135.99969482421875,-187.07681297302247,96,249.59991455078125,0.0003,1,a2c_lr_opt_seed1,-7.219598770141602,513.6416015625,1.2835445404052734,-6.710698127746582,333.6719970703125
527,-212.07809448242188,-181.94141563415528,104,145.14756774902344,0.0003,1,a2c_lr_opt_seed1,-9.211478233337402,308.7206726074219,1.296562910079956,-6.993411064147949,252.6912841796875
528,-36.650569915771484,-180.40615814208985,108,113.7308120727539,0.0003,1,a2c_lr_opt_seed1,-5.239732265472412,237.9436798095703,1.2998299598693848,-4.66007661819458,158.33668518066406
529,-307.21099853515625,-180.9855258178711,225,104.3918228149414,0.0003,1,a2c_lr_opt_seed1,-0.10973650217056274,209.00570678710938,1.2959702014923096,-0.14686468243598938,49.226661682128906
531,-21.408493041992188,-176.42395202636717,76,166.39259338378906,0.0003,1,a2c_lr_opt_seed1,-12.660056114196777,358.1078796386719,1.300545573234558,-10.249112129211426,345.9393615722656
533,-350.16314697265625,-178.5627328491211,225,384.7986145019531,0.0003,1,a2c_lr_opt_seed1,-19.336933135986328,808.273681640625,1.2929543256759644,-14.234635353088379,486.9004821777344
536,-284.74041748046875,-192.27669525146484,120,754.2564697265625,0.0003,1,a2c_lr_opt_seed1,-27.981164932250977,1564.477783203125,1.2920327186584473,-22.17404556274414,890.76416015625
536,-284.74041748046875,-192.27669525146484,120,93.20275115966797,0.0003,1,a2c_lr_opt_seed1,-6.024028301239014,198.45614624023438,1.2981370687484741,-3.9367451667785645,147.10621643066406
538,70.3954086303711,-190.30287872314454,1001,349.2836608886719,0.0003,1,a2c_lr_opt_seed1,-4.944436073303223,708.458740234375,1.2746890783309937,-5.680787086486816,377.182373046875
542,-110.85800170898438,-197.5531056213379,92,331.6197509765625,0.0003,1,a2c_lr_opt_seed1,-16.14937973022461,695.5408325195312,1.2850861549377441,-12.63495922088623,454.6684875488281
544,-318.37451171875,-203.42410209655762,129,138.87782287597656,0.0003,1,a2c_lr_opt_seed1,-6.897373676300049,291.5530090332031,1.3126050233840942,-5.250402450561523,163.9341583251953
545,-268.058349609375,-202.07669731140138,101,241.52713012695312,0.0003,1,a2c_lr_opt_seed1,-9.764158248901367,502.585205078125,1.3170703649520874,-7.61832332611084,225.2028350830078
546,-99.92901611328125,-199.83582511901855,88,105.5552749633789,0.0003,1,a2c_lr_opt_seed1,-11.027379989624023,233.1679229736328,1.30716872215271,-7.860838413238525,249.12838745117188
549,-325.56219482421875,-198.72137008666994,174,219.02700805664062,0.0003,1,a2c_lr_opt_seed1,-11.399508476257324,460.8556213378906,1.2983999252319336,-8.42995548248291,322.1153564453125
552,-100.82571411132812,-206.52137413024903,141,284.65777587890625,0.0003,1,a2c_lr_opt_seed1,-12.752737045288086,594.8236694335938,1.3005225658416748,-8.318140029907227,335.4761047363281
554,-368.2759094238281,-204.2309253692627,106,149.342041015625,0.0003,1,a2c_lr_opt_seed1,-2.1572718620300293,303.0012512207031,1.3062968254089355,-1.717328429222107,122.861572265625
555,-63.81620407104492,-202.90381561279298,94,83.29345703125,0.0003,1,a2c_lr_opt_seed1,-4.055970191955566,174.70147705078125,1.314591884613037,-2.6508798599243164,86.45982360839844
558,-83.99910736083984,-196.01376892089843,142,257.8107604980469,0.0003,1,a2c_lr_opt_seed1,-11.455985069274902,538.5361328125,1.30532705783844,-7.850293159484863,270.4028015136719
560,-156.331787109375,-197.4625257873535,132,224.9114532470703,0.0003,1,a2c_lr_opt_seed1,-7.419090270996094,464.6636657714844,1.291891098022461,-4.785386085510254,142.99818420410156
562,-93.52444458007812,-193.8285838317871,141,83.64554595947266,0.0003,1,a2c_lr_opt_seed1,-2.6747772693634033,172.64324951171875,1.3032214641571045,-1.7483866214752197,54.78271484375
565,-103.67984008789062,-194.89360794067383,146,193.53114318847656,0.0003,1,a2c_lr_opt_seed1,-17.592432022094727,422.2497863769531,1.3073244094848633,-13.468746185302734,473.7351379394531
567,-96.37712860107422,-191.15687927246094,101,230.40528869628906,0.0003,1,a2c_lr_opt_seed1,-18.067005157470703,496.94720458984375,1.3085558414459229,-13.339070320129395,441.5536804199219
570,-215.37890625,-186.8959811401367,112,142.8529510498047,0.0003,1,a2c_lr_opt_seed1,-11.689529418945312,309.0875549316406,1.2968542575836182,-8.504195213317871,335.88824462890625
571,-154.68576049804688,-186.17774139404298,70,98.75104522705078,0.0003,1,a2c_lr_opt_seed1,-7.7644243240356445,213.03355407714844,1.3076659440994263,-6.098036289215088,217.11256408691406
573,-180.99893188476562,-179.2605093383789,138,110.98078918457031,0.0003,1,a2c_lr_opt_seed1,-6.196788311004639,234.3577423095703,1.2999839782714844,-3.917018175125122,112.07315826416016
573,-180.99893188476562,-179.2605093383789,138,77.72615051269531,0.0003,1,a2c_lr_opt_seed1,6.5827531814575195,142.2893829345703,1.299351692199707,5.3129377365112305,198.2310028076172
574,-57.55699920654297,-177.6916554260254,109,155.80621337890625,0.0003,1,a2c_lr_opt_seed1,-6.693558692932129,325.0021667480469,1.3117259740829468,-4.685768127441406,189.0046844482422
579,-477.7160339355469,-176.71878776550292,234,300.1629943847656,0.0003,1,a2c_lr_opt_seed1,-7.853780746459961,616.0361328125,1.2920547723770142,-6.4487128257751465,293.67852783203125
579,-477.7160339355469,-176.71878776550292,234,59.438655853271484,0.0003,1,a2c_lr_opt_seed1,4.552268028259277,109.7753677368164,1.2971526384353638,4.140995025634766,149.80970764160156
582,-81.55365753173828,-172.30196990966797,82,109.97586822509766,0.0003,1,a2c_lr_opt_seed1,-7.825626373291016,235.6055908203125,1.302819013595581,-5.327269554138184,183.7694854736328
586,-294.6334228515625,-161.31489395141602,118,173.83480834960938,0.0003,1,a2c_lr_opt_seed1,-10.184356689453125,368.0409240722656,1.3023338317871094,-7.945369243621826,293.4139709472656
588,-115.55453491210938,-164.0007162475586,89,102.73362731933594,0.0003,1,a2c_lr_opt_seed1,-3.824221611022949,213.11830139160156,1.3021420240402222,-2.4714419841766357,72.35843658447266
589,-74.88778686523438,-156.94721282958983,97,63.08296203613281,0.0003,1,a2c_lr_opt_seed1,-2.7640905380249023,131.69668579101562,1.2902730703353882,-1.1854463815689087,48.88671112060547
589,-74.88778686523438,-156.94721282958983,97,113.00415802001953,0.0003,1,a2c_lr_opt_seed1,-4.389887809753418,234.79063415527344,1.277609944343567,-3.1553080081939697,128.15345764160156
593,-86.51921844482422,-166.14443572998047,108,765.9877319335938,0.0003,1,a2c_lr_opt_seed1,-23.746183395385742,1579.4703369140625,1.2776830196380615,-19.54728889465332,780.608154296875
595,-274.72515869140625,-161.08796966552734,166,82.65145111083984,0.0003,1,a2c_lr_opt_seed1,-4.545283317565918,174.39602661132812,1.2808341979980469,-4.000664710998535,148.28839111328125
597,-182.57418823242188,-160.63210510253907,200,158.86973571777344,0.0003,1,a2c_lr_opt_seed1,-8.569733619689941,334.8815002441406,1.2837949991226196,-5.793281555175781,300.6792907714844
598,-324.1403503417969,-166.39587844848631,104,47.92281723022461,0.0003,1,a2c_lr_opt_seed1,-1.7200936079025269,99.28839874267578,1.2895902395248413,-1.2279897928237915,81.57503509521484
598,-324.1403503417969,-166.39587844848631,104,482.6801452636719,0.0003,1,a2c_lr_opt_seed1,-8.32093620300293,982.0046997070312,1.2849193811416626,-6.353474140167236,238.9420166015625
601,-7.967170715332031,-158.61135360717773,122,260.4433288574219,0.0003,1,a2c_lr_opt_seed1,2.131382942199707,516.62646484375,1.2948758602142334,3.08027982711792,157.12855529785156
604,-341.85601806640625,-159.12794738769531,118,303.1319274902344,0.0003,1,a2c_lr_opt_seed1,-12.717320442199707,631.7010498046875,1.2969101667404175,-9.210460662841797,338.8931884765625
605,-330.23406982421875,-164.45630470275879,160,253.59071350097656,0.0003,1,a2c_lr_opt_seed1,-7.6377716064453125,522.4595336914062,1.288477897644043,-5.472649574279785,197.90245056152344
605,-330.23406982421875,-164.45630470275879,160,88.57100677490234,0.0003,1,a2c_lr_opt_seed1,-2.6309516429901123,182.406494140625,1.2897257804870605,-1.2414170503616333,64.2787857055664
607,-44.2019157409668,-160.47855270385742,112,252.8096923828125,0.0003,1,a2c_lr_opt_seed1,-3.638378143310547,512.8987426757812,1.296812653541565,-2.809429407119751,187.43136596679688
610,-57.48366165161133,-160.5744686126709,119,113.19735717773438,0.0003,1,a2c_lr_opt_seed1,-7.868071556091309,242.1334228515625,1.2782819271087646,-5.566526412963867,246.99964904785156
612,-222.53150939941406,-166.67399436950683,177,199.16696166992188,0.0003,1,a2c_lr_opt_seed1,-7.083327293395996,412.5030822753906,1.258209466934204,-4.460541725158691,194.32391357421875
612,-222.53150939941406,-166.67399436950683,177,26.855030059814453,0.0003,1,a2c_lr_opt_seed1,-0.026987910270690918,53.76655197143555,1.2590595483779907,0.0027282238006591797,23.475528717041016
614,-60.421356201171875,-165.00724632263183,98,78.06398010253906,0.0003,1,a2c_lr_opt_seed1,-0.6305728554725647,157.3916473388672,1.2711235284805298,-0.7617742419242859,40.41045379638672
616,-139.62326049804688,-168.07542961120606,180,276.547119140625,0.0003,1,a2c_lr_opt_seed1,-6.882917881011963,566.8626098632812,1.27882719039917,-5.1325578689575195,212.78475952148438
619,-293.7552185058594,-165.9218952178955,172,158.01927185058594,0.0003,1,a2c_lr_opt_seed1,-9.196868896484375,334.434814453125,1.2716341018676758,-7.487808704376221,273.99151611328125
619,-293.7552185058594,-165.9218952178955,172,46.68628692626953,0.0003,1,a2c_lr_opt_seed1,-1.543182134628296,96.46147155761719,1.2654749155044556,-0.9752198457717896,57.49715042114258
621,-63.77655029296875,-161.48656929016113,148,262.0839538574219,0.0003,1,a2c_lr_opt_seed1,-16.514272689819336,557.198974609375,1.2590365409851074,-11.859884262084961,527.9596557617188
624,-146.9851531982422,-167.6556874847412,168,447.131591796875,0.0003,1,a2c_lr_opt_seed1,-16.926435470581055,928.1185302734375,1.2604000568389893,-12.983972549438477,666.4370727539062
626,-186.97036743164062,-177.10114639282227,127,71.20951843261719,0.0003,1,a2c_lr_opt_seed1,4.240477085113525,133.94061279296875,1.2645370960235596,3.230153799057007,131.87147521972656
626,-186.97036743164062,-177.10114639282227,127,78.09881591796875,0.0003,1,a2c_lr_opt_seed1,7.047867298126221,142.10443115234375,1.2673373222351074,6.313413143157959,273.9384765625
626,-186.97036743164062,-177.10114639282227,127,322.6294860839844,0.0003,1,a2c_lr_opt_seed1,-6.388215065002441,658.0379028320312,1.2625463008880615,-5.3393049240112305,310.4497985839844
630,-391.5472717285156,-173.5012985229492,213,133.99717712402344,0.0003,1,a2c_lr_opt_seed1,-5.329681873321533,278.65625,1.267651915550232,-3.680363416671753,197.22235107421875
632,-281.759033203125,-178.29694984436034,177,151.021484375,0.0003,1,a2c_lr_opt_seed1,-9.14378547668457,320.3330078125,1.2427412271499634,-7.217194080352783,330.4521789550781
634,-380.793701171875,-181.2684496307373,195,208.67849731445312,0.0003,1,a2c_lr_opt_seed1,-5.766843795776367,428.8931579589844,1.236958384513855,-4.741030693054199,300.6162109375
635,-88.47138214111328,-181.31319129943847,82,73.7077407836914,0.0003,1,a2c_lr_opt_seed1,-8.226083755493164,163.8701629638672,1.2617571353912354,-6.957467079162598,280.905517578125
637,-213.26803588867188,-179.91864723205566,145,151.67239379882812,0.0003,1,a2c_lr_opt_seed1,-3.223008871078491,309.7933044433594,1.2555718421936035,-2.7857308387756348,144.8852081298828
638,-282.61297607421875,-183.25981605529785,184,281.66229248046875,0.0003,1,a2c_lr_opt_seed1,-5.743199825286865,574.8134155273438,1.2226760387420654,-5.613320827484131,365.03704833984375
640,-507.9405212402344,-187.14903610229493,176,67.4476089477539,0.0003,1,a2c_lr_opt_seed1,-2.044477701187134,138.986572265625,1.1991994380950928,-0.9656089544296265,82.80599975585938
642,-236.30892944335938,-182.66029891967773,133,142.38121032714844,0.0003,1,a2c_lr_opt_seed1,-6.811180591583252,298.38720703125,1.206934928894043,-5.487232685089111,289.131591796875
644,-92.82704162597656,-182.97358749389647,119,170.41497802734375,0.0003,1,a2c_lr_opt_seed1,2.764617443084717,335.30322265625,1.2508281469345093,2.415658712387085,178.9143524169922
647,-55.799381256103516,-182.10739433288575,111,494.0545349121094,0.0003,1,a2c_lr_opt_seed1,-14.640789031982422,1017.3931274414062,1.2398335933685303,-12.38674545288086,478.19073486328125
647,-55.799381256103516,-182.10739433288575,111,128.0756378173828,0.0003,1,a2c_lr_opt_seed1,-8.618572235107422,273.3908996582031,1.2409740686416626,-6.166332721710205,311.3302917480469
647,-55.799381256103516,-182.10739433288575,111,163.8835906982422,0.0003,1,a2c_lr_opt_seed1,-13.466137886047363,354.701904296875,1.2134586572647095,-11.746804237365723,526.0186767578125
651,-213.92376708984375,-187.53796180725098,100,607.9169311523438,0.0003,1,a2c_lr_opt_seed1,-15.084831237792969,1246.0059814453125,1.2054331302642822,-12.73258113861084,631.2174072265625
652,-362.9637451171875,-192.47024559020997,155,248.15550231933594,0.0003,1,a2c_lr_opt_seed1,-1.460442066192627,499.234375,1.2372314929962158,-2.693391799926758,247.2174835205078
653,-334.21240234375,-197.1932639312744,145,241.71832275390625,0.0003,1,a2c_lr_opt_seed1,-12.675219535827637,508.78955078125,1.2324098348617554,-11.801054954528809,547.0361938476562
655,-225.3932342529297,-199.72395088195802,234,111.13836669921875,0.0003,1,a2c_lr_opt_seed1,-10.398067474365234,243.0753631591797,1.2535048723220825,-8.192464828491211,337.95111083984375
657,-121.00706481933594,-203.68768844604492,128,171.64108276367188,0.0003,1,a2c_lr_opt_seed1,-7.690182685852051,358.6650390625,1.2534209489822388,-6.095626354217529,267.6501159667969
659,-44.708404541015625,-200.32591064453126,151,58.00788879394531,0.0003,1,a2c_lr_opt_seed1,-2.706721305847168,121.43172454833984,1.2508916854858398,-2.268961191177368,158.73898315429688
661,-363.14459228515625,-206.70599937438965,128,149.74819946289062,0.0003,1,a2c_lr_opt_seed1,-2.906266212463379,305.3114318847656,1.249679684638977,-1.9868909120559692,132.18788146972656
661,-363.14459228515625,-206.70599937438965,128,75.64286804199219,0.0003,1,a2c_lr_opt_seed1,0.5495098233222961,150.18923950195312,1.2579550743103027,0.7743597030639648,50.32779312133789
663,-56.24751663208008,-207.81400482177733,135,255.4053955078125,0.0003,1,a2c_lr_opt_seed1,-5.8397369384765625,522.4927978515625,1.2700406312942505,-4.236079216003418,296.75189208984375
665,-182.2845916748047,-209.95723754882812,126,343.49212646484375,0.0003,1,a2c_lr_opt_seed1,-11.155204772949219,709.2972412109375,1.270375370979309,-9.00912857055664,324.707763671875
667,-240.68197631835938,-214.24177093505858,130,367.94024658203125,0.0003,1,a2c_lr_opt_seed1,-5.987569332122803,747.858154296875,1.253125548362732,-4.54826545715332,227.9349365234375
669,-184.64212036132812,-213.85884490966797,181,49.16360855102539,0.0003,1,a2c_lr_opt_seed1,2.705575466156006,92.91860961914062,1.2716244459152222,2.7823920249938965,127.89568328857422
671,-109.36483001708984,-212.76738220214844,109,116.82599639892578,0.0003,1,a2c_lr_opt_seed1,2.056971788406372,229.54061889648438,1.2838306427001953,2.078179359436035,119.87873840332031
673,-95.73039245605469,-206.7066014099121,159,132.77572631835938,0.0003,1,a2c_lr_opt_seed1,-7.437085151672363,280.42822265625,1.2922859191894531,-4.735818862915039,172.57235717773438
674,-241.76815795898438,-208.60226150512696,145,116.65148162841797,0.0003,1,a2c_lr_opt_seed1,-5.436281681060791,244.17803955078125,1.2601217031478882,-3.694768190383911,170.78872680664062
676,-256.5573425292969,-206.57490859985353,90,310.097412109375,0.0003,1,a2c_lr_opt_seed1,-12.947463989257812,646.0921630859375,1.2303516864776611,-9.89792251586914,462.0658874511719
678,-127.1348876953125,-209.9547583770752,192,223.18157958984375,0.0003,1,a2c_lr_opt_seed1,-3.8280768394470215,454.02178955078125,1.2410757541656494,-3.291013717651367,227.8383026123047
679,-377.92291259765625,-214.7989069366455,194,55.00309753417969,0.0003,1,a2c_lr_opt_seed1,-1.3212693929672241,112.65122985839844,1.2455146312713623,-0.34764572978019714,67.17786407470703
682,-73.74662780761719,-204.4439444732666,165,187.6400146484375,0.0003,1,a2c_lr_opt_seed1,-0.03498578071594238,375.35247802734375,1.2387957572937012,-0.08907175064086914,72.06734466552734
682,-73.74662780761719,-204.4439444732666,165,119.36339569091797,0.0003,1,a2c_lr_opt_seed1,8.306416511535645,222.11636352539062,1.2060905694961548,7.292993068695068,388.210693359375
684,-35.138816833496094,-198.50534019470214,87,108.56023406982422,0.0003,1,a2c_lr_opt_seed1,7.660098075866699,201.8026885986328,1.205818772315979,6.672863006591797,323.50579833984375
688,-126.90796661376953,-197.30464164733885,204,316.1181945800781,0.0003,1,a2c_lr_opt_seed1,-7.7667155265808105,647.7722778320312,1.216522455215454,-5.771695613861084,221.82872009277344
689,-152.11732482910156,-199.22282485961915,152,54.96747589111328,0.0003,1,a2c_lr_opt_seed1,2.105433702468872,105.72657775878906,1.2470982074737549,2.01326322555542,114.57669067382812
690,-41.46868133544922,-189.89338806152344,246,37.513648986816406,0.0003,1,a2c_lr_opt_seed1,2.467550277709961,70.09471130371094,1.258206844329834,2.302873134613037,108.81069946289062
692,-78.43253326416016,-185.3301515197754,98,66.03338623046875,0.0003,1,a2c_lr_opt_seed1,-2.359483480453491,136.7882080078125,1.2378780841827393,-2.036203384399414,83.85453033447266
693,-210.98187255859375,-188.1849688720703,114,206.9498748779297,0.0003,1,a2c_lr_opt_seed1,-6.329346656799316,426.5609130859375,1.2388360500335693,-4.750847339630127,224.6591033935547
694,-339.1610412597656,-193.1116488647461,187,123.17411041259766,0.0003,1,a2c_lr_opt_seed1,-0.9779472351074219,248.30661010742188,1.246476411819458,-0.1504969596862793,79.66268920898438
695,-72.52796936035156,-188.41456787109374,115,90.95987701416016,0.0003,1,a2c_lr_opt_seed1,-8.579636573791504,199.08145141601562,1.2162120342254639,-6.892756462097168,330.9638977050781
697,28.508270263671875,-188.59872611999512,103,503.0822448730469,0.0003,1,a2c_lr_opt_seed1,-0.1919105052947998,1006.55078125,1.2071255445480347,-0.7507367134094238,231.02081298828125
701,-210.60580444335938,-186.82215354919433,152,119.87031555175781,0.0003,1,a2c_lr_opt_seed1,-1.5933701992034912,242.92979431152344,1.21000075340271,-1.1920865774154663,107.48824310302734
702,-305.2947692871094,-185.66877403259278,137,53.91529846191406,0.0003,1,a2c_lr_opt_seed1,-0.8666661381721497,109.56639099121094,1.2321099042892456,-0.3587992787361145,62.00532150268555
703,-62.349544525146484,-180.2315168762207,89,68.26850128173828,0.0003,1,a2c_lr_opt_seed1,-1.709139347076416,139.9577178955078,1.2209941148757935,-1.663647174835205,91.9039535522461
704,-189.3894805908203,-172.5546824645996,94,183.3905487060547,0.0003,1,a2c_lr_opt_seed1,6.805098056793213,353.1733093261719,1.203503131866455,5.5977463722229,328.1837158203125
705,-107.6347885131836,-170.1995135498047,211,259.79388427734375,0.0003,1,a2c_lr_opt_seed1,-6.405533790588379,532.4012451171875,1.2010011672973633,-5.248808860778809,279.0908203125
708,-307.5374755859375,-173.5675033569336,216,215.4068603515625,0.0003,1,a2c_lr_opt_seed1,5.99289608001709,418.8303527832031,1.2024450302124023,5.971094131469727,254.6422882080078
711,-230.536865234375,-168.4499304962158,205,226.8236846923828,0.0003,1,a2c_lr_opt_seed1,-13.717529296875,481.08489990234375,1.240488886833191,-9.551380157470703,374.67913818359375
711,-230.536865234375,-168.4499304962158,205,83.76133728027344,0.0003,1,a2c_lr_opt_seed1,-8.727349281311035,184.97982788085938,1.2276939153671265,-6.218123912811279,290.4066467285156
714,-86.01355743408203,-164.5344580078125,70,155.2159423828125,0.0003,1,a2c_lr_opt_seed1,-6.294564723968506,323.0234680175781,1.216083288192749,-6.034732818603516,362.45623779296875
715,-286.88763427734375,-166.62651885986327,152,134.6706085205078,0.0003,1,a2c_lr_opt_seed1,4.533756732940674,260.2761535644531,1.2148836851119995,4.141790390014648,239.34255981445312
717,-258.75067138671875,-166.74079467773439,136,64.80358123779297,0.0003,1,a2c_lr_opt_seed1,-3.9217379093170166,137.453125,1.2443599700927734,-2.0703964233398438,94.04845428466797
719,-145.78631591796875,-163.0299514770508,170,78.59553527832031,0.0003,1,a2c_lr_opt_seed1,-0.20712929964065552,157.60780334472656,1.2336922883987427,0.5647698640823364,54.56297302246094
720,-134.20693969726562,-166.02688217163086,141,481.64532470703125,0.0003,1,a2c_lr_opt_seed1,17.723407745361328,927.8463134765625,1.2424585819244385,14.340347290039062,642.7860717773438
722,-329.3833923339844,-170.76263046264648,134,481.5072021484375,0.0003,1,a2c_lr_opt_seed1,-0.5557492971420288,964.12841796875,1.2591999769210815,-1.374101996421814,189.29193115234375
724,-87.74687957763672,-167.50980895996094,151,56.04801940917969,0.0003,1,a2c_lr_opt_seed1,0.7864135503768921,110.52572631835938,1.2574620246887207,0.8994463086128235,39.978031158447266
724,-87.74687957763672,-167.50980895996094,151,305.6795959472656,0.0003,1,a2c_lr_opt_seed1,18.948837280273438,573.4639892578125,1.2414350509643555,16.30826759338379,786.1895751953125
725,-219.7602996826172,-166.32311309814452,175,167.97097778320312,0.0003,1,a2c_lr_opt_seed1,-3.3668413162231445,342.6781311035156,1.2534291744232178,-2.6310958862304688,125.75914001464844
726,-46.37290573120117,-162.11942436218263,134,67.40912628173828,0.0003,1,a2c_lr_opt_seed1,1.7055858373641968,131.40957641601562,1.253557562828064,1.8853766918182373,121.46246337890625
730,-189.25025939941406,-154.07739501953125,346,159.6907501220703,0.0003,1,a2c_lr_opt_seed1,-4.861630439758301,329.1072692871094,1.2485337257385254,-3.3675785064697266,109.87205505371094
730,-189.25025939941406,-154.07739501953125,346,78.32645416259766,0.0003,1,a2c_lr_opt_seed1,2.213052272796631,152.22921752929688,1.2079561948776245,2.6589550971984863,135.51268005371094
732,-66.98971557617188,-155.75470626831054,84,132.5189666748047,0.0003,1,a2c_lr_opt_seed1,7.007938385009766,251.02444458007812,1.191864013671875,6.892786979675293,344.9971618652344
734,-14.846046447753906,-154.44045639038086,88,123.9436264038086,0.0003,1,a2c_lr_opt_seed1,4.775562286376953,238.3385467529297,1.216107964515686,4.69580602645874,236.2350616455078
735,-238.04461669921875,-157.80746688842774,179,345.4913024902344,0.0003,1,a2c_lr_opt_seed1,1.984313726425171,687.016357421875,1.195674180984497,0.5865228176116943,113.6139144897461
738,-182.7366180419922,-156.49075653076173,186,92.62535095214844,0.0003,1,a2c_lr_opt_seed1,-2.698627471923828,190.650390625,1.2173593044281006,-1.2110096216201782,84.44981384277344
739,-171.58346557617188,-156.88007934570314,141,130.8066864013672,0.0003,1,a2c_lr_opt_seed1,1.0671119689941406,259.48162841796875,1.2287873029708862,1.367317795753479,106.12798309326172
740,-127.24624633789062,-158.59563064575195,125,82.97483825683594,0.0003,1,a2c_lr_opt_seed1,-0.3440587520599365,166.64019775390625,1.2085785865783691,1.4637091159820557,64.37156677246094
741,-48.1199951171875,-157.79664749145508,121,194.3061065673828,0.0003,1,a2c_lr_opt_seed1,3.657848358154297,381.29888916015625,1.1948127746582031,5.431674003601074,254.016845703125
742,-244.2051544189453,-161.11209991455078,212,209.2908172607422,0.0003,1,a2c_lr_opt_seed1,-5.392524242401123,429.3690490722656,1.1885902881622314,-4.988061428070068,241.52621459960938
743,-338.7120361328125,-163.66670318603516,152,170.4176025390625,0.0003,1,a2c_lr_opt_seed1,3.18453049659729,334.46856689453125,1.1998672485351562,2.272883415222168,118.05573272705078
746,-75.35227966308594,-157.52013916015625,270,106.17301940917969,0.0003,1,a2c_lr_opt_seed1,3.864421844482422,204.61964416503906,1.2193329334259033,3.8246326446533203,195.38357543945312
746,-75.35227966308594,-157.52013916015625,270,169.63523864746094,0.0003,1,a2c_lr_opt_seed1,8.235177993774414,322.80255126953125,1.2238787412643433,7.533315658569336,392.6511535644531
749,-65.33145141601562,-150.88920257568358,269,97.59782409667969,0.0003,1,a2c_lr_opt_seed1,-3.818892002105713,202.83587646484375,1.2227027416229248,-2.0807042121887207,78.76063537597656
750,-105.52728271484375,-151.17104598999023,170,44.56963348388672,0.0003,1,a2c_lr_opt_seed1,-1.7936233282089233,92.72892761230469,1.2051410675048828,-1.2246720790863037,54.09730911254883
751,-141.6358642578125,-149.7916471862793,172,73.54481506347656,0.0003,1,a2c_lr_opt_seed1,5.551892280578613,135.98825073242188,1.2066435813903809,4.831487655639648,195.82940673828125
754,-15.410011291503906,-139.97396034240722,189,70.41989135742188,0.0003,1,a2c_lr_opt_seed1,3.6947648525238037,133.4526824951172,1.2110512256622314,3.634592294692993,167.10821533203125
755,-138.54888916015625,-140.59224235534668,172,46.51090621948242,0.0003,1,a2c_lr_opt_seed1,-0.1691070795059204,93.36241912841797,1.1965430974960327,0.9057893753051758,57.077354431152344
756,-53.09273910522461,-135.0215104675293,174,171.4556121826172,0.0003,1,a2c_lr_opt_seed1,-2.3502237796783447,347.614013671875,1.1785778999328613,-2.192394971847534,167.1175079345703
758,-14.553329467773438,-131.92623641967774,99,283.24835205078125,0.0003,1,a2c_lr_opt_seed1,-5.877810001373291,578.2545776367188,1.1353007555007935,-3.6034083366394043,188.359619140625
760,-175.27365112304688,-135.09327949523924,231,160.95640563964844,0.0003,1,a2c_lr_opt_seed1,2.9560041427612305,316.0030517578125,1.1236517429351807,1.6367541551589966,102.04448699951172
763,-41.84270095825195,-136.11499603271486,143,67.90249633789062,0.0003,1,a2c_lr_opt_seed1,0.4896998405456543,134.82794189453125,1.1724469661712646,0.8187447786331177,58.30685043334961
763,-41.84270095825195,-136.11499603271486,143,25.47734260559082,0.0003,1,a2c_lr_opt_seed1,1.763114094734192,47.43083190917969,1.1879576444625854,1.4846693277359009,65.43892669677734
764,-85.92210388183594,-136.11316696166992,138,46.45915603637695,0.0003,1,a2c_lr_opt_seed1,-0.5669562816619873,94.0545654296875,1.1712363958358765,-0.35860300064086914,26.7529354095459
767,-202.199462890625,-129.95624450683593,138,86.54037475585938,0.0003,1,a2c_lr_opt_seed1,-6.566695213317871,186.21646118164062,1.1618289947509766,-5.814361095428467,226.21035766601562
767,-202.199462890625,-129.95624450683593,138,43.6058464050293,0.0003,1,a2c_lr_opt_seed1,4.058650970458984,79.09671020507812,1.1606284379959106,3.8136277198791504,178.6624755859375
769,-201.06884765625,-131.95054992675782,232,90.65264892578125,0.0003,1,a2c_lr_opt_seed1,1.5420044660568237,178.22357177734375,1.147790551185608,1.4665886163711548,69.38031005859375
769,-201.06884765625,-131.95054992675782,232,59.961307525634766,0.0003,1,a2c_lr_opt_seed1,4.040999412536621,111.84294128417969,1.1620534658432007,4.344109535217285,175.20469665527344
771,-16.45526123046875,-128.6326816558838,124,41.29053497314453,0.0003,1,a2c_lr_opt_seed1,-5.040287017822266,92.66398620605469,1.1719841957092285,-3.5963363647460938,140.70957946777344
772,-302.9273681640625,-128.10356117248534,251,76.18668365478516,0.0003,1,a2c_lr_opt_seed1,-7.06947660446167,166.51466369628906,1.1739325523376465,-5.695897579193115,251.18470764160156
775,-183.774658203125,-131.50471702575683,193,122.68502044677734,0.0003,1,a2c_lr_opt_seed1,-2.9967901706695557,251.36593627929688,1.156397819519043,-2.432481527328491,184.1685028076172
777,-50.3145866394043,-134.65093894958497,219,59.609928131103516,0.0003,1,a2c_lr_opt_seed1,-1.1251014471054077,121.4724349975586,1.184907078742981,0.22197690606117249,46.76945114135742
777,-50.3145866394043,-134.65093894958497,219,63.481754302978516,0.0003,1,a2c_lr_opt_seed1,2.6522138118743896,121.66142272949219,1.1716467142105103,3.1636862754821777,134.6652374267578
778,-231.9281768798828,-138.21635330200195,181,204.4173126220703,0.0003,1,a2c_lr_opt_seed1,-14.876530647277832,438.5899658203125,1.139809489250183,-11.671384811401367,543.412109375
778,-231.9281768798828,-138.21635330200195,181,68.6617431640625,0.0003,1,a2c_lr_opt_seed1,3.8838276863098145,129.55812072753906,1.1447323560714722,3.9369144439697266,196.3628692626953
779,-118.87919616699219,-139.5772462463379,187,169.26315307617188,0.0003,1,a2c_lr_opt_seed1,-1.6383119821548462,341.80517578125,1.136297583580017,-1.0493253469467163,114.31173706054688
779,-118.87919616699219,-139.5772462463379,187,224.07359313964844,0.0003,1,a2c_lr_opt_seed1,1.9590106010437012,444.2314147949219,1.1330204010009766,2.10888671875,200.47344970703125
781,-226.01620483398438,-139.99318435668945,265,441.6352844238281,0.0003,1,a2c_lr_opt_seed1,-12.645428657531738,908.5636596679688,1.1199254989624023,-12.256832122802734,638.31591796875
785,-335.9632873535156,-154.29911392211915,248,210.10682678222656,0.0003,1,a2c_lr_opt_seed1,-1.4789185523986816,423.1737365722656,1.1331181526184082,-0.7022032141685486,136.95901489257812
785,-335.9632873535156,-154.29911392211915,248,120.06698608398438,0.0003,1,a2c_lr_opt_seed1,3.774813175201416,232.5866241455078,1.1405786275863647,3.3731913566589355,121.51386260986328
786,-106.32640075683594,-154.9619157409668,149,107.21495819091797,0.0003,1,a2c_lr_opt_seed1,-4.726271629333496,223.8847198486328,1.1264151334762573,-3.5169150829315186,187.8966522216797
787,-242.4241943359375,-155.59791244506835,131,103.46479034423828,0.0003,1,a2c_lr_opt_seed1,5.232858657836914,196.46617126464844,1.1510536670684814,4.766161918640137,248.62039184570312
788,-289.437744140625,-157.731934967041,284,112.61587524414062,0.0003,1,a2c_lr_opt_seed1,6.583185195922852,212.06776428222656,1.1905659437179565,6.219507217407227,229.77125549316406
790,-34.3040771484375,-151.91279205322266,188,113.69366455078125,0.0003,1,a2c_lr_opt_seed1,4.7031450271606445,217.98338317871094,1.1734570264816284,4.898462772369385,215.7013702392578
793,-29.114349365234375,-141.9797006225586,205,139.35302734375,0.0003,1,a2c_lr_opt_seed1,3.907424211502075,270.89349365234375,1.1444272994995117,3.827576160430908,176.58399963378906
794,-83.50595092773438,-139.49889862060547,238,137.8211212158203,0.0003,1,a2c_lr_opt_seed1,1.6959965229034424,272.2524719238281,1.1123853921890259,1.4865463972091675,75.18817138671875
794,-83.50595092773438,-139.49889862060547,238,80.50245666503906,0.0003,1,a2c_lr_opt_seed1,2.698235034942627,155.6107177734375,1.133215308189392,2.9414963722229004,177.3094024658203
796,-31.715003967285156,-140.59710708618164,132,64.95508575439453,0.0003,1,a2c_lr_opt_seed1,1.7860679626464844,126.34033966064453,1.15556800365448,2.0248255729675293,140.39344787597656
797,-256.0433349609375,-143.57620391845703,167,361.97552490234375,0.0003,1,a2c_lr_opt_seed1,-7.645920753479004,739.2453002929688,1.1878294944763184,-7.100283622741699,357.9228820800781
798,-77.95709228515625,-143.58373947143554,163,120.86186981201172,0.0003,1,a2c_lr_opt_seed1,1.1260499954223633,239.47401428222656,1.1921629905700684,1.0072526931762695,45.49646759033203
799,-312.44537353515625,-148.52601791381835,294,112.10897064208984,0.0003,1,a2c_lr_opt_seed1,1.6856606006622314,220.84898376464844,1.186163067817688,1.5836031436920166,83.24626159667969
799,-312.44537353515625,-148.52601791381835,294,96.86246490478516,0.0003,1,a2c_lr_opt_seed1,-9.110300064086914,211.94784545898438,1.1609140634536743,-6.675390243530273,295.3061218261719
801,-59.79115295410156,-152.66305130004883,191,454.6142883300781,0.0003,1,a2c_lr_opt_seed1,5.933143138885498,897.3645629882812,1.1165324449539185,5.603555202484131,236.74717712402344
804,-33.52625274658203,-163.34507431030272,164,153.78936767578125,0.0003,1,a2c_lr_opt_seed1,-4.713161468505859,317.0073547363281,1.1416352987289429,-4.41898250579834,202.21238708496094
804,-33.52625274658203,-163.34507431030272,164,88.2186050415039,0.0003,1,a2c_lr_opt_seed1,0.6477879285812378,175.14393615722656,1.1541754007339478,1.6031596660614014,76.43533325195312
804,-33.52625274658203,-163.34507431030272,164,58.234188079833984,0.0003,1,a2c_lr_opt_seed1,-0.9503558874130249,118.37138366699219,1.1501083374023438,0.09894752502441406,71.574951171875
806,20.17475128173828,-163.92922523498535,118,232.87940979003906,0.0003,1,a2c_lr_opt_seed1,-6.704380035400391,479.169921875,1.1788710355758667,-6.1979756355285645,312.2649841308594
809,-330.5645751953125,-164.47579887390137,159,186.76321411132812,0.0003,1,a2c_lr_opt_seed1,-4.833658695220947,383.19610595703125,1.1805318593978882,-3.013814926147461,181.87637329101562
809,-330.5645751953125,-164.47579887390137,159,168.13412475585938,0.0003,1,a2c_lr_opt_seed1,4.031614780426025,328.2073059082031,1.1402190923690796,3.8829195499420166,270.69903564453125
811,-349.35845947265625,-169.10986198425292,189,341.0931396484375,0.0003,1,a2c_lr_opt_seed1,-4.945748329162598,692.0800170898438,1.1397236585617065,-5.367912292480469,352.19219970703125
812,-31.04419708251953,-162.24106147766113,122,71.8635482788086,0.0003,1,a2c_lr_opt_seed1,-0.7411823868751526,145.2117156982422,1.13280189037323,0.8696740865707397,52.52481460571289
813,-51.25846481323242,-162.42937675476074,144,351.97125244140625,0.0003,1,a2c_lr_opt_seed1,0.37844783067703247,703.1878662109375,1.1233341693878174,-1.0104856491088867,236.7263946533203
814,-337.0721740722656,-167.45237815856933,133,79.99528503417969,0.0003,1,a2c_lr_opt_seed1,4.118300914764404,151.7562713623047,1.1509475708007812,3.574066638946533,132.93756103515625
815,7.924812316894531,-163.9601245880127,101,29.56027603149414,0.0003,1,a2c_lr_opt_seed1,-4.369902610778809,67.8626937866211,1.1671903133392334,-3.322479248046875,117.83699798583984
816,-352.65533447265625,-169.2047667694092,249,82.01473999023438,0.0003,1,a2c_lr_opt_seed1,-2.7223188877105713,169.47637939453125,1.1315072774887085,-2.0037145614624023,129.57772827148438
818,-212.29971313476562,-171.87895866394044,190,138.3341522216797,0.0003,1,a2c_lr_opt_seed1,2.6118814945220947,271.44683837890625,1.1388766765594482,1.8215442895889282,113.59059143066406
819,-130.4204559326172,-170.46599082946778,208,240.7034454345703,0.0003,1,a2c_lr_opt_seed1,-13.240070343017578,507.88934326171875,1.1667976379394531,-10.230360984802246,454.82891845703125
820,-238.49591064453125,-174.20407608032227,158,170.0430145263672,0.0003,1,a2c_lr_opt_seed1,6.879201889038086,326.3299560546875,1.1532062292099,6.387088775634766,310.503662109375
821,-137.01010131835938,-176.6151728820801,145,198.39453125,0.0003,1,a2c_lr_opt_seed1,8.017152786254883,380.7571105957031,1.1777033805847168,7.598880290985107,403.7032165527344
824,-179.29324340820312,-170.01889183044435,193,145.66078186035156,0.0003,1,a2c_lr_opt_seed1,-0.13298523426055908,291.58984375,1.1575871706008911,0.49122512340545654,71.33064270019531
825,-42.57912826538086,-167.19498123168944,140,161.76376342773438,0.0003,1,a2c_lr_opt_seed1,-4.2630720138549805,332.0559997558594,1.1541714668273926,-2.42039155960083,91.09453582763672
826,-251.42718505859375,-168.5866993713379,863,330.0742492675781,0.0003,1,a2c_lr_opt_seed1,6.1317548751831055,647.8872680664062,1.1170909404754639,5.106044292449951,221.6840362548828
827,15.222518920898438,-167.27595726013183,111,93.00430297851562,0.0003,1,a2c_lr_opt_seed1,2.490476608276367,181.02992248535156,1.1385924816131592,2.6333682537078857,106.15628051757812
827,15.222518920898438,-167.27595726013183,111,108.37651062011719,0.0003,1,a2c_lr_opt_seed1,10.892889022827148,194.96954345703125,1.1513326168060303,8.128087043762207,334.73974609375
827,15.222518920898438,-167.27595726013183,111,79.97241973876953,0.0003,1,a2c_lr_opt_seed1,-3.054168462753296,166.0555419921875,1.1806676387786865,-3.335946798324585,163.08712768554688
829,-65.20379638671875,-162.4966576385498,153,130.4735870361328,0.0003,1,a2c_lr_opt_seed1,-3.8730313777923584,268.6955261230469,1.145395278930664,-2.9271209239959717,107.76139831542969
830,-230.20086669921875,-163.4549227142334,303,121.14060974121094,0.0003,1,a2c_lr_opt_seed1,4.898313999176025,232.4868927001953,1.1541141271591187,5.299371719360352,236.49681091308594
832,-219.19342041015625,-160.2046279144287,246,83.64823913574219,0.0003,1,a2c_lr_opt_seed1,-3.938743829727173,175.17628479003906,1.1613750457763672,-3.2720248699188232,140.48526000976562
833,-222.98939514160156,-162.7287100982666,196,38.78864669799805,0.0003,1,a2c_lr_opt_seed1,0.17453527450561523,77.23057556152344,1.1730928421020508,0.41012144088745117,21.094179153442383
834,5.722908020019531,-155.12936729431152,133,98.05707550048828,0.0003,1,a2c_lr_opt_seed1,-1.3691258430480957,198.85470581054688,1.1521480083465576,-1.1572754383087158,120.8276596069336
834,5.722908020019531,-155.12936729431152,133,79.16024017333984,0.0003,1,a2c_lr_opt_seed1,1.9376509189605713,154.4473419189453,1.0814827680587769,2.36051869392395,93.09693908691406
835,-300.0084228515625,-154.41027000427246,329,153.90640258789062,0.0003,1,a2c_lr_opt_seed1,4.639400482177734,298.5361022949219,1.0536834001541138,5.025790691375732,193.75608825683594
836,-217.85543823242188,-156.64085075378418,238,309.306640625,0.0003,1,a2c_lr_opt_seed1,-8.881651878356934,636.3787841796875,1.0883773565292358,-6.59670877456665,402.13427734375
838,-36.44912338256836,-151.50828964233398,136,192.03216552734375,0.0003,1,a2c_lr_opt_seed1,-0.6816620826721191,385.4299621582031,1.1539493799209595,-1.150425910949707,124.08018493652344
839,-317.37249755859375,-158.38436981201173,191,64.38151550292969,0.0003,1,a2c_lr_opt_seed1,3.398855686187744,121.9676513671875,1.1694390773773193,3.4313011169433594,180.78872680664062
839,-317.37249755859375,-158.38436981201173,191,134.74755859375,0.0003,1,a2c_lr_opt_seed1,9.286222457885742,250.9250946044922,1.2100903987884521,9.262962341308594,388.57427978515625
840,-83.00399780273438,-159.35836822509765,148,103.15970611572266,0.0003,1,a2c_lr_opt_seed1,-4.570366382598877,215.4625701904297,1.2116013765335083,-3.610213279724121,181.53680419921875
841,-233.79330444335938,-162.66973876953125,335,32.712242126464844,0.0003,1,a2c_lr_opt_seed1,2.54634952545166,60.334110260009766,1.1653860807418823,2.588702917098999,117.05538940429688
843,-68.12443542480469,-163.49699928283692,145,97.63582611083984,0.0003,1,a2c_lr_opt_seed1,4.363593101501465,186.5467987060547,1.163720965385437,4.398653030395508,174.2799530029297
843,-68.12443542480469,-163.49699928283692,145,54.352813720703125,0.0003,1,a2c_lr_opt_seed1,-2.5866031646728516,113.88118743896484,1.1767494678497314,-2.454007863998413,110.707275390625
844,-83.90164947509766,-163.50491325378417,105,194.29159545898438,0.0003,1,a2c_lr_opt_seed1,-3.1482434272766113,394.8820495605469,1.196168303489685,-3.0478808879852295,164.8019561767578
846,-364.4522705078125,-171.46406593322754,286,80.3965072631836,0.0003,1,a2c_lr_opt_seed1,-1.6467729806900024,164.08892822265625,1.184870958328247,-1.73916757106781,128.16033935546875
847,-70.52479553222656,-167.7536951446533,117,41.606719970703125,0.0003,1,a2c_lr_opt_seed1,4.6284918785095215,73.9588623046875,1.2032039165496826,4.108138561248779,162.68516540527344
847,-70.52479553222656,-167.7536951446533,117,90.88837432861328,0.0003,1,a2c_lr_opt_seed1,7.918429374694824,165.94229125976562,1.194919228553772,7.206845283508301,234.1287384033203
847,-70.52479553222656,-167.7536951446533,117,62.439144134521484,0.0003,1,a2c_lr_opt_seed1,1.9042747020721436,121.07215881347656,1.2093453407287598,2.305185317993164,74.33988189697266
848,-16.465492248535156,-166.5238631439209,286,85.78953552246094,0.0003,1,a2c_lr_opt_seed1,1.4614049196243286,168.65863037109375,1.1805238723754883,1.705276608467102,49.10529708862305
850,6.690296173095703,-156.4150047302246,1001,186.52064514160156,0.0003,1,a2c_lr_opt_seed1,-1.4328875541687012,375.9093933105469,1.1619164943695068,-1.3711401224136353,143.20335388183594
852,-235.4549560546875,-156.71901382446288,171,351.5870666503906,0.0003,1,a2c_lr_opt_seed1,-4.1799445152282715,711.5362548828125,1.1370320320129395,-4.733246326446533,326.4756164550781
852,-235.4549560546875,-156.71901382446288,171,49.73288345336914,0.0003,1,a2c_lr_opt_seed1,3.155862331390381,93.15629577636719,1.1252925395965576,2.7578344345092773,81.08070373535156
854,-44.89393615722656,-149.62178153991698,112,221.33328247070312,0.0003,1,a2c_lr_opt_seed1,1.3912341594696045,439.8863220214844,1.1092572212219238,2.564190149307251,105.88790893554688
854,-44.89393615722656,-149.62178153991698,112,73.27140808105469,0.0003,1,a2c_lr_opt_seed1,2.774078369140625,140.99693298339844,1.139697790145874,3.4145874977111816,218.7871856689453
854,-44.89393615722656,-149.62178153991698,112,79.23442840576172,0.0003,1,a2c_lr_opt_seed1,3.386767625808716,151.69760131835938,1.1385234594345093,3.489346981048584,183.58729553222656
856,-339.9317626953125,-151.37272621154784,469,266.1185302734375,0.0003,1,a2c_lr_opt_seed1,-4.1610426902771,540.5614013671875,1.1152057647705078,-2.551790237426758,159.98092651367188
857,-480.57318115234375,-158.48511268615724,407,103.09915924072266,0.0003,1,a2c_lr_opt_seed1,1.7506680488586426,202.69923400878906,1.129235029220581,1.530717372894287,79.65122985839844
858,-305.38128662109375,-164.55332695007326,862,66.10926055908203,0.0003,1,a2c_lr_opt_seed1,-3.0054759979248047,138.231689453125,1.1097248792648315,-1.613837480545044,99.04058074951172
859,-227.92437744140625,-162.50052299499512,193,232.09996032714844,0.0003,1,a2c_lr_opt_seed1,-7.733314514160156,479.66876220703125,1.1123294830322266,-6.107515335083008,323.1120300292969
859,-227.92437744140625,-162.50052299499512,193,211.8754425048828,0.0003,1,a2c_lr_opt_seed1,4.586833477020264,414.5793762207031,1.0888481140136719,4.090385437011719,164.63833618164062
861,-21.924468994140625,-155.88992485046387,144,53.81133270263672,0.0003,1,a2c_lr_opt_seed1,-1.6998770236968994,111.024658203125,1.1168220043182373,-0.44890734553337097,33.535037994384766
863,12.462570190429688,-158.5964335632324,191,553.853271484375,0.0003,1,a2c_lr_opt_seed1,-0.12687891721725464,1107.9625244140625,1.1277058124542236,0.7916012406349182,87.19015502929688
863,12.462570190429688,-158.5964335632324,191,77.36511993408203,0.0003,1,a2c_lr_opt_seed1,6.129788398742676,142.47296142578125,1.1538785696029663,5.56041145324707,200.4276123046875
865,-157.39376831054688,-156.00356384277345,211,92.12232971191406,0.0003,1,a2c_lr_opt_seed1,5.115323066711426,174.01634216308594,1.1687703132629395,5.781106948852539,272.4187927246094
865,-157.39376831054688,-156.00356384277345,211,37.168312072753906,0.0003,1,a2c_lr_opt_seed1,1.2740931510925293,71.79073333740234,1.1498725414276123,1.940124750137329,82.61113739013672
866,-28.872482299804688,-149.5279067993164,171,68.83169555664062,0.0003,1,a2c_lr_opt_seed1,2.083261489868164,133.49913024902344,1.1314928531646729,2.0058000087738037,62.1796760559082
867,-194.56097412109375,-148.00743927001952,190,88.36187744140625,0.0003,1,a2c_lr_opt_seed1,-3.69171142578125,184.1094512939453,1.1349916458129883,-2.9996836185455322,98.21734619140625
868,-195.79519653320312,-147.67734893798828,179,310.6622619628906,0.0003,1,a2c_lr_opt_seed1,5.201499938964844,610.923828125,1.165388822555542,4.094334602355957,141.62738037109375
870,-2.0013198852539062,-140.66538040161132,136,122.7859115600586,0.0003,1,a2c_lr_opt_seed1,-0.5503116846084595,246.67471313476562,1.138239860534668,0.07230699062347412,62.48243713378906
871,-248.42433166503906,-142.89366500854493,263,141.8971405029297,0.0003,1,a2c_lr_opt_seed1,2.667696714401245,278.46112060546875,1.1186845302581787,4.085550785064697,203.30032348632812
872,-31.675865173339844,-140.75954559326172,139,69.27854919433594,0.0003,1,a2c_lr_opt_seed1,-0.2632506489753723,139.08584594726562,1.1247353553771973,-0.256502628326416,71.0069351196289
873,5.081459045410156,-139.93113349914552,124,43.98590850830078,0.0003,1,a2c_lr_opt_seed1,-2.4130606651306152,92.80020141601562,1.133033037185669,-1.4975920915603638,74.5641098022461
874,-315.2367248535156,-142.65000312805176,237,54.87073516845703,0.0003,1,a2c_lr_opt_seed1,-0.22250843048095703,110.18872833251953,1.1220581531524658,0.015639126300811768,39.45512390136719
876,-345.0325927734375,-144.24166061401368,201,490.5950927734375,0.0003,1,a2c_lr_opt_seed1,-11.94900131225586,1005.0904541015625,1.1272417306900024,-11.462020874023438,557.8872680664062
876,-345.0325927734375,-144.24166061401368,201,44.78459167480469,0.0003,1,a2c_lr_opt_seed1,2.7640864849090576,84.04324340820312,1.1185086965560913,1.9303797483444214,57.76449966430664
877,-82.70301818847656,-146.20017135620117,633,130.5083465576172,0.0003,1,a2c_lr_opt_seed1,0.3324113190174103,260.3541259765625,1.1328731775283813,0.5899845361709595,68.28013610839844
878,-203.3643798828125,-149.33468704223634,219,210.6853790283203,0.0003,1,a2c_lr_opt_seed1,-0.09145957231521606,421.5559387207031,1.1225892305374146,1.2482593059539795,93.98629760742188
878,-203.3643798828125,-149.33468704223634,219,78.56340026855469,0.0003,1,a2c_lr_opt_seed1,-6.086338520050049,169.30177307128906,1.1475391387939453,-4.409598350524902,194.4718017578125
879,-379.76507568359375,-155.62591262817384,258,454.000244140625,0.0003,1,a2c_lr_opt_seed1,-2.3160037994384766,912.6346435546875,1.0538098812103271,-3.552548408508301,258.6841125488281
879,-379.76507568359375,-155.62591262817384,258,116.06961059570312,0.0003,1,a2c_lr_opt_seed1,6.2581024169921875,219.625244140625,1.1107730865478516,6.429203987121582,198.59642028808594
881,-231.79019165039062,-152.89266845703125,220,179.1444091796875,0.0003,1,a2c_lr_opt_seed1,2.2163171768188477,353.8583679199219,1.0939816236495972,1.0663199424743652,143.28097534179688
882,-22.196447372436523,-148.95272899627685,1001,90.06861114501953,0.0003,1,a2c_lr_opt_seed1,7.269477844238281,165.6005096435547,1.118101954460144,6.775025844573975,252.90097045898438
883,-87.69503784179688,-146.24684185028076,313,154.9310302734375,0.0003,1,a2c_lr_opt_seed1,-7.6217851638793945,325.1078186035156,1.1060702800750732,-5.079273223876953,184.0156707763672
884,-256.6644592285156,-151.49458919525148,369,63.8576774597168,0.0003,1,a2c_lr_opt_seed1,5.449410915374756,116.81866455078125,1.065589427947998,5.539279460906982,205.88853454589844
886,9.06097412109375,-145.71276943206786,122,107.32544708251953,0.0003,1,a2c_lr_opt_seed1,4.076530456542969,206.5000762939453,1.1236809492111206,4.751424312591553,173.39480590820312
888,-82.91703796386719,-143.33439472198486,215,47.9703483581543,0.0003,1,a2c_lr_opt_seed1,-1.4496461153030396,98.84232330322266,1.1679372787475586,-0.8321189880371094,41.16917037963867
889,-61.398616790771484,-138.2149171066284,167,266.4613342285156,0.0003,1,a2c_lr_opt_seed1,0.6370984315872192,531.6506958007812,1.1120163202285767,0.6516610383987427,101.0433120727539
890,-35.203269958496094,-137.25890254974365,238,57.49956130981445,0.0003,1,a2c_lr_opt_seed1,0.885349452495575,113.23063659667969,1.1069843769073486,1.3449795246124268,55.82138442993164
890,-35.203269958496094,-137.25890254974365,238,67.00101470947266,0.0003,1,a2c_lr_opt_seed1,4.2356157302856445,125.53303527832031,1.120074987411499,4.618383884429932,202.3922882080078
891,-117.698974609375,-134.93701595306396,208,136.6287384033203,0.0003,1,a2c_lr_opt_seed1,-3.945729970932007,281.151123046875,1.0947121381759644,-1.8123586177825928,56.47697448730469
892,-75.65758514404297,-135.662239112854,223,72.7967300415039,0.0003,1,a2c_lr_opt_seed1,-2.9898781776428223,151.57530212402344,1.0418599843978882,-3.1555793285369873,122.78504180908203
893,-121.59095001220703,-136.73156940460206,237,119.32805633544922,0.0003,1,a2c_lr_opt_seed1,4.658491134643555,229.3411102294922,0.9954202175140381,6.231807231903076,238.53086853027344
894,-176.9827880859375,-138.59319217681886,211,155.7199249267578,0.0003,1,a2c_lr_opt_seed1,2.6362924575805664,306.1693115234375,1.0225377082824707,2.352242946624756,85.7737808227539
895,-35.59880828857422,-134.73193347930908,139,204.3716583251953,0.0003,1,a2c_lr_opt_seed1,-0.780646562576294,410.30670166015625,1.0591418743133545,-2.6961419582366943,249.86257934570312
896,-300.70166015625,-133.45692127227784,215,114.54622650146484,0.0003,1,a2c_lr_opt_seed1,3.423597812652588,222.24740600585938,1.0771079063415527,4.304327964782715,249.00555419921875
898,-196.1826171875,-135.15410327911377,344,61.92261505126953,0.0003,1,a2c_lr_opt_seed1,-2.5625698566436768,128.97265625,1.1461433172225952,-0.9164160490036011,49.53462219238281
898,-196.1826171875,-135.15410327911377,344,32.849735260009766,0.0003,1,a2c_lr_opt_seed1,-2.826076030731201,71.35383605957031,1.1061358451843262,-2.764492988586426,139.18685913085938
899,-305.81634521484375,-137.11210193634034,346,110.22173309326172,0.0003,1,a2c_lr_opt_seed1,4.408621788024902,211.62840270996094,1.0897141695022583,3.4792914390563965,120.35686492919922
899,-305.81634521484375,-137.11210193634034,346,53.29562759399414,0.0003,1,a2c_lr_opt_seed1,0.5858242511749268,105.4217758178711,1.0831807851791382,1.1343539953231812,72.65359497070312
901,-241.42491149902344,-142.9967353439331,226,87.06046295166016,0.0003,1,a2c_lr_opt_seed1,-4.042471408843994,182.2080078125,1.0648510456085205,-2.858880043029785,115.14806365966797
901,-241.42491149902344,-142.9967353439331,226,31.82610511779785,0.0003,1,a2c_lr_opt_seed1,-2.843320846557617,69.34091186523438,1.0290184020996094,-2.4163718223571777,57.580074310302734
902,-109.67294311523438,-140.48109508514403,206,79.0267105102539,0.0003,1,a2c_lr_opt_seed1,0.349740207195282,157.35595703125,1.0059748888015747,1.0780309438705444,53.46842956542969
903,-223.460205078125,-144.22592334747316,280,125.15081024169922,0.0003,1,a2c_lr_opt_seed1,6.425642967224121,237.45236206054688,1.0151249170303345,6.017367839813232,245.81886291503906
905,-236.66433715820312,-149.09430377960206,586,153.9537811279297,0.0003,1,a2c_lr_opt_seed1,-5.437478065490723,318.7846374511719,1.056215524673462,-3.4449234008789062,94.5201416015625
906,-151.8752899169922,-145.33317432403564,391,132.59347534179688,0.0003,1,a2c_lr_opt_seed1,2.1392979621887207,260.9105224609375,1.0873204469680786,2.3320236206054688,87.6220474243164
908,-182.4480438232422,-134.67999164581298,265,143.98648071289062,0.0003,1,a2c_lr_opt_seed1,3.2273950576782227,281.52032470703125,1.0804110765457153,3.8310728073120117,182.72703552246094
908,-182.4480438232422,-134.67999164581298,265,360.0959777832031,0.0003,1,a2c_lr_opt_seed1,6.754047870635986,706.68603515625,1.0879712104797363,6.710840225219727,233.3446502685547
908,-182.4480438232422,-134.67999164581298,265,329.401611328125,0.0003,1,a2c_lr_opt_seed1,5.443161964416504,647.9190673828125,1.0900332927703857,6.053366661071777,249.1570587158203
910,-146.3003692626953,-125.63785999298096,218,157.98439025878906,0.0003,1,a2c_lr_opt_seed1,1.4841138124465942,313.0026550292969,1.0500959157943726,0.9932240843772888,80.91913604736328
911,-98.32728576660156,-127.16591632843017,199,123.12120819091797,0.0003,1,a2c_lr_opt_seed1,4.125638961791992,237.9932861328125,1.0763877630233765,5.214777946472168,205.17202758789062
912,-215.3335723876953,-126.87077442169189,257,69.33132934570312,0.0003,1,a2c_lr_opt_seed1,-0.671572744846344,140.00799560546875,1.0991334915161133,-0.5546355843544006,53.470096588134766
914,-3.9205551147460938,-130.20951206207275,214,150.5166473388672,0.0003,1,a2c_lr_opt_seed1,-4.484851360321045,310.00518798828125,1.1060302257537842,-2.3164663314819336,101.58660125732422
915,-22.257301330566406,-127.50678272247315,227,107.83937072753906,0.0003,1,a2c_lr_opt_seed1,2.3651652336120605,210.95069885253906,1.1425999402999878,1.566660761833191,50.48951721191406
915,-22.257301330566406,-127.50678272247315,227,130.03123474121094,0.0003,1,a2c_lr_opt_seed1,2.593190908432007,254.87832641601562,1.1159882545471191,3.5740549564361572,174.79063415527344
916,23.71746063232422,-126.45498386383056,210,55.840572357177734,0.0003,1,a2c_lr_opt_seed1,1.0319056510925293,109.61954498291016,1.105745553970337,2.0499584674835205,88.97512817382812
917,-156.86386108398438,-125.70104160308838,198,67.15279388427734,0.0003,1,a2c_lr_opt_seed1,-0.714560866355896,135.73690795898438,1.0948286056518555,-0.20415925979614258,42.146366119384766
919,14.815711975097656,-125.97419971466064,114,94.2193832397461,0.0003,1,a2c_lr_opt_seed1,6.610241889953613,175.2205047607422,1.1169220209121704,6.1870269775390625,192.87643432617188
920,-30.12122344970703,-126.53659778594971,167,89.22913360595703,0.0003,1,a2c_lr_opt_seed1,3.7614221572875977,170.93768310546875,1.1260586977005005,4.91853666305542,157.71246337890625
920,-30.12122344970703,-126.53659778594971,167,44.654598236083984,0.0003,1,a2c_lr_opt_seed1,-0.5294384956359863,90.37030029296875,1.1126259565353394,-0.07380640506744385,37.990604400634766
920,-30.12122344970703,-126.53659778594971,167,260.0600280761719,0.0003,1,a2c_lr_opt_seed1,7.948192119598389,504.2258605957031,1.0930362939834595,8.153865814208984,322.1214294433594
922,-117.42098999023438,-124.02621417999268,370,66.51032257080078,0.0003,1,a2c_lr_opt_seed1,-0.2064620703458786,133.435791015625,1.1101129055023193,0.588764488697052,40.62588119506836
922,-117.42098999023438,-124.02621417999268,370,60.080780029296875,0.0003,1,a2c_lr_opt_seed1,1.651654601097107,116.86043548583984,1.089546799659729,1.8715978860855103,45.91801071166992
925,-16.596832275390625,-125.04628498077392,207,231.6428680419922,0.0003,1,a2c_lr_opt_seed1,-10.005143165588379,483.2982177734375,1.092032790184021,-7.801784515380859,282.4472961425781
925,-16.596832275390625,-125.04628498077392,207,86.42160034179688,0.0003,1,a2c_lr_opt_seed1,2.5676229000091553,167.71022033691406,1.1314133405685425,3.16072154045105,90.3450927734375
927,-69.8370590209961,-118.36595203399658,298,142.62985229492188,0.0003,1,a2c_lr_opt_seed1,5.488027095794678,274.2858581542969,1.1055693626403809,5.751468181610107,212.88539123535156
927,-69.8370590209961,-118.36595203399658,298,45.59587860107422,0.0003,1,a2c_lr_opt_seed1,5.598398208618164,79.99710083007812,1.069144368171692,5.755510330200195,188.16566467285156
927,-69.8370590209961,-118.36595203399658,298,45.47673797607422,0.0003,1,a2c_lr_opt_seed1,0.895997166633606,89.16360473632812,1.0591626167297363,2.0325186252593994,63.740501403808594
927,-69.8370590209961,-118.36595203399658,298,111.95925903320312,0.0003,1,a2c_lr_opt_seed1,3.581665515899658,216.75729370117188,1.0528481006622314,5.056289196014404,182.2766876220703
927,-69.8370590209961,-118.36595203399658,298,85.77432250976562,0.0003,1,a2c_lr_opt_seed1,-2.137834072113037,175.82643127441406,1.0588157176971436,-1.8496583700180054,68.76075744628906
928,-207.21487426757812,-118.44296192169189,152,260.489013671875,0.0003,1,a2c_lr_opt_seed1,-0.04136061668395996,521.0628662109375,1.055310845375061,-1.0694682598114014,180.69688415527344
929,12.256641387939453,-110.60252758026122,1001,118.9720458984375,0.0003,1,a2c_lr_opt_seed1,2.021449327468872,233.90333557128906,1.0657066106796265,3.0856261253356934,116.63646697998047
930,-72.81893920898438,-111.87055446624755,277,85.60992431640625,0.0003,1,a2c_lr_opt_seed1,-3.2363479137420654,177.69459533691406,1.025877833366394,-3.0991392135620117,122.79048919677734
931,-257.48797607421875,-112.38451015472413,305,141.97122192382812,0.0003,1,a2c_lr_opt_seed1,-1.5905320644378662,287.12554931640625,1.02912437915802,-2.009157180786133,160.2328643798828
932,-287.84332275390625,-117.69744766235351,429,179.45669555664062,0.0003,1,a2c_lr_opt_seed1,-9.617313385009766,378.15008544921875,1.0439547300338745,-8.83553695678711,327.06292724609375
935,-270.8572998046875,-119.30223007202149,461,199.70021057128906,0.0003,1,a2c_lr_opt_seed1,1.333306074142456,396.7359313964844,1.0701013803482056,0.7630392909049988,91.33574676513672
935,-270.8572998046875,-119.30223007202149,461,38.08778762817383,0.0003,1,a2c_lr_opt_seed1,-0.3850807845592499,76.94792175292969,1.0915560722351074,-1.0717229843139648,69.58689880371094
935,-270.8572998046875,-119.30223007202149,461,67.02828979492188,0.0003,1,a2c_lr_opt_seed1,4.396541595458984,125.265625,1.065993309020996,5.202911853790283,199.2343292236328
936,-89.51659393310547,-121.27378143310547,235,137.60086059570312,0.0003,1,a2c_lr_opt_seed1,-1.4018371105194092,278.00750732421875,1.0572576522827148,-0.4680764973163605,50.9660530090332
936,-89.51659393310547,-121.27378143310547,235,73.88397979736328,0.0003,1,a2c_lr_opt_seed1,0.8141466379165649,146.1417694091797,1.0516142845153809,1.139176607131958,48.823219299316406
936,-89.51659393310547,-121.27378143310547,235,192.67947387695312,0.0003,1,a2c_lr_opt_seed1,7.002396583557129,371.3562927246094,1.0705385208129883,6.0189104080200195,210.86610412597656
936,-89.51659393310547,-121.27378143310547,235,131.42449951171875,0.0003,1,a2c_lr_opt_seed1,-3.346500873565674,269.54412841796875,1.0750972032546997,-1.733860969543457,98.17784881591797
938,-78.70040893554688,-124.11059555053711,326,52.1000862121582,0.0003,1,a2c_lr_opt_seed1,0.8410361409187317,102.52020263671875,1.0513697862625122,0.8967620730400085,27.340280532836914
938,-78.70040893554688,-124.11059555053711,326,71.72502136230469,0.0003,1,a2c_lr_opt_seed1,4.888796806335449,133.674560546875,1.0562682151794434,4.737672805786133,147.5586700439453
939,-254.03274536132812,-127.96327812194824,322,96.63404846191406,0.0003,1,a2c_lr_opt_seed1,-2.582465887069702,198.43511962890625,1.0423965454101562,-3.719815254211426,174.66314697265625
939,-254.03274536132812,-127.96327812194824,322,28.14750099182129,0.0003,1,a2c_lr_opt_seed1,1.9177641868591309,52.461517333984375,1.0223029851913452,2.312591791152954,71.312255859375
939,-254.03274536132812,-127.96327812194824,322,66.39126586914062,0.0003,1,a2c_lr_opt_seed1,1.0918277502059937,130.60089111328125,1.0085889101028442,1.597397804260254,56.572265625
939,-254.03274536132812,-127.96327812194824,322,44.03939437866211,0.0003,1,a2c_lr_opt_seed1,-1.509002923965454,91.09880065917969,1.0029382705688477,-0.9884381294250488,37.2274055480957
942,-63.691368103027344,-134.67567054748534,324,618.2317504882812,0.0003,1,a2c_lr_opt_seed1,-2.045287847518921,1240.5560302734375,0.9770491719245911,-8.967355728149414,575.9552612304688
943,-318.0177001953125,-138.60420555114746,206,61.87617874145508,0.0003,1,a2c_lr_opt_seed1,-0.9010661244392395,125.55657196044922,1.0431419610977173,-0.798866868019104,36.81399917602539
944,-166.29058837890625,-138.39036155700683,187,76.77424621582031,0.0003,1,a2c_lr_opt_seed1,-0.3580583930015564,154.26669311523438,1.0469692945480347,-1.4747426509857178,54.093692779541016
945,-255.00018310546875,-142.77838905334474,314,162.1646728515625,0.0003,1,a2c_lr_opt_seed1,6.333738327026367,311.6639709472656,1.0468382835388184,6.057397842407227,185.1155548095703
945,-255.00018310546875,-142.77838905334474,314,32.040557861328125,0.0003,1,a2c_lr_opt_seed1,-2.2101683616638184,68.5036392211914,1.0941932201385498,-1.609128713607788,52.799171447753906
946,6.023124694824219,-136.64389335632325,155,71.69772338867188,0.0003,1,a2c_lr_opt_seed1,-2.3305606842041016,148.05873107910156,1.084002137184143,-1.2785985469818115,52.410614013671875
948,-3.6176064014434814,-133.4247272348404,1001,104.27198791503906,0.0003,1,a2c_lr_opt_seed1,3.7966349124908447,200.95278930664062,1.0456933975219727,3.7992937564849854,116.16180419921875
950,-99.96066284179688,-128.3832181406021,209,122.42524719238281,0.0003,1,a2c_lr_opt_seed1,3.2737021446228027,238.3052215576172,1.0671889781951904,2.9372968673706055,94.93911743164062
950,-99.96066284179688,-128.3832181406021,209,61.830650329589844,0.0003,1,a2c_lr_opt_seed1,1.472324252128601,120.7188720703125,1.1098268032073975,2.012026786804199,86.57909393310547
950,-99.96066284179688,-128.3832181406021,209,63.12626647949219,0.0003,1,a2c_lr_opt_seed1,-0.05062413215637207,126.35598754882812,1.104257345199585,0.46246081590652466,28.42711067199707
951,-4.0885009765625,-123.63648993015289,149,152.51345825195312,0.0003,1,a2c_lr_opt_seed1,8.46357250213623,288.10198974609375,1.1207188367843628,7.181863784790039,210.2758026123047
951,-4.0885009765625,-123.63648993015289,149,34.54214859008789,0.0003,1,a2c_lr_opt_seed1,-1.2314000129699707,71.54923248291016,1.0686262845993042,-0.8468233346939087,31.00059700012207
951,-4.0885009765625,-123.63648993015289,149,63.97922134399414,0.0003,1,a2c_lr_opt_seed1,5.050955772399902,117.858642578125,1.057511806488037,5.100574016571045,153.7623748779297
951,-4.0885009765625,-123.63648993015289,149,61.4219970703125,0.0003,1,a2c_lr_opt_seed1,2.596400260925293,117.6533203125,1.0655887126922607,3.24346923828125,117.62701416015625
952,-63.625545501708984,-122.71554197788238,229,65.44060516357422,0.0003,1,a2c_lr_opt_seed1,4.812249660491943,121.25886535644531,1.0787309408187866,5.044968605041504,130.89405822753906
952,-63.625545501708984,-122.71554197788238,229,151.52120971679688,0.0003,1,a2c_lr_opt_seed1,2.1207032203674316,298.80316162109375,1.0754292011260986,2.5135679244995117,116.51860046386719
952,-63.625545501708984,-122.71554197788238,229,77.51677703857422,0.0003,1,a2c_lr_opt_seed1,3.320302963256836,148.39511108398438,1.0848041772842407,3.704786777496338,133.93516540527344
953,-83.86286926269531,-119.9235952615738,472,63.99184799194336,0.0003,1,a2c_lr_opt_seed1,-2.3759703636169434,132.73773193359375,1.0487196445465088,-1.3665270805358887,35.55202865600586
955,-189.40176391601562,-119.83344480991363,378,117.78977966308594,0.0003,1,a2c_lr_opt_seed1,0.6123297214508057,234.3570098876953,1.0553803443908691,1.0808801651000977,72.435302734375
955,-189.40176391601562,-119.83344480991363,378,133.4673309326172,0.0003,1,a2c_lr_opt_seed1,6.619582176208496,253.69772338867188,1.1097218990325928,4.884330749511719,150.05641174316406
955,-189.40176391601562,-119.83344480991363,378,51.761356353759766,0.0003,1,a2c_lr_opt_seed1,3.146601676940918,97.23175811767578,1.1243524551391602,2.577331066131592,77.0064926147461
956,-153.00994873046875,-119.85613798618317,329,91.60145568847656,0.0003,1,a2c_lr_opt_seed1,-2.4744515419006348,188.154052734375,1.1230344772338867,-2.330409526824951,79.08700561523438
957,-230.665771484375,-123.05250761508941,245,162.9292755126953,0.0003,1,a2c_lr_opt_seed1,-5.030363082885742,335.9215087890625,1.1193708181381226,-4.823031425476074,260.71234130859375
957,-230.665771484375,-123.05250761508941,245,52.53491973876953,0.0003,1,a2c_lr_opt_seed1,2.282090663909912,100.50790405273438,1.1209516525268555,2.581716775894165,89.1344223022461
957,-230.665771484375,-123.05250761508941,245,57.929622650146484,0.0003,1,a2c_lr_opt_seed1,-0.5960760116577148,117.05364990234375,1.123868703842163,0.3670118451118469,49.98454666137695
957,-230.665771484375,-123.05250761508941,245,36.19707489013672,0.0003,1,a2c_lr_opt_seed1,-0.42471909523010254,73.24580383300781,1.1055017709732056,0.42020392417907715,29.617177963256836
958,-58.957603454589844,-120.58269880771637,251,88.03858947753906,0.0003,1,a2c_lr_opt_seed1,0.26632916927337646,175.54672241210938,1.0964329242706299,1.0981398820877075,61.45838928222656
960,-76.22911071777344,-121.34913832187652,348,117.1912612915039,0.0003,1,a2c_lr_opt_seed1,-2.436579465866089,239.25778198242188,1.0536359548568726,-0.6361876726150513,53.841983795166016
961,-191.48434448242188,-123.21227949619293,657,209.79458618164062,0.0003,1,a2c_lr_opt_seed1,6.544469356536865,406.50238037109375,1.0720481872558594,5.007436752319336,168.19500732421875
961,-191.48434448242188,-123.21227949619293,657,37.05472946166992,0.0003,1,a2c_lr_opt_seed1,1.8136389255523682,70.48432922363281,1.075400710105896,1.9467175006866455,63.01494216918945
962,-4.3243255615234375,-118.9920945596695,111,138.27122497558594,0.0003,1,a2c_lr_opt_seed1,8.092597961425781,260.3594055175781,1.078552484512329,7.449928283691406,232.06594848632812
964,-20.41475486755371,-117.70003138065339,1001,109.27787017822266,0.0003,1,a2c_lr_opt_seed1,-3.8930869102478027,226.34402465820312,1.0563483238220215,-4.021653175354004,109.89698791503906
965,-304.536376953125,-123.34561289310456,325,280.8564147949219,0.0003,1,a2c_lr_opt_seed1,-2.359524726867676,566.433837890625,0.982630729675293,-4.386565208435059,181.21267700195312
967,-59.607200622558594,-122.42174784183503,189,142.41366577148438,0.0003,1,a2c_lr_opt_seed1,1.572031021118164,281.68536376953125,1.0573692321777344,2.218299627304077,86.57575225830078
967,-59.607200622558594,-122.42174784183503,189,66.55377960205078,0.0003,1,a2c_lr_opt_seed1,2.1031670570373535,128.9033203125,1.0471620559692383,2.2203164100646973,62.397315979003906
967,-59.607200622558594,-122.42174784183503,189,69.41422271728516,0.0003,1,a2c_lr_opt_seed1,3.740152359008789,131.35023498535156,1.048796534538269,4.561051368713379,148.6456756591797
969,-95.2807388305664,-120.42168863773345,277,126.01738739013672,0.0003,1,a2c_lr_opt_seed1,1.4366177320480347,249.16375732421875,1.109428882598877,1.2347694635391235,42.060462951660156
970,-7.626735687255859,-119.97179888248444,1001,40.83559036254883,0.0003,1,a2c_lr_opt_seed1,2.12235689163208,77.42865753173828,1.0930571556091309,2.643038034439087,81.48390197753906
970,-7.626735687255859,-119.97179888248444,1001,27.373037338256836,0.0003,1,a2c_lr_opt_seed1,1.6517293453216553,51.44482421875,1.1037036180496216,1.7215651273727417,52.63196563720703
971,-117.26936340332031,-121.57398561954498,268,173.03060913085938,0.0003,1,a2c_lr_opt_seed1,-3.1064321994781494,352.2762145996094,1.075528621673584,-2.163083553314209,91.69445037841797
972,11.0970458984375,-119.00362490177154,118,88.8168716430664,0.0003,1,a2c_lr_opt_seed1,-1.1950814723968506,180.02601623535156,1.0538097620010376,-0.3737218379974365,35.22810363769531
972,11.0970458984375,-119.00362490177154,118,35.97687530517578,0.0003,1,a2c_lr_opt_seed1,-2.421196937561035,76.79826354980469,1.0601389408111572,-2.0179636478424072,61.378170013427734
975,-237.59278869628906,-118.45389147281647,309,139.72274780273438,0.0003,1,a2c_lr_opt_seed1,-1.696481704711914,282.84051513671875,1.0182164907455444,-1.6870558261871338,72.1551742553711
975,-237.59278869628906,-118.45389147281647,309,108.48149871826172,0.0003,1,a2c_lr_opt_seed1,-2.5612378120422363,222.0875244140625,1.0245455503463745,-0.8699007034301758,52.23198318481445
977,-108.28614044189453,-120.05706606388092,253,217.98956298828125,0.0003,1,a2c_lr_opt_seed1,-1.831798791885376,439.6447448730469,1.0133024454116821,0.41139256954193115,81.42582702636719
980,43.439361572265625,-119.21973551273346,118,142.64117431640625,0.0003,1,a2c_lr_opt_seed1,4.373176574707031,276.5381164550781,1.0624691247940063,6.154253005981445,184.46685791015625
980,43.439361572265625,-119.21973551273346,118,90.4004898071289,0.0003,1,a2c_lr_opt_seed1,-4.971125602722168,190.74537658691406,1.0790501832962036,-5.307665824890137,134.8666229248047
980,43.439361572265625,-119.21973551273346,118,23.404315948486328,0.0003,1,a2c_lr_opt_seed1,1.1723052263259888,44.4660758972168,1.0284312963485718,1.4145234823226929,49.65765380859375
982,-144.07440185546875,-114.45642740726471,212,183.7970428466797,0.0003,1,a2c_lr_opt_seed1,-3.8134679794311523,375.2230529785156,1.0258171558380127,-4.459711074829102,196.49276733398438
982,-144.07440185546875,-114.45642740726471,212,33.5875129699707,0.0003,1,a2c_lr_opt_seed1,0.07435190677642822,67.02847290039062,1.0752118825912476,0.9837409257888794,31.8913631439209
983,-57.03459930419922,-111.33660364627838,177,123.51306915283203,0.0003,1,a2c_lr_opt_seed1,1.8253979682922363,243.3774871826172,1.0735541582107544,2.381105422973633,88.39952850341797
983,-57.03459930419922,-111.33660364627838,177,57.61271667480469,0.0003,1,a2c_lr_opt_seed1,0.508057177066803,114.2114486694336,1.0654261112213135,0.89374840259552,28.498493194580078
985,-78.8079833984375,-104.04691782474518,231,49.950843811035156,0.0003,1,a2c_lr_opt_seed1,-1.2584919929504395,102.42076110839844,1.0447664260864258,-0.3153616786003113,34.99939727783203
985,-78.8079833984375,-104.04691782474518,231,242.02017211914062,0.0003,1,a2c_lr_opt_seed1,11.640424728393555,460.7615966796875,1.0543808937072754,11.193992614746094,295.80810546875
987,-38.227149963378906,-98.68402262210846,316,57.37089157104492,0.0003,1,a2c_lr_opt_seed1,-1.6657757759094238,118.07550811767578,1.085600733757019,-1.5451993942260742,53.83000183105469
987,-38.227149963378906,-98.68402262210846,316,33.12538528442383,0.0003,1,a2c_lr_opt_seed1,2.1338062286376953,61.9853401184082,1.0892984867095947,2.2525274753570557,65.76600646972656
987,-38.227149963378906,-98.68402262210846,316,78.33233642578125,0.0003,1,a2c_lr_opt_seed1,2.3234047889709473,152.02000427246094,1.0682876110076904,3.3719778060913086,71.45718383789062
988,-19.101150512695312,-97.49203745365143,153,88.93743896484375,0.0003,1,a2c_lr_opt_seed1,3.2781081199645996,171.3207550048828,1.0426651239395142,3.4786953926086426,89.8424301147461
988,-19.101150512695312,-97.49203745365143,153,52.32337951660156,0.0003,1,a2c_lr_opt_seed1,1.0429933071136475,102.56288146972656,1.051835060119629,1.7394468784332275,55.41886520385742
988,-19.101150512695312,-97.49203745365143,153,63.83753204345703,0.0003,1,a2c_lr_opt_seed1,-3.3820765018463135,134.44139099121094,1.0876582860946655,-3.0610010623931885,85.02052307128906
990,-37.692283630371094,-89.84759363651276,258,123.7599868774414,0.0003,1,a2c_lr_opt_seed1,2.948680877685547,241.6248321533203,1.104845643043518,2.8007712364196777,88.07565307617188
990,-37.692283630371094,-89.84759363651276,258,59.37082290649414,0.0003,1,a2c_lr_opt_seed1,-5.15194034576416,129.04779052734375,1.132173776626587,-5.318451404571533,144.669921875
991,-70.46981811523438,-86.12659632205963,1001,51.85524368286133,0.0003,1,a2c_lr_opt_seed1,5.314615726470947,93.08341979980469,1.0832918882369995,5.078246116638184,149.45994567871094
991,-70.46981811523438,-86.12659632205963,1001,36.095802307128906,0.0003,1,a2c_lr_opt_seed1,3.592158555984497,65.0094223022461,1.0680707693099976,3.2834348678588867,85.07186126708984
991,-70.46981811523438,-86.12659632205963,1001,148.0116729736328,0.0003,1,a2c_lr_opt_seed1,4.706003189086914,286.6134948730469,1.0844321250915527,5.2087721824646,200.03245544433594
992,-36.32716751098633,-85.57931231021881,250,42.92717742919922,0.0003,1,a2c_lr_opt_seed1,-2.552943468093872,90.96241760253906,1.0877208709716797,-2.287583589553833,65.80126190185547
992,-36.32716751098633,-85.57931231021881,250,25.655025482177734,0.0003,1,a2c_lr_opt_seed1,3.464543342590332,44.38309860229492,1.0682109594345093,3.583683967590332,83.70966339111328
992,-36.32716751098633,-85.57931231021881,250,31.33283805847168,0.0003,1,a2c_lr_opt_seed1,0.4372265338897705,61.793399810791016,1.0900251865386963,0.9469482898712158,33.943634033203125
992,-36.32716751098633,-85.57931231021881,250,58.76800537109375,0.0003,1,a2c_lr_opt_seed1,-0.6722931861877441,118.88267517089844,1.0377943515777588,-0.16967575252056122,31.0300235748291
994,20.348793029785156,-76.9891235589981,223,147.72608947753906,0.0003,1,a2c_lr_opt_seed1,1.5437465906143188,292.3667297363281,1.0223451852798462,3.3787484169006348,116.41065216064453
995,-230.54737854003906,-76.50006746768952,626,94.20101928710938,0.0003,1,a2c_lr_opt_seed1,3.472869396209717,181.4583282470703,1.0138121843338013,3.8693294525146484,84.00340270996094
996,-105.69985961914062,-78.73452715396881,535,83.21318054199219,0.0003,1,a2c_lr_opt_seed1,0.6107606887817383,165.2068634033203,1.0132112503051758,1.6127358675003052,50.78897476196289
997,-186.6558380126953,-82.32217440128326,755,107.41749572753906,0.0003,1,a2c_lr_opt_seed1,4.785800933837891,205.2655029296875,1.0544567108154297,5.4566121101379395,126.12166595458984
999,64.2880859375,-82.12419094085693,138,65.32220458984375,0.0003,1,a2c_lr_opt_seed1,-3.183546543121338,137.01365661621094,1.0722981691360474,-1.82941734790802,52.82571792602539
1000,19.14502716064453,-79.7420771408081,158,73.11288452148438,0.0003,1,a2c_lr_opt_seed1,1.4337246417999268,143.36044311523438,1.0584654808044434,2.9161784648895264,60.539276123046875
1001,-81.40485382080078,-81.28840419769287,333,140.259765625,0.0003,1,a2c_lr_opt_seed1,0.20112013816833496,280.11932373046875,1.0273014307022095,0.46617984771728516,41.8481559753418
1001,-81.40485382080078,-81.28840419769287,333,74.25660705566406,0.0003,1,a2c_lr_opt_seed1,5.495386123657227,137.5244903564453,1.025738000869751,5.828657627105713,141.5749053955078
1001,-81.40485382080078,-81.28840419769287,333,41.33152770996094,0.0003,1,a2c_lr_opt_seed1,3.6564927101135254,75.35218048095703,1.0553215742111206,3.9489924907684326,86.38750457763672
1002,-9.676048278808594,-80.20941425323487,177,57.60344314575195,0.0003,1,a2c_lr_opt_seed1,5.214609146118164,104.77973937988281,1.0325827598571777,5.475005149841309,123.03975677490234
1004,81.96957397460938,-76.99656757354737,1001,146.63055419921875,0.0003,1,a2c_lr_opt_seed1,-0.7043271064758301,294.671875,1.0586179494857788,-0.11914372444152832,50.91046905517578
1005,-40.286617279052734,-74.01426464080811,279,29.077974319458008,0.0003,1,a2c_lr_opt_seed1,-3.1027634143829346,64.36355590820312,1.0404386520385742,-2.9065043926239014,73.20718383789062
1005,-40.286617279052734,-74.01426464080811,279,128.11827087402344,0.0003,1,a2c_lr_opt_seed1,9.926302909851074,236.385986328125,1.0251948833465576,9.659676551818848,217.0513916015625
1008,-52.26306915283203,-66.44501773834229,300,161.7353515625,0.0003,1,a2c_lr_opt_seed1,-4.294869899749756,332.0625915527344,1.064928650856018,-2.8497519493103027,101.1167221069336
1008,-52.26306915283203,-66.44501773834229,300,17.978105545043945,0.0003,1,a2c_lr_opt_seed1,-3.2766776084899902,42.511566162109375,0.9994918704032898,-2.4774837493896484,58.70188522338867
1009,-12.351402282714844,-65.57364765167236,356,49.26554489135742,0.0003,1,a2c_lr_opt_seed1,0.9217225313186646,96.6896743774414,1.0128458738327026,1.4931061267852783,36.659210205078125
1009,-12.351402282714844,-65.57364765167236,356,96.07321166992188,0.0003,1,a2c_lr_opt_seed1,4.246999740600586,183.65447998046875,1.0321348905563354,5.484571933746338,146.14776611328125
1010,-12.517692565917969,-64.29941928863525,225,133.68411254882812,0.0003,1,a2c_lr_opt_seed1,-4.151788711547852,275.67401123046875,1.0930664539337158,-3.854586601257324,95.7442398071289
1011,19.652252197265625,-60.07668735504151,137,33.38797378540039,0.0003,1,a2c_lr_opt_seed1,-2.0999107360839844,70.97784423828125,1.0391292572021484,-1.9045870304107666,46.915184020996094
1011,19.652252197265625,-60.07668735504151,137,47.3548469543457,0.0003,1,a2c_lr_opt_seed1,0.9194273948669434,92.8729248046875,1.0401414632797241,1.3236889839172363,28.622079849243164
1011,19.652252197265625,-60.07668735504151,137,66.94155883789062,0.0003,1,a2c_lr_opt_seed1,-0.16137051582336426,134.20790100097656,1.0202717781066895,-0.8115094900131226,61.09885025024414
1012,-237.09246826171875,-64.73205020904541,249,147.3543243408203,0.0003,1,a2c_lr_opt_seed1,-3.9655911922454834,302.64190673828125,1.0315033197402954,-4.578003883361816,186.6063232421875
1012,-237.09246826171875,-64.73205020904541,249,86.36971282958984,0.0003,1,a2c_lr_opt_seed1,4.724112510681152,163.29331970214844,1.059411883354187,5.276846885681152,113.10501098632812
1012,-237.09246826171875,-64.73205020904541,249,56.70231246948242,0.0003,1,a2c_lr_opt_seed1,1.4048967361450195,110.59696197509766,1.0639265775680542,1.1051967144012451,34.46727752685547
1013,-6.61920166015625,-62.633104133605954,193,73.55169677734375,0.0003,1,a2c_lr_opt_seed1,-4.53366231918335,156.17288208007812,1.0867058038711548,-3.7716095447540283,96.27584838867188
1014,-135.63323974609375,-64.93747383117676,469,150.69789123535156,0.0003,1,a2c_lr_opt_seed1,3.4187352657318115,294.5603942871094,1.0443589687347412,4.007516860961914,107.40080261230469
1014,-135.63323974609375,-64.93747383117676,469,42.450462341308594,0.0003,1,a2c_lr_opt_seed1,-0.5094428062438965,85.92188262939453,1.0359117984771729,0.5030643939971924,29.159788131713867
1014,-135.63323974609375,-64.93747383117676,469,35.40414810180664,0.0003,1,a2c_lr_opt_seed1,-0.4676012098789215,71.74552154541016,1.010223627090454,-0.024634405970573425,25.5958194732666
1015,-146.92010498046875,-61.78514839172363,567,113.78587341308594,0.0003,1,a2c_lr_opt_seed1,-2.8994603157043457,233.37269592285156,1.015927791595459,-1.3204044103622437,33.0841064453125
1016,-270.12078857421875,-66.64064521789551,431,101.21749114990234,0.0003,1,a2c_lr_opt_seed1,0.10762810707092285,202.2217254638672,0.9990559220314026,0.23428845405578613,43.06373596191406
1017,-112.53315734863281,-67.69916435241699,302,204.34165954589844,0.0003,1,a2c_lr_opt_seed1,2.649454116821289,403.3865051269531,1.049261450767517,2.877622127532959,105.1872329711914
1017,-112.53315734863281,-67.69916435241699,302,80.40434265136719,0.0003,1,a2c_lr_opt_seed1,2.879725694656372,155.0513916015625,1.0790390968322754,3.137263298034668,89.7142105102539
1018,17.886137008666992,-66.73172115325927,1001,93.45478057861328,0.0003,1,a2c_lr_opt_seed1,1.5646262168884277,183.78240966796875,1.054603934288025,2.485279083251953,57.24126052856445
1019,15.681549072265625,-64.51247539520264,137,86.86259460449219,0.0003,1,a2c_lr_opt_seed1,-7.669710636138916,189.06674194335938,1.0688425302505493,-7.732666492462158,165.83984375
1020,-191.4247589111328,-68.18843585968017,519,197.85972595214844,0.0003,1,a2c_lr_opt_seed1,-0.4512063264846802,396.6239013671875,1.0218161344528198,0.9703727960586548,74.28923797607422
1021,-187.94918823242188,-69.60203235626221,204,296.1792297363281,0.0003,1,a2c_lr_opt_seed1,-5.96918249130249,604.2987670898438,0.9616957902908325,-6.340840816497803,202.427490234375
1021,-187.94918823242188,-69.60203235626221,204,98.22859954833984,0.0003,1,a2c_lr_opt_seed1,8.154980659484863,180.14920043945312,0.9878259897232056,8.499214172363281,204.96182250976562
1021,-187.94918823242188,-69.60203235626221,204,107.8223648071289,0.0003,1,a2c_lr_opt_seed1,0.5288629531860352,214.5889892578125,0.9941390156745911,0.7969088554382324,53.84669876098633
1022,22.446327209472656,-69.3750467300415,190,65.2757568359375,0.0003,1,a2c_lr_opt_seed1,0.19273781776428223,130.16802978515625,1.0031185150146484,0.1679089069366455,30.274694442749023
1023,-172.14694213867188,-73.61138980865479,185,108.46260070800781,0.0003,1,a2c_lr_opt_seed1,-5.045427322387695,227.01803588867188,0.9954010248184204,-5.477995872497559,167.97250366210938
1023,-172.14694213867188,-73.61138980865479,185,85.99764251708984,0.0003,1,a2c_lr_opt_seed1,-0.04815673828125,172.09356689453125,0.9853289127349854,0.9419904947280884,57.49323272705078
1024,-207.718505859375,-74.47963687896728,897,142.81881713867188,0.0003,1,a2c_lr_opt_seed1,-2.757105588912964,291.1539001464844,1.0153573751449585,-1.1156672239303589,65.60321807861328
1025,-104.5870132446289,-71.81952136993408,383,148.74876403808594,0.0003,1,a2c_lr_opt_seed1,-5.374248504638672,308.24810791015625,1.0415353775024414,-4.03781795501709,115.16421508789062
1027,-144.7562255859375,-71.87018375396728,337,132.44525146484375,0.0003,1,a2c_lr_opt_seed1,-2.596022605895996,270.0847473144531,1.094849944114685,-1.8459274768829346,54.58352279663086
1028,-198.05557250976562,-70.88158298492432,278,93.19599151611328,0.0003,1,a2c_lr_opt_seed1,-2.5341479778289795,191.4624786376953,1.1007075309753418,-2.975670576095581,87.7439956665039
1028,-198.05557250976562,-70.88158298492432,278,31.494169235229492,0.0003,1,a2c_lr_opt_seed1,1.480787992477417,60.02891540527344,1.076382040977478,1.4827947616577148,47.443695068359375
1028,-198.05557250976562,-70.88158298492432,278,38.61915588378906,0.0003,1,a2c_lr_opt_seed1,3.360915184020996,70.51858520507812,1.0511246919631958,3.361405611038208,78.6920394897461
1028,-198.05557250976562,-70.88158298492432,278,98.41304779052734,0.0003,1,a2c_lr_opt_seed1,0.3604922294616699,196.10723876953125,1.0633256435394287,0.8877015113830566,52.06009292602539
1028,-198.05557250976562,-70.88158298492432,278,82.34938049316406,0.0003,1,a2c_lr_opt_seed1,0.54660964012146,163.607666015625,1.0642772912979126,1.411107063293457,32.19779968261719
1029,-155.843017578125,-73.56115543365479,312,123.269775390625,0.0003,1,a2c_lr_opt_seed1,-4.155230522155762,254.85214233398438,1.0695244073867798,-2.787151336669922,96.57868194580078
1030,13.720909118652344,-74.15552448272705,191,78.68922424316406,0.0003,1,a2c_lr_opt_seed1,-0.33357107639312744,158.0477752685547,1.090050220489502,0.7895544767379761,41.4976921081543
1030,13.720909118652344,-74.15552448272705,191,33.69245910644531,0.0003,1,a2c_lr_opt_seed1,2.981112003326416,61.424888610839844,1.0995699167251587,3.8115241527557373,82.53929138183594
1031,-151.36544799804688,-73.92100360870361,344,173.90907287597656,0.0003,1,a2c_lr_opt_seed1,-2.8731484413146973,353.56658935546875,1.0737836360931396,-1.2288391590118408,83.58842468261719
1031,-151.36544799804688,-73.92100360870361,344,29.394506454467773,0.0003,1,a2c_lr_opt_seed1,0.978967547416687,56.83323669433594,1.0798304080963135,1.542056679725647,38.02824401855469
1033,-87.05384063720703,-74.25627307891845,349,142.03025817871094,0.0003,1,a2c_lr_opt_seed1,0.7339928150177002,282.59466552734375,1.069773554801941,0.8471436500549316,59.8039665222168
1034,-85.96968841552734,-75.85337879180908,1001,118.3567123413086,0.0003,1,a2c_lr_opt_seed1,3.045541763305664,230.6245574951172,1.1078721284866333,3.019655227661133,91.29928588867188
1035,89.62001037597656,-72.4848189163208,1001,49.84162521362305,0.0003,1,a2c_lr_opt_seed1,3.0310118198394775,93.62336730957031,1.0738091468811035,3.203077793121338,63.2187614440918
1036,22.077072143554688,-71.99127490997314,145,60.24167251586914,0.0003,1,a2c_lr_opt_seed1,-0.8096705675125122,122.10474395751953,1.0295062065124512,-1.0712487697601318,57.03507995605469
1036,22.077072143554688,-71.99127490997314,145,29.10243797302246,0.0003,1,a2c_lr_opt_seed1,-2.428673505783081,63.064247131347656,1.0133781433105469,-1.662352204322815,33.87372970581055
1037,-241.72354125976562,-76.06120273590088,535,119.46965789794922,0.0003,1,a2c_lr_opt_seed1,-2.912970781326294,244.7672882080078,1.0151665210723877,-1.6630520820617676,73.93968200683594
1037,-241.72354125976562,-76.06120273590088,535,53.6035041809082,0.0003,1,a2c_lr_opt_seed1,2.7057647705078125,101.7975082397461,1.0138384103775024,3.251102924346924,71.6300048828125
1037,-241.72354125976562,-76.06120273590088,535,45.127357482910156,0.0003,1,a2c_lr_opt_seed1,3.259413480758667,83.73795318603516,1.033522605895996,4.345393180847168,87.25048065185547
1038,4.3497467041015625,-75.59218479156495,427,84.22306823730469,0.0003,1,a2c_lr_opt_seed1,0.8567741513252258,166.7347412109375,1.0745636224746704,1.3566701412200928,32.2247428894043
1038,4.3497467041015625,-75.59218479156495,427,28.990497589111328,0.0003,1,a2c_lr_opt_seed1,-3.1528892517089844,64.28882598876953,1.0270097255706787,-2.7440836429595947,51.66475296020508
1038,4.3497467041015625,-75.59218479156495,427,192.71266174316406,0.0003,1,a2c_lr_opt_seed1,12.828673362731934,359.7700500488281,1.0338938236236572,12.399170875549316,256.099609375
1040,-26.63622283935547,-74.99327136993408,309,118.7564697265625,0.0003,1,a2c_lr_opt_seed1,-0.010863780975341797,237.5367431640625,1.0376595258712769,1.5459117889404297,53.6482048034668
1040,-26.63622283935547,-74.99327136993408,309,90.3931655883789,0.0003,1,a2c_lr_opt_seed1,1.0997095108032227,178.58905029296875,1.064467430114746,1.7507264614105225,59.7860221862793
1041,-33.34172058105469,-74.25070941925048,246,79.60567474365234,0.0003,1,a2c_lr_opt_seed1,2.247530698776245,154.7184600830078,1.086842656135559,3.511762857437134,68.48987579345703
1042,-183.99566650390625,-77.20407939910889,460,134.04339599609375,0.0003,1,a2c_lr_opt_seed1,-6.378498077392578,280.845947265625,1.0888450145721436,-6.039173603057861,154.98040771484375
1042,-183.99566650390625,-77.20407939910889,460,29.486562728881836,0.0003,1,a2c_lr_opt_seed1,0.1996174454689026,58.57602310180664,1.0658674240112305,0.29987311363220215,22.574857711791992
1045,7.87579345703125,-72.5784436416626,184,104.07215118408203,0.0003,1,a2c_lr_opt_seed1,-1.8685343265533447,211.883544921875,1.083531379699707,-1.7199935913085938,68.81878662109375
1045,7.87579345703125,-72.5784436416626,184,33.62588119506836,0.0003,1,a2c_lr_opt_seed1,1.8450367450714111,63.56391143798828,1.1118406057357788,2.240849018096924,56.99107360839844
1045,7.87579345703125,-72.5784436416626,184,37.03104782104492,0.0003,1,a2c_lr_opt_seed1,0.8172140121459961,72.42985534667969,1.0943520069122314,1.2231218814849854,31.786863327026367
1045,7.87579345703125,-72.5784436416626,184,97.67530059814453,0.0003,1,a2c_lr_opt_seed1,3.883477210998535,187.5858154296875,1.0850666761398315,5.777021408081055,109.29991912841797
1046,-1.8784561157226562,-70.50201557159424,122,71.12770080566406,0.0003,1,a2c_lr_opt_seed1,-3.219069004058838,148.69570922851562,1.0812712907791138,-2.5552759170532227,74.8637466430664
1046,-1.8784561157226562,-70.50201557159424,122,22.236162185668945,0.0003,1,a2c_lr_opt_seed1,-4.01605749130249,52.50656509399414,1.0619665384292603,-3.3662219047546387,59.392059326171875
1046,-1.8784561157226562,-70.50201557159424,122,72.4193115234375,0.0003,1,a2c_lr_opt_seed1,6.73193883895874,131.37686157226562,1.0641255378723145,6.602825164794922,137.23715209960938
1048,-78.37303924560547,-67.6826581954956,216,81.60845184326172,0.0003,1,a2c_lr_opt_seed1,-3.824448347091675,170.86795043945312,1.0794804096221924,-3.2541146278381348,85.95892333984375
1048,-78.37303924560547,-67.6826581954956,216,30.823015213012695,0.0003,1,a2c_lr_opt_seed1,-2.4716482162475586,66.59149932861328,1.085391879081726,-2.3657736778259277,54.23319625854492
1048,-78.37303924560547,-67.6826581954956,216,34.28305435180664,0.0003,1,a2c_lr_opt_seed1,1.2172614336013794,66.13372802734375,1.0706305503845215,0.3022373914718628,15.193475723266602
1048,-78.37303924560547,-67.6826581954956,216,63.1099853515625,0.0003,1,a2c_lr_opt_seed1,-2.4511044025421143,131.12425231933594,1.039361834526062,-1.6095129251480103,31.14628791809082
1049,-24.401351928710938,-69.45644695281982,1001,48.89543151855469,0.0003,1,a2c_lr_opt_seed1,-0.6006762385368347,98.99425506591797,1.016928791999817,0.32032108306884766,22.187368392944336
1049,-24.401351928710938,-69.45644695281982,1001,97.35630798339844,0.0003,1,a2c_lr_opt_seed1,-0.8700087666511536,196.45465087890625,1.0094256401062012,-0.7419830560684204,36.67731857299805
1049,-24.401351928710938,-69.45644695281982,1001,94.64655303955078,0.0003,1,a2c_lr_opt_seed1,-3.348994255065918,195.99301147460938,0.9610487818717957,-2.2887773513793945,50.485713958740234
1050,-154.67889404296875,-72.93292537689209,896,99.79725646972656,0.0003,1,a2c_lr_opt_seed1,0.1597762107849121,199.27684020996094,0.9366249442100525,0.27503180503845215,40.35942840576172
1051,-16.944658279418945,-71.64372146606445,1001,86.92198944091797,0.0003,1,a2c_lr_opt_seed1,1.8396680355072021,170.16653442382812,0.9432819485664368,1.9544655084609985,54.08525466918945
1052,-95.66480255126953,-73.36349655151368,398,128.169189453125,0.0003,1,a2c_lr_opt_seed1,3.3905913829803467,249.55906677246094,0.9338377714157104,4.777704238891602,111.658447265625
1053,-112.78422546386719,-74.25801254272461,331,166.85406494140625,0.0003,1,a2c_lr_opt_seed1,-1.9954161643981934,337.7008972167969,0.968248724937439,-0.9296398758888245,70.6703872680664
1053,-112.78422546386719,-74.25801254272461,331,124.75712585449219,0.0003,1,a2c_lr_opt_seed1,4.3608880043029785,240.79449462890625,1.0105215311050415,3.7487740516662598,78.41600799560547
1055,10.317268371582031,-79.44681526184083,129,81.63391876220703,0.0003,1,a2c_lr_opt_seed1,-2.6885857582092285,168.6470489501953,1.0215709209442139,-2.7581801414489746,81.24518585205078
1055,10.317268371582031,-79.44681526184083,129,72.9250717163086,0.0003,1,a2c_lr_opt_seed1,0.5844695568084717,144.68328857421875,1.0435490608215332,1.704143762588501,37.93479537963867
1055,10.317268371582031,-79.44681526184083,129,117.60346984863281,0.0003,1,a2c_lr_opt_seed1,0.6717385053634644,233.86544799804688,0.9937664866447449,1.9871840476989746,57.78293991088867
1055,10.317268371582031,-79.44681526184083,129,121.5880355834961,0.0003,1,a2c_lr_opt_seed1,1.1057087182998657,240.96658325195312,0.9622158408164978,1.7974114418029785,59.34425354003906
1056,-75.43001556396484,-79.87603057861328,272,141.01634216308594,0.0003,1,a2c_lr_opt_seed1,5.479785442352295,271.0751037597656,0.999189555644989,5.4957122802734375,118.04562377929688
1056,-75.43001556396484,-79.87603057861328,272,38.591556549072266,0.0003,1,a2c_lr_opt_seed1,1.8356003761291504,73.51397705078125,1.033151388168335,2.0946154594421387,40.13376235961914
1056,-75.43001556396484,-79.87603057861328,272,159.70359802246094,0.0003,1,a2c_lr_opt_seed1,6.064437389373779,307.28045654296875,1.0705682039260864,7.197855472564697,144.5498046875
1057,3.3283920288085938,-80.65068954467773,230,119.95603942871094,0.0003,1,a2c_lr_opt_seed1,-3.6872012615203857,247.28866577148438,1.0911130905151367,-2.1028692722320557,47.845985412597656
1057,3.3283920288085938,-80.65068954467773,230,166.01161193847656,0.0003,1,a2c_lr_opt_seed1,7.043231010437012,317.93896484375,1.100027322769165,6.64569091796875,171.58251953125
1059,-59.46048355102539,-81.4098917388916,389,66.17425537109375,0.0003,1,a2c_lr_opt_seed1,-4.514555931091309,141.3798828125,1.126807689666748,-3.632946252822876,86.9034423828125
1061,22.113744735717773,-83.27392864227295,1001,122.64783477783203,0.0003,1,a2c_lr_opt_seed1,-0.5775684118270874,246.45298767089844,1.0913786888122559,0.6180504560470581,36.80867385864258
1062,5.559852600097656,-78.42088222503662,223,64.26007843017578,0.0003,1,a2c_lr_opt_seed1,5.13945198059082,118.24334716796875,1.043161392211914,5.367814540863037,95.08454132080078
1062,5.559852600097656,-78.42088222503662,223,35.4915657043457,0.0003,1,a2c_lr_opt_seed1,-0.8146623373031616,72.61454772949219,1.0461493730545044,0.11939993500709534,17.75609588623047
1062,5.559852600097656,-78.42088222503662,223,40.23815155029297,0.0003,1,a2c_lr_opt_seed1,1.0009247064590454,78.4765625,1.0544414520263672,1.6684294939041138,36.48688888549805
1062,5.559852600097656,-78.42088222503662,223,41.530967712402344,0.0003,1,a2c_lr_opt_seed1,3.8418264389038086,75.38042449951172,1.073426604270935,4.0912604331970215,69.29659271240234
1062,5.559852600097656,-78.42088222503662,223,43.38361358642578,0.0003,1,a2c_lr_opt_seed1,-7.541642189025879,101.85266876220703,1.078662633895874,-6.241102695465088,109.11925506591797
1062,5.559852600097656,-78.42088222503662,223,49.29775619506836,0.0003,1,a2c_lr_opt_seed1,1.9293142557144165,94.73892974853516,1.023444414138794,3.0465774536132812,62.19126892089844
1063,-52.06511306762695,-79.32980045318604,262,171.05770874023438,0.0003,1,a2c_lr_opt_seed1,1.6186258792877197,338.8802795410156,1.0593961477279663,3.446125030517578,102.28630828857422
1063,-52.06511306762695,-79.32980045318604,262,147.32766723632812,0.0003,1,a2c_lr_opt_seed1,4.080452919006348,286.49658203125,1.0822060108184814,5.723818302154541,129.7860870361328
1066,5.796424388885498,-68.36386006355286,1001,83.04316711425781,0.0003,1,a2c_lr_opt_seed1,-3.6811914443969727,173.45089721679688,1.0917553901672363,-2.295525312423706,71.33067321777344
1066,5.796424388885498,-68.36386006355286,1001,35.84855270385742,0.0003,1,a2c_lr_opt_seed1,-3.4946134090423584,78.68843078613281,1.0481551885604858,-2.4419851303100586,48.04187774658203
1067,-133.93954467773438,-68.79198781013488,444,52.73912811279297,0.0003,1,a2c_lr_opt_seed1,0.3033878803253174,104.87351989746094,1.0179798603057861,1.3803505897521973,37.47664260864258
1067,-133.93954467773438,-68.79198781013488,444,82.8444595336914,0.0003,1,a2c_lr_opt_seed1,1.7904999256134033,162.1099395751953,1.0060439109802246,2.703249454498291,61.10856628417969
1068,98.34281158447266,-67.18285431861878,1001,69.57244873046875,0.0003,1,a2c_lr_opt_seed1,3.223038673400879,132.7008514404297,1.015548825263977,3.1504528522491455,64.17032623291016
1069,25.64580535888672,-66.98356919288635,235,83.93810272216797,0.0003,1,a2c_lr_opt_seed1,3.14544939994812,161.58734130859375,1.0163589715957642,3.344899892807007,68.71139526367188
1069,25.64580535888672,-66.98356919288635,235,47.552467346191406,0.0003,1,a2c_lr_opt_seed1,3.073350191116333,88.96019744873047,0.9801849722862244,2.767242670059204,48.54264831542969
1069,25.64580535888672,-66.98356919288635,235,33.73295974731445,0.0003,1,a2c_lr_opt_seed1,3.082766056060791,61.3023567199707,0.9829270839691162,3.733994722366333,81.4329605102539
1070,-58.05876922607422,-64.31624939918518,277,150.28668212890625,0.0003,1,a2c_lr_opt_seed1,-0.8646395206451416,302.30474853515625,1.0515286922454834,-1.4799926280975342,51.84072494506836
1070,-58.05876922607422,-64.31624939918518,277,47.40977096557617,0.0003,1,a2c_lr_opt_seed1,-0.6515378952026367,96.12474822998047,1.065049409866333,0.15176087617874146,31.298410415649414
1071,-163.72511291503906,-63.831767892837526,312,259.5423278808594,0.0003,1,a2c_lr_opt_seed1,-2.881531000137329,524.8497314453125,0.9958596229553223,-8.000131607055664,252.17465209960938
1071,-163.72511291503906,-63.831767892837526,312,60.93785858154297,0.0003,1,a2c_lr_opt_seed1,1.60208261013031,118.67359924316406,1.0216387510299683,2.428309440612793,46.450782775878906
1071,-163.72511291503906,-63.831767892837526,312,73.0246353149414,0.0003,1,a2c_lr_opt_seed1,1.4101202487945557,143.23106384277344,1.0146476030349731,1.4834415912628174,30.811161041259766
1071,-163.72511291503906,-63.831767892837526,312,20.165477752685547,0.0003,1,a2c_lr_opt_seed1,0.3979141116142273,39.5372200012207,1.0467865467071533,0.7221494317054749,21.115379333496094
1072,0.4894866943359375,-64.27090470314026,191,190.83251953125,0.0003,1,a2c_lr_opt_seed1,1.5372453927993774,378.5928039550781,1.1249675750732422,2.4595065116882324,66.5022964477539
1072,0.4894866943359375,-64.27090470314026,191,44.699798583984375,0.0003,1,a2c_lr_opt_seed1,2.357271909713745,84.68727111816406,1.1084586381912231,2.4182589054107666,57.93071746826172
1073,-40.04133224487305,-61.62879250526428,386,45.57528305053711,0.0003,1,a2c_lr_opt_seed1,-1.3532992601394653,93.85944366455078,1.1407109498977661,-0.5419409275054932,40.67316436767578
1073,-40.04133224487305,-61.62879250526428,386,24.036298751831055,0.0003,1,a2c_lr_opt_seed1,-1.5260252952575684,51.126827239990234,1.0883344411849976,-0.6751961708068848,27.599395751953125
1073,-40.04133224487305,-61.62879250526428,386,54.85662841796875,0.0003,1,a2c_lr_opt_seed1,4.251588344573975,101.21224975585938,1.0838688611984253,3.9344563484191895,73.82435607910156
1073,-40.04133224487305,-61.62879250526428,386,85.48930358886719,0.0003,1,a2c_lr_opt_seed1,-3.3165087699890137,177.61376953125,1.0756269693374634,-2.3915038108825684,65.67976379394531
1074,-257.49261474609375,-62.62427468299866,914,136.35202026367188,0.0003,1,a2c_lr_opt_seed1,1.0491821765899658,270.6078186035156,1.0655230283737183,-0.1970742642879486,51.20965576171875
1075,-118.25569152832031,-62.89764824867248,611,66.34080505371094,0.0003,1,a2c_lr_opt_seed1,1.197736144065857,130.28831481933594,1.0946568250656128,2.1173815727233887,34.6971321105957
1076,-3.476898193359375,-62.33409447669983,239,73.63378143310547,0.0003,1,a2c_lr_opt_seed1,0.7800025939941406,145.7097625732422,1.106723666191101,1.190767526626587,36.198368072509766
1078,-32.955833435058594,-55.945739870071414,422,101.00306701660156,0.0003,1,a2c_lr_opt_seed1,-2.537250280380249,207.08277893066406,1.076446294784546,-1.0644861459732056,57.3367805480957
1078,-32.955833435058594,-55.945739870071414,422,46.61845779418945,0.0003,1,a2c_lr_opt_seed1,4.95657205581665,83.32584381103516,1.038576364517212,5.223220348358154,95.10572052001953
1079,48.720184326171875,-51.854475831985475,147,119.68731689453125,0.0003,1,a2c_lr_opt_seed1,1.1693167686462402,237.03811645507812,1.0598454475402832,2.631791353225708,47.52222442626953
1080,-12.632286071777344,-52.381539735794064,132,54.17036056518555,0.0003,1,a2c_lr_opt_seed1,-0.29408684372901917,108.9310531616211,1.0807664394378662,0.027267873287200928,23.889930725097656
1080,-12.632286071777344,-52.381539735794064,132,28.62021827697754,0.0003,1,a2c_lr_opt_seed1,1.396188497543335,54.45020294189453,1.0714114904403687,2.321885585784912,33.87107467651367
1080,-12.632286071777344,-52.381539735794064,132,29.9022216796875,0.0003,1,a2c_lr_opt_seed1,2.097163677215576,55.61225509643555,1.0707563161849976,2.284972906112671,39.19205856323242
1081,12.845985412597656,-49.097311067581174,191,113.24183654785156,0.0003,1,a2c_lr_opt_seed1,-2.729264497756958,231.94435119628906,1.0785186290740967,-0.7674234509468079,35.433311462402344
1082,10.667961120605469,-46.26757916450501,294,66.53911590576172,0.0003,1,a2c_lr_opt_seed1,-1.6169346570968628,136.31430053710938,1.0970518589019775,-1.3702242374420166,42.43044662475586
1084,47.64644241333008,-41.13637944221497,1001,90.37171173095703,0.0003,1,a2c_lr_opt_seed1,-6.701381206512451,194.1483612060547,1.0906049013137817,-6.015058517456055,106.73441314697266
1084,47.64644241333008,-41.13637944221497,1001,43.29507064819336,0.0003,1,a2c_lr_opt_seed1,1.2304787635803223,84.13126373291016,1.0415387153625488,1.4402549266815186,39.46450424194336
1085,-147.6497802734375,-45.881775255203245,519,104.64234161376953,0.0003,1,a2c_lr_opt_seed1,-7.465664386749268,224.21795654296875,0.9697083830833435,-6.37220573425293,144.88204956054688
1087,-229.89938354492188,-46.15432209968567,360,165.86764526367188,0.0003,1,a2c_lr_opt_seed1,-2.0103282928466797,335.7579040527344,0.9819132089614868,-2.320789337158203,131.11651611328125
1088,-68.2136001586914,-47.60558903694153,340,128.58567810058594,0.0003,1,a2c_lr_opt_seed1,-3.4897537231445312,264.1529846191406,1.0589278936386108,-2.3362488746643066,57.38539123535156
1089,88.06251525878906,-44.66039753913879,1001,82.69788360595703,0.0003,1,a2c_lr_opt_seed1,7.597155570983887,150.2035369873047,1.0384472608566284,8.576455116271973,153.70550537109375
1089,88.06251525878906,-44.66039753913879,1001,12.31507682800293,0.0003,1,a2c_lr_opt_seed1,-2.359811782836914,29.35179901123047,1.0109457969665527,-1.9779326915740967,31.662212371826172
1090,-44.43347930908203,-45.016342668533326,238,117.07926940917969,0.0003,1,a2c_lr_opt_seed1,0.30472564697265625,233.55108642578125,0.9995923638343811,1.3464701175689697,45.90791702270508
1092,28.967132568359375,-40.39648884773254,116,157.71115112304688,0.0003,1,a2c_lr_opt_seed1,3.8539743423461914,307.71624755859375,0.9387702345848083,4.8478899002075195,72.39230346679688
1093,9.383308410644531,-39.95328190803528,296,79.9043197631836,0.0003,1,a2c_lr_opt_seed1,-0.33585524559020996,160.48233032226562,0.9886986017227173,-0.10528826713562012,36.2032356262207
1094,5.01287841796875,-38.86976040840149,155,75.8432388305664,0.0003,1,a2c_lr_opt_seed1,-0.23857629299163818,152.16567993164062,1.0217406749725342,1.4632364511489868,35.587989807128906
1094,5.01287841796875,-38.86976040840149,155,45.56429672241211,0.0003,1,a2c_lr_opt_seed1,3.107999801635742,84.91464233398438,1.0260673761367798,4.242450714111328,69.50175476074219
1095,-22.164199829101562,-39.470560274124146,150,240.0745086669922,0.0003,1,a2c_lr_opt_seed1,-1.4237802028656006,482.9986572265625,1.03360116481781,0.04996657371520996,79.51876068115234
1096,58.34428405761719,-38.26610547065735,150,41.208919525146484,0.0003,1,a2c_lr_opt_seed1,-0.4015458822250366,83.22303009033203,1.0492615699768066,0.5240263938903809,15.295143127441406
1096,58.34428405761719,-38.26610547065735,150,25.234527587890625,0.0003,1,a2c_lr_opt_seed1,-2.909182071685791,56.28955078125,1.066616177558899,-1.903084397315979,25.564823150634766
1096,58.34428405761719,-38.26610547065735,150,91.04354095458984,0.0003,1,a2c_lr_opt_seed1,7.5841755867004395,166.92076110839844,1.0114423036575317,8.183967590332031,132.63645935058594
1098,-60.438819885253906,-36.97227856636047,415,100.53439331054688,0.0003,1,a2c_lr_opt_seed1,-4.624843597412109,210.32058715820312,1.0555202960968018,-3.431290626525879,60.34298324584961
1098,-60.438819885253906,-36.97227856636047,415,53.6265983581543,0.0003,1,a2c_lr_opt_seed1,-0.09385132789611816,107.4430923461914,1.0944654941558838,0.5724910497665405,28.59163475036621
1098,-60.438819885253906,-36.97227856636047,415,42.59915542602539,0.0003,1,a2c_lr_opt_seed1,0.6843727827072144,83.83169555664062,1.0631431341171265,0.7241905927658081,35.770721435546875
1098,-60.438819885253906,-36.97227856636047,415,30.196475982666016,0.0003,1,a2c_lr_opt_seed1,-3.1074204444885254,66.60986328125,1.035886287689209,-3.205568313598633,56.565677642822266
1099,-131.22320556640625,-39.10871563911438,387,124.77022552490234,0.0003,1,a2c_lr_opt_seed1,0.1077796220779419,249.32693481445312,1.0248844623565674,0.20690953731536865,65.28206634521484
1099,-131.22320556640625,-39.10871563911438,387,39.778236389160156,0.0003,1,a2c_lr_opt_seed1,-2.21582293510437,83.99015808105469,1.0190355777740479,-2.393181324005127,47.940242767333984
1099,-131.22320556640625,-39.10871563911438,387,55.33686065673828,0.0003,1,a2c_lr_opt_seed1,4.206429958343506,102.26286315917969,1.0013096332550049,5.096558570861816,88.13716888427734
1099,-131.22320556640625,-39.10871563911438,387,31.585372924804688,0.0003,1,a2c_lr_opt_seed1,-2.3473167419433594,67.86741638183594,1.0185507535934448,-1.6017794609069824,34.67887496948242
1099,-131.22320556640625,-39.10871563911438,387,36.33091354370117,0.0003,1,a2c_lr_opt_seed1,2.485531806945801,67.6927719116211,1.00161874294281,3.661827802658081,56.990562438964844
1100,-23.113128662109375,-36.47740033149719,408,106.77948760986328,0.0003,1,a2c_lr_opt_seed1,-0.1754213571548462,213.91183471679688,1.0052909851074219,0.7888579964637756,29.673784255981445
1100,-23.113128662109375,-36.47740033149719,408,49.66672134399414,0.0003,1,a2c_lr_opt_seed1,-1.2451573610305786,101.82572937011719,0.9843697547912598,-0.7487263679504395,27.309581756591797
1102,-174.1559295654297,-37.93995644569397,544,134.0796356201172,0.0003,1,a2c_lr_opt_seed1,-4.4287238121032715,277.0187072753906,0.9971262812614441,-4.7559685707092285,92.920166015625
1102,-174.1559295654297,-37.93995644569397,544,34.508358001708984,0.0003,1,a2c_lr_opt_seed1,2.126476526260376,64.76569366455078,0.9643007516860962,3.408621311187744,63.81303405761719
1102,-174.1559295654297,-37.93995644569397,544,38.63799285888672,0.0003,1,a2c_lr_opt_seed1,-1.419039249420166,80.11612701416016,1.0301196575164795,-1.7670179605484009,42.80949020385742
1103,-47.72715759277344,-36.638815088272096,460,78.87551879882812,0.0003,1,a2c_lr_opt_seed1,-1.8538095951080322,161.46070861816406,1.0242609977722168,-0.339107871055603,34.82756805419922
1104,14.851844787597656,-31.780289239883423,177,101.75802612304688,0.0003,1,a2c_lr_opt_seed1,-0.49332624673843384,204.50477600097656,1.0345546007156372,0.6491004228591919,46.317527770996094
1105,-121.56646728515625,-34.41796395301819,721,50.2461051940918,0.0003,1,a2c_lr_opt_seed1,1.7102093696594238,97.0738525390625,1.0293408632278442,2.4906325340270996,64.89539337158203
1106,60.02659225463867,-31.70883179664612,1001,33.86320495605469,0.0003,1,a2c_lr_opt_seed1,1.1250063180923462,65.47845458984375,1.0281431674957275,1.7939376831054688,45.65971374511719
1107,-14.583215713500977,-32.06706395149231,1001,37.94356918334961,0.0003,1,a2c_lr_opt_seed1,-2.0360896587371826,79.96131134033203,0.9944233894348145,-2.1095998287200928,46.16252517700195
1107,-14.583215713500977,-32.06706395149231,1001,66.86121368408203,0.0003,1,a2c_lr_opt_seed1,-2.988502025604248,139.7012939453125,0.9285745024681091,-2.832840919494629,65.17432403564453
1107,-14.583215713500977,-32.06706395149231,1001,80.9353256225586,0.0003,1,a2c_lr_opt_seed1,2.194376230239868,157.48377990722656,0.9399215579032898,2.506971597671509,59.04160690307617
1108,-65.19379425048828,-32.50865788459778,198,84.82162475585938,0.0003,1,a2c_lr_opt_seed1,-2.851329803466797,175.3477783203125,0.9308088421821594,-2.5766701698303223,65.63027954101562
1109,-37.924442291259766,-32.077937059402466,257,49.75416564941406,0.0003,1,a2c_lr_opt_seed1,-3.347438097000122,106.20524597167969,1.0173499584197998,-2.7417914867401123,67.5805892944336
1109,-37.924442291259766,-32.077937059402466,257,43.488624572753906,0.0003,1,a2c_lr_opt_seed1,1.4248460531234741,84.12955474853516,0.9985917210578918,1.4744479656219482,22.145505905151367
1109,-37.924442291259766,-32.077937059402466,257,34.40249252319336,0.0003,1,a2c_lr_opt_seed1,-2.7162718772888184,74.23951721191406,0.9961239695549011,-2.1808409690856934,51.84816360473633
1110,-220.86082458496094,-34.33153294563294,434,88.93294525146484,0.0003,1,a2c_lr_opt_seed1,-3.1249542236328125,184.11770629882812,0.9572838544845581,-1.539111614227295,60.849884033203125
1110,-220.86082458496094,-34.33153294563294,434,25.368419647216797,0.0003,1,a2c_lr_opt_seed1,1.4731602668762207,47.79245376586914,0.9661871194839478,1.6441096067428589,30.68637466430664
1111,-58.16250228881836,-35.937057886123654,308,42.45663833618164,0.0003,1,a2c_lr_opt_seed1,-0.7255452871322632,86.36625671386719,0.9457066059112549,0.022531218826770782,21.13283920288086
1111,-58.16250228881836,-35.937057886123654,308,27.34016227722168,0.0003,1,a2c_lr_opt_seed1,0.16519756615161896,54.35186004638672,0.9658703804016113,1.4393424987792969,25.49219512939453
1111,-58.16250228881836,-35.937057886123654,308,28.5583553314209,0.0003,1,a2c_lr_opt_seed1,2.0674691200256348,52.98374938964844,0.9885457754135132,2.732895851135254,42.36100769042969
1111,-58.16250228881836,-35.937057886123654,308,22.35845375061035,0.0003,1,a2c_lr_opt_seed1,-1.0525965690612793,46.82408905029297,0.9932674765586853,-1.0044643878936768,18.81474494934082
1111,-58.16250228881836,-35.937057886123654,308,32.98644256591797,0.0003,1,a2c_lr_opt_seed1,3.989084482192993,57.99671173095703,0.9990456104278564,4.480105876922607,69.38512420654297
1111,-58.16250228881836,-35.937057886123654,308,30.795358657836914,0.0003,1,a2c_lr_opt_seed1,-3.898890256881714,69.39058685302734,1.0455814599990845,-2.8585517406463623,62.14809799194336
1111,-58.16250228881836,-35.937057886123654,308,30.271366119384766,0.0003,1,a2c_lr_opt_seed1,-0.6187888979911804,61.78234100341797,1.0140656232833862,-0.5894477367401123,16.177095413208008
1111,-58.16250228881836,-35.937057886123654,308,61.092254638671875,0.0003,1,a2c_lr_opt_seed1,-0.3592491149902344,122.9049301147461,0.9620256423950195,0.1985476016998291,34.10016632080078
1112,65.09478759765625,-34.746359186172484,1001,50.32946014404297,0.0003,1,a2c_lr_opt_seed1,0.265972375869751,100.12889862060547,0.9625529050827026,0.646825909614563,29.321317672729492
1112,65.09478759765625,-34.746359186172484,1001,70.20207977294922,0.0003,1,a2c_lr_opt_seed1,3.3857157230377197,133.6346435546875,0.95830237865448,3.917191505432129,76.16490173339844
1114,-139.59011840820312,-38.184624948501586,687,171.24525451660156,0.0003,1,a2c_lr_opt_seed1,-0.9603655338287354,344.4132080078125,0.9743865728378296,0.16407808661460876,68.80450439453125
1115,-11.827079772949219,-38.31383805274963,360,113.4390869140625,0.0003,1,a2c_lr_opt_seed1,3.7269482612609863,219.42623901367188,0.9823480844497681,3.8002209663391113,65.47270965576172
1115,-11.827079772949219,-38.31383805274963,360,37.87614822387695,0.0003,1,a2c_lr_opt_seed1,-0.11511886119842529,75.98457336425781,1.0173920392990112,0.16442155838012695,34.979305267333984
1115,-11.827079772949219,-38.31383805274963,360,56.61699676513672,0.0003,1,a2c_lr_opt_seed1,2.1306047439575195,108.97490692138672,1.0594933032989502,2.5368990898132324,48.37013244628906
1116,-32.505889892578125,-39.0798843383789,601,56.37590026855469,0.0003,1,a2c_lr_opt_seed1,-2.085448980331421,116.92475891113281,1.0318467617034912,-1.7983273267745972,59.1165657043457
1116,-32.505889892578125,-39.0798843383789,601,21.937232971191406,0.0003,1,a2c_lr_opt_seed1,0.7147155404090881,42.44710922241211,1.0377082824707031,1.3513529300689697,27.4644775390625
1117,-230.3596954345703,-41.00828735351563,599,209.6652374267578,0.0003,1,a2c_lr_opt_seed1,-9.640841484069824,438.6142272949219,1.044335126876831,-9.181412696838379,224.88414001464844
1117,-230.3596954345703,-41.00828735351563,599,168.2271728515625,0.0003,1,a2c_lr_opt_seed1,5.132242679595947,326.19195556640625,1.0524415969848633,5.370624542236328,124.9129409790039
1118,31.695877075195312,-42.34122604370117,297,28.85698890686035,0.0003,1,a2c_lr_opt_seed1,-0.10274338722229004,57.92148971557617,1.0135037899017334,-0.053612589836120605,19.3878116607666
1118,31.695877075195312,-42.34122604370117,297,63.37680435180664,0.0003,1,a2c_lr_opt_seed1,-0.2365560531616211,127.22872924804688,1.0020990371704102,1.1588529348373413,30.976625442504883
1119,-30.5872802734375,-43.465887756347655,291,75.56934356689453,0.0003,1,a2c_lr_opt_seed1,-1.4083603620529175,153.9573974609375,0.9932525157928467,-1.05643630027771,38.169742584228516
1119,-30.5872802734375,-43.465887756347655,291,40.05329895019531,0.0003,1,a2c_lr_opt_seed1,0.019943363964557648,80.06864929199219,0.9689643979072571,1.3453142642974854,29.36731719970703
1121,67.06932830810547,-39.527469329833984,1001,146.12289428710938,0.0003,1,a2c_lr_opt_seed1,1.2611969709396362,289.7253723144531,0.990837574005127,1.7461038827896118,48.862464904785156
1122,-124.94055938720703,-42.03607025146484,428,56.9224967956543,0.0003,1,a2c_lr_opt_seed1,-0.7083743214607239,115.263671875,0.9670048952102661,-0.2747163474559784,31.012792587280273
1124,-44.38127136230469,-35.83550666809082,341,120.11125946044922,0.0003,1,a2c_lr_opt_seed1,-4.58879280090332,249.40219116210938,1.0445430278778076,-3.7422962188720703,99.42546081542969
1125,27.0307559967041,-32.92977771759033,1001,100.52633666992188,0.0003,1,a2c_lr_opt_seed1,6.341149806976318,188.37240600585938,1.0139319896697998,6.911240100860596,126.39654541015625
1125,27.0307559967041,-32.92977771759033,1001,20.98095703125,0.0003,1,a2c_lr_opt_seed1,-0.8546819090843201,43.673309326171875,1.0158026218414307,-0.2000075876712799,16.66416358947754
1125,27.0307559967041,-32.92977771759033,1001,54.98478317260742,0.0003,1,a2c_lr_opt_seed1,1.1980888843536377,107.57538604736328,1.0012911558151245,2.4663286209106445,46.535552978515625
1125,27.0307559967041,-32.92977771759033,1001,52.2933464050293,0.0003,1,a2c_lr_opt_seed1,-0.4844764769077301,105.55767059326172,1.0113801956176758,0.8565146923065186,26.427061080932617
1125,27.0307559967041,-32.92977771759033,1001,33.44999694824219,0.0003,1,a2c_lr_opt_seed1,0.4758661687374115,65.95032501220703,1.0287818908691406,1.0065394639968872,21.85380744934082
1126,-77.01036071777344,-34.40044696807861,427,62.285072326660156,0.0003,1,a2c_lr_opt_seed1,-4.357329368591309,133.28688049316406,1.038731575012207,-3.945955753326416,84.52711486816406
1126,-77.01036071777344,-34.40044696807861,427,26.434938430786133,0.0003,1,a2c_lr_opt_seed1,1.6123788356781006,49.64715576171875,1.0194650888442993,2.518244743347168,37.35527038574219
1126,-77.01036071777344,-34.40044696807861,427,42.90031433105469,0.0003,1,a2c_lr_opt_seed1,0.033843398094177246,85.73501586914062,1.0389859676361084,0.3459152579307556,18.72701644897461
1128,-54.315147399902344,-35.0653108215332,326,137.6348114013672,0.0003,1,a2c_lr_opt_seed1,-2.805189847946167,280.8820495605469,1.0283901691436768,-1.6090261936187744,77.95123291015625
1130,-27.87541961669922,-36.026084899902344,377,140.42465209960938,0.0003,1,a2c_lr_opt_seed1,-8.107007026672363,297.06536865234375,1.021702527999878,-6.59753942489624,133.62246704101562
1131,-38.06439208984375,-37.04429244995117,323,131.72940063476562,0.0003,1,a2c_lr_opt_seed1,-1.4680423736572266,266.39691162109375,1.011647343635559,0.4823899269104004,61.23414611816406
1131,-38.06439208984375,-37.04429244995117,323,43.510887145996094,0.0003,1,a2c_lr_opt_seed1,0.4665222764015198,86.09075164794922,1.0122240781784058,1.2109285593032837,31.378009796142578
1132,65.19253540039062,-35.953800964355466,133,73.14439392089844,0.0003,1,a2c_lr_opt_seed1,-2.8450775146484375,151.98094177246094,0.9982709288597107,-2.4785566329956055,52.690303802490234
1132,65.19253540039062,-35.953800964355466,133,22.759611129760742,0.0003,1,a2c_lr_opt_seed1,-0.6430439949035645,46.80725860595703,0.975598931312561,0.04805785417556763,16.997535705566406
1132,65.19253540039062,-35.953800964355466,133,46.73378372192383,0.0003,1,a2c_lr_opt_seed1,-0.4003380537033081,94.27021026611328,0.9859616160392761,-0.050489604473114014,41.15232849121094
1132,65.19253540039062,-35.953800964355466,133,36.59356689453125,0.0003,1,a2c_lr_opt_seed1,-0.46674519777297974,74.12252807617188,0.954223096370697,0.7364761829376221,22.500770568847656
1132,65.19253540039062,-35.953800964355466,133,68.22774505615234,0.0003,1,a2c_lr_opt_seed1,0.02180999517440796,136.41383361816406,0.9857194423675537,0.7187216281890869,32.82754898071289
1132,65.19253540039062,-35.953800964355466,133,40.66676330566406,0.0003,1,a2c_lr_opt_seed1,-1.6694419384002686,84.67438507080078,0.9864212274551392,-0.436075359582901,20.65779685974121
1133,10.909317016601562,-36.45341491699219,310,76.48240661621094,0.0003,1,a2c_lr_opt_seed1,-1.4866822957992554,155.94017028808594,0.9959943890571594,-1.168649435043335,60.34270095825195
1133,10.909317016601562,-36.45341491699219,310,37.60823059082031,0.0003,1,a2c_lr_opt_seed1,1.7421925067901611,71.73401641845703,0.967861533164978,2.4435529708862305,40.26603698730469
1134,-32.30403137207031,-38.052424392700196,349,60.26412582397461,0.0003,1,a2c_lr_opt_seed1,-0.7477991580963135,122.02581787109375,0.9840314388275146,0.39825016260147095,28.706212997436523
1134,-32.30403137207031,-38.052424392700196,349,52.0810546875,0.0003,1,a2c_lr_opt_seed1,2.264768362045288,99.63455200195312,0.9877598285675049,2.534252643585205,41.796119689941406
1136,-85.9958267211914,-39.852615432739256,433,134.49957275390625,0.0003,1,a2c_lr_opt_seed1,-5.062075614929199,279.1253662109375,1.0439276695251465,-4.919802188873291,93.52300262451172
1136,-85.9958267211914,-39.852615432739256,433,20.795347213745117,0.0003,1,a2c_lr_opt_seed1,1.4020408391952515,38.788780212402344,1.0829648971557617,1.3824018239974976,20.883621215820312
1137,54.418949127197266,-34.16624877929687,1001,23.9272403717041,0.0003,1,a2c_lr_opt_seed1,-2.11296010017395,52.08251953125,1.0589678287506104,-2.2632312774658203,35.48829650878906
1137,54.418949127197266,-34.16624877929687,1001,29.32366371154785,0.0003,1,a2c_lr_opt_seed1,0.7760022878646851,57.09736633300781,1.0230177640914917,1.1830252408981323,17.75874900817871
1137,54.418949127197266,-34.16624877929687,1001,26.23249626159668,0.0003,1,a2c_lr_opt_seed1,-3.4445064067840576,59.35608673095703,1.041670322418213,-3.4749114513397217,58.73905944824219
1137,54.418949127197266,-34.16624877929687,1001,42.11383819580078,0.0003,1,a2c_lr_opt_seed1,2.5935816764831543,79.04256439208984,1.0255718231201172,3.0042035579681396,41.62314987182617
1137,54.418949127197266,-34.16624877929687,1001,23.114091873168945,0.0003,1,a2c_lr_opt_seed1,-3.077752113342285,52.38574981689453,1.0319958925247192,-2.2951486110687256,32.853965759277344
1139,-16.32428741455078,-35.05176725387573,340,60.6652717590332,0.0003,1,a2c_lr_opt_seed1,-1.6631571054458618,124.65882873535156,0.9859457612037659,-0.4967235326766968,39.56053161621094
1139,-16.32428741455078,-35.05176725387573,340,31.109739303588867,0.0003,1,a2c_lr_opt_seed1,-3.1093945503234863,68.44024658203125,0.9891672134399414,-2.4307308197021484,40.31402587890625
1139,-16.32428741455078,-35.05176725387573,340,41.166507720947266,0.0003,1,a2c_lr_opt_seed1,0.5871863961219788,81.16062927246094,0.9930055141448975,0.5430399775505066,20.985410690307617
1140,-163.72445678710938,-37.43758680343628,651,111.24060821533203,0.0003,1,a2c_lr_opt_seed1,-5.141663551330566,232.7666015625,1.0292799472808838,-5.707810878753662,105.77197265625
1140,-163.72445678710938,-37.43758680343628,651,24.77556610107422,0.0003,1,a2c_lr_opt_seed1,-1.4169600009918213,52.38711166381836,1.0297061204910278,-1.0467983484268188,26.746631622314453
1140,-163.72445678710938,-37.43758680343628,651,36.24979019165039,0.0003,1,a2c_lr_opt_seed1,0.49376022815704346,71.51403045654297,0.9841458797454834,0.9735681414604187,27.176280975341797
1140,-163.72445678710938,-37.43758680343628,651,17.956344604492188,0.0003,1,a2c_lr_opt_seed1,-2.9915390014648438,41.897804260253906,1.018113374710083,-2.6894235610961914,49.27524185180664
1141,-245.3236541748047,-42.037823314666745,814,126.5269546508789,0.0003,1,a2c_lr_opt_seed1,0.7196184992790222,251.61668395996094,1.006920576095581,0.9596050977706909,42.81605911254883
1141,-245.3236541748047,-42.037823314666745,814,13.620512008666992,0.0003,1,a2c_lr_opt_seed1,-3.1144490242004395,33.471946716308594,1.0123640298843384,-2.7290992736816406,49.156089782714844
1141,-245.3236541748047,-42.037823314666745,814,40.18194580078125,0.0003,1,a2c_lr_opt_seed1,4.324055194854736,71.7177734375,0.9945162534713745,4.762174606323242,75.21247863769531
1141,-245.3236541748047,-42.037823314666745,814,11.595881462097168,0.0003,1,a2c_lr_opt_seed1,-1.466491937637329,26.12674331665039,0.9986315369606018,-0.8038281798362732,14.929437637329102
1141,-245.3236541748047,-42.037823314666745,814,46.23371124267578,0.0003,1,a2c_lr_opt_seed1,-0.7887002229690552,94.04684448242188,1.0090787410736084,-0.35897836089134216,21.693111419677734
1141,-245.3236541748047,-42.037823314666745,814,20.805753707885742,0.0003,1,a2c_lr_opt_seed1,-0.11989498138427734,41.85330581665039,1.0047458410263062,0.7415554523468018,16.55585289001465
1141,-245.3236541748047,-42.037823314666745,814,53.175270080566406,0.0003,1,a2c_lr_opt_seed1,1.4835455417633057,103.38548278808594,1.0181279182434082,2.1489920616149902,42.538185119628906
1141,-245.3236541748047,-42.037823314666745,814,52.52226257324219,0.0003,1,a2c_lr_opt_seed1,1.9411702156066895,101.16426086425781,1.0359413623809814,2.1980881690979004,46.51428985595703
1141,-245.3236541748047,-42.037823314666745,814,35.70222473144531,0.0003,1,a2c_lr_opt_seed1,1.4828739166259766,68.4408187866211,1.0596234798431396,1.2525393962860107,44.286163330078125
1141,-245.3236541748047,-42.037823314666745,814,22.015377044677734,0.0003,1,a2c_lr_opt_seed1,1.5090558528900146,41.01472854614258,1.0429329872131348,1.9846775531768799,28.954227447509766
1141,-245.3236541748047,-42.037823314666745,814,24.372766494750977,0.0003,1,a2c_lr_opt_seed1,0.7539258599281311,47.23984146118164,1.078926920890808,1.324579119682312,34.970977783203125
1141,-245.3236541748047,-42.037823314666745,814,46.70575714111328,0.0003,1,a2c_lr_opt_seed1,-4.515605449676514,102.44485473632812,1.0642343759536743,-3.5528154373168945,68.41813659667969
1143,-123.61201477050781,-49.178630657196045,847,143.63778686523438,0.0003,1,a2c_lr_opt_seed1,-4.32122802734375,295.9200439453125,1.001062273979187,-4.428946495056152,101.1750717163086
1143,-123.61201477050781,-49.178630657196045,847,42.08103942871094,0.0003,1,a2c_lr_opt_seed1,-1.3596141338348389,86.88334655761719,1.0189967155456543,-1.3423550128936768,49.58652114868164
1143,-123.61201477050781,-49.178630657196045,847,65.5018310546875,0.0003,1,a2c_lr_opt_seed1,5.632551193237305,119.74059295654297,1.013520359992981,6.653391361236572,126.67961120605469
1144,-27.45361328125,-49.82796049118042,1001,66.83452606201172,0.0003,1,a2c_lr_opt_seed1,4.510988235473633,124.64912414550781,1.0220310688018799,4.404453754425049,81.34667205810547
1144,-27.45361328125,-49.82796049118042,1001,19.847318649291992,0.0003,1,a2c_lr_opt_seed1,-1.1877236366271973,42.07207107543945,0.9929442405700684,-0.8030968904495239,21.621803283691406
1145,-90.77043151855469,-51.20008512496948,1001,33.85801696777344,0.0003,1,a2c_lr_opt_seed1,1.2433395385742188,65.23139190673828,1.0190004110336304,1.5222063064575195,22.192459106445312
1145,-90.77043151855469,-51.20008512496948,1001,43.56851577758789,0.0003,1,a2c_lr_opt_seed1,0.4588535726070404,86.22128295898438,0.9796333909034729,0.4131351709365845,24.185009002685547
1146,-31.368738174438477,-52.994345569610594,1001,186.456787109375,0.0003,1,a2c_lr_opt_seed1,3.601827383041382,365.7119445800781,1.0132614374160767,5.679805755615234,95.8043441772461
1147,-222.0299530029297,-57.78946611404419,856,56.89936065673828,0.0003,1,a2c_lr_opt_seed1,-3.015204906463623,119.83126068115234,1.0631016492843628,-3.5305979251861572,78.26611328125
1148,12.666694641113281,-56.32735582351685,291,59.00650405883789,0.0003,1,a2c_lr_opt_seed1,1.9008127450942993,114.21348571777344,1.0529658794403076,2.12680983543396,32.4813346862793
1148,12.666694641113281,-56.32735582351685,291,14.497713088989258,0.0003,1,a2c_lr_opt_seed1,-0.1904599964618683,29.37839126586914,1.022294044494629,-0.001641497015953064,21.6656551361084
1148,12.666694641113281,-56.32735582351685,291,24.526947021484375,0.0003,1,a2c_lr_opt_seed1,2.2744154930114746,44.507015228271484,0.9763692021369934,2.932465076446533,46.5074348449707
1149,36.405242919921875,-52.974786853790285,1001,34.02902603149414,0.0003,1,a2c_lr_opt_seed1,4.15018892288208,59.75959777832031,0.9601647257804871,4.961101055145264,77.98429870605469
1149,36.405242919921875,-52.974786853790285,1001,40.40073013305664,0.0003,1,a2c_lr_opt_seed1,-1.0263456106185913,82.85617065429688,1.0110085010528564,-0.4317012429237366,16.185020446777344
1149,36.405242919921875,-52.974786853790285,1001,37.29836654663086,0.0003,1,a2c_lr_opt_seed1,1.0026071071624756,72.59352111816406,1.0001778602600098,1.669675350189209,40.20737075805664
1149,36.405242919921875,-52.974786853790285,1001,37.04478454589844,0.0003,1,a2c_lr_opt_seed1,0.5605130791664124,72.97059631347656,1.0273547172546387,1.207485318183899,19.21656608581543
1149,36.405242919921875,-52.974786853790285,1001,40.252540588378906,0.0003,1,a2c_lr_opt_seed1,0.15884053707122803,80.18946838378906,1.0335768461227417,1.0196342468261719,30.14083480834961
1151,-43.91101837158203,-53.879540042877196,391,101.65706634521484,0.0003,1,a2c_lr_opt_seed1,-2.8930022716522217,209.1021270751953,0.9927012920379639,-2.670389413833618,88.4754638671875
1151,-43.91101837158203,-53.879540042877196,391,37.44526672363281,0.0003,1,a2c_lr_opt_seed1,1.7727038860321045,71.34722137451172,1.0492782592773438,1.6504684686660767,32.943904876708984
1152,89.11114501953125,-48.61419855117798,1001,75.71630859375,0.0003,1,a2c_lr_opt_seed1,5.933147430419922,139.56838989257812,1.0408488512039185,6.033899784088135,103.42729187011719
1152,89.11114501953125,-48.61419855117798,1001,14.80967903137207,0.0003,1,a2c_lr_opt_seed1,0.5429710745811462,28.535518646240234,1.0507242679595947,0.5966922044754028,12.617502212524414
1152,89.11114501953125,-48.61419855117798,1001,13.397231101989746,0.0003,1,a2c_lr_opt_seed1,-1.3653887510299683,29.52718734741211,0.9737098217010498,-0.7452112436294556,15.693331718444824
1152,89.11114501953125,-48.61419855117798,1001,53.965431213378906,0.0003,1,a2c_lr_opt_seed1,4.63298225402832,98.66686248779297,0.983690083026886,5.026352405548096,87.22093963623047
1153,13.291412353515625,-47.3938271522522,497,65.72373962402344,0.0003,1,a2c_lr_opt_seed1,2.3251028060913086,126.79933166503906,1.0318686962127686,2.687260150909424,40.05927276611328
1153,13.291412353515625,-47.3938271522522,497,18.06662940979004,0.0003,1,a2c_lr_opt_seed1,0.4295671582221985,35.276145935058594,1.0101501941680908,0.29219600558280945,17.4676513671875
1153,13.291412353515625,-47.3938271522522,497,13.291393280029297,0.0003,1,a2c_lr_opt_seed1,0.5997873544692993,25.385244369506836,1.0163853168487549,0.7884750366210938,20.888975143432617
1153,13.291412353515625,-47.3938271522522,497,55.35249710083008,0.0003,1,a2c_lr_opt_seed1,-0.47938165068626404,111.66581726074219,1.0294886827468872,-0.6420005559921265,39.02833557128906
1153,13.291412353515625,-47.3938271522522,497,70.06214904785156,0.0003,1,a2c_lr_opt_seed1,1.8832498788833618,136.35977172851562,0.9810442924499512,2.739149332046509,70.2288818359375
1153,13.291412353515625,-47.3938271522522,497,41.452789306640625,0.0003,1,a2c_lr_opt_seed1,3.669478416442871,75.56861877441406,1.0011030435562134,4.142041206359863,75.31175231933594
1153,13.291412353515625,-47.3938271522522,497,14.761813163757324,0.0003,1,a2c_lr_opt_seed1,-2.141577959060669,33.80879592895508,1.0067909955978394,-1.8183343410491943,33.480018615722656
1154,-144.340087890625,-50.57766580581665,424,134.02310180664062,0.0003,1,a2c_lr_opt_seed1,-5.549436092376709,279.1470642089844,0.9923884868621826,-4.866028308868408,101.5639877319336
1154,-144.340087890625,-50.57766580581665,424,23.872591018676758,0.0003,1,a2c_lr_opt_seed1,-1.280059576034546,50.30728530883789,0.9922897219657898,-0.3197537660598755,17.400915145874023
1155,99.35648345947266,-46.159206790924074,1001,34.59853744506836,0.0003,1,a2c_lr_opt_seed1,1.5670888423919678,66.06477355957031,0.9389916062355042,2.0436575412750244,41.652381896972656
1155,99.35648345947266,-46.159206790924074,1001,20.76659393310547,0.0003,1,a2c_lr_opt_seed1,2.030377149581909,37.47434997558594,0.9581645727157593,2.061932325363159,36.352317810058594
1155,99.35648345947266,-46.159206790924074,1001,39.40442657470703,0.0003,1,a2c_lr_opt_seed1,0.1402285397052765,78.53041076660156,1.0062869787216187,1.1858422756195068,29.188133239746094
1156,-62.91946029663086,-48.618127841949466,1001,34.64837646484375,0.0003,1,a2c_lr_opt_seed1,-0.23037037253379822,69.75957489013672,1.041124939918518,0.2667982578277588,17.466005325317383
1156,-62.91946029663086,-48.618127841949466,1001,23.293960571289062,0.0003,1,a2c_lr_opt_seed1,0.5809974670410156,45.428077697753906,1.0751885175704956,1.030540943145752,18.573379516601562
1157,29.064254760742188,-47.7451784324646,177,143.54617309570312,0.0003,1,a2c_lr_opt_seed1,-3.969236135482788,295.0328369140625,1.0008052587509155,-2.734764575958252,77.00379180908203
1157,29.064254760742188,-47.7451784324646,177,7.289541244506836,0.0003,1,a2c_lr_opt_seed1,0.8169400691986084,12.947331428527832,1.0641497373580933,0.681554913520813,13.776060104370117
1157,29.064254760742188,-47.7451784324646,177,5.646624565124512,0.0003,1,a2c_lr_opt_seed1,-0.206243634223938,11.707864761352539,1.064064383506775,-0.09144525229930878,7.786991596221924
1158,48.50708770751953,-45.47116079330444,1001,15.299989700317383,0.0003,1,a2c_lr_opt_seed1,-0.7602354288101196,32.12253952026367,1.0441453456878662,-0.307595819234848,25.442546844482422
1158,48.50708770751953,-45.47116079330444,1001,11.049778938293457,0.0003,1,a2c_lr_opt_seed1,0.7546672821044922,20.592336654663086,1.0563408136367798,0.6398150324821472,9.161675453186035
1158,48.50708770751953,-45.47116079330444,1001,20.11578941345215,0.0003,1,a2c_lr_opt_seed1,-2.120455503463745,44.47460174560547,1.0564453601837158,-1.5351247787475586,30.953414916992188
1159,-51.458229064941406,-45.74183652877807,1001,20.87086296081543,0.0003,1,a2c_lr_opt_seed1,2.38130259513855,36.98113250732422,1.005415916442871,2.5554261207580566,51.94402313232422
1159,-51.458229064941406,-45.74183652877807,1001,16.8873348236084,0.0003,1,a2c_lr_opt_seed1,-2.0299477577209473,37.836612701416016,1.024312973022461,-1.6272321939468384,28.424829483032227
1160,-122.52278137207031,-43.775075664520266,708,90.2558364868164,0.0003,1,a2c_lr_opt_seed1,-2.405534029006958,185.32469177246094,0.9731980562210083,-1.1675984859466553,42.92427444458008
1160,-122.52278137207031,-43.775075664520266,708,14.1683988571167,0.0003,1,a2c_lr_opt_seed1,-2.0929737091064453,32.52472686767578,0.9906505346298218,-1.3991906642913818,26.522920608520508
1161,-271.51654052734375,-48.04215642929077,899,161.25035095214844,0.0003,1,a2c_lr_opt_seed1,-2.088728189468384,326.68011474609375,0.9784203767776489,-2.002540111541748,85.08261108398438
1162,128.0956268310547,-46.7821396446228,1001,33.63015365600586,0.0003,1,a2c_lr_opt_seed1,-0.8498970866203308,68.96220397949219,1.0514600276947021,-0.15492476522922516,19.238842010498047
1162,128.0956268310547,-46.7821396446228,1001,35.23202133178711,0.0003,1,a2c_lr_opt_seed1,2.610809326171875,65.24446105957031,1.0192393064498901,2.756460189819336,49.798316955566406
1162,128.0956268310547,-46.7821396446228,1001,20.26885223388672,0.0003,1,a2c_lr_opt_seed1,-0.9546006917953491,42.448875427246094,0.9841481447219849,-0.20236292481422424,16.84873390197754
1162,128.0956268310547,-46.7821396446228,1001,31.11614990234375,0.0003,1,a2c_lr_opt_seed1,0.29198652505874634,61.65034484863281,1.0094813108444214,-0.1860431283712387,21.505029678344727
1162,128.0956268310547,-46.7821396446228,1001,40.72890853881836,0.0003,1,a2c_lr_opt_seed1,0.7378514409065247,79.9840087890625,0.9475890398025513,2.2760403156280518,36.82291030883789
1162,128.0956268310547,-46.7821396446228,1001,16.694244384765625,0.0003,1,a2c_lr_opt_seed1,-2.0749292373657227,37.5402946472168,0.9724345803260803,-1.5418620109558105,26.34465980529785
1162,128.0956268310547,-46.7821396446228,1001,31.377904891967773,0.0003,1,a2c_lr_opt_seed1,0.93488609790802,60.887935638427734,0.9503841996192932,1.4958724975585938,21.594120025634766
1163,-31.489898681640625,-45.62802968978882,317,55.48112869262695,0.0003,1,a2c_lr_opt_seed1,-1.2549052238464355,113.47405242919922,0.9901711940765381,-1.3672966957092285,50.666297912597656
1163,-31.489898681640625,-45.62802968978882,317,24.084566116333008,0.0003,1,a2c_lr_opt_seed1,-1.806977391242981,51.785037994384766,0.975498616695404,-0.7791897058486938,20.485082626342773
1163,-31.489898681640625,-45.62802968978882,317,10.264113426208496,0.0003,1,a2c_lr_opt_seed1,-0.7967581152915955,22.123682022094727,0.9699941873550415,-0.18184243142604828,8.120206832885742
1163,-31.489898681640625,-45.62802968978882,317,30.156612396240234,0.0003,1,a2c_lr_opt_seed1,1.1561757326126099,58.00282669067383,0.9774913787841797,1.6408193111419678,26.5074520111084
1164,-122.0403823852539,-45.27703496932983,709,76.43746185302734,0.0003,1,a2c_lr_opt_seed1,-5.457378387451172,163.79165649414062,0.9855643510818481,-5.282998561859131,90.30179595947266
1164,-122.0403823852539,-45.27703496932983,709,42.748565673828125,0.0003,1,a2c_lr_opt_seed1,1.9852828979492188,81.5284652709961,0.9482327699661255,2.104578971862793,33.01593780517578
1165,41.87247848510742,-44.2030438041687,1001,16.012866973876953,0.0003,1,a2c_lr_opt_seed1,0.181304469704628,31.664976119995117,0.9258294105529785,0.841924250125885,35.896297454833984
1165,41.87247848510742,-44.2030438041687,1001,15.84166431427002,0.0003,1,a2c_lr_opt_seed1,-1.6365816593170166,34.958309173583984,0.9090242385864258,-1.2040702104568481,25.687471389770508
1165,41.87247848510742,-44.2030438041687,1001,21.542543411254883,0.0003,1,a2c_lr_opt_seed1,1.9187159538269043,39.24951171875,0.9282950162887573,2.700589418411255,49.45817947387695
1166,97.11621856689453,-41.61060163497925,672,249.2344512939453,0.0003,1,a2c_lr_opt_seed1,-1.9453723430633545,502.3615417480469,0.9433363676071167,4.132038116455078,151.40301513671875
1167,-145.92430114746094,-39.92189374923706,801,143.642822265625,0.0003,1,a2c_lr_opt_seed1,-3.669999837875366,294.62762451171875,0.9960190653800964,-3.6484408378601074,66.21603393554688
1168,44.70216369628906,-39.66176801681519,1001,29.028226852416992,0.0003,1,a2c_lr_opt_seed1,0.09197521209716797,57.874507904052734,1.0007511377334595,0.26032304763793945,19.915395736694336
1168,44.70216369628906,-39.66176801681519,1001,31.219072341918945,0.0003,1,a2c_lr_opt_seed1,2.229616403579712,57.9808349609375,0.9609280228614807,2.8779296875,45.27048110961914
1168,44.70216369628906,-39.66176801681519,1001,17.392757415771484,0.0003,1,a2c_lr_opt_seed1,-0.34643101692199707,35.48041534423828,1.0189507007598877,-0.20370817184448242,12.945825576782227
1168,44.70216369628906,-39.66176801681519,1001,24.042118072509766,0.0003,1,a2c_lr_opt_seed1,-4.700954437255859,57.48830032348633,1.0783708095550537,-4.569587230682373,68.97819519042969
1168,44.70216369628906,-39.66176801681519,1001,21.685148239135742,0.0003,1,a2c_lr_opt_seed1,0.6413305401802063,42.089622497558594,0.9933589100837708,0.74409019947052,13.687172889709473
1168,44.70216369628906,-39.66176801681519,1001,23.150747299194336,0.0003,1,a2c_lr_opt_seed1,1.721252202987671,42.86095428466797,0.9826943874359131,1.5874149799346924,31.339014053344727
1168,44.70216369628906,-39.66176801681519,1001,12.213922500610352,0.0003,1,a2c_lr_opt_seed1,0.1488531529903412,24.132143020629883,1.002445101737976,0.37464454770088196,9.899524688720703
1168,44.70216369628906,-39.66176801681519,1001,19.08635902404785,0.0003,1,a2c_lr_opt_seed1,-1.6364680528640747,41.4476203918457,0.9821863174438477,-1.3371288776397705,23.317712783813477
1168,44.70216369628906,-39.66176801681519,1001,30.50959587097168,0.0003,1,a2c_lr_opt_seed1,-1.6225234270095825,64.26622009277344,0.9907015562057495,-1.1112254858016968,34.135658264160156
1168,44.70216369628906,-39.66176801681519,1001,32.75104522705078,0.0003,1,a2c_lr_opt_seed1,0.17618262767791748,65.1517105102539,0.9933881759643555,0.1461700201034546,14.421025276184082
1168,44.70216369628906,-39.66176801681519,1001,47.66805648803711,0.0003,1,a2c_lr_opt_seed1,-0.39668554067611694,96.13138580322266,0.9481902122497559,0.06010459363460541,17.261144638061523
1168,44.70216369628906,-39.66176801681519,1001,33.90522384643555,0.0003,1,a2c_lr_opt_seed1,1.9154517650604248,63.981388092041016,0.9228713512420654,2.68746280670166,44.86363983154297
1168,44.70216369628906,-39.66176801681519,1001,16.45668601989746,0.0003,1,a2c_lr_opt_seed1,-1.7062705755233765,36.32783508300781,0.9620217084884644,-1.7723151445388794,28.108665466308594
1169,-85.90965270996094,-40.76821546554565,1001,54.58500671386719,0.0003,1,a2c_lr_opt_seed1,3.275054931640625,102.62187194824219,0.9822997450828552,4.631972789764404,72.07585906982422
1170,21.295000076293945,-38.50366968154907,1001,30.060667037963867,0.0003,1,a2c_lr_opt_seed1,-1.6594560146331787,63.442222595214844,0.9885572195053101,-1.344980001449585,26.16817855834961
1170,21.295000076293945,-38.50366968154907,1001,27.802242279052734,0.0003,1,a2c_lr_opt_seed1,2.0369515419006348,51.53255844116211,0.9878076314926147,2.9530935287475586,48.23871612548828
1170,21.295000076293945,-38.50366968154907,1001,27.311012268066406,0.0003,1,a2c_lr_opt_seed1,1.3027081489562988,52.01856231689453,0.9763305187225342,1.4682451486587524,29.812480926513672
1170,21.295000076293945,-38.50366968154907,1001,29.54404067993164,0.0003,1,a2c_lr_opt_seed1,-1.7239866256713867,62.53807830810547,1.0106391906738281,-1.2889206409454346,40.38887405395508
1171,-192.94493103027344,-43.70395486831665,747,106.61145782470703,0.0003,1,a2c_lr_opt_seed1,-1.3520755767822266,215.92909240722656,1.0177404880523682,-1.9748737812042236,82.80416870117188
1172,-22.555076599121094,-41.65624521255493,610,103.9940185546875,0.0003,1,a2c_lr_opt_seed1,-2.5967135429382324,213.18357849121094,1.0639431476593018,-2.444566488265991,60.71880340576172
1173,39.55781555175781,-42.002598972320556,1001,18.392419815063477,0.0003,1,a2c_lr_opt_seed1,0.3798348009586334,36.02718734741211,1.008773922920227,1.094961404800415,25.37327003479004
1173,39.55781555175781,-42.002598972320556,1001,38.32883071899414,0.0003,1,a2c_lr_opt_seed1,2.240534782409668,72.1785888671875,1.0004687309265137,2.6813089847564697,46.465240478515625
1173,39.55781555175781,-42.002598972320556,1001,15.560949325561523,0.0003,1,a2c_lr_opt_seed1,-0.9051272869110107,32.93424987792969,1.0480165481567383,-0.344234824180603,9.754895210266113
1173,39.55781555175781,-42.002598972320556,1001,23.48436737060547,0.0003,1,a2c_lr_opt_seed1,2.136770009994507,42.69718933105469,0.996651291847229,2.3806371688842773,36.31740188598633
1173,39.55781555175781,-42.002598972320556,1001,19.961393356323242,0.0003,1,a2c_lr_opt_seed1,1.0961629152297974,37.7324333190918,0.9860050678253174,1.7460147142410278,43.55076599121094
1174,-51.23054885864258,-42.13958452224731,1001,18.824687957763672,0.0003,1,a2c_lr_opt_seed1,0.7120670080184937,36.22724533081055,1.0012462139129639,1.3388994932174683,26.700143814086914
1174,-51.23054885864258,-42.13958452224731,1001,15.349577903747559,0.0003,1,a2c_lr_opt_seed1,-1.4436755180358887,33.588523864746094,1.0077109336853027,-0.24627792835235596,21.738908767700195
1175,-230.0081329345703,-47.2803623008728,928,142.61216735839844,0.0003,1,a2c_lr_opt_seed1,-4.347562789916992,293.9214782714844,0.9995391368865967,-2.8545923233032227,94.0448226928711
1175,-230.0081329345703,-47.2803623008728,928,19.854036331176758,0.0003,1,a2c_lr_opt_seed1,1.0234144926071167,37.6633186340332,1.0383716821670532,1.1129791736602783,20.554109573364258
1175,-230.0081329345703,-47.2803623008728,928,7.338517665863037,0.0003,1,a2c_lr_opt_seed1,0.5297535061836243,13.619575500488281,1.0239990949630737,1.0633436441421509,15.030386924743652
1175,-230.0081329345703,-47.2803623008728,928,25.696321487426758,0.0003,1,a2c_lr_opt_seed1,-0.9748373031616211,53.344425201416016,1.054343581199646,-0.3515484035015106,21.05109977722168
1176,56.22502517700195,-44.61565458297729,1001,35.35020065307617,0.0003,1,a2c_lr_opt_seed1,2.1022324562072754,66.49798583984375,1.0261634588241577,2.597449541091919,37.48967361450195
1178,-26.31146240234375,-45.76833875656128,233,186.3605194091797,0.0003,1,a2c_lr_opt_seed1,-7.893884658813477,388.5107727050781,0.9741342067718506,-6.064869403839111,111.60302734375
1179,-44.46189880371094,-46.97606901168823,459,82.92762756347656,0.0003,1,a2c_lr_opt_seed1,-1.5134382247924805,168.88417053222656,1.0218929052352905,-1.8325697183609009,60.930397033691406
1179,-44.46189880371094,-46.97606901168823,459,19.371646881103516,0.0003,1,a2c_lr_opt_seed1,0.7088359594345093,37.32770919799805,1.0431883335113525,1.4035062789916992,21.03670883178711
1179,-44.46189880371094,-46.97606901168823,459,36.12645721435547,0.0003,1,a2c_lr_opt_seed1,-2.2311649322509766,76.71722412109375,0.99283367395401,-1.5734376907348633,31.945459365844727
1179,-44.46189880371094,-46.97606901168823,459,21.789072036743164,0.0003,1,a2c_lr_opt_seed1,1.0394220352172852,41.50121307373047,0.9552005529403687,1.8452730178833008,30.558670043945312
1179,-44.46189880371094,-46.97606901168823,459,27.582441329956055,0.0003,1,a2c_lr_opt_seed1,-2.0030877590179443,59.17304229736328,0.99163419008255,-1.4166178703308105,32.45962142944336
1179,-44.46189880371094,-46.97606901168823,459,36.89557647705078,0.0003,1,a2c_lr_opt_seed1,4.381189346313477,65.03074645996094,0.9838486909866333,5.1633381843566895,67.64111328125
1179,-44.46189880371094,-46.97606901168823,459,21.31361198425293,0.0003,1,a2c_lr_opt_seed1,0.46144425868988037,41.706390380859375,1.0284531116485596,1.1730880737304688,17.79722785949707
1179,-44.46189880371094,-46.97606901168823,459,21.456876754760742,0.0003,1,a2c_lr_opt_seed1,-0.3001983165740967,43.51625442504883,1.0534982681274414,0.09861099720001221,15.051902770996094
1180,-70.36268615722656,-47.82581434249878,681,106.19068145751953,0.0003,1,a2c_lr_opt_seed1,-3.3482980728149414,219.08006286621094,1.0516717433929443,-3.196148633956909,78.21778869628906
1180,-70.36268615722656,-47.82581434249878,681,28.943655014038086,0.0003,1,a2c_lr_opt_seed1,0.9844909906387329,55.920413970947266,1.0435959100723267,1.042947769165039,19.48453140258789
1180,-70.36268615722656,-47.82581434249878,681,18.366676330566406,0.0003,1,a2c_lr_opt_seed1,2.439037322998047,31.857433319091797,1.0767998695373535,2.825408935546875,44.652957916259766
1182,-80.17068481445312,-48.51636167526245,441,206.18136596679688,0.0003,1,a2c_lr_opt_seed1,-6.362619400024414,425.0901184082031,1.068289041519165,-6.631187915802002,122.63765716552734
1182,-80.17068481445312,-48.51636167526245,441,12.651350975036621,0.0003,1,a2c_lr_opt_seed1,-1.978888988494873,29.262630462646484,1.0745137929916382,-1.33806574344635,38.452030181884766
1182,-80.17068481445312,-48.51636167526245,441,21.828920364379883,0.0003,1,a2c_lr_opt_seed1,1.3341182470321655,40.99173355102539,1.0637341737747192,1.4635765552520752,23.45574951171875
1182,-80.17068481445312,-48.51636167526245,441,17.842111587524414,0.0003,1,a2c_lr_opt_seed1,-1.4546689987182617,38.59564208984375,1.0391281843185425,-0.8321260213851929,15.538872718811035
1182,-80.17068481445312,-48.51636167526245,441,16.686046600341797,0.0003,1,a2c_lr_opt_seed1,0.6740559935569763,32.02603530883789,1.025903344154358,0.5702160596847534,20.583637237548828
1182,-80.17068481445312,-48.51636167526245,441,25.46820068359375,0.0003,1,a2c_lr_opt_seed1,-4.405848979949951,59.75018310546875,1.041792631149292,-3.2596359252929688,54.5237922668457
1183,24.737272262573242,-48.239802570343016,1001,49.4847297668457,0.0003,1,a2c_lr_opt_seed1,4.415987014770508,90.13938903808594,0.9490107893943787,3.997187614440918,52.01421356201172
1183,24.737272262573242,-48.239802570343016,1001,21.390764236450195,0.0003,1,a2c_lr_opt_seed1,-0.43366438150405884,43.65079116821289,0.9675466418266296,-0.09922933578491211,18.471052169799805
1183,24.737272262573242,-48.239802570343016,1001,23.87230682373047,0.0003,1,a2c_lr_opt_seed1,0.20681452751159668,47.333065032958984,1.0389693975448608,0.6855313777923584,14.541092872619629
1183,24.737272262573242,-48.239802570343016,1001,62.684505462646484,0.0003,1,a2c_lr_opt_seed1,-1.3006136417388916,127.97234344482422,1.0534552335739136,-1.0087255239486694,21.259389877319336
1183,24.737272262573242,-48.239802570343016,1001,27.37505340576172,0.0003,1,a2c_lr_opt_seed1,-1.6001167297363281,57.95240783691406,1.033980131149292,-1.170539140701294,26.199377059936523
1183,24.737272262573242,-48.239802570343016,1001,48.100711822509766,0.0003,1,a2c_lr_opt_seed1,3.8901777267456055,88.42314147949219,1.0368200540542603,4.773022651672363,61.97492599487305
1183,24.737272262573242,-48.239802570343016,1001,13.81834888458252,0.0003,1,a2c_lr_opt_seed1,0.5767994523048401,26.485084533691406,0.9928619861602783,0.676969051361084,22.952592849731445
1183,24.737272262573242,-48.239802570343016,1001,15.364627838134766,0.0003,1,a2c_lr_opt_seed1,1.5585823059082031,27.61408233642578,0.9956883788108826,1.6622419357299805,20.494613647460938
1183,24.737272262573242,-48.239802570343016,1001,12.825702667236328,0.0003,1,a2c_lr_opt_seed1,0.13886162638664246,25.375755310058594,1.0362321138381958,0.46882981061935425,20.289493560791016
1184,3.590693473815918,-47.521908073425294,1001,13.272971153259277,0.0003,1,a2c_lr_opt_seed1,-0.6469422578811646,27.841903686523438,1.0387462377548218,0.10125821828842163,13.938600540161133
1184,3.590693473815918,-47.521908073425294,1001,24.607690811157227,0.0003,1,a2c_lr_opt_seed1,-1.382873773574829,51.983192443847656,1.0309431552886963,-0.5299698114395142,19.21280288696289
1184,3.590693473815918,-47.521908073425294,1001,39.21236038208008,0.0003,1,a2c_lr_opt_seed1,1.7267285585403442,74.97312927246094,0.9341970682144165,2.4431731700897217,32.53947830200195
1184,3.590693473815918,-47.521908073425294,1001,27.069381713867188,0.0003,1,a2c_lr_opt_seed1,3.1295485496520996,47.88165283203125,0.993350625038147,3.6236050128936768,50.975318908691406
1186,105.39764404296875,-39.61280216217041,1001,15.50145435333252,0.0003,1,a2c_lr_opt_seed1,0.7059600353240967,29.59303092956543,1.021743655204773,0.6798180341720581,14.527090072631836
1186,105.39764404296875,-39.61280216217041,1001,41.21770477294922,0.0003,1,a2c_lr_opt_seed1,-0.1345175951719284,82.70629119873047,0.9227955341339111,0.5366455316543579,26.483741760253906
1188,-32.15220642089844,-40.16846166610718,500,106.57617950439453,0.0003,1,a2c_lr_opt_seed1,-0.6371419429779053,214.42840576171875,0.8863615989685059,0.35522210597991943,53.66217803955078
1188,-32.15220642089844,-40.16846166610718,500,71.01081085205078,0.0003,1,a2c_lr_opt_seed1,4.506320476531982,133.01080322265625,0.904406726360321,5.588766098022461,95.14861297607422
1188,-32.15220642089844,-40.16846166610718,500,7.489719390869141,0.0003,1,a2c_lr_opt_seed1,-0.0415983647108078,15.064455032348633,0.9099308848381042,0.03629042208194733,5.946163177490234
1188,-32.15220642089844,-40.16846166610718,500,52.023685455322266,0.0003,1,a2c_lr_opt_seed1,2.3854706287384033,99.27830505371094,0.9378479719161987,3.5307717323303223,59.671382904052734
1188,-32.15220642089844,-40.16846166610718,500,27.54424476623535,0.0003,1,a2c_lr_opt_seed1,-1.2834292650222778,57.657344818115234,0.997147262096405,-1.807309865951538,30.919649124145508
1188,-32.15220642089844,-40.16846166610718,500,27.026609420776367,0.0003,1,a2c_lr_opt_seed1,2.5515685081481934,48.95203399658203,0.9760158061981201,2.864720106124878,36.79627990722656
1189,26.78093719482422,-39.30635717391968,260,68.0473403930664,0.0003,1,a2c_lr_opt_seed1,-1.6516276597976685,139.3999481201172,1.0074690580368042,-1.4814045429229736,50.49827575683594
1191,14.37853717803955,-28.24966808319092,1001,219.8831329345703,0.0003,1,a2c_lr_opt_seed1,1.563036561012268,436.6421203613281,0.9660618901252747,6.215547561645508,156.38584899902344
1191,14.37853717803955,-28.24966808319092,1001,28.998258590698242,0.0003,1,a2c_lr_opt_seed1,-0.3364954888820648,58.67139434814453,0.9420375823974609,1.3684154748916626,38.20587921142578
1191,14.37853717803955,-28.24966808319092,1001,57.19319152832031,0.0003,1,a2c_lr_opt_seed1,4.678806781768799,105.03072357177734,0.9752396941184998,5.260344982147217,84.9839859008789
1192,40.89556121826172,-23.53019863128662,1001,47.50437545776367,0.0003,1,a2c_lr_opt_seed1,1.73544442653656,91.53986358642578,1.0010944604873657,2.9813523292541504,61.26896286010742
1192,40.89556121826172,-23.53019863128662,1001,23.90821075439453,0.0003,1,a2c_lr_opt_seed1,-0.5911950469017029,49.00078582763672,0.9874522089958191,-0.061853617429733276,16.739421844482422
1192,40.89556121826172,-23.53019863128662,1001,38.90614318847656,0.0003,1,a2c_lr_opt_seed1,0.05133182555437088,77.71166229248047,1.0172641277313232,1.1414427757263184,27.86696434020996
1192,40.89556121826172,-23.53019863128662,1001,20.182369232177734,0.0003,1,a2c_lr_opt_seed1,-2.175675868988037,44.718143463134766,1.0266309976577759,-1.9488177299499512,35.76590347290039
1192,40.89556121826172,-23.53019863128662,1001,67.65147399902344,0.0003,1,a2c_lr_opt_seed1,-1.0827854871749878,137.4706573486328,1.0658953189849854,-0.597582995891571,34.863121032714844
1192,40.89556121826172,-23.53019863128662,1001,24.7098445892334,0.0003,1,a2c_lr_opt_seed1,1.188159704208374,47.045249938964844,0.9402938485145569,1.4125267267227173,37.81322479248047
1192,40.89556121826172,-23.53019863128662,1001,8.3533353805542,0.0003,1,a2c_lr_opt_seed1,-0.3555716872215271,17.419857025146484,1.021714448928833,-0.31375962495803833,11.753028869628906
1192,40.89556121826172,-23.53019863128662,1001,12.149789810180664,0.0003,1,a2c_lr_opt_seed1,0.018436968326568604,24.264741897583008,1.0185140371322632,0.5058941841125488,8.874735832214355
1192,40.89556121826172,-23.53019863128662,1001,21.098634719848633,0.0003,1,a2c_lr_opt_seed1,-0.9900156259536743,44.179405212402344,1.053178310394287,0.10095985233783722,12.264665603637695
1192,40.89556121826172,-23.53019863128662,1001,20.57115364074707,0.0003,1,a2c_lr_opt_seed1,-2.8393144607543945,46.823001861572266,1.031834602355957,-1.9284629821777344,26.144405364990234
1193,41.145751953125,-20.235043296813966,416,155.06222534179688,0.0003,1,a2c_lr_opt_seed1,-2.163893461227417,314.4542236328125,0.9962313175201416,-2.8214492797851562,59.26258087158203
1193,41.145751953125,-20.235043296813966,416,55.99498748779297,0.0003,1,a2c_lr_opt_seed1,2.485501289367676,107.02088928222656,0.957229495048523,2.6512417793273926,54.44853210449219
1193,41.145751953125,-20.235043296813966,416,55.99027633666992,0.0003,1,a2c_lr_opt_seed1,2.6137914657592773,106.7549819946289,1.007265567779541,2.8328490257263184,36.53495788574219
1193,41.145751953125,-20.235043296813966,416,15.230929374694824,0.0003,1,a2c_lr_opt_seed1,0.6889864206314087,29.085899353027344,1.0071818828582764,1.1247637271881104,27.732046127319336
1193,41.145751953125,-20.235043296813966,416,10.407084465026855,0.0003,1,a2c_lr_opt_seed1,1.0980479717254639,18.620080947875977,1.0038210153579712,1.2270214557647705,18.338788986206055
1194,22.329898834228516,-19.239373054504394,1001,14.230120658874512,0.0003,1,a2c_lr_opt_seed1,-0.6681606769561768,29.798599243164062,1.0182034969329834,-0.03360027074813843,16.668487548828125
1194,22.329898834228516,-19.239373054504394,1001,12.372318267822266,0.0003,1,a2c_lr_opt_seed1,0.3562948703765869,24.034196853637695,1.07433021068573,0.6458027362823486,16.665822982788086
1194,22.329898834228516,-19.239373054504394,1001,9.318634033203125,0.0003,1,a2c_lr_opt_seed1,-2.284856081008911,23.209108352661133,1.0638853311538696,-1.9793150424957275,33.18084716796875
1194,22.329898834228516,-19.239373054504394,1001,17.5935115814209,0.0003,1,a2c_lr_opt_seed1,1.1709420680999756,32.847251892089844,1.057604432106018,1.3747453689575195,19.008644104003906
1194,22.329898834228516,-19.239373054504394,1001,10.456066131591797,0.0003,1,a2c_lr_opt_seed1,-1.7647693157196045,24.443775177001953,1.0522927045822144,-1.6312222480773926,22.078283309936523
1195,77.99646759033203,-15.86403507232666,1001,9.955924034118652,0.0003,1,a2c_lr_opt_seed1,1.1147241592407227,17.684358596801758,0.9790655374526978,1.5580600500106812,21.772966384887695
1196,76.86702728271484,-13.699319763183594,1001,26.910669326782227,0.0003,1,a2c_lr_opt_seed1,-1.9189937114715576,57.66126251220703,0.9698407649993896,-0.11528193950653076,19.7357120513916
1197,135.04977416992188,-6.557725219726563,1001,27.231813430786133,0.0003,1,a2c_lr_opt_seed1,2.235189437866211,49.99522399902344,0.9882550239562988,3.000300645828247,36.556156158447266
1197,135.04977416992188,-6.557725219726563,1001,41.07514190673828,0.0003,1,a2c_lr_opt_seed1,-4.153650283813477,90.4595718383789,0.9927384853363037,-3.833458423614502,51.56979751586914
1198,-187.86318969726562,-10.56832290649414,754,78.9168930053711,0.0003,1,a2c_lr_opt_seed1,-3.861968994140625,165.55966186523438,0.9714642763137817,-4.121157646179199,68.08032989501953
1198,-187.86318969726562,-10.56832290649414,754,26.715320587158203,0.0003,1,a2c_lr_opt_seed1,2.2577197551727295,48.917118072509766,0.9582181572914124,3.022254467010498,39.67079162597656
1198,-187.86318969726562,-10.56832290649414,754,39.939697265625,0.0003,1,a2c_lr_opt_seed1,-2.6345739364624023,85.15050506591797,0.9812422394752502,-1.3341279029846191,30.345233917236328
1198,-187.86318969726562,-10.56832290649414,754,18.311092376708984,0.0003,1,a2c_lr_opt_seed1,1.3791475296020508,33.86585998535156,0.9840314984321594,1.5481717586517334,22.17154884338379
1200,135.49562072753906,-7.7689138031005855,1001,38.93939971923828,0.0003,1,a2c_lr_opt_seed1,-4.970991134643555,87.8227310180664,0.9777227640151978,-4.433016300201416,63.16550827026367
1201,-83.86227416992188,-8.567938919067382,1001,20.81206512451172,0.0003,1,a2c_lr_opt_seed1,1.8604497909545898,37.90513610839844,0.9545317888259888,2.8868281841278076,39.34784698486328
1201,-83.86227416992188,-8.567938919067382,1001,23.987895965576172,0.0003,1,a2c_lr_opt_seed1,-1.233931303024292,50.445343017578125,0.8449085354804993,-0.016743123531341553,33.330474853515625
1201,-83.86227416992188,-8.567938919067382,1001,17.47846794128418,0.0003,1,a2c_lr_opt_seed1,2.391301393508911,30.1761531829834,0.9090734720230103,3.091606616973877,44.92552947998047
1201,-83.86227416992188,-8.567938919067382,1001,19.20245361328125,0.0003,1,a2c_lr_opt_seed1,-0.9762049317359924,40.35929489135742,0.988613486289978,-0.46835920214653015,19.129653930664062
1201,-83.86227416992188,-8.567938919067382,1001,14.571206092834473,0.0003,1,a2c_lr_opt_seed1,1.107019066810608,26.93034553527832,0.9862267971038818,1.7605180740356445,20.712921142578125
1201,-83.86227416992188,-8.567938919067382,1001,29.043231964111328,0.0003,1,a2c_lr_opt_seed1,-4.562558174133301,67.21366119384766,1.0412696599960327,-4.311840534210205,62.15861511230469
1201,-83.86227416992188,-8.567938919067382,1001,10.370200157165527,0.0003,1,a2c_lr_opt_seed1,-0.20576715469360352,21.154027938842773,1.0462844371795654,-0.03595316410064697,4.85797119140625
1201,-83.86227416992188,-8.567938919067382,1001,9.32929801940918,0.0003,1,a2c_lr_opt_seed1,-0.8461382985115051,20.35284423828125,0.9858794212341309,-0.5426309108734131,9.78960132598877
1201,-83.86227416992188,-8.567938919067382,1001,12.67457389831543,0.0003,1,a2c_lr_opt_seed1,-2.3788318634033203,30.108821868896484,1.0048414468765259,-2.1045212745666504,33.35974884033203
1201,-83.86227416992188,-8.567938919067382,1001,6.337560176849365,0.0003,1,a2c_lr_opt_seed1,-1.6888773441314697,16.054893493652344,1.0097017288208008,-1.358273983001709,21.822114944458008
1201,-83.86227416992188,-8.567938919067382,1001,7.652626991271973,0.0003,1,a2c_lr_opt_seed1,-0.9461745619773865,17.199586868286133,0.9918151497840881,-0.610013484954834,9.350525856018066
1201,-83.86227416992188,-8.567938919067382,1001,11.029993057250977,0.0003,1,a2c_lr_opt_seed1,0.05299415811896324,21.955991744995117,0.9968165159225464,0.3826161026954651,7.233505725860596
1201,-83.86227416992188,-8.567938919067382,1001,12.572979927062988,0.0003,1,a2c_lr_opt_seed1,-0.3914467394351959,25.93082046508789,0.9834185242652893,0.16683438420295715,12.671991348266602
1202,93.886474609375,-8.472432327270507,1001,20.49897003173828,0.0003,1,a2c_lr_opt_seed1,-0.144046351313591,41.287925720214844,0.9459937214851379,1.1715279817581177,24.68448257446289
1202,93.886474609375,-8.472432327270507,1001,10.313164710998535,0.0003,1,a2c_lr_opt_seed1,-0.18063122034072876,20.98956298828125,0.985397219657898,-0.20584236085414886,9.296075820922852
1202,93.886474609375,-8.472432327270507,1001,27.454116821289062,0.0003,1,a2c_lr_opt_seed1,-0.7387152910232544,56.38761520385742,0.9752395153045654,-0.9942667484283447,30.997385025024414
1202,93.886474609375,-8.472432327270507,1001,28.52286720275879,0.0003,1,a2c_lr_opt_seed1,0.7333375215530396,55.581016540527344,0.9794111251831055,1.0528744459152222,27.659589767456055
1203,67.50630187988281,-7.388134536743164,1001,5.4280571937561035,0.0003,1,a2c_lr_opt_seed1,0.506061315536499,9.845876693725586,0.9426572918891907,0.8513748049736023,12.281953811645508
1203,67.50630187988281,-7.388134536743164,1001,12.85107421875,0.0003,1,a2c_lr_opt_seed1,-2.21722674369812,30.13855743408203,0.9772980809211731,-1.713397741317749,30.35976791381836
1203,67.50630187988281,-7.388134536743164,1001,13.848207473754883,0.0003,1,a2c_lr_opt_seed1,-0.44423702359199524,28.586891174316406,1.0015699863433838,-0.21343010663986206,17.242586135864258
1203,67.50630187988281,-7.388134536743164,1001,14.748103141784668,0.0003,1,a2c_lr_opt_seed1,-0.470894455909729,30.43994140625,0.97238689661026,-0.40468043088912964,10.379426002502441
1203,67.50630187988281,-7.388134536743164,1001,6.550312519073486,0.0003,1,a2c_lr_opt_seed1,-0.29849907755851746,13.69954776763916,0.9621400237083435,-0.11564894020557404,4.477266311645508
1203,67.50630187988281,-7.388134536743164,1001,15.010007858276367,0.0003,1,a2c_lr_opt_seed1,-1.8180572986602783,33.658111572265625,0.9906675815582275,-1.8198659420013428,30.07571792602539
1204,32.06322479248047,-3.8600682830810547,1001,12.408013343811035,0.0003,1,a2c_lr_opt_seed1,-1.5080584287643433,27.834144592285156,1.0007468461990356,-0.8214702010154724,15.722704887390137
1205,50.29646301269531,-4.841268692016602,1001,8.274600982666016,0.0003,1,a2c_lr_opt_seed1,-0.3577040433883667,17.266613006591797,1.0010733604431152,-0.20339210331439972,8.090353965759277
1205,50.29646301269531,-4.841268692016602,1001,16.681385040283203,0.0003,1,a2c_lr_opt_seed1,-0.9931913614273071,35.35115432739258,1.0007216930389404,-0.6903181672096252,12.77369499206543
1206,30.945907592773438,-2.963961334228516,1001,32.363868713378906,0.0003,1,a2c_lr_opt_seed1,1.8615376949310303,61.0065803527832,0.9586465954780579,3.136030673980713,46.88558578491211
1206,30.945907592773438,-2.963961334228516,1001,8.922484397888184,0.0003,1,a2c_lr_opt_seed1,-1.3181509971618652,20.483264923095703,0.9963662624359131,-0.8569010496139526,10.479022979736328
1206,30.945907592773438,-2.963961334228516,1001,11.445804595947266,0.0003,1,a2c_lr_opt_seed1,-3.0373761653900146,28.968353271484375,0.9960178732872009,-2.596320629119873,45.023902893066406
1206,30.945907592773438,-2.963961334228516,1001,7.966590404510498,0.0003,1,a2c_lr_opt_seed1,-1.0100338459014893,17.955183029174805,0.9675414562225342,-0.4638897776603699,7.456082344055176
1208,-124.072509765625,-8.351915283203125,1001,13.351807594299316,0.0003,1,a2c_lr_opt_seed1,-2.254091739654541,31.213611602783203,0.9070024490356445,-1.6484620571136475,23.790231704711914
1209,-123.09295654296875,-9.784609832763671,1001,10.02745246887207,0.0003,1,a2c_lr_opt_seed1,-0.8883050680160522,21.83335304260254,0.9188777208328247,-0.9222191572189331,17.231502532958984
1209,-123.09295654296875,-9.784609832763671,1001,40.05620193481445,0.0003,1,a2c_lr_opt_seed1,-0.2027032971382141,80.51972198486328,0.9567179679870605,0.2444530725479126,18.093538284301758
1209,-123.09295654296875,-9.784609832763671,1001,16.726581573486328,0.0003,1,a2c_lr_opt_seed1,-0.9157728552818298,35.28664016723633,0.9649677276611328,-0.5900638103485107,13.951557159423828
1209,-123.09295654296875,-9.784609832763671,1001,9.761404037475586,0.0003,1,a2c_lr_opt_seed1,-0.3377945125102997,20.20026397705078,0.9336539506912231,-0.22643941640853882,8.451342582702637
1209,-123.09295654296875,-9.784609832763671,1001,20.910856246948242,0.0003,1,a2c_lr_opt_seed1,-0.9222809672355652,43.66820526123047,0.9657528400421143,-0.6262707114219666,21.196840286254883
1209,-123.09295654296875,-9.784609832763671,1001,14.36395263671875,0.0003,1,a2c_lr_opt_seed1,-0.0006993710994720459,28.731229782104492,0.9631842970848083,0.029540270566940308,7.74969482421875
1209,-123.09295654296875,-9.784609832763671,1001,14.296906471252441,0.0003,1,a2c_lr_opt_seed1,-1.9625024795532227,32.52064514160156,0.913199782371521,-0.9079136848449707,17.871110916137695
1209,-123.09295654296875,-9.784609832763671,1001,9.912468910217285,0.0003,1,a2c_lr_opt_seed1,-1.2944563627243042,22.415706634521484,0.9282518029212952,-0.7285242080688477,11.285212516784668
1209,-123.09295654296875,-9.784609832763671,1001,17.113317489624023,0.0003,1,a2c_lr_opt_seed1,-2.201598644256592,38.63176345825195,0.9652138948440552,-2.1703450679779053,29.059450149536133
1209,-123.09295654296875,-9.784609832763671,1001,14.465420722961426,0.0003,1,a2c_lr_opt_seed1,-1.6800215244293213,32.29288864135742,1.0024471282958984,-1.9443612098693848,28.79204559326172
1209,-123.09295654296875,-9.784609832763671,1001,19.034278869628906,0.0003,1,a2c_lr_opt_seed1,1.9406077861785889,34.18930435180664,0.9802733659744263,2.589460611343384,33.624046325683594
1209,-123.09295654296875,-9.784609832763671,1001,19.857622146606445,0.0003,1,a2c_lr_opt_seed1,-2.4788811206817627,44.6749382019043,0.9647676944732666,-1.7975564002990723,28.28597640991211
1209,-123.09295654296875,-9.784609832763671,1001,9.738719940185547,0.0003,1,a2c_lr_opt_seed1,-0.358931303024292,20.19719696044922,0.9474639892578125,0.10498715937137604,8.507913589477539
1210,-62.424102783203125,-8.582636260986328,1001,8.029911041259766,0.0003,1,a2c_lr_opt_seed1,-0.06413836032152176,16.18999671936035,0.9489611983299255,0.4864223897457123,12.068215370178223
1210,-62.424102783203125,-8.582636260986328,1001,15.105993270874023,0.0003,1,a2c_lr_opt_seed1,-1.5162644386291504,33.24641036987305,0.9477165341377258,-1.1567401885986328,19.508386611938477
1210,-62.424102783203125,-8.582636260986328,1001,24.224882125854492,0.0003,1,a2c_lr_opt_seed1,0.3883516788482666,47.67504119873047,0.9894113540649414,1.1619699001312256,35.770015716552734
1210,-62.424102783203125,-8.582636260986328,1001,20.745365142822266,0.0003,1,a2c_lr_opt_seed1,-0.8862146735191345,43.26506042480469,0.9492756128311157,-0.2161732316017151,8.18985366821289
1211,34.25019836425781,-2.467301483154297,1001,11.145947456359863,0.0003,1,a2c_lr_opt_seed1,-0.8542970418930054,24.002410888671875,0.9610942602157593,-0.4551316499710083,10.014212608337402
1211,34.25019836425781,-2.467301483154297,1001,19.759740829467773,0.0003,1,a2c_lr_opt_seed1,-1.8464215993881226,43.21430206298828,0.9884215593338013,-1.9976489543914795,48.68312454223633
1211,34.25019836425781,-2.467301483154297,1001,57.056922912597656,0.0003,1,a2c_lr_opt_seed1,3.504209041595459,107.10736083984375,0.966591477394104,4.006284236907959,93.34065246582031
1211,34.25019836425781,-2.467301483154297,1001,23.675365447998047,0.0003,1,a2c_lr_opt_seed1,-2.004730224609375,51.362159729003906,0.984553337097168,-1.2277015447616577,16.784015655517578
1211,34.25019836425781,-2.467301483154297,1001,12.988510131835938,0.0003,1,a2c_lr_opt_seed1,0.8717585802078247,24.23544692993164,0.9715836644172668,1.5728191137313843,24.77069664001465
1211,34.25019836425781,-2.467301483154297,1001,22.199628829956055,0.0003,1,a2c_lr_opt_seed1,-3.684765577316284,51.77075958251953,0.9866640567779541,-3.254826545715332,57.68794250488281
1212,-104.84173583984375,-7.126048736572265,1001,22.10077476501465,0.0003,1,a2c_lr_opt_seed1,-0.3050621747970581,44.81366729736328,0.9976564049720764,0.641970157623291,17.747909545898438
1213,-94.71615600585938,-8.390573883056641,1001,31.290544509887695,0.0003,1,a2c_lr_opt_seed1,-5.525190353393555,73.63336944580078,0.9504073858261108,-4.044952869415283,50.5852165222168
1213,-94.71615600585938,-8.390573883056641,1001,101.02489471435547,0.0003,1,a2c_lr_opt_seed1,1.199060320854187,199.65353393554688,0.9277181625366211,2.851198673248291,71.49945831298828
1215,-88.84992980957031,-9.267151260375977,1001,106.98999786376953,0.0003,1,a2c_lr_opt_seed1,3.3909072875976562,207.19996643066406,0.8959543108940125,2.128714084625244,57.19927215576172
1215,-88.84992980957031,-9.267151260375977,1001,20.705204010009766,0.0003,1,a2c_lr_opt_seed1,0.6120516061782837,40.18807601928711,0.8858266472816467,1.3431464433670044,28.9456729888916
1215,-88.84992980957031,-9.267151260375977,1001,16.8310546875,0.0003,1,a2c_lr_opt_seed1,1.3024437427520752,31.059022903442383,0.9004400968551636,2.0173587799072266,29.48934555053711
1215,-88.84992980957031,-9.267151260375977,1001,51.397518157958984,0.0003,1,a2c_lr_opt_seed1,1.2386924028396606,100.31956481933594,0.9592928886413574,2.5184905529022217,31.57761001586914
1217,-44.13544464111328,-12.703180618286133,1001,160.3029327392578,0.0003,1,a2c_lr_opt_seed1,-4.667738437652588,329.9432067871094,0.9376569390296936,-3.8199522495269775,75.79646301269531
1218,59.620540618896484,-12.404813079833984,1001,19.325021743774414,0.0003,1,a2c_lr_opt_seed1,0.0700606107711792,38.5118408203125,0.9596303105354309,0.7729634046554565,17.09354019165039
1218,59.620540618896484,-12.404813079833984,1001,41.571929931640625,0.0003,1,a2c_lr_opt_seed1,0.5063864588737488,82.1328125,0.8638401031494141,1.1065516471862793,32.134979248046875
1218,59.620540618896484,-12.404813079833984,1001,52.69049072265625,0.0003,1,a2c_lr_opt_seed1,0.8654428720474243,103.65192413330078,0.916840136051178,2.030095338821411,33.7713623046875
1218,59.620540618896484,-12.404813079833984,1001,68.52349090576172,0.0003,1,a2c_lr_opt_seed1,4.075009822845459,128.89883422851562,0.941460132598877,4.58597469329834,76.39012145996094
1218,59.620540618896484,-12.404813079833984,1001,31.189868927001953,0.0003,1,a2c_lr_opt_seed1,-0.24060368537902832,62.86272048950195,0.8865357637405396,-0.21823763847351074,18.44339942932129
1218,59.620540618896484,-12.404813079833984,1001,129.8497314453125,0.0003,1,a2c_lr_opt_seed1,2.8113019466400146,254.07862854003906,0.8882390260696411,5.260585784912109,79.57584381103516
1218,59.620540618896484,-12.404813079833984,1001,34.18638229370117,0.0003,1,a2c_lr_opt_seed1,0.3254321813583374,67.72383117675781,0.9637408256530762,1.1703530550003052,29.86250114440918
1218,59.620540618896484,-12.404813079833984,1001,24.715755462646484,0.0003,1,a2c_lr_opt_seed1,-0.7050546407699585,50.84356689453125,0.9724723100662231,-0.1756073534488678,20.079620361328125
1218,59.620540618896484,-12.404813079833984,1001,14.25257682800293,0.0003,1,a2c_lr_opt_seed1,0.06207018345594406,28.38292121887207,0.9540467262268066,0.05447171628475189,7.912031650543213
1218,59.620540618896484,-12.404813079833984,1001,26.11378288269043,0.0003,1,a2c_lr_opt_seed1,-1.805702567100525,55.840980529785156,1.0044574737548828,-0.8231302499771118,24.306209564208984
1218,59.620540618896484,-12.404813079833984,1001,11.010247230529785,0.0003,1,a2c_lr_opt_seed1,-1.1375181674957275,24.297550201416016,1.0101011991500854,-1.0213814973831177,14.018509864807129
1218,59.620540618896484,-12.404813079833984,1001,20.570919036865234,0.0003,1,a2c_lr_opt_seed1,-3.462968587875366,48.069820404052734,1.0218309164047241,-2.677445411682129,38.075050354003906
1218,59.620540618896484,-12.404813079833984,1001,36.33797073364258,0.0003,1,a2c_lr_opt_seed1,0.4089083671569824,71.86007690429688,0.977787435054779,0.8383520245552063,16.738670349121094
1218,59.620540618896484,-12.404813079833984,1001,17.43802833557129,0.0003,1,a2c_lr_opt_seed1,-2.41290020942688,39.70363998413086,0.8898598551750183,-1.237790822982788,18.76585578918457
1219,-112.42910766601562,-12.935202178955079,677,217.32188415527344,0.0003,1,a2c_lr_opt_seed1,-2.5701406002044678,439.7857971191406,0.873399019241333,-5.192806243896484,122.25590515136719
1219,-112.42910766601562,-12.935202178955079,677,7.176567077636719,0.0003,1,a2c_lr_opt_seed1,-0.46845048666000366,15.291871070861816,0.9181451201438904,-0.21581050753593445,7.375988006591797
1219,-112.42910766601562,-12.935202178955079,677,16.659406661987305,0.0003,1,a2c_lr_opt_seed1,-0.44339442253112793,34.20741271972656,0.9062010645866394,0.029813725501298904,14.051473617553711
1219,-112.42910766601562,-12.935202178955079,677,9.902817726135254,0.0003,1,a2c_lr_opt_seed1,-0.26305103302001953,20.333513259887695,0.8878386616706848,0.227147176861763,10.016630172729492
1220,24.786521911621094,-12.865371742248534,1001,13.340079307556152,0.0003,1,a2c_lr_opt_seed1,-0.8620365858078003,28.406042098999023,0.905211329460144,-0.3123812675476074,12.87011432647705
1220,24.786521911621094,-12.865371742248534,1001,19.022321701049805,0.0003,1,a2c_lr_opt_seed1,1.4965342283248901,35.05350875854492,0.9673915505409241,2.002424955368042,25.62409782409668
1220,24.786521911621094,-12.865371742248534,1001,17.722881317138672,0.0003,1,a2c_lr_opt_seed1,-0.07559049129486084,35.59883117675781,0.9449261426925659,0.6931504607200623,15.224228858947754
1220,24.786521911621094,-12.865371742248534,1001,39.78916931152344,0.0003,1,a2c_lr_opt_seed1,-0.4659419357776642,80.51216888427734,0.9725682139396667,-0.723068118095398,17.42599105834961
1220,24.786521911621094,-12.865371742248534,1001,13.27310848236084,0.0003,1,a2c_lr_opt_seed1,-0.08785077184438705,26.723751068115234,0.9164438247680664,0.5104493498802185,12.101092338562012
1220,24.786521911621094,-12.865371742248534,1001,12.080082893371582,0.0003,1,a2c_lr_opt_seed1,0.5373806953430176,23.087169647216797,0.8819049000740051,0.719091534614563,16.249635696411133
1221,37.244178771972656,-8.261589546203613,1001,7.383578777313232,0.0003,1,a2c_lr_opt_seed1,0.7350369691848755,13.298794746398926,0.855587363243103,0.7270759344100952,16.648990631103516
1221,37.244178771972656,-8.261589546203613,1001,7.1476850509643555,0.0003,1,a2c_lr_opt_seed1,-1.183642864227295,16.664350509643555,0.8471575975418091,-1.0695205926895142,21.661945343017578
1223,70.11985778808594,-8.237944221496582,1001,10.093567848205566,0.0003,1,a2c_lr_opt_seed1,-1.2755459547042847,22.740005493164062,0.8891523480415344,-1.0199934244155884,22.48751449584961
1223,70.11985778808594,-8.237944221496582,1001,6.774227619171143,0.0003,1,a2c_lr_opt_seed1,-0.581199586391449,14.712682723999023,0.9142946004867554,-0.4288039207458496,11.125659942626953
1223,70.11985778808594,-8.237944221496582,1001,16.774066925048828,0.0003,1,a2c_lr_opt_seed1,1.146581768989563,31.256839752197266,0.9343913197517395,1.5278708934783936,32.28704071044922
1223,70.11985778808594,-8.237944221496582,1001,21.175334930419922,0.0003,1,a2c_lr_opt_seed1,1.1518235206604004,40.048858642578125,0.9172452092170715,1.50045645236969,26.673965454101562
1224,42.933692932128906,-6.354659385681153,1001,5.742193222045898,0.0003,1,a2c_lr_opt_seed1,-0.7110152244567871,12.908355712890625,0.9696223735809326,-0.4134197235107422,9.885926246643066
1226,172.34230041503906,1.7693606185913087,1001,6.612668037414551,0.0003,1,a2c_lr_opt_seed1,-0.7008464932441711,14.628937721252441,0.9542440176010132,-0.035173386335372925,6.279176712036133
1226,172.34230041503906,1.7693606185913087,1001,12.222845077514648,0.0003,1,a2c_lr_opt_seed1,-0.22584658861160278,24.899295806884766,0.9568979740142822,0.7133750319480896,11.773082733154297
1226,172.34230041503906,1.7693606185913087,1001,23.871776580810547,0.0003,1,a2c_lr_opt_seed1,-0.7371132969856262,49.21969985961914,0.9598416090011597,0.15004658699035645,17.959251403808594
1226,172.34230041503906,1.7693606185913087,1001,18.697898864746094,0.0003,1,a2c_lr_opt_seed1,-0.35546714067459106,38.10874557495117,1.0074464082717896,0.4699900150299072,15.99222469329834
1226,172.34230041503906,1.7693606185913087,1001,11.080163955688477,0.0003,1,a2c_lr_opt_seed1,-1.052099347114563,24.26653289794922,1.0034079551696777,-0.6058541536331177,17.606109619140625
1226,172.34230041503906,1.7693606185913087,1001,11.96418571472168,0.0003,1,a2c_lr_opt_seed1,-2.109825372695923,28.149951934814453,0.964749276638031,-1.0796127319335938,15.183501243591309
1226,172.34230041503906,1.7693606185913087,1001,12.469919204711914,0.0003,1,a2c_lr_opt_seed1,1.0918643474578857,22.75809669494629,0.9933176040649414,1.7339359521865845,22.781213760375977
1226,172.34230041503906,1.7693606185913087,1001,23.20541000366211,0.0003,1,a2c_lr_opt_seed1,-3.5802135467529297,53.57322692871094,0.9899613857269287,-2.387005567550659,29.868772506713867
1226,172.34230041503906,1.7693606185913087,1001,8.816752433776855,0.0003,1,a2c_lr_opt_seed1,0.9101623296737671,15.815165519714355,0.9931225180625916,1.4076802730560303,19.71877098083496
1226,172.34230041503906,1.7693606185913087,1001,9.889054298400879,0.0003,1,a2c_lr_opt_seed1,-3.442610502243042,26.665307998657227,0.9885591268539429,-2.789266347885132,37.734703063964844
1227,-142.68807983398438,0.6747991561889648,859,146.95826721191406,0.0003,1,a2c_lr_opt_seed1,-3.70857834815979,301.3354797363281,0.8980988264083862,-5.23272180557251,106.15911865234375
1227,-142.68807983398438,0.6747991561889648,859,18.443180084228516,0.0003,1,a2c_lr_opt_seed1,-0.9098158478736877,38.707923889160156,0.9660603404045105,-0.7430642247200012,13.790708541870117
1227,-142.68807983398438,0.6747991561889648,859,11.93399715423584,0.0003,1,a2c_lr_opt_seed1,-0.5741676688194275,25.018287658691406,0.9790391325950623,-0.6438922882080078,13.312562942504883
1227,-142.68807983398438,0.6747991561889648,859,14.616607666015625,0.0003,1,a2c_lr_opt_seed1,0.2237403392791748,28.78758430480957,0.925322949886322,0.24152052402496338,10.17412281036377
1227,-142.68807983398438,0.6747991561889648,859,13.01900863647461,0.0003,1,a2c_lr_opt_seed1,0.18892811238765717,25.662090301513672,0.9641097784042358,0.46637335419654846,11.302482604980469
1227,-142.68807983398438,0.6747991561889648,859,14.815711975097656,0.0003,1,a2c_lr_opt_seed1,-2.857328176498413,35.348026275634766,0.9724748134613037,-2.9940693378448486,50.3898811340332
1227,-142.68807983398438,0.6747991561889648,859,11.437590599060059,0.0003,1,a2c_lr_opt_seed1,-0.2745964527130127,23.42635726928711,0.9921562671661377,-0.17941132187843323,5.816529750823975
1227,-142.68807983398438,0.6747991561889648,859,8.838675498962402,0.0003,1,a2c_lr_opt_seed1,-2.705819845199585,23.09098243713379,0.9955276250839233,-2.734227180480957,41.9559211730957
1228,-76.8829116821289,-0.3366298294067383,1001,7.117859363555908,0.0003,1,a2c_lr_opt_seed1,-0.17414498329162598,14.585922241210938,0.9568063020706177,-0.00828501582145691,6.910889148712158
1228,-76.8829116821289,-0.3366298294067383,1001,4.275670051574707,0.0003,1,a2c_lr_opt_seed1,-2.322155237197876,13.19745922088623,0.9042105674743652,-2.0716497898101807,33.812957763671875
1228,-76.8829116821289,-0.3366298294067383,1001,13.953396797180176,0.0003,1,a2c_lr_opt_seed1,0.35463982820510864,27.19923210144043,0.8595917224884033,0.57231605052948,15.704598426818848
1228,-76.8829116821289,-0.3366298294067383,1001,32.9852180480957,0.0003,1,a2c_lr_opt_seed1,0.4255458116531372,65.1212158203125,0.9336415529251099,1.8077433109283447,38.666080474853516
1228,-76.8829116821289,-0.3366298294067383,1001,12.649073600769043,0.0003,1,a2c_lr_opt_seed1,-2.0095272064208984,29.31904411315918,0.9214075803756714,-1.4057730436325073,22.498043060302734
1228,-76.8829116821289,-0.3366298294067383,1001,16.034303665161133,0.0003,1,a2c_lr_opt_seed1,0.5438119173049927,30.98279571533203,0.9058918356895447,0.9820019602775574,16.109262466430664
1229,-55.10086441040039,-0.5494091415405273,1001,13.314709663391113,0.0003,1,a2c_lr_opt_seed1,0.09423977136611938,26.442764282226562,0.912338376045227,0.4490275979042053,10.863496780395508
1229,-55.10086441040039,-0.5494091415405273,1001,8.644027709960938,0.0003,1,a2c_lr_opt_seed1,0.821559727191925,15.646825790405273,0.9453456401824951,0.8691203594207764,14.426047325134277
1230,12.066144943237305,1.09916748046875,1001,15.415311813354492,0.0003,1,a2c_lr_opt_seed1,-0.021720945835113525,30.87593650817871,0.9353095293045044,0.6834834814071655,15.641947746276855
1231,-31.511024475097656,-0.9864822387695312,1001,18.30859375,0.0003,1,a2c_lr_opt_seed1,0.26287224888801575,36.09333419799805,0.9452456831932068,1.0318769216537476,23.05225372314453
1231,-31.511024475097656,-0.9864822387695312,1001,7.794839382171631,0.0003,1,a2c_lr_opt_seed1,-1.3374923467636108,18.266630172729492,0.9831470251083374,-0.9231263399124146,12.788936614990234
1231,-31.511024475097656,-0.9864822387695312,1001,19.306318283081055,0.0003,1,a2c_lr_opt_seed1,1.2789390087127686,36.056640625,0.9396478533744812,1.9189646244049072,27.39875602722168
1232,-6.053722381591797,0.4958570098876953,1001,14.953651428222656,0.0003,1,a2c_lr_opt_seed1,0.2884973883628845,29.332115173339844,0.903194785118103,1.0986053943634033,23.626310348510742
1233,-46.97010803222656,-0.9382905960083008,1001,19.186412811279297,0.0003,1,a2c_lr_opt_seed1,-0.3297290503978729,39.0340576171875,0.8861141800880432,0.6332494616508484,16.946035385131836
1234,-56.717735290527344,-2.144459171295166,1001,25.887313842773438,0.0003,1,a2c_lr_opt_seed1,2.7505836486816406,46.27528762817383,0.9145539999008179,3.7132911682128906,65.67288208007812
1234,-56.717735290527344,-2.144459171295166,1001,20.7083797454834,0.0003,1,a2c_lr_opt_seed1,1.289802074432373,38.839107513427734,0.9769600033760071,1.6543744802474976,24.900388717651367
1234,-56.717735290527344,-2.144459171295166,1001,15.628510475158691,0.0003,1,a2c_lr_opt_seed1,-2.68540358543396,36.629756927490234,0.9639614820480347,-1.8794877529144287,29.03462791442871
1234,-56.717735290527344,-2.144459171295166,1001,14.465600967407227,0.0003,1,a2c_lr_opt_seed1,0.4381406903266907,28.05689811706543,0.9888884425163269,0.8618685007095337,12.571032524108887
1234,-56.717735290527344,-2.144459171295166,1001,17.785022735595703,0.0003,1,a2c_lr_opt_seed1,-3.0978078842163086,41.767578125,0.9565398693084717,-2.533459186553955,36.128910064697266
1234,-56.717735290527344,-2.144459171295166,1001,54.127506256103516,0.0003,1,a2c_lr_opt_seed1,-0.18009454011917114,108.61713409423828,0.9666051864624023,1.4571068286895752,39.682769775390625
1234,-56.717735290527344,-2.144459171295166,1001,11.348456382751465,0.0003,1,a2c_lr_opt_seed1,-2.6643598079681396,28.027584075927734,0.9759864211082458,-2.189746141433716,33.30049133300781
1234,-56.717735290527344,-2.144459171295166,1001,8.500057220458984,0.0003,1,a2c_lr_opt_seed1,-1.1090222597122192,19.220090866088867,0.9656479954719543,-0.9327538013458252,14.33659839630127
1234,-56.717735290527344,-2.144459171295166,1001,17.16608428955078,0.0003,1,a2c_lr_opt_seed1,-2.626532554626465,39.58724594116211,1.0071117877960205,-2.3622143268585205,33.99781036376953
1234,-56.717735290527344,-2.144459171295166,1001,24.315223693847656,0.0003,1,a2c_lr_opt_seed1,2.1313347816467285,44.369781494140625,1.0012314319610596,2.2331948280334473,30.103534698486328
1235,-60.92580795288086,-4.343453159332276,1001,13.880596160888672,0.0003,1,a2c_lr_opt_seed1,-1.967280626296997,31.697717666625977,0.9824764132499695,-1.8852909803390503,26.18657875061035
1235,-60.92580795288086,-4.343453159332276,1001,43.99810028076172,0.0003,1,a2c_lr_opt_seed1,-0.7127439379692078,89.42355346679688,0.9321082830429077,-1.0190906524658203,33.23838806152344
1236,-106.07453155517578,-8.572896671295165,629,61.64891815185547,0.0003,1,a2c_lr_opt_seed1,-1.6564695835113525,126.61272430419922,0.9738197326660156,-2.5573787689208984,47.32838439941406
1236,-106.07453155517578,-8.572896671295165,629,14.211090087890625,0.0003,1,a2c_lr_opt_seed1,-0.31533190608024597,29.054731369018555,0.944482147693634,-0.43650925159454346,12.837075233459473
1236,-106.07453155517578,-8.572896671295165,629,14.577668190002441,0.0003,1,a2c_lr_opt_seed1,-1.6108455657958984,32.37887191772461,0.9217936396598816,-1.5316654443740845,20.181217193603516
1236,-106.07453155517578,-8.572896671295165,629,10.640846252441406,0.0003,1,a2c_lr_opt_seed1,-1.722305417060852,24.728395462036133,1.045792579650879,-1.8717209100723267,28.865690231323242
1236,-106.07453155517578,-8.572896671295165,629,14.490921974182129,0.0003,1,a2c_lr_opt_seed1,1.791422963142395,25.400959014892578,0.9802098274230957,2.2033016681671143,32.876434326171875
1237,109.78932189941406,-7.390819416046143,1001,9.991786003112793,0.0003,1,a2c_lr_opt_seed1,-0.9968995451927185,21.979219436645508,0.9237507581710815,-0.4299037456512451,7.098022937774658
1237,109.78932189941406,-7.390819416046143,1001,15.312121391296387,0.0003,1,a2c_lr_opt_seed1,-0.8865863084793091,32.39918899536133,0.8869056701660156,0.17935708165168762,24.1920223236084
1237,109.78932189941406,-7.390819416046143,1001,34.312686920166016,0.0003,1,a2c_lr_opt_seed1,2.0014243125915527,64.62444305419922,0.9564356207847595,3.375683307647705,70.36001586914062
1237,109.78932189941406,-7.390819416046143,1001,9.337139129638672,0.0003,1,a2c_lr_opt_seed1,-1.701949119567871,22.08017349243164,0.9986191987991333,-1.3855289220809937,23.01738929748535
1237,109.78932189941406,-7.390819416046143,1001,10.123185157775879,0.0003,1,a2c_lr_opt_seed1,-2.4519710540771484,25.152177810668945,0.9329720139503479,-1.9997347593307495,30.22699546813965
1237,109.78932189941406,-7.390819416046143,1001,13.427101135253906,0.0003,1,a2c_lr_opt_seed1,-0.23168069124221802,27.31942367553711,0.9295699000358582,0.49525928497314453,9.103020668029785
1237,109.78932189941406,-7.390819416046143,1001,32.18930435180664,0.0003,1,a2c_lr_opt_seed1,-0.09626626968383789,64.57302856445312,0.9423679709434509,0.18740314245224,25.268205642700195
1237,109.78932189941406,-7.390819416046143,1001,19.41478157043457,0.0003,1,a2c_lr_opt_seed1,0.41089460253715515,38.00968551635742,0.9555619955062866,0.9304635524749756,19.514883041381836
1237,109.78932189941406,-7.390819416046143,1001,21.657922744750977,0.0003,1,a2c_lr_opt_seed1,-1.4961509704589844,46.31005859375,0.9557433128356934,-0.4920493960380554,13.311990737915039
1239,-46.30017852783203,-9.663992328643799,1001,8.174799919128418,0.0003,1,a2c_lr_opt_seed1,-1.1807732582092285,18.712982177734375,0.9185113906860352,-0.7679470181465149,15.60214900970459
1239,-46.30017852783203,-9.663992328643799,1001,10.644732475280762,0.0003,1,a2c_lr_opt_seed1,0.3223138153553009,20.646678924560547,0.9214134216308594,1.1848570108413696,23.423423767089844
1239,-46.30017852783203,-9.663992328643799,1001,22.731653213500977,0.0003,1,a2c_lr_opt_seed1,0.6478694677352905,44.16950607299805,0.9684997797012329,1.069482445716858,17.36591911315918
1239,-46.30017852783203,-9.663992328643799,1001,13.558900833129883,0.0003,1,a2c_lr_opt_seed1,2.144556999206543,22.830591201782227,0.9520509839057922,2.6238138675689697,40.353389739990234
1241,25.880172729492188,-9.979171867370605,1001,13.7196044921875,0.0003,1,a2c_lr_opt_seed1,-0.5301503539085388,28.501312255859375,0.9012953639030457,0.28105318546295166,18.48733901977539
1242,-58.942989349365234,-11.975942878723144,1001,10.782008171081543,0.0003,1,a2c_lr_opt_seed1,1.3809094429016113,18.804044723510742,0.9241779446601868,1.66685152053833,31.136722564697266
1242,-58.942989349365234,-11.975942878723144,1001,27.526586532592773,0.0003,1,a2c_lr_opt_seed1,2.0333383083343506,50.98834991455078,0.926109790802002,2.858205556869507,54.94581985473633
1242,-58.942989349365234,-11.975942878723144,1001,14.343576431274414,0.0003,1,a2c_lr_opt_seed1,-1.6964519023895264,32.081871032714844,0.9066606760025024,-1.3714078664779663,21.74210548400879
1242,-58.942989349365234,-11.975942878723144,1001,13.301971435546875,0.0003,1,a2c_lr_opt_seed1,-1.6047048568725586,29.815135955810547,0.8915272355079651,-0.6853314638137817,16.56171226501465
1242,-58.942989349365234,-11.975942878723144,1001,10.215889930725098,0.0003,1,a2c_lr_opt_seed1,-0.9200155138969421,22.2737979888916,0.9934296607971191,-0.7572362422943115,10.880643844604492
1242,-58.942989349365234,-11.975942878723144,1001,11.025511741638184,0.0003,1,a2c_lr_opt_seed1,0.8411320447921753,20.370670318603516,0.9558232426643372,1.056491732597351,15.007987976074219
1242,-58.942989349365234,-11.975942878723144,1001,8.00778865814209,0.0003,1,a2c_lr_opt_seed1,-1.4815760850906372,18.980642318725586,0.9562945365905762,-1.531010389328003,21.17321014404297
1242,-58.942989349365234,-11.975942878723144,1001,9.154317855834961,0.0003,1,a2c_lr_opt_seed1,-0.8184203505516052,19.947473526000977,0.9986138343811035,-0.3241361379623413,7.950228691101074
1242,-58.942989349365234,-11.975942878723144,1001,8.456376075744629,0.0003,1,a2c_lr_opt_seed1,-1.4547679424285889,19.82424545288086,0.978235125541687,-0.9936021566390991,15.16571044921875
1242,-58.942989349365234,-11.975942878723144,1001,8.865915298461914,0.0003,1,a2c_lr_opt_seed1,-2.938433885574341,23.610708236694336,1.0053818225860596,-2.3715124130249023,32.47344207763672
1243,-33.85467529296875,-13.47595142364502,1001,5.666864395141602,0.0003,1,a2c_lr_opt_seed1,-2.0316505432128906,15.398963928222656,0.9669105410575867,-1.9350454807281494,29.83833885192871
1243,-33.85467529296875,-13.47595142364502,1001,12.925036430358887,0.0003,1,a2c_lr_opt_seed1,1.2476348876953125,23.356719970703125,0.9586448669433594,1.4120244979858398,18.89724349975586
1244,-74.56475830078125,-15.413844566345215,1001,41.66056442260742,0.0003,1,a2c_lr_opt_seed1,0.27841928601264954,82.7661361694336,0.9245275855064392,1.4491183757781982,38.75377655029297
1244,-74.56475830078125,-15.413844566345215,1001,13.0781831741333,0.0003,1,a2c_lr_opt_seed1,-0.6436051726341248,27.4455509185791,0.9871940612792969,-0.23580817878246307,10.773332595825195
1244,-74.56475830078125,-15.413844566345215,1001,12.455961227416992,0.0003,1,a2c_lr_opt_seed1,0.7358975410461426,23.442102432250977,0.9877992868423462,1.1338536739349365,22.182926177978516
1244,-74.56475830078125,-15.413844566345215,1001,9.477192878723145,0.0003,1,a2c_lr_opt_seed1,-2.579347848892212,24.115171432495117,1.0448906421661377,-2.3940813541412354,33.0102424621582
1244,-74.56475830078125,-15.413844566345215,1001,8.899977684020996,0.0003,1,a2c_lr_opt_seed1,-0.7847160696983337,19.371410369873047,1.011747121810913,-0.2636389434337616,13.377358436584473
1244,-74.56475830078125,-15.413844566345215,1001,15.612035751342773,0.0003,1,a2c_lr_opt_seed1,-1.5733542442321777,34.37278747558594,1.0032676458358765,-1.0576539039611816,16.02806854248047
1245,-56.537086486816406,-18.104515647888185,1001,8.22498893737793,0.0003,1,a2c_lr_opt_seed1,-1.8330355882644653,20.118074417114258,1.0125478506088257,-1.5075503587722778,23.518800735473633
1245,-56.537086486816406,-18.104515647888185,1001,17.870285034179688,0.0003,1,a2c_lr_opt_seed1,0.3495209217071533,35.04359436035156,1.0337367057800293,0.8226930499076843,22.731584548950195
1245,-56.537086486816406,-18.104515647888185,1001,9.937602043151855,0.0003,1,a2c_lr_opt_seed1,-1.3837811946868896,22.644596099853516,0.9141566753387451,-0.590653121471405,17.90021514892578
1245,-56.537086486816406,-18.104515647888185,1001,14.685864448547363,0.0003,1,a2c_lr_opt_seed1,0.499051034450531,28.375394821166992,0.8839956521987915,1.9009828567504883,31.531667709350586
1245,-56.537086486816406,-18.104515647888185,1001,9.72205638885498,0.0003,1,a2c_lr_opt_seed1,-1.4259175062179565,22.297780990600586,0.916406512260437,-1.0759499073028564,15.339856147766113
1245,-56.537086486816406,-18.104515647888185,1001,10.065180778503418,0.0003,1,a2c_lr_opt_seed1,-1.3488651514053345,22.82991600036621,0.9121454954147339,-0.8439918756484985,23.9298152923584
1245,-56.537086486816406,-18.104515647888185,1001,5.370117664337158,0.0003,1,a2c_lr_opt_seed1,-0.18344861268997192,11.108963966369629,0.9157584309577942,-0.09487444162368774,5.584695339202881
1245,-56.537086486816406,-18.104515647888185,1001,16.674278259277344,0.0003,1,a2c_lr_opt_seed1,0.3619033992290497,32.62657928466797,0.916111946105957,0.8860441446304321,15.096765518188477
1247,25.99690055847168,-22.370889053344726,1001,5.268546104431152,0.0003,1,a2c_lr_opt_seed1,-1.1868091821670532,12.912599563598633,0.9447939991950989,-0.9262863993644714,14.527584075927734
1247,25.99690055847168,-22.370889053344726,1001,10.947690963745117,0.0003,1,a2c_lr_opt_seed1,-1.3767997026443481,24.650970458984375,0.9947402477264404,-0.7798044681549072,13.168933868408203
1247,25.99690055847168,-22.370889053344726,1001,28.84620475769043,0.0003,1,a2c_lr_opt_seed1,1.0604801177978516,55.57334518432617,0.9481955766677856,1.959499478340149,39.502845764160156
1247,25.99690055847168,-22.370889053344726,1001,12.418728828430176,0.0003,1,a2c_lr_opt_seed1,0.6014896035194397,23.636463165283203,0.9931269884109497,0.8184381723403931,14.65372371673584
1249,-46.5445671081543,-18.50353759765625,1001,8.825370788574219,0.0003,1,a2c_lr_opt_seed1,-2.2493720054626465,22.151395797729492,0.9555469751358032,-1.6990755796432495,24.969253540039062
1250,-40.26690673828125,-22.018788146972657,1001,12.386999130249023,0.0003,1,a2c_lr_opt_seed1,-0.08928698301315308,24.95433807373047,0.8829171657562256,0.48154187202453613,8.052591323852539
1250,-40.26690673828125,-22.018788146972657,1001,58.96430969238281,0.0003,1,a2c_lr_opt_seed1,3.327338933944702,111.2757797241211,0.9182100296020508,5.291696548461914,112.57569122314453
1250,-40.26690673828125,-22.018788146972657,1001,8.382380485534668,0.0003,1,a2c_lr_opt_seed1,-1.9779741764068604,20.722593307495117,0.9426132440567017,-1.7037992477416992,30.093360900878906
1250,-40.26690673828125,-22.018788146972657,1001,26.055034637451172,0.0003,1,a2c_lr_opt_seed1,-0.35556960105895996,52.82305908203125,0.9249539375305176,0.1827167272567749,17.999591827392578
1250,-40.26690673828125,-22.018788146972657,1001,18.467729568481445,0.0003,1,a2c_lr_opt_seed1,-0.8112691640853882,38.5598258972168,0.9134954214096069,0.1840226650238037,17.840961456298828
1250,-40.26690673828125,-22.018788146972657,1001,16.440462112426758,0.0003,1,a2c_lr_opt_seed1,-0.6842378973960876,34.251224517822266,0.9114219546318054,0.14118453860282898,11.723772048950195
1250,-40.26690673828125,-22.018788146972657,1001,33.45371627807617,0.0003,1,a2c_lr_opt_seed1,0.44916680455207825,66.01087951660156,0.8877919912338257,1.7919831275939941,29.899473190307617
1250,-40.26690673828125,-22.018788146972657,1001,8.198050498962402,0.0003,1,a2c_lr_opt_seed1,-0.6172764301300049,17.63233757019043,0.8417176008224487,0.13136303424835205,6.006462574005127
1250,-40.26690673828125,-22.018788146972657,1001,12.372407913208008,0.0003,1,a2c_lr_opt_seed1,-0.4623124897480011,25.67123794555664,0.8981898427009583,-0.37649208307266235,15.455344200134277
1250,-40.26690673828125,-22.018788146972657,1001,4.887198448181152,0.0003,1,a2c_lr_opt_seed1,-0.6871810555458069,11.15062141418457,0.9314475059509277,-0.3393630385398865,6.709072589874268
1251,41.669715881347656,-19.508148345947266,1001,7.652286052703857,0.0003,1,a2c_lr_opt_seed1,-1.4880387783050537,18.282611846923828,0.9810751080513,-1.2881046533584595,20.811887741088867
1251,41.669715881347656,-19.508148345947266,1001,10.269497871398926,0.0003,1,a2c_lr_opt_seed1,-0.24125730991363525,21.023611068725586,1.0503029823303223,-0.11588132381439209,6.266366004943848
1252,-55.41646957397461,-22.494207229614258,1001,8.656014442443848,0.0003,1,a2c_lr_opt_seed1,-0.5878940224647522,18.489803314208984,0.9931852221488953,-0.4553920328617096,9.192147254943848
1252,-55.41646957397461,-22.494207229614258,1001,6.657182216644287,0.0003,1,a2c_lr_opt_seed1,-1.3679271936416626,16.05215835571289,0.9699547290802002,-1.1583229303359985,22.850093841552734
1252,-55.41646957397461,-22.494207229614258,1001,12.141355514526367,0.0003,1,a2c_lr_opt_seed1,-1.116835355758667,26.518325805664062,0.9718577861785889,-0.6771249771118164,19.053768157958984
1252,-55.41646957397461,-22.494207229614258,1001,17.4815616607666,0.0003,1,a2c_lr_opt_seed1,-0.51738041639328,35.999759674072266,0.9389791488647461,0.07427579164505005,8.839400291442871
1252,-55.41646957397461,-22.494207229614258,1001,11.21070671081543,0.0003,1,a2c_lr_opt_seed1,1.4372358322143555,19.548799514770508,0.9288371801376343,1.83977210521698,27.244415283203125
1252,-55.41646957397461,-22.494207229614258,1001,12.2154541015625,0.0003,1,a2c_lr_opt_seed1,-2.786830425262451,30.006603240966797,1.0166677236557007,-2.528127670288086,39.570098876953125
1253,-61.86439895629883,-25.08162124633789,1001,11.74254322052002,0.0003,1,a2c_lr_opt_seed1,-0.3550040125846863,24.197046279907227,0.9758382439613342,0.16428476572036743,8.947861671447754
1253,-61.86439895629883,-25.08162124633789,1001,7.2818756103515625,0.0003,1,a2c_lr_opt_seed1,-1.2120685577392578,16.989891052246094,1.0013316869735718,-0.8241184949874878,16.697654724121094
1253,-61.86439895629883,-25.08162124633789,1001,25.739112854003906,0.0003,1,a2c_lr_opt_seed1,0.27063021063804626,50.93880081176758,0.9178897738456726,1.3492506742477417,36.9226188659668
1253,-61.86439895629883,-25.08162124633789,1001,9.259893417358398,0.0003,1,a2c_lr_opt_seed1,-0.8288671970367432,20.179306030273438,0.8926351070404053,-0.1471257209777832,11.720033645629883
1253,-61.86439895629883,-25.08162124633789,1001,7.798819065093994,0.0003,1,a2c_lr_opt_seed1,-2.2669503688812256,20.1334171295166,0.9388366937637329,-1.8488867282867432,28.803998947143555
1253,-61.86439895629883,-25.08162124633789,1001,8.777946472167969,0.0003,1,a2c_lr_opt_seed1,-0.13740497827529907,17.83265495300293,0.9759459495544434,0.28172624111175537,7.424942970275879
1253,-61.86439895629883,-25.08162124633789,1001,15.44062614440918,0.0003,1,a2c_lr_opt_seed1,-0.03851253539323807,30.960216522216797,0.9702074527740479,0.2854396104812622,11.189055442810059
1253,-61.86439895629883,-25.08162124633789,1001,18.443525314331055,0.0003,1,a2c_lr_opt_seed1,-0.3922450542449951,37.67328643798828,0.8726597428321838,0.8562456965446472,20.14969825744629
1254,18.700029373168945,-25.348885154724123,1001,17.652158737182617,0.0003,1,a2c_lr_opt_seed1,-2.019597053527832,39.34526062011719,0.8758127689361572,-1.4444974660873413,24.872447967529297
1255,-79.53829193115234,-27.945580253601076,1001,9.1925048828125,0.0003,1,a2c_lr_opt_seed1,0.5098211765289307,17.367006301879883,0.8196635246276855,1.4709713459014893,30.684505462646484
1255,-79.53829193115234,-27.945580253601076,1001,7.675273418426514,0.0003,1,a2c_lr_opt_seed1,0.7806565761566162,13.79090690612793,0.8367105722427368,1.3742780685424805,26.886030197143555
1255,-79.53829193115234,-27.945580253601076,1001,52.5018196105957,0.0003,1,a2c_lr_opt_seed1,3.3432605266571045,98.31865692138672,0.7700756788253784,5.012938499450684,84.04812622070312
1256,14.386857032775879,-28.276761264801024,1001,13.260848999023438,0.0003,1,a2c_lr_opt_seed1,1.7458837032318115,23.031558990478516,0.814291775226593,2.2197015285491943,37.572898864746094
1258,7.936040878295898,-23.60736852645874,1001,13.952592849731445,0.0003,1,a2c_lr_opt_seed1,0.9332107305526733,26.04048728942871,0.8607948422431946,1.5765496492385864,26.884231567382812
1258,7.936040878295898,-23.60736852645874,1001,16.824928283691406,0.0003,1,a2c_lr_opt_seed1,0.6355260610580444,32.3804931640625,0.844801127910614,1.8453389406204224,37.57499313354492
1258,7.936040878295898,-23.60736852645874,1001,10.76815414428711,0.0003,1,a2c_lr_opt_seed1,0.5452042818069458,20.447587966918945,0.8442640900611877,0.9392827153205872,20.12422752380371
1258,7.936040878295898,-23.60736852645874,1001,12.710627555847168,0.0003,1,a2c_lr_opt_seed1,1.3455311059951782,22.73194122314453,0.8746654391288757,1.5965943336486816,29.75404930114746
1258,7.936040878295898,-23.60736852645874,1001,4.02401065826416,0.0003,1,a2c_lr_opt_seed1,-0.3108113706111908,8.671561241149902,0.9585861563682556,-0.13309919834136963,6.274655342102051
1258,7.936040878295898,-23.60736852645874,1001,7.824015140533447,0.0003,1,a2c_lr_opt_seed1,-0.8342787027359009,17.31842803955078,0.9200609922409058,-0.44224318861961365,9.910516738891602
1258,7.936040878295898,-23.60736852645874,1001,8.34874153137207,0.0003,1,a2c_lr_opt_seed1,-2.7658851146698,22.231002807617188,0.8747284412384033,-2.3381295204162598,35.71677017211914
1259,158.91001892089844,-17.967309017181396,833,165.81712341308594,0.0003,1,a2c_lr_opt_seed1,0.5488331317901611,330.53839111328125,0.8976848721504211,5.265118598937988,118.68748474121094
1259,158.91001892089844,-17.967309017181396,833,11.231675148010254,0.0003,1,a2c_lr_opt_seed1,-1.7519431114196777,25.969139099121094,0.950857400894165,-1.4870344400405884,24.112552642822266
1260,-53.428524017333984,-17.787397441864012,428,147.5234832763672,0.0003,1,a2c_lr_opt_seed1,-0.15232230722904205,295.35345458984375,0.9126906991004944,-2.92807936668396,92.62469482421875
1261,-48.4640998840332,-19.441683406829835,1001,17.542959213256836,0.0003,1,a2c_lr_opt_seed1,0.8168765306472778,33.45412063598633,0.977894127368927,0.8441267013549805,19.729516983032227
1261,-48.4640998840332,-19.441683406829835,1001,22.109539031982422,0.0003,1,a2c_lr_opt_seed1,1.5232011079788208,41.17457580566406,0.9489850401878357,1.9821544885635376,37.56696319580078
1261,-48.4640998840332,-19.441683406829835,1001,14.887070655822754,0.0003,1,a2c_lr_opt_seed1,-0.8890911936759949,31.554319381713867,0.9977511167526245,-0.5894956588745117,11.346055030822754
1261,-48.4640998840332,-19.441683406829835,1001,9.817953109741211,0.0003,1,a2c_lr_opt_seed1,-1.633582592010498,22.905071258544922,0.9999017119407654,-1.4997478723526,23.723800659179688
1261,-48.4640998840332,-19.441683406829835,1001,9.008246421813965,0.0003,1,a2c_lr_opt_seed1,0.9059257507324219,16.20662498474121,0.9916632175445557,1.148197889328003,17.987159729003906
1261,-48.4640998840332,-19.441683406829835,1001,4.528681755065918,0.0003,1,a2c_lr_opt_seed1,-1.033942699432373,11.127302169799805,1.026587724685669,-0.8559784889221191,13.941929817199707
1261,-48.4640998840332,-19.441683406829835,1001,7.101617813110352,0.0003,1,a2c_lr_opt_seed1,-1.9417612552642822,18.088851928710938,1.0473254919052124,-1.8695294857025146,30.64988899230957
1261,-48.4640998840332,-19.441683406829835,1001,3.7343969345092773,0.0003,1,a2c_lr_opt_seed1,-0.5901885032653809,8.651205062866211,1.0170859098434448,-0.4680478274822235,7.461037635803223
1262,-66.27522277832031,-18.670353145599364,1001,6.596964359283447,0.0003,1,a2c_lr_opt_seed1,-1.5772547721862793,16.350461959838867,1.0116266012191772,-1.2226779460906982,18.271106719970703
1262,-66.27522277832031,-18.670353145599364,1001,8.295809745788574,0.0003,1,a2c_lr_opt_seed1,-0.16777180135250092,16.929149627685547,0.9933968782424927,-0.06417173147201538,3.2518086433410645
1262,-66.27522277832031,-18.670353145599364,1001,21.907188415527344,0.0003,1,a2c_lr_opt_seed1,0.9862552285194397,41.84376525878906,0.9490112066268921,2.092200756072998,32.70518112182617
1262,-66.27522277832031,-18.670353145599364,1001,8.481475830078125,0.0003,1,a2c_lr_opt_seed1,-2.5127153396606445,21.990371704101562,0.9950300455093384,-2.1401259899139404,29.030651092529297
1262,-66.27522277832031,-18.670353145599364,1001,7.887765407562256,0.0003,1,a2c_lr_opt_seed1,-1.6357910633087158,19.049110412597656,0.9991470575332642,-1.2274349927902222,18.620403289794922
1262,-66.27522277832031,-18.670353145599364,1001,7.614658355712891,0.0003,1,a2c_lr_opt_seed1,-1.9301589727401733,19.091617584228516,0.9914184808731079,-1.7276256084442139,28.616607666015625
1262,-66.27522277832031,-18.670353145599364,1001,19.426572799682617,0.0003,1,a2c_lr_opt_seed1,0.8817375302314758,37.091522216796875,0.9258461594581604,1.6704295873641968,24.59351348876953
1263,-100.49000549316406,-18.78583013534546,801,102.29280853271484,0.0003,1,a2c_lr_opt_seed1,-2.336124897003174,209.25978088378906,0.9547498226165771,-1.6199936866760254,41.476463317871094
1264,61.75120544433594,-16.847869167327882,1001,3.953106641769409,0.0003,1,a2c_lr_opt_seed1,-1.042878270149231,9.993826866149902,0.9286213517189026,-0.6705676317214966,11.492205619812012
1264,61.75120544433594,-16.847869167327882,1001,23.09572410583496,0.0003,1,a2c_lr_opt_seed1,-0.559988260269165,47.313209533691406,0.8926780819892883,0.5244985818862915,25.031152725219727
1264,61.75120544433594,-16.847869167327882,1001,11.71314811706543,0.0003,1,a2c_lr_opt_seed1,-0.6444073915481567,24.717058181762695,0.9736621379852295,-0.2544069290161133,8.04914379119873
1264,61.75120544433594,-16.847869167327882,1001,5.832467555999756,0.0003,1,a2c_lr_opt_seed1,-0.5705392956733704,12.807964324951172,0.975029706954956,0.01305893063545227,5.174454212188721
1264,61.75120544433594,-16.847869167327882,1001,35.033992767333984,0.0003,1,a2c_lr_opt_seed1,-4.0358500480651855,78.14163970947266,0.9770016670227051,-2.7819511890411377,52.324012756347656
1266,-112.91143035888672,-14.758674907684327,771,209.47154235839844,0.0003,1,a2c_lr_opt_seed1,-1.1326794624328613,421.2100830078125,0.8213253021240234,-5.020626544952393,124.605712890625
1267,-21.97389030456543,-14.31544382095337,1001,18.505338668823242,0.0003,1,a2c_lr_opt_seed1,-0.33602601289749146,37.684593200683594,0.9321162104606628,0.07736241817474365,23.79838752746582
1267,-21.97389030456543,-14.31544382095337,1001,49.241886138916016,0.0003,1,a2c_lr_opt_seed1,3.7010905742645264,91.08357238769531,0.9929249286651611,4.41964054107666,112.56132507324219
1267,-21.97389030456543,-14.31544382095337,1001,8.96702766418457,0.0003,1,a2c_lr_opt_seed1,0.502815842628479,16.930402755737305,0.9895150661468506,0.6736103296279907,16.474353790283203
1267,-21.97389030456543,-14.31544382095337,1001,4.313619136810303,0.0003,1,a2c_lr_opt_seed1,-1.5616874694824219,11.752594947814941,0.9907910227775574,-1.2018465995788574,21.698232650756836
1267,-21.97389030456543,-14.31544382095337,1001,21.577177047729492,0.0003,1,a2c_lr_opt_seed1,-1.5712476968765259,46.29875564575195,0.9542217254638672,-1.0111311674118042,20.328889846801758
1267,-21.97389030456543,-14.31544382095337,1001,6.022322177886963,0.0003,1,a2c_lr_opt_seed1,-0.8214862942695618,13.689352989196777,0.8679083585739136,-0.3371671438217163,9.35902214050293
1267,-21.97389030456543,-14.31544382095337,1001,10.32658576965332,0.0003,1,a2c_lr_opt_seed1,-0.0852317214012146,20.825359344482422,0.8624523878097534,0.5719664096832275,12.191872596740723
1268,118.833740234375,-13.131179828643798,964,165.78082275390625,0.0003,1,a2c_lr_opt_seed1,-1.830499529838562,335.2244567871094,0.9045684337615967,3.046497344970703,99.86146545410156
1268,118.833740234375,-13.131179828643798,964,15.456048965454102,0.0003,1,a2c_lr_opt_seed1,1.2212437391281128,28.471431732177734,0.9103670120239258,1.8811482191085815,29.20049476623535
1268,118.833740234375,-13.131179828643798,964,10.004798889160156,0.0003,1,a2c_lr_opt_seed1,-0.7967843413352966,21.605140686035156,0.9868745803833008,-0.476718544960022,11.647111892700195
1269,-66.0094985961914,-12.202787647247314,1001,10.863651275634766,0.0003,1,a2c_lr_opt_seed1,-1.0745195150375366,23.87823486328125,0.9471920132637024,-0.7924908399581909,11.939022064208984
1269,-66.0094985961914,-12.202787647247314,1001,17.304000854492188,0.0003,1,a2c_lr_opt_seed1,1.317591667175293,31.9747371673584,0.9588279128074646,1.9395864009857178,34.82332992553711
1269,-66.0094985961914,-12.202787647247314,1001,15.606756210327148,0.0003,1,a2c_lr_opt_seed1,0.16778942942619324,30.879837036132812,0.9513295292854309,0.6505467891693115,11.86849594116211
1269,-66.0094985961914,-12.202787647247314,1001,14.185494422912598,0.0003,1,a2c_lr_opt_seed1,-2.5925533771514893,33.55816650390625,1.0354690551757812,-2.220730781555176,36.01551818847656
1269,-66.0094985961914,-12.202787647247314,1001,9.876834869384766,0.0003,1,a2c_lr_opt_seed1,0.8175098896026611,18.120559692382812,0.954893946647644,1.4401321411132812,21.356882095336914
1269,-66.0094985961914,-12.202787647247314,1001,34.23028564453125,0.0003,1,a2c_lr_opt_seed1,-0.8449569344520569,70.15235900878906,0.9378910064697266,-0.21557968854904175,24.2818660736084
1269,-66.0094985961914,-12.202787647247314,1001,10.679656982421875,0.0003,1,a2c_lr_opt_seed1,0.5991807579994202,20.162761688232422,0.9047832489013672,0.9650123119354248,16.903770446777344
1270,6.122318267822266,-12.576071720123291,1001,4.787355422973633,0.0003,1,a2c_lr_opt_seed1,-0.7785264253616333,11.133601188659668,0.9187673926353455,-0.11504106968641281,4.64241886138916
1270,6.122318267822266,-12.576071720123291,1001,6.150843620300293,0.0003,1,a2c_lr_opt_seed1,-1.112720251083374,14.529009819030762,0.9414066672325134,-0.9543978571891785,16.49439239501953
1270,6.122318267822266,-12.576071720123291,1001,10.214325904846191,0.0003,1,a2c_lr_opt_seed1,-0.5873269438743591,21.605289459228516,0.9915845394134521,-0.03625272214412689,11.940434455871582
1270,6.122318267822266,-12.576071720123291,1001,11.032544136047363,0.0003,1,a2c_lr_opt_seed1,-0.9010886549949646,23.869169235229492,0.9515334367752075,-0.742512583732605,18.614530563354492
1270,6.122318267822266,-12.576071720123291,1001,15.5416841506958,0.0003,1,a2c_lr_opt_seed1,-0.2946508824825287,31.674470901489258,0.9003283381462097,0.3730490207672119,14.572221755981445
1270,6.122318267822266,-12.576071720123291,1001,35.407081604003906,0.0003,1,a2c_lr_opt_seed1,1.8780603408813477,67.06001281738281,0.9839704632759094,2.279902458190918,35.615665435791016
1270,6.122318267822266,-12.576071720123291,1001,5.994333267211914,0.0003,1,a2c_lr_opt_seed1,-1.114034652709961,14.218684196472168,0.9742318987846375,-0.558817982673645,10.080204963684082
1271,-50.7951545715332,-14.336858386993407,1001,43.58494567871094,0.0003,1,a2c_lr_opt_seed1,2.2327773571014404,82.70625305175781,0.9575397372245789,2.0557992458343506,36.19196319580078
1271,-50.7951545715332,-14.336858386993407,1001,25.111873626708984,0.0003,1,a2c_lr_opt_seed1,-1.0538501739501953,52.33338165283203,0.9678968787193298,-0.6996639370918274,19.598316192626953
1272,23.42915916442871,-12.829578151702881,1001,11.708623886108398,0.0003,1,a2c_lr_opt_seed1,0.9476592540740967,21.523765563964844,0.9185174107551575,1.2893215417861938,22.378873825073242
1272,23.42915916442871,-12.829578151702881,1001,16.791658401489258,0.0003,1,a2c_lr_opt_seed1,-0.4404180347919464,34.46596908569336,0.9079633355140686,0.4041113555431366,13.036459922790527
1272,23.42915916442871,-12.829578151702881,1001,11.390914916992188,0.0003,1,a2c_lr_opt_seed1,-0.07545789331197739,22.934654235839844,0.9549477696418762,-0.24448196589946747,11.49515438079834
1272,23.42915916442871,-12.829578151702881,1001,8.759014129638672,0.0003,1,a2c_lr_opt_seed1,0.3544987440109253,16.811004638671875,0.9872779250144958,-0.1562936007976532,6.375425338745117
1273,81.1564712524414,-12.608845882415771,1001,12.610374450683594,0.0003,1,a2c_lr_opt_seed1,-0.2953212261199951,25.813312530517578,0.9604867696762085,-0.40932631492614746,9.012786865234375
1275,-52.295440673828125,-16.498892192840575,1001,16.65128517150879,0.0003,1,a2c_lr_opt_seed1,0.6820574998855591,31.940258026123047,0.9030686616897583,1.2559629678726196,25.510807037353516
1275,-52.295440673828125,-16.498892192840575,1001,24.175334930419922,0.0003,1,a2c_lr_opt_seed1,0.908794105052948,46.53495407104492,0.9365509748458862,1.0436859130859375,33.07236862182617
1275,-52.295440673828125,-16.498892192840575,1001,4.748406410217285,0.0003,1,a2c_lr_opt_seed1,-1.1207284927368164,11.7401762008667,0.9531676769256592,-1.2144495248794556,24.504474639892578
1275,-52.295440673828125,-16.498892192840575,1001,4.42367696762085,0.0003,1,a2c_lr_opt_seed1,-1.8834514617919922,12.616132736206055,0.9381641745567322,-1.5902520418167114,31.12720489501953
1275,-52.295440673828125,-16.498892192840575,1001,11.077363014221191,0.0003,1,a2c_lr_opt_seed1,-2.353820562362671,26.864276885986328,0.9548563361167908,-2.1916348934173584,44.54062271118164
1275,-52.295440673828125,-16.498892192840575,1001,13.133020401000977,0.0003,1,a2c_lr_opt_seed1,-0.18180805444717407,26.631750106811523,1.046294093132019,-0.25221455097198486,10.353059768676758
1275,-52.295440673828125,-16.498892192840575,1001,6.26163387298584,0.0003,1,a2c_lr_opt_seed1,-1.6426217555999756,15.810489654541016,0.9890347123146057,-1.5380841493606567,27.695571899414062
1276,-101.67356872558594,-21.979209575653076,1001,10.545064926147461,0.0003,1,a2c_lr_opt_seed1,-1.8551644086837769,24.802413940429688,0.9771417379379272,-1.3008980751037598,24.799396514892578
1276,-101.67356872558594,-21.979209575653076,1001,6.631656646728516,0.0003,1,a2c_lr_opt_seed1,-1.5223138332366943,16.30986785888672,0.9633256196975708,-1.0435163974761963,24.366994857788086
1276,-101.67356872558594,-21.979209575653076,1001,9.158578872680664,0.0003,1,a2c_lr_opt_seed1,-0.021736472845077515,18.36244010925293,0.905083417892456,0.7519307136535645,18.762826919555664
1277,-51.66191101074219,-20.15868619918823,1001,14.014851570129395,0.0003,1,a2c_lr_opt_seed1,-0.8378119468688965,29.707164764404297,0.9185271263122559,0.06595838069915771,12.904495239257812
1277,-51.66191101074219,-20.15868619918823,1001,15.22321891784668,0.0003,1,a2c_lr_opt_seed1,1.1798150539398193,28.088600158691406,0.8965452909469604,1.9795845746994019,39.06234359741211
1277,-51.66191101074219,-20.15868619918823,1001,7.648159503936768,0.0003,1,a2c_lr_opt_seed1,-2.150273561477661,19.598981857299805,1.0579843521118164,-2.0331883430480957,38.857810974121094
1277,-51.66191101074219,-20.15868619918823,1001,5.13134241104126,0.0003,1,a2c_lr_opt_seed1,-0.9825479388237,12.22972583770752,0.9726851582527161,-0.36058157682418823,11.297061920166016
1277,-51.66191101074219,-20.15868619918823,1001,12.07960319519043,0.0003,1,a2c_lr_opt_seed1,-1.6441588401794434,27.44947052001953,0.9726942777633667,-0.9804325103759766,18.490694046020508
1277,-51.66191101074219,-20.15868619918823,1001,15.079936027526855,0.0003,1,a2c_lr_opt_seed1,-0.8493413329124451,31.860393524169922,0.9191150069236755,-0.1474609375,11.455846786499023
1277,-51.66191101074219,-20.15868619918823,1001,14.322185516357422,0.0003,1,a2c_lr_opt_seed1,0.09443363547325134,28.457475662231445,0.9856274724006653,0.5860762596130371,12.193822860717773
1277,-51.66191101074219,-20.15868619918823,1001,6.155812740325928,0.0003,1,a2c_lr_opt_seed1,0.22303412854671478,11.867517471313477,0.9797290563583374,0.6588411331176758,10.227777481079102
1278,-41.12800216674805,-19.443588008880614,1001,19.28871726989746,0.0003,1,a2c_lr_opt_seed1,-2.0131635665893555,42.60563278198242,0.9360634088516235,-1.1714588403701782,28.220680236816406
1278,-41.12800216674805,-19.443588008880614,1001,7.790976524353027,0.0003,1,a2c_lr_opt_seed1,-0.18282081186771393,15.949336051940918,0.8706647157669067,0.38653552532196045,10.596924781799316
1278,-41.12800216674805,-19.443588008880614,1001,23.786924362182617,0.0003,1,a2c_lr_opt_seed1,-0.7220837473869324,49.01996612548828,0.9742633700370789,-0.21676817536354065,12.169878005981445
1278,-41.12800216674805,-19.443588008880614,1001,11.130901336669922,0.0003,1,a2c_lr_opt_seed1,1.0714365243911743,20.12091827392578,0.9947080016136169,1.6277433633804321,26.488962173461914
1278,-41.12800216674805,-19.443588008880614,1001,7.075234889984131,0.0003,1,a2c_lr_opt_seed1,-0.5776854753494263,15.307865142822266,1.0121256113052368,-0.14852172136306763,10.596626281738281
1278,-41.12800216674805,-19.443588008880614,1001,5.362760066986084,0.0003,1,a2c_lr_opt_seed1,-0.8047900199890137,12.33707332611084,0.9865356683731079,-0.4933711290359497,8.427362442016602
1279,-60.56884765625,-19.552947673797608,1001,12.732630729675293,0.0003,1,a2c_lr_opt_seed1,1.0019007921218872,23.46340560913086,0.9728401899337769,1.7881956100463867,28.418800354003906
1279,-60.56884765625,-19.552947673797608,1001,8.895414352416992,0.0003,1,a2c_lr_opt_seed1,-1.9031553268432617,21.599040985107422,0.9504873752593994,-1.6676671504974365,31.17249870300293
1280,-52.230384826660156,-20.838878269195558,1001,15.791834831237793,0.0003,1,a2c_lr_opt_seed1,0.3974144458770752,30.79079818725586,0.9784146547317505,1.2146518230438232,36.71449279785156
1280,-52.230384826660156,-20.838878269195558,1001,30.744632720947266,0.0003,1,a2c_lr_opt_seed1,1.0068116188049316,59.47751235961914,0.9350646734237671,1.052392840385437,30.10193634033203
1280,-52.230384826660156,-20.838878269195558,1001,21.14933204650879,0.0003,1,a2c_lr_opt_seed1,-0.03394472599029541,42.368499755859375,0.972700834274292,0.9314707517623901,34.90541458129883
1280,-52.230384826660156,-20.838878269195558,1001,17.800424575805664,0.0003,1,a2c_lr_opt_seed1,0.38681232929229736,34.829254150390625,1.0150225162506104,0.2609677314758301,11.510970115661621
1281,29.82484245300293,-19.612160930633546,1001,17.131874084472656,0.0003,1,a2c_lr_opt_seed1,1.4343953132629395,31.396821975708008,0.931884229183197,2.3333654403686523,36.549339294433594
1283,13.05449390411377,-19.620796928405763,1001,9.568889617919922,0.0003,1,a2c_lr_opt_seed1,-0.1498967856168747,19.439420700073242,0.9238563179969788,-0.09177307784557343,9.589529991149902
1283,13.05449390411377,-19.620796928405763,1001,10.444387435913086,0.0003,1,a2c_lr_opt_seed1,-0.6009191274642944,22.09234619140625,0.8668121099472046,0.22619077563285828,15.20249080657959
1283,13.05449390411377,-19.620796928405763,1001,8.108590126037598,0.0003,1,a2c_lr_opt_seed1,0.8365907669067383,14.545812606811523,0.9071668386459351,1.239756464958191,21.88041877746582
1283,13.05449390411377,-19.620796928405763,1001,6.244822025299072,0.0003,1,a2c_lr_opt_seed1,-0.47793281078338623,13.447383880615234,0.9371960163116455,-0.23401352763175964,6.043885707855225
1283,13.05449390411377,-19.620796928405763,1001,4.940399169921875,0.0003,1,a2c_lr_opt_seed1,-1.758504033088684,13.399784088134766,0.9887464642524719,-1.5471137762069702,25.84980010986328
1283,13.05449390411377,-19.620796928405763,1001,4.5372467041015625,0.0003,1,a2c_lr_opt_seed1,-1.9727811813354492,13.021978378295898,0.9611514806747437,-1.5607349872589111,24.31914710998535
1283,13.05449390411377,-19.620796928405763,1001,17.794504165649414,0.0003,1,a2c_lr_opt_seed1,-2.328227996826172,40.24734115600586,0.938571572303772,-2.289841413497925,33.934661865234375
1283,13.05449390411377,-19.620796928405763,1001,24.683578491210938,0.0003,1,a2c_lr_opt_seed1,0.7727877497673035,47.823333740234375,0.8756576776504517,1.2189079523086548,20.90115737915039
1284,-5.040773391723633,-18.587257690429688,1001,9.127537727355957,0.0003,1,a2c_lr_opt_seed1,-0.788444995880127,19.833763122558594,0.8990815877914429,-0.5111446380615234,12.687690734863281
1284,-5.040773391723633,-18.587257690429688,1001,12.110379219055176,0.0003,1,a2c_lr_opt_seed1,1.6485614776611328,20.92530059814453,0.8329815864562988,1.8864198923110962,32.56608200073242
1285,-33.35127639770508,-18.035767059326172,1001,15.548666954040527,0.0003,1,a2c_lr_opt_seed1,1.196912407875061,28.705291748046875,0.8912636041641235,1.6208720207214355,31.454326629638672
1285,-33.35127639770508,-18.035767059326172,1001,19.207069396972656,0.0003,1,a2c_lr_opt_seed1,-0.12182268500328064,38.65972137451172,0.9693329334259033,-0.21291473507881165,21.527259826660156
1285,-33.35127639770508,-18.035767059326172,1001,17.188325881958008,0.0003,1,a2c_lr_opt_seed1,1.1993799209594727,31.979740142822266,0.9245085716247559,1.6564815044403076,35.64468002319336
1285,-33.35127639770508,-18.035767059326172,1001,20.282190322875977,0.0003,1,a2c_lr_opt_seed1,-0.4774594306945801,41.52124786376953,0.9740461707115173,0.16865865886211395,15.81330394744873
1285,-33.35127639770508,-18.035767059326172,1001,11.798216819763184,0.0003,1,a2c_lr_opt_seed1,-1.949296236038208,27.496936798095703,0.955697774887085,-1.643886923789978,33.2943229675293
1285,-33.35127639770508,-18.035767059326172,1001,4.821873188018799,0.0003,1,a2c_lr_opt_seed1,-0.6786863207817078,11.003019332885742,0.9502102136611938,-0.42828041315078735,7.650830268859863
1285,-33.35127639770508,-18.035767059326172,1001,4.41679048538208,0.0003,1,a2c_lr_opt_seed1,-1.1880885362625122,11.211697578430176,0.969663143157959,-0.8704240322113037,14.995710372924805
1285,-33.35127639770508,-18.035767059326172,1001,13.022398948669434,0.0003,1,a2c_lr_opt_seed1,-2.225538969039917,30.49787712097168,1.0006515979766846,-1.8487300872802734,38.5831413269043
1286,66.46165466308594,-14.585043334960938,1001,16.338878631591797,0.0003,1,a2c_lr_opt_seed1,-1.2341809272766113,35.148033142089844,0.9570074081420898,-0.31204238533973694,13.523979187011719
1286,66.46165466308594,-14.585043334960938,1001,9.054487228393555,0.0003,1,a2c_lr_opt_seed1,0.02795954793691635,18.054834365844727,0.8897010087966919,0.9360362887382507,15.830648422241211
1286,66.46165466308594,-14.585043334960938,1001,8.441752433776855,0.0003,1,a2c_lr_opt_seed1,-0.6966572403907776,18.278724670410156,0.9525178074836731,-0.3485453128814697,7.931985855102539
1286,66.46165466308594,-14.585043334960938,1001,8.20506763458252,0.0003,1,a2c_lr_opt_seed1,0.43044811487197876,15.551126480102539,0.9442680478096008,0.7907129526138306,12.403044700622559
1286,66.46165466308594,-14.585043334960938,1001,8.541498184204102,0.0003,1,a2c_lr_opt_seed1,-0.40854373574256897,17.902057647705078,0.9872996211051941,-0.1578350067138672,8.05627727508545
1286,66.46165466308594,-14.585043334960938,1001,5.323003768920898,0.0003,1,a2c_lr_opt_seed1,-0.1928127408027649,11.033671379089355,1.0190237760543823,0.09794843196868896,6.1165361404418945
1286,66.46165466308594,-14.585043334960938,1001,5.174887180328369,0.0003,1,a2c_lr_opt_seed1,-1.3165910243988037,12.984968185424805,1.0055094957351685,-0.751598596572876,12.76491928100586
1287,95.7046127319336,-14.866737518310547,1001,8.251801490783691,0.0003,1,a2c_lr_opt_seed1,-2.8137805461883545,22.133094787597656,0.9650991559028625,-2.3319268226623535,37.719970703125
1288,-88.84892272949219,-15.18912124633789,1001,34.41096496582031,0.0003,1,a2c_lr_opt_seed1,-0.845516562461853,70.51492309570312,0.9799641966819763,-0.04165679216384888,31.215063095092773
1288,-88.84892272949219,-15.18912124633789,1001,6.918796539306641,0.0003,1,a2c_lr_opt_seed1,-0.4195953607559204,14.678878784179688,1.0475475788116455,-0.014778666198253632,11.127156257629395
1288,-88.84892272949219,-15.18912124633789,1001,8.080617904663086,0.0003,1,a2c_lr_opt_seed1,-1.7030915021896362,19.569469451904297,1.0252323150634766,-1.0774931907653809,17.079517364501953
1289,-156.14662170410156,-17.38605010986328,927,142.19395446777344,0.0003,1,a2c_lr_opt_seed1,-5.973159313201904,296.3361511230469,0.9614330530166626,-4.364261150360107,71.40496063232422
1290,-32.94799041748047,-20.087953796386717,1001,9.138171195983887,0.0003,1,a2c_lr_opt_seed1,-2.376832962036133,23.03188133239746,0.9369415044784546,-1.8389462232589722,30.13239097595215
1291,-30.29375457763672,-21.211432342529296,1001,29.914520263671875,0.0003,1,a2c_lr_opt_seed1,2.640939712524414,54.5488395690918,0.8398312330245972,4.362607955932617,84.43656158447266
1291,-30.29375457763672,-21.211432342529296,1001,8.751860618591309,0.0003,1,a2c_lr_opt_seed1,-1.1280549764633179,19.761598587036133,0.884061336517334,-0.7289786338806152,19.404403686523438
1291,-30.29375457763672,-21.211432342529296,1001,34.41714859008789,0.0003,1,a2c_lr_opt_seed1,1.895450472831726,65.04518127441406,0.8912606239318848,2.8542675971984863,60.51359558105469
1291,-30.29375457763672,-21.211432342529296,1001,12.357245445251465,0.0003,1,a2c_lr_opt_seed1,-0.9959986209869385,26.708398818969727,0.9556960463523865,-0.4034121632575989,14.829885482788086
1291,-30.29375457763672,-21.211432342529296,1001,6.94480562210083,0.0003,1,a2c_lr_opt_seed1,-1.1422029733657837,16.17583465576172,0.9087899923324585,-0.9055178165435791,15.911128044128418
1291,-30.29375457763672,-21.211432342529296,1001,33.64751052856445,0.0003,1,a2c_lr_opt_seed1,1.2515039443969727,64.7938461303711,0.9162473678588867,2.366915225982666,39.584556579589844
1291,-30.29375457763672,-21.211432342529296,1001,14.489604949951172,0.0003,1,a2c_lr_opt_seed1,-1.328688383102417,31.638357162475586,0.8848415017127991,-0.6575380563735962,17.48951530456543
1291,-30.29375457763672,-21.211432342529296,1001,7.2748122215271,0.0003,1,a2c_lr_opt_seed1,0.11314304172992706,14.325132369995117,0.896750807762146,0.6090997457504272,9.577458381652832
1292,35.01372146606445,-19.332298126220703,1001,5.457069396972656,0.0003,1,a2c_lr_opt_seed1,-1.1286392211914062,13.173261642456055,0.9224144816398621,-1.0198627710342407,18.134960174560547
1292,35.01372146606445,-19.332298126220703,1001,6.957433223724365,0.0003,1,a2c_lr_opt_seed1,-1.0967097282409668,16.11017608642578,0.945225715637207,-1.0174930095672607,20.1028995513916
1293,71.55860137939453,-17.224032592773437,1001,32.981407165527344,0.0003,1,a2c_lr_opt_seed1,0.5166255235671997,64.9315414428711,0.9896504878997803,0.6277667880058289,28.189626693725586
1293,71.55860137939453,-17.224032592773437,1001,13.050580024719238,0.0003,1,a2c_lr_opt_seed1,-0.6367030143737793,27.376495361328125,0.9642602205276489,-0.67568439245224,22.99305534362793
1293,71.55860137939453,-17.224032592773437,1001,8.486040115356445,0.0003,1,a2c_lr_opt_seed1,-0.8898916244506836,18.75382423400879,0.9801825284957886,-1.0292119979858398,20.492828369140625
1293,71.55860137939453,-17.224032592773437,1001,8.199548721313477,0.0003,1,a2c_lr_opt_seed1,-1.6971914768218994,19.795433044433594,0.9769866466522217,-1.5440572500228882,26.49958038330078
1293,71.55860137939453,-17.224032592773437,1001,7.365926265716553,0.0003,1,a2c_lr_opt_seed1,0.10016375780105591,14.533413887023926,0.9445652961730957,0.07440799474716187,6.789949417114258
1293,71.55860137939453,-17.224032592773437,1001,6.575313568115234,0.0003,1,a2c_lr_opt_seed1,-1.8847253322601318,16.92202377319336,0.9726200699806213,-1.69395112991333,36.707794189453125
1293,71.55860137939453,-17.224032592773437,1001,5.539046287536621,0.0003,1,a2c_lr_opt_seed1,-1.2475541830062866,13.575035095214844,0.9168224334716797,-0.8798683881759644,15.90096664428711
1293,71.55860137939453,-17.224032592773437,1001,9.301313400268555,0.0003,1,a2c_lr_opt_seed1,-0.7798255681991577,20.164094924926758,0.908855140209198,-0.8774800300598145,19.15138816833496
1294,-46.164695739746094,-16.656031341552733,1001,13.118371963500977,0.0003,1,a2c_lr_opt_seed1,-0.7266021966934204,27.69185447692871,0.9523453712463379,-0.6656848192214966,15.645601272583008
1294,-46.164695739746094,-16.656031341552733,1001,9.664674758911133,0.0003,1,a2c_lr_opt_seed1,0.035032451152801514,19.261234283447266,0.9744333028793335,0.6090665459632874,14.906484603881836
1294,-46.164695739746094,-16.656031341552733,1001,5.545836925506592,0.0003,1,a2c_lr_opt_seed1,-1.3965779542922974,13.886728286743164,0.9492689967155457,-1.2556960582733154,24.49581527709961
1294,-46.164695739746094,-16.656031341552733,1001,7.66593074798584,0.0003,1,a2c_lr_opt_seed1,0.6884245872497559,13.95708179473877,1.0347577333450317,0.6946629285812378,16.2648983001709
1294,-46.164695739746094,-16.656031341552733,1001,8.588033676147461,0.0003,1,a2c_lr_opt_seed1,-1.9124579429626465,21.00301170349121,1.014519453048706,-1.7882699966430664,33.87690353393555
1294,-46.164695739746094,-16.656031341552733,1001,6.070713520050049,0.0003,1,a2c_lr_opt_seed1,-0.8278886079788208,13.79922103881836,1.0083539485931396,-0.6580865383148193,13.881972312927246
1294,-46.164695739746094,-16.656031341552733,1001,4.585412502288818,0.0003,1,a2c_lr_opt_seed1,-0.8936970233917236,10.96019458770752,0.9875184297561646,-0.7659620046615601,14.340102195739746
1295,-53.72956848144531,-16.599880981445313,1001,4.472123146057129,0.0003,1,a2c_lr_opt_seed1,-0.7239835262298584,10.39423656463623,1.0116147994995117,-0.2843034863471985,6.507135391235352
1295,-53.72956848144531,-16.599880981445313,1001,12.380423545837402,0.0003,1,a2c_lr_opt_seed1,0.8029329776763916,23.156871795654297,0.9451776742935181,1.1072930097579956,23.185909271240234
1296,-86.07012939453125,-17.773308181762694,1001,7.385724067687988,0.0003,1,a2c_lr_opt_seed1,-0.7126539349555969,16.19862174987793,0.932790994644165,-0.1127757877111435,4.9903974533081055
1296,-86.07012939453125,-17.773308181762694,1001,11.345418930053711,0.0003,1,a2c_lr_opt_seed1,0.9673361778259277,20.758129119873047,0.9826439023017883,1.1874585151672363,27.8908748626709
1296,-86.07012939453125,-17.773308181762694,1001,6.455348491668701,0.0003,1,a2c_lr_opt_seed1,-0.17099088430404663,13.254770278930664,1.0459182262420654,0.2969571650028229,6.415597438812256
1297,-38.7161979675293,-19.067570152282716,1001,5.759121417999268,0.0003,1,a2c_lr_opt_seed1,-1.6902649402618408,14.900697708129883,0.9626048803329468,-1.4100182056427002,29.466615676879883
1299,-25.20372772216797,-19.890186576843263,1001,18.031091690063477,0.0003,1,a2c_lr_opt_seed1,2.857416868209839,30.349254608154297,0.9519736170768738,3.6851954460144043,81.64623260498047
1299,-25.20372772216797,-19.890186576843263,1001,25.513809204101562,0.0003,1,a2c_lr_opt_seed1,0.5678905248641968,49.8936767578125,0.9192787408828735,1.3170521259307861,46.81657409667969
1299,-25.20372772216797,-19.890186576843263,1001,33.65728759765625,0.0003,1,a2c_lr_opt_seed1,1.5848324298858643,64.14689636230469,0.9924762845039368,2.425041437149048,54.075927734375
1299,-25.20372772216797,-19.890186576843263,1001,5.141279220581055,0.0003,1,a2c_lr_opt_seed1,-1.3669441938400269,13.018427848815918,0.9903647899627686,-1.1833635568618774,22.559110641479492
1299,-25.20372772216797,-19.890186576843263,1001,4.942122936248779,0.0003,1,a2c_lr_opt_seed1,0.2964453101158142,9.29328441619873,0.9646123647689819,0.600968599319458,16.196096420288086
1299,-25.20372772216797,-19.890186576843263,1001,5.91166877746582,0.0003,1,a2c_lr_opt_seed1,-0.027335237711668015,11.880019187927246,1.005431890487671,0.6163554191589355,14.443692207336426
1299,-25.20372772216797,-19.890186576843263,1001,5.7073259353637695,0.0003,1,a2c_lr_opt_seed1,-0.12324327230453491,11.663122177124023,0.9917963743209839,0.09621787071228027,7.26168155670166
1299,-25.20372772216797,-19.890186576843263,1001,6.961125373840332,0.0003,1,a2c_lr_opt_seed1,-2.3998231887817383,18.723955154418945,1.0292165279388428,-1.9933019876480103,37.301414489746094
1300,-52.915489196777344,-20.143158226013185,1001,5.083261966705322,0.0003,1,a2c_lr_opt_seed1,-0.4035419821739197,10.975704193115234,1.0478534698486328,-0.09568361937999725,7.413381576538086
1300,-52.915489196777344,-20.143158226013185,1001,4.8952436447143555,0.0003,1,a2c_lr_opt_seed1,-1.1290907859802246,12.050655364990234,0.9930946230888367,-0.8580565452575684,17.72545051574707
1300,-52.915489196777344,-20.143158226013185,1001,6.082019329071045,0.0003,1,a2c_lr_opt_seed1,-0.9884188175201416,14.142850875854492,0.9874095916748047,-0.615221381187439,12.06933879852295
1301,-69.84122467041016,-22.37337703704834,1001,6.775430679321289,0.0003,1,a2c_lr_opt_seed1,-0.27384108304977417,14.100479125976562,0.9682170748710632,-0.06485551595687866,5.804684162139893
1301,-69.84122467041016,-22.37337703704834,1001,9.256964683532715,0.0003,1,a2c_lr_opt_seed1,0.9586951732635498,16.598432540893555,0.946855902671814,1.4061436653137207,25.996139526367188
1301,-69.84122467041016,-22.37337703704834,1001,19.34357261657715,0.0003,1,a2c_lr_opt_seed1,-0.2925129532814026,39.27425003051758,1.038811206817627,0.2443312257528305,18.3701114654541
1301,-69.84122467041016,-22.37337703704834,1001,7.7433600425720215,0.0003,1,a2c_lr_opt_seed1,-0.36110371351242065,16.210939407348633,1.00621497631073,0.05227593332529068,8.611160278320312
1301,-69.84122467041016,-22.37337703704834,1001,4.136142253875732,0.0003,1,a2c_lr_opt_seed1,-0.6260949969291687,9.52646541595459,0.9954643845558167,-0.12654194235801697,6.520817279815674
1301,-69.84122467041016,-22.37337703704834,1001,5.844972610473633,0.0003,1,a2c_lr_opt_seed1,-1.3268413543701172,14.34562873840332,1.0004336833953857,-0.9074863791465759,18.316274642944336
1301,-69.84122467041016,-22.37337703704834,1001,8.22469711303711,0.0003,1,a2c_lr_opt_seed1,-0.4517732560634613,17.35494613647461,1.0022600889205933,0.012800008058547974,6.868643760681152
1302,-125.89388275146484,-23.782925300598144,980,113.03677368164062,0.0003,1,a2c_lr_opt_seed1,-1.6279339790344238,229.33128356933594,0.9290477633476257,-2.473601818084717,74.52647399902344
1302,-125.89388275146484,-23.782925300598144,980,6.018045902252197,0.0003,1,a2c_lr_opt_seed1,-1.0187662839889526,14.075695037841797,1.0350282192230225,-0.7747006416320801,17.16658592224121
1302,-125.89388275146484,-23.782925300598144,980,11.301087379455566,0.0003,1,a2c_lr_opt_seed1,0.5823575258255005,21.43935775756836,0.9488419890403748,0.7233197689056396,18.914281845092773
1302,-125.89388275146484,-23.782925300598144,980,12.297760963439941,0.0003,1,a2c_lr_opt_seed1,-1.3184784650802612,27.234460830688477,0.9908938407897949,-0.6413604617118835,15.874194145202637
1302,-125.89388275146484,-23.782925300598144,980,10.734155654907227,0.0003,1,a2c_lr_opt_seed1,-0.3649694323539734,22.200298309326172,1.0246307849884033,-0.2585187256336212,10.23365306854248
1302,-125.89388275146484,-23.782925300598144,980,13.655970573425293,0.0003,1,a2c_lr_opt_seed1,0.3042496144771576,26.705482482910156,1.0202337503433228,0.5844513773918152,12.161824226379395
1302,-125.89388275146484,-23.782925300598144,980,10.723639488220215,0.0003,1,a2c_lr_opt_seed1,-0.2048245072364807,21.858936309814453,1.0039459466934204,0.6531221270561218,21.352136611938477
1303,-38.363033294677734,-23.312897987365723,1001,10.93405818939209,0.0003,1,a2c_lr_opt_seed1,-1.4577808380126953,24.785602569580078,0.9619767665863037,-0.7946794033050537,12.769466400146484
1303,-38.363033294677734,-23.312897987365723,1001,7.35167121887207,0.0003,1,a2c_lr_opt_seed1,0.3676099479198456,13.969999313354492,0.9383934140205383,0.5725889205932617,10.082648277282715
1304,-52.71466827392578,-24.741191940307615,1001,63.955318450927734,0.0003,1,a2c_lr_opt_seed1,4.22925329208374,119.45393371582031,0.8994874954223633,5.14911413192749,109.40584564208984
1304,-52.71466827392578,-24.741191940307615,1001,35.47627258300781,0.0003,1,a2c_lr_opt_seed1,1.8238563537597656,67.30677032470703,0.9673343300819397,1.894156813621521,35.441200256347656
1304,-52.71466827392578,-24.741191940307615,1001,28.875865936279297,0.0003,1,a2c_lr_opt_seed1,1.9658899307250977,53.82177734375,0.9108482599258423,2.5275397300720215,44.72088623046875
1305,50.47810363769531,-22.140864028930665,1001,16.875953674316406,0.0003,1,a2c_lr_opt_seed1,0.8123407363891602,32.12908935546875,0.9305018782615662,1.0962523221969604,34.00443649291992
1306,9.189685821533203,-22.244807453155516,1001,4.315906047821045,0.0003,1,a2c_lr_opt_seed1,-1.3068063259124756,11.2474365234375,1.0056381225585938,-0.8938059210777283,19.512014389038086
1307,42.097991943359375,-22.076992435455324,1001,15.39759349822998,0.0003,1,a2c_lr_opt_seed1,1.413251519203186,27.97061538696289,0.9664306640625,2.0161285400390625,48.51117706298828
1307,42.097991943359375,-22.076992435455324,1001,7.804954528808594,0.0003,1,a2c_lr_opt_seed1,-0.44911864399909973,16.510080337524414,0.9671112895011902,-0.36503416299819946,10.88602352142334
1307,42.097991943359375,-22.076992435455324,1001,32.917518615722656,0.0003,1,a2c_lr_opt_seed1,1.150686502456665,63.53549575805664,0.9168299436569214,2.380969762802124,51.794368743896484
1307,42.097991943359375,-22.076992435455324,1001,6.9241251945495605,0.0003,1,a2c_lr_opt_seed1,0.22719144821166992,13.395917892456055,1.0252461433410645,0.6334513425827026,15.109758377075195
1307,42.097991943359375,-22.076992435455324,1001,5.2538161277771,0.0003,1,a2c_lr_opt_seed1,-1.1615710258483887,12.832832336425781,1.0290035009384155,-0.7350684404373169,16.522390365600586
1307,42.097991943359375,-22.076992435455324,1001,11.842950820922852,0.0003,1,a2c_lr_opt_seed1,-2.356759786605835,28.40142250061035,1.0006496906280518,-1.9342677593231201,33.216976165771484
1307,42.097991943359375,-22.076992435455324,1001,30.811172485351562,0.0003,1,a2c_lr_opt_seed1,1.1339174509048462,59.356536865234375,1.0128703117370605,1.5741640329360962,27.38195037841797
1307,42.097991943359375,-22.076992435455324,1001,3.992493152618408,0.0003,1,a2c_lr_opt_seed1,-0.41091781854629517,8.808691024780273,0.9345310926437378,0.10755452513694763,4.218906879425049
1308,-93.71874237060547,-24.110088100433348,1001,5.794033050537109,0.0003,1,a2c_lr_opt_seed1,0.31966066360473633,10.95065689086914,0.9559977650642395,0.763735830783844,20.870134353637695
1308,-93.71874237060547,-24.110088100433348,1001,11.386513710021973,0.0003,1,a2c_lr_opt_seed1,-0.3264375627040863,23.427818298339844,0.9574273228645325,0.3341039717197418,17.865358352661133
1309,16.03631591796875,-26.967562160491944,1001,7.198635101318359,0.0003,1,a2c_lr_opt_seed1,-0.21795804798603058,14.835105895996094,0.9599824547767639,0.3026686906814575,11.894864082336426
1309,16.03631591796875,-26.967562160491944,1001,11.972270965576172,0.0003,1,a2c_lr_opt_seed1,-0.24522516131401062,24.436838150024414,0.9235473871231079,0.5511503219604492,21.51405143737793
1309,16.03631591796875,-26.967562160491944,1001,13.411656379699707,0.0003,1,a2c_lr_opt_seed1,-0.4806806743144989,27.786666870117188,0.9965916275978088,-0.011332154273986816,12.204705238342285
1309,16.03631591796875,-26.967562160491944,1001,12.647909164428711,0.0003,1,a2c_lr_opt_seed1,-1.506002426147461,28.30972671508789,0.9520930647850037,-0.8097729086875916,17.373178482055664
1309,16.03631591796875,-26.967562160491944,1001,8.921451568603516,0.0003,1,a2c_lr_opt_seed1,-0.6739339232444763,19.192598342895508,0.9131972193717957,0.49650144577026367,10.449078559875488
1309,16.03631591796875,-26.967562160491944,1001,8.439311027526855,0.0003,1,a2c_lr_opt_seed1,-1.182572364807129,19.24561309814453,0.9230027794837952,-0.7623410224914551,12.986005783081055
1309,16.03631591796875,-26.967562160491944,1001,11.10840892791748,0.0003,1,a2c_lr_opt_seed1,1.2852146625518799,19.648441314697266,1.0265302658081055,1.5277808904647827,25.216543197631836
1310,-44.18998718261719,-26.782791423797608,1001,11.951237678527832,0.0003,1,a2c_lr_opt_seed1,-2.245136260986328,28.394744873046875,0.9981079697608948,-1.8183727264404297,31.042083740234375
1310,-44.18998718261719,-26.782791423797608,1001,4.680439472198486,0.0003,1,a2c_lr_opt_seed1,-1.98677659034729,13.336382865905762,0.9750798940658569,-1.491122841835022,30.358728408813477
1310,-44.18998718261719,-26.782791423797608,1001,28.94792938232422,0.0003,1,a2c_lr_opt_seed1,-1.5580956935882568,61.01390075683594,0.9253853559494019,-2.130347967147827,39.74839401245117
1311,-119.17728424072266,-28.197055110931398,855,97.0440444946289,0.0003,1,a2c_lr_opt_seed1,0.10586166381835938,193.8780517578125,0.8436611294746399,-1.2609719038009644,59.351524353027344
1311,-119.17728424072266,-28.197055110931398,855,4.862730503082275,0.0003,1,a2c_lr_opt_seed1,-0.4146777391433716,10.556641578674316,0.9126855731010437,-0.0953604131937027,8.099509239196777
1311,-119.17728424072266,-28.197055110931398,855,5.21296501159668,0.0003,1,a2c_lr_opt_seed1,-0.9310716390609741,12.290010452270508,0.968228280544281,-0.5374256372451782,10.593301773071289
1311,-119.17728424072266,-28.197055110931398,855,10.33620834350586,0.0003,1,a2c_lr_opt_seed1,-1.1800599098205566,23.034677505493164,1.0700379610061646,-1.3291943073272705,23.37425422668457
1311,-119.17728424072266,-28.197055110931398,855,12.594300270080566,0.0003,1,a2c_lr_opt_seed1,-0.19208237528800964,25.574851989746094,1.0437886714935303,-0.2043914496898651,11.324185371398926
1311,-119.17728424072266,-28.197055110931398,855,12.128400802612305,0.0003,1,a2c_lr_opt_seed1,-0.6004337668418884,25.459619522094727,0.9759464859962463,-0.2885380685329437,23.479551315307617
1312,-19.940044403076172,-27.270351543426514,1001,5.881792068481445,0.0003,1,a2c_lr_opt_seed1,0.16734987497329712,11.430730819702148,0.9231465458869934,0.03421586751937866,6.9174957275390625
1312,-19.940044403076172,-27.270351543426514,1001,2.504112482070923,0.0003,1,a2c_lr_opt_seed1,-0.5074576139450073,6.025021553039551,0.9404557943344116,-0.43290379643440247,10.651932716369629
1312,-19.940044403076172,-27.270351543426514,1001,6.99778413772583,0.0003,1,a2c_lr_opt_seed1,-0.21994449198246002,14.437358856201172,0.9509066343307495,-0.15003907680511475,11.226347923278809
1313,-47.256935119628906,-26.20569013595581,1001,7.189963340759277,0.0003,1,a2c_lr_opt_seed1,-0.4381784200668335,15.258157730102539,0.9370453357696533,-0.3731316924095154,14.193248748779297
1314,-82.37704467773438,-29.088255138397216,1001,7.5688252449035645,0.0003,1,a2c_lr_opt_seed1,1.0467174053192139,13.04603385925293,0.9094657897949219,1.320846438407898,33.57808303833008
1315,27.80924415588379,-27.573012409210204,1001,4.373058795928955,0.0003,1,a2c_lr_opt_seed1,-1.4329434633255005,11.613870620727539,0.9333715438842773,-1.0328537225723267,24.61691665649414
1315,27.80924415588379,-27.573012409210204,1001,24.480220794677734,0.0003,1,a2c_lr_opt_seed1,2.504847526550293,43.95269012451172,0.9719475507736206,2.889916181564331,74.32002258300781
1315,27.80924415588379,-27.573012409210204,1001,9.474200248718262,0.0003,1,a2c_lr_opt_seed1,-1.9815738201141357,22.91364288330078,1.0474289655685425,-1.8221931457519531,36.79390335083008
1315,27.80924415588379,-27.573012409210204,1001,9.233780860900879,0.0003,1,a2c_lr_opt_seed1,-0.5253909826278687,19.5203857421875,1.0216938257217407,0.10917699337005615,12.765945434570312
1315,27.80924415588379,-27.573012409210204,1001,4.541908264160156,0.0003,1,a2c_lr_opt_seed1,-0.18321914970874786,9.452203750610352,0.9746615290641785,0.10402116179466248,5.460396766662598
1315,27.80924415588379,-27.573012409210204,1001,4.5485711097717285,0.0003,1,a2c_lr_opt_seed1,-1.4934957027435303,12.086174011230469,1.0199477672576904,-1.2350367307662964,24.252578735351562
1316,-183.92645263671875,-28.993312854766845,945,151.4962921142578,0.0003,1,a2c_lr_opt_seed1,-2.2116734981536865,307.4178466796875,0.9683586955070496,-5.092275619506836,136.29751586914062
1316,-183.92645263671875,-28.993312854766845,945,8.146157264709473,0.0003,1,a2c_lr_opt_seed1,-0.24497875571250916,16.784252166748047,0.9900715351104736,-0.16178521513938904,8.856605529785156
1316,-183.92645263671875,-28.993312854766845,945,10.694378852844238,0.0003,1,a2c_lr_opt_seed1,-0.8457576632499695,23.08228302001953,1.0053882598876953,-0.306256502866745,14.77358627319336
1316,-183.92645263671875,-28.993312854766845,945,6.757243633270264,0.0003,1,a2c_lr_opt_seed1,-0.049169301986694336,13.6148042678833,0.9893190860748291,0.4999672770500183,11.853711128234863
1317,-44.06074905395508,-29.43505002975464,1001,6.396779537200928,0.0003,1,a2c_lr_opt_seed1,0.09218257665634155,12.611150741577148,0.9784002304077148,0.4547455608844757,9.459929466247559
1317,-44.06074905395508,-29.43505002975464,1001,3.788778066635132,0.0003,1,a2c_lr_opt_seed1,0.06424328684806824,7.451018333435059,0.974391758441925,0.5610079765319824,13.475360870361328
1317,-44.06074905395508,-29.43505002975464,1001,2.4457054138183594,0.0003,1,a2c_lr_opt_seed1,-0.9401615262031555,6.773659706115723,0.9629575610160828,-0.7016614675521851,16.374040603637695
1317,-44.06074905395508,-29.43505002975464,1001,7.212856292724609,0.0003,1,a2c_lr_opt_seed1,-0.50791335105896,15.443650245666504,1.055700421333313,-0.3159571886062622,7.052910804748535
1317,-44.06074905395508,-29.43505002975464,1001,4.478482723236084,0.0003,1,a2c_lr_opt_seed1,-0.2829582095146179,9.524879455566406,0.9992108345031738,0.0645257979631424,3.7942087650299072
1317,-44.06074905395508,-29.43505002975464,1001,5.95966100692749,0.0003,1,a2c_lr_opt_seed1,-0.44977498054504395,12.820779800415039,0.9540360569953918,-0.13906502723693848,5.62553596496582
1317,-44.06074905395508,-29.43505002975464,1001,3.980799913406372,0.0003,1,a2c_lr_opt_seed1,-0.09125587344169617,8.146162033081055,1.0253033638000488,0.08786340057849884,6.3053083419799805
1318,-85.75724792480469,-33.526869792938236,1001,3.8295912742614746,0.0003,1,a2c_lr_opt_seed1,-0.8592432141304016,9.379651069641113,0.9912059903144836,-0.48903554677963257,10.200631141662598
1318,-85.75724792480469,-33.526869792938236,1001,4.9205403327941895,0.0003,1,a2c_lr_opt_seed1,-1.361126184463501,12.565315246582031,0.9914214611053467,-1.0344164371490479,22.09684181213379
1318,-85.75724792480469,-33.526869792938236,1001,9.47073745727539,0.0003,1,a2c_lr_opt_seed1,-1.2030130624771118,21.34945297241211,0.9758243560791016,-1.039872169494629,24.8971004486084
1319,-39.54694366455078,-32.99761869430542,1001,15.083138465881348,0.0003,1,a2c_lr_opt_seed1,1.105816125869751,27.956439971923828,0.8975208401679993,1.505298137664795,26.699867248535156
1319,-39.54694366455078,-32.99761869430542,1001,4.851658344268799,0.0003,1,a2c_lr_opt_seed1,-0.13777029514312744,9.980829238891602,0.9863238334655762,0.2335936278104782,8.090263366699219
1319,-39.54694366455078,-32.99761869430542,1001,3.2504539489746094,0.0003,1,a2c_lr_opt_seed1,-1.2361974716186523,8.975255966186523,0.9764789342880249,-0.9682505130767822,21.700029373168945
1319,-39.54694366455078,-32.99761869430542,1001,15.969950675964355,0.0003,1,a2c_lr_opt_seed1,0.4068150520324707,31.12803840637207,0.8844324946403503,1.2168593406677246,37.440059661865234
1319,-39.54694366455078,-32.99761869430542,1001,3.317899703979492,0.0003,1,a2c_lr_opt_seed1,-0.4924096167087555,7.622612953186035,0.9971625208854675,-0.25318992137908936,11.246052742004395
1319,-39.54694366455078,-32.99761869430542,1001,8.110774040222168,0.0003,1,a2c_lr_opt_seed1,-2.9446771144866943,22.11272430419922,0.910946786403656,-2.2760767936706543,40.945838928222656
1320,-34.820884704589844,-33.81648275375366,1001,14.134422302246094,0.0003,1,a2c_lr_opt_seed1,1.096861481666565,26.076868057250977,0.8734129667282104,1.4325594902038574,24.99018669128418
1320,-34.820884704589844,-33.81648275375366,1001,6.665212631225586,0.0003,1,a2c_lr_opt_seed1,-0.5459184646606445,14.424187660217285,0.9628992080688477,-0.38919496536254883,9.091814994812012
1320,-34.820884704589844,-33.81648275375366,1001,24.420490264892578,0.0003,1,a2c_lr_opt_seed1,-0.3283739984035492,49.499637603759766,0.9541401863098145,0.8757187128067017,30.808645248413086
1321,-61.3418083190918,-34.02741582870483,1001,7.4402289390563965,0.0003,1,a2c_lr_opt_seed1,-0.6003944277763367,16.082918167114258,0.835952877998352,-0.12451407313346863,21.715576171875
1321,-61.3418083190918,-34.02741582870483,1001,10.944053649902344,0.0003,1,a2c_lr_opt_seed1,1.6706526279449463,18.54861831665039,0.9080358743667603,2.106062650680542,51.62176513671875
1323,1.7207400798797607,-37.06409145832062,1001,10.438970565795898,0.0003,1,a2c_lr_opt_seed1,0.9068045616149902,19.066091537475586,0.8789259195327759,1.7414424419403076,39.00432586669922
1323,1.7207400798797607,-37.06409145832062,1001,8.909948348999023,0.0003,1,a2c_lr_opt_seed1,-1.1147348880767822,20.05126190185547,0.9478702545166016,-0.7248254418373108,21.219989776611328
1323,1.7207400798797607,-37.06409145832062,1001,27.51189613342285,0.0003,1,a2c_lr_opt_seed1,1.3160632848739624,52.393577575683594,0.9560783505439758,1.9829596281051636,59.95853042602539
1323,1.7207400798797607,-37.06409145832062,1001,4.695499420166016,0.0003,1,a2c_lr_opt_seed1,-0.6754826307296753,10.744004249572754,1.0198324918746948,-0.45185500383377075,10.236552238464355
1323,1.7207400798797607,-37.06409145832062,1001,26.71292495727539,0.0003,1,a2c_lr_opt_seed1,-0.8040130734443665,55.035614013671875,0.8703758120536804,0.39583197236061096,14.9788179397583
1323,1.7207400798797607,-37.06409145832062,1001,7.371830463409424,0.0003,1,a2c_lr_opt_seed1,-0.02171674370765686,14.788826942443848,0.8665604591369629,-0.021288223564624786,7.1669464111328125
1324,-39.95763397216797,-37.07929234027863,1001,4.072662353515625,0.0003,1,a2c_lr_opt_seed1,-0.7658314108848572,9.678661346435547,0.8370870351791382,0.05680374801158905,6.936190605163574
1324,-39.95763397216797,-37.07929234027863,1001,4.100879192352295,0.0003,1,a2c_lr_opt_seed1,-0.8178507089614868,9.839301109313965,0.9209251403808594,-0.7230626344680786,18.35951042175293
1324,-39.95763397216797,-37.07929234027863,1001,32.99243927001953,0.0003,1,a2c_lr_opt_seed1,0.38622695207595825,65.21430969238281,0.9413245916366577,1.2748003005981445,49.96510314941406
1325,69.13993072509766,-34.65058491230011,942,133.54794311523438,0.0003,1,a2c_lr_opt_seed1,0.991005003452301,265.1157531738281,0.9475390315055847,2.451319456100464,79.26060485839844
1325,69.13993072509766,-34.65058491230011,942,4.652743816375732,0.0003,1,a2c_lr_opt_seed1,-0.7987238168716431,10.904916763305664,0.9910361170768738,-0.4623226225376129,11.43539810180664
1325,69.13993072509766,-34.65058491230011,942,17.878511428833008,0.0003,1,a2c_lr_opt_seed1,0.8963544368743896,33.96635818481445,1.0222935676574707,1.4087536334991455,41.11121368408203
1325,69.13993072509766,-34.65058491230011,942,4.911922454833984,0.0003,1,a2c_lr_opt_seed1,-1.647021770477295,13.11994457244873,1.0280852317810059,-1.3550406694412231,27.943805694580078
1325,69.13993072509766,-34.65058491230011,942,4.395233154296875,0.0003,1,a2c_lr_opt_seed1,-0.18280227482318878,9.158047676086426,0.9886863231658936,0.13164636492729187,6.021910667419434
1325,69.13993072509766,-34.65058491230011,942,2.783499240875244,0.0003,1,a2c_lr_opt_seed1,-1.0145772695541382,7.598212242126465,1.0293927192687988,-0.7614895105361938,15.340922355651855
1325,69.13993072509766,-34.65058491230011,942,8.315838813781738,0.0003,1,a2c_lr_opt_seed1,-1.1588858366012573,18.951452255249023,1.0016359090805054,-0.8877173662185669,21.210973739624023
1325,69.13993072509766,-34.65058491230011,942,10.891011238098145,0.0003,1,a2c_lr_opt_seed1,0.7583440542221069,20.26729965209961,0.9823765158653259,1.2921946048736572,25.701641082763672
1325,69.13993072509766,-34.65058491230011,942,10.623480796813965,0.0003,1,a2c_lr_opt_seed1,-0.24037529528141022,21.729692459106445,0.9895554184913635,0.2040001004934311,11.024932861328125
1326,-32.855892181396484,-33.27423138141632,1001,3.694664478302002,0.0003,1,a2c_lr_opt_seed1,-0.33524560928344727,8.061734199523926,0.9570709466934204,-0.10285504162311554,6.7942938804626465
1326,-32.855892181396484,-33.27423138141632,1001,12.648785591125488,0.0003,1,a2c_lr_opt_seed1,0.8838979005813599,23.531661987304688,0.9431266784667969,1.59031081199646,43.607322692871094
1327,13.108925819396973,-31.97881464481354,1001,26.21704864501953,0.0003,1,a2c_lr_opt_seed1,1.929211139678955,48.57764434814453,0.9847370386123657,2.6936635971069336,67.39147186279297
1327,13.108925819396973,-31.97881464481354,1001,13.746394157409668,0.0003,1,a2c_lr_opt_seed1,-0.20150788128376007,27.897829055786133,1.0123555660247803,0.0148237943649292,14.846933364868164
1327,13.108925819396973,-31.97881464481354,1001,6.0275726318359375,0.0003,1,a2c_lr_opt_seed1,0.6920550465583801,10.672977447509766,0.9713649749755859,1.2133400440216064,24.66593360900879
1327,13.108925819396973,-31.97881464481354,1001,22.808032989501953,0.0003,1,a2c_lr_opt_seed1,-0.1885271966457367,45.99508285522461,0.9810836911201477,0.409420907497406,21.29987144470215
1327,13.108925819396973,-31.97881464481354,1001,7.0640363693237305,0.0003,1,a2c_lr_opt_seed1,0.038251206278800964,14.05334758758545,0.8887180089950562,0.6328761577606201,16.264734268188477
1327,13.108925819396973,-31.97881464481354,1001,5.474724769592285,0.0003,1,a2c_lr_opt_seed1,-0.28101956844329834,11.513334274291992,0.9227055311203003,0.0874650776386261,9.545563697814941
1327,13.108925819396973,-31.97881464481354,1001,13.227617263793945,0.0003,1,a2c_lr_opt_seed1,-0.7006701827049255,27.85848045349121,0.9531062841415405,-0.3078104853630066,18.10423469543457
1328,-68.02860260009766,-32.51682665348053,1001,4.305311679840088,0.0003,1,a2c_lr_opt_seed1,-0.4593706429004669,9.531371116638184,1.0033818483352661,0.05174495279788971,8.732010841369629
1328,-68.02860260009766,-32.51682665348053,1001,7.4133100509643555,0.0003,1,a2c_lr_opt_seed1,-0.5273470878601074,15.883172035217285,0.9288479685783386,-0.029412180185317993,9.923006057739258
1328,-68.02860260009766,-32.51682665348053,1001,44.836246490478516,0.0003,1,a2c_lr_opt_seed1,-1.5202057361602783,92.71473693847656,0.915827214717865,0.10831475257873535,26.52385711669922
1329,-60.56621170043945,-32.516773934364316,1001,7.121819496154785,0.0003,1,a2c_lr_opt_seed1,0.3570539951324463,13.531234741210938,0.8517137169837952,1.2695996761322021,27.128253936767578
1330,32.153411865234375,-30.82909800052643,1001,7.312490463256836,0.0003,1,a2c_lr_opt_seed1,-0.2811516225337982,15.189040184020996,0.8777596354484558,0.41115957498550415,19.119571685791016
1331,-80.36857604980469,-33.03296637058258,1001,31.20472526550293,0.0003,1,a2c_lr_opt_seed1,2.65570330619812,57.09980010986328,0.8771949410438538,3.2626876831054688,63.04142761230469
1331,-80.36857604980469,-33.03296637058258,1001,13.4920072555542,0.0003,1,a2c_lr_opt_seed1,1.262231707572937,24.461336135864258,0.8930643796920776,1.8272989988327026,46.56795883178711
1331,-80.36857604980469,-33.03296637058258,1001,10.206026077270508,0.0003,1,a2c_lr_opt_seed1,-0.3642321527004242,21.14227294921875,0.8782607316970825,0.1884477734565735,14.452031135559082
1332,127.43272399902344,-29.154109406471253,850,178.2170867919922,0.0003,1,a2c_lr_opt_seed1,1.027126431465149,354.3817443847656,0.9112087488174438,5.90554141998291,155.1757354736328
1332,127.43272399902344,-29.154109406471253,850,5.124664783477783,0.0003,1,a2c_lr_opt_seed1,-0.42611032724380493,11.103461265563965,0.9556816816329956,-0.18242186307907104,9.3895902633667
1332,127.43272399902344,-29.154109406471253,850,6.847436428070068,0.0003,1,a2c_lr_opt_seed1,1.236636996269226,11.223548889160156,0.975292980670929,1.4986599683761597,33.40373992919922
1333,54.459903717041016,-28.32600121021271,1001,14.281757354736328,0.0003,1,a2c_lr_opt_seed1,-0.7767609357833862,30.118877410888672,0.9203040599822998,0.06514620780944824,26.98761749267578
1333,54.459903717041016,-28.32600121021271,1001,4.592973709106445,0.0003,1,a2c_lr_opt_seed1,0.24439728260040283,8.699193954467773,1.0204821825027466,0.4927622675895691,13.931705474853516
1333,54.459903717041016,-28.32600121021271,1001,11.801631927490234,0.0003,1,a2c_lr_opt_seed1,0.9270268678665161,21.751148223876953,0.9693431854248047,0.5970017313957214,14.347783088684082
1333,54.459903717041016,-28.32600121021271,1001,7.345186233520508,0.0003,1,a2c_lr_opt_seed1,-1.8889861106872559,18.470378875732422,1.0170842409133911,-2.000805139541626,39.8957633972168
1333,54.459903717041016,-28.32600121021271,1001,6.409045696258545,0.0003,1,a2c_lr_opt_seed1,-0.2691975235939026,13.35851764678955,1.015823483467102,-0.45667436718940735,14.119340896606445
1333,54.459903717041016,-28.32600121021271,1001,7.680984973907471,0.0003,1,a2c_lr_opt_seed1,-0.5887333154678345,16.541431427001953,0.9976232051849365,-0.6182602643966675,15.1043119430542
1333,54.459903717041016,-28.32600121021271,1001,5.109201431274414,0.0003,1,a2c_lr_opt_seed1,-0.24466776847839355,10.709502220153809,0.8823040723800659,0.2511099576950073,9.374590873718262
1333,54.459903717041016,-28.32600121021271,1001,5.956836223602295,0.0003,1,a2c_lr_opt_seed1,0.31140613555908203,11.292717933654785,0.9287487864494324,0.5996288061141968,12.06346321105957
1333,54.459903717041016,-28.32600121021271,1001,1.9412294626235962,0.0003,1,a2c_lr_opt_seed1,-1.3076186180114746,6.499717712402344,1.0108122825622559,-1.2219963073730469,24.137859344482422
1333,54.459903717041016,-28.32600121021271,1001,4.603882312774658,0.0003,1,a2c_lr_opt_seed1,-0.8390400409698486,10.887863159179688,1.0094162225723267,-0.7505682110786438,16.455581665039062
1333,54.459903717041016,-28.32600121021271,1001,6.025118350982666,0.0003,1,a2c_lr_opt_seed1,-0.793911337852478,13.639968872070312,0.9547572731971741,-0.6223594546318054,12.0062255859375
1334,82.02273559570312,-26.584731030464173,1001,5.452352523803711,0.0003,1,a2c_lr_opt_seed1,-1.7399382591247559,14.386420249938965,0.9194068312644958,-1.479400396347046,27.740812301635742
1334,82.02273559570312,-26.584731030464173,1001,11.267199516296387,0.0003,1,a2c_lr_opt_seed1,0.2887215316295624,21.95891571044922,0.9796053767204285,0.8050442337989807,30.051624298095703
1334,82.02273559570312,-26.584731030464173,1001,14.353128433227539,0.0003,1,a2c_lr_opt_seed1,-0.7252845764160156,30.158702850341797,0.9384570121765137,0.3259836435317993,28.275291442871094
1335,-32.34796142578125,-26.564664731025697,1001,11.310199737548828,0.0003,1,a2c_lr_opt_seed1,0.16489776968955994,22.292522430419922,0.9589722156524658,0.8018994927406311,16.12401580810547
1335,-32.34796142578125,-26.564664731025697,1001,6.184019088745117,0.0003,1,a2c_lr_opt_seed1,-0.09573286771774292,12.5615873336792,1.041900396347046,0.45107001066207886,14.70394229888916
1335,-32.34796142578125,-26.564664731025697,1001,20.01807403564453,0.0003,1,a2c_lr_opt_seed1,0.26736530661582947,39.503475189208984,1.0271432399749756,0.5206986665725708,13.175885200500488
1335,-32.34796142578125,-26.564664731025697,1001,5.135473251342773,0.0003,1,a2c_lr_opt_seed1,-1.8421012163162231,13.95712947845459,0.9905941486358643,-1.365164041519165,26.16380500793457
1335,-32.34796142578125,-26.564664731025697,1001,3.0529673099517822,0.0003,1,a2c_lr_opt_seed1,-0.20654092729091644,6.521061897277832,1.0227081775665283,0.16470050811767578,4.181180000305176
1336,-132.49310302734375,-30.54375988483429,841,184.4678497314453,0.0003,1,a2c_lr_opt_seed1,-3.8193247318267822,376.576171875,0.9137963652610779,-5.351716041564941,121.25013732910156
1337,6.560721397399902,-32.32663771152497,1001,16.465036392211914,0.0003,1,a2c_lr_opt_seed1,-0.8370660543441772,34.60603713989258,0.9162306189537048,0.08363473415374756,16.46645164489746
1337,6.560721397399902,-32.32663771152497,1001,18.75640106201172,0.0003,1,a2c_lr_opt_seed1,0.17061316967010498,37.17338562011719,0.9038714170455933,0.9187278747558594,24.936256408691406
1337,6.560721397399902,-32.32663771152497,1001,28.826007843017578,0.0003,1,a2c_lr_opt_seed1,1.1907236576080322,55.272239685058594,0.8349063992500305,2.273653984069824,43.4720344543457
1338,-15.236491203308105,-30.854389081001283,1001,12.919934272766113,0.0003,1,a2c_lr_opt_seed1,-0.5583240389823914,26.958040237426758,0.7620911598205566,0.8571653962135315,22.404727935791016
1338,-15.236491203308105,-30.854389081001283,1001,14.850915908813477,0.0003,1,a2c_lr_opt_seed1,0.3585561513900757,28.986370086669922,0.824845016002655,0.6679890751838684,20.12274932861328
1339,52.96821975708008,-26.67209225177765,1001,23.51789093017578,0.0003,1,a2c_lr_opt_seed1,1.0070734024047852,45.0233154296875,0.8400969505310059,1.8796939849853516,53.66349411010742
1340,96.6865234375,-24.07940197467804,842,138.1056365966797,0.0003,1,a2c_lr_opt_seed1,-0.7642930150032043,277.74163818359375,0.8863075375556946,3.5551633834838867,102.59465026855469
1340,96.6865234375,-24.07940197467804,842,19.612327575683594,0.0003,1,a2c_lr_opt_seed1,1.7427719831466675,35.74102783203125,0.9582626819610596,2.464315414428711,67.27863311767578
1340,96.6865234375,-24.07940197467804,842,15.259679794311523,0.0003,1,a2c_lr_opt_seed1,0.4705103933811188,29.580322265625,0.9919406175613403,0.7449854612350464,30.659347534179688
1341,-55.51987838745117,-24.583924450874328,1001,5.986184120178223,0.0003,1,a2c_lr_opt_seed1,-1.2277655601501465,14.429788589477539,0.9446833729743958,-1.1327950954437256,23.886714935302734
1341,-55.51987838745117,-24.583924450874328,1001,7.0592756271362305,0.0003,1,a2c_lr_opt_seed1,0.40266597270965576,13.315088272094727,0.9346466660499573,0.5582789182662964,11.93056583404541
1341,-55.51987838745117,-24.583924450874328,1001,17.788785934448242,0.0003,1,a2c_lr_opt_seed1,1.2662923336029053,33.046878814697266,0.9456351399421692,1.1425011157989502,31.595020294189453
1341,-55.51987838745117,-24.583924450874328,1001,6.560380458831787,0.0003,1,a2c_lr_opt_seed1,0.2703479528427124,12.582023620605469,0.9793230891227722,0.6395949721336365,17.246030807495117
1341,-55.51987838745117,-24.583924450874328,1001,6.98764181137085,0.0003,1,a2c_lr_opt_seed1,0.8557640314102173,12.265701293945312,0.9727365970611572,1.1477603912353516,23.63928985595703
1341,-55.51987838745117,-24.583924450874328,1001,4.129127502441406,0.0003,1,a2c_lr_opt_seed1,-0.6670252680778503,9.594258308410645,0.9767192006111145,-0.22156783938407898,7.218212127685547
1341,-55.51987838745117,-24.583924450874328,1001,3.6295969486236572,0.0003,1,a2c_lr_opt_seed1,-1.858051061630249,10.977331161499023,1.0176732540130615,-1.5695970058441162,30.137584686279297
1341,-55.51987838745117,-24.583924450874328,1001,9.085984230041504,0.0003,1,a2c_lr_opt_seed1,-0.638009786605835,19.44999122619629,1.0015897750854492,-0.09296190738677979,11.259830474853516
1341,-55.51987838745117,-24.583924450874328,1001,5.005338191986084,0.0003,1,a2c_lr_opt_seed1,-1.034618854522705,12.081965446472168,1.0255452394485474,-0.5402898192405701,11.852240562438965
1341,-55.51987838745117,-24.583924450874328,1001,19.695436477661133,0.0003,1,a2c_lr_opt_seed1,0.5975469946861267,38.19782638549805,1.0247526168823242,0.8104456663131714,17.409786224365234
1341,-55.51987838745117,-24.583924450874328,1001,17.266359329223633,0.0003,1,a2c_lr_opt_seed1,-3.105131149291992,40.74488830566406,0.9533817172050476,-2.1974775791168213,41.2097282409668
1341,-55.51987838745117,-24.583924450874328,1001,9.13122844696045,0.0003,1,a2c_lr_opt_seed1,-1.3971346616744995,21.058395385742188,0.8342821002006531,-0.5885838270187378,17.712020874023438
1342,-83.38955688476562,-26.95199001789093,709,180.38778686523438,0.0003,1,a2c_lr_opt_seed1,-2.8488693237304688,366.47509765625,0.8871837258338928,-4.504400253295898,110.78858947753906
1343,-4.836320877075195,-28.479888463020323,1001,5.5929059982299805,0.0003,1,a2c_lr_opt_seed1,0.16191574931144714,10.863813400268555,0.9165194034576416,0.2840859293937683,9.287262916564941
1343,-4.836320877075195,-28.479888463020323,1001,6.41771125793457,0.0003,1,a2c_lr_opt_seed1,-0.10887780785560608,13.055084228515625,0.9530439972877502,0.05080287158489227,16.95541000366211
1343,-4.836320877075195,-28.479888463020323,1001,11.422107696533203,0.0003,1,a2c_lr_opt_seed1,-0.867402970790863,24.58087730407715,0.9278767108917236,-0.47788456082344055,22.07590103149414
1344,21.967512130737305,-27.117244305610658,1001,23.122421264648438,0.0003,1,a2c_lr_opt_seed1,1.0131688117980957,44.22035217285156,0.9230311512947083,1.6029999256134033,27.74798583984375
1344,21.967512130737305,-27.117244305610658,1001,16.55794334411621,0.0003,1,a2c_lr_opt_seed1,-0.14708015322685242,33.41183853149414,0.8969773054122925,1.0833925008773804,24.85043716430664
1344,21.967512130737305,-27.117244305610658,1001,5.208308696746826,0.0003,1,a2c_lr_opt_seed1,-0.735908031463623,11.89031982421875,0.9430049657821655,-0.29469871520996094,10.302895545959473
1344,21.967512130737305,-27.117244305610658,1001,13.064349174499512,0.0003,1,a2c_lr_opt_seed1,0.35929784178733826,25.411991119384766,0.9444333910942078,0.9914084672927856,18.559734344482422
1344,21.967512130737305,-27.117244305610658,1001,44.71650314331055,0.0003,1,a2c_lr_opt_seed1,-2.8517892360687256,95.13821411132812,0.8174715638160706,-1.0728532075881958,33.312435150146484
1345,-140.42813110351562,-28.85121555805206,669,25.676464080810547,0.0003,1,a2c_lr_opt_seed1,-0.8980922698974609,53.150875091552734,0.8804861307144165,-1.172067403793335,30.24468231201172
1346,27.701309204101562,-26.575786786079405,1001,11.76834774017334,0.0003,1,a2c_lr_opt_seed1,0.5952512621879578,22.347963333129883,0.8852476477622986,1.2247915267944336,36.60064697265625
1346,27.701309204101562,-26.575786786079405,1001,7.412709712982178,0.0003,1,a2c_lr_opt_seed1,-0.6236250400543213,16.074392318725586,0.8614960312843323,-0.5173681974411011,16.51690101623535
1346,27.701309204101562,-26.575786786079405,1001,12.589574813842773,0.0003,1,a2c_lr_opt_seed1,-0.07745185494422913,25.33582878112793,0.887611448764801,0.35574713349342346,22.132579803466797
1347,82.60565948486328,-24.149349637031555,1001,7.223141670227051,0.0003,1,a2c_lr_opt_seed1,0.38023948669433594,13.68747615814209,0.8357399702072144,0.9277907013893127,31.15709686279297
1347,82.60565948486328,-24.149349637031555,1001,10.102627754211426,0.0003,1,a2c_lr_opt_seed1,0.8606586456298828,18.485715866088867,0.8885581493377686,1.0628376007080078,32.5946044921875
1348,48.286521911621094,-23.072344403266907,1001,2.975285530090332,0.0003,1,a2c_lr_opt_seed1,-1.7668638229370117,9.486173629760742,0.9375085234642029,-1.6515733003616333,31.261178970336914
1349,78.86502075195312,-20.990969433784485,1001,6.88770055770874,0.0003,1,a2c_lr_opt_seed1,-1.5827959775924683,16.942768096923828,0.8872389197349548,-1.1959465742111206,22.16516876220703
1349,78.86502075195312,-20.990969433784485,1001,33.58097457885742,0.0003,1,a2c_lr_opt_seed1,1.345970869064331,64.47169494628906,0.8429478406906128,2.308001756668091,55.322021484375
1349,78.86502075195312,-20.990969433784485,1001,44.31874465942383,0.0003,1,a2c_lr_opt_seed1,0.5753070116043091,87.48871612548828,0.9197989106178284,2.1128311157226562,57.26311111450195
1349,78.86502075195312,-20.990969433784485,1001,9.121562004089355,0.0003,1,a2c_lr_opt_seed1,-0.6975180506706238,19.640037536621094,0.938378095626831,-0.6611666679382324,22.009660720825195
1349,78.86502075195312,-20.990969433784485,1001,11.274807929992676,0.0003,1,a2c_lr_opt_seed1,-1.7726415395736694,26.096891403198242,0.9965551495552063,-0.9988282918930054,24.254783630371094
1349,78.86502075195312,-20.990969433784485,1001,6.437777996063232,0.0003,1,a2c_lr_opt_seed1,-0.5371798276901245,13.951711654663086,0.898087739944458,-0.04176737368106842,7.577311038970947
1349,78.86502075195312,-20.990969433784485,1001,11.959662437438965,0.0003,1,a2c_lr_opt_seed1,-0.5822153091430664,25.085641860961914,0.9429519176483154,-0.05625910311937332,12.427576065063477
1349,78.86502075195312,-20.990969433784485,1001,34.825408935546875,0.0003,1,a2c_lr_opt_seed1,0.4947771430015564,68.66305541992188,0.8973777294158936,0.9952954053878784,20.609582901000977
1349,78.86502075195312,-20.990969433784485,1001,37.18683624267578,0.0003,1,a2c_lr_opt_seed1,1.2205450534820557,71.93443298339844,0.9277617335319519,1.9901355504989624,34.15831756591797
1350,147.10504150390625,-16.99055881977081,766,141.89334106445312,0.0003,1,a2c_lr_opt_seed1,-0.5687642097473145,284.9261169433594,0.9386809468269348,3.7700870037078857,110.73719024658203
1350,147.10504150390625,-16.99055881977081,766,17.94691276550293,0.0003,1,a2c_lr_opt_seed1,-1.3140654563903809,38.523719787597656,0.8812645673751831,-0.9185130000114441,31.491539001464844
1350,147.10504150390625,-16.99055881977081,766,21.04969024658203,0.0003,1,a2c_lr_opt_seed1,1.0473308563232422,40.006431579589844,0.8573132157325745,1.3545734882354736,40.41471862792969
1350,147.10504150390625,-16.99055881977081,766,23.406410217285156,0.0003,1,a2c_lr_opt_seed1,-0.24824585020542145,47.31113815307617,0.9132093191146851,0.7262241244316101,25.75929069519043
1350,147.10504150390625,-16.99055881977081,766,18.547183990478516,0.0003,1,a2c_lr_opt_seed1,-0.33402785658836365,37.7642822265625,0.9289069771766663,0.005749166011810303,18.244874954223633
1350,147.10504150390625,-16.99055881977081,766,9.119760513305664,0.0003,1,a2c_lr_opt_seed1,-1.268230676651001,20.77794075012207,0.9792007803916931,-1.0215950012207031,22.17882537841797
1350,147.10504150390625,-16.99055881977081,766,21.190214157104492,0.0003,1,a2c_lr_opt_seed1,2.398472785949707,37.58542251586914,0.9715233445167542,2.047611713409424,35.11518096923828
1351,-21.687665939331055,-16.027487645149233,1001,4.658562183380127,0.0003,1,a2c_lr_opt_seed1,-1.0895928144454956,11.498100280761719,0.895068347454071,-0.3958849012851715,13.901968002319336
1351,-21.687665939331055,-16.027487645149233,1001,38.39768981933594,0.0003,1,a2c_lr_opt_seed1,2.334998369216919,72.12703704833984,0.8279064893722534,3.3102316856384277,64.21826934814453
1351,-21.687665939331055,-16.027487645149233,1001,7.396853446960449,0.0003,1,a2c_lr_opt_seed1,0.10725842416286469,14.580886840820312,0.8481888771057129,0.2672922909259796,16.309785842895508
1352,61.22708511352539,-12.285068287849427,1001,10.112923622131348,0.0003,1,a2c_lr_opt_seed1,-1.486858606338501,23.2011775970459,0.8070368766784668,-1.069204330444336,22.443084716796875
1352,61.22708511352539,-12.285068287849427,1001,1.547332763671875,0.0003,1,a2c_lr_opt_seed1,-0.488178551197052,4.072666645050049,0.8221204876899719,-0.24819739162921906,7.736672401428223
1352,61.22708511352539,-12.285068287849427,1001,23.147785186767578,0.0003,1,a2c_lr_opt_seed1,1.7203021049499512,42.85666275024414,0.8495022654533386,1.9178506135940552,33.45281982421875
1353,86.48390197753906,-9.788129582405091,937,125.20913696289062,0.0003,1,a2c_lr_opt_seed1,0.29460757970809937,249.83079528808594,0.8717002272605896,3.321662664413452,83.93386840820312
1353,86.48390197753906,-9.788129582405091,937,9.021076202392578,0.0003,1,a2c_lr_opt_seed1,-0.503718912601471,19.051326751708984,0.8681796193122864,0.3720664978027344,30.546239852905273
1353,86.48390197753906,-9.788129582405091,937,21.776687622070312,0.0003,1,a2c_lr_opt_seed1,-0.19810131192207336,43.95124816894531,0.8359580039978027,0.18871548771858215,24.120649337768555
1353,86.48390197753906,-9.788129582405091,937,2.990342378616333,0.0003,1,a2c_lr_opt_seed1,-0.36817634105682373,6.718646049499512,0.8041479587554932,0.11461229622364044,9.67933464050293
1354,84.42510223388672,-7.0453341722488405,1001,8.482940673828125,0.0003,1,a2c_lr_opt_seed1,-0.992213785648346,18.951841354370117,0.7655637860298157,0.07484966516494751,15.220611572265625
1355,73.07170104980469,-6.593462224006653,957,154.16278076171875,0.0003,1,a2c_lr_opt_seed1,0.2665432095527649,307.7940979003906,0.8144615888595581,5.348898887634277,134.59519958496094
1355,73.07170104980469,-6.593462224006653,957,6.014552593231201,0.0003,1,a2c_lr_opt_seed1,-1.6165214776992798,15.26407527923584,0.9635761380195618,-1.568057894706726,35.60087966918945
1355,73.07170104980469,-6.593462224006653,957,17.245634078979492,0.0003,1,a2c_lr_opt_seed1,-0.19540631771087646,34.8839225769043,0.9215553402900696,0.12848103046417236,16.82973289489746
1356,71.69239044189453,-5.343408131599427,1001,10.237784385681152,0.0003,1,a2c_lr_opt_seed1,0.7123008966445923,19.052818298339844,0.9263736605644226,0.9868282079696655,35.44879150390625
1357,78.73673248291016,-4.610633320808411,1001,6.203226566314697,0.0003,1,a2c_lr_opt_seed1,-1.4165986776351929,15.241421699523926,0.8855577707290649,-1.460075855255127,28.711545944213867
1357,78.73673248291016,-4.610633320808411,1001,18.007781982421875,0.0003,1,a2c_lr_opt_seed1,0.2430385947227478,35.531288146972656,0.9003751873970032,1.2012863159179688,33.36734390258789
1357,78.73673248291016,-4.610633320808411,1001,8.973559379577637,0.0003,1,a2c_lr_opt_seed1,-0.4533995985984802,18.855737686157227,0.9101710319519043,-0.09796519577503204,10.638100624084473
1357,78.73673248291016,-4.610633320808411,1001,4.448511123657227,0.0003,1,a2c_lr_opt_seed1,-1.2539374828338623,11.406746864318848,0.9250587224960327,-1.158887505531311,22.140417098999023
1357,78.73673248291016,-4.610633320808411,1001,3.7219626903533936,0.0003,1,a2c_lr_opt_seed1,-0.5313713550567627,8.50853443145752,0.9332402348518372,-0.45251429080963135,18.067461013793945
1357,78.73673248291016,-4.610633320808411,1001,3.807387351989746,0.0003,1,a2c_lr_opt_seed1,-1.2307507991790771,10.078080177307129,0.9020076990127563,-0.8084630370140076,17.112207412719727
1357,78.73673248291016,-4.610633320808411,1001,7.001549243927002,0.0003,1,a2c_lr_opt_seed1,-2.6596744060516357,19.32439422607422,0.9732891321182251,-2.5490479469299316,50.7049674987793
1357,78.73673248291016,-4.610633320808411,1001,6.698154926300049,0.0003,1,a2c_lr_opt_seed1,-0.7098208665847778,14.817892074584961,0.9704626798629761,-0.5800420045852661,19.32280158996582
1357,78.73673248291016,-4.610633320808411,1001,8.038990020751953,0.0003,1,a2c_lr_opt_seed1,-1.1527369022369385,18.38543128967285,0.9885898232460022,-1.6593990325927734,37.63074493408203
1358,99.6537857055664,-0.7431827592849731,1001,3.7507665157318115,0.0003,1,a2c_lr_opt_seed1,-0.1879630982875824,7.879295825958252,0.9183034300804138,-0.2023925483226776,9.78361701965332
1358,99.6537857055664,-0.7431827592849731,1001,6.222519397735596,0.0003,1,a2c_lr_opt_seed1,-0.7481499314308167,13.9431791305542,0.9203774333000183,-0.4607405662536621,13.626364707946777
1358,99.6537857055664,-0.7431827592849731,1001,8.10880184173584,0.0003,1,a2c_lr_opt_seed1,-1.056356430053711,18.332319259643555,1.0014619827270508,-1.3781671524047852,35.249568939208984
1358,99.6537857055664,-0.7431827592849731,1001,4.740887641906738,0.0003,1,a2c_lr_opt_seed1,-0.16458484530448914,9.812935829162598,0.9956293702125549,-0.40421685576438904,8.637425422668457
1358,99.6537857055664,-0.7431827592849731,1001,6.231898784637451,0.0003,1,a2c_lr_opt_seed1,-1.8532278537750244,16.172212600708008,0.9800435304641724,-1.953298568725586,35.738990783691406
1358,99.6537857055664,-0.7431827592849731,1001,4.914005279541016,0.0003,1,a2c_lr_opt_seed1,-0.8119836449623108,11.453988075256348,1.0049681663513184,-1.011580228805542,20.675312042236328
1358,99.6537857055664,-0.7431827592849731,1001,2.3623220920562744,0.0003,1,a2c_lr_opt_seed1,-1.7002301216125488,8.126994132995605,0.944757342338562,-1.377814769744873,29.38191032409668
1359,-1.6288206577301025,-1.0964854907989503,1001,5.437849521636963,0.0003,1,a2c_lr_opt_seed1,-0.6837164163589478,12.24502944946289,0.9489341974258423,-0.2836773097515106,11.490022659301758
1359,-1.6288206577301025,-1.0964854907989503,1001,2.9028053283691406,0.0003,1,a2c_lr_opt_seed1,-0.2452574074268341,6.29797887802124,0.9266237020492554,0.06444613635540009,7.31611442565918
1359,-1.6288206577301025,-1.0964854907989503,1001,3.499584913253784,0.0003,1,a2c_lr_opt_seed1,-0.9809128642082214,8.962915420532227,0.9597795009613037,-0.928655207157135,21.35015106201172
1360,-34.74785614013672,-0.9076428699493408,1001,2.955000162124634,0.0003,1,a2c_lr_opt_seed1,-0.5612759590148926,7.034507751464844,0.9776849746704102,-0.3633895516395569,7.597498416900635
1360,-34.74785614013672,-0.9076428699493408,1001,6.85808801651001,0.0003,1,a2c_lr_opt_seed1,-0.6431314945220947,15.004288673400879,0.9245128035545349,-0.6329147219657898,24.904664993286133
1360,-34.74785614013672,-0.9076428699493408,1001,24.858295440673828,0.0003,1,a2c_lr_opt_seed1,-0.3828037977218628,50.484130859375,0.9668844938278198,0.33814430236816406,44.02248001098633
1361,-14.581404685974121,1.18427472114563,1001,25.020156860351562,0.0003,1,a2c_lr_opt_seed1,1.0669084787368774,47.90836715698242,0.9339946508407593,1.8205357789993286,51.48565673828125
1361,-14.581404685974121,1.18427472114563,1001,5.528850555419922,0.0003,1,a2c_lr_opt_seed1,-0.612407386302948,12.284507751464844,0.9958840012550354,-0.34258729219436646,10.163230895996094
1361,-14.581404685974121,1.18427472114563,1001,8.21401309967041,0.0003,1,a2c_lr_opt_seed1,0.33263474702835083,15.764714241027832,0.97886061668396,0.29025691747665405,8.59268856048584
1361,-14.581404685974121,1.18427472114563,1001,6.449453830718994,0.0003,1,a2c_lr_opt_seed1,-0.8478223085403442,14.596427917480469,0.9378427267074585,-0.49009111523628235,12.85388469696045
1362,-38.416812896728516,0.814739351272583,1001,5.652805328369141,0.0003,1,a2c_lr_opt_seed1,-0.983284592628479,13.274018287658691,0.9192885756492615,-0.4864262044429779,11.228254318237305
1363,-52.82483673095703,0.7033813190460205,1001,12.29076099395752,0.0003,1,a2c_lr_opt_seed1,1.0016133785247803,22.580181121826172,0.9428883194923401,1.4541654586791992,31.563003540039062
1363,-52.82483673095703,0.7033813190460205,1001,6.844388484954834,0.0003,1,a2c_lr_opt_seed1,-0.6932453513145447,15.077113151550293,0.9227319955825806,0.13359308242797852,11.903489112854004
1363,-52.82483673095703,0.7033813190460205,1001,4.530984401702881,0.0003,1,a2c_lr_opt_seed1,-0.8329772353172302,10.72974681854248,0.9114903211593628,-0.6548954248428345,14.417885780334473
1363,-52.82483673095703,0.7033813190460205,1001,6.213181972503662,0.0003,1,a2c_lr_opt_seed1,0.14812926948070526,12.131928443908691,0.9118564128875732,0.630874514579773,15.559818267822266
1364,-28.761438369750977,1.7756934452056885,1001,4.300873279571533,0.0003,1,a2c_lr_opt_seed1,-0.013945206999778748,8.63155460357666,0.9588581323623657,0.2321498841047287,5.286167621612549
1365,-35.87450408935547,0.5020184803009033,1001,7.424203872680664,0.0003,1,a2c_lr_opt_seed1,-0.8634297251701355,16.57718276977539,0.9580764770507812,-0.12139582633972168,11.385917663574219
1365,-35.87450408935547,0.5020184803009033,1001,6.710734844207764,0.0003,1,a2c_lr_opt_seed1,-1.030814290046692,15.485095977783203,0.9988465309143066,-0.6289873719215393,14.944788932800293
1365,-35.87450408935547,0.5020184803009033,1001,5.889883995056152,0.0003,1,a2c_lr_opt_seed1,0.016360215842723846,11.748973846435547,0.963432252407074,0.4019545018672943,8.969168663024902
1365,-35.87450408935547,0.5020184803009033,1001,3.701223611831665,0.0003,1,a2c_lr_opt_seed1,-0.09925702214241028,7.602921962738037,0.9803785681724548,0.27139925956726074,6.085102081298828
1365,-35.87450408935547,0.5020184803009033,1001,4.033594131469727,0.0003,1,a2c_lr_opt_seed1,-1.890849232673645,11.850847244262695,0.9801676273345947,-1.4381637573242188,33.021427154541016
1365,-35.87450408935547,0.5020184803009033,1001,6.478906631469727,0.0003,1,a2c_lr_opt_seed1,-0.9848119616508484,14.92911148071289,0.837134599685669,-0.5878703594207764,12.601619720458984
1365,-35.87450408935547,0.5020184803009033,1001,8.98173999786377,0.0003,1,a2c_lr_opt_seed1,-1.4671461582183838,20.89963150024414,0.929848313331604,-1.4149657487869263,27.269973754882812
1365,-35.87450408935547,0.5020184803009033,1001,9.050618171691895,0.0003,1,a2c_lr_opt_seed1,1.0480624437332153,16.007017135620117,0.952620267868042,1.465325951576233,26.971399307250977
1365,-35.87450408935547,0.5020184803009033,1001,3.4508557319641113,0.0003,1,a2c_lr_opt_seed1,-1.2451554536819458,9.394031524658203,1.004720687866211,-1.2442703247070312,25.53594207763672
1366,-39.78535461425781,3.3848404407501222,1001,8.532918930053711,0.0003,1,a2c_lr_opt_seed1,-0.779188871383667,18.62616729736328,0.9752902984619141,-0.4759511947631836,11.501605033874512
1366,-39.78535461425781,3.3848404407501222,1001,13.710702896118164,0.0003,1,a2c_lr_opt_seed1,0.6254346966743469,26.172330856323242,0.8969409465789795,1.158508062362671,29.99009132385254
1366,-39.78535461425781,3.3848404407501222,1001,15.322161674499512,0.0003,1,a2c_lr_opt_seed1,1.1181858777999878,28.409832000732422,0.9404040575027466,1.755866527557373,42.475223541259766
1366,-39.78535461425781,3.3848404407501222,1001,2.584651231765747,0.0003,1,a2c_lr_opt_seed1,-0.4498330354690552,6.0707902908325195,0.910905122756958,-0.35118430852890015,8.85312557220459
1366,-39.78535461425781,3.3848404407501222,1001,4.607964992523193,0.0003,1,a2c_lr_opt_seed1,-0.3644647002220154,9.946746826171875,0.9435409903526306,-0.18335190415382385,4.848657131195068
1366,-39.78535461425781,3.3848404407501222,1001,4.460518836975098,0.0003,1,a2c_lr_opt_seed1,-0.6397889256477356,10.20254898071289,0.9664732217788696,-0.630058765411377,15.708822250366211
1367,-22.344335556030273,3.819168710708618,1001,7.146583080291748,0.0003,1,a2c_lr_opt_seed1,0.7004386186599731,12.89423942565918,0.9749722480773926,0.8976567983627319,17.20832633972168
1367,-22.344335556030273,3.819168710708618,1001,2.3812851905822754,0.0003,1,a2c_lr_opt_seed1,-0.7540823221206665,6.2726030349731445,0.9341225028038025,-0.6072017550468445,11.984182357788086
1367,-22.344335556030273,3.819168710708618,1001,22.8460636138916,0.0003,1,a2c_lr_opt_seed1,2.115844964981079,41.46224594116211,0.9038190245628357,1.8026304244995117,37.09572219848633
1367,-22.344335556030273,3.819168710708618,1001,2.7711381912231445,0.0003,1,a2c_lr_opt_seed1,-0.390571653842926,6.325289726257324,0.9350546598434448,-0.28823941946029663,7.337211608886719
1368,88.27513885498047,7.299816446304321,1001,4.7099199295043945,0.0003,1,a2c_lr_opt_seed1,-1.5024337768554688,12.42650032043457,0.8962262868881226,-0.947113037109375,21.375953674316406
1368,88.27513885498047,7.299816446304321,1001,3.288212776184082,0.0003,1,a2c_lr_opt_seed1,0.030983105301856995,6.516352653503418,0.9467405080795288,0.20433028042316437,9.447402000427246
1369,29.694828033447266,8.684651880264282,1001,24.098125457763672,0.0003,1,a2c_lr_opt_seed1,1.3331302404403687,45.5318603515625,0.9343146085739136,1.5120389461517334,28.734724044799805
1369,29.694828033447266,8.684651880264282,1001,3.7175612449645996,0.0003,1,a2c_lr_opt_seed1,-0.7515784502029419,8.940130233764648,0.9254621267318726,-0.42555442452430725,12.7548189163208
1369,29.694828033447266,8.684651880264282,1001,23.42986488342285,0.0003,1,a2c_lr_opt_seed1,0.9866839647293091,44.88821792602539,0.9281805753707886,1.5148497819900513,56.348793029785156
1369,29.694828033447266,8.684651880264282,1001,8.728909492492676,0.0003,1,a2c_lr_opt_seed1,-0.006659597158432007,17.472949981689453,0.9056159257888794,0.5775548219680786,13.758895874023438
1370,11.50036334991455,9.61107684135437,1001,4.864342212677002,0.0003,1,a2c_lr_opt_seed1,0.4455491602420807,8.839402198791504,0.9077807664871216,0.5861220359802246,12.010868072509766
1370,11.50036334991455,9.61107684135437,1001,4.152816295623779,0.0003,1,a2c_lr_opt_seed1,-0.4761885106563568,9.259817123413086,0.9038391709327698,-0.36289557814598083,9.167750358581543
1371,-3.6612157821655273,10.764688692092896,1001,29.845417022705078,0.0003,1,a2c_lr_opt_seed1,1.6385650634765625,56.41554641723633,0.9212201833724976,1.8157578706741333,38.068214416503906
1371,-3.6612157821655273,10.764688692092896,1001,17.266555786132812,0.0003,1,a2c_lr_opt_seed1,1.3263602256774902,31.88226318359375,0.937401294708252,1.755060076713562,47.89976119995117
1371,-3.6612157821655273,10.764688692092896,1001,10.212958335876465,0.0003,1,a2c_lr_opt_seed1,-0.31156110763549805,21.050888061523438,0.9239826202392578,-0.17680412530899048,14.818379402160645
1372,-18.896953582763672,11.366127443313598,1001,5.472817897796631,0.0003,1,a2c_lr_opt_seed1,0.17906241118907928,10.589396476745605,0.9425011277198792,0.2352398931980133,10.37541389465332
1373,2.6560518741607666,11.384833679199218,1001,17.731422424316406,0.0003,1,a2c_lr_opt_seed1,-0.06489846110343933,35.594478607177734,0.9189594984054565,0.15687274932861328,23.09322738647461
1373,2.6560518741607666,11.384833679199218,1001,8.618090629577637,0.0003,1,a2c_lr_opt_seed1,-0.1885877251625061,17.615188598632812,0.9154173731803894,0.21171797811985016,15.518814086914062
1373,2.6560518741607666,11.384833679199218,1001,21.00556182861328,0.0003,1,a2c_lr_opt_seed1,1.407141923904419,39.19868087768555,0.9205721616744995,2.2710459232330322,63.89446258544922
1373,2.6560518741607666,11.384833679199218,1001,3.6426796913146973,0.0003,1,a2c_lr_opt_seed1,-0.5642637610435486,8.415818214416504,0.9656830430030823,0.09530584514141083,10.055542945861816
1373,2.6560518741607666,11.384833679199218,1001,14.60020923614502,0.0003,1,a2c_lr_opt_seed1,-0.642594575881958,30.487531661987305,0.9618947505950928,-0.297973096370697,22.54959487915039
1373,2.6560518741607666,11.384833679199218,1001,2.890575885772705,0.0003,1,a2c_lr_opt_seed1,-0.523809015750885,6.830563545227051,0.8968291282653809,0.030886471271514893,7.6655707359313965
1373,2.6560518741607666,11.384833679199218,1001,2.775207996368408,0.0003,1,a2c_lr_opt_seed1,-1.001392126083374,7.555083274841309,0.9415386915206909,-0.897730827331543,18.595754623413086
1373,2.6560518741607666,11.384833679199218,1001,4.210713863372803,0.0003,1,a2c_lr_opt_seed1,0.022020429372787476,8.379340171813965,0.9763550162315369,0.29947808384895325,7.600454330444336
1373,2.6560518741607666,11.384833679199218,1001,4.44312047958374,0.0003,1,a2c_lr_opt_seed1,-1.6564979553222656,12.201140403747559,0.9518024325370789,-1.3534278869628906,27.143278121948242
1374,51.176082611083984,13.207508010864258,1001,6.814200401306152,0.0003,1,a2c_lr_opt_seed1,-0.6070088148117065,14.844377517700195,0.979400634765625,-0.08344551920890808,9.516510963439941
1374,51.176082611083984,13.207508010864258,1001,14.955350875854492,0.0003,1,a2c_lr_opt_seed1,1.069598913192749,27.773391723632812,0.9438059329986572,1.1043096780776978,24.108720779418945
1374,51.176082611083984,13.207508010864258,1001,9.86491870880127,0.0003,1,a2c_lr_opt_seed1,0.30639731884002686,19.119035720825195,0.9968741536140442,0.7428482174873352,24.679222106933594
1374,51.176082611083984,13.207508010864258,1001,8.500283241271973,0.0003,1,a2c_lr_opt_seed1,-0.1339137852191925,17.270225524902344,0.9150705337524414,0.474137544631958,13.249419212341309
1374,51.176082611083984,13.207508010864258,1001,3.7118711471557617,0.0003,1,a2c_lr_opt_seed1,0.09629400074481964,7.233022689819336,0.9342177510261536,0.4824621081352234,11.232147216796875
1374,51.176082611083984,13.207508010864258,1001,17.064878463745117,0.0003,1,a2c_lr_opt_seed1,-1.4870699644088745,37.10560607910156,0.8541026711463928,-0.9508923292160034,18.720680236816406
1375,-2.823427438735962,11.768240847587585,1001,8.865508079528809,0.0003,1,a2c_lr_opt_seed1,0.43656620383262634,16.859533309936523,0.8245717287063599,1.1020926237106323,20.968904495239258
1376,-96.54046630859375,10.49454936504364,820,163.00250244140625,0.0003,1,a2c_lr_opt_seed1,-2.376461982727051,330.7595520019531,0.8085111975669861,-6.090542793273926,147.04122924804688
1376,-96.54046630859375,10.49454936504364,820,5.759271621704102,0.0003,1,a2c_lr_opt_seed1,-0.32313400506973267,12.166532516479492,0.8606167435646057,-0.07466629147529602,12.896888732910156
1377,-110.64579772949219,8.019454894065857,586,247.6739501953125,0.0003,1,a2c_lr_opt_seed1,-1.4769105911254883,498.3033142089844,0.791106104850769,-6.101312637329102,179.95436096191406
1378,24.00264549255371,9.860079855918885,1001,38.18776321411133,0.0003,1,a2c_lr_opt_seed1,0.7270784378051758,74.9229736328125,0.8005908727645874,0.7101503610610962,36.16513442993164
1379,131.48696899414062,13.701143469810486,844,184.39544677734375,0.0003,1,a2c_lr_opt_seed1,2.3280410766601562,364.1364440917969,0.8253898024559021,7.601531028747559,193.3228302001953
1379,131.48696899414062,13.701143469810486,844,9.055435180664062,0.0003,1,a2c_lr_opt_seed1,0.0624828115105629,17.987815856933594,0.9555371999740601,0.45526123046875,26.495344161987305
1379,131.48696899414062,13.701143469810486,844,2.7150020599365234,0.0003,1,a2c_lr_opt_seed1,-0.07502229511737823,5.58195161819458,0.9514966011047363,0.16004252433776855,4.947545528411865
1379,131.48696899414062,13.701143469810486,844,2.932413101196289,0.0003,1,a2c_lr_opt_seed1,0.14306312799453735,5.580650329589844,0.975022554397583,0.42541927099227905,12.866056442260742
1379,131.48696899414062,13.701143469810486,844,3.033325672149658,0.0003,1,a2c_lr_opt_seed1,-0.5660204887390137,7.200475692749023,0.891663670539856,-0.1867777705192566,9.254837036132812
1379,131.48696899414062,13.701143469810486,844,4.578939437866211,0.0003,1,a2c_lr_opt_seed1,-0.4151405692100525,9.990102767944336,0.9712591171264648,-0.6677684783935547,17.786821365356445
1379,131.48696899414062,13.701143469810486,844,14.419878959655762,0.0003,1,a2c_lr_opt_seed1,0.11108264327049255,28.619409561157227,0.9085505604743958,-0.10483679175376892,22.67416000366211
1380,82.61524963378906,14.710380225181579,1001,2.944026470184326,0.0003,1,a2c_lr_opt_seed1,-1.4878368377685547,8.86549186706543,0.8826989531517029,-1.2074813842773438,28.518478393554688
1380,82.61524963378906,14.710380225181579,1001,12.399365425109863,0.0003,1,a2c_lr_opt_seed1,-0.5565048456192017,25.913572311401367,0.9154490232467651,-0.8779762387275696,22.657590866088867
1380,82.61524963378906,14.710380225181579,1001,5.506692886352539,0.0003,1,a2c_lr_opt_seed1,-0.8468673825263977,12.709017753601074,0.9485335946083069,-0.9575533866882324,25.735334396362305
1381,13.992036819458008,16.597592482566835,1001,3.6999471187591553,0.0003,1,a2c_lr_opt_seed1,-1.2840487957000732,9.96987533569336,0.9418102502822876,-1.255540132522583,27.056034088134766
1381,13.992036819458008,16.597592482566835,1001,4.731363296508789,0.0003,1,a2c_lr_opt_seed1,-0.7931482195854187,11.050814628601074,0.8958468437194824,-0.7216202020645142,18.945730209350586
1381,13.992036819458008,16.597592482566835,1001,4.39517879486084,0.0003,1,a2c_lr_opt_seed1,0.34209129214286804,8.108160018920898,0.9921059608459473,0.4731099605560303,14.904491424560547
1381,13.992036819458008,16.597592482566835,1001,1.791603446006775,0.0003,1,a2c_lr_opt_seed1,-1.1525524854660034,5.890175819396973,0.9320316314697266,-1.0214239358901978,24.26744270324707
1381,13.992036819458008,16.597592482566835,1001,2.4402060508728027,0.0003,1,a2c_lr_opt_seed1,-0.9050424695014954,6.692457675933838,0.9802993535995483,-0.8245152831077576,20.54257583618164
1381,13.992036819458008,16.597592482566835,1001,5.296802520751953,0.0003,1,a2c_lr_opt_seed1,-1.384835958480835,13.365193367004395,0.958376407623291,-1.1902649402618408,29.07572364807129
1381,13.992036819458008,16.597592482566835,1001,2.7662570476531982,0.0003,1,a2c_lr_opt_seed1,-0.9836353659629822,7.501819133758545,1.0171847343444824,-0.8223769068717957,21.575481414794922
1381,13.992036819458008,16.597592482566835,1001,6.599687576293945,0.0003,1,a2c_lr_opt_seed1,-2.003632068634033,17.208633422851562,0.9969614148139954,-2.2089149951934814,50.8814582824707
1381,13.992036819458008,16.597592482566835,1001,5.343578338623047,0.0003,1,a2c_lr_opt_seed1,-0.8764100074768066,12.441976547241211,0.999882698059082,-0.4465653896331787,11.91300106048584
1381,13.992036819458008,16.597592482566835,1001,2.7005252838134766,0.0003,1,a2c_lr_opt_seed1,-0.30611979961395264,6.015097141265869,0.9036691784858704,0.07657413184642792,3.667576313018799
1382,-32.28843688964844,13.403169264793396,1001,3.9542508125305176,0.0003,1,a2c_lr_opt_seed1,-1.5386806726455688,10.987831115722656,0.9841519594192505,-1.465604305267334,31.707626342773438
1382,-32.28843688964844,13.403169264793396,1001,4.349976062774658,0.0003,1,a2c_lr_opt_seed1,-0.4520047903060913,9.605847358703613,0.9426488280296326,-0.6177340745925903,18.519271850585938
1382,-32.28843688964844,13.403169264793396,1001,7.518303394317627,0.0003,1,a2c_lr_opt_seed1,-1.1043463945388794,17.24726104736328,0.9809139966964722,-0.9469184279441833,20.032115936279297
1382,-32.28843688964844,13.403169264793396,1001,17.416032791137695,0.0003,1,a2c_lr_opt_seed1,0.3934939503669739,34.04706954956055,0.9960430264472961,0.8281570672988892,37.45530700683594
1382,-32.28843688964844,13.403169264793396,1001,6.711142539978027,0.0003,1,a2c_lr_opt_seed1,0.00532715767621994,13.413631439208984,1.0002021789550781,0.09220519661903381,15.4990873336792
1382,-32.28843688964844,13.403169264793396,1001,5.496367454528809,0.0003,1,a2c_lr_opt_seed1,-0.37870699167251587,11.752002716064453,0.9271161556243896,-0.02094322443008423,9.863017082214355
1382,-32.28843688964844,13.403169264793396,1001,2.847835063934326,0.0003,1,a2c_lr_opt_seed1,-1.383551836013794,8.464747428894043,0.9868212342262268,-1.1088777780532837,23.09117317199707
1384,-90.15827941894531,7.555682311058044,1001,13.97788143157959,0.0003,1,a2c_lr_opt_seed1,0.28465306758880615,27.388343811035156,0.942819356918335,0.7664297223091125,29.249591827392578
1384,-90.15827941894531,7.555682311058044,1001,4.45293664932251,0.0003,1,a2c_lr_opt_seed1,-0.9644311666488647,10.836782455444336,1.0231972932815552,-0.7595865726470947,19.908855438232422
1384,-90.15827941894531,7.555682311058044,1001,10.466069221496582,0.0003,1,a2c_lr_opt_seed1,-0.7488418221473694,22.431743621826172,0.9605147242546082,-0.042324841022491455,18.218822479248047
1386,-35.40766525268555,9.723898634910583,1001,7.99827766418457,0.0003,1,a2c_lr_opt_seed1,-0.05072343349456787,16.09992027282715,0.958798885345459,0.2278626561164856,9.022995948791504
1386,-35.40766525268555,9.723898634910583,1001,8.525007247924805,0.0003,1,a2c_lr_opt_seed1,0.08404689282178879,16.883686065673828,0.8826673626899719,0.6912299394607544,25.863306045532227
1387,-59.57604217529297,8.401163363456726,1001,5.755560398101807,0.0003,1,a2c_lr_opt_seed1,-0.11389878392219543,11.74069881439209,0.8900723457336426,0.3955748975276947,12.200010299682617
1387,-59.57604217529297,8.401163363456726,1001,5.333422660827637,0.0003,1,a2c_lr_opt_seed1,0.23575681447982788,10.197112083435059,0.8903160691261292,0.27413442730903625,15.115440368652344
1387,-59.57604217529297,8.401163363456726,1001,6.949230670928955,0.0003,1,a2c_lr_opt_seed1,0.038322240114212036,13.823751449584961,0.9674351811408997,0.1592831015586853,14.31615161895752
1387,-59.57604217529297,8.401163363456726,1001,6.562714099884033,0.0003,1,a2c_lr_opt_seed1,0.10927721858024597,12.908709526062012,0.9180291295051575,0.3454178273677826,10.915416717529297
1387,-59.57604217529297,8.401163363456726,1001,5.346174240112305,0.0003,1,a2c_lr_opt_seed1,0.18426823616027832,10.325602531433105,0.8955703973770142,0.48941242694854736,10.660623550415039
1387,-59.57604217529297,8.401163363456726,1001,2.365645170211792,0.0003,1,a2c_lr_opt_seed1,-0.7372553944587708,6.207714557647705,0.9567388296127319,-0.4732612371444702,11.615358352661133
1388,-44.63331985473633,7.813226790428161,1001,4.525810718536377,0.0003,1,a2c_lr_opt_seed1,-0.8854809999465942,10.824417114257812,0.9171543121337891,-0.6344926953315735,16.56147003173828
1388,-44.63331985473633,7.813226790428161,1001,7.498945236206055,0.0003,1,a2c_lr_opt_seed1,-0.07535392045974731,15.150602340698242,1.0017977952957153,0.3261944055557251,16.973678588867188
1388,-44.63331985473633,7.813226790428161,1001,4.833381652832031,0.0003,1,a2c_lr_opt_seed1,-0.49339598417282104,10.655582427978516,1.0136431455612183,-0.06440740823745728,10.755005836486816
1388,-44.63331985473633,7.813226790428161,1001,3.1220760345458984,0.0003,1,a2c_lr_opt_seed1,-0.5182527303695679,7.282546043395996,0.9441933035850525,-0.18655648827552795,6.9707112312316895
1389,-34.738983154296875,6.059082732200623,1001,5.7887749671936035,0.0003,1,a2c_lr_opt_seed1,-0.920900285243988,13.421140670776367,0.8949230909347534,-0.39356935024261475,8.14350414276123
1389,-34.738983154296875,6.059082732200623,1001,24.571374893188477,0.0003,1,a2c_lr_opt_seed1,1.2871865034103394,46.570247650146484,0.9353293180465698,2.0909063816070557,55.2851448059082
1390,-83.09566497802734,2.4634389638900758,753,139.01089477539062,0.0003,1,a2c_lr_opt_seed1,-0.4236006736755371,278.8708801269531,0.944998025894165,-3.321413278579712,96.2945556640625
1390,-83.09566497802734,2.4634389638900758,753,3.8360483646392822,0.0003,1,a2c_lr_opt_seed1,0.02176104485988617,7.630585193634033,1.005284309387207,0.14852124452590942,5.697176456451416
1390,-83.09566497802734,2.4634389638900758,753,7.000332832336426,0.0003,1,a2c_lr_opt_seed1,0.30195462703704834,13.398681640625,0.9627009630203247,0.8247566819190979,21.609180450439453
1390,-83.09566497802734,2.4634389638900758,753,3.2374937534332275,0.0003,1,a2c_lr_opt_seed1,-1.4416414499282837,9.360029220581055,0.8796212673187256,-0.7853876352310181,15.993433952331543
1390,-83.09566497802734,2.4634389638900758,753,5.904594898223877,0.0003,1,a2c_lr_opt_seed1,-0.8293389081954956,13.469778060913086,0.9550588130950928,-0.6727272868156433,14.354400634765625
1390,-83.09566497802734,2.4634389638900758,753,26.31597900390625,0.0003,1,a2c_lr_opt_seed1,0.1715925931930542,52.29067611694336,0.9524765014648438,0.5417917966842651,19.13795280456543
1390,-83.09566497802734,2.4634389638900758,753,3.4521217346191406,0.0003,1,a2c_lr_opt_seed1,-0.41810494661331177,7.7423505783081055,0.9486633539199829,-0.1851092129945755,4.57697057723999
1390,-83.09566497802734,2.4634389638900758,753,4.649156093597412,0.0003,1,a2c_lr_opt_seed1,-0.694610059261322,10.68945026397705,0.9587657451629639,-0.6817567348480225,23.707611083984375
1390,-83.09566497802734,2.4634389638900758,753,3.476550340652466,0.0003,1,a2c_lr_opt_seed1,-1.0430629253387451,9.041131973266602,0.9527204036712646,-0.6219857335090637,14.979230880737305
1390,-83.09566497802734,2.4634389638900758,753,6.187557697296143,0.0003,1,a2c_lr_opt_seed1,-0.5492382049560547,13.475312232971191,0.8602689504623413,0.016683056950569153,11.73521900177002
1390,-83.09566497802734,2.4634389638900758,753,3.938237428665161,0.0003,1,a2c_lr_opt_seed1,0.14721806347370148,7.583724498748779,0.842853307723999,0.5460399389266968,12.086874008178711
1390,-83.09566497802734,2.4634389638900758,753,2.941603899002075,0.0003,1,a2c_lr_opt_seed1,0.0822884738445282,5.720368385314941,0.8687238097190857,0.3160155415534973,8.340380668640137
1390,-83.09566497802734,2.4634389638900758,753,3.9191513061523438,0.0003,1,a2c_lr_opt_seed1,-1.4369943141937256,10.714037895202637,0.8732963800430298,-1.1456997394561768,23.347496032714844
1391,102.57203674316406,5.625277266502381,946,134.38555908203125,0.0003,1,a2c_lr_opt_seed1,1.6767891645431519,265.41925048828125,0.8571640849113464,4.766870975494385,108.88799285888672
1392,-9.179158210754395,7.109485239982605,1001,4.894744873046875,0.0003,1,a2c_lr_opt_seed1,-0.9582779407501221,11.707706451416016,0.8308676481246948,-0.9840570688247681,25.2415714263916
1392,-9.179158210754395,7.109485239982605,1001,24.26357078552246,0.0003,1,a2c_lr_opt_seed1,1.1926507949829102,46.14358139038086,0.8710422515869141,2.460174083709717,59.58438491821289
1392,-9.179158210754395,7.109485239982605,1001,29.639833450317383,0.0003,1,a2c_lr_opt_seed1,2.1754138469696045,54.930667877197266,0.9141519665718079,2.6951513290405273,52.45578384399414
1393,2.781599998474121,7.261843657493591,1001,9.72793197631836,0.0003,1,a2c_lr_opt_seed1,0.890327513217926,17.67713737487793,0.9639015197753906,1.0484672784805298,29.05660057067871
1394,-50.00089645385742,5.8224754858016965,1001,4.438720703125,0.0003,1,a2c_lr_opt_seed1,-0.78661048412323,10.452383995056152,0.8606035113334656,-0.561546266078949,14.245562553405762
1395,85.79511260986328,10.346940360069276,1001,12.35618782043457,0.0003,1,a2c_lr_opt_seed1,1.1266751289367676,22.46073341369629,0.854681670665741,1.8707695007324219,54.97568893432617
1395,85.79511260986328,10.346940360069276,1001,4.6840410232543945,0.0003,1,a2c_lr_opt_seed1,-0.4930649995803833,10.3560209274292,0.904639720916748,0.01625867187976837,11.795720100402832
1395,85.79511260986328,10.346940360069276,1001,20.80657958984375,0.0003,1,a2c_lr_opt_seed1,1.4124534130096436,38.79020690917969,0.9775152206420898,2.0642049312591553,66.27288818359375
1395,85.79511260986328,10.346940360069276,1001,12.258865356445312,0.0003,1,a2c_lr_opt_seed1,-1.126254916191101,26.77206039428711,0.9096113443374634,-0.44023001194000244,19.65436363220215
1395,85.79511260986328,10.346940360069276,1001,4.906739711761475,0.0003,1,a2c_lr_opt_seed1,-0.7375183701515198,11.290165901184082,0.8250434398651123,-0.2860226631164551,19.30368995666504
1395,85.79511260986328,10.346940360069276,1001,7.513705730438232,0.0003,1,a2c_lr_opt_seed1,-0.7648981213569641,16.558813095092773,0.8024271726608276,-0.33630552887916565,14.923813819885254
1396,95.9321517944336,11.711557211875915,989,156.21871948242188,0.0003,1,a2c_lr_opt_seed1,-0.4460482895374298,313.3312072753906,0.8346729874610901,4.756540775299072,136.55374145507812
1396,95.9321517944336,11.711557211875915,989,12.275530815124512,0.0003,1,a2c_lr_opt_seed1,-0.2383076548576355,25.029558181762695,0.9405201077461243,0.2152322232723236,13.055549621582031
1396,95.9321517944336,11.711557211875915,989,16.648178100585938,0.0003,1,a2c_lr_opt_seed1,0.23712503910064697,32.8238410949707,0.8682122230529785,1.2744791507720947,39.9560432434082
1396,95.9321517944336,11.711557211875915,989,3.2506871223449707,0.0003,1,a2c_lr_opt_seed1,-0.7119174599647522,7.9269256591796875,0.8583285808563232,-0.5606557130813599,17.90973472595215
1397,3.035738229751587,10.12015878677368,1001,6.434247016906738,0.0003,1,a2c_lr_opt_seed1,0.8295931816101074,11.210869789123535,0.781281590461731,1.0667091608047485,24.0880069732666
1397,3.035738229751587,10.12015878677368,1001,5.296750068664551,0.0003,1,a2c_lr_opt_seed1,-0.017758086323738098,10.63070297241211,0.8435608744621277,0.12241016328334808,4.736373424530029
1398,-14.447684288024902,8.865474662780763,1001,16.474050521850586,0.0003,1,a2c_lr_opt_seed1,-0.2842722535133362,33.51835250854492,0.8518446087837219,0.7533304691314697,40.08866882324219
1398,-14.447684288024902,8.865474662780763,1001,10.28075122833252,0.0003,1,a2c_lr_opt_seed1,1.735520839691162,17.09221076965332,0.874142587184906,2.0366525650024414,51.8607292175293
1398,-14.447684288024902,8.865474662780763,1001,6.989036560058594,0.0003,1,a2c_lr_opt_seed1,0.13118338584899902,13.717573165893555,0.9338712692260742,0.35364875197410583,14.517210960388184
1398,-14.447684288024902,8.865474662780763,1001,3.0513648986816406,0.0003,1,a2c_lr_opt_seed1,-0.39923492074012756,6.903154373168945,0.9773081541061401,-0.18646909296512604,6.609988689422607
1398,-14.447684288024902,8.865474662780763,1001,3.985236406326294,0.0003,1,a2c_lr_opt_seed1,0.28318890929222107,7.406020164489746,0.9625589847564697,0.5170029401779175,17.360698699951172
1398,-14.447684288024902,8.865474662780763,1001,3.5863430500030518,0.0003,1,a2c_lr_opt_seed1,-1.6197925806045532,10.414225578308105,0.9771658182144165,-1.4729670286178589,30.903076171875
1398,-14.447684288024902,8.865474662780763,1001,11.9259033203125,0.0003,1,a2c_lr_opt_seed1,1.3362829685211182,21.181142807006836,0.9505290985107422,1.8037221431732178,33.85026931762695
1398,-14.447684288024902,8.865474662780763,1001,30.672395706176758,0.0003,1,a2c_lr_opt_seed1,2.566298007965088,56.21428298950195,1.0424238443374634,2.2523763179779053,41.96574783325195
1398,-14.447684288024902,8.865474662780763,1001,1.908241629600525,0.0003,1,a2c_lr_opt_seed1,-1.359147548675537,6.536744594573975,0.9831093549728394,-1.1123199462890625,21.179161071777344
1398,-14.447684288024902,8.865474662780763,1001,21.564071655273438,0.0003,1,a2c_lr_opt_seed1,1.021689534187317,41.08662796020508,0.9321848154067993,1.553460955619812,29.271526336669922
1398,-14.447684288024902,8.865474662780763,1001,18.699186325073242,0.0003,1,a2c_lr_opt_seed1,0.5188541412353516,36.362274169921875,0.8056176900863647,1.618730068206787,33.02069854736328
1398,-14.447684288024902,8.865474662780763,1001,1.3202543258666992,0.0003,1,a2c_lr_opt_seed1,-1.085691213607788,4.813624382019043,0.866660475730896,-0.6527036428451538,14.82361125946045
1398,-14.447684288024902,8.865474662780763,1001,1.3313449621200562,0.0003,1,a2c_lr_opt_seed1,-1.1096186637878418,4.883657932281494,0.8653807044029236,-0.968660831451416,19.155492782592773
1399,53.86823272705078,8.365538902282715,1001,30.290973663330078,0.0003,1,a2c_lr_opt_seed1,0.5419861674308777,59.4997444152832,0.884535014629364,0.7199151515960693,22.115262985229492
1400,55.970703125,6.54285213470459,1001,5.873178005218506,0.0003,1,a2c_lr_opt_seed1,-0.054128408432006836,11.856372833251953,0.8799111843109131,0.09200659394264221,5.684309005737305
1401,118.37384033203125,9.344082260131836,938,152.95973205566406,0.0003,1,a2c_lr_opt_seed1,0.382756769657135,305.15557861328125,0.809270977973938,5.5782670974731445,149.1925048828125
1401,118.37384033203125,9.344082260131836,938,25.454296112060547,0.0003,1,a2c_lr_opt_seed1,0.571417510509491,49.76750946044922,0.8761422038078308,1.4806911945343018,27.900653839111328
1401,118.37384033203125,9.344082260131836,938,1.42672860622406,0.0003,1,a2c_lr_opt_seed1,-0.7099988460540771,4.275243282318115,0.8942275047302246,-0.5702418088912964,11.523643493652344
1403,-62.908939361572266,5.855816268920899,653,139.65277099609375,0.0003,1,a2c_lr_opt_seed1,-3.62827730178833,286.5638732910156,0.8777772784233093,-4.541651725769043,94.82096862792969
1404,39.121925354003906,4.949752731323242,1001,3.2310068607330322,0.0003,1,a2c_lr_opt_seed1,-1.1935434341430664,8.850804328918457,0.8519859910011292,-1.1800140142440796,24.088083267211914
1404,39.121925354003906,4.949752731323242,1001,30.823612213134766,0.0003,1,a2c_lr_opt_seed1,1.9316837787628174,57.78556442260742,0.8549788594245911,3.2065858840942383,87.04265594482422
1404,39.121925354003906,4.949752731323242,1001,4.80894136428833,0.0003,1,a2c_lr_opt_seed1,-0.6251053810119629,10.870035171508789,0.9710508584976196,-0.4519704580307007,11.33382797241211
1404,39.121925354003906,4.949752731323242,1001,7.953999042510986,0.0003,1,a2c_lr_opt_seed1,1.1245373487472534,13.660723686218262,0.9002081155776978,1.60200834274292,39.770774841308594
1404,39.121925354003906,4.949752731323242,1001,2.996748208999634,0.0003,1,a2c_lr_opt_seed1,0.15260690450668335,5.690270900726318,0.994296669960022,0.4693252146244049,14.159295082092285
1404,39.121925354003906,4.949752731323242,1001,4.027850151062012,0.0003,1,a2c_lr_opt_seed1,-0.27082616090774536,8.599212646484375,0.9298875331878662,0.04475872963666916,4.698941707611084
1406,60.36025619506836,1.2811087036132813,1001,146.14158630371094,0.0003,1,a2c_lr_opt_seed1,-3.765623092651367,299.81622314453125,0.9047319293022156,-4.190929412841797,84.02084350585938
1406,60.36025619506836,1.2811087036132813,1001,4.919742107391357,0.0003,1,a2c_lr_opt_seed1,-1.6458463668823242,13.133058547973633,0.9410238265991211,-1.2119859457015991,30.35028839111328
1406,60.36025619506836,1.2811087036132813,1001,14.502603530883789,0.0003,1,a2c_lr_opt_seed1,1.1081712245941162,26.790599822998047,0.8676232695579529,2.002917766571045,54.04999542236328
1406,60.36025619506836,1.2811087036132813,1001,8.039360046386719,0.0003,1,a2c_lr_opt_seed1,1.424741506576538,13.231075286865234,0.9195299744606018,1.8808307647705078,48.36854553222656
1406,60.36025619506836,1.2811087036132813,1001,1.8213731050491333,0.0003,1,a2c_lr_opt_seed1,-0.7971472144126892,5.238994598388672,0.9769357442855835,-0.3924042880535126,10.108105659484863
1406,60.36025619506836,1.2811087036132813,1001,4.727625846862793,0.0003,1,a2c_lr_opt_seed1,-1.7736506462097168,13.004449844360352,0.9486594200134277,-1.112944483757019,23.093276977539062
1406,60.36025619506836,1.2811087036132813,1001,6.795263767242432,0.0003,1,a2c_lr_opt_seed1,-2.390691041946411,18.37383270263672,0.961782693862915,-2.139103412628174,42.07979965209961
1406,60.36025619506836,1.2811087036132813,1001,15.423937797546387,0.0003,1,a2c_lr_opt_seed1,0.20209679007530212,30.445571899414062,0.9448693990707397,1.3742538690567017,29.596019744873047
1407,-66.43663024902344,-1.6223585510253906,591,95.31317901611328,0.0003,1,a2c_lr_opt_seed1,-0.19671714305877686,191.0216064453125,0.9063352942466736,-1.8187297582626343,54.95547866821289
1407,-66.43663024902344,-1.6223585510253906,591,4.9452948570251465,0.0003,1,a2c_lr_opt_seed1,0.6581598520278931,8.576188087463379,0.9588685035705566,0.9591478109359741,19.852802276611328
1407,-66.43663024902344,-1.6223585510253906,591,4.34775972366333,0.0003,1,a2c_lr_opt_seed1,0.015529915690422058,8.666180610656738,0.8607285022735596,0.5893977880477905,19.380081176757812
1407,-66.43663024902344,-1.6223585510253906,591,3.0612828731536865,0.0003,1,a2c_lr_opt_seed1,-0.5874242782592773,7.299285888671875,0.935831606388092,-0.08701501786708832,5.428483963012695
1407,-66.43663024902344,-1.6223585510253906,591,2.3512444496154785,0.0003,1,a2c_lr_opt_seed1,-0.6670945286750793,6.038483142852783,0.9026308059692383,-0.3116817772388458,7.03965425491333
1407,-66.43663024902344,-1.6223585510253906,591,3.586282730102539,0.0003,1,a2c_lr_opt_seed1,-0.5469743609428406,8.268342018127441,0.9138752222061157,-0.2501000463962555,8.959120750427246
1407,-66.43663024902344,-1.6223585510253906,591,63.0206184387207,0.0003,1,a2c_lr_opt_seed1,4.6305341720581055,116.78166198730469,0.7465287446975708,5.466715335845947,98.77019500732422
1407,-66.43663024902344,-1.6223585510253906,591,4.983036041259766,0.0003,1,a2c_lr_opt_seed1,0.8773043155670166,8.212976455688477,0.7563402652740479,1.104458212852478,22.350116729736328
1407,-66.43663024902344,-1.6223585510253906,591,1.570177435874939,0.0003,1,a2c_lr_opt_seed1,-0.5336823463439941,4.209235191345215,0.7577708959579468,-0.437370240688324,12.434131622314453
1407,-66.43663024902344,-1.6223585510253906,591,0.3720141053199768,0.0003,1,a2c_lr_opt_seed1,-0.7226325273513794,2.1908435821533203,0.7751675844192505,-0.669774055480957,14.142288208007812
1407,-66.43663024902344,-1.6223585510253906,591,3.559116840362549,0.0003,1,a2c_lr_opt_seed1,-0.6152161359786987,8.350354194641113,0.8440008163452148,-0.6173921227455139,16.429845809936523
1408,34.516693115234375,-2.9251004028320313,1001,2.3245952129364014,0.0003,1,a2c_lr_opt_seed1,-0.8395988941192627,6.330090522766113,0.8511139154434204,-0.9230836033821106,20.50801658630371
1408,34.516693115234375,-2.9251004028320313,1001,3.3243134021759033,0.0003,1,a2c_lr_opt_seed1,-0.509357213973999,7.668954372406006,0.8065614700317383,-0.2738173007965088,13.276896476745605
1408,34.516693115234375,-2.9251004028320313,1001,6.850185394287109,0.0003,1,a2c_lr_opt_seed1,1.0260833501815796,11.650004386901855,0.9003422260284424,1.1130352020263672,36.851898193359375
1409,66.27684020996094,-1.5669871854782105,1001,25.49941635131836,0.0003,1,a2c_lr_opt_seed1,0.2527090907096863,50.495140075683594,0.8626235723495483,1.0956085920333862,56.204715728759766
1409,66.27684020996094,-1.5669871854782105,1001,23.15812873840332,0.0003,1,a2c_lr_opt_seed1,1.7887701988220215,42.74029541015625,0.7903525233268738,1.8560322523117065,34.108192443847656
1411,92.94216918945312,2.6954036951065063,1001,5.073750972747803,0.0003,1,a2c_lr_opt_seed1,0.6868473291397095,8.775419235229492,0.8060228228569031,0.745137631893158,21.690589904785156
1411,92.94216918945312,2.6954036951065063,1001,5.879427433013916,0.0003,1,a2c_lr_opt_seed1,-0.7168542742729187,13.194252014160156,0.8445509076118469,-0.5309450626373291,12.080302238464355
1412,39.602203369140625,4.2557840204238895,1001,39.05376434326172,0.0003,1,a2c_lr_opt_seed1,2.21368408203125,73.68179321289062,0.8164936304092407,3.9273977279663086,105.81786346435547
1412,39.602203369140625,4.2557840204238895,1001,16.58006477355957,0.0003,1,a2c_lr_opt_seed1,0.0006539896130561829,33.16064453125,0.9121404886245728,-0.27481815218925476,26.874174118041992
1412,39.602203369140625,4.2557840204238895,1001,8.565128326416016,0.0003,1,a2c_lr_opt_seed1,0.059006884694099426,17.01386833190918,0.8121474981307983,0.581595778465271,14.067001342773438
1412,39.602203369140625,4.2557840204238895,1001,1.8080044984817505,0.0003,1,a2c_lr_opt_seed1,-0.8243767619132996,5.266475200653076,0.8562968969345093,-0.5479108691215515,19.996965408325195
1412,39.602203369140625,4.2557840204238895,1001,7.030306339263916,0.0003,1,a2c_lr_opt_seed1,-0.44663989543914795,14.955400466918945,0.7536479234695435,-0.05033625662326813,16.58207130432129
1413,40.88444137573242,6.1299695825576785,1001,4.870069980621338,0.0003,1,a2c_lr_opt_seed1,-0.5565900206565857,10.854879379272461,0.7795149087905884,-0.6971516609191895,18.834125518798828
1415,55.62187576293945,10.643825135231019,1001,101.74665832519531,0.0003,1,a2c_lr_opt_seed1,0.3388637900352478,202.81727600097656,0.8478512167930603,3.139801025390625,76.3069076538086
1415,55.62187576293945,10.643825135231019,1001,14.733907699584961,0.0003,1,a2c_lr_opt_seed1,1.6473920345306396,26.1747989654541,0.8844135999679565,1.845213770866394,62.875823974609375
1415,55.62187576293945,10.643825135231019,1001,7.249774932861328,0.0003,1,a2c_lr_opt_seed1,0.3723406195640564,13.75667667388916,0.9039717316627502,0.7849971055984497,27.54241371154785
1415,55.62187576293945,10.643825135231019,1001,5.761717796325684,0.0003,1,a2c_lr_opt_seed1,-0.20996513962745667,11.945284843444824,0.9592161178588867,0.024919599294662476,6.333226203918457
1415,55.62187576293945,10.643825135231019,1001,2.1414308547973633,0.0003,1,a2c_lr_opt_seed1,-0.7513686418533325,5.787581443786621,0.9912711381912231,-0.44438669085502625,12.909120559692383
1415,55.62187576293945,10.643825135231019,1001,1.8033956289291382,0.0003,1,a2c_lr_opt_seed1,-0.9640786647796631,5.536832332611084,0.9419121742248535,-0.6314975619316101,15.308061599731445
1415,55.62187576293945,10.643825135231019,1001,2.9285309314727783,0.0003,1,a2c_lr_opt_seed1,-0.36908918619155884,6.597004413604736,0.8822351098060608,0.14432235062122345,5.158868312835693
1415,55.62187576293945,10.643825135231019,1001,2.642472743988037,0.0003,1,a2c_lr_opt_seed1,-0.655645489692688,6.59817361831665,0.9684406518936157,-0.21337902545928955,7.4830756187438965
1415,55.62187576293945,10.643825135231019,1001,5.714828968048096,0.0003,1,a2c_lr_opt_seed1,-0.28853097558021545,12.00870132446289,0.9908939599990845,-0.18982185423374176,17.63155174255371
1415,55.62187576293945,10.643825135231019,1001,21.315540313720703,0.0003,1,a2c_lr_opt_seed1,-1.4546115398406982,45.54209518432617,0.8968654870986938,-1.3139678239822388,34.103309631347656
1415,55.62187576293945,10.643825135231019,1001,4.537989139556885,0.0003,1,a2c_lr_opt_seed1,0.36055248975753784,8.356590270996094,0.8582000732421875,0.6490868926048279,13.98286247253418
1415,55.62187576293945,10.643825135231019,1001,2.94476580619812,0.0003,1,a2c_lr_opt_seed1,-1.356339693069458,8.603896141052246,0.8425427675247192,-0.9216113090515137,29.208724975585938
1415,55.62187576293945,10.643825135231019,1001,6.40848970413208,0.0003,1,a2c_lr_opt_seed1,0.8644343614578247,11.089827537536621,0.8584879636764526,1.1840420961380005,27.757122039794922
1416,120.93881225585938,13.858308472633361,805,38.564579010009766,0.0003,1,a2c_lr_opt_seed1,-1.0695971250534058,79.27005767822266,0.852681040763855,-0.22228966653347015,23.753437042236328
1416,120.93881225585938,13.858308472633361,805,6.824268341064453,0.0003,1,a2c_lr_opt_seed1,0.06421378254890442,13.522017478942871,0.9543444514274597,0.28305545449256897,19.415918350219727
1416,120.93881225585938,13.858308472633361,805,11.562552452087402,0.0003,1,a2c_lr_opt_seed1,-0.026705339550971985,23.18039321899414,0.9385437965393066,0.24397432804107666,26.83255958557129
1416,120.93881225585938,13.858308472633361,805,2.2364559173583984,0.0003,1,a2c_lr_opt_seed1,-0.29956111311912537,5.073984622955322,0.9752678275108337,-0.15943384170532227,5.743603229522705
1416,120.93881225585938,13.858308472633361,805,4.157623767852783,0.0003,1,a2c_lr_opt_seed1,-2.324113130569458,12.965531349182129,1.0285674333572388,-2.244697093963623,49.23886489868164
1416,120.93881225585938,13.858308472633361,805,27.952495574951172,0.0003,1,a2c_lr_opt_seed1,2.9978127479553223,49.91123962402344,0.9365084767341614,3.1956095695495605,66.06533813476562
1416,120.93881225585938,13.858308472633361,805,7.961457252502441,0.0003,1,a2c_lr_opt_seed1,0.3718717694282532,15.18083667755127,0.8330515027046204,0.9580934643745422,24.926387786865234
1416,120.93881225585938,13.858308472633361,805,33.944725036621094,0.0003,1,a2c_lr_opt_seed1,2.7145586013793945,62.46189880371094,0.7832291126251221,3.5272748470306396,66.7422866821289
1417,14.311103820800781,14.591417260169983,1001,2.257045269012451,0.0003,1,a2c_lr_opt_seed1,0.12346421182155609,4.268702983856201,0.770400881767273,0.1753867268562317,5.077231407165527
1418,111.05146026611328,15.04694368839264,948,166.31765747070312,0.0003,1,a2c_lr_opt_seed1,-0.16944727301597595,332.9758605957031,0.8230795860290527,4.763053894042969,154.74668884277344
1419,42.8063850402832,15.309174828529358,1001,12.28036117553711,0.0003,1,a2c_lr_opt_seed1,1.6435587406158447,21.275390625,0.892572283744812,1.5996989011764526,40.575435638427734
1419,42.8063850402832,15.309174828529358,1001,4.696188926696777,0.0003,1,a2c_lr_opt_seed1,-0.2547021210193634,9.903572082519531,0.8949314951896667,0.24346467852592468,11.296748161315918
1420,39.13132095336914,15.86179398059845,1001,6.9749016761779785,0.0003,1,a2c_lr_opt_seed1,-0.3894882798194885,14.730566024780273,0.8930264711380005,0.15262113511562347,11.090813636779785
1420,39.13132095336914,15.86179398059845,1001,8.05526351928711,0.0003,1,a2c_lr_opt_seed1,-0.5781972408294678,17.268817901611328,0.9476320743560791,-0.10157991945743561,26.77837371826172
1420,39.13132095336914,15.86179398059845,1001,9.970697402954102,0.0003,1,a2c_lr_opt_seed1,1.1339417695999146,17.675357818603516,0.9234749674797058,1.701781988143921,44.82693862915039
1420,39.13132095336914,15.86179398059845,1001,13.404645919799805,0.0003,1,a2c_lr_opt_seed1,-0.7275460958480835,28.266244888305664,0.930594265460968,-0.07434004545211792,8.431557655334473
1420,39.13132095336914,15.86179398059845,1001,9.802716255187988,0.0003,1,a2c_lr_opt_seed1,1.0619041919708252,17.48320770263672,0.7914038896560669,1.982757568359375,43.04424285888672
1421,101.33631896972656,17.961744675636293,984,151.5692138671875,0.0003,1,a2c_lr_opt_seed1,-2.4087576866149902,307.9576416015625,0.8556829690933228,2.4899964332580566,117.73480987548828
1423,51.53136444091797,16.903790798187256,1001,133.33526611328125,0.0003,1,a2c_lr_opt_seed1,-1.3984589576721191,269.46923828125,0.9071536064147949,-3.2665934562683105,76.92353820800781
1423,51.53136444091797,16.903790798187256,1001,10.968535423278809,0.0003,1,a2c_lr_opt_seed1,0.3291454613208771,21.280784606933594,1.0018713474273682,0.6881673336029053,29.94403839111328
1423,51.53136444091797,16.903790798187256,1001,14.945900917053223,0.0003,1,a2c_lr_opt_seed1,0.2309364676475525,29.431730270385742,0.900059700012207,0.6706470251083374,18.916433334350586
1423,51.53136444091797,16.903790798187256,1001,2.514430284500122,0.0003,1,a2c_lr_opt_seed1,0.16934677958488464,4.691835403442383,0.8343123197555542,0.6285467743873596,15.127944946289062
1423,51.53136444091797,16.903790798187256,1001,3.4346671104431152,0.0003,1,a2c_lr_opt_seed1,-0.33686769008636475,7.544887065887451,0.9089106321334839,0.22016018629074097,18.446033477783203
1423,51.53136444091797,16.903790798187256,1001,1.7009698152542114,0.0003,1,a2c_lr_opt_seed1,-1.0706405639648438,5.545011043548584,0.8951117992401123,-0.8102455139160156,21.90435218811035
1423,51.53136444091797,16.903790798187256,1001,4.150176525115967,0.0003,1,a2c_lr_opt_seed1,-1.3794524669647217,11.061107635498047,0.9244919419288635,-1.3193104267120361,30.227521896362305
1423,51.53136444091797,16.903790798187256,1001,2.5248241424560547,0.0003,1,a2c_lr_opt_seed1,0.49593544006347656,4.059635162353516,0.9289416074752808,0.7633270025253296,17.940441131591797
1423,51.53136444091797,16.903790798187256,1001,0.969687283039093,0.0003,1,a2c_lr_opt_seed1,-1.3348671197891235,4.61096715927124,0.9291501045227051,-1.1942452192306519,25.469335556030273
1423,51.53136444091797,16.903790798187256,1001,3.8645193576812744,0.0003,1,a2c_lr_opt_seed1,-0.09955355525016785,7.929931163787842,0.8927241563796997,0.17408396303653717,7.09930944442749
1424,-70.73066711425781,14.46565580368042,656,195.98085021972656,0.0003,1,a2c_lr_opt_seed1,-3.1077334880828857,398.1788635253906,0.8537319898605347,-6.6030120849609375,142.25460815429688
1424,-70.73066711425781,14.46565580368042,656,5.245972633361816,0.0003,1,a2c_lr_opt_seed1,0.32544589042663574,9.84286117553711,0.9041439294815063,0.5659716725349426,14.953856468200684
1424,-70.73066711425781,14.46565580368042,656,3.6723721027374268,0.0003,1,a2c_lr_opt_seed1,-1.8475074768066406,11.041582107543945,0.9115233421325684,-1.6672039031982422,36.008628845214844
1425,54.28546142578125,15.607833580970764,1001,15.515658378601074,0.0003,1,a2c_lr_opt_seed1,0.24022401869297028,30.55272674560547,0.9285839796066284,0.23415382206439972,14.192395210266113
1425,54.28546142578125,15.607833580970764,1001,6.521535873413086,0.0003,1,a2c_lr_opt_seed1,-1.4950182437896729,16.03482437133789,0.8581957817077637,-0.998772144317627,25.497509002685547
1425,54.28546142578125,15.607833580970764,1001,9.42635440826416,0.0003,1,a2c_lr_opt_seed1,0.10762932896614075,18.63923454284668,0.8927643299102783,0.5454848408699036,17.04595375061035
1425,54.28546142578125,15.607833580970764,1001,6.820032119750977,0.0003,1,a2c_lr_opt_seed1,-0.28666451573371887,14.215166091918945,0.886511504650116,0.07269489765167236,8.632328987121582
1425,54.28546142578125,15.607833580970764,1001,6.844883918762207,0.0003,1,a2c_lr_opt_seed1,-0.35174843668937683,14.395169258117676,0.9520195126533508,-0.34210389852523804,11.477519989013672
1425,54.28546142578125,15.607833580970764,1001,2.7038135528564453,0.0003,1,a2c_lr_opt_seed1,-1.4056826829910278,8.220763206481934,0.8854079246520996,-1.1031135320663452,24.058061599731445
1425,54.28546142578125,15.607833580970764,1001,2.8146209716796875,0.0003,1,a2c_lr_opt_seed1,-0.49553513526916504,6.622122764587402,0.9051899909973145,-0.47560328245162964,11.043210983276367
1425,54.28546142578125,15.607833580970764,1001,5.626490116119385,0.0003,1,a2c_lr_opt_seed1,0.0903257429599762,11.074140548706055,0.906024158000946,0.10651233792304993,8.991680145263672
1426,-115.13549041748047,15.23593309879303,919,155.54486083984375,0.0003,1,a2c_lr_opt_seed1,-1.5257396697998047,314.1427001953125,0.7406041622161865,-4.497873306274414,126.08040618896484
1427,30.69471549987793,18.06274336338043,1001,8.283164978027344,0.0003,1,a2c_lr_opt_seed1,-1.1274430751800537,18.822744369506836,0.7639725208282471,-0.8682571649551392,20.708030700683594
1427,30.69471549987793,18.06274336338043,1001,15.143522262573242,0.0003,1,a2c_lr_opt_seed1,0.322149395942688,29.644498825073242,0.8762617111206055,0.7745914459228516,31.184656143188477
1428,93.60470581054688,19.454784569740294,950,44.28692626953125,0.0003,1,a2c_lr_opt_seed1,-0.5157380104064941,89.60714721679688,0.9066749215126038,0.7602871656417847,23.928836822509766
1428,93.60470581054688,19.454784569740294,950,2.82405686378479,0.0003,1,a2c_lr_opt_seed1,-0.9452184438705444,7.54029655456543,0.872852623462677,-0.8357700109481812,23.727354049682617
1428,93.60470581054688,19.454784569740294,950,9.448881149291992,0.0003,1,a2c_lr_opt_seed1,-0.9158886671066284,20.731332778930664,0.896235466003418,-0.5784147381782532,16.34674835205078
1428,93.60470581054688,19.454784569740294,950,12.785589218139648,0.0003,1,a2c_lr_opt_seed1,0.3648509681224823,24.84333038330078,0.9273077249526978,0.7875795364379883,22.914188385009766
1428,93.60470581054688,19.454784569740294,950,58.534969329833984,0.0003,1,a2c_lr_opt_seed1,-4.0978240966796875,125.26742553710938,0.9199876189231873,-5.488970756530762,119.66129302978516
1429,-186.52450561523438,13.094555077552796,920,64.40901947021484,0.0003,1,a2c_lr_opt_seed1,-0.017829205840826035,128.85549926757812,0.9025046229362488,-1.088454008102417,40.342044830322266
1430,34.0717658996582,12.123685402870178,1001,7.575167179107666,0.0003,1,a2c_lr_opt_seed1,-0.151377871632576,15.45487117767334,0.8906244039535522,-0.3672976791858673,12.88501262664795
1431,8.22219467163086,12.008288559913636,1001,16.02040672302246,0.0003,1,a2c_lr_opt_seed1,1.0082967281341553,30.026086807250977,0.9334908127784729,1.551497459411621,52.24803924560547
1431,8.22219467163086,12.008288559913636,1001,2.7147598266601562,0.0003,1,a2c_lr_opt_seed1,-0.05778218060731888,5.546833515167236,0.8747568726539612,0.054576240479946136,4.835132122039795
1431,8.22219467163086,12.008288559913636,1001,5.884962558746338,0.0003,1,a2c_lr_opt_seed1,-0.9221941828727722,13.61607551574707,0.8812456727027893,-0.3140195906162262,14.949702262878418
1431,8.22219467163086,12.008288559913636,1001,6.780458450317383,0.0003,1,a2c_lr_opt_seed1,-0.4192575514316559,14.401188850402832,0.8784940242767334,0.05195137858390808,9.673572540283203
1431,8.22219467163086,12.008288559913636,1001,2.2869913578033447,0.0003,1,a2c_lr_opt_seed1,-1.2684916257858276,7.112681865692139,0.8579825758934021,-1.0976349115371704,28.10306167602539
1431,8.22219467163086,12.008288559913636,1001,3.25473690032959,0.0003,1,a2c_lr_opt_seed1,-0.4451669752597809,7.401730537414551,0.9613062143325806,-0.29478639364242554,10.094566345214844
1431,8.22219467163086,12.008288559913636,1001,4.462673187255859,0.0003,1,a2c_lr_opt_seed1,-2.3469345569610596,13.621036529541016,0.9106859564781189,-2.1075150966644287,55.45610427856445
1431,8.22219467163086,12.008288559913636,1001,4.586784362792969,0.0003,1,a2c_lr_opt_seed1,-0.5111060738563538,10.197633743286133,0.9267207384109497,-0.10015163570642471,7.724229335784912
1431,8.22219467163086,12.008288559913636,1001,3.7301576137542725,0.0003,1,a2c_lr_opt_seed1,-0.8273451328277588,9.116927146911621,0.9608500003814697,-0.650966465473175,17.13341522216797
1431,8.22219467163086,12.008288559913636,1001,2.5540318489074707,0.0003,1,a2c_lr_opt_seed1,-1.8324201107025146,8.774776458740234,0.936278760433197,-1.7988032102584839,44.59894943237305
1431,8.22219467163086,12.008288559913636,1001,3.5096452236175537,0.0003,1,a2c_lr_opt_seed1,-0.11060711741447449,7.242336750030518,0.9159133434295654,0.12215438485145569,7.918725967407227
1432,-65.63642120361328,11.341328873634339,1001,11.081212043762207,0.0003,1,a2c_lr_opt_seed1,-0.22262310981750488,22.6093807220459,0.8554758429527283,0.6996933817863464,13.031108856201172
1432,-65.63642120361328,11.341328873634339,1001,2.2205607891082764,0.0003,1,a2c_lr_opt_seed1,-0.05659332871437073,4.55620002746582,0.9459232091903687,0.24974310398101807,9.071192741394043
1433,-28.17079734802246,12.09258150577545,1001,4.89092493057251,0.0003,1,a2c_lr_opt_seed1,-1.4970358610153198,12.777639389038086,0.8588969111442566,-1.3534677028656006,36.4911994934082
1433,-28.17079734802246,12.09258150577545,1001,4.378723621368408,0.0003,1,a2c_lr_opt_seed1,-0.7975040674209595,10.354279518127441,0.9121534824371338,-0.8865301012992859,21.70975112915039
1433,-28.17079734802246,12.09258150577545,1001,5.394637584686279,0.0003,1,a2c_lr_opt_seed1,0.23492933809757233,10.321185111999512,0.8845897316932678,0.6083946228027344,18.631322860717773
1433,-28.17079734802246,12.09258150577545,1001,4.830082893371582,0.0003,1,a2c_lr_opt_seed1,-0.7982757091522217,11.258410453796387,0.8466464281082153,-0.6785167455673218,16.709192276000977
1433,-28.17079734802246,12.09258150577545,1001,6.627310276031494,0.0003,1,a2c_lr_opt_seed1,0.42860519886016846,12.399221420288086,0.9057333469390869,0.7738466262817383,21.929672241210938
1433,-28.17079734802246,12.09258150577545,1001,5.358999252319336,0.0003,1,a2c_lr_opt_seed1,-0.2140829861164093,11.147981643676758,0.9082896709442139,0.2307015061378479,8.301935195922852
1433,-28.17079734802246,12.09258150577545,1001,6.091414928436279,0.0003,1,a2c_lr_opt_seed1,-0.8290677070617676,13.842917442321777,0.9759101271629333,-0.622322142124176,13.054547309875488
1433,-28.17079734802246,12.09258150577545,1001,11.541606903076172,0.0003,1,a2c_lr_opt_seed1,0.441358357667923,22.20233154296875,0.9175105094909668,0.9745126962661743,23.05799674987793
1434,-50.927330017089844,12.87720049381256,1001,5.677485466003418,0.0003,1,a2c_lr_opt_seed1,0.5328394174575806,10.291153907775879,0.9308013319969177,0.8928318023681641,17.363082885742188
1434,-50.927330017089844,12.87720049381256,1001,3.3010549545288086,0.0003,1,a2c_lr_opt_seed1,-0.6169416308403015,7.837724208831787,0.865456759929657,-0.38262712955474854,11.170062065124512
1435,-13.436737060546875,13.028917412757874,1001,25.810630798339844,0.0003,1,a2c_lr_opt_seed1,0.5941857695579529,50.43458557128906,0.8475281000137329,1.548585057258606,55.678932189941406
1436,-12.108274459838867,13.494905228614806,1001,7.275439262390137,0.0003,1,a2c_lr_opt_seed1,-0.013860940933227539,14.580424308776855,0.91151362657547,0.34450721740722656,15.59376049041748
1436,-12.108274459838867,13.494905228614806,1001,8.831497192382812,0.0003,1,a2c_lr_opt_seed1,-0.08442382514476776,17.83374786376953,0.9528716206550598,0.07733398675918579,21.05999183654785
1436,-12.108274459838867,13.494905228614806,1001,3.4004178047180176,0.0003,1,a2c_lr_opt_seed1,-0.2788953185081482,7.36060094833374,0.9873892664909363,-0.27742525935173035,11.573410987854004
1436,-12.108274459838867,13.494905228614806,1001,2.9536571502685547,0.0003,1,a2c_lr_opt_seed1,-2.203575849533081,10.316207885742188,0.8709374666213989,-1.914067029953003,50.81867218017578
1436,-12.108274459838867,13.494905228614806,1001,17.020679473876953,0.0003,1,a2c_lr_opt_seed1,0.08723503351211548,33.8686408996582,0.8757554888725281,0.40183016657829285,22.34838104248047
1438,-15.590910911560059,13.577234272956849,1001,113.92449951171875,0.0003,1,a2c_lr_opt_seed1,-0.5365942120552063,228.92388916015625,0.8576669692993164,-2.0565319061279297,74.0096206665039
1438,-15.590910911560059,13.577234272956849,1001,15.326258659362793,0.0003,1,a2c_lr_opt_seed1,1.414473533630371,27.82552146911621,0.975993812084198,1.7704203128814697,64.71137237548828
1439,-27.543346405029297,13.7211470079422,1001,15.0057954788208,0.0003,1,a2c_lr_opt_seed1,0.44129735231399536,29.130828857421875,0.9160448908805847,0.6118224859237671,29.827716827392578
1439,-27.543346405029297,13.7211470079422,1001,5.431163787841797,0.0003,1,a2c_lr_opt_seed1,0.39268791675567627,10.078753471374512,0.9007725119590759,0.792314887046814,26.506916046142578
1439,-27.543346405029297,13.7211470079422,1001,6.51823091506958,0.0003,1,a2c_lr_opt_seed1,-0.22721754014492035,13.492749214172363,0.925880491733551,-0.15580987930297852,9.194660186767578
1439,-27.543346405029297,13.7211470079422,1001,3.3450512886047363,0.0003,1,a2c_lr_opt_seed1,-1.1471946239471436,8.986469268798828,0.9887692928314209,-1.2323603630065918,32.41516876220703
1439,-27.543346405029297,13.7211470079422,1001,4.084542751312256,0.0003,1,a2c_lr_opt_seed1,0.5359851717948914,7.099019527435303,0.9522239565849304,0.6440764665603638,16.807117462158203
1439,-27.543346405029297,13.7211470079422,1001,3.762333393096924,0.0003,1,a2c_lr_opt_seed1,-0.07014445215463638,7.666767597198486,0.9061055779457092,0.15385064482688904,5.719043254852295
1439,-27.543346405029297,13.7211470079422,1001,1.9077110290527344,0.0003,1,a2c_lr_opt_seed1,-0.7279949188232422,5.273332595825195,0.9603082537651062,-0.6319897174835205,18.654150009155273
1439,-27.543346405029297,13.7211470079422,1001,2.3227076530456543,0.0003,1,a2c_lr_opt_seed1,-0.10842359066009521,4.864131927490234,0.9345282912254333,0.15692582726478577,4.454209804534912
1439,-27.543346405029297,13.7211470079422,1001,3.7566001415252686,0.0003,1,a2c_lr_opt_seed1,-1.3701980113983154,10.255483627319336,0.9437401294708252,-1.2729415893554688,30.51064682006836
1439,-27.543346405029297,13.7211470079422,1001,2.1639227867126465,0.0003,1,a2c_lr_opt_seed1,-0.24099071323871613,4.811830520629883,1.0018999576568604,-0.1546979397535324,4.34133243560791
1439,-27.543346405029297,13.7211470079422,1001,2.099698066711426,0.0003,1,a2c_lr_opt_seed1,-0.5926181077957153,5.386594772338867,0.9814440608024597,-0.3825826644897461,9.449864387512207
1440,-31.46368980407715,14.753786511421204,1001,7.34214448928833,0.0003,1,a2c_lr_opt_seed1,0.233226016163826,14.219803810119629,0.983411967754364,0.44047489762306213,8.988304138183594
1440,-31.46368980407715,14.753786511421204,1001,6.657042026519775,0.0003,1,a2c_lr_opt_seed1,-1.4695329666137695,16.255001068115234,0.9255453944206238,-1.7516525983810425,39.21080780029297
1441,-31.970844268798828,12.062928891181945,1001,30.61210060119629,0.0003,1,a2c_lr_opt_seed1,2.3745696544647217,56.476890563964844,0.91457200050354,3.1130034923553467,77.82376861572266
1441,-31.970844268798828,12.062928891181945,1001,3.871126413345337,0.0003,1,a2c_lr_opt_seed1,-0.28535905480384827,8.314825057983398,0.9269038438796997,-0.08178045600652695,7.425811767578125
1441,-31.970844268798828,12.062928891181945,1001,28.57278060913086,0.0003,1,a2c_lr_opt_seed1,0.4972645044326782,56.152950286865234,0.9600019454956055,1.265618920326233,69.04603576660156
1441,-31.970844268798828,12.062928891181945,1001,4.452032566070557,0.0003,1,a2c_lr_opt_seed1,-0.12703073024749756,9.16011905670166,0.9962993860244751,0.1984807401895523,6.848066806793213
1441,-31.970844268798828,12.062928891181945,1001,3.7425224781036377,0.0003,1,a2c_lr_opt_seed1,0.2511545717716217,6.984648704528809,0.9565737247467041,0.6245533227920532,20.327943801879883
1441,-31.970844268798828,12.062928891181945,1001,2.92775559425354,0.0003,1,a2c_lr_opt_seed1,-1.0505272150039673,7.958566665649414,1.0007432699203491,-0.8312703371047974,22.05520248413086
1441,-31.970844268798828,12.062928891181945,1001,14.677558898925781,0.0003,1,a2c_lr_opt_seed1,-0.9323102235794067,31.22159194946289,0.9268707633018494,-0.5845885872840881,16.562475204467773
1441,-31.970844268798828,12.062928891181945,1001,20.848892211914062,0.0003,1,a2c_lr_opt_seed1,1.9046807289123535,37.8902473449707,0.911008894443512,2.0599677562713623,39.543235778808594
1441,-31.970844268798828,12.062928891181945,1001,20.39657211303711,0.0003,1,a2c_lr_opt_seed1,0.47469669580459595,39.845577239990234,0.9127296805381775,0.37226998805999756,16.020856857299805
1442,40.61168670654297,13.058745789527894,1001,10.439188957214355,0.0003,1,a2c_lr_opt_seed1,0.3259952962398529,20.228052139282227,0.8328832387924194,0.8450617790222168,18.59100914001465
1443,12.005792617797852,13.243229641914368,1001,25.62507438659668,0.0003,1,a2c_lr_opt_seed1,1.3561949729919434,48.53929138183594,0.7668582797050476,1.6982375383377075,33.105716705322266
1444,36.38594055175781,14.970966382026672,1001,6.591404438018799,0.0003,1,a2c_lr_opt_seed1,0.569649875164032,12.045140266418457,0.8155881762504578,1.2114207744598389,26.116168975830078
1446,-116.13646697998047,10.533491864204407,880,369.9222717285156,0.0003,1,a2c_lr_opt_seed1,-1.039889931678772,741.92578125,0.7234663367271423,-1.8835349082946777,131.843505859375
1446,-116.13646697998047,10.533491864204407,880,2.3878767490386963,0.0003,1,a2c_lr_opt_seed1,-0.38179928064346313,5.541149616241455,0.8988851308822632,-0.09308025240898132,6.479820728302002
1446,-116.13646697998047,10.533491864204407,880,14.277961730957031,0.0003,1,a2c_lr_opt_seed1,1.675148844718933,25.20743179321289,0.9035425186157227,2.1433606147766113,62.39146423339844
1446,-116.13646697998047,10.533491864204407,880,4.143312454223633,0.0003,1,a2c_lr_opt_seed1,0.4162786900997162,7.4560370445251465,0.9848591685295105,0.7294257879257202,19.57849884033203
1446,-116.13646697998047,10.533491864204407,880,10.986581802368164,0.0003,1,a2c_lr_opt_seed1,0.2617715001106262,21.451261520385742,0.8204158544540405,0.712195873260498,16.8682861328125
1446,-116.13646697998047,10.533491864204407,880,4.88120174407959,0.0003,1,a2c_lr_opt_seed1,0.11062367260456085,9.54282283782959,0.833296000957489,0.2771962285041809,13.395288467407227
1447,58.84406280517578,11.64965835571289,1001,6.205327033996582,0.0003,1,a2c_lr_opt_seed1,-1.2977880239486694,15.00783920288086,0.8044461607933044,-0.7974298000335693,23.105695724487305
1448,162.30010986328125,15.184614238739014,666,96.81787872314453,0.0003,1,a2c_lr_opt_seed1,-0.760020911693573,195.15757751464844,0.8912497758865356,1.6499015092849731,52.96034622192383
1448,162.30010986328125,15.184614238739014,666,4.619106292724609,0.0003,1,a2c_lr_opt_seed1,0.4974774122238159,8.245184898376465,0.9637515544891357,0.94480961561203,34.48218536376953
1448,162.30010986328125,15.184614238739014,666,9.850330352783203,0.0003,1,a2c_lr_opt_seed1,0.97590571641922,17.750619888305664,0.8849155902862549,1.1920722723007202,26.211336135864258
1448,162.30010986328125,15.184614238739014,666,2.0152716636657715,0.0003,1,a2c_lr_opt_seed1,-0.659113883972168,5.350694179534912,0.9615118503570557,-0.6250112056732178,17.436420440673828
1448,162.30010986328125,15.184614238739014,666,1.2404229640960693,0.0003,1,a2c_lr_opt_seed1,-1.0885449647903442,4.6597208976745605,0.8924815058708191,-0.8796243071556091,21.593021392822266
1448,162.30010986328125,15.184614238739014,666,2.535571336746216,0.0003,1,a2c_lr_opt_seed1,-0.7155600786209106,6.504082202911377,0.909630537033081,-0.5435832738876343,13.55044174194336
1448,162.30010986328125,15.184614238739014,666,21.535743713378906,0.0003,1,a2c_lr_opt_seed1,-1.2481677532196045,45.56953811645508,0.859018087387085,-1.3729432821273804,29.25092124938965
1448,162.30010986328125,15.184614238739014,666,7.367202281951904,0.0003,1,a2c_lr_opt_seed1,0.04159126803278923,14.652789115905762,0.7833717465400696,0.6965452432632446,21.311433792114258
1448,162.30010986328125,15.184614238739014,666,3.0752596855163574,0.0003,1,a2c_lr_opt_seed1,-0.34790390729904175,6.847968578338623,0.8207110166549683,-0.06644921004772186,7.461917400360107
1449,151.696044921875,17.1411704826355,608,108.29265594482422,0.0003,1,a2c_lr_opt_seed1,-1.0967371463775635,218.78065490722656,0.9334866404533386,1.6108218431472778,59.804466247558594
1449,151.696044921875,17.1411704826355,608,13.746346473693848,0.0003,1,a2c_lr_opt_seed1,0.4189518392086029,26.656583786010742,0.8975780606269836,0.6369796991348267,41.903594970703125
1449,151.696044921875,17.1411704826355,608,6.025784015655518,0.0003,1,a2c_lr_opt_seed1,0.156645730137825,11.740079879760742,0.9015617370605469,0.6037805080413818,27.06528663635254
1449,151.696044921875,17.1411704826355,608,23.009798049926758,0.0003,1,a2c_lr_opt_seed1,0.866187572479248,44.289100646972656,0.940872848033905,1.1750075817108154,24.69329261779785
1450,53.2453727722168,17.086663875579834,1001,1.6285103559494019,0.0003,1,a2c_lr_opt_seed1,-0.5008119940757751,4.2604756355285645,0.9154084324836731,-0.4955987334251404,15.38699722290039
1450,53.2453727722168,17.086663875579834,1001,21.9654598236084,0.0003,1,a2c_lr_opt_seed1,1.2152893543243408,41.50217056274414,0.9151937961578369,0.9724392890930176,21.803340911865234
1450,53.2453727722168,17.086663875579834,1001,3.5553038120269775,0.0003,1,a2c_lr_opt_seed1,-0.012273702770471573,7.136958122253418,0.9014925956726074,0.016248933970928192,13.731146812438965
1450,53.2453727722168,17.086663875579834,1001,0.8856506943702698,0.0003,1,a2c_lr_opt_seed1,-0.6970245838165283,3.1671323776245117,0.8909057378768921,-0.5199739336967468,12.260246276855469
1450,53.2453727722168,17.086663875579834,1001,10.690645217895508,0.0003,1,a2c_lr_opt_seed1,1.273266315460205,18.83660125732422,0.9215000867843628,1.4606479406356812,30.597272872924805
1450,53.2453727722168,17.086663875579834,1001,6.349849700927734,0.0003,1,a2c_lr_opt_seed1,-0.5466959476470947,13.794612884521484,0.760949969291687,-0.05942803621292114,7.688808917999268
1450,53.2453727722168,17.086663875579834,1001,5.134198188781738,0.0003,1,a2c_lr_opt_seed1,-0.8093453049659729,11.88867473602295,0.7937115430831909,-0.2670801877975464,11.210067749023438
1450,53.2453727722168,17.086663875579834,1001,3.978142738342285,0.0003,1,a2c_lr_opt_seed1,-0.22400300204753876,8.405841827392578,0.7752086520195007,-0.07855784893035889,6.516720771789551
1450,53.2453727722168,17.086663875579834,1001,12.460866928100586,0.0003,1,a2c_lr_opt_seed1,-0.2987203299999237,25.520593643188477,0.7093459367752075,-0.2981022000312805,12.169429779052734
1451,46.2359504699707,15.643906078338624,1001,3.002408027648926,0.0003,1,a2c_lr_opt_seed1,-0.27534934878349304,6.556800365447998,0.6427220702171326,-0.06867411732673645,8.74437141418457
1453,57.9413948059082,19.895959758758544,1001,138.23838806152344,0.0003,1,a2c_lr_opt_seed1,1.6035897731781006,273.27105712890625,0.7388108968734741,4.117883205413818,95.82485961914062
1455,37.68561935424805,24.10643072128296,1001,163.97442626953125,0.0003,1,a2c_lr_opt_seed1,0.9449710845947266,326.0604248046875,0.7590371370315552,5.459090709686279,149.19375610351562
1455,37.68561935424805,24.10643072128296,1001,6.62518835067749,0.0003,1,a2c_lr_opt_seed1,-0.0594407320022583,13.370902061462402,0.8219460844993591,0.03708237409591675,11.283927917480469
1455,37.68561935424805,24.10643072128296,1001,3.836897611618042,0.0003,1,a2c_lr_opt_seed1,-0.07666954398155212,7.828956604003906,0.9112398624420166,-0.10340386629104614,5.8134236335754395
1455,37.68561935424805,24.10643072128296,1001,3.295731782913208,0.0003,1,a2c_lr_opt_seed1,-0.43137437105178833,7.456052780151367,0.9202054142951965,-0.2855382561683655,9.43404769897461
1455,37.68561935424805,24.10643072128296,1001,3.7521743774414062,0.0003,1,a2c_lr_opt_seed1,0.28794729709625244,6.9302568435668945,0.9012803435325623,0.377230703830719,15.840703010559082
1455,37.68561935424805,24.10643072128296,1001,2.9290475845336914,0.0003,1,a2c_lr_opt_seed1,-1.669094204902649,9.198183059692383,0.9498109817504883,-1.431431770324707,43.2530403137207
1455,37.68561935424805,24.10643072128296,1001,3.2593090534210205,0.0003,1,a2c_lr_opt_seed1,0.03912019729614258,6.44226598739624,0.9441632628440857,0.05788702517747879,5.2511210441589355
1456,45.80443572998047,23.8153143119812,1001,4.699967861175537,0.0003,1,a2c_lr_opt_seed1,-1.3363854885101318,12.07452392578125,0.9081735014915466,-1.0860047340393066,28.054086685180664
1456,45.80443572998047,23.8153143119812,1001,6.704686641693115,0.0003,1,a2c_lr_opt_seed1,-0.0432761013507843,13.49760627746582,0.8399785161018372,0.006193101406097412,16.625104904174805
1456,45.80443572998047,23.8153143119812,1001,8.868032455444336,0.0003,1,a2c_lr_opt_seed1,-0.722981333732605,19.183868408203125,0.919929027557373,-0.33293387293815613,22.04969596862793
1456,45.80443572998047,23.8153143119812,1001,20.008541107177734,0.0003,1,a2c_lr_opt_seed1,2.2427785396575928,35.53346633911133,0.9702689051628113,2.745269298553467,73.86042785644531
1456,45.80443572998047,23.8153143119812,1001,2.8653929233551025,0.0003,1,a2c_lr_opt_seed1,-1.5441064834594727,8.82086181640625,0.9314861297607422,-1.1309361457824707,29.928897857666016
1456,45.80443572998047,23.8153143119812,1001,3.967026472091675,0.0003,1,a2c_lr_opt_seed1,-0.17403580248355865,8.28392505645752,0.9001650810241699,0.1870594322681427,11.353362083435059
1456,45.80443572998047,23.8153143119812,1001,2.3780312538146973,0.0003,1,a2c_lr_opt_seed1,0.03018847666680813,4.697577953338623,0.9462810158729553,0.30524247884750366,7.726382255554199
1456,45.80443572998047,23.8153143119812,1001,14.815481185913086,0.0003,1,a2c_lr_opt_seed1,-0.31850719451904297,30.269832611083984,0.9276140928268433,0.25253868103027344,24.479625701904297
1456,45.80443572998047,23.8153143119812,1001,4.273416996002197,0.0003,1,a2c_lr_opt_seed1,0.3566575348377228,7.8352131843566895,0.8471227884292603,0.9708607792854309,20.523670196533203
1457,30.664196014404297,25.757330837249757,1001,1.881325364112854,0.0003,1,a2c_lr_opt_seed1,-0.3798116147518158,4.524176597595215,0.9512776136398315,-0.30387234687805176,8.52379322052002
1457,30.664196014404297,25.757330837249757,1001,2.328824758529663,0.0003,1,a2c_lr_opt_seed1,-1.100569725036621,6.860801696777344,1.0064729452133179,-0.8953651785850525,18.251697540283203
1457,30.664196014404297,25.757330837249757,1001,1.9947988986968994,0.0003,1,a2c_lr_opt_seed1,-0.6229102611541748,5.237346649169922,0.9642001390457153,-0.40729713439941406,8.973730087280273
1457,30.664196014404297,25.757330837249757,1001,1.8530664443969727,0.0003,1,a2c_lr_opt_seed1,-0.7626550793647766,5.233279228210449,0.9181448221206665,-0.5284862518310547,11.684450149536133
1458,22.762544631958008,25.522247867584227,1001,2.4055845737457275,0.0003,1,a2c_lr_opt_seed1,-0.331884503364563,5.476738929748535,0.9004571437835693,-0.04627516120672226,7.701432704925537
1459,-77.28775024414062,22.650956058502196,457,252.5924530029297,0.0003,1,a2c_lr_opt_seed1,-2.058826208114624,509.3041076660156,0.779007077217102,-3.644073009490967,136.05239868164062
1459,-77.28775024414062,22.650956058502196,457,18.30158042907715,0.0003,1,a2c_lr_opt_seed1,1.1841905117034912,34.23627471923828,0.7485607862472534,2.0234804153442383,47.847007751464844
1459,-77.28775024414062,22.650956058502196,457,5.756159782409668,0.0003,1,a2c_lr_opt_seed1,0.8008045554161072,9.912304878234863,0.7974886298179626,1.1427249908447266,32.10224914550781
1460,122.60501861572266,23.686094150543212,751,68.31097412109375,0.0003,1,a2c_lr_opt_seed1,-0.06337078660726547,136.75038146972656,0.8484972715377808,1.652475118637085,47.39321517944336
1460,122.60501861572266,23.686094150543212,751,16.89027214050293,0.0003,1,a2c_lr_opt_seed1,-0.29599177837371826,34.374183654785156,0.8284479379653931,-0.13926845788955688,17.468467712402344
1460,122.60501861572266,23.686094150543212,751,3.5077216625213623,0.0003,1,a2c_lr_opt_seed1,-0.3837983310222626,7.784611225128174,0.7854946851730347,0.20405936241149902,13.431841850280762
1460,122.60501861572266,23.686094150543212,751,31.606975555419922,0.0003,1,a2c_lr_opt_seed1,1.4231500625610352,60.369293212890625,0.8195858597755432,1.9904731512069702,38.285911560058594
1461,125.99496459960938,24.347150058746337,950,138.6219024658203,0.0003,1,a2c_lr_opt_seed1,-0.6681946516036987,278.58184814453125,0.8214646577835083,3.3205630779266357,110.39495086669922
1461,125.99496459960938,24.347150058746337,950,2.817251682281494,0.0003,1,a2c_lr_opt_seed1,-0.9900584816932678,7.6162638664245605,0.8217724561691284,-1.3457776308059692,32.86665344238281
1462,25.742101669311523,24.069948024749756,1001,15.46856689453125,0.0003,1,a2c_lr_opt_seed1,0.9015666246414185,29.13566017150879,0.8301391005516052,1.4080941677093506,46.99868392944336
1463,42.452911376953125,24.10131742477417,1001,6.781301021575928,0.0003,1,a2c_lr_opt_seed1,-1.077778697013855,15.719868659973145,0.8542845249176025,-1.1520822048187256,38.12255096435547
1464,45.78848648071289,22.908387966156006,1001,7.31007719039917,0.0003,1,a2c_lr_opt_seed1,0.9561818838119507,12.709510803222656,0.8600693345069885,1.5399118661880493,52.56381607055664
1464,45.78848648071289,22.908387966156006,1001,4.354078769683838,0.0003,1,a2c_lr_opt_seed1,-0.7479572892189026,10.2059965133667,0.9622044563293457,-0.7979613542556763,24.075069427490234
1464,45.78848648071289,22.908387966156006,1001,2.771322250366211,0.0003,1,a2c_lr_opt_seed1,-0.44960981607437134,6.443736553192139,0.9363001585006714,-0.212774395942688,7.780902862548828
1464,45.78848648071289,22.908387966156006,1001,3.6783218383789062,0.0003,1,a2c_lr_opt_seed1,-0.978738009929657,9.315953254699707,0.9168251752853394,-1.0378472805023193,26.130014419555664
1464,45.78848648071289,22.908387966156006,1001,1.305729627609253,0.0003,1,a2c_lr_opt_seed1,-1.1895304918289185,4.9923930168151855,0.9364293217658997,-1.0218274593353271,27.85013771057129
1464,45.78848648071289,22.908387966156006,1001,2.6368863582611084,0.0003,1,a2c_lr_opt_seed1,-0.9929948449134827,7.261668682098389,0.9532166719436646,-0.9781044721603394,28.923681259155273
1464,45.78848648071289,22.908387966156006,1001,3.078047513961792,0.0003,1,a2c_lr_opt_seed1,-1.538974404335022,9.235936164855957,0.9462517499923706,-1.5458780527114868,40.60182189941406
1464,45.78848648071289,22.908387966156006,1001,2.8263566493988037,0.0003,1,a2c_lr_opt_seed1,-0.17619869112968445,6.0070295333862305,0.9593983888626099,0.022385897114872932,8.545781135559082
1464,45.78848648071289,22.908387966156006,1001,2.229630947113037,0.0003,1,a2c_lr_opt_seed1,-0.5333640575408936,5.527910232543945,0.9601868987083435,-0.4238663613796234,11.382096290588379
1464,45.78848648071289,22.908387966156006,1001,21.564064025878906,0.0003,1,a2c_lr_opt_seed1,0.2360212802886963,42.65800094604492,0.9566650390625,0.8803162574768066,23.202436447143555
1464,45.78848648071289,22.908387966156006,1001,2.426311731338501,0.0003,1,a2c_lr_opt_seed1,-0.8235060572624207,6.501601219177246,0.9828379154205322,-0.6376144886016846,20.269271850585938
1464,45.78848648071289,22.908387966156006,1001,2.3376646041870117,0.0003,1,a2c_lr_opt_seed1,-0.13452863693237305,4.946291446685791,0.9525362253189087,-0.09021619707345963,6.544406414031982
1464,45.78848648071289,22.908387966156006,1001,4.205436706542969,0.0003,1,a2c_lr_opt_seed1,-0.48901429772377014,9.39079475402832,0.9465199112892151,-0.4935894012451172,15.306391716003418
1464,45.78848648071289,22.908387966156006,1001,3.028061628341675,0.0003,1,a2c_lr_opt_seed1,0.3263312578201294,5.4053850173950195,0.961967945098877,0.6207229495048523,13.772500038146973
1464,45.78848648071289,22.908387966156006,1001,3.9840893745422363,0.0003,1,a2c_lr_opt_seed1,-0.6904786825180054,9.351018905639648,0.9411950707435608,-0.6049647927284241,14.229201316833496
1466,21.41020965576172,16.29449644088745,1001,182.92208862304688,0.0003,1,a2c_lr_opt_seed1,0.11856986582279205,365.6086120605469,0.7984179258346558,-4.222144603729248,142.5645751953125
1466,21.41020965576172,16.29449644088745,1001,6.199057102203369,0.0003,1,a2c_lr_opt_seed1,1.0113874673843384,10.376886367797852,0.7733280658721924,1.6825149059295654,33.14384078979492
1466,21.41020965576172,16.29449644088745,1001,12.268644332885742,0.0003,1,a2c_lr_opt_seed1,1.3043267726898193,21.93035316467285,0.8588697910308838,1.5868003368377686,33.962921142578125
1466,21.41020965576172,16.29449644088745,1001,9.333020210266113,0.0003,1,a2c_lr_opt_seed1,0.050183504819869995,18.56741714477539,0.8713626265525818,0.440443217754364,23.011198043823242
1467,-7.624913215637207,15.85577610015869,1001,4.5267720222473145,0.0003,1,a2c_lr_opt_seed1,-0.07936805486679077,9.21391773223877,0.8186130523681641,0.3169812858104706,15.598984718322754
1468,-149.37152099609375,10.64731647491455,703,210.3151397705078,0.0003,1,a2c_lr_opt_seed1,0.7230143547058105,419.1860046386719,0.8688386678695679,-3.2868423461914062,137.5752716064453
1468,-149.37152099609375,10.64731647491455,703,19.779436111450195,0.0003,1,a2c_lr_opt_seed1,2.3285043239593506,34.90351104736328,0.8231175541877747,3.159660816192627,87.55557250976562
1468,-149.37152099609375,10.64731647491455,703,7.9989190101623535,0.0003,1,a2c_lr_opt_seed1,1.085942268371582,13.827713966369629,0.8803275227546692,1.1613199710845947,40.170196533203125
1469,29.879730224609375,10.388783378601074,1001,2.274831533432007,0.0003,1,a2c_lr_opt_seed1,-0.5763376951217651,5.704082489013672,0.8718371987342834,-0.49618667364120483,12.626840591430664
1469,29.879730224609375,10.388783378601074,1001,16.82067108154297,0.0003,1,a2c_lr_opt_seed1,-0.177687406539917,33.9983024597168,0.792570948600769,0.29213473200798035,14.217000007629395
1470,-117.64765930175781,7.2532037734985355,799,91.70825958251953,0.0003,1,a2c_lr_opt_seed1,0.9858106374740601,181.44651794433594,0.807500958442688,-0.26140403747558594,49.00230407714844
1470,-117.64765930175781,7.2532037734985355,799,1.6774990558624268,0.0003,1,a2c_lr_opt_seed1,-0.5785949230194092,4.513910293579102,0.8611630797386169,-0.3669963777065277,12.158186912536621
1471,103.56040954589844,7.297685585021973,1001,5.0156450271606445,0.0003,1,a2c_lr_opt_seed1,0.13833072781562805,9.756351470947266,0.8617463111877441,0.6210083365440369,26.205902099609375
1471,103.56040954589844,7.297685585021973,1001,1.3535878658294678,0.0003,1,a2c_lr_opt_seed1,-0.7405080199241638,4.189939498901367,0.8738278150558472,-0.5382454991340637,14.673810005187988
1471,103.56040954589844,7.297685585021973,1001,17.00168800354004,0.0003,1,a2c_lr_opt_seed1,0.47843390703201294,33.04823303222656,0.8611951470375061,0.9012318849563599,45.956233978271484
1472,-12.93529224395752,9.452378940582275,1001,7.531793594360352,0.0003,1,a2c_lr_opt_seed1,0.038286104798316956,14.988764762878418,0.8751342296600342,0.8910465836524963,22.371976852416992
1472,-12.93529224395752,9.452378940582275,1001,5.982126235961914,0.0003,1,a2c_lr_opt_seed1,-0.5922411680221558,13.150553703308105,0.9091839790344238,-0.08038222789764404,11.832074165344238
1472,-12.93529224395752,9.452378940582275,1001,5.328265190124512,0.0003,1,a2c_lr_opt_seed1,-0.4325239956378937,11.523405075073242,0.9132846593856812,-0.09365232288837433,3.8237361907958984
1472,-12.93529224395752,9.452378940582275,1001,5.969508171081543,0.0003,1,a2c_lr_opt_seed1,-0.32747596502304077,12.595701217651367,0.8664142489433289,0.4910133183002472,17.21713638305664
1472,-12.93529224395752,9.452378940582275,1001,2.4211320877075195,0.0003,1,a2c_lr_opt_seed1,0.13591356575489044,4.572121620178223,0.8423895239830017,0.4654970169067383,11.161396980285645
1473,137.98097229003906,11.181371097564698,619,84.19374084472656,0.0003,1,a2c_lr_opt_seed1,-1.0181255340576172,170.4255828857422,0.9257850050926208,0.7689131498336792,45.36717987060547
1473,137.98097229003906,11.181371097564698,619,21.470212936401367,0.0003,1,a2c_lr_opt_seed1,2.2413439750671387,38.45955276489258,0.9073441624641418,2.4202721118927,51.511173248291016
1473,137.98097229003906,11.181371097564698,619,5.7923808097839355,0.0003,1,a2c_lr_opt_seed1,0.59869384765625,10.389299392700195,0.9625413417816162,0.921850323677063,28.792783737182617
1473,137.98097229003906,11.181371097564698,619,2.839024782180786,0.0003,1,a2c_lr_opt_seed1,-1.0403138399124146,7.760632038116455,0.9772417545318604,-0.8725420832633972,20.397104263305664
1473,137.98097229003906,11.181371097564698,619,2.4736430644989014,0.0003,1,a2c_lr_opt_seed1,-0.1650499403476715,5.27928352355957,0.9486178755760193,-0.004994913935661316,5.820016384124756
1473,137.98097229003906,11.181371097564698,619,2.8395137786865234,0.0003,1,a2c_lr_opt_seed1,-1.539355754852295,8.75961685180664,0.9388843774795532,-1.3718595504760742,29.171310424804688
1474,-95.38585662841797,10.688267307281494,675,234.67996215820312,0.0003,1,a2c_lr_opt_seed1,-2.238426685333252,473.83856201171875,0.8859776854515076,-6.867345333099365,171.6053466796875
1475,-78.23477172851562,8.037862644195556,608,136.98976135253906,0.0003,1,a2c_lr_opt_seed1,-1.5054467916488647,276.991943359375,0.760625958442688,-3.510676145553589,92.57035064697266
1475,-78.23477172851562,8.037862644195556,608,21.242544174194336,0.0003,1,a2c_lr_opt_seed1,0.4812030792236328,41.52425003051758,0.7830923795700073,1.0564011335372925,34.323665618896484
1475,-78.23477172851562,8.037862644195556,608,11.671906471252441,0.0003,1,a2c_lr_opt_seed1,0.8080627918243408,21.729393005371094,0.8521395921707153,1.0367262363433838,47.46780014038086
1476,141.90432739257812,13.178659000396728,823,144.51510620117188,0.0003,1,a2c_lr_opt_seed1,0.32666924595832825,288.3785705566406,0.8599460124969482,4.475363731384277,124.2441177368164
1477,34.66450500488281,13.258054790496827,1001,24.059844970703125,0.0003,1,a2c_lr_opt_seed1,2.3014416694641113,43.51848220825195,0.8373266458511353,2.6586484909057617,62.000675201416016
1478,-38.936336517333984,10.607233943939208,641,167.13548278808594,0.0003,1,a2c_lr_opt_seed1,-1.0167102813720703,336.30609130859375,0.8557913303375244,-3.1160106658935547,107.33094024658203
1478,-38.936336517333984,10.607233943939208,641,5.806183338165283,0.0003,1,a2c_lr_opt_seed1,-0.3913978934288025,12.396915435791016,0.8763778209686279,-0.16818371415138245,15.35450553894043
1478,-38.936336517333984,10.607233943939208,641,2.5106923580169678,0.0003,1,a2c_lr_opt_seed1,-1.0846729278564453,7.192548751831055,0.9090907573699951,-0.99013751745224,26.44731903076172
1478,-38.936336517333984,10.607233943939208,641,2.3763017654418945,0.0003,1,a2c_lr_opt_seed1,-0.13471196591854095,5.023852348327637,0.9124758839607239,-0.06834624707698822,4.075071811676025
1478,-38.936336517333984,10.607233943939208,641,7.195695877075195,0.0003,1,a2c_lr_opt_seed1,0.34656551480293274,13.700152397155762,0.9462205171585083,0.33924221992492676,15.425817489624023
1478,-38.936336517333984,10.607233943939208,641,7.724924564361572,0.0003,1,a2c_lr_opt_seed1,-0.7071220874786377,16.865806579589844,0.8567255735397339,-0.09558919072151184,15.675360679626465
1478,-38.936336517333984,10.607233943939208,641,4.100000381469727,0.0003,1,a2c_lr_opt_seed1,0.19105485081672668,7.8195695877075195,0.8393718004226685,0.5387766361236572,13.950329780578613
1478,-38.936336517333984,10.607233943939208,641,1.9769963026046753,0.0003,1,a2c_lr_opt_seed1,-1.119062900543213,6.1938910484313965,0.886361837387085,-1.092301845550537,31.000059127807617
1479,143.89585876464844,17.215641231536864,792,95.37977600097656,0.0003,1,a2c_lr_opt_seed1,-0.40052294731140137,191.5623321533203,0.8701128959655762,1.9870529174804688,64.89887237548828
1480,77.70366668701172,18.088279247283936,1001,6.072422027587891,0.0003,1,a2c_lr_opt_seed1,0.24250739812850952,11.66158676147461,0.8787157535552979,0.5448036193847656,22.759231567382812
1480,77.70366668701172,18.088279247283936,1001,6.911870002746582,0.0003,1,a2c_lr_opt_seed1,0.9357506036758423,11.95405101776123,0.9057753682136536,1.0823595523834229,29.82562828063965
1480,77.70366668701172,18.088279247283936,1001,4.65785551071167,0.0003,1,a2c_lr_opt_seed1,-0.46190470457077026,10.241472244262695,0.9761479496955872,0.031058676540851593,15.703869819641113
1481,-150.62350463867188,14.911365261077881,790,211.52561950683594,0.0003,1,a2c_lr_opt_seed1,-2.3271546363830566,427.7073669433594,0.9223929643630981,-7.438804626464844,205.14630126953125
1481,-150.62350463867188,14.911365261077881,790,8.842803955078125,0.0003,1,a2c_lr_opt_seed1,-1.6998679637908936,21.087005615234375,0.8301739692687988,-1.9414896965026855,55.79157257080078
1481,-150.62350463867188,14.911365261077881,790,10.056293487548828,0.0003,1,a2c_lr_opt_seed1,1.174797773361206,17.76481056213379,0.9101498126983643,1.2823147773742676,40.11134719848633
1481,-150.62350463867188,14.911365261077881,790,3.3010072708129883,0.0003,1,a2c_lr_opt_seed1,-0.4314222037792206,7.466709136962891,0.9250624179840088,-0.05625230073928833,8.75977897644043
1481,-150.62350463867188,14.911365261077881,790,27.656051635742188,0.0003,1,a2c_lr_opt_seed1,1.3484811782836914,52.617042541503906,0.9507776498794556,1.6949115991592407,34.487205505371094
1481,-150.62350463867188,14.911365261077881,790,2.7079381942749023,0.0003,1,a2c_lr_opt_seed1,-1.0971198081970215,7.611952781677246,0.9184923768043518,-1.1434434652328491,29.888919830322266
1481,-150.62350463867188,14.911365261077881,790,1.5864402055740356,0.0003,1,a2c_lr_opt_seed1,-0.2684374153614044,3.711663246154785,0.9540705680847168,-0.19701576232910156,9.994938850402832
1481,-150.62350463867188,14.911365261077881,790,2.434353828430176,0.0003,1,a2c_lr_opt_seed1,-1.4615610837936401,7.7937750816345215,0.9728131890296936,-1.458593726158142,36.84254455566406
1481,-150.62350463867188,14.911365261077881,790,16.713205337524414,0.0003,1,a2c_lr_opt_seed1,1.3006370067596436,30.826969146728516,0.9155874848365784,1.4562352895736694,31.75874137878418
1481,-150.62350463867188,14.911365261077881,790,2.2546026706695557,0.0003,1,a2c_lr_opt_seed1,-1.082190990447998,6.675348281860352,0.8804346919059753,-0.8472371101379395,21.042644500732422
1481,-150.62350463867188,14.911365261077881,790,3.840569257736206,0.0003,1,a2c_lr_opt_seed1,-0.5764919519424438,8.835905075073242,0.8914756178855896,-0.6235136389732361,15.875225067138672
1481,-150.62350463867188,14.911365261077881,790,2.9677188396453857,0.0003,1,a2c_lr_opt_seed1,-1.0948913097381592,8.126832962036133,0.8062244653701782,-0.6098158955574036,19.777950286865234
1481,-150.62350463867188,14.911365261077881,790,2.7687253952026367,0.0003,1,a2c_lr_opt_seed1,-0.08380615711212158,5.706742763519287,0.8397681713104248,0.1070881262421608,6.331610202789307
1483,89.17169189453125,20.784330005645753,1001,122.0646743774414,0.0003,1,a2c_lr_opt_seed1,-0.31610435247421265,244.7631072998047,0.7756801247596741,2.919375419616699,108.54124450683594
1484,66.06916809082031,23.124259967803955,1001,8.712157249450684,0.0003,1,a2c_lr_opt_seed1,-0.014775216579437256,17.45563316345215,0.8840529322624207,0.3303299844264984,26.367589950561523
1484,66.06916809082031,23.124259967803955,1001,8.246664047241211,0.0003,1,a2c_lr_opt_seed1,0.40279707312583923,15.689461708068848,0.8643333911895752,0.7281642556190491,47.06100082397461
1484,66.06916809082031,23.124259967803955,1001,10.054593086242676,0.0003,1,a2c_lr_opt_seed1,0.9854364395141602,18.140058517456055,0.8725083470344543,1.4576010704040527,39.20555114746094
1485,-179.98233032226562,19.79334810256958,958,176.31210327148438,0.0003,1,a2c_lr_opt_seed1,-1.0426583290100098,354.7109375,0.7072771191596985,-5.470782279968262,164.69540405273438
1485,-179.98233032226562,19.79334810256958,958,12.76208782196045,0.0003,1,a2c_lr_opt_seed1,0.910454511642456,23.704809188842773,0.7714887261390686,0.40172916650772095,27.301298141479492
1485,-179.98233032226562,19.79334810256958,958,44.10964584350586,0.0003,1,a2c_lr_opt_seed1,3.3443644046783447,81.53191375732422,0.6768307685852051,3.929624319076538,101.0259017944336
1486,12.022985458374023,20.27597330093384,1001,6.200044631958008,0.0003,1,a2c_lr_opt_seed1,0.4571245312690735,11.48718547821045,0.6728003621101379,1.2572789192199707,29.460824966430664
1488,110.46820068359375,26.72533088684082,781,253.30845642089844,0.0003,1,a2c_lr_opt_seed1,1.1021552085876465,504.4140625,0.730862021446228,7.78308629989624,212.8683624267578
1488,110.46820068359375,26.72533088684082,781,19.763689041137695,0.0003,1,a2c_lr_opt_seed1,1.671034574508667,36.18705749511719,0.8728150129318237,2.092319965362549,79.07980346679688
1488,110.46820068359375,26.72533088684082,781,11.005694389343262,0.0003,1,a2c_lr_opt_seed1,0.27488553524017334,21.463497161865234,0.9397926926612854,0.5939723253250122,27.265369415283203
1488,110.46820068359375,26.72533088684082,781,1.988072395324707,0.0003,1,a2c_lr_opt_seed1,-1.1341314315795898,6.246302604675293,0.9475096464157104,-0.968819260597229,26.09834861755371
1488,110.46820068359375,26.72533088684082,781,3.818711280822754,0.0003,1,a2c_lr_opt_seed1,0.09436826407909393,7.450406074523926,0.8599240779876709,0.47577887773513794,11.03237533569336
1488,110.46820068359375,26.72533088684082,781,1.8674525022506714,0.0003,1,a2c_lr_opt_seed1,-0.5228736400604248,4.782291412353516,0.8196189403533936,-0.24999165534973145,9.086492538452148
1488,110.46820068359375,26.72533088684082,781,2.9707376956939697,0.0003,1,a2c_lr_opt_seed1,0.7007468342781067,4.541740894317627,0.8795372247695923,0.9118683338165283,22.84470558166504
1488,110.46820068359375,26.72533088684082,781,2.0807600021362305,0.0003,1,a2c_lr_opt_seed1,-0.8045154809951782,5.772531986236572,0.9903740882873535,-0.6692826747894287,15.622897148132324
1488,110.46820068359375,26.72533088684082,781,1.861718773841858,0.0003,1,a2c_lr_opt_seed1,-0.3075723350048065,4.3404388427734375,0.9283100366592407,-0.006075158715248108,5.523855209350586
1488,110.46820068359375,26.72533088684082,781,0.8539079427719116,0.0003,1,a2c_lr_opt_seed1,-0.06510131806135178,1.8398643732070923,0.9229414463043213,0.1811171919107437,4.360457897186279
1488,110.46820068359375,26.72533088684082,781,1.878053903579712,0.0003,1,a2c_lr_opt_seed1,-1.226637601852417,6.2111921310424805,0.9045853614807129,-0.8545158505439758,23.271465301513672
1490,-80.88050079345703,27.704948539733888,576,143.37417602539062,0.0003,1,a2c_lr_opt_seed1,-3.2694740295410156,293.2889404296875,0.8195527791976929,-3.575000524520874,88.88288879394531
1490,-80.88050079345703,27.704948539733888,576,2.4078733921051025,0.0003,1,a2c_lr_opt_seed1,-1.1850802898406982,7.187689781188965,0.8911380767822266,-0.9848029017448425,23.071849822998047
1490,-80.88050079345703,27.704948539733888,576,19.922897338867188,0.0003,1,a2c_lr_opt_seed1,1.2504181861877441,37.3466682434082,0.8538821339607239,1.230661153793335,30.34861946105957
1490,-80.88050079345703,27.704948539733888,576,5.985691547393799,0.0003,1,a2c_lr_opt_seed1,-0.2042948305606842,12.381509780883789,0.7684365510940552,0.5773211121559143,23.727981567382812
1490,-80.88050079345703,27.704948539733888,576,2.2494099140167236,0.0003,1,a2c_lr_opt_seed1,-0.8127685785293579,6.125802993774414,0.7231605052947998,-0.39662379026412964,14.315954208374023
1491,145.45559692382812,31.253477363586427,640,156.87411499023438,0.0003,1,a2c_lr_opt_seed1,0.936678409576416,311.87640380859375,0.7596465349197388,6.0541205406188965,189.07240295410156
1491,145.45559692382812,31.253477363586427,640,26.093080520629883,0.0003,1,a2c_lr_opt_seed1,1.1718475818634033,49.84419250488281,0.8645288944244385,1.520141363143921,30.33489227294922
1491,145.45559692382812,31.253477363586427,640,4.548569202423096,0.0003,1,a2c_lr_opt_seed1,-0.4184035062789917,9.935620307922363,0.8371376395225525,-0.3664897680282593,11.321805953979492
1491,145.45559692382812,31.253477363586427,640,4.052282810211182,0.0003,1,a2c_lr_opt_seed1,-0.24732546508312225,8.60101318359375,0.8983930945396423,-0.3924296498298645,15.034469604492188
1491,145.45559692382812,31.253477363586427,640,1.1898884773254395,0.0003,1,a2c_lr_opt_seed1,-0.5863273739814758,3.554199457168579,0.8838257193565369,-0.546093761920929,12.467147827148438
1491,145.45559692382812,31.253477363586427,640,14.902801513671875,0.0003,1,a2c_lr_opt_seed1,-2.3982152938842773,34.60373306274414,0.8498479127883911,-2.7624192237854004,60.73503112792969
1493,-69.34977722167969,25.84849136352539,716,180.6964874267578,0.0003,1,a2c_lr_opt_seed1,-2.9246327877044678,367.2438049316406,0.7756240367889404,-5.437613487243652,141.16246032714844
1494,73.7435073852539,26.595642700195313,1001,4.431445598602295,0.0003,1,a2c_lr_opt_seed1,-0.3557729423046112,9.575976371765137,0.7695320248603821,-0.48119398951530457,11.410529136657715
1495,61.41661834716797,26.30417495727539,1001,8.914769172668457,0.0003,1,a2c_lr_opt_seed1,-0.23852784931659698,18.308391571044922,0.8982102274894714,-0.32011720538139343,14.07705020904541
1495,61.41661834716797,26.30417495727539,1001,15.652047157287598,0.0003,1,a2c_lr_opt_seed1,1.4958834648132324,28.314165115356445,0.9184494018554688,1.5821086168289185,65.10891723632812
1495,61.41661834716797,26.30417495727539,1001,5.934788227081299,0.0003,1,a2c_lr_opt_seed1,1.0650639533996582,9.741230964660645,0.8911047577857971,1.438946008682251,45.0211181640625
1495,61.41661834716797,26.30417495727539,1001,2.0186376571655273,0.0003,1,a2c_lr_opt_seed1,-1.3967921733856201,6.83271598815918,0.9281504154205322,-1.3507840633392334,38.833961486816406
1495,61.41661834716797,26.30417495727539,1001,2.999234914779663,0.0003,1,a2c_lr_opt_seed1,-0.4435969591140747,6.8874359130859375,0.8861971497535706,-0.4996401369571686,14.371252059936523
1495,61.41661834716797,26.30417495727539,1001,1.253751277923584,0.0003,1,a2c_lr_opt_seed1,-0.646669864654541,3.802701473236084,0.9295930862426758,-0.4507831931114197,13.974327087402344
1496,75.66545104980469,30.140213317871094,1001,10.689422607421875,0.0003,1,a2c_lr_opt_seed1,-0.49661266803741455,22.373931884765625,0.9308200478553772,-0.5055867433547974,15.65889835357666
1496,75.66545104980469,30.140213317871094,1001,2.8466577529907227,0.0003,1,a2c_lr_opt_seed1,-1.5677518844604492,8.830721855163574,0.9513623118400574,-1.6860311031341553,42.54764938354492
1496,75.66545104980469,30.140213317871094,1001,7.800701141357422,0.0003,1,a2c_lr_opt_seed1,-0.6220402121543884,16.847352981567383,0.9349154233932495,-0.5257165431976318,25.950014114379883
1496,75.66545104980469,30.140213317871094,1001,4.388591766357422,0.0003,1,a2c_lr_opt_seed1,-0.1045331060886383,8.987909317016602,0.8295116424560547,0.28989067673683167,10.682706832885742
1496,75.66545104980469,30.140213317871094,1001,6.047531604766846,0.0003,1,a2c_lr_opt_seed1,-0.30337297916412354,12.70370864868164,0.9500225186347961,0.10762130469083786,27.285995483398438
1496,75.66545104980469,30.140213317871094,1001,3.3648717403411865,0.0003,1,a2c_lr_opt_seed1,-0.744038462638855,8.219725608825684,0.9524605870246887,-0.6564465165138245,16.23823356628418
1496,75.66545104980469,30.140213317871094,1001,1.2951444387435913,0.0003,1,a2c_lr_opt_seed1,-0.8409469723701477,4.2739152908325195,0.866345226764679,-0.7116079330444336,20.43389892578125
1496,75.66545104980469,30.140213317871094,1001,10.618158340454102,0.0003,1,a2c_lr_opt_seed1,-0.20045006275177002,21.638986587524414,0.8853288888931274,-0.013947367668151855,21.167314529418945
1496,75.66545104980469,30.140213317871094,1001,2.9698760509490967,0.0003,1,a2c_lr_opt_seed1,0.25970977544784546,5.422123432159424,0.8955495953559875,0.503929615020752,12.335714340209961
1496,75.66545104980469,30.140213317871094,1001,1.524640440940857,0.0003,1,a2c_lr_opt_seed1,-0.8192713260650635,4.689577579498291,0.877044141292572,-0.6922450065612793,20.0775203704834
1496,75.66545104980469,30.140213317871094,1001,1.0759375095367432,0.0003,1,a2c_lr_opt_seed1,-0.18794317543506622,2.529470682144165,0.8546059131622314,-0.10502126067876816,4.045860290527344
1496,75.66545104980469,30.140213317871094,1001,2.400167942047119,0.0003,1,a2c_lr_opt_seed1,-0.0009384467266499996,4.804030418395996,0.9088000059127808,0.05361219868063927,4.348803520202637
1498,31.75426483154297,26.57937120437622,1001,13.368712425231934,0.0003,1,a2c_lr_opt_seed1,0.7948440909385681,25.14949607849121,0.8795949220657349,1.1809715032577515,24.159854888916016
1498,31.75426483154297,26.57937120437622,1001,25.67805290222168,0.0003,1,a2c_lr_opt_seed1,1.5996267795562744,48.15859603881836,0.8717175722122192,1.9289348125457764,43.57535934448242
1498,31.75426483154297,26.57937120437622,1001,22.673419952392578,0.0003,1,a2c_lr_opt_seed1,1.2848360538482666,42.778892517089844,0.8613795042037964,2.1703720092773438,75.42874908447266
1498,31.75426483154297,26.57937120437622,1001,8.801900863647461,0.0003,1,a2c_lr_opt_seed1,-0.4786444902420044,18.56279754638672,0.853591799736023,-0.1478564739227295,21.065948486328125
1498,31.75426483154297,26.57937120437622,1001,2.780766487121582,0.0003,1,a2c_lr_opt_seed1,-0.7054400444030762,6.974247932434082,0.9174055457115173,-0.8043195605278015,19.513011932373047
1498,31.75426483154297,26.57937120437622,1001,3.0736076831817627,0.0003,1,a2c_lr_opt_seed1,-0.3069723844528198,6.763049602508545,0.9449080228805542,-0.32320699095726013,8.017585754394531
1499,57.456809997558594,24.69458650588989,1001,3.5510592460632324,0.0003,1,a2c_lr_opt_seed1,-1.070688247680664,9.245211601257324,0.858345091342926,-1.3792134523391724,42.96802520751953
1499,57.456809997558594,24.69458650588989,1001,22.427396774291992,0.0003,1,a2c_lr_opt_seed1,0.3947310745716095,44.067039489746094,0.854576587677002,0.09421172738075256,45.884544372558594
1499,57.456809997558594,24.69458650588989,1001,5.2991156578063965,0.0003,1,a2c_lr_opt_seed1,-1.1924142837524414,12.984865188598633,0.9025297164916992,-1.2254877090454102,31.1207332611084
1499,57.456809997558594,24.69458650588989,1001,5.40317440032959,0.0003,1,a2c_lr_opt_seed1,-0.5708637237548828,11.949902534484863,0.913172721862793,-0.6230790615081787,17.532894134521484
1499,57.456809997558594,24.69458650588989,1001,4.47572135925293,0.0003,1,a2c_lr_opt_seed1,-1.3219997882843018,11.59725570678711,0.9070201516151428,-1.2742385864257812,33.157318115234375
1501,-37.476356506347656,23.007640171051026,1001,15.848504066467285,0.0003,1,a2c_lr_opt_seed1,0.8013800382614136,30.09597396850586,0.8634575605392456,1.6987272500991821,55.51103591918945
1502,-43.946693420410156,19.569526767730714,1001,19.21626091003418,0.0003,1,a2c_lr_opt_seed1,-0.06260807812213898,38.55948257446289,0.8713876008987427,-0.30712512135505676,31.471647262573242
1503,-65.90557861328125,17.092587299346924,1001,6.604652404785156,0.0003,1,a2c_lr_opt_seed1,-0.15945829451084137,13.529864311218262,0.8213752508163452,0.4596590995788574,17.618911743164062
1503,-65.90557861328125,17.092587299346924,1001,6.936018943786621,0.0003,1,a2c_lr_opt_seed1,0.5915774703025818,12.690750122070312,0.9336047768592834,0.6981657147407532,28.871265411376953
1503,-65.90557861328125,17.092587299346924,1001,10.83966064453125,0.0003,1,a2c_lr_opt_seed1,0.8609721064567566,19.959239959716797,0.931307315826416,1.1868716478347778,42.88962936401367
1503,-65.90557861328125,17.092587299346924,1001,2.02467679977417,0.0003,1,a2c_lr_opt_seed1,-0.7972287535667419,5.6456475257873535,0.9181212186813354,-0.765068531036377,22.17207145690918
1503,-65.90557861328125,17.092587299346924,1001,11.930795669555664,0.0003,1,a2c_lr_opt_seed1,0.04554581642150879,23.772350311279297,0.9250589609146118,0.4562869071960449,16.036890029907227
1503,-65.90557861328125,17.092587299346924,1001,5.974701881408691,0.0003,1,a2c_lr_opt_seed1,-0.1404407024383545,12.232069969177246,0.8926070332527161,0.4811835289001465,19.680145263671875
1504,-24.257116317749023,14.348815212249756,1001,2.554123640060425,0.0003,1,a2c_lr_opt_seed1,-0.6172409653663635,6.344576835632324,0.923932671546936,-0.44401198625564575,15.047703742980957
1504,-24.257116317749023,14.348815212249756,1001,4.231966972351074,0.0003,1,a2c_lr_opt_seed1,-0.6676486730575562,9.800968170166016,0.8681887984275818,-0.25742506980895996,9.447068214416504
1504,-24.257116317749023,14.348815212249756,1001,4.451632976531982,0.0003,1,a2c_lr_opt_seed1,0.39022260904312134,8.12469482421875,0.9369930028915405,0.8684903979301453,20.248682022094727
1505,-141.2403564453125,10.770295696258545,715,196.70614624023438,0.0003,1,a2c_lr_opt_seed1,-2.2691221237182617,397.95233154296875,0.9065686464309692,-6.6678619384765625,180.64453125
1505,-141.2403564453125,10.770295696258545,715,3.6339049339294434,0.0003,1,a2c_lr_opt_seed1,-0.3471388816833496,7.9639363288879395,0.9242473840713501,-0.04815857112407684,9.597565650939941
1505,-141.2403564453125,10.770295696258545,715,19.00369644165039,0.0003,1,a2c_lr_opt_seed1,1.0749517679214478,35.859230041503906,0.8691746592521667,2.0543456077575684,51.90229034423828
1505,-141.2403564453125,10.770295696258545,715,2.298753023147583,0.0003,1,a2c_lr_opt_seed1,-0.07105296850204468,4.741352558135986,0.8701091408729553,0.2451346516609192,12.739548683166504
1505,-141.2403564453125,10.770295696258545,715,17.030447006225586,0.0003,1,a2c_lr_opt_seed1,1.067570447921753,31.92745590209961,0.8512210845947266,1.568660020828247,33.22854995727539
1505,-141.2403564453125,10.770295696258545,715,19.672298431396484,0.0003,1,a2c_lr_opt_seed1,1.4330745935440063,36.48019027709961,0.8721294403076172,1.438262939453125,30.119897842407227
1505,-141.2403564453125,10.770295696258545,715,1.178012490272522,0.0003,1,a2c_lr_opt_seed1,-0.2872903645038605,2.9323835372924805,0.8889868259429932,-0.13349415361881256,4.117114067077637
1505,-141.2403564453125,10.770295696258545,715,0.867656409740448,0.0003,1,a2c_lr_opt_seed1,-0.4455210268497467,2.6281259059906006,0.885572075843811,-0.3160589635372162,7.089890003204346
1505,-141.2403564453125,10.770295696258545,715,1.8314838409423828,0.0003,1,a2c_lr_opt_seed1,0.01954733394086361,3.625706911087036,0.9169644713401794,0.3616844713687897,8.898192405700684
1505,-141.2403564453125,10.770295696258545,715,23.213930130004883,0.0003,1,a2c_lr_opt_seed1,0.30241820216178894,45.824867248535156,0.9204834699630737,0.9554988741874695,22.252910614013672
1506,79.72762298583984,11.448759441375733,1001,20.348289489746094,0.0003,1,a2c_lr_opt_seed1,1.15474271774292,38.38861846923828,0.7623500823974609,2.1612300872802734,46.89023208618164
1506,79.72762298583984,11.448759441375733,1001,21.35010528564453,0.0003,1,a2c_lr_opt_seed1,1.2946910858154297,40.11235046386719,0.7619110941886902,1.9708596467971802,42.881168365478516
1507,156.7926025390625,13.971327571868896,663,94.56553649902344,0.0003,1,a2c_lr_opt_seed1,-0.1336125135421753,189.39990234375,0.7992569208145142,2.0824315547943115,67.82719421386719
1507,156.7926025390625,13.971327571868896,663,20.630409240722656,0.0003,1,a2c_lr_opt_seed1,1.4277230501174927,38.407047271728516,0.8377439379692078,1.7461200952529907,77.53308868408203
1507,156.7926025390625,13.971327571868896,663,30.856182098388672,0.0003,1,a2c_lr_opt_seed1,0.22384421527385712,61.26628112792969,0.8033246397972107,0.04509031027555466,35.92962646484375
1509,72.18590545654297,15.930214557647705,1001,124.14569854736328,0.0003,1,a2c_lr_opt_seed1,-0.38453561067581177,249.06175231933594,0.6404170393943787,-2.0823822021484375,68.35546112060547
1509,72.18590545654297,15.930214557647705,1001,6.789129257202148,0.0003,1,a2c_lr_opt_seed1,0.6281227469444275,12.323423385620117,0.705093264579773,1.1213644742965698,33.765419006347656
1510,117.57794189453125,15.829673023223878,651,176.09109497070312,0.0003,1,a2c_lr_opt_seed1,0.8633588552474976,350.4570007324219,0.760582447052002,6.603744983673096,196.82740783691406
1510,117.57794189453125,15.829673023223878,651,5.906505584716797,0.0003,1,a2c_lr_opt_seed1,0.6721405982971191,10.470332145690918,0.801281213760376,1.211487889289856,43.047428131103516
1510,117.57794189453125,15.829673023223878,651,6.157176971435547,0.0003,1,a2c_lr_opt_seed1,0.6857810616493225,10.944509506225586,0.8586230278015137,0.9414580464363098,38.138118743896484
1511,63.96009826660156,14.58897569656372,1001,5.7366838455200195,0.0003,1,a2c_lr_opt_seed1,0.5120474696159363,10.450865745544434,0.7961384654045105,0.7240015268325806,31.286710739135742
1512,54.74583053588867,15.169050273895264,1001,5.375148296356201,0.0003,1,a2c_lr_opt_seed1,-1.2971707582473755,13.34626579284668,0.8139774203300476,-0.9590672850608826,27.77586555480957
1513,19.949703216552734,14.718986110687256,1001,37.89362335205078,0.0003,1,a2c_lr_opt_seed1,3.321411609649658,69.14620208740234,0.8885873556137085,4.655825138092041,136.4816436767578
1513,19.949703216552734,14.718986110687256,1001,11.193140029907227,0.0003,1,a2c_lr_opt_seed1,0.758861780166626,20.870386123657227,0.9148687720298767,1.1449947357177734,38.136741638183594
1513,19.949703216552734,14.718986110687256,1001,3.749376058578491,0.0003,1,a2c_lr_opt_seed1,-1.1701738834381104,9.840882301330566,0.8912991881370544,-1.0597121715545654,25.81234359741211
1513,19.949703216552734,14.718986110687256,1001,1.6863508224487305,0.0003,1,a2c_lr_opt_seed1,-0.31795111298561096,4.010446548461914,0.9214195013046265,-0.1403077244758606,5.875760078430176
1513,19.949703216552734,14.718986110687256,1001,1.9432623386383057,0.0003,1,a2c_lr_opt_seed1,-1.565473198890686,7.019308090209961,0.9184844493865967,-1.5089889764785767,34.26228713989258
1513,19.949703216552734,14.718986110687256,1001,18.303390502929688,0.0003,1,a2c_lr_opt_seed1,-0.11924868822097778,36.84709930419922,0.9089929461479187,-0.6515321135520935,22.652917861938477
1514,-105.37468719482422,11.695722637176514,572,96.35083770751953,0.0003,1,a2c_lr_opt_seed1,-0.37678056955337524,193.45693969726562,0.8529157042503357,-0.9675002098083496,50.5347900390625
1514,-105.37468719482422,11.695722637176514,572,2.9404683113098145,0.0003,1,a2c_lr_opt_seed1,-0.5741994976997375,7.031038284301758,0.8512902855873108,-0.32922735810279846,10.495001792907715
1515,-40.99118423461914,14.386780910491943,498,214.8660888671875,0.0003,1,a2c_lr_opt_seed1,-0.8454638719558716,431.42462158203125,0.7557697892189026,-5.769670486450195,163.04168701171875
1515,-40.99118423461914,14.386780910491943,498,3.337599515914917,0.0003,1,a2c_lr_opt_seed1,-1.0422234535217285,8.76132869720459,0.8413524031639099,-0.23747166991233826,26.21410369873047
1515,-40.99118423461914,14.386780910491943,498,1.4173673391342163,0.0003,1,a2c_lr_opt_seed1,-1.4786269664764404,5.7935967445373535,0.8040143251419067,-1.1608935594558716,32.12895965576172
1516,150.49185180664062,16.968413753509523,585,151.3746337890625,0.0003,1,a2c_lr_opt_seed1,-0.02874349057674408,302.80828857421875,0.7600049376487732,4.8890228271484375,154.92095947265625
1516,150.49185180664062,16.968413753509523,585,2.5791525840759277,0.0003,1,a2c_lr_opt_seed1,-1.204197645187378,7.5684990882873535,0.8991988301277161,-0.9732757210731506,24.246410369873047
1516,150.49185180664062,16.968413753509523,585,3.4593122005462646,0.0003,1,a2c_lr_opt_seed1,-0.5576781630516052,8.035684585571289,0.8519147038459778,-0.30667442083358765,13.899918556213379
1516,150.49185180664062,16.968413753509523,585,3.1391513347625732,0.0003,1,a2c_lr_opt_seed1,-0.6859807372093201,7.652009010314941,0.8722995519638062,-0.7761539220809937,22.251813888549805
1516,150.49185180664062,16.968413753509523,585,5.868642330169678,0.0003,1,a2c_lr_opt_seed1,-0.13816630840301514,12.01553726196289,0.9597190618515015,-0.11856887489557266,13.322571754455566
1516,150.49185180664062,16.968413753509523,585,8.92939281463623,0.0003,1,a2c_lr_opt_seed1,-0.5381307005882263,18.93687629699707,0.9145382642745972,-0.3558189868927002,19.489450454711914
1516,150.49185180664062,16.968413753509523,585,35.119712829589844,0.0003,1,a2c_lr_opt_seed1,3.612534999847412,63.01605224609375,0.8473769426345825,2.946661949157715,60.6422004699707
1516,150.49185180664062,16.968413753509523,585,5.277927398681641,0.0003,1,a2c_lr_opt_seed1,-0.07568755745887756,10.708921432495117,0.8461112976074219,0.0778159499168396,11.734075546264648
1517,-93.74284362792969,15.246055145263671,652,134.8164520263672,0.0003,1,a2c_lr_opt_seed1,-2.8501737117767334,275.3348083496094,0.7770570516586304,-4.212594032287598,125.11046600341797
1517,-93.74284362792969,15.246055145263671,652,1.1310420036315918,0.0003,1,a2c_lr_opt_seed1,-0.24936163425445557,2.762444019317627,0.81839519739151,-0.12635833024978638,7.9051995277404785
1518,108.15274810791016,20.39654052734375,1001,2.1211915016174316,0.0003,1,a2c_lr_opt_seed1,-0.3534472584724426,4.950841903686523,0.7822132706642151,-0.2922118008136749,8.468585968017578
1518,108.15274810791016,20.39654052734375,1001,1.9329575300216675,0.0003,1,a2c_lr_opt_seed1,-0.3079073131084442,4.483389854431152,0.8300268650054932,-0.4013890027999878,10.322532653808594
1518,108.15274810791016,20.39654052734375,1001,3.29909348487854,0.0003,1,a2c_lr_opt_seed1,-0.09145712852478027,6.782829761505127,0.8641630411148071,0.09877054393291473,16.38355255126953
1518,108.15274810791016,20.39654052734375,1001,1.8324437141418457,0.0003,1,a2c_lr_opt_seed1,0.0962081253528595,3.4741547107696533,0.8417767286300659,0.23687441647052765,11.753506660461426
1518,108.15274810791016,20.39654052734375,1001,2.440276861190796,0.0003,1,a2c_lr_opt_seed1,-1.433451533317566,7.749091148376465,0.8170105814933777,-1.6428605318069458,39.88161849975586
1518,108.15274810791016,20.39654052734375,1001,3.9129745960235596,0.0003,1,a2c_lr_opt_seed1,-1.2535557746887207,10.334674835205078,0.8070406913757324,-1.2686069011688232,27.78531265258789
1519,46.38542938232422,20.726654510498047,1001,10.067110061645508,0.0003,1,a2c_lr_opt_seed1,1.0772682428359985,17.981285095214844,0.8011404275894165,1.1047569513320923,22.15990447998047
1519,46.38542938232422,20.726654510498047,1001,22.528076171875,0.0003,1,a2c_lr_opt_seed1,1.5438891649246216,41.96997833251953,0.8030706644058228,1.859510064125061,41.825252532958984
1519,46.38542938232422,20.726654510498047,1001,4.075018405914307,0.0003,1,a2c_lr_opt_seed1,0.5654845237731934,7.020619869232178,0.7759367227554321,0.635789692401886,23.37674903869629
1520,116.45710754394531,25.40874984741211,1001,2.4803953170776367,0.0003,1,a2c_lr_opt_seed1,-0.16384416818618774,5.290053844451904,0.7875520586967468,0.013253895565867424,4.673901557922363
1522,122.04168701171875,27.184547061920167,731,170.33795166015625,0.0003,1,a2c_lr_opt_seed1,1.5923798084259033,337.4927673339844,0.8086200952529907,6.30727481842041,176.27490234375
1522,122.04168701171875,27.184547061920167,731,10.640189170837402,0.0003,1,a2c_lr_opt_seed1,-0.045251283794641495,21.37230682373047,0.7129330635070801,0.47305378317832947,17.063884735107422
1522,122.04168701171875,27.184547061920167,731,6.194031238555908,0.0003,1,a2c_lr_opt_seed1,0.8894685506820679,10.61083698272705,0.8558470606803894,1.0480740070343018,34.330142974853516
1522,122.04168701171875,27.184547061920167,731,4.6706438064575195,0.0003,1,a2c_lr_opt_seed1,0.1682712286710739,9.006477355957031,0.8660199046134949,0.31196191906929016,14.60197639465332
1522,122.04168701171875,27.184547061920167,731,3.872204542160034,0.0003,1,a2c_lr_opt_seed1,0.2469228059053421,7.25227165222168,0.854019284248352,0.2975817918777466,13.026405334472656
1522,122.04168701171875,27.184547061920167,731,1.8023655414581299,0.0003,1,a2c_lr_opt_seed1,-1.4587479829788208,6.52393102645874,0.8519502878189087,-1.251587152481079,32.50088119506836
1523,20.03276252746582,24.8255828666687,1001,3.8392703533172607,0.0003,1,a2c_lr_opt_seed1,-0.7392153739929199,9.158666610717773,0.8475450873374939,-0.6311148405075073,19.375764846801758
1523,20.03276252746582,24.8255828666687,1001,10.14469051361084,0.0003,1,a2c_lr_opt_seed1,1.179688811302185,17.931659698486328,0.8278089761734009,1.4979674816131592,54.13454055786133
1523,20.03276252746582,24.8255828666687,1001,8.531766891479492,0.0003,1,a2c_lr_opt_seed1,0.6279706358909607,15.809354782104492,0.8807412981987,0.937529444694519,35.6044921875
1523,20.03276252746582,24.8255828666687,1001,16.702611923217773,0.0003,1,a2c_lr_opt_seed1,1.4663612842559814,30.474323272705078,0.9110250473022461,1.5234864950180054,33.130638122558594
1524,-140.10025024414062,23.931294994354246,650,257.46337890625,0.0003,1,a2c_lr_opt_seed1,-1.6655412912368774,518.2593994140625,0.779567539691925,-6.749330043792725,206.55197143554688
1525,18.428041458129883,25.864551258087157,1001,9.633295059204102,0.0003,1,a2c_lr_opt_seed1,0.16879278421401978,18.930715560913086,0.8555185198783875,0.2617037296295166,16.380971908569336
1525,18.428041458129883,25.864551258087157,1001,11.36642074584961,0.0003,1,a2c_lr_opt_seed1,0.3397147059440613,22.05521011352539,0.8990653157234192,1.143280029296875,47.10950469970703
1525,18.428041458129883,25.864551258087157,1001,1.3660904169082642,0.0003,1,a2c_lr_opt_seed1,-0.3925994038581848,3.5192317962646484,0.9261716604232788,-0.19988813996315002,9.06112289428711
1525,18.428041458129883,25.864551258087157,1001,0.8997297883033752,0.0003,1,a2c_lr_opt_seed1,0.13762415945529938,1.5259524583816528,0.8705915212631226,0.2658412754535675,6.352077007293701
1525,18.428041458129883,25.864551258087157,1001,3.486532688140869,0.0003,1,a2c_lr_opt_seed1,-0.586063802242279,8.147032737731934,0.919854462146759,-0.43243202567100525,11.638069152832031
1525,18.428041458129883,25.864551258087157,1001,33.21833419799805,0.0003,1,a2c_lr_opt_seed1,-0.4505281448364258,67.33940887451172,0.8443732261657715,-1.0500028133392334,31.85736083984375
1525,18.428041458129883,25.864551258087157,1001,27.40513801574707,0.0003,1,a2c_lr_opt_seed1,0.9642173051834106,52.883426666259766,0.7937936782836914,2.891704797744751,65.55094909667969
1525,18.428041458129883,25.864551258087157,1001,8.418719291687012,0.0003,1,a2c_lr_opt_seed1,0.35132527351379395,16.136335372924805,0.7730743885040283,0.6784763336181641,17.846481323242188
1527,46.2307243347168,25.691538944244385,1001,160.2955322265625,0.0003,1,a2c_lr_opt_seed1,0.11678694188594818,320.35894775390625,0.7252101898193359,5.122063159942627,169.6343536376953
1527,46.2307243347168,25.691538944244385,1001,11.770474433898926,0.0003,1,a2c_lr_opt_seed1,0.5142490267753601,22.514013290405273,0.781098484992981,0.7703567743301392,21.14376449584961
1528,-24.015602111816406,25.989953632354737,473,90.03507232666016,0.0003,1,a2c_lr_opt_seed1,0.3738824725151062,179.323974609375,0.7986779808998108,0.7561852931976318,56.75273895263672
1528,-24.015602111816406,25.989953632354737,473,1.4390435218811035,0.0003,1,a2c_lr_opt_seed1,-0.062055379152297974,3.003801107406616,0.8017132878303528,-0.06225299835205078,9.239152908325195
1528,-24.015602111816406,25.989953632354737,473,2.675532579421997,0.0003,1,a2c_lr_opt_seed1,0.3859107792377472,4.580916404724121,0.8362607359886169,0.5110425353050232,18.9130859375
1528,-24.015602111816406,25.989953632354737,473,1.5428879261016846,0.0003,1,a2c_lr_opt_seed1,-0.5025891661643982,4.092596530914307,0.8211516737937927,-0.4155873656272888,15.35312271118164
1528,-24.015602111816406,25.989953632354737,473,1.5661176443099976,0.0003,1,a2c_lr_opt_seed1,-0.40655145049095154,3.9470221996307373,0.8419499397277832,-0.30471715331077576,9.215118408203125
1528,-24.015602111816406,25.989953632354737,473,1.6429343223571777,0.0003,1,a2c_lr_opt_seed1,-0.446649968624115,4.180879592895508,0.8554171919822693,-0.37161511182785034,10.326332092285156
1528,-24.015602111816406,25.989953632354737,473,8.562579154968262,0.0003,1,a2c_lr_opt_seed1,-1.033421516418457,19.19369125366211,0.8450515270233154,-1.1569504737854004,36.73442459106445
1528,-24.015602111816406,25.989953632354737,473,3.1367814540863037,0.0003,1,a2c_lr_opt_seed1,-0.10218450427055359,6.479670524597168,0.8692463040351868,-0.2198205590248108,5.545344829559326
1528,-24.015602111816406,25.989953632354737,473,1.4678068161010742,0.0003,1,a2c_lr_opt_seed1,-0.2441820502281189,3.425585985183716,0.8042131662368774,-0.11677528917789459,6.2543110847473145
1529,71.11981964111328,24.534432849884034,1001,6.54720401763916,0.0003,1,a2c_lr_opt_seed1,-0.25872960686683655,13.613551139831543,0.8419284820556641,-0.3943929076194763,15.042332649230957
1531,79.97528839111328,28.031057567596434,1001,12.175561904907227,0.0003,1,a2c_lr_opt_seed1,-0.025802239775657654,24.40435791015625,0.8142130374908447,0.8075532913208008,43.65627670288086
1531,79.97528839111328,28.031057567596434,1001,13.901444435119629,0.0003,1,a2c_lr_opt_seed1,0.5379776358604431,26.728761672973633,0.9134320020675659,1.0545638799667358,45.58211135864258
1531,79.97528839111328,28.031057567596434,1001,22.299734115600586,0.0003,1,a2c_lr_opt_seed1,0.9381480813026428,42.72499465942383,0.9114012122154236,1.1710338592529297,45.98005676269531
1531,79.97528839111328,28.031057567596434,1001,10.7204008102417,0.0003,1,a2c_lr_opt_seed1,0.48144394159317017,20.479825973510742,0.956697940826416,0.5927755236625671,15.83253002166748
1531,79.97528839111328,28.031057567596434,1001,1.7737927436828613,0.0003,1,a2c_lr_opt_seed1,-1.3541663885116577,6.257760047912598,0.9208726286888123,-1.141937494277954,31.99942970275879
1531,79.97528839111328,28.031057567596434,1001,11.621286392211914,0.0003,1,a2c_lr_opt_seed1,0.17193961143493652,22.900476455688477,0.8916128873825073,0.7537049651145935,22.694805145263672
1531,79.97528839111328,28.031057567596434,1001,3.6133124828338623,0.0003,1,a2c_lr_opt_seed1,-1.0540134906768799,9.336380004882812,0.8640272617340088,-0.9176307916641235,21.819480895996094
1531,79.97528839111328,28.031057567596434,1001,7.2873454093933105,0.0003,1,a2c_lr_opt_seed1,-0.781095564365387,16.138708114624023,0.9133238196372986,-1.0942344665527344,29.45461654663086
1531,79.97528839111328,28.031057567596434,1001,6.375685214996338,0.0003,1,a2c_lr_opt_seed1,-0.3910522758960724,13.535209655761719,0.8671355247497559,-0.21010863780975342,14.54037857055664
1531,79.97528839111328,28.031057567596434,1001,4.590238094329834,0.0003,1,a2c_lr_opt_seed1,0.14275147020816803,8.896705627441406,0.8661994338035583,0.3804403841495514,15.267065048217773
1531,79.97528839111328,28.031057567596434,1001,4.000064373016357,0.0003,1,a2c_lr_opt_seed1,-0.4778587222099304,8.957662582397461,0.90843266248703,-0.5252377390861511,14.758323669433594
1532,53.07423400878906,26.879155712127684,1001,6.837814807891846,0.0003,1,a2c_lr_opt_seed1,0.021751292049884796,13.633993148803711,0.9332414865493774,-0.05945589393377304,13.47128963470459
1533,32.757503509521484,25.75087194442749,1001,8.93179702758789,0.0003,1,a2c_lr_opt_seed1,0.15093475580215454,17.5635929107666,0.9346177577972412,0.5830058455467224,24.3114070892334
1533,32.757503509521484,25.75087194442749,1001,7.226695537567139,0.0003,1,a2c_lr_opt_seed1,0.7327774167060852,12.989813804626465,0.9888748526573181,0.6890010237693787,18.708240509033203
1533,32.757503509521484,25.75087194442749,1001,3.700589418411255,0.0003,1,a2c_lr_opt_seed1,-0.3934266269207001,8.18995189666748,0.9599576592445374,-0.4065530002117157,12.55266284942627
1533,32.757503509521484,25.75087194442749,1001,2.6989574432373047,0.0003,1,a2c_lr_opt_seed1,-0.003947541117668152,5.407734394073486,0.9622301459312439,0.08056710660457611,4.619985580444336
1533,32.757503509521484,25.75087194442749,1001,1.6756383180618286,0.0003,1,a2c_lr_opt_seed1,-0.889970600605011,5.133021831512451,0.9020261764526367,-0.6708858013153076,18.39669418334961
1533,32.757503509521484,25.75087194442749,1001,4.67356538772583,0.0003,1,a2c_lr_opt_seed1,-0.9778200387954712,11.30459976196289,0.9143699407577515,-0.7836161851882935,24.7830753326416
1533,32.757503509521484,25.75087194442749,1001,4.328456401824951,0.0003,1,a2c_lr_opt_seed1,0.01022610068321228,8.638212203979492,0.8760931491851807,0.15075355768203735,8.301876068115234
1535,-35.57932662963867,28.433040142059326,1001,182.9029083251953,0.0003,1,a2c_lr_opt_seed1,0.6284096240997314,364.55059814453125,0.7944490313529968,6.256183624267578,187.70375061035156
1535,-35.57932662963867,28.433040142059326,1001,8.269113540649414,0.0003,1,a2c_lr_opt_seed1,-0.10747066885232925,16.75459861755371,0.7148460745811462,-0.2068336308002472,21.39139747619629
1536,-46.505489349365234,27.262470645904543,1001,21.388042449951172,0.0003,1,a2c_lr_opt_seed1,0.3565509021282196,42.064762115478516,0.8889485597610474,1.2988948822021484,56.45479965209961
1536,-46.505489349365234,27.262470645904543,1001,14.766707420349121,0.0003,1,a2c_lr_opt_seed1,1.1858891248703003,27.163476943969727,0.9207021594047546,1.7383239269256592,56.24020004272461
1536,-46.505489349365234,27.262470645904543,1001,3.533634901046753,0.0003,1,a2c_lr_opt_seed1,0.03214387595653534,7.004894256591797,0.9561325311660767,0.153108149766922,12.189988136291504
1536,-46.505489349365234,27.262470645904543,1001,5.930016994476318,0.0003,1,a2c_lr_opt_seed1,-1.8930649757385254,15.648086547851562,0.9613001942634583,-1.829437017440796,53.56633377075195
1536,-46.505489349365234,27.262470645904543,1001,15.36976432800293,0.0003,1,a2c_lr_opt_seed1,-1.0825921297073364,32.90653610229492,0.9119476079940796,0.2137468159198761,14.628032684326172
1536,-46.505489349365234,27.262470645904543,1001,4.889512062072754,0.0003,1,a2c_lr_opt_seed1,-0.9645355939865112,11.709681510925293,0.7930628061294556,-0.5986514091491699,27.065929412841797
1536,-46.505489349365234,27.262470645904543,1001,3.9115004539489746,0.0003,1,a2c_lr_opt_seed1,0.11518560349941254,7.594210624694824,0.7903420925140381,0.530043363571167,17.805702209472656
1537,86.20662689208984,26.748467807769774,877,140.18917846679688,0.0003,1,a2c_lr_opt_seed1,-0.353237509727478,281.0865478515625,0.8508087396621704,3.3832571506500244,116.1309585571289
1537,86.20662689208984,26.748467807769774,877,5.315746307373047,0.0003,1,a2c_lr_opt_seed1,0.32479363679885864,9.983786582946777,0.9406362175941467,0.5917401313781738,28.513254165649414
1538,72.8323745727539,25.995751285552977,1001,7.876221656799316,0.0003,1,a2c_lr_opt_seed1,0.18954803049564362,15.375243186950684,0.9481898546218872,0.2768121063709259,21.510334014892578
1539,-29.38886260986328,23.990887088775636,1001,6.935739517211914,0.0003,1,a2c_lr_opt_seed1,0.4628784656524658,12.947649955749512,0.9642688632011414,0.43836697936058044,17.098011016845703
1539,-29.38886260986328,23.990887088775636,1001,6.277525901794434,0.0003,1,a2c_lr_opt_seed1,0.19292597472667694,12.171027183532715,0.9134156107902527,0.6843907833099365,21.10712242126465
1539,-29.38886260986328,23.990887088775636,1001,3.691983938217163,0.0003,1,a2c_lr_opt_seed1,-0.4948004484176636,8.375492095947266,0.9615353345870972,-0.3627665936946869,17.9537296295166
1539,-29.38886260986328,23.990887088775636,1001,5.3068461418151855,0.0003,1,a2c_lr_opt_seed1,-1.2828433513641357,13.181246757507324,0.9343099594116211,-1.383707880973816,35.240821838378906
1539,-29.38886260986328,23.990887088775636,1001,4.281174659729004,0.0003,1,a2c_lr_opt_seed1,-0.318114310503006,9.200510025024414,0.9660474061965942,-0.31064069271087646,11.186145782470703
1539,-29.38886260986328,23.990887088775636,1001,1.0594953298568726,0.0003,1,a2c_lr_opt_seed1,-1.0645511150360107,4.249886512756348,0.8967887163162231,-0.8164568543434143,20.42354965209961
1539,-29.38886260986328,23.990887088775636,1001,12.799861907958984,0.0003,1,a2c_lr_opt_seed1,0.7794975638389587,24.04254722595215,0.9083950519561768,0.8276718258857727,23.598291397094727
1539,-29.38886260986328,23.990887088775636,1001,13.555691719055176,0.0003,1,a2c_lr_opt_seed1,0.7369063496589661,25.639427185058594,0.927820086479187,1.6952745914459229,52.639564514160156
1539,-29.38886260986328,23.990887088775636,1001,2.6140575408935547,0.0003,1,a2c_lr_opt_seed1,-1.0317575931549072,7.2934675216674805,0.9186458587646484,-0.9769145250320435,25.139028549194336
1539,-29.38886260986328,23.990887088775636,1001,0.7409550547599792,0.0003,1,a2c_lr_opt_seed1,-0.4450357258319855,2.373889207839966,0.953876793384552,-0.464377224445343,10.949048042297363
1539,-29.38886260986328,23.990887088775636,1001,6.634732723236084,0.0003,1,a2c_lr_opt_seed1,-0.6061011552810669,14.48334789276123,0.8402974605560303,-0.01554211974143982,12.415959358215332
1540,-77.7845458984375,24.052806186676026,1001,7.383455753326416,0.0003,1,a2c_lr_opt_seed1,-0.2643248736858368,15.297342300415039,0.8907008767127991,-0.19621151685714722,15.887706756591797
1541,55.18335723876953,22.247361392974852,1001,7.105267524719238,0.0003,1,a2c_lr_opt_seed1,-0.15550130605697632,14.52326774597168,0.8652085661888123,0.2975827753543854,17.980466842651367
1541,55.18335723876953,22.247361392974852,1001,23.004606246948242,0.0003,1,a2c_lr_opt_seed1,1.7424262762069702,42.5261116027832,0.8750029802322388,2.2744557857513428,50.390647888183594
1541,55.18335723876953,22.247361392974852,1001,3.6744251251220703,0.0003,1,a2c_lr_opt_seed1,0.21971845626831055,6.911154270172119,0.8705152273178101,0.3724830746650696,9.94262409210205
1542,-62.86343002319336,23.95573366165161,596,224.85153198242188,0.0003,1,a2c_lr_opt_seed1,-3.2141566276550293,456.1330261230469,0.8174542188644409,-7.274991035461426,188.6053924560547
1542,-62.86343002319336,23.95573366165161,596,7.299167156219482,0.0003,1,a2c_lr_opt_seed1,-0.5519694089889526,15.703651428222656,0.689184844493866,0.42229780554771423,18.86440658569336
1542,-62.86343002319336,23.95573366165161,596,5.211782932281494,0.0003,1,a2c_lr_opt_seed1,0.5712432861328125,9.282516479492188,0.7185871601104736,0.9476428031921387,21.44396209716797
1543,89.7000503540039,27.136730213165283,903,160.208740234375,0.0003,1,a2c_lr_opt_seed1,-1.2729406356811523,322.9648132324219,0.7283372282981873,3.9704957008361816,149.95376586914062
1543,89.7000503540039,27.136730213165283,903,10.866310119628906,0.0003,1,a2c_lr_opt_seed1,-0.018094927072525024,21.770286560058594,0.7383189797401428,0.8777891397476196,24.271286010742188
1545,85.26948547363281,26.504826946258547,1001,17.635730743408203,0.0003,1,a2c_lr_opt_seed1,1.2548249959945679,32.76329803466797,0.743370771408081,1.9293475151062012,68.65269470214844
1545,85.26948547363281,26.504826946258547,1001,17.73115348815918,0.0003,1,a2c_lr_opt_seed1,0.34860771894454956,34.76669692993164,0.8024495840072632,0.11994630098342896,44.25529861450195
1546,-105.53520965576172,22.880813732147217,685,106.39161682128906,0.0003,1,a2c_lr_opt_seed1,-0.01760151982307434,212.82000732421875,0.7854023575782776,-2.423227310180664,78.30485534667969
1546,-105.53520965576172,22.880813732147217,685,1.7358871698379517,0.0003,1,a2c_lr_opt_seed1,-0.17350620031356812,3.8204405307769775,0.8269813656806946,0.0037718266248703003,6.92600679397583
1546,-105.53520965576172,22.880813732147217,685,2.879152536392212,0.0003,1,a2c_lr_opt_seed1,0.2257670760154724,5.308502674102783,0.8659839630126953,0.3652648627758026,12.243913650512695
1546,-105.53520965576172,22.880813732147217,685,1.9059559106826782,0.0003,1,a2c_lr_opt_seed1,-1.000105381011963,5.813750267028809,0.8138388395309448,-0.7895628213882446,24.024032592773438
1546,-105.53520965576172,22.880813732147217,685,1.0633362531661987,0.0003,1,a2c_lr_opt_seed1,-0.6482704281806946,3.4249672889709473,0.8769646286964417,-0.5074260234832764,12.974530220031738
1546,-105.53520965576172,22.880813732147217,685,10.648397445678711,0.0003,1,a2c_lr_opt_seed1,0.18436843156814575,20.929800033569336,0.8711659908294678,0.06737843155860901,24.566381454467773
1546,-105.53520965576172,22.880813732147217,685,4.593356609344482,0.0003,1,a2c_lr_opt_seed1,0.25320425629615784,8.681873321533203,0.7841706871986389,0.29285070300102234,8.469154357910156
1546,-105.53520965576172,22.880813732147217,685,0.7501494884490967,0.0003,1,a2c_lr_opt_seed1,-0.2946791648864746,2.0914053916931152,0.8740218281745911,-0.27961912751197815,7.784815788269043
1547,9.203278541564941,22.837923259735106,1001,3.687380313873291,0.0003,1,a2c_lr_opt_seed1,-1.40723717212677,10.190922737121582,0.8441125154495239,-1.6446764469146729,36.88803482055664
1548,-85.82987976074219,20.486240367889405,624,165.6822509765625,0.0003,1,a2c_lr_opt_seed1,-7.324097156524658,346.01446533203125,0.8788426518440247,-5.444093227386475,125.7337417602539
1548,-85.82987976074219,20.486240367889405,624,3.9652926921844482,0.0003,1,a2c_lr_opt_seed1,0.25459372997283936,7.423192024230957,0.8971940875053406,0.327262282371521,13.477397918701172
1548,-85.82987976074219,20.486240367889405,624,4.324674606323242,0.0003,1,a2c_lr_opt_seed1,-0.4792383313179016,9.609637260437012,0.9055359363555908,-0.2893793284893036,18.65261459350586
1548,-85.82987976074219,20.486240367889405,624,4.98336935043335,0.0003,1,a2c_lr_opt_seed1,-0.4901001751422882,10.948803901672363,0.9319866299629211,-0.33147120475769043,18.824932098388672
1548,-85.82987976074219,20.486240367889405,624,7.078799724578857,0.0003,1,a2c_lr_opt_seed1,-0.9943507313728333,16.148096084594727,0.8973328471183777,-0.5933208465576172,20.614662170410156
1548,-85.82987976074219,20.486240367889405,624,29.598800659179688,0.0003,1,a2c_lr_opt_seed1,1.8332581520080566,55.532981872558594,0.9485989809036255,2.1749820709228516,53.4729118347168
1548,-85.82987976074219,20.486240367889405,624,8.543170928955078,0.0003,1,a2c_lr_opt_seed1,-0.5826510190963745,18.2532958984375,0.8262616991996765,-0.24859097599983215,21.067951202392578
1548,-85.82987976074219,20.486240367889405,624,27.154903411865234,0.0003,1,a2c_lr_opt_seed1,-1.0886378288269043,56.48867416381836,0.7947301864624023,-1.9929887056350708,51.914127349853516
1549,-76.6400375366211,17.804303417205812,612,94.25634765625,0.0003,1,a2c_lr_opt_seed1,2.057666301727295,184.39889526367188,0.7621681690216064,0.5952845811843872,56.292633056640625
1549,-76.6400375366211,17.804303417205812,612,26.19729995727539,0.0003,1,a2c_lr_opt_seed1,-0.196102574467659,52.78845977783203,0.8275660872459412,0.5930408239364624,52.40174865722656
1550,-114.05357360839844,14.471024684906006,611,172.23065185546875,0.0003,1,a2c_lr_opt_seed1,1.7165502309799194,341.0296936035156,0.7524668574333191,-2.015510320663452,118.85549926757812
1551,51.18448257446289,16.244241466522215,1001,5.963130950927734,0.0003,1,a2c_lr_opt_seed1,0.08178019523620605,11.764232635498047,0.7658374309539795,0.40104129910469055,17.34145736694336
1551,51.18448257446289,16.244241466522215,1001,8.253262519836426,0.0003,1,a2c_lr_opt_seed1,-0.4611452519893646,17.430418014526367,0.8012899160385132,-0.3775533437728882,16.20883560180664
1551,51.18448257446289,16.244241466522215,1001,2.2975056171417236,0.0003,1,a2c_lr_opt_seed1,-0.45009759068489075,5.496833801269531,0.81374591588974,-0.49092206358909607,13.14987850189209
1551,51.18448257446289,16.244241466522215,1001,3.567279815673828,0.0003,1,a2c_lr_opt_seed1,0.51589435338974,6.104365825653076,0.7974085807800293,0.851082444190979,26.525794982910156
1552,174.66412353515625,20.616457805633544,887,147.74996948242188,0.0003,1,a2c_lr_opt_seed1,-0.032964885234832764,295.5675048828125,0.8184584975242615,3.8485586643218994,141.19479370117188
1553,57.23313522338867,23.079232082366943,1001,11.107528686523438,0.0003,1,a2c_lr_opt_seed1,-1.8793437480926514,25.975372314453125,0.8137577176094055,-2.5082945823669434,62.066837310791016
1553,57.23313522338867,23.079232082366943,1001,8.169899940490723,0.0003,1,a2c_lr_opt_seed1,0.26406869292259216,15.813176155090332,0.7574018239974976,0.44389763474464417,18.217422485351562
1553,57.23313522338867,23.079232082366943,1001,9.1460599899292,0.0003,1,a2c_lr_opt_seed1,0.6191735863685608,17.055191040039062,0.7091583609580994,1.7200958728790283,45.855777740478516
1553,57.23313522338867,23.079232082366943,1001,3.831599712371826,0.0003,1,a2c_lr_opt_seed1,-0.7010161280632019,9.066790580749512,0.7794589996337891,-0.29979079961776733,9.822327613830566
1555,32.5756950378418,29.758250370025635,1001,89.74461364746094,0.0003,1,a2c_lr_opt_seed1,-1.0548843145370483,181.60072326660156,0.8625714182853699,0.9533625245094299,63.44710159301758
1555,32.5756950378418,29.758250370025635,1001,17.22759437561035,0.0003,1,a2c_lr_opt_seed1,1.5424697399139404,31.371957778930664,0.8536278605461121,1.9857481718063354,52.929473876953125
1555,32.5756950378418,29.758250370025635,1001,2.182676076889038,0.0003,1,a2c_lr_opt_seed1,-1.8785606622695923,8.124259948730469,0.8933261632919312,-1.6337007284164429,46.45530319213867
1555,32.5756950378418,29.758250370025635,1001,4.3748979568481445,0.0003,1,a2c_lr_opt_seed1,-1.6180576086044312,11.98774528503418,0.9167264103889465,-1.7057874202728271,41.53548812866211
1555,32.5756950378418,29.758250370025635,1001,18.950592041015625,0.0003,1,a2c_lr_opt_seed1,-0.42377620935440063,38.75033950805664,0.8019843697547913,0.30953267216682434,25.056156158447266
1556,-51.79774856567383,27.12774293899536,454,153.06459045410156,0.0003,1,a2c_lr_opt_seed1,-2.3201308250427246,310.7708435058594,0.7088249325752258,-5.284554958343506,141.64718627929688
1556,-51.79774856567383,27.12774293899536,454,7.054948806762695,0.0003,1,a2c_lr_opt_seed1,-0.7320410013198853,15.575456619262695,0.7385934591293335,-1.582052230834961,38.761112213134766
1556,-51.79774856567383,27.12774293899536,454,11.953688621520996,0.0003,1,a2c_lr_opt_seed1,0.8871588706970215,22.134613037109375,0.777283787727356,1.7238144874572754,51.5778923034668
1556,-51.79774856567383,27.12774293899536,454,18.637969970703125,0.0003,1,a2c_lr_opt_seed1,0.4115951359272003,36.454261779785156,0.7544138431549072,1.3663935661315918,44.58211898803711
1557,147.464111328125,26.94117311477661,690,201.42617797851562,0.0003,1,a2c_lr_opt_seed1,0.022314205765724182,402.809326171875,0.7903205156326294,5.981949329376221,210.0350341796875
1557,147.464111328125,26.94117311477661,690,3.0409297943115234,0.0003,1,a2c_lr_opt_seed1,-1.348292350769043,8.780213356018066,0.8844249844551086,-1.2124359607696533,31.06694221496582
1558,78.20462799072266,29.080600910186767,1001,11.363778114318848,0.0003,1,a2c_lr_opt_seed1,0.36506378650665283,21.999250411987305,0.9104471206665039,0.7391359806060791,47.748809814453125
1558,78.20462799072266,29.080600910186767,1001,14.935988426208496,0.0003,1,a2c_lr_opt_seed1,0.9210590124130249,28.031579971313477,0.8601106405258179,1.746922492980957,45.85863494873047
1558,78.20462799072266,29.080600910186767,1001,20.96208953857422,0.0003,1,a2c_lr_opt_seed1,1.5376086235046387,38.85048294067383,0.7617908716201782,2.1520543098449707,45.879417419433594
1559,71.41911315917969,29.0652650642395,757,94.88505554199219,0.0003,1,a2c_lr_opt_seed1,-0.16402606666088104,190.0997314453125,0.7874435186386108,2.5217807292938232,78.64628601074219
1560,-178.6047821044922,23.141610584259034,649,226.63168334960938,0.0003,1,a2c_lr_opt_seed1,0.002968907356262207,453.25897216796875,0.7786606550216675,-3.929898262023926,203.7283477783203
1560,-178.6047821044922,23.141610584259034,649,28.329315185546875,0.0003,1,a2c_lr_opt_seed1,1.8834285736083984,52.89345932006836,0.8432116508483887,2.261472225189209,50.08351516723633
1560,-178.6047821044922,23.141610584259034,649,8.60260009765625,0.0003,1,a2c_lr_opt_seed1,1.2673760652542114,14.672147750854492,0.849860429763794,1.5007617473602295,34.053401947021484
1561,-114.38095092773438,19.574789600372313,591,204.2603759765625,0.0003,1,a2c_lr_opt_seed1,-1.5277537107467651,411.5777893066406,0.7583073377609253,-5.474941730499268,172.02774047851562
1561,-114.38095092773438,19.574789600372313,591,6.923773288726807,0.0003,1,a2c_lr_opt_seed1,-0.3471534848213196,14.543456077575684,0.8012615442276001,0.1433730125427246,13.728927612304688
1562,201.11167907714844,22.50210657119751,483,163.202392578125,0.0003,1,a2c_lr_opt_seed1,0.5232539176940918,325.3598327636719,0.7731382250785828,5.581882476806641,175.96649169921875
1563,-40.24723815917969,21.29816774368286,390,219.73841857910156,0.0003,1,a2c_lr_opt_seed1,-2.170050859451294,443.8185729980469,0.8173918724060059,-6.64810848236084,204.93331909179688
1563,-40.24723815917969,21.29816774368286,390,1.7775650024414062,0.0003,1,a2c_lr_opt_seed1,-0.47816532850265503,4.5131940841674805,0.8666867613792419,-0.15000930428504944,5.730815410614014
1563,-40.24723815917969,21.29816774368286,390,2.617779493331909,0.0003,1,a2c_lr_opt_seed1,0.04339147359132767,5.150543212890625,0.8835131525993347,0.1712595522403717,8.845681190490723
1563,-40.24723815917969,21.29816774368286,390,2.5845935344696045,0.0003,1,a2c_lr_opt_seed1,-0.2007228434085846,5.572329521179199,0.8483784198760986,0.07608510553836823,12.95108413696289
1563,-40.24723815917969,21.29816774368286,390,1.0534348487854004,0.0003,1,a2c_lr_opt_seed1,-0.6346950531005859,3.378072500228882,0.9063542485237122,-0.5442612171173096,15.583599090576172
1563,-40.24723815917969,21.29816774368286,390,1.3927345275878906,0.0003,1,a2c_lr_opt_seed1,-0.5204362273216248,3.8281641006469727,0.911285936832428,-0.4486578702926636,13.192126274108887
1564,79.35636901855469,24.992788867950438,1001,1.2667964696884155,0.0003,1,a2c_lr_opt_seed1,-0.892471194267273,4.320350646972656,0.9076329469680786,-0.6430861949920654,15.53144645690918
1564,79.35636901855469,24.992788867950438,1001,2.8482348918914795,0.0003,1,a2c_lr_opt_seed1,0.043771810829639435,5.610787868499756,0.930695652961731,0.36659085750579834,17.10134506225586
1564,79.35636901855469,24.992788867950438,1001,9.194669723510742,0.0003,1,a2c_lr_opt_seed1,0.18550987541675568,18.02004051208496,0.8606804609298706,0.6400253176689148,16.267911911010742
1564,79.35636901855469,24.992788867950438,1001,0.8442111015319824,0.0003,1,a2c_lr_opt_seed1,-0.3692288398742676,2.4285192489624023,0.8196987509727478,-0.2909570336341858,7.41261625289917
1565,72.68982696533203,27.266409091949463,1001,2.8628058433532715,0.0003,1,a2c_lr_opt_seed1,-0.2865062952041626,6.300209999084473,0.792868435382843,-0.020750313997268677,4.661003589630127
1565,72.68982696533203,27.266409091949463,1001,3.775386095046997,0.0003,1,a2c_lr_opt_seed1,-0.7291192412376404,9.010570526123047,0.7799513339996338,-1.0078182220458984,22.719451904296875
1565,72.68982696533203,27.266409091949463,1001,11.658614158630371,0.0003,1,a2c_lr_opt_seed1,1.7187297344207764,19.88128662109375,0.7591263651847839,2.5239267349243164,59.497589111328125
1565,72.68982696533203,27.266409091949463,1001,13.253833770751953,0.0003,1,a2c_lr_opt_seed1,0.8939235806465149,24.721364974975586,0.7728553414344788,1.7630788087844849,41.753448486328125
1565,72.68982696533203,27.266409091949463,1001,14.757054328918457,0.0003,1,a2c_lr_opt_seed1,0.8142225742340088,27.887264251708984,0.8001709580421448,0.9686617255210876,22.049924850463867
1565,72.68982696533203,27.266409091949463,1001,0.8984327912330627,0.0003,1,a2c_lr_opt_seed1,-0.6481844186782837,3.0946907997131348,0.7281806468963623,-0.5464084148406982,13.697640419006348
1565,72.68982696533203,27.266409091949463,1001,2.9623007774353027,0.0003,1,a2c_lr_opt_seed1,0.6975588798522949,4.531031608581543,0.7739496827125549,0.8557531237602234,20.04082679748535
1565,72.68982696533203,27.266409091949463,1001,21.89883804321289,0.0003,1,a2c_lr_opt_seed1,0.4844095706939697,42.830421447753906,0.782486081123352,0.7079320549964905,18.907163619995117
1565,72.68982696533203,27.266409091949463,1001,1.1489567756652832,0.0003,1,a2c_lr_opt_seed1,-0.35842129588127136,3.0163094997406006,0.776650607585907,-0.4105447828769684,10.669014930725098
1566,-48.27374267578125,23.291097202301025,582,61.34123229980469,0.0003,1,a2c_lr_opt_seed1,-0.794862687587738,124.27360534667969,0.7105875611305237,-2.2803969383239746,66.71343994140625
1566,-48.27374267578125,23.291097202301025,582,6.846277236938477,0.0003,1,a2c_lr_opt_seed1,1.0557165145874023,11.582629203796387,0.7538569569587708,1.1643857955932617,37.373802185058594
1567,37.20339584350586,25.910021991729735,1001,4.220555782318115,0.0003,1,a2c_lr_opt_seed1,-0.3588789403438568,9.160470008850098,0.8001701831817627,-0.2734034061431885,9.718306541442871
1567,37.20339584350586,25.910021991729735,1001,1.8286998271942139,0.0003,1,a2c_lr_opt_seed1,-0.02373405545949936,3.7065460681915283,0.8391503095626831,-0.016198568046092987,4.699435234069824
1567,37.20339584350586,25.910021991729735,1001,7.289948463439941,0.0003,1,a2c_lr_opt_seed1,1.0115808248519897,12.558426856994629,0.8456809520721436,0.9684856534004211,25.190143585205078
1568,87.0724105834961,25.488415241241455,1001,2.303838014602661,0.0003,1,a2c_lr_opt_seed1,-0.26549747586250305,5.140283584594727,0.8064128756523132,0.0029186978936195374,4.619021892547607
1569,76.74330139160156,26.095572681427,1001,7.78425407409668,0.0003,1,a2c_lr_opt_seed1,0.4258793592453003,14.718378067016602,0.8145782351493835,0.9796714186668396,38.66252136230469
1569,76.74330139160156,26.095572681427,1001,9.966066360473633,0.0003,1,a2c_lr_opt_seed1,0.5598752498626709,18.814029693603516,0.8235794901847839,1.1087300777435303,40.3749885559082
1569,76.74330139160156,26.095572681427,1001,2.7315990924835205,0.0003,1,a2c_lr_opt_seed1,0.3638470470905304,4.737189769744873,0.8428623080253601,0.6352014541625977,18.27005958557129
1570,56.90340805053711,24.90449869155884,1001,9.889503479003906,0.0003,1,a2c_lr_opt_seed1,0.7251434922218323,18.33046531677246,0.8728448748588562,1.280129313468933,34.09895324707031
1570,56.90340805053711,24.90449869155884,1001,5.586857318878174,0.0003,1,a2c_lr_opt_seed1,-0.2313668429851532,11.638124465942383,0.838459312915802,0.020357877016067505,15.611601829528809
1571,-91.93233489990234,21.91838617324829,624,133.68748474121094,0.0003,1,a2c_lr_opt_seed1,-0.5981817245483398,268.57293701171875,0.8063457012176514,-3.1556339263916016,111.5520248413086
1572,63.354610443115234,20.74464464187622,1001,7.247335433959961,0.0003,1,a2c_lr_opt_seed1,0.36402595043182373,13.768406867980957,0.8941918015480042,0.42576920986175537,12.664109230041504
1572,63.354610443115234,20.74464464187622,1001,5.770514011383057,0.0003,1,a2c_lr_opt_seed1,-0.0004646778106689453,11.543708801269531,0.8758419156074524,0.2673650085926056,17.196369171142578
1572,63.354610443115234,20.74464464187622,1001,1.443003535270691,0.0003,1,a2c_lr_opt_seed1,-0.8442306518554688,4.576258182525635,0.8949127197265625,-0.6882568001747131,22.16459083557129
1572,63.354610443115234,20.74464464187622,1001,7.7169060707092285,0.0003,1,a2c_lr_opt_seed1,-0.7582711577415466,16.95216178894043,0.9034025073051453,-0.654435396194458,19.704811096191406
1573,-58.7501220703125,19.168986949920654,521,99.22455596923828,0.0003,1,a2c_lr_opt_seed1,-1.5617144107818604,201.57421875,0.8392036557197571,-3.0075063705444336,95.84477233886719
1573,-58.7501220703125,19.168986949920654,521,3.2815043926239014,0.0003,1,a2c_lr_opt_seed1,-0.04721136391162872,6.659153938293457,0.8610637784004211,0.405748575925827,20.46604347229004
1574,35.33546447753906,22.67770124435425,1001,4.971991539001465,0.0003,1,a2c_lr_opt_seed1,-0.10210488736629486,10.150108337402344,0.9581500887870789,-0.058932237327098846,13.478602409362793
1574,35.33546447753906,22.67770124435425,1001,2.497530937194824,0.0003,1,a2c_lr_opt_seed1,-0.5112149715423584,6.019320964813232,0.9146003723144531,-0.04385140538215637,15.919082641601562
1574,35.33546447753906,22.67770124435425,1001,3.6534485816955566,0.0003,1,a2c_lr_opt_seed1,-0.48032310605049133,8.269211769104004,0.8342409133911133,-0.2582327127456665,12.210004806518555
1574,35.33546447753906,22.67770124435425,1001,10.87247085571289,0.0003,1,a2c_lr_opt_seed1,-1.4809664487838745,24.70852279663086,0.8236681818962097,-1.8178303241729736,42.25621032714844
1574,35.33546447753906,22.67770124435425,1001,5.206455230712891,0.0003,1,a2c_lr_opt_seed1,0.009395944885909557,10.395427703857422,0.6546777486801147,1.1179842948913574,30.85668182373047
1576,181.04751586914062,26.62665033340454,542,310.4858093261719,0.0003,1,a2c_lr_opt_seed1,-0.8193575739860535,622.6118774414062,0.7480535507202148,9.201830863952637,294.10675048828125
1576,181.04751586914062,26.62665033340454,542,3.4473519325256348,0.0003,1,a2c_lr_opt_seed1,-1.1849732398986816,9.266500473022461,0.9250443577766418,-1.1833741664886475,29.85702133178711
1576,181.04751586914062,26.62665033340454,542,4.344787120819092,0.0003,1,a2c_lr_opt_seed1,-1.3947803974151611,11.481056213378906,0.960676908493042,-1.4061335325241089,34.86807632446289
1576,181.04751586914062,26.62665033340454,542,4.70947265625,0.0003,1,a2c_lr_opt_seed1,0.05638661980628967,9.308074951171875,0.9515256881713867,0.02075156569480896,10.717148780822754
1577,-122.09779357910156,23.260079975128175,797,123.54215240478516,0.0003,1,a2c_lr_opt_seed1,-2.9059576988220215,252.8979949951172,0.8856027126312256,-3.2157113552093506,85.50029754638672
1577,-122.09779357910156,23.260079975128175,797,9.82464599609375,0.0003,1,a2c_lr_opt_seed1,1.1081113815307617,17.434900283813477,0.9158831238746643,1.3258767127990723,44.97166442871094
1577,-122.09779357910156,23.260079975128175,797,15.230814933776855,0.0003,1,a2c_lr_opt_seed1,0.8760978579521179,28.711271286010742,0.9186402559280396,0.9325844049453735,20.50983428955078
1577,-122.09779357910156,23.260079975128175,797,1.7772493362426758,0.0003,1,a2c_lr_opt_seed1,-0.5427996516227722,4.641805171966553,0.8535048365592957,-0.6025296449661255,15.717386245727539
1577,-122.09779357910156,23.260079975128175,797,2.2706480026245117,0.0003,1,a2c_lr_opt_seed1,-1.4149821996688843,7.373035907745361,0.8879326581954956,-1.338649868965149,33.19224166870117
1577,-122.09779357910156,23.260079975128175,797,4.87315034866333,0.0003,1,a2c_lr_opt_seed1,-0.06508970260620117,9.87827205657959,0.8960182070732117,-0.21569287776947021,10.898929595947266
1577,-122.09779357910156,23.260079975128175,797,29.993261337280273,0.0003,1,a2c_lr_opt_seed1,2.2561593055725098,55.47599411010742,0.8953281044960022,2.5808286666870117,60.70047378540039
1577,-122.09779357910156,23.260079975128175,797,4.219996452331543,0.0003,1,a2c_lr_opt_seed1,-0.7946573495864868,10.030899047851562,0.7957016229629517,-0.8040521144866943,23.127443313598633
1577,-122.09779357910156,23.260079975128175,797,23.002056121826172,0.0003,1,a2c_lr_opt_seed1,1.6196030378341675,42.766483306884766,0.7883466482162476,1.4467990398406982,37.755069732666016
1577,-122.09779357910156,23.260079975128175,797,2.48197865486145,0.0003,1,a2c_lr_opt_seed1,-0.3766932487487793,5.718881130218506,0.7686949968338013,-0.1405927836894989,13.779281616210938
1577,-122.09779357910156,23.260079975128175,797,0.9045524597167969,0.0003,1,a2c_lr_opt_seed1,-0.228115513920784,2.26694393157959,0.8039906620979309,-0.2486051321029663,6.939680099487305
1577,-122.09779357910156,23.260079975128175,797,1.8549630641937256,0.0003,1,a2c_lr_opt_seed1,-0.3570045828819275,4.425532341003418,0.798437237739563,-0.2682836055755615,8.54824447631836
1577,-122.09779357910156,23.260079975128175,797,0.828463077545166,0.0003,1,a2c_lr_opt_seed1,-0.5793632864952087,2.8172528743743896,0.8000547885894775,-0.480849027633667,12.107064247131348
1577,-122.09779357910156,23.260079975128175,797,1.8681930303573608,0.0003,1,a2c_lr_opt_seed1,0.16056221723556519,3.4168856143951416,0.8118857145309448,0.37293434143066406,9.624796867370605
1578,79.62470245361328,25.332886066436767,1001,4.099064826965332,0.0003,1,a2c_lr_opt_seed1,-0.8650185465812683,9.92974853515625,0.7908463478088379,-1.0791804790496826,23.27512550354004
1579,60.34062194824219,25.117302112579345,1001,27.616535186767578,0.0003,1,a2c_lr_opt_seed1,-0.846574068069458,56.927730560302734,0.7552789449691772,-0.9739739894866943,38.81779098510742
1580,37.92106246948242,25.437001171112062,1001,15.502291679382324,0.0003,1,a2c_lr_opt_seed1,0.4393138289451599,30.127355575561523,0.6998907923698425,1.1178672313690186,60.00535202026367
1580,37.92106246948242,25.437001171112062,1001,10.070467948913574,0.0003,1,a2c_lr_opt_seed1,0.7085347175598145,18.72553825378418,0.8360978364944458,1.428873896598816,37.273738861083984
1581,82.52835083007812,25.488062419891357,931,217.03668212890625,0.0003,1,a2c_lr_opt_seed1,-1.2594332695007324,436.59381103515625,0.7888279557228088,3.2272472381591797,133.0011749267578
1581,82.52835083007812,25.488062419891357,931,11.084765434265137,0.0003,1,a2c_lr_opt_seed1,-0.1467311829328537,22.464567184448242,0.7864899635314941,1.0713801383972168,31.2645320892334
1581,82.52835083007812,25.488062419891357,931,9.95072078704834,0.0003,1,a2c_lr_opt_seed1,0.7327641844749451,18.4374942779541,0.7905688285827637,1.0983524322509766,38.379459381103516
1582,89.76631164550781,26.221903972625732,802,214.74757385253906,0.0003,1,a2c_lr_opt_seed1,-1.5096288919448853,432.5159606933594,0.7810351848602295,3.4704906940460205,169.64634704589844
1583,-194.20382690429688,21.682677364349367,822,104.1929702758789,0.0003,1,a2c_lr_opt_seed1,0.7897603511810303,206.80809020996094,0.8281903862953186,-0.8883123397827148,96.77491760253906
1584,105.18656921386719,22.670917263031004,1001,11.137105941772461,0.0003,1,a2c_lr_opt_seed1,0.3033033013343811,21.669313430786133,0.8547979593276978,1.2038837671279907,45.734066009521484
1584,105.18656921386719,22.670917263031004,1001,18.723390579223633,0.0003,1,a2c_lr_opt_seed1,0.9686964750289917,35.51127243041992,0.9427342414855957,1.4111210107803345,55.99998474121094
1584,105.18656921386719,22.670917263031004,1001,2.8744378089904785,0.0003,1,a2c_lr_opt_seed1,-0.4885156452655792,6.727689743041992,0.8913511037826538,-0.1567695140838623,9.766923904418945
1584,105.18656921386719,22.670917263031004,1001,1.526797890663147,0.0003,1,a2c_lr_opt_seed1,-0.40551286935806274,3.866415500640869,0.8970850110054016,-0.24674992263317108,6.7528076171875
1584,105.18656921386719,22.670917263031004,1001,2.8232622146606445,0.0003,1,a2c_lr_opt_seed1,-0.3886317014694214,6.425612449645996,0.9121619462966919,-0.34361061453819275,15.845606803894043
1584,105.18656921386719,22.670917263031004,1001,33.521209716796875,0.0003,1,a2c_lr_opt_seed1,0.35675182938575745,66.33077239990234,0.9278334975242615,0.8879213929176331,50.10614013671875
1584,105.18656921386719,22.670917263031004,1001,1.4438263177871704,0.0003,1,a2c_lr_opt_seed1,-0.6266552209854126,4.142828464508057,0.9326490163803101,-0.5594619512557983,17.093332290649414
1584,105.18656921386719,22.670917263031004,1001,10.458527565002441,0.0003,1,a2c_lr_opt_seed1,-1.2054990530014038,23.329931259155273,0.9393172264099121,-1.5491682291030884,49.22772216796875
1585,18.79347801208496,23.75837335586548,1001,6.970757007598877,0.0003,1,a2c_lr_opt_seed1,0.05744731426239014,13.828436851501465,0.9087520241737366,0.2566659152507782,20.734813690185547
1585,18.79347801208496,23.75837335586548,1001,1.518635869026184,0.0003,1,a2c_lr_opt_seed1,-1.0522710084915161,5.143764972686768,0.9755860567092896,-1.047267198562622,30.07489585876465
1585,18.79347801208496,23.75837335586548,1001,1.753584623336792,0.0003,1,a2c_lr_opt_seed1,-1.011345624923706,5.531747341156006,0.9434243440628052,-0.9265792369842529,27.508502960205078
1585,18.79347801208496,23.75837335586548,1001,9.714151382446289,0.0003,1,a2c_lr_opt_seed1,-0.3331732451915741,20.096534729003906,0.9435113668441772,0.1447276473045349,20.370986938476562
1585,18.79347801208496,23.75837335586548,1001,4.163757801055908,0.0003,1,a2c_lr_opt_seed1,0.3692190945148468,7.590892791748047,0.9080066084861755,0.5226427316665649,15.916887283325195
1586,-92.06119537353516,22.84725923538208,578,183.05181884765625,0.0003,1,a2c_lr_opt_seed1,-0.9446583390235901,367.99456787109375,0.8040763139724731,-4.7013421058654785,166.3460235595703
1587,-88.20807647705078,19.35896516799927,483,185.50991821289062,0.0003,1,a2c_lr_opt_seed1,-1.4662426710128784,373.95391845703125,0.7957214117050171,-5.556746006011963,177.8245086669922
1587,-88.20807647705078,19.35896516799927,483,9.085951805114746,0.0003,1,a2c_lr_opt_seed1,1.0599026679992676,16.053794860839844,0.8479229807853699,1.5410741567611694,47.49626159667969
1588,-69.37240600585938,16.514869556427,726,84.03356170654297,0.0003,1,a2c_lr_opt_seed1,1.2103123664855957,165.64822387695312,0.8632134199142456,0.21283385157585144,64.42621612548828
1588,-69.37240600585938,16.514869556427,726,10.381355285644531,0.0003,1,a2c_lr_opt_seed1,1.075366497039795,18.613662719726562,0.8431767821311951,1.2731740474700928,33.513458251953125
1588,-69.37240600585938,16.514869556427,726,4.838860034942627,0.0003,1,a2c_lr_opt_seed1,0.09590370953083038,9.487618446350098,0.8529696464538574,0.548995852470398,19.883440017700195
1588,-69.37240600585938,16.514869556427,726,1.525282859802246,0.0003,1,a2c_lr_opt_seed1,-1.2839370965957642,5.62022066116333,0.8903346061706543,-1.3815107345581055,38.16048049926758
1588,-69.37240600585938,16.514869556427,726,2.7473065853118896,0.0003,1,a2c_lr_opt_seed1,0.32599133253097534,4.844414710998535,0.8920714259147644,0.4506671130657196,12.857028007507324
1588,-69.37240600585938,16.514869556427,726,2.1518630981445312,0.0003,1,a2c_lr_opt_seed1,-0.38484859466552734,5.075211524963379,0.8940749764442444,-0.3458767831325531,14.472557067871094
1589,47.71449661254883,18.056936740875244,1001,14.451408386230469,0.0003,1,a2c_lr_opt_seed1,-0.24131149053573608,29.387205123901367,0.8835493326187134,0.2312309741973877,27.701801300048828
1591,-125.24420166015625,16.15384437561035,799,154.15492248535156,0.0003,1,a2c_lr_opt_seed1,-3.4875919818878174,315.2867431640625,0.8536959290504456,-6.803479194641113,184.38084411621094
1591,-125.24420166015625,16.15384437561035,799,5.880045413970947,0.0003,1,a2c_lr_opt_seed1,-0.37790894508361816,12.517635345458984,0.8633809685707092,-0.002616971731185913,12.191523551940918
1591,-125.24420166015625,16.15384437561035,799,24.620115280151367,0.0003,1,a2c_lr_opt_seed1,1.4356763362884521,46.37057876586914,0.8511741161346436,2.288656234741211,65.07501983642578
1591,-125.24420166015625,16.15384437561035,799,6.183093070983887,0.0003,1,a2c_lr_opt_seed1,0.22302645444869995,11.921890258789062,0.8784905672073364,0.6161640882492065,17.887292861938477
1591,-125.24420166015625,16.15384437561035,799,2.6619231700897217,0.0003,1,a2c_lr_opt_seed1,-0.16767986118793488,5.660951137542725,0.8726970553398132,0.0252922922372818,7.424932956695557
1591,-125.24420166015625,16.15384437561035,799,0.37326449155807495,0.0003,1,a2c_lr_opt_seed1,-0.695600152015686,2.1394543647766113,0.8625301718711853,-0.5856010317802429,18.760986328125
1591,-125.24420166015625,16.15384437561035,799,1.8830009698867798,0.0003,1,a2c_lr_opt_seed1,-0.992393970489502,5.752570152282715,0.8901438117027283,-0.9332066774368286,27.937862396240234
1591,-125.24420166015625,16.15384437561035,799,0.96759033203125,0.0003,1,a2c_lr_opt_seed1,-0.519951581954956,2.9769012928009033,0.908750057220459,-0.4429249167442322,16.95623779296875
1592,29.005184173583984,17.9912166595459,1001,10.465158462524414,0.0003,1,a2c_lr_opt_seed1,-0.2202538549900055,21.372692108154297,0.9333333373069763,0.6848795413970947,33.76353073120117
1592,29.005184173583984,17.9912166595459,1001,3.8554484844207764,0.0003,1,a2c_lr_opt_seed1,-0.8336370587348938,9.380066871643066,0.9479960203170776,-0.7569121718406677,25.750728607177734
1592,29.005184173583984,17.9912166595459,1001,12.429471969604492,0.0003,1,a2c_lr_opt_seed1,1.3521870374679565,22.156341552734375,0.8860562443733215,2.171994924545288,53.683197021484375
1593,-153.2340087890625,13.13253547668457,652,191.97958374023438,0.0003,1,a2c_lr_opt_seed1,-3.75517201423645,391.47119140625,0.8415791392326355,-5.866205215454102,197.2245635986328
1593,-153.2340087890625,13.13253547668457,652,1.9639190435409546,0.0003,1,a2c_lr_opt_seed1,-0.8988313674926758,5.727184772491455,0.8420283794403076,-0.7988098859786987,19.507217407226562
1594,91.58342742919922,14.598294486999512,899,184.65158081054688,0.0003,1,a2c_lr_opt_seed1,2.391707181930542,364.5214538574219,0.8514004945755005,7.702155113220215,218.31527709960938
1594,91.58342742919922,14.598294486999512,899,3.2116360664367676,0.0003,1,a2c_lr_opt_seed1,0.05927102267742157,6.306448936462402,0.8594472408294678,0.38590168952941895,21.94809913635254
1594,91.58342742919922,14.598294486999512,899,25.120141983032227,0.0003,1,a2c_lr_opt_seed1,1.2065165042877197,47.82904815673828,0.8991309404373169,1.5762912034988403,35.07333755493164
1594,91.58342742919922,14.598294486999512,899,14.089090347290039,0.0003,1,a2c_lr_opt_seed1,1.4364514350891113,25.30705451965332,0.8886480331420898,1.7984619140625,42.71070861816406
1594,91.58342742919922,14.598294486999512,899,1.2151296138763428,0.0003,1,a2c_lr_opt_seed1,-0.3872593641281128,3.2066190242767334,0.9205833673477173,-0.31517085433006287,12.736034393310547
1594,91.58342742919922,14.598294486999512,899,2.1027727127075195,0.0003,1,a2c_lr_opt_seed1,-0.25761130452156067,4.722475051879883,0.853606104850769,0.05125001072883606,14.66960620880127
1594,91.58342742919922,14.598294486999512,899,6.886673927307129,0.0003,1,a2c_lr_opt_seed1,-0.8129652738571167,15.400835037231445,0.7783538103103638,-0.05598616600036621,17.541885375976562
1594,91.58342742919922,14.598294486999512,899,4.701772212982178,0.0003,1,a2c_lr_opt_seed1,0.05983684957027435,9.28532600402832,0.7276444435119629,0.7403271794319153,20.450632095336914
1596,84.99124908447266,19.450184745788576,1001,159.33465576171875,0.0003,1,a2c_lr_opt_seed1,-0.1182100772857666,318.9071350097656,0.7018224596977234,5.474085330963135,187.1554718017578
1596,84.99124908447266,19.450184745788576,1001,3.2111709117889404,0.0003,1,a2c_lr_opt_seed1,-0.6696575880050659,7.763108253479004,0.7255061864852905,-0.2355438470840454,14.34093952178955
1596,84.99124908447266,19.450184745788576,1001,2.5209426879882812,0.0003,1,a2c_lr_opt_seed1,0.2857509255409241,4.471832275390625,0.7243924736976624,0.590785562992096,13.786713600158691
1597,71.47525787353516,20.69562433242798,1001,4.731925010681152,0.0003,1,a2c_lr_opt_seed1,-0.3282369077205658,10.12181282043457,0.7441800832748413,-0.0874151885509491,11.768880844116211
1597,71.47525787353516,20.69562433242798,1001,9.248750686645508,0.0003,1,a2c_lr_opt_seed1,0.32860055565834045,17.84181022644043,0.7550907135009766,0.939942479133606,23.72587776184082
1597,71.47525787353516,20.69562433242798,1001,6.453549385070801,0.0003,1,a2c_lr_opt_seed1,0.1616087406873703,12.585335731506348,0.7269572019577026,0.19221051037311554,16.61137580871582
1597,71.47525787353516,20.69562433242798,1001,3.2785112857818604,0.0003,1,a2c_lr_opt_seed1,0.11929316818714142,6.3200554847717285,0.8097718954086304,0.19854293763637543,6.459842681884766
1597,71.47525787353516,20.69562433242798,1001,2.1309447288513184,0.0003,1,a2c_lr_opt_seed1,0.5528656244277954,3.1577539443969727,0.7977694869041443,0.6820223927497864,18.384469985961914
1598,175.4623260498047,25.921468448638915,930,166.97442626953125,0.0003,1,a2c_lr_opt_seed1,-0.7704143524169922,335.4913024902344,0.8053237199783325,4.647915840148926,177.12127685546875
1598,175.4623260498047,25.921468448638915,930,3.4673104286193848,0.0003,1,a2c_lr_opt_seed1,-0.4269427955150604,7.790214538574219,0.8540079593658447,-0.23226793110370636,12.98690414428711
1598,175.4623260498047,25.921468448638915,930,10.695237159729004,0.0003,1,a2c_lr_opt_seed1,-0.5993097424507141,22.59078025817871,0.842910885810852,-1.54263436794281,39.98904037475586
1599,19.179533004760742,27.83785985946655,1001,26.858720779418945,0.0003,1,a2c_lr_opt_seed1,2.0392074584960938,49.640499114990234,0.7356840968132019,3.165466547012329,80.59239959716797
1600,114.1672592163086,32.40227651596069,812,175.84983825683594,0.0003,1,a2c_lr_opt_seed1,0.22703620791435242,351.24713134765625,0.7698616981506348,5.827373027801514,199.0735321044922
1600,114.1672592163086,32.40227651596069,812,3.7018704414367676,0.0003,1,a2c_lr_opt_seed1,0.30873095989227295,6.787940979003906,0.8311932682991028,0.4447576403617859,13.306031227111816
1600,114.1672592163086,32.40227651596069,812,12.64282512664795,0.0003,1,a2c_lr_opt_seed1,0.033649712800979614,25.220134735107422,0.8919603228569031,-0.2786385118961334,17.245573043823242
1600,114.1672592163086,32.40227651596069,812,3.388859748840332,0.0003,1,a2c_lr_opt_seed1,-0.08218006789684296,6.943835735321045,0.8780126571655273,0.11341536045074463,8.48458194732666
1601,-69.28395080566406,29.992907848358154,770,152.6558380126953,0.0003,1,a2c_lr_opt_seed1,-3.044797420501709,311.4030456542969,0.8852180242538452,-4.1680908203125,102.11483764648438
1601,-69.28395080566406,29.992907848358154,770,5.209637641906738,0.0003,1,a2c_lr_opt_seed1,-0.524160623550415,11.469208717346191,0.8059251308441162,-0.670137345790863,21.352375030517578
1601,-69.28395080566406,29.992907848358154,770,5.618278503417969,0.0003,1,a2c_lr_opt_seed1,-0.5701346397399902,12.378485679626465,0.8296414017677307,-0.05234118923544884,21.078950881958008
1601,-69.28395080566406,29.992907848358154,770,7.800825595855713,0.0003,1,a2c_lr_opt_seed1,0.40702396631240845,14.789466857910156,0.9319626092910767,0.4058833122253418,18.801565170288086
1601,-69.28395080566406,29.992907848358154,770,23.87805938720703,0.0003,1,a2c_lr_opt_seed1,-0.29896241426467896,48.35575485229492,0.8567476868629456,-0.3291785717010498,22.006671905517578
1601,-69.28395080566406,29.992907848358154,770,26.09857940673828,0.0003,1,a2c_lr_opt_seed1,1.1968278884887695,49.80524444580078,0.8695520162582397,1.4652254581451416,38.5145263671875
1602,56.128990173339844,27.622205181121828,1001,6.910039901733398,0.0003,1,a2c_lr_opt_seed1,-0.12794412672519684,14.077376365661621,0.7041254043579102,0.3734707236289978,21.96213722229004
1602,56.128990173339844,27.622205181121828,1001,8.571477890014648,0.0003,1,a2c_lr_opt_seed1,0.4084705114364624,16.32758331298828,0.7839057445526123,0.7039868831634521,26.502988815307617
1603,115.8825454711914,28.79519338607788,753,127.00717163085938,0.0003,1,a2c_lr_opt_seed1,-0.3408206105232239,254.69760131835938,0.8061190843582153,3.3255956172943115,115.67754364013672
1604,-117.6933364868164,23.723771724700928,535,211.45677185058594,0.0003,1,a2c_lr_opt_seed1,-0.2640311121940613,423.443115234375,0.7539471387863159,-5.364405632019043,188.52175903320312
1604,-117.6933364868164,23.723771724700928,535,3.059826612472534,0.0003,1,a2c_lr_opt_seed1,-0.572919487953186,7.267237663269043,0.8729439973831177,-0.5027436017990112,17.11697006225586
1604,-117.6933364868164,23.723771724700928,535,1.6178542375564575,0.0003,1,a2c_lr_opt_seed1,-0.004567041993141174,3.2464723587036133,0.8148875832557678,0.12409646809101105,7.065045356750488
1604,-117.6933364868164,23.723771724700928,535,1.1843303442001343,0.0003,1,a2c_lr_opt_seed1,-0.7897847294807434,3.949902296066284,0.8359828591346741,-0.8012189269065857,21.11444854736328
1604,-117.6933364868164,23.723771724700928,535,16.173402786254883,0.0003,1,a2c_lr_opt_seed1,1.373712420463562,29.601123809814453,0.8712729215621948,1.4596872329711914,43.13127136230469
1604,-117.6933364868164,23.723771724700928,535,10.1044340133667,0.0003,1,a2c_lr_opt_seed1,-0.24959537386894226,20.70966148376465,0.801186740398407,-0.3857693672180176,15.511306762695312
1605,58.330116271972656,24.238860149383544,1001,2.5058248043060303,0.0003,1,a2c_lr_opt_seed1,-1.0031813383102417,7.019424915313721,0.706503689289093,-0.48359495401382446,16.756956100463867
1606,-50.586788177490234,24.263079357147216,513,127.95658874511719,0.0003,1,a2c_lr_opt_seed1,-3.6615192890167236,263.23760986328125,0.6955975294113159,-4.387490749359131,116.52191162109375
1607,150.06784057617188,24.315153942108154,724,170.1617889404297,0.0003,1,a2c_lr_opt_seed1,0.08872315287590027,340.1475830078125,0.7333756685256958,5.512601375579834,167.3934326171875
1608,73.25784301757812,24.216218242645265,1001,7.701370716094971,0.0003,1,a2c_lr_opt_seed1,0.8076555728912354,13.789010047912598,0.7899578809738159,1.2161744832992554,33.51707458496094
1608,73.25784301757812,24.216218242645265,1001,4.278345108032227,0.0003,1,a2c_lr_opt_seed1,0.03196987509727478,8.49448013305664,0.8651537895202637,0.23288720846176147,10.975914001464844
1608,73.25784301757812,24.216218242645265,1001,6.220077991485596,0.0003,1,a2c_lr_opt_seed1,0.0982612669467926,12.245513916015625,0.9403947591781616,0.32747137546539307,13.466364860534668
1608,73.25784301757812,24.216218242645265,1001,2.02815580368042,0.0003,1,a2c_lr_opt_seed1,-0.958053708076477,5.974202632904053,0.8916038274765015,-0.9457666277885437,30.58833122253418
1608,73.25784301757812,24.216218242645265,1001,1.534054160118103,0.0003,1,a2c_lr_opt_seed1,0.02536742389202118,3.019176721572876,0.901542603969574,0.1417318880558014,6.994078636169434
1608,73.25784301757812,24.216218242645265,1001,16.146970748901367,0.0003,1,a2c_lr_opt_seed1,0.2577148675918579,31.780244827270508,0.8657388687133789,0.3640727400779724,18.989971160888672
1608,73.25784301757812,24.216218242645265,1001,1.562442660331726,0.0003,1,a2c_lr_opt_seed1,-0.6972488164901733,4.521120071411133,0.8685437440872192,-0.6371548175811768,19.146591186523438
1608,73.25784301757812,24.216218242645265,1001,1.700158715248108,0.0003,1,a2c_lr_opt_seed1,-0.7228119969367981,4.847595691680908,0.8271493315696716,-0.6654375791549683,15.540761947631836
1608,73.25784301757812,24.216218242645265,1001,1.439258098602295,0.0003,1,a2c_lr_opt_seed1,-0.0704319030046463,3.021113872528076,0.8669282793998718,0.10975145548582077,6.164444446563721
1609,191.67440795898438,26.621324138641356,693,175.01307678222656,0.0003,1,a2c_lr_opt_seed1,1.4196932315826416,347.18829345703125,0.763392448425293,6.590394973754883,190.58419799804688
1610,59.76075744628906,31.388634929656984,1001,4.443637371063232,0.0003,1,a2c_lr_opt_seed1,-0.14693224430084229,9.182499885559082,0.6806439161300659,-0.17747116088867188,10.493871688842773
1611,140.5364227294922,36.486982402801516,639,166.45132446289062,0.0003,1,a2c_lr_opt_seed1,1.7453367710113525,329.4134826660156,0.7534503936767578,7.0603437423706055,193.06324768066406
1612,-54.370540618896484,31.377338008880614,460,178.22161865234375,0.0003,1,a2c_lr_opt_seed1,-0.6060231328010559,357.6567687988281,0.7461951971054077,-4.6493940353393555,151.82540893554688
1612,-54.370540618896484,31.377338008880614,460,10.875401496887207,0.0003,1,a2c_lr_opt_seed1,1.4642287492752075,18.823991775512695,0.8232371807098389,1.8211829662322998,59.98472213745117
1612,-54.370540618896484,31.377338008880614,460,6.366377353668213,0.0003,1,a2c_lr_opt_seed1,0.5843949317932129,11.565582275390625,0.8086689114570618,0.7441688179969788,31.634136199951172
1612,-54.370540618896484,31.377338008880614,460,3.5127997398376465,0.0003,1,a2c_lr_opt_seed1,0.016846925020217896,6.993536949157715,0.8155480027198792,0.024238958954811096,11.46931266784668
1612,-54.370540618896484,31.377338008880614,460,2.5795795917510986,0.0003,1,a2c_lr_opt_seed1,-0.308224618434906,5.777334213256836,0.8628209829330444,-0.28774017095565796,14.249445915222168
1612,-54.370540618896484,31.377338008880614,460,14.754583358764648,0.0003,1,a2c_lr_opt_seed1,0.7327805757522583,28.045284271240234,0.8394197225570679,0.92882239818573,23.003000259399414
1612,-54.370540618896484,31.377338008880614,460,15.616853713989258,0.0003,1,a2c_lr_opt_seed1,1.2173022031784058,28.800809860229492,0.8537296056747437,0.723564624786377,23.396331787109375
1612,-54.370540618896484,31.377338008880614,460,5.859411716461182,0.0003,1,a2c_lr_opt_seed1,-1.1571205854415894,14.034703254699707,0.8192501664161682,-1.069279432296753,29.515493392944336
1612,-54.370540618896484,31.377338008880614,460,7.993778228759766,0.0003,1,a2c_lr_opt_seed1,-0.3729467988014221,16.73514175415039,0.8458667397499084,-0.37832337617874146,13.197396278381348
1613,77.42534637451172,33.73078969955444,1001,8.156739234924316,0.0003,1,a2c_lr_opt_seed1,-0.16505585610866547,16.645326614379883,0.8678747415542603,-0.3633343577384949,20.924842834472656
1613,77.42534637451172,33.73078969955444,1001,8.947312355041504,0.0003,1,a2c_lr_opt_seed1,0.5216752290725708,16.85310935974121,0.9171295166015625,0.26561838388442993,14.659263610839844
1613,77.42534637451172,33.73078969955444,1001,6.652091026306152,0.0003,1,a2c_lr_opt_seed1,-1.2769588232040405,15.859753608703613,0.8267956376075745,-1.100947380065918,32.45006561279297
1613,77.42534637451172,33.73078969955444,1001,4.238960266113281,0.0003,1,a2c_lr_opt_seed1,-0.43869683146476746,9.357075691223145,0.8808079957962036,-0.42317986488342285,12.298433303833008
1613,77.42534637451172,33.73078969955444,1001,35.97294235229492,0.0003,1,a2c_lr_opt_seed1,0.9701507091522217,70.00711059570312,0.7631210684776306,0.6645708084106445,34.41580581665039
1613,77.42534637451172,33.73078969955444,1001,13.156617164611816,0.0003,1,a2c_lr_opt_seed1,0.7231705188751221,24.868389129638672,0.7472927570343018,1.5193171501159668,35.74592590332031
1614,180.58950805664062,35.755452480316166,584,169.1682891845703,0.0003,1,a2c_lr_opt_seed1,-0.5868465304374695,339.5115966796875,0.6514562368392944,5.345258712768555,184.54347229003906
1615,35.72272491455078,35.01611043930054,922,192.87814331054688,0.0003,1,a2c_lr_opt_seed1,2.1369400024414062,381.48382568359375,0.708040714263916,7.119739532470703,201.72418212890625
1615,35.72272491455078,35.01611043930054,922,0.8931633234024048,0.0003,1,a2c_lr_opt_seed1,-0.5829818248748779,2.95392107963562,0.8154202103614807,-0.48218339681625366,11.431007385253906
1616,91.2424545288086,37.806434383392336,1001,4.225570201873779,0.0003,1,a2c_lr_opt_seed1,0.5416697859764099,7.36940336227417,0.8010208606719971,0.7603490948677063,30.498300552368164
1617,69.75668334960938,38.4575001335144,1001,3.2622430324554443,0.0003,1,a2c_lr_opt_seed1,-0.06396359205245972,6.654173374176025,0.8800785541534424,-0.03302736580371857,10.279251098632812
1617,69.75668334960938,38.4575001335144,1001,3.75361704826355,0.0003,1,a2c_lr_opt_seed1,-0.6268151998519897,8.762578964233398,0.8571527600288391,-0.30945631861686707,13.791573524475098
1617,69.75668334960938,38.4575001335144,1001,5.966947555541992,0.0003,1,a2c_lr_opt_seed1,0.9590897560119629,10.017400741577148,0.8423660397529602,1.341787338256836,34.849674224853516
1617,69.75668334960938,38.4575001335144,1001,3.364595413208008,0.0003,1,a2c_lr_opt_seed1,0.44512033462524414,5.840734958648682,0.8922964930534363,0.6677835583686829,21.456531524658203
1617,69.75668334960938,38.4575001335144,1001,9.966026306152344,0.0003,1,a2c_lr_opt_seed1,0.09529447555541992,19.743051528930664,0.7937207221984863,1.1321179866790771,32.10101318359375
1617,69.75668334960938,38.4575001335144,1001,6.297713756561279,0.0003,1,a2c_lr_opt_seed1,0.06252102553844452,12.472014427185059,0.8146196007728577,0.4537471830844879,18.77749252319336
1617,69.75668334960938,38.4575001335144,1001,2.4119632244110107,0.0003,1,a2c_lr_opt_seed1,-0.4567239582538605,5.738847732543945,0.7366371154785156,-0.023520685732364655,9.838764190673828
1617,69.75668334960938,38.4575001335144,1001,0.9702828526496887,0.0003,1,a2c_lr_opt_seed1,-0.05184449627995491,2.045743227005005,0.7442785501480103,0.0680236890912056,6.795548439025879
1618,108.98860168457031,38.89582395553589,880,96.66741180419922,0.0003,1,a2c_lr_opt_seed1,-0.30202534794807434,193.94049072265625,0.8068155646324158,1.8363664150238037,72.5284194946289
1618,108.98860168457031,38.89582395553589,880,4.230892181396484,0.0003,1,a2c_lr_opt_seed1,0.24400639533996582,7.97548770904541,0.8583908677101135,0.3933115303516388,16.8897647857666
1620,-27.634864807128906,36.67159917831421,429,104.75827026367188,0.0003,1,a2c_lr_opt_seed1,-2.1716835498809814,213.86148071289062,0.7877751588821411,-3.199173927307129,77.94296264648438
1620,-27.634864807128906,36.67159917831421,429,4.595950603485107,0.0003,1,a2c_lr_opt_seed1,0.36869725584983826,8.456167221069336,0.8302910327911377,0.7079013586044312,20.60741424560547
1622,87.52977752685547,37.48258665084839,1001,202.3042449951172,0.0003,1,a2c_lr_opt_seed1,-1.3523502349853516,407.3148498535156,0.8181378841400146,-2.1476261615753174,86.0240478515625
1623,-57.87619400024414,37.50006521224976,403,245.05104064941406,0.0003,1,a2c_lr_opt_seed1,-0.09361603111028671,490.2908630371094,0.7843778133392334,-5.4991044998168945,213.83982849121094
1623,-57.87619400024414,37.50006521224976,403,9.048029899597168,0.0003,1,a2c_lr_opt_seed1,1.5542020797729492,14.989415168762207,0.879899799823761,1.8819284439086914,54.08568572998047
1623,-57.87619400024414,37.50006521224976,403,11.304020881652832,0.0003,1,a2c_lr_opt_seed1,0.6629087328910828,21.28390121459961,0.838554859161377,0.9891869425773621,26.337818145751953
1623,-57.87619400024414,37.50006521224976,403,9.100543022155762,0.0003,1,a2c_lr_opt_seed1,-0.11120402067899704,18.425195693969727,0.8504497408866882,0.06026771664619446,9.620171546936035
1623,-57.87619400024414,37.50006521224976,403,4.412508964538574,0.0003,1,a2c_lr_opt_seed1,-0.9992337226867676,10.825194358825684,0.8546252846717834,-0.8230128288269043,22.366487503051758
1623,-57.87619400024414,37.50006521224976,403,2.732971429824829,0.0003,1,a2c_lr_opt_seed1,-1.0004239082336426,7.468459129333496,0.8341742753982544,-0.6920474767684937,24.11492347717285
1623,-57.87619400024414,37.50006521224976,403,2.428866386413574,0.0003,1,a2c_lr_opt_seed1,-0.9376622438430786,6.734810829162598,0.8768023252487183,-0.7018105387687683,22.564781188964844
1623,-57.87619400024414,37.50006521224976,403,2.502210855484009,0.0003,1,a2c_lr_opt_seed1,-1.1686521768569946,7.343442916870117,0.8585990071296692,-1.0694580078125,27.014333724975586
1624,64.98175048828125,38.0929909324646,1001,14.684782981872559,0.0003,1,a2c_lr_opt_seed1,-1.469606637954712,32.310550689697266,0.8856227993965149,-1.6055444478988647,45.5355110168457
1624,64.98175048828125,38.0929909324646,1001,15.572903633117676,0.0003,1,a2c_lr_opt_seed1,-1.038698434829712,33.224605560302734,0.7008806467056274,0.43861886858940125,21.810937881469727
1624,64.98175048828125,38.0929909324646,1001,8.149840354919434,0.0003,1,a2c_lr_opt_seed1,-0.938568651676178,18.17824935913086,0.7152802348136902,0.40217411518096924,32.55754852294922
1624,64.98175048828125,38.0929909324646,1001,2.672715425491333,0.0003,1,a2c_lr_opt_seed1,-0.8800311088562012,7.106831073760986,0.6690141558647156,-0.6527020931243896,21.08389663696289
1626,163.51016235351562,37.789964504241944,553,200.4833984375,0.0003,1,a2c_lr_opt_seed1,0.427228182554245,400.11376953125,0.7240715026855469,5.75914192199707,164.4547882080078
1626,163.51016235351562,37.789964504241944,553,5.065186977386475,0.0003,1,a2c_lr_opt_seed1,0.3306393623352051,9.470762252807617,0.8333064317703247,0.30145061016082764,10.233864784240723
1627,-89.61450958251953,38.43963018417358,490,216.4286346435547,0.0003,1,a2c_lr_opt_seed1,-2.3527371883392334,437.5643615722656,0.8114541172981262,-6.547536373138428,203.01698303222656
1627,-89.61450958251953,38.43963018417358,490,8.69719409942627,0.0003,1,a2c_lr_opt_seed1,0.13593271374702454,17.124309539794922,0.8931679725646973,0.7048718929290771,34.99829864501953
1627,-89.61450958251953,38.43963018417358,490,18.427717208862305,0.0003,1,a2c_lr_opt_seed1,-0.16620098054409027,37.189483642578125,0.8245262503623962,-0.10155681520700455,23.57105255126953
1629,86.21344757080078,36.32093275070191,1001,39.91836929321289,0.0003,1,a2c_lr_opt_seed1,-0.9195661544799805,81.67735290527344,0.7394205331802368,-1.3701168298721313,38.2596321105957
1629,86.21344757080078,36.32093275070191,1001,8.686103820800781,0.0003,1,a2c_lr_opt_seed1,0.07162222266197205,17.23050308227539,0.769562304019928,0.23982739448547363,26.3311824798584
1629,86.21344757080078,36.32093275070191,1001,5.150734901428223,0.0003,1,a2c_lr_opt_seed1,0.4794921576976776,9.343979835510254,0.747240424156189,0.851508378982544,25.493465423583984
1629,86.21344757080078,36.32093275070191,1001,1.3444207906723022,0.0003,1,a2c_lr_opt_seed1,-0.9106259346008301,4.5116658210754395,0.7862309217453003,-1.0081106424331665,29.096773147583008
1629,86.21344757080078,36.32093275070191,1001,1.419216513633728,0.0003,1,a2c_lr_opt_seed1,0.17622335255146027,2.4876585006713867,0.836125373840332,0.22910843789577484,6.5364508628845215
1629,86.21344757080078,36.32093275070191,1001,1.803990125656128,0.0003,1,a2c_lr_opt_seed1,-0.1586231142282486,3.926906108856201,0.839874804019928,0.05346990376710892,4.692928791046143
1629,86.21344757080078,36.32093275070191,1001,2.771674633026123,0.0003,1,a2c_lr_opt_seed1,-1.5629172325134277,8.670910835266113,0.8634395599365234,-1.7745424509048462,55.59493637084961
1629,86.21344757080078,36.32093275070191,1001,1.3466641902923584,0.0003,1,a2c_lr_opt_seed1,-0.502286434173584,3.699456214904785,0.7774447202682495,-0.5419564843177795,16.07601547241211
1629,86.21344757080078,36.32093275070191,1001,4.478024005889893,0.0003,1,a2c_lr_opt_seed1,0.3667348325252533,8.224164009094238,0.7931797504425049,0.6617826223373413,16.015316009521484
1629,86.21344757080078,36.32093275070191,1001,1.2044998407363892,0.0003,1,a2c_lr_opt_seed1,-0.8743154406547546,4.159101486206055,0.7353795170783997,-0.44034793972969055,22.07453727722168
1629,86.21344757080078,36.32093275070191,1001,3.184056282043457,0.0003,1,a2c_lr_opt_seed1,-0.17637962102890015,6.722433567047119,0.7807208895683289,-0.1602378487586975,12.168485641479492
1630,89.57833862304688,37.35407827377319,1001,1.9100780487060547,0.0003,1,a2c_lr_opt_seed1,-0.24219900369644165,4.306274890899658,0.8604235649108887,-0.24897396564483643,7.577258586883545
1630,89.57833862304688,37.35407827377319,1001,2.1577985286712646,0.0003,1,a2c_lr_opt_seed1,-0.26083505153656006,4.838919162750244,0.8260362148284912,-0.18583136796951294,10.166267395019531
1631,13.826369285583496,35.9800386428833,1001,22.39781951904297,0.0003,1,a2c_lr_opt_seed1,-0.9115211963653564,46.61994934082031,0.633679986000061,0.006365776062011719,34.729793548583984
1631,13.826369285583496,35.9800386428833,1001,16.76937484741211,0.0003,1,a2c_lr_opt_seed1,-0.9707286953926086,35.481285095214844,0.5394920110702515,-0.8042758703231812,31.980731964111328
1633,153.56082153320312,39.18204044342041,666,286.8902893066406,0.0003,1,a2c_lr_opt_seed1,1.3351935148239136,571.1113891601562,0.6056392788887024,4.7784271240234375,177.62916564941406
1633,153.56082153320312,39.18204044342041,666,45.31013488769531,0.0003,1,a2c_lr_opt_seed1,2.1024630069732666,86.41678619384766,0.7197406888008118,3.9106621742248535,98.64966583251953
1633,153.56082153320312,39.18204044342041,666,10.154183387756348,0.0003,1,a2c_lr_opt_seed1,0.39305979013442993,19.523563385009766,0.6576371192932129,1.3916540145874023,42.9026985168457
1634,131.80886840820312,39.71448642730713,752,198.6277618408203,0.0003,1,a2c_lr_opt_seed1,-0.04050035402178764,397.33795166015625,0.7179813981056213,6.3373517990112305,240.1732177734375
1634,131.80886840820312,39.71448642730713,752,2.9048078060150146,0.0003,1,a2c_lr_opt_seed1,-1.0694384574890137,7.950003623962402,0.7554646730422974,-1.167230248451233,36.91067886352539
1634,131.80886840820312,39.71448642730713,752,2.1873996257781982,0.0003,1,a2c_lr_opt_seed1,-0.12601780891418457,4.628399848937988,0.78240567445755,0.15285304188728333,12.350415229797363
1634,131.80886840820312,39.71448642730713,752,1.3935976028442383,0.0003,1,a2c_lr_opt_seed1,-0.14913208782672882,3.0871400833129883,0.8402998447418213,-0.08261153101921082,5.134801864624023
1634,131.80886840820312,39.71448642730713,752,2.351418972015381,0.0003,1,a2c_lr_opt_seed1,0.3406285047531128,4.023176670074463,0.7977479100227356,0.4148118793964386,20.005279541015625
1635,49.489479064941406,40.328406448364255,1001,4.348193168640137,0.0003,1,a2c_lr_opt_seed1,-0.8487749099731445,10.395597457885742,0.8307508826255798,-0.6333646178245544,20.410531997680664
1635,49.489479064941406,40.328406448364255,1001,16.514196395874023,0.0003,1,a2c_lr_opt_seed1,0.8745272755622864,31.281103134155273,0.8825989365577698,1.318288803100586,62.159671783447266
1635,49.489479064941406,40.328406448364255,1001,2.668619394302368,0.0003,1,a2c_lr_opt_seed1,0.30339640378952026,4.732138156890869,0.8460389375686646,0.3192654848098755,12.453516006469727
1635,49.489479064941406,40.328406448364255,1001,0.8583337068557739,0.0003,1,a2c_lr_opt_seed1,-0.6005574464797974,2.9194893836975098,0.8535252809524536,-0.541156530380249,14.480554580688477
1635,49.489479064941406,40.328406448364255,1001,1.067264437675476,0.0003,1,a2c_lr_opt_seed1,-0.7231535315513611,3.582528591156006,0.8462990522384644,-0.806699812412262,21.621994018554688
1635,49.489479064941406,40.328406448364255,1001,4.513666152954102,0.0003,1,a2c_lr_opt_seed1,-0.7265118360519409,10.482168197631836,0.9061942100524902,-0.9399627447128296,39.944114685058594
1636,49.979732513427734,43.16922500610352,1001,5.017972946166992,0.0003,1,a2c_lr_opt_seed1,-0.6812742352485657,11.400083541870117,0.7944667339324951,-0.7271876931190491,23.699764251708984
1636,49.979732513427734,43.16922500610352,1001,17.073833465576172,0.0003,1,a2c_lr_opt_seed1,1.5899161100387573,30.969589233398438,0.8764969706535339,2.3216259479522705,62.175209045410156
1637,31.290437698364258,45.559195289611814,1001,25.647327423095703,0.0003,1,a2c_lr_opt_seed1,1.1518948078155518,48.992557525634766,0.8476830124855042,1.9827184677124023,81.38142395019531
1637,31.290437698364258,45.559195289611814,1001,1.1623643636703491,0.0003,1,a2c_lr_opt_seed1,-0.9470739364624023,4.220739841461182,0.931671679019928,-0.922504723072052,25.601715087890625
1637,31.290437698364258,45.559195289611814,1001,0.6946866512298584,0.0003,1,a2c_lr_opt_seed1,-0.6918458938598633,2.774909019470215,0.9219681024551392,-0.7132693529129028,20.52259635925293
1637,31.290437698364258,45.559195289611814,1001,0.7355608344078064,0.0003,1,a2c_lr_opt_seed1,-1.0378401279449463,3.5486268997192383,0.9124755859375,-0.9218699932098389,24.96634292602539
1637,31.290437698364258,45.559195289611814,1001,21.7309627532959,0.0003,1,a2c_lr_opt_seed1,1.028957724571228,41.40569305419922,0.8406468629837036,1.2493555545806885,36.398250579833984
1639,-76.80147552490234,43.12469799041748,557,242.4339599609375,0.0003,1,a2c_lr_opt_seed1,-3.1403815746307373,491.1500549316406,0.6861191391944885,-5.334994316101074,162.08038330078125
1639,-76.80147552490234,43.12469799041748,557,7.824443340301514,0.0003,1,a2c_lr_opt_seed1,-0.1876782476902008,16.025686264038086,0.7212915420532227,-0.3627018332481384,21.798282623291016
1639,-76.80147552490234,43.12469799041748,557,9.452865600585938,0.0003,1,a2c_lr_opt_seed1,1.3185458183288574,16.270164489746094,0.7632687091827393,1.8582699298858643,61.942405700683594
1640,128.77780151367188,45.550486125946044,816,162.30259704589844,0.0003,1,a2c_lr_opt_seed1,0.14562414586544037,324.3154602050781,0.757934033870697,4.203136444091797,147.34765625
1640,128.77780151367188,45.550486125946044,816,6.69912576675415,0.0003,1,a2c_lr_opt_seed1,-0.2673954367637634,13.934707641601562,0.832396924495697,-0.2480449676513672,13.364680290222168
1640,128.77780151367188,45.550486125946044,816,3.8945367336273193,0.0003,1,a2c_lr_opt_seed1,-0.3556094467639923,8.502029418945312,0.8685433864593506,-0.3185741901397705,14.658753395080566
1641,57.92681884765625,49.21390653610229,1001,3.7015810012817383,0.0003,1,a2c_lr_opt_seed1,0.27027714252471924,6.864352703094482,0.8726770877838135,0.4422692358493805,15.860511779785156
1641,57.92681884765625,49.21390653610229,1001,3.180020809173584,0.0003,1,a2c_lr_opt_seed1,-0.12904953956604004,6.619931221008301,0.895260751247406,0.06046086549758911,9.64783000946045
1641,57.92681884765625,49.21390653610229,1001,30.984338760375977,0.0003,1,a2c_lr_opt_seed1,-2.1041016578674316,66.17853546142578,0.8286253213882446,-3.3181045055389404,90.92066955566406
1642,-122.34423828125,46.186918087005616,701,59.7547492980957,0.0003,1,a2c_lr_opt_seed1,-0.5753283500671387,120.6617660522461,0.803458034992218,-1.8968714475631714,60.202796936035156
1643,50.235633850097656,50.25631093978882,1001,7.557206153869629,0.0003,1,a2c_lr_opt_seed1,0.005685493350028992,15.10476016998291,0.859350860118866,0.3590145707130432,18.415550231933594
1643,50.235633850097656,50.25631093978882,1001,3.8942368030548096,0.0003,1,a2c_lr_opt_seed1,0.2990953326225281,7.192104816436768,0.9110307097434998,0.561883270740509,20.75326156616211
1643,50.235633850097656,50.25631093978882,1001,12.768590927124023,0.0003,1,a2c_lr_opt_seed1,1.3852660655975342,22.768335342407227,0.8426069021224976,1.2987475395202637,36.287559509277344
1643,50.235633850097656,50.25631093978882,1001,4.204036712646484,0.0003,1,a2c_lr_opt_seed1,-0.5257775783538818,9.461426734924316,0.8991038203239441,0.04316537827253342,9.412263870239258
1643,50.235633850097656,50.25631093978882,1001,9.470861434936523,0.0003,1,a2c_lr_opt_seed1,0.3105997145175934,18.322242736816406,0.8588721752166748,0.697769284248352,22.802522659301758
1643,50.235633850097656,50.25631093978882,1001,19.070858001708984,0.0003,1,a2c_lr_opt_seed1,0.12109100818634033,37.90121078491211,0.8399437069892883,0.6831170916557312,21.59788703918457
1643,50.235633850097656,50.25631093978882,1001,14.727360725402832,0.0003,1,a2c_lr_opt_seed1,-1.7372545003890991,32.93101501464844,0.8926569223403931,-1.7203766107559204,52.12519073486328
1643,50.235633850097656,50.25631093978882,1001,46.8127326965332,0.0003,1,a2c_lr_opt_seed1,-2.7418222427368164,99.1107177734375,0.8053593635559082,-3.4389848709106445,99.04900360107422
1644,-103.33641052246094,46.357914180755614,572,117.78008270263672,0.0003,1,a2c_lr_opt_seed1,-0.7567349076271057,237.07518005371094,0.769917368888855,-3.6350505352020264,112.93579864501953
1644,-103.33641052246094,46.357914180755614,572,7.399955749511719,0.0003,1,a2c_lr_opt_seed1,0.0526849627494812,14.696098327636719,0.7782912254333496,0.3763287663459778,17.00187110900879
1644,-103.33641052246094,46.357914180755614,572,31.658735275268555,0.0003,1,a2c_lr_opt_seed1,-0.3821582794189453,64.08283996582031,0.5267786979675293,1.0573545694351196,33.38544845581055
1645,112.33763885498047,45.85791616439819,687,202.62742614746094,0.0003,1,a2c_lr_opt_seed1,-0.6209201812744141,406.4977111816406,0.499406635761261,6.3842668533325195,207.24273681640625
1646,150.9730224609375,47.17755163192749,488,84.6925048828125,0.0003,1,a2c_lr_opt_seed1,-0.183674618601799,169.753662109375,0.6456100940704346,2.410576105117798,83.0246810913086
1647,138.11141967773438,48.51027486801147,644,178.7064666748047,0.0003,1,a2c_lr_opt_seed1,0.5174787044525146,356.3793640136719,0.6793597936630249,5.327484130859375,163.5773468017578
1648,29.897991180419922,45.59898817062378,1001,6.6611175537109375,0.0003,1,a2c_lr_opt_seed1,0.9727960228919983,11.37832260131836,0.839793860912323,1.294190764427185,32.252197265625
1648,29.897991180419922,45.59898817062378,1001,3.532487630844116,0.0003,1,a2c_lr_opt_seed1,0.3552378714084625,6.356308460235596,0.9044771790504456,0.42901411652565,20.403926849365234
1649,67.28085327148438,46.561014575958254,1001,5.501430034637451,0.0003,1,a2c_lr_opt_seed1,-0.6386507749557495,12.281851768493652,0.8448832631111145,-0.5021586418151855,23.56740379333496
1649,67.28085327148438,46.561014575958254,1001,4.309570789337158,0.0003,1,a2c_lr_opt_seed1,0.2575511038303375,8.105634689331055,0.7976396679878235,0.7830440402030945,24.036046981811523
1649,67.28085327148438,46.561014575958254,1001,4.359521865844727,0.0003,1,a2c_lr_opt_seed1,0.2841910123825073,8.152435302734375,0.8870378732681274,0.417024701833725,22.420682907104492
1649,67.28085327148438,46.561014575958254,1001,2.2894792556762695,0.0003,1,a2c_lr_opt_seed1,0.18508228659629822,4.210578441619873,0.892272412776947,0.3570796251296997,17.426586151123047
1649,67.28085327148438,46.561014575958254,1001,7.576825141906738,0.0003,1,a2c_lr_opt_seed1,-0.4181095063686371,15.991437911987305,0.7845004796981812,-0.6100277304649353,37.09901428222656
1649,67.28085327148438,46.561014575958254,1001,2.7315001487731934,0.0003,1,a2c_lr_opt_seed1,-0.39355868101119995,6.251504898071289,0.6936155557632446,0.3670935034751892,17.698781967163086
1649,67.28085327148438,46.561014575958254,1001,2.1975066661834717,0.0003,1,a2c_lr_opt_seed1,-0.11897848546504974,4.634422302246094,0.7258893251419067,0.1732720285654068,9.426408767700195
1649,67.28085327148438,46.561014575958254,1001,1.6254138946533203,0.0003,1,a2c_lr_opt_seed1,-0.307243674993515,3.8669207096099854,0.8027347922325134,-0.34739944338798523,10.198587417602539
1649,67.28085327148438,46.561014575958254,1001,16.961490631103516,0.0003,1,a2c_lr_opt_seed1,-1.7325701713562012,37.389610290527344,0.7432211637496948,-2.255341053009033,57.34780502319336
1650,-102.42102813720703,42.22924882888794,542,77.486083984375,0.0003,1,a2c_lr_opt_seed1,-0.26343923807144165,155.50050354003906,0.7240023016929626,-1.9600529670715332,73.83219146728516
1650,-102.42102813720703,42.22924882888794,542,0.8722937703132629,0.0003,1,a2c_lr_opt_seed1,-1.2001068592071533,4.146304607391357,0.7516947984695435,-1.2477200031280518,32.5843620300293
1650,-102.42102813720703,42.22924882888794,542,0.7662416100502014,0.0003,1,a2c_lr_opt_seed1,-0.5603024959564209,2.6546146869659424,0.763242781162262,-0.5599262714385986,15.262412071228027
1650,-102.42102813720703,42.22924882888794,542,1.519844889640808,0.0003,1,a2c_lr_opt_seed1,-0.7442108988761902,4.529617786407471,0.7529938220977783,-0.7138798832893372,19.151079177856445
1650,-102.42102813720703,42.22924882888794,542,0.9537295699119568,0.0003,1,a2c_lr_opt_seed1,-0.15731894969940186,2.2235679626464844,0.7354422211647034,0.05487390607595444,4.8180952072143555
1652,43.885677337646484,46.77575494766236,1001,98.47614288330078,0.0003,1,a2c_lr_opt_seed1,0.7977330684661865,195.35848999023438,0.8324041962623596,2.7003939151763916,75.90562438964844
1652,43.885677337646484,46.77575494766236,1001,3.7961671352386475,0.0003,1,a2c_lr_opt_seed1,0.2620767056941986,7.070051670074463,0.9353523254394531,0.4029878079891205,24.027477264404297
1652,43.885677337646484,46.77575494766236,1001,13.616910934448242,0.0003,1,a2c_lr_opt_seed1,0.4468899965286255,26.341758728027344,0.8583421111106873,0.9390652775764465,39.49592971801758
1653,-75.02226257324219,42.957658786773685,710,168.4235076904297,0.0003,1,a2c_lr_opt_seed1,-0.7351802587509155,338.31890869140625,0.7629131078720093,-4.696689605712891,168.23199462890625
1654,132.4989776611328,47.96150506973267,672,151.32264709472656,0.0003,1,a2c_lr_opt_seed1,-0.09006848186254501,302.8270568847656,0.8139644861221313,4.026761054992676,140.28761291503906
1655,-76.65995788574219,45.26170358657837,660,83.97007751464844,0.0003,1,a2c_lr_opt_seed1,-0.12032099813222885,168.1824493408203,0.8277735114097595,-1.4893239736557007,59.8621940612793
1655,-76.65995788574219,45.26170358657837,660,3.086766481399536,0.0003,1,a2c_lr_opt_seed1,-0.6465768218040466,7.468410491943359,0.8619675636291504,-0.5028253793716431,14.357951164245605
1655,-76.65995788574219,45.26170358657837,660,2.3587629795074463,0.0003,1,a2c_lr_opt_seed1,0.014009714126586914,4.691195487976074,0.8444935083389282,0.08626711368560791,6.075983047485352
1655,-76.65995788574219,45.26170358657837,660,1.4801679849624634,0.0003,1,a2c_lr_opt_seed1,-0.8354988694190979,4.632962703704834,0.8145792484283447,-0.7843359112739563,27.51369285583496
1655,-76.65995788574219,45.26170358657837,660,2.3578736782073975,0.0003,1,a2c_lr_opt_seed1,-0.6578975319862366,6.033281326293945,0.8694871664047241,-0.7597284913063049,21.376718521118164
1655,-76.65995788574219,45.26170358657837,660,1.7274746894836426,0.0003,1,a2c_lr_opt_seed1,-0.5698909759521484,4.596505165100098,0.8869644999504089,-0.4941910207271576,15.874065399169922
1655,-76.65995788574219,45.26170358657837,660,1.698033094406128,0.0003,1,a2c_lr_opt_seed1,-1.0607547760009766,5.519308090209961,0.8661711812019348,-1.1569417715072632,33.685726165771484
1655,-76.65995788574219,45.26170358657837,660,12.213253021240234,0.0003,1,a2c_lr_opt_seed1,-0.6420109272003174,25.712221145629883,0.8466243743896484,-0.5297726392745972,33.82707977294922
1656,71.9598617553711,47.71263658523559,1001,4.902012348175049,0.0003,1,a2c_lr_opt_seed1,0.2252620905637741,9.355127334594727,0.8135058879852295,0.519912600517273,21.615657806396484
1656,71.9598617553711,47.71263658523559,1001,8.832537651062012,0.0003,1,a2c_lr_opt_seed1,1.304174780845642,15.058361053466797,0.8171567916870117,1.4599757194519043,45.00508499145508
1656,71.9598617553711,47.71263658523559,1001,5.448676109313965,0.0003,1,a2c_lr_opt_seed1,-0.11952240765094757,11.138132095336914,0.8674485683441162,-0.23325186967849731,19.949054718017578
1656,71.9598617553711,47.71263658523559,1001,1.018602728843689,0.0003,1,a2c_lr_opt_seed1,-0.3511064350605011,2.741111993789673,0.8468625545501709,-0.38095641136169434,12.776847839355469
1657,13.033635139465332,44.971952476501464,1001,5.331160068511963,0.0003,1,a2c_lr_opt_seed1,-0.5504884719848633,11.765105247497559,0.9039220809936523,-0.3875335156917572,22.87139892578125
1657,13.033635139465332,44.971952476501464,1001,4.1077351570129395,0.0003,1,a2c_lr_opt_seed1,-0.8057936429977417,9.828859329223633,0.9006121754646301,-0.7228727340698242,25.548288345336914
1657,13.033635139465332,44.971952476501464,1001,24.87388801574707,0.0003,1,a2c_lr_opt_seed1,2.794137954711914,44.161170959472656,0.8352639079093933,3.193057060241699,81.5888900756836
1657,13.033635139465332,44.971952476501464,1001,4.3248066902160645,0.0003,1,a2c_lr_opt_seed1,0.2141425758600235,8.223139762878418,0.9059954881668091,0.34870314598083496,15.920930862426758
1657,13.033635139465332,44.971952476501464,1001,1.8856916427612305,0.0003,1,a2c_lr_opt_seed1,-0.192253977060318,4.157739639282227,0.9242382049560547,-0.0604410395026207,5.160745620727539
1657,13.033635139465332,44.971952476501464,1001,2.335658073425293,0.0003,1,a2c_lr_opt_seed1,-1.7308969497680664,8.134778022766113,0.8340513706207275,-1.5654091835021973,44.28770446777344
1657,13.033635139465332,44.971952476501464,1001,2.409101724624634,0.0003,1,a2c_lr_opt_seed1,0.0881577730178833,4.643567085266113,0.8395707011222839,0.35854533314704895,11.746750831604004
1657,13.033635139465332,44.971952476501464,1001,2.1803319454193115,0.0003,1,a2c_lr_opt_seed1,-0.33142417669296265,5.025300979614258,0.8943595290184021,-0.32050850987434387,10.443591117858887
1658,107.2988510131836,45.65277263641357,971,150.70726013183594,0.0003,1,a2c_lr_opt_seed1,0.26663172245025635,300.883056640625,0.8996404409408569,3.814722776412964,140.84181213378906
1658,107.2988510131836,45.65277263641357,971,6.849914073944092,0.0003,1,a2c_lr_opt_seed1,0.7998563051223755,12.101980209350586,0.9323722124099731,1.2438414096832275,38.809234619140625
1658,107.2988510131836,45.65277263641357,971,10.987957954406738,0.0003,1,a2c_lr_opt_seed1,0.05830541253089905,21.861038208007812,0.8666713237762451,0.9178060293197632,30.741863250732422
1658,107.2988510131836,45.65277263641357,971,2.590770959854126,0.0003,1,a2c_lr_opt_seed1,-0.12796927988529205,5.439210891723633,0.8652584552764893,0.19583231210708618,7.851003170013428
1659,117.61695861816406,44.171623649597166,797,162.83322143554688,0.0003,1,a2c_lr_opt_seed1,0.40752974152565,324.85302734375,0.8224962949752808,4.709906101226807,141.1302032470703
1659,117.61695861816406,44.171623649597166,797,37.460697174072266,0.0003,1,a2c_lr_opt_seed1,-0.620456874370575,76.16348266601562,0.5882615447044373,-1.0110485553741455,37.93582534790039
1661,-5.197977066040039,38.671322402954104,1001,11.792587280273438,0.0003,1,a2c_lr_opt_seed1,-0.017475157976150513,23.621286392211914,0.5811569094657898,1.3688678741455078,35.99013137817383
1661,-5.197977066040039,38.671322402954104,1001,20.33083724975586,0.0003,1,a2c_lr_opt_seed1,-1.591206431388855,43.84543991088867,0.676466166973114,-2.282177209854126,55.22053909301758
1661,-5.197977066040039,38.671322402954104,1001,18.678022384643555,0.0003,1,a2c_lr_opt_seed1,1.2318384647369385,34.893524169921875,0.5780928134918213,1.7131850719451904,62.17631912231445
1661,-5.197977066040039,38.671322402954104,1001,3.72977614402771,0.0003,1,a2c_lr_opt_seed1,-0.07847991585731506,7.617490291595459,0.4890575706958771,0.4238049387931824,15.606654167175293
1663,136.28956604003906,40.09917945861817,569,176.23764038085938,0.0003,1,a2c_lr_opt_seed1,-0.2573918104171753,352.9913330078125,0.644745409488678,5.229809761047363,176.9569549560547
1664,39.19316864013672,37.271252670288085,1001,9.991040229797363,0.0003,1,a2c_lr_opt_seed1,0.1826471984386444,19.618223190307617,0.7181952595710754,0.7217601537704468,29.644609451293945
1665,140.66830444335938,39.37016426086426,769,148.77879333496094,0.0003,1,a2c_lr_opt_seed1,-0.3711985647678375,298.3016662597656,0.8458192348480225,4.062920570373535,133.07275390625
1665,140.66830444335938,39.37016426086426,769,1.9021319150924683,0.0003,1,a2c_lr_opt_seed1,-0.3311779797077179,4.468419551849365,0.8998609781265259,-0.36727461218833923,21.205820083618164
1665,140.66830444335938,39.37016426086426,769,2.2919559478759766,0.0003,1,a2c_lr_opt_seed1,0.14399854838848114,4.297672271728516,0.8788278102874756,0.3974471688270569,11.806254386901855
1665,140.66830444335938,39.37016426086426,769,2.1790754795074463,0.0003,1,a2c_lr_opt_seed1,-0.632445216178894,5.624817371368408,0.8881010413169861,-0.5595377683639526,18.601797103881836
1665,140.66830444335938,39.37016426086426,769,8.087738037109375,0.0003,1,a2c_lr_opt_seed1,-0.6709848642349243,17.519126892089844,0.8405881524085999,-0.5612766742706299,22.696746826171875
1665,140.66830444335938,39.37016426086426,769,2.613682270050049,0.0003,1,a2c_lr_opt_seed1,-0.6079809069633484,6.444921493530273,0.7976083159446716,-0.40218064188957214,19.823680877685547
1665,140.66830444335938,39.37016426086426,769,2.131537914276123,0.0003,1,a2c_lr_opt_seed1,0.18219046294689178,3.9004082679748535,0.8565905094146729,0.239254891872406,7.791932106018066
1666,170.398681640625,40.953288803100584,596,72.64710235595703,0.0003,1,a2c_lr_opt_seed1,-0.8938620090484619,147.0836944580078,0.8828005790710449,0.5334516763687134,56.301971435546875
1666,170.398681640625,40.953288803100584,596,12.440009117126465,0.0003,1,a2c_lr_opt_seed1,0.7625630497932434,23.356679916381836,0.8937177062034607,1.6029493808746338,61.7183837890625
1666,170.398681640625,40.953288803100584,596,48.42161178588867,0.0003,1,a2c_lr_opt_seed1,2.69596529006958,91.4530029296875,0.8562238812446594,3.754271984100342,86.95329284667969
1666,170.398681640625,40.953288803100584,596,3.9953596591949463,0.0003,1,a2c_lr_opt_seed1,0.5631954669952393,6.866072177886963,0.8718030452728271,0.5754070281982422,16.709993362426758
1666,170.398681640625,40.953288803100584,596,6.860851287841797,0.0003,1,a2c_lr_opt_seed1,0.1530580222606659,13.416912078857422,0.6628167629241943,0.1240868866443634,16.18204116821289
1666,170.398681640625,40.953288803100584,596,7.210076808929443,0.0003,1,a2c_lr_opt_seed1,-0.1687907576560974,14.75918960571289,0.7271597981452942,0.5633314847946167,36.49803924560547
1666,170.398681640625,40.953288803100584,596,12.141558647155762,0.0003,1,a2c_lr_opt_seed1,-1.0479958057403564,26.38054656982422,0.7194758653640747,-1.1787186861038208,29.398996353149414
1667,146.91116333007812,42.49637840270996,634,135.23829650878906,0.0003,1,a2c_lr_opt_seed1,0.9905900359153748,268.49639892578125,0.4920938313007355,4.941440105438232,139.5417022705078
1667,146.91116333007812,42.49637840270996,634,2.916314125061035,0.0003,1,a2c_lr_opt_seed1,-0.41781964898109436,6.669373989105225,0.5532416105270386,0.2376733422279358,13.54093074798584
1668,128.9724578857422,42.8960555267334,578,166.3427734375,0.0003,1,a2c_lr_opt_seed1,-0.34186631441116333,333.370361328125,0.5399966239929199,4.600381851196289,159.86988830566406
1669,150.11868286132812,44.89702247619629,563,22.022056579589844,0.0003,1,a2c_lr_opt_seed1,-0.701917827129364,45.44932556152344,0.6885837912559509,-0.5328109860420227,28.33172607421875
1669,150.11868286132812,44.89702247619629,563,12.681604385375977,0.0003,1,a2c_lr_opt_seed1,0.7366264462471008,23.891395568847656,0.7200932502746582,1.072387933731079,33.50324630737305
1669,150.11868286132812,44.89702247619629,563,0.8813265562057495,0.0003,1,a2c_lr_opt_seed1,-0.3291129469871521,2.422332763671875,0.7269055247306824,-0.35151833295822144,14.35093879699707
1669,150.11868286132812,44.89702247619629,563,0.6065878868103027,0.0003,1,a2c_lr_opt_seed1,-0.43678784370422363,2.088279962539673,0.7642443180084229,-0.4365006387233734,15.532466888427734
1669,150.11868286132812,44.89702247619629,563,11.762872695922852,0.0003,1,a2c_lr_opt_seed1,-0.8190825581550598,25.165380477905273,0.7353894114494324,-1.4869308471679688,48.897159576416016
1671,200.3368682861328,48.513410873413086,718,217.5005340576172,0.0003,1,a2c_lr_opt_seed1,0.01951955072581768,434.96343994140625,0.7057987451553345,3.446643352508545,148.66343688964844
1672,70.10014343261719,48.16481819152832,1001,5.92183256149292,0.0003,1,a2c_lr_opt_seed1,0.19626089930534363,11.452754974365234,0.8059101104736328,0.5969434976577759,33.044559478759766
1672,70.10014343261719,48.16481819152832,1001,5.389657974243164,0.0003,1,a2c_lr_opt_seed1,0.8917249441146851,8.997522354125977,0.8281044363975525,1.2536768913269043,34.492095947265625
1673,109.85887145996094,51.51951950073242,1001,6.992911338806152,0.0003,1,a2c_lr_opt_seed1,-0.20752032101154327,14.402575492858887,0.8561500906944275,-0.1580389440059662,17.753177642822266
1674,-61.43572998046875,48.99116989135742,316,265.2620544433594,0.0003,1,a2c_lr_opt_seed1,-3.368656635284424,537.262939453125,0.7724997997283936,-6.664196968078613,228.7801055908203
1675,-44.11212158203125,44.930897369384766,341,226.74505615234375,0.0003,1,a2c_lr_opt_seed1,2.691288471221924,448.1090087890625,0.7387828826904297,1.8092141151428223,158.10821533203125
1675,-44.11212158203125,44.930897369384766,341,7.971200466156006,0.0003,1,a2c_lr_opt_seed1,0.9492273926734924,14.045622825622559,0.8382806777954102,1.1582832336425781,31.480730056762695
1676,54.46604537963867,42.750015029907225,1001,8.681188583374023,0.0003,1,a2c_lr_opt_seed1,0.18212570250034332,16.9996395111084,0.7573446035385132,0.9780953526496887,36.10112380981445
1676,54.46604537963867,42.750015029907225,1001,1.8612751960754395,0.0003,1,a2c_lr_opt_seed1,0.07687748968601227,3.5705602169036865,0.8823599219322205,0.3828471899032593,11.596036911010742
1676,54.46604537963867,42.750015029907225,1001,2.3281848430633545,0.0003,1,a2c_lr_opt_seed1,-0.07500356435775757,4.808145523071289,0.8842819929122925,0.10679832845926285,11.322534561157227
1676,54.46604537963867,42.750015029907225,1001,1.0810353755950928,0.0003,1,a2c_lr_opt_seed1,-0.991841733455658,4.147528171539307,0.8869428634643555,-0.869088351726532,23.76277732849121
1676,54.46604537963867,42.750015029907225,1001,1.3668203353881836,0.0003,1,a2c_lr_opt_seed1,-0.3791976571083069,3.493795394897461,0.8797382116317749,-0.29095160961151123,7.788003444671631
1676,54.46604537963867,42.750015029907225,1001,20.83390235900879,0.0003,1,a2c_lr_opt_seed1,-1.3396291732788086,44.348697662353516,0.8188180923461914,-0.8769718408584595,28.06884002685547
1676,54.46604537963867,42.750015029907225,1001,27.42225456237793,0.0003,1,a2c_lr_opt_seed1,1.2303051948547363,52.385276794433594,0.6881262063980103,2.217634439468384,58.943145751953125
1676,54.46604537963867,42.750015029907225,1001,2.631674289703369,0.0003,1,a2c_lr_opt_seed1,-0.6394252181053162,6.543540954589844,0.6708401441574097,-0.1590798795223236,11.252852439880371
1676,54.46604537963867,42.750015029907225,1001,25.348567962646484,0.0003,1,a2c_lr_opt_seed1,-1.3190265893936157,53.336544036865234,0.6772310733795166,-2.2152414321899414,66.43334197998047
1678,157.18394470214844,47.36945419311523,513,171.26255798339844,0.0003,1,a2c_lr_opt_seed1,0.0844651460647583,342.35760498046875,0.7121555805206299,1.800607681274414,89.9811782836914
1678,157.18394470214844,47.36945419311523,513,7.349935531616211,0.0003,1,a2c_lr_opt_seed1,-0.05898469686508179,14.819575309753418,0.8672981262207031,0.32761937379837036,36.13542175292969
1678,157.18394470214844,47.36945419311523,513,40.431304931640625,0.0003,1,a2c_lr_opt_seed1,2.8909707069396973,75.08226013183594,0.7985469698905945,3.3337035179138184,85.82005310058594
1678,157.18394470214844,47.36945419311523,513,3.927639961242676,0.0003,1,a2c_lr_opt_seed1,-0.00290873646736145,7.862528324127197,0.7155405282974243,0.5005313158035278,18.672338485717773
1678,157.18394470214844,47.36945419311523,513,15.36119270324707,0.0003,1,a2c_lr_opt_seed1,1.103971242904663,28.51578140258789,0.6693941354751587,1.0299898386001587,30.215717315673828
1679,200.95399475097656,49.66426513671875,547,153.7710723876953,0.0003,1,a2c_lr_opt_seed1,0.1049601137638092,307.3335876464844,0.6811969876289368,4.939818859100342,188.32252502441406
1679,200.95399475097656,49.66426513671875,547,2.2774252891540527,0.0003,1,a2c_lr_opt_seed1,-0.526475191116333,5.609282493591309,0.7408738136291504,-0.5968161821365356,20.07233428955078
1680,107.85189056396484,50.02973617553711,1001,2.3823294639587402,0.0003,1,a2c_lr_opt_seed1,-0.6363246440887451,6.038878440856934,0.7852009534835815,-0.6122032999992371,22.16233253479004
1680,107.85189056396484,50.02973617553711,1001,1.0242877006530762,0.0003,1,a2c_lr_opt_seed1,-0.04094435274600983,2.132150173187256,0.8430448174476624,-0.10585321485996246,12.945258140563965
1680,107.85189056396484,50.02973617553711,1001,1.4602806568145752,0.0003,1,a2c_lr_opt_seed1,-0.3753567934036255,3.6728572845458984,0.7911845445632935,-0.40420758724212646,17.650074005126953
1681,-48.526859283447266,48.78267160415649,332,186.24395751953125,0.0003,1,a2c_lr_opt_seed1,-1.448758840560913,375.3868713378906,0.7200449705123901,-5.118255138397217,199.00086975097656
1681,-48.526859283447266,48.78267160415649,332,10.675521850585938,0.0003,1,a2c_lr_opt_seed1,-0.37378108501434326,22.0999755859375,0.6846012473106384,-0.05829034745693207,10.04045581817627
1681,-48.526859283447266,48.78267160415649,332,0.8529176712036133,0.0003,1,a2c_lr_opt_seed1,-0.4609515070915222,2.629089832305908,0.6757391095161438,-0.2232840359210968,8.260099411010742
1681,-48.526859283447266,48.78267160415649,332,1.1073952913284302,0.0003,1,a2c_lr_opt_seed1,-0.7533818483352661,3.7228896617889404,0.6676353216171265,-0.8755503296852112,25.565271377563477
1682,189.86524963378906,54.53794153213501,453,108.30529022216797,0.0003,1,a2c_lr_opt_seed1,-0.33897900581359863,217.2900390625,0.747522234916687,2.456824779510498,88.87891387939453
1683,-94.76465606689453,49.571431980133056,320,272.65643310546875,0.0003,1,a2c_lr_opt_seed1,-3.1797776222229004,551.673828125,0.7119642496109009,-8.282541275024414,293.8382263183594
1685,82.07927703857422,48.8662619972229,1001,6.966679096221924,0.0003,1,a2c_lr_opt_seed1,-1.143971562385559,16.222749710083008,0.7244477272033691,-1.2876237630844116,44.73020935058594
1685,82.07927703857422,48.8662619972229,1001,14.656856536865234,0.0003,1,a2c_lr_opt_seed1,1.1679701805114746,26.979333877563477,0.7803418636322021,1.9464541673660278,61.948875427246094
1686,-70.3197021484375,46.460273303985595,351,218.85678100585938,0.0003,1,a2c_lr_opt_seed1,-2.052830219268799,441.8207702636719,0.7717372179031372,-3.839750051498413,123.13963317871094
1686,-70.3197021484375,46.460273303985595,351,0.982056736946106,0.0003,1,a2c_lr_opt_seed1,-0.4074282944202423,2.7806692123413086,0.849602997303009,-0.3098239004611969,8.281278610229492
1687,100.16234588623047,47.83771146774292,1001,9.969374656677246,0.0003,1,a2c_lr_opt_seed1,-0.19682610034942627,20.333982467651367,0.7903116345405579,-0.13071581721305847,23.251020431518555
1687,100.16234588623047,47.83771146774292,1001,1.3728077411651611,0.0003,1,a2c_lr_opt_seed1,-0.47164642810821533,3.6905713081359863,0.8314270377159119,-0.4614291191101074,16.11957359313965
1688,94.64195251464844,51.06217649459839,1001,3.224459648132324,0.0003,1,a2c_lr_opt_seed1,-0.3919071555137634,7.234311103820801,0.7885745763778687,-0.3832077980041504,12.404217720031738
1688,94.64195251464844,51.06217649459839,1001,28.60266876220703,0.0003,1,a2c_lr_opt_seed1,2.7052156925201416,51.79664993286133,0.8712254762649536,2.961301326751709,72.51720428466797
1688,94.64195251464844,51.06217649459839,1001,1.7860934734344482,0.0003,1,a2c_lr_opt_seed1,-1.433411717414856,6.440778732299805,0.8842334747314453,-1.598634123802185,46.77425003051758
1688,94.64195251464844,51.06217649459839,1001,1.1926782131195068,0.0003,1,a2c_lr_opt_seed1,-0.044709090143442154,2.4764511585235596,0.8382899761199951,0.2275131195783615,6.4811530113220215
1689,-101.5728759765625,50.566748485565185,403,195.37232971191406,0.0003,1,a2c_lr_opt_seed1,-1.9999057054519653,394.74609375,0.8028516173362732,-6.711483955383301,205.07423400878906
1689,-101.5728759765625,50.566748485565185,403,1.5828568935394287,0.0003,1,a2c_lr_opt_seed1,-0.7083582878112793,4.584155559539795,0.8625878095626831,-0.6883773803710938,20.430015563964844
1689,-101.5728759765625,50.566748485565185,403,18.751014709472656,0.0003,1,a2c_lr_opt_seed1,-2.620739221572876,42.74518966674805,0.8404276371002197,-2.957012414932251,85.61370849609375
1689,-101.5728759765625,50.566748485565185,403,7.191034317016602,0.0003,1,a2c_lr_opt_seed1,0.9207341074943542,12.541869163513184,0.6340895295143127,1.405550479888916,38.36907958984375
1690,175.43902587890625,51.49997297286987,471,180.2946014404297,0.0003,1,a2c_lr_opt_seed1,0.01499110460281372,360.56036376953125,0.571722686290741,6.5410380363464355,223.2281494140625
1691,169.06349182128906,53.72270643234253,497,175.68716430664062,0.0003,1,a2c_lr_opt_seed1,0.3559994399547577,350.6636657714844,0.6682865023612976,6.222538471221924,219.9423828125
1691,169.06349182128906,53.72270643234253,497,6.62415075302124,0.0003,1,a2c_lr_opt_seed1,0.7875778079032898,11.674753189086914,0.8032715320587158,0.6859383583068848,16.955997467041016
1691,169.06349182128906,53.72270643234253,497,5.30737829208374,0.0003,1,a2c_lr_opt_seed1,0.0364522784948349,10.54343032836914,0.7893370389938354,0.24102705717086792,17.030519485473633
1691,169.06349182128906,53.72270643234253,497,5.231822967529297,0.0003,1,a2c_lr_opt_seed1,0.23264479637145996,9.999931335449219,0.7878896594047546,0.3928478956222534,27.107240676879883
1691,169.06349182128906,53.72270643234253,497,14.365311622619629,0.0003,1,a2c_lr_opt_seed1,0.5960551500320435,27.54000473022461,0.7454127669334412,1.0914684534072876,28.42748260498047
1691,169.06349182128906,53.72270643234253,497,4.5353240966796875,0.0003,1,a2c_lr_opt_seed1,-1.4286609888076782,11.929479598999023,0.7549309134483337,-1.8074833154678345,50.360103607177734
1691,169.06349182128906,53.72270643234253,497,7.525091171264648,0.0003,1,a2c_lr_opt_seed1,-0.26512017846107483,15.581937789916992,0.7575992941856384,-0.49397045373916626,23.394758224487305
1692,-84.38772583007812,54.48183668136597,492,94.85293579101562,0.0003,1,a2c_lr_opt_seed1,0.43455564975738525,188.8382110595703,0.7277603149414062,-0.6938507556915283,79.64122772216797
1692,-84.38772583007812,54.48183668136597,492,2.8666574954986572,0.0003,1,a2c_lr_opt_seed1,-0.35172271728515625,6.438238143920898,0.7387553453445435,-0.5040390491485596,21.971378326416016
1693,-52.50558853149414,52.42701223373413,440,175.48577880859375,0.0003,1,a2c_lr_opt_seed1,-2.0903499126434326,355.1537170410156,0.7282042503356934,-5.259139060974121,158.7598876953125
1694,49.138240814208984,55.476505260467526,1001,3.671201229095459,0.0003,1,a2c_lr_opt_seed1,-0.21072614192962646,7.76531982421875,0.7323777675628662,-0.15929579734802246,8.900174140930176
1694,49.138240814208984,55.476505260467526,1001,2.702028274536133,0.0003,1,a2c_lr_opt_seed1,0.24216167628765106,4.921267509460449,0.7671703696250916,0.527363121509552,17.21600914001465
1694,49.138240814208984,55.476505260467526,1001,1.872795581817627,0.0003,1,a2c_lr_opt_seed1,0.10561728477478027,3.5359716415405273,0.8075680732727051,0.16944992542266846,16.0650577545166
1694,49.138240814208984,55.476505260467526,1001,13.223448753356934,0.0003,1,a2c_lr_opt_seed1,-0.3063151240348816,27.060855865478516,0.6636118292808533,-0.5047589540481567,17.514694213867188
1694,49.138240814208984,55.476505260467526,1001,1.903136134147644,0.0003,1,a2c_lr_opt_seed1,-0.37560296058654785,4.5587382316589355,0.6300467848777771,-0.24490562081336975,13.501506805419922
1694,49.138240814208984,55.476505260467526,1001,2.9219253063201904,0.0003,1,a2c_lr_opt_seed1,0.3731202185153961,5.099005222320557,0.6976480484008789,0.6906542778015137,20.001317977905273
1695,133.5894775390625,55.90154203414917,524,135.10997009277344,0.0003,1,a2c_lr_opt_seed1,-0.23639611899852753,270.6939697265625,0.6291686296463013,3.04117488861084,118.67388916015625
1696,42.3293571472168,53.728668727874755,1001,13.119593620300293,0.0003,1,a2c_lr_opt_seed1,0.407668799161911,25.425073623657227,0.6125571131706238,2.2345309257507324,78.76506805419922
1697,49.28727722167969,51.95218587875366,1001,8.356316566467285,0.0003,1,a2c_lr_opt_seed1,-0.1827135682106018,17.07940101623535,0.6700626015663147,0.2940763533115387,31.902860641479492
1698,149.27198791503906,54.33966581344605,615,194.5991668701172,0.0003,1,a2c_lr_opt_seed1,0.8557465076446533,387.4882507324219,0.7031608819961548,6.773285865783691,211.94290161132812
1699,52.313655853271484,54.040321865081786,1001,4.149308204650879,0.0003,1,a2c_lr_opt_seed1,-0.2592454254627228,8.818681716918945,0.7874587774276733,0.09118035435676575,14.11114501953125
1700,-94.5820083618164,54.1971022605896,462,194.37118530273438,0.0003,1,a2c_lr_opt_seed1,-0.8158745169639587,390.3757019042969,0.7877756953239441,-3.8714423179626465,150.22671508789062
1701,-50.53568649291992,49.7806951713562,421,133.80401611328125,0.0003,1,a2c_lr_opt_seed1,-2.186577081680298,271.9828796386719,0.8338159322738647,-3.6714932918548584,102.10831451416016
1701,-50.53568649291992,49.7806951713562,421,9.7101469039917,0.0003,1,a2c_lr_opt_seed1,-1.0345723628997803,21.49090003967285,0.7302233576774597,-0.4946056604385376,39.822139739990234
1701,-50.53568649291992,49.7806951713562,421,5.37809944152832,0.0003,1,a2c_lr_opt_seed1,0.5786276459693909,9.60047721862793,0.7669232487678528,1.1114168167114258,41.45981979370117
1702,189.31793212890625,52.68934026718139,463,124.5097427368164,0.0003,1,a2c_lr_opt_seed1,-0.6712178587913513,250.36361694335938,0.8470481038093567,2.2981104850769043,111.4587173461914
1702,189.31793212890625,52.68934026718139,463,3.0195319652557373,0.0003,1,a2c_lr_opt_seed1,-0.3505152463912964,6.741861343383789,0.8833875060081482,-0.1696520447731018,14.261663436889648
1702,189.31793212890625,52.68934026718139,463,1.2938344478607178,0.0003,1,a2c_lr_opt_seed1,-0.3709143400192261,3.331221103668213,0.8617346882820129,-0.18686984479427338,9.509902000427246
1702,189.31793212890625,52.68934026718139,463,1.2029255628585815,0.0003,1,a2c_lr_opt_seed1,-1.068601131439209,4.544833660125732,0.8901776671409607,-1.1128370761871338,34.61772918701172
1703,-60.41398620605469,52.98150579452515,325,112.65550231933594,0.0003,1,a2c_lr_opt_seed1,-4.283568859100342,233.87998962402344,0.9265350699424744,-4.6222453117370605,162.25244140625
1703,-60.41398620605469,52.98150579452515,325,2.0247817039489746,0.0003,1,a2c_lr_opt_seed1,-1.038981556892395,6.129214763641357,0.8438974022865295,-0.7238932847976685,21.358779907226562
1703,-60.41398620605469,52.98150579452515,325,1.398471713066101,0.0003,1,a2c_lr_opt_seed1,-0.32292401790618896,3.44455885887146,0.883679986000061,-0.16739188134670258,14.527397155761719
1704,-116.33537292480469,48.004818782806396,449,162.3962860107422,0.0003,1,a2c_lr_opt_seed1,-1.482033371925354,327.7584228515625,0.8780797123908997,-4.842116832733154,188.6968231201172
1704,-116.33537292480469,48.004818782806396,449,7.97437047958374,0.0003,1,a2c_lr_opt_seed1,-1.358494758605957,18.667314529418945,0.7920531034469604,-1.6310069561004639,49.381649017333984
1704,-116.33537292480469,48.004818782806396,449,17.325510025024414,0.0003,1,a2c_lr_opt_seed1,1.0736467838287354,32.50514602661133,0.7088683843612671,1.646531581878662,44.51216506958008
1705,-55.06803894042969,48.436657161712645,406,168.34951782226562,0.0003,1,a2c_lr_opt_seed1,0.38362598419189453,335.93310546875,0.6538232564926147,-3.6084346771240234,160.31588745117188
1706,177.6597442626953,50.55065481185913,600,35.49466323852539,0.0003,1,a2c_lr_opt_seed1,0.8560653924942017,69.2786636352539,0.7330533862113953,2.040287733078003,65.68447875976562
1706,177.6597442626953,50.55065481185913,600,5.541814804077148,0.0003,1,a2c_lr_opt_seed1,0.3880251348018646,10.30890941619873,0.6652683019638062,0.8817373514175415,32.137901306152344
1706,177.6597442626953,50.55065481185913,600,15.132390975952148,0.0003,1,a2c_lr_opt_seed1,-1.4769290685653687,33.21990203857422,0.6315920352935791,-1.8976036310195923,57.617679595947266
1708,-47.46940231323242,50.00436954498291,203,104.13074493408203,0.0003,1,a2c_lr_opt_seed1,-1.6548322439193726,211.57247924804688,0.6661600470542908,0.12638673186302185,49.85988235473633
1709,53.18977737426758,48.71582592010498,790,253.8870849609375,0.0003,1,a2c_lr_opt_seed1,0.8849104046821594,506.0057373046875,0.6804288029670715,8.063220977783203,266.025146484375
1709,53.18977737426758,48.71582592010498,790,5.003824710845947,0.0003,1,a2c_lr_opt_seed1,0.29105910658836365,9.42710018157959,0.7845363020896912,0.6786847114562988,32.453369140625
1709,53.18977737426758,48.71582592010498,790,7.172178268432617,0.0003,1,a2c_lr_opt_seed1,-0.08137042075395584,14.508705139160156,0.8041170835494995,0.26537901163101196,30.66385841369629
1710,-132.3813934326172,47.45859615325928,450,204.1385040283203,0.0003,1,a2c_lr_opt_seed1,-3.006432294845581,414.2913818359375,0.7468406558036804,-7.342784404754639,243.9709930419922
1710,-132.3813934326172,47.45859615325928,450,2.8997175693511963,0.0003,1,a2c_lr_opt_seed1,-0.9738214015960693,7.748647689819336,0.7848389148712158,-0.7237090468406677,28.321840286254883
1710,-132.3813934326172,47.45859615325928,450,2.087852954864502,0.0003,1,a2c_lr_opt_seed1,-1.1353774070739746,6.44817590713501,0.8574883341789246,-1.2510496377944946,38.885459899902344
1710,-132.3813934326172,47.45859615325928,450,17.831560134887695,0.0003,1,a2c_lr_opt_seed1,0.6342734694480896,34.39623260498047,0.8304386138916016,1.0246620178222656,28.846410751342773
1710,-132.3813934326172,47.45859615325928,450,2.6374447345733643,0.0003,1,a2c_lr_opt_seed1,-0.6881787776947021,6.652835845947266,0.794348418712616,-0.4951324760913849,19.215822219848633
1710,-132.3813934326172,47.45859615325928,450,4.586113452911377,0.0003,1,a2c_lr_opt_seed1,-0.7040938138961792,10.581947326660156,0.7660948634147644,-0.8818663358688354,30.9395809173584
1710,-132.3813934326172,47.45859615325928,450,4.699965476989746,0.0003,1,a2c_lr_opt_seed1,-1.3617433309555054,12.12510871887207,0.8452897071838379,-0.991408109664917,33.45224380493164
1710,-132.3813934326172,47.45859615325928,450,2.8416244983673096,0.0003,1,a2c_lr_opt_seed1,-1.0219688415527344,7.728752136230469,0.7826482653617859,-0.9161504507064819,32.189918518066406
1712,-93.55986022949219,44.11608543395996,526,371.6029052734375,0.0003,1,a2c_lr_opt_seed1,-2.550436019897461,748.3079833984375,0.649346113204956,-11.411930084228516,383.0626525878906
1713,37.7234992980957,42.14476409912109,1001,26.549257278442383,0.0003,1,a2c_lr_opt_seed1,0.8550851345062256,51.389976501464844,0.8165789842605591,1.0655105113983154,54.421661376953125
1713,37.7234992980957,42.14476409912109,1001,3.3333516120910645,0.0003,1,a2c_lr_opt_seed1,-0.04296337440609932,6.75434684753418,0.8584818840026855,-0.03842040151357651,14.249550819396973
1713,37.7234992980957,42.14476409912109,1001,1.5803172588348389,0.0003,1,a2c_lr_opt_seed1,-0.23734499514102936,3.6371004581451416,0.8880454301834106,-0.22339938580989838,9.267290115356445
1713,37.7234992980957,42.14476409912109,1001,2.0094969272613525,0.0003,1,a2c_lr_opt_seed1,-0.11866379529237747,4.258081912994385,0.8801884651184082,0.004118418321013451,8.668501853942871
1714,99.5094985961914,43.35109069824219,1001,16.2908878326416,0.0003,1,a2c_lr_opt_seed1,0.20588809251785278,32.17174530029297,0.8731715679168701,0.5949627161026001,49.201683044433594
1714,99.5094985961914,43.35109069824219,1001,4.160331726074219,0.0003,1,a2c_lr_opt_seed1,-0.5209375023841858,9.364384651184082,0.9233611822128296,-0.493030846118927,15.690705299377441
1714,99.5094985961914,43.35109069824219,1001,3.437774896621704,0.0003,1,a2c_lr_opt_seed1,0.48448115587234497,5.908572673797607,0.9925747513771057,0.5009955763816833,20.783111572265625
1715,-107.4144287109375,38.38943603515625,656,206.7451934814453,0.0003,1,a2c_lr_opt_seed1,-1.0742623805999756,415.6404113769531,0.7467781901359558,-4.706892490386963,176.15447998046875
1715,-107.4144287109375,38.38943603515625,656,4.875688076019287,0.0003,1,a2c_lr_opt_seed1,-0.4301064610481262,10.613042831420898,0.7269284725189209,-0.48972219228744507,27.78484344482422
1716,148.7041015625,37.95554443359375,646,118.38999938964844,0.0003,1,a2c_lr_opt_seed1,-0.8815942406654358,238.5447540283203,0.7845417857170105,0.5206392407417297,83.13041687011719
1716,148.7041015625,37.95554443359375,646,13.61259651184082,0.0003,1,a2c_lr_opt_seed1,-0.01302613690495491,27.25276756286621,0.7607616782188416,1.5119425058364868,51.09590148925781
1716,148.7041015625,37.95554443359375,646,10.604445457458496,0.0003,1,a2c_lr_opt_seed1,0.8204323649406433,19.569499969482422,0.7374575138092041,1.625352144241333,57.13515090942383
1717,92.94233703613281,36.876167907714844,667,220.09017944335938,0.0003,1,a2c_lr_opt_seed1,-0.8910470008850098,441.9638366699219,0.6805370450019836,4.706209182739258,227.2968292236328
1718,-65.26953125,32.991328125,424,75.31084442138672,0.0003,1,a2c_lr_opt_seed1,-0.3459166884422302,151.31507873535156,0.7766461968421936,-1.6163477897644043,59.365848541259766
1719,-136.96826171875,27.24958923339844,480,177.14183044433594,0.0003,1,a2c_lr_opt_seed1,0.819304883480072,352.64654541015625,0.7490692138671875,-3.729398250579834,180.22491455078125
1719,-136.96826171875,27.24958923339844,480,2.743687868118286,0.0003,1,a2c_lr_opt_seed1,-0.5472224354743958,6.583434104919434,0.8067386150360107,-0.28990280628204346,15.31620979309082
1719,-136.96826171875,27.24958923339844,480,2.911498546600342,0.0003,1,a2c_lr_opt_seed1,0.6867286562919617,4.451169967651367,0.8151671886444092,0.9790232181549072,29.79990005493164
1719,-136.96826171875,27.24958923339844,480,1.8069636821746826,0.0003,1,a2c_lr_opt_seed1,-0.5758361220359802,4.767219066619873,0.8097214698791504,-0.3323945999145508,20.40131378173828
1720,-18.37119483947754,29.336374168395995,1001,9.903884887695312,0.0003,1,a2c_lr_opt_seed1,-1.1932518482208252,22.196008682250977,0.8674004673957825,-0.33354702591896057,26.164291381835938
1720,-18.37119483947754,29.336374168395995,1001,3.2603378295898438,0.0003,1,a2c_lr_opt_seed1,-0.3781510293483734,7.278763771057129,0.8932275176048279,-0.20475749671459198,15.0283842086792
1720,-18.37119483947754,29.336374168395995,1001,13.667903900146484,0.0003,1,a2c_lr_opt_seed1,-0.7404788732528687,28.818431854248047,0.8337135314941406,-1.1159416437149048,33.96174621582031
1720,-18.37119483947754,29.336374168395995,1001,7.539480209350586,0.0003,1,a2c_lr_opt_seed1,0.059366676956415176,14.96164608001709,0.7095583081245422,0.9077897667884827,27.85458755493164
1720,-18.37119483947754,29.336374168395995,1001,2.2735726833343506,0.0003,1,a2c_lr_opt_seed1,-0.023524219170212746,4.595741271972656,0.7735709547996521,0.4195653200149536,13.152982711791992
1722,-63.84579086303711,25.688196754455568,463,272.9528503417969,0.0003,1,a2c_lr_opt_seed1,-3.1392734050750732,552.185791015625,0.7537971138954163,1.9428837299346924,137.335693359375
1723,-46.3965950012207,22.563087425231934,526,65.34053039550781,0.0003,1,a2c_lr_opt_seed1,-0.8215096592903137,132.32566833496094,0.7915582060813904,1.116747498512268,79.77730560302734
1724,113.66231536865234,26.065048332214356,791,172.6466064453125,0.0003,1,a2c_lr_opt_seed1,1.0166685581207275,343.26153564453125,0.8202682137489319,6.406762599945068,226.69192504882812
1724,113.66231536865234,26.065048332214356,791,3.426628828048706,0.0003,1,a2c_lr_opt_seed1,0.11595545709133148,6.623077392578125,0.865337073802948,0.5425102114677429,32.77519607543945
1724,113.66231536865234,26.065048332214356,791,4.538381099700928,0.0003,1,a2c_lr_opt_seed1,0.12362642586231232,8.83128833770752,0.8894742131233215,0.22160246968269348,21.45113754272461
1724,113.66231536865234,26.065048332214356,791,1.7740873098373413,0.0003,1,a2c_lr_opt_seed1,-0.1842556595802307,3.918431043624878,0.8724606037139893,0.04591405391693115,9.969550132751465
1724,113.66231536865234,26.065048332214356,791,2.2263381481170654,0.0003,1,a2c_lr_opt_seed1,-0.7907113432884216,6.0358686447143555,0.8847846388816833,-0.8322222828865051,27.501590728759766
1724,113.66231536865234,26.065048332214356,791,36.31515884399414,0.0003,1,a2c_lr_opt_seed1,-0.8626388907432556,74.35720825195312,0.8064394593238831,-1.9021167755126953,69.61369323730469
1725,-88.7854232788086,25.171582298278807,594,123.05802917480469,0.0003,1,a2c_lr_opt_seed1,-0.020810380578041077,246.15936279296875,0.8367602825164795,-2.9897308349609375,125.57929992675781
1726,-103.57063293457031,22.010848731994628,459,150.76564025878906,0.0003,1,a2c_lr_opt_seed1,-1.4213241338729858,304.37548828125,0.7761921882629395,-5.221343040466309,185.2005615234375
1726,-103.57063293457031,22.010848731994628,459,4.576049327850342,0.0003,1,a2c_lr_opt_seed1,0.5259748697280884,8.101863861083984,0.8572717905044556,0.8460354804992676,35.84178924560547
1726,-103.57063293457031,22.010848731994628,459,20.65207290649414,0.0003,1,a2c_lr_opt_seed1,0.8690206408500671,39.56789779663086,0.8970558047294617,1.3868051767349243,34.981876373291016
1726,-103.57063293457031,22.010848731994628,459,5.088615417480469,0.0003,1,a2c_lr_opt_seed1,-0.6910704970359802,11.561029434204102,0.8288826942443848,-0.7016022205352783,24.5552921295166
1726,-103.57063293457031,22.010848731994628,459,2.307466506958008,0.0003,1,a2c_lr_opt_seed1,0.05277484655380249,4.511030197143555,0.8234926462173462,0.2561151683330536,8.221892356872559
1727,-164.87301635742188,20.07357822418213,794,164.43270874023438,0.0003,1,a2c_lr_opt_seed1,-1.6811507940292358,332.2292785644531,0.7746658325195312,-5.5431928634643555,186.82191467285156
1727,-164.87301635742188,20.07357822418213,794,4.929495811462402,0.0003,1,a2c_lr_opt_seed1,-0.42198407649993896,10.704572677612305,0.8064961433410645,-0.09397052228450775,16.77564239501953
1727,-164.87301635742188,20.07357822418213,794,4.1402459144592285,0.0003,1,a2c_lr_opt_seed1,0.1830219328403473,7.91619348526001,0.8723942041397095,0.4038811922073364,18.093454360961914
1727,-164.87301635742188,20.07357822418213,794,3.96081805229187,0.0003,1,a2c_lr_opt_seed1,0.8385922908782959,6.246153831481934,0.8512235283851624,0.923000693321228,26.25357437133789
1727,-164.87301635742188,20.07357822418213,794,11.609457969665527,0.0003,1,a2c_lr_opt_seed1,-0.2652854919433594,23.751060485839844,0.7866020202636719,0.2753704786300659,17.492984771728516
1727,-164.87301635742188,20.07357822418213,794,16.332427978515625,0.0003,1,a2c_lr_opt_seed1,0.45790737867355347,31.750253677368164,0.6065451502799988,1.2029427289962769,32.880496978759766
1728,149.35540771484375,19.917007484436034,628,122.76338195800781,0.0003,1,a2c_lr_opt_seed1,-0.327656090259552,246.18333435058594,0.6291179060935974,2.7566416263580322,113.29820251464844
1728,149.35540771484375,19.917007484436034,628,2.266507387161255,0.0003,1,a2c_lr_opt_seed1,-0.2187863141298294,4.972076416015625,0.74458909034729,0.08953239023685455,9.181900024414062
1730,54.639869689941406,16.560225868225096,1001,164.54490661621094,0.0003,1,a2c_lr_opt_seed1,0.19977882504463196,328.6917419433594,0.7548950910568237,4.8624396324157715,156.27838134765625
1730,54.639869689941406,16.560225868225096,1001,25.462533950805664,0.0003,1,a2c_lr_opt_seed1,-0.6316863298416138,52.18999481201172,0.7764829993247986,0.10144928097724915,30.87188148498535
1731,-81.18804931640625,15.907002067565918,501,42.18951416015625,0.0003,1,a2c_lr_opt_seed1,1.9277551174163818,80.52508544921875,0.7838343381881714,1.579986810684204,66.7709732055664
1731,-81.18804931640625,15.907002067565918,501,7.653225421905518,0.0003,1,a2c_lr_opt_seed1,-1.1533994674682617,17.61457061767578,0.6602311134338379,-0.6036095023155212,24.857816696166992
1732,143.80638122558594,14.985824699401855,533,143.02566528320312,0.0003,1,a2c_lr_opt_seed1,1.4377565383911133,283.1773681640625,0.7753321528434753,5.274661540985107,162.70933532714844
1732,143.80638122558594,14.985824699401855,533,10.829127311706543,0.0003,1,a2c_lr_opt_seed1,0.12115391343832016,21.417572021484375,0.8121752738952637,0.5208250880241394,29.312009811401367
1732,143.80638122558594,14.985824699401855,533,8.930391311645508,0.0003,1,a2c_lr_opt_seed1,0.41769400238990784,17.027122497558594,0.8637166023254395,0.4942193627357483,27.563251495361328
1732,143.80638122558594,14.985824699401855,533,20.7579402923584,0.0003,1,a2c_lr_opt_seed1,1.5145543813705444,38.4885139465332,0.8723112940788269,1.8154654502868652,62.0390625
1732,143.80638122558594,14.985824699401855,533,11.528606414794922,0.0003,1,a2c_lr_opt_seed1,-1.7337515354156494,26.526315689086914,0.7998954653739929,-1.2937577962875366,43.351112365722656
1732,143.80638122558594,14.985824699401855,533,3.6717441082000732,0.0003,1,a2c_lr_opt_seed1,-0.03646714240312576,7.4179582595825195,0.7680067420005798,0.34567922353744507,15.319193840026855
1734,43.10836410522461,18.631924324035644,1001,44.0904541015625,0.0003,1,a2c_lr_opt_seed1,-0.7152210474014282,89.61302185058594,0.836843729019165,0.5710540413856506,28.044370651245117
1735,-54.85026931762695,15.893333396911622,324,48.98289489746094,0.0003,1,a2c_lr_opt_seed1,-1.6075469255447388,101.18253326416016,0.8230998516082764,-1.8425543308258057,73.39466857910156
1735,-54.85026931762695,15.893333396911622,324,21.44642448425293,0.0003,1,a2c_lr_opt_seed1,0.009822160005569458,42.874874114990234,0.835464596748352,0.43072760105133057,33.08652877807617
1735,-54.85026931762695,15.893333396911622,324,3.6828458309173584,0.0003,1,a2c_lr_opt_seed1,0.5897883176803589,6.187669277191162,0.7770861983299255,0.7174860239028931,30.438451766967773
1735,-54.85026931762695,15.893333396911622,324,3.381239414215088,0.0003,1,a2c_lr_opt_seed1,-0.15417616069316864,7.072511672973633,0.8402497172355652,-0.139207124710083,10.840592384338379
1735,-54.85026931762695,15.893333396911622,324,1.3130542039871216,0.0003,1,a2c_lr_opt_seed1,-0.11044256389141083,2.8487751483917236,0.8908662796020508,-0.10961205512285233,11.196393013000488
1735,-54.85026931762695,15.893333396911622,324,1.4484140872955322,0.0003,1,a2c_lr_opt_seed1,-0.955705463886261,4.8099284172058105,0.8447574377059937,-0.9442681074142456,29.147136688232422
1735,-54.85026931762695,15.893333396911622,324,1.2184016704559326,0.0003,1,a2c_lr_opt_seed1,-0.7656756639480591,3.969923496246338,0.8844059705734253,-0.838416337966919,23.12424087524414
1735,-54.85026931762695,15.893333396911622,324,19.372526168823242,0.0003,1,a2c_lr_opt_seed1,-1.2411425113677979,41.2291145324707,0.8881356716156006,-2.2934858798980713,70.19770812988281
1735,-54.85026931762695,15.893333396911622,324,92.80032348632812,0.0003,1,a2c_lr_opt_seed1,-1.1610393524169922,187.92413330078125,0.6997733116149902,-3.069544792175293,105.15908813476562
1736,-138.14974975585938,14.536732444763183,707,161.02420043945312,0.0003,1,a2c_lr_opt_seed1,-0.3768221437931061,322.80322265625,0.5971382260322571,-0.9306593537330627,91.296630859375
1736,-138.14974975585938,14.536732444763183,707,2.881037473678589,0.0003,1,a2c_lr_opt_seed1,-0.19175656139850616,6.1467671394348145,0.5896604657173157,0.12010179460048676,12.039791107177734
1738,139.40890502929688,14.807038078308105,581,249.96766662597656,0.0003,1,a2c_lr_opt_seed1,-0.41800180077552795,500.77276611328125,0.7232183218002319,6.600371837615967,257.0044860839844
1738,139.40890502929688,14.807038078308105,581,3.7824506759643555,0.0003,1,a2c_lr_opt_seed1,-0.47176456451416016,8.51010513305664,0.8372648358345032,-0.1946227252483368,28.97701072692871
1739,81.51851654052734,18.4688659286499,1001,23.657150268554688,0.0003,1,a2c_lr_opt_seed1,1.3656272888183594,44.58475112915039,0.8523480892181396,2.0780153274536133,61.282894134521484
1740,-118.33589172363281,12.593367576599121,509,216.15707397460938,0.0003,1,a2c_lr_opt_seed1,0.5307121276855469,431.254150390625,0.7175626158714294,-5.193511009216309,195.50662231445312
1740,-118.33589172363281,12.593367576599121,509,4.340591907501221,0.0003,1,a2c_lr_opt_seed1,0.5969196557998657,7.48890495300293,0.7800092697143555,0.518640398979187,18.848894119262695
1740,-118.33589172363281,12.593367576599121,509,6.003164291381836,0.0003,1,a2c_lr_opt_seed1,0.35226061940193176,11.303510665893555,0.8517237305641174,0.3512972593307495,16.807151794433594
1740,-118.33589172363281,12.593367576599121,509,5.518913269042969,0.0003,1,a2c_lr_opt_seed1,-0.14604097604751587,11.331507682800293,0.7998442053794861,-0.5097453594207764,29.45254135131836
1740,-118.33589172363281,12.593367576599121,509,2.4120845794677734,0.0003,1,a2c_lr_opt_seed1,0.6246947646141052,3.5764434337615967,0.8317785859107971,0.6557030081748962,22.43927001953125
1740,-118.33589172363281,12.593367576599121,509,0.7958546876907349,0.0003,1,a2c_lr_opt_seed1,-0.8506596684455872,3.2946481704711914,0.8097261786460876,-0.8096925020217896,23.894390106201172
1741,20.205604553222656,9.616209831237793,1001,8.561408042907715,0.0003,1,a2c_lr_opt_seed1,0.6082924604415894,15.907773971557617,0.7718520760536194,0.9401465058326721,27.170555114746094
1741,20.205604553222656,9.616209831237793,1001,5.87684965133667,0.0003,1,a2c_lr_opt_seed1,0.36572521924972534,11.023781776428223,0.7664457559585571,0.8475297093391418,28.947704315185547
1741,20.205604553222656,9.616209831237793,1001,1.356499433517456,0.0003,1,a2c_lr_opt_seed1,-0.5938112139701843,3.902101516723633,0.7400285601615906,-0.3430044651031494,13.000235557556152
1742,114.95519256591797,13.603068199157715,759,71.3838119506836,0.0003,1,a2c_lr_opt_seed1,0.30255597829818726,142.1641845703125,0.8424983024597168,2.111518144607544,69.52996826171875
1742,114.95519256591797,13.603068199157715,759,1.0119588375091553,0.0003,1,a2c_lr_opt_seed1,-1.324434518814087,4.67454719543457,0.8802822232246399,-1.3017194271087646,36.73723602294922
1742,114.95519256591797,13.603068199157715,759,8.23269271850586,0.0003,1,a2c_lr_opt_seed1,-0.2821004390716553,17.031227111816406,0.8200411796569824,-0.6124482154846191,30.13510513305664
1743,-59.71135330200195,13.458952903747559,483,121.08251953125,0.0003,1,a2c_lr_opt_seed1,-0.34511545300483704,242.85684204101562,0.7856709957122803,-2.396024703979492,108.42835235595703
1743,-59.71135330200195,13.458952903747559,483,3.3664727210998535,0.0003,1,a2c_lr_opt_seed1,-0.46610671281814575,7.666835784912109,0.8385893702507019,-0.48625972867012024,22.505983352661133
1743,-59.71135330200195,13.458952903747559,483,18.87087059020996,0.0003,1,a2c_lr_opt_seed1,-0.706526517868042,39.156471252441406,0.8393353223800659,-0.15082770586013794,15.327615737915039
1743,-59.71135330200195,13.458952903747559,483,5.996008396148682,0.0003,1,a2c_lr_opt_seed1,-0.4603791832923889,12.914344787597656,0.7849911451339722,-0.038185954093933105,31.611692428588867
1743,-59.71135330200195,13.458952903747559,483,5.913107872009277,0.0003,1,a2c_lr_opt_seed1,0.26234152913093567,11.303070068359375,0.7686089277267456,0.358664333820343,19.423307418823242
1745,-37.19247055053711,11.296295890808105,1001,137.94158935546875,0.0003,1,a2c_lr_opt_seed1,2.111931085586548,271.66094970703125,0.8213143944740295,5.497738838195801,170.5358123779297
1746,-120.43003845214844,8.0411079788208,619,201.5229949951172,0.0003,1,a2c_lr_opt_seed1,0.14029255509376526,402.7670593261719,0.829462468624115,-4.313296794891357,215.70054626464844
1746,-120.43003845214844,8.0411079788208,619,1.015923261642456,0.0003,1,a2c_lr_opt_seed1,-0.3539724349975586,2.741589069366455,0.8988391160964966,-0.3214813470840454,10.816874504089355
1746,-120.43003845214844,8.0411079788208,619,9.555684089660645,0.0003,1,a2c_lr_opt_seed1,-0.734318196773529,20.58181381225586,0.9047709703445435,-0.7546705007553101,36.85010528564453
1747,-139.39842224121094,4.267393989562988,655,164.4091339111328,0.0003,1,a2c_lr_opt_seed1,0.026086241006851196,328.7677307128906,0.8217804431915283,-3.5127408504486084,170.11471557617188
1747,-139.39842224121094,4.267393989562988,655,8.199556350708008,0.0003,1,a2c_lr_opt_seed1,-1.2072319984436035,18.81516456604004,0.7931296825408936,-1.4509530067443848,58.608028411865234
1747,-139.39842224121094,4.267393989562988,655,13.031584739685059,0.0003,1,a2c_lr_opt_seed1,1.3174362182617188,23.43004035949707,0.8720853328704834,1.6988945007324219,59.085838317871094
1747,-139.39842224121094,4.267393989562988,655,1.797101378440857,0.0003,1,a2c_lr_opt_seed1,0.1606496423482895,3.274592876434326,0.8447024822235107,0.26363474130630493,10.432507514953613
1747,-139.39842224121094,4.267393989562988,655,1.9798544645309448,0.0003,1,a2c_lr_opt_seed1,-0.9169151186943054,5.795146465301514,0.8036195635795593,-0.8013955950737,31.59651756286621
1747,-139.39842224121094,4.267393989562988,655,9.089163780212402,0.0003,1,a2c_lr_opt_seed1,-0.627927839756012,19.435773849487305,0.7951768040657043,-1.0693796873092651,30.55224609375
1747,-139.39842224121094,4.267393989562988,655,3.0905253887176514,0.0003,1,a2c_lr_opt_seed1,-0.6171010136604309,7.416662216186523,0.7047558426856995,-0.2937127947807312,23.455951690673828
1748,41.450904846191406,2.110972328186035,1001,5.870147705078125,0.0003,1,a2c_lr_opt_seed1,0.6750324368476868,10.391544342041016,0.6569761633872986,1.4261454343795776,39.39522933959961
1749,118.34275817871094,3.4315543746948243,744,166.08299255371094,0.0003,1,a2c_lr_opt_seed1,-0.6715920567512512,333.5106201171875,0.7281211018562317,4.963649272918701,194.32130432128906
1749,118.34275817871094,3.4315543746948243,744,4.076085567474365,0.0003,1,a2c_lr_opt_seed1,-0.09531273692846298,8.344657897949219,0.9306541681289673,-0.08621425181627274,12.681807518005371
1749,118.34275817871094,3.4315543746948243,744,1.4469434022903442,0.0003,1,a2c_lr_opt_seed1,-0.14091885089874268,3.1775341033935547,0.904852569103241,-0.02165810763835907,6.961910247802734
1749,118.34275817871094,3.4315543746948243,744,2.3589069843292236,0.0003,1,a2c_lr_opt_seed1,0.12895166873931885,4.461580276489258,0.834649920463562,0.3212409019470215,10.333383560180664
1749,118.34275817871094,3.4315543746948243,744,6.254928112030029,0.0003,1,a2c_lr_opt_seed1,0.25285908579826355,12.005789756774902,0.8259135484695435,0.3472469747066498,19.34222412109375
1749,118.34275817871094,3.4315543746948243,744,7.01712703704834,0.0003,1,a2c_lr_opt_seed1,0.0064805299043655396,14.022876739501953,0.7919608950614929,-0.08091620355844498,13.61738395690918
1749,118.34275817871094,3.4315543746948243,744,8.62495231628418,0.0003,1,a2c_lr_opt_seed1,0.5434656143188477,16.16445541381836,0.74082350730896,1.5993373394012451,51.122398376464844
1750,75.12260437011719,6.825646629333496,886,187.08058166503906,0.0003,1,a2c_lr_opt_seed1,0.5857543349266052,372.99102783203125,0.6900985240936279,6.015763759613037,215.82347106933594
1750,75.12260437011719,6.825646629333496,886,1.8900220394134521,0.0003,1,a2c_lr_opt_seed1,-0.7361860275268555,5.253820419311523,0.7021383047103882,-0.634437084197998,26.32130241394043
1750,75.12260437011719,6.825646629333496,886,13.230955123901367,0.0003,1,a2c_lr_opt_seed1,1.0632283687591553,24.336956024169922,0.7515932321548462,1.4681354761123657,47.1669921875
1751,104.20930480957031,9.9205464553833,710,128.8912811279297,0.0003,1,a2c_lr_opt_seed1,0.19955459237098694,257.3847961425781,0.6686170101165771,4.200472831726074,144.22064208984375
1751,104.20930480957031,9.9205464553833,710,19.529850006103516,0.0003,1,a2c_lr_opt_seed1,0.5081859827041626,38.044769287109375,0.7210086584091187,1.2572510242462158,37.95926284790039
1751,104.20930480957031,9.9205464553833,710,3.0802721977233887,0.0003,1,a2c_lr_opt_seed1,-0.15825155377388,6.478507041931152,0.729803204536438,-0.3785754442214966,14.807740211486816
1752,-147.6944122314453,3.1802995681762694,666,100.44776916503906,0.0003,1,a2c_lr_opt_seed1,-0.352512001991272,201.60198974609375,0.715280294418335,-2.6284468173980713,118.25279998779297
1753,21.54644012451172,4.819508094787597,1001,9.403069496154785,0.0003,1,a2c_lr_opt_seed1,0.5520539283752441,17.703405380249023,0.6880061626434326,0.9612154960632324,42.42265319824219
1753,21.54644012451172,4.819508094787597,1001,2.089569330215454,0.0003,1,a2c_lr_opt_seed1,0.17718830704689026,3.826314926147461,0.7764710187911987,0.2538527548313141,17.29023551940918
1753,21.54644012451172,4.819508094787597,1001,2.2441468238830566,0.0003,1,a2c_lr_opt_seed1,-0.9367373585700989,6.363361835479736,0.7967914342880249,-1.098785400390625,40.69183349609375
1753,21.54644012451172,4.819508094787597,1001,2.1473076343536377,0.0003,1,a2c_lr_opt_seed1,0.4314578175544739,3.4332919120788574,0.7961444854736328,0.4525030255317688,16.579723358154297
1753,21.54644012451172,4.819508094787597,1001,0.8101854920387268,0.0003,1,a2c_lr_opt_seed1,-1.0333725214004517,3.688673973083496,0.7789949178695679,-1.0469202995300293,30.286542892456055
1754,47.67774963378906,8.099770545959473,1001,3.728088855743408,0.0003,1,a2c_lr_opt_seed1,0.2055990844964981,7.046518802642822,0.76958167552948,0.3347735106945038,17.120878219604492
1755,27.20612144470215,9.745253753662109,1001,29.075267791748047,0.0003,1,a2c_lr_opt_seed1,0.6643427014350891,56.82350158691406,0.8253351449966431,1.2707821130752563,41.92578887939453
1755,27.20612144470215,9.745253753662109,1001,5.018048286437988,0.0003,1,a2c_lr_opt_seed1,0.6435672640800476,8.75057315826416,0.8052334785461426,1.1140894889831543,36.406307220458984
1755,27.20612144470215,9.745253753662109,1001,2.760031223297119,0.0003,1,a2c_lr_opt_seed1,0.21344345808029175,5.0948309898376465,0.8278028964996338,0.3908727169036865,10.622795104980469
1755,27.20612144470215,9.745253753662109,1001,6.40586519241333,0.0003,1,a2c_lr_opt_seed1,-0.37527796626091003,13.563983917236328,0.8490028977394104,-0.45312491059303284,24.839441299438477
1755,27.20612144470215,9.745253753662109,1001,7.632384300231934,0.0003,1,a2c_lr_opt_seed1,-0.10546508431434631,15.47717571258545,0.7387834191322327,0.9600146412849426,32.323429107666016
1755,27.20612144470215,9.745253753662109,1001,1.489808201789856,0.0003,1,a2c_lr_opt_seed1,-1.1820324659347534,5.345167636871338,0.7431551218032837,-1.009528636932373,33.482269287109375
1755,27.20612144470215,9.745253753662109,1001,2.413705825805664,0.0003,1,a2c_lr_opt_seed1,0.5001436471939087,3.8286499977111816,0.7628298997879028,0.6271612048149109,17.821149826049805
1755,27.20612144470215,9.745253753662109,1001,0.6328795552253723,0.0003,1,a2c_lr_opt_seed1,-0.2726938724517822,1.8127316236495972,0.7923719882965088,-0.1998012363910675,5.537931442260742
1756,95.41549682617188,8.100368804931641,905,58.671871185302734,0.0003,1,a2c_lr_opt_seed1,1.0312283039093018,115.28272247314453,0.7190132737159729,2.355837345123291,56.6025505065918
1756,95.41549682617188,8.100368804931641,905,15.060226440429688,0.0003,1,a2c_lr_opt_seed1,-0.7864373922348022,31.694814682006836,0.7435782551765442,-1.5268852710723877,50.38445281982422
1756,95.41549682617188,8.100368804931641,905,8.912447929382324,0.0003,1,a2c_lr_opt_seed1,-0.3774303197860718,18.5811824798584,0.7136990427970886,-0.6252906322479248,27.163570404052734
1756,95.41549682617188,8.100368804931641,905,30.52853012084961,0.0003,1,a2c_lr_opt_seed1,0.7038540840148926,59.65071105957031,0.6786056756973267,2.2407310009002686,59.51637268066406
1758,-106.61966705322266,4.655410995483399,420,210.0977020263672,0.0003,1,a2c_lr_opt_seed1,-3.370436191558838,426.9375,0.6146358251571655,-5.437462329864502,188.08644104003906
1758,-106.61966705322266,4.655410995483399,420,3.069693088531494,0.0003,1,a2c_lr_opt_seed1,0.18539254367351532,5.770050048828125,0.7244965434074402,0.621482253074646,27.802961349487305
1758,-106.61966705322266,4.655410995483399,420,1.2286685705184937,0.0003,1,a2c_lr_opt_seed1,-0.10031348466873169,2.6593985557556152,0.7173369526863098,-0.04059842973947525,4.713130474090576
1758,-106.61966705322266,4.655410995483399,420,2.369555950164795,0.0003,1,a2c_lr_opt_seed1,-1.0995877981185913,6.939810752868652,0.7616251707077026,-1.3171072006225586,32.69684982299805
1758,-106.61966705322266,4.655410995483399,420,7.011300086975098,0.0003,1,a2c_lr_opt_seed1,-0.15529942512512207,14.33456039428711,0.680822491645813,-0.020737484097480774,12.242637634277344
1759,-122.57861328125,1.1400431823730468,724,100.76403045654297,0.0003,1,a2c_lr_opt_seed1,0.8298516869544983,199.8695526123047,0.5971536636352539,0.13204923272132874,57.91460037231445
1759,-122.57861328125,1.1400431823730468,724,2.6241118907928467,0.0003,1,a2c_lr_opt_seed1,-0.1206461563706398,5.4909210205078125,0.7022711634635925,-0.20054060220718384,16.889291763305664
1760,2.305140256881714,3.833773856163025,1001,3.8677141666412354,0.0003,1,a2c_lr_opt_seed1,-0.4258091151714325,8.588574409484863,0.7637921571731567,-0.4560457766056061,15.909358978271484
1760,2.305140256881714,3.833773856163025,1001,2.0205905437469482,0.0003,1,a2c_lr_opt_seed1,-0.40582695603370667,4.854308128356934,0.7364867329597473,-0.1633545160293579,8.855818748474121
1761,33.11444854736328,6.908174033164978,1001,4.795930862426758,0.0003,1,a2c_lr_opt_seed1,0.32787075638771057,8.937750816345215,0.8156164884567261,0.6189722418785095,23.112102508544922
1762,-47.96906661987305,7.819989905357361,301,68.33504486083984,0.0003,1,a2c_lr_opt_seed1,-1.2980924844741821,139.26788330078125,0.8019431233406067,-2.26098895072937,78.06470489501953
1762,-47.96906661987305,7.819989905357361,301,25.93577766418457,0.0003,1,a2c_lr_opt_seed1,2.7515830993652344,46.36998748779297,0.79830002784729,3.366239070892334,114.1627197265625
1763,53.39676284790039,8.133455176353454,1001,24.287067413330078,0.0003,1,a2c_lr_opt_seed1,1.5013391971588135,45.57305908203125,0.8009711503982544,1.8564014434814453,75.29705810546875
1763,53.39676284790039,8.133455176353454,1001,4.800973892211914,0.0003,1,a2c_lr_opt_seed1,-0.9397975206375122,11.483260154724121,0.8586142659187317,-1.155316710472107,39.72044372558594
1763,53.39676284790039,8.133455176353454,1001,1.0616644620895386,0.0003,1,a2c_lr_opt_seed1,-0.060116738080978394,2.245243549346924,0.8405370712280273,0.01564386487007141,8.86964225769043
1763,53.39676284790039,8.133455176353454,1001,12.668879508972168,0.0003,1,a2c_lr_opt_seed1,0.6315599083900452,24.076250076293945,0.8055276870727539,0.8397558927536011,33.115970611572266
1763,53.39676284790039,8.133455176353454,1001,68.89840698242188,0.0003,1,a2c_lr_opt_seed1,-0.46888259053230286,138.7360382080078,0.7344020009040833,-1.061235785484314,44.534122467041016
1763,53.39676284790039,8.133455176353454,1001,31.623262405395508,0.0003,1,a2c_lr_opt_seed1,1.9688432216644287,59.31028747558594,0.7243986129760742,3.343539237976074,84.86843872070312
1763,53.39676284790039,8.133455176353454,1001,4.327130317687988,0.0003,1,a2c_lr_opt_seed1,-0.09724889695644379,8.850262641906738,0.7517488598823547,0.887029767036438,33.565216064453125
1763,53.39676284790039,8.133455176353454,1001,3.1102283000946045,0.0003,1,a2c_lr_opt_seed1,-0.8909587264060974,8.003774642944336,0.7002827525138855,-0.10379421710968018,18.692129135131836
1764,87.81267547607422,7.899518713951111,1001,3.732790231704712,0.0003,1,a2c_lr_opt_seed1,0.13838288187980652,7.190201282501221,0.6933267116546631,0.6972981095314026,19.864810943603516
1764,87.81267547607422,7.899518713951111,1001,1.6494468450546265,0.0003,1,a2c_lr_opt_seed1,-0.2684803009033203,3.8374757766723633,0.8107630014419556,-0.24012212455272675,11.386021614074707
1764,87.81267547607422,7.899518713951111,1001,7.119597911834717,0.0003,1,a2c_lr_opt_seed1,-0.27552342414855957,14.791882514953613,0.8197218179702759,-0.018328368663787842,20.189125061035156
1764,87.81267547607422,7.899518713951111,1001,5.742188453674316,0.0003,1,a2c_lr_opt_seed1,-0.3128620982170105,12.111666679382324,0.7831647992134094,0.16845741868019104,18.126991271972656
1764,87.81267547607422,7.899518713951111,1001,6.927651405334473,0.0003,1,a2c_lr_opt_seed1,-0.7347819209098816,15.326502799987793,0.8183008432388306,-0.5944555401802063,26.377901077270508
1764,87.81267547607422,7.899518713951111,1001,5.3366007804870605,0.0003,1,a2c_lr_opt_seed1,-0.6810246109962463,12.036826133728027,0.7877556085586548,-0.23140963912010193,15.339141845703125
1764,87.81267547607422,7.899518713951111,1001,6.46925163269043,0.0003,1,a2c_lr_opt_seed1,-1.55241858959198,16.044986724853516,0.8229804635047913,-1.905843734741211,52.76626205444336
1765,91.4823226928711,11.877453742027283,1001,10.181243896484375,0.0003,1,a2c_lr_opt_seed1,-0.5715693235397339,21.507057189941406,0.7150036692619324,0.2362830936908722,16.978647232055664
1765,91.4823226928711,11.877453742027283,1001,15.9397554397583,0.0003,1,a2c_lr_opt_seed1,-0.8589694499969482,33.59882354736328,0.6866651773452759,-0.5335206985473633,29.859262466430664
1765,91.4823226928711,11.877453742027283,1001,11.667073249816895,0.0003,1,a2c_lr_opt_seed1,1.0470401048660278,21.241525650024414,0.7292090058326721,1.4858850240707397,48.17146301269531
1767,-51.00715637207031,7.052625098228455,568,147.78749084472656,0.0003,1,a2c_lr_opt_seed1,-0.6694166660308838,296.91522216796875,0.7058733105659485,-2.247589111328125,97.7955322265625
1769,51.38350296020508,10.192908987998962,1001,51.460750579833984,0.0003,1,a2c_lr_opt_seed1,-0.8331741094589233,104.58940887451172,0.7788437604904175,-1.5023760795593262,54.57413864135742
1769,51.38350296020508,10.192908987998962,1001,5.835116863250732,0.0003,1,a2c_lr_opt_seed1,-0.20125213265419006,12.074302673339844,0.7826229929924011,0.4233395457267761,17.779359817504883
1769,51.38350296020508,10.192908987998962,1001,36.37771987915039,0.0003,1,a2c_lr_opt_seed1,3.0349485874176025,66.68707275390625,0.7671860456466675,3.8671913146972656,111.0814208984375
1770,137.85968017578125,13.317526488304138,791,190.94595336914062,0.0003,1,a2c_lr_opt_seed1,0.5355454683303833,380.8221435546875,0.6727707982063293,6.36860990524292,246.64292907714844
1770,137.85968017578125,13.317526488304138,791,3.060238838195801,0.0003,1,a2c_lr_opt_seed1,-0.7668029069900513,7.655476093292236,0.6961092948913574,-0.42985621094703674,22.468822479248047
1771,72.41837310791016,11.728415312767028,1001,3.9020886421203613,0.0003,1,a2c_lr_opt_seed1,-0.34248587489128113,8.490456581115723,0.6538251042366028,0.18057018518447876,11.85232162475586
1772,100.70915985107422,15.019514327049256,879,74.71728515625,0.0003,1,a2c_lr_opt_seed1,-1.0247879028320312,151.48583984375,0.8446930646896362,0.5557766556739807,68.36026763916016
1772,100.70915985107422,15.019514327049256,879,4.247769832611084,0.0003,1,a2c_lr_opt_seed1,-0.21889714896678925,8.9351167678833,0.8911423087120056,0.08623950183391571,10.802818298339844
1773,-73.7093505859375,14.47325921535492,280,18.936885833740234,0.0003,1,a2c_lr_opt_seed1,0.08009117841720581,37.71524429321289,0.8273078799247742,0.30971118807792664,18.371158599853516
1773,-73.7093505859375,14.47325921535492,280,2.323845863342285,0.0003,1,a2c_lr_opt_seed1,-0.4984590411186218,5.646209716796875,0.7998502850532532,-0.3128485381603241,14.628251075744629
1773,-73.7093505859375,14.47325921535492,280,2.4041433334350586,0.0003,1,a2c_lr_opt_seed1,0.24924932420253754,4.311400413513184,0.8059771656990051,0.6561005115509033,20.16362762451172
1773,-73.7093505859375,14.47325921535492,280,0.9578627347946167,0.0003,1,a2c_lr_opt_seed1,-0.7328872680664062,3.3833119869232178,0.9059765338897705,-0.5788447856903076,16.583158493041992
1774,-126.11156463623047,9.677781615257263,404,220.43408203125,0.0003,1,a2c_lr_opt_seed1,-2.1623435020446777,445.1944580078125,0.8071718215942383,-5.977964878082275,182.82962036132812
1774,-126.11156463623047,9.677781615257263,404,12.930566787719727,0.0003,1,a2c_lr_opt_seed1,-0.06220470368862152,25.987159729003906,0.8087755441665649,0.1905118227005005,11.574939727783203
1775,-107.79475402832031,9.297595000267028,585,200.49468994140625,0.0003,1,a2c_lr_opt_seed1,-0.9482671022415161,402.88739013671875,0.7384819984436035,-5.601276874542236,204.91244506835938
1775,-107.79475402832031,9.297595000267028,585,1.538175344467163,0.0003,1,a2c_lr_opt_seed1,0.005496874451637268,3.067033290863037,0.8381778001785278,0.1519443392753601,7.436609745025635
1776,-89.8722915649414,9.571561827659608,522,235.47329711914062,0.0003,1,a2c_lr_opt_seed1,1.1068133115768433,468.7344665527344,0.7445460557937622,-4.448696136474609,185.7379608154297
1776,-89.8722915649414,9.571561827659608,522,9.797605514526367,0.0003,1,a2c_lr_opt_seed1,-0.10554266721010208,19.80791473388672,0.808847188949585,-0.1399044692516327,12.783171653747559
1776,-89.8722915649414,9.571561827659608,522,5.944790840148926,0.0003,1,a2c_lr_opt_seed1,-0.25349605083465576,12.398322105407715,0.8739209175109863,-0.21376588940620422,17.4307804107666
1776,-89.8722915649414,9.571561827659608,522,25.630094528198242,0.0003,1,a2c_lr_opt_seed1,-0.22062213718891144,51.70301818847656,0.7918373942375183,-0.5650363564491272,26.92403793334961
1777,-97.01332092285156,10.928755736351013,466,26.22981834411621,0.0003,1,a2c_lr_opt_seed1,-0.7123788595199585,53.886112213134766,0.8589839935302734,-1.020255208015442,37.78809356689453
1777,-97.01332092285156,10.928755736351013,466,5.03889274597168,0.0003,1,a2c_lr_opt_seed1,-0.37309813499450684,10.825630187988281,0.8239259719848633,-0.21490071713924408,19.996049880981445
1777,-97.01332092285156,10.928755736351013,466,15.472567558288574,0.0003,1,a2c_lr_opt_seed1,-1.0623735189437866,33.071353912353516,0.7362635731697083,-2.063936710357666,58.205997467041016
1778,-46.80017852783203,7.005644011497497,483,74.1136474609375,0.0003,1,a2c_lr_opt_seed1,-0.585392415523529,149.39952087402344,0.720001757144928,-0.9135940074920654,55.00442886352539
1778,-46.80017852783203,7.005644011497497,483,3.121788501739502,0.0003,1,a2c_lr_opt_seed1,0.28466007113456726,5.675668239593506,0.7056933045387268,0.4791150391101837,18.472782135009766
1779,82.73374938964844,6.933780303001404,607,64.4739990234375,0.0003,1,a2c_lr_opt_seed1,-0.44442760944366455,129.8385009765625,0.8223541975021362,0.8665812015533447,45.22221755981445
1779,82.73374938964844,6.933780303001404,607,1.99116849899292,0.0003,1,a2c_lr_opt_seed1,-0.07338453829288483,4.130839824676514,0.8669195175170898,0.2202039361000061,12.541121482849121
1779,82.73374938964844,6.933780303001404,607,1.272301197052002,0.0003,1,a2c_lr_opt_seed1,-0.09620198607444763,2.7386605739593506,0.8270789384841919,0.04643332213163376,7.783510208129883
1779,82.73374938964844,6.933780303001404,607,8.862646102905273,0.0003,1,a2c_lr_opt_seed1,1.0810309648513794,15.56491756439209,0.8437349796295166,1.2213859558105469,40.94228744506836
1779,82.73374938964844,6.933780303001404,607,12.832723617553711,0.0003,1,a2c_lr_opt_seed1,-0.04220850020647049,25.751317977905273,0.7270410656929016,0.8390554785728455,30.41939926147461
1780,71.07958221435547,7.262574553489685,1001,5.835716724395752,0.0003,1,a2c_lr_opt_seed1,-0.332436740398407,12.337692260742188,0.6929441094398499,0.013323195278644562,14.704977035522461
1781,87.29264831542969,10.632188506126404,603,176.233154296875,0.0003,1,a2c_lr_opt_seed1,0.4033249020576477,351.66082763671875,0.5839401483535767,6.116482734680176,216.0553741455078
1781,87.29264831542969,10.632188506126404,603,2.259582281112671,0.0003,1,a2c_lr_opt_seed1,0.3357020318508148,3.8490357398986816,0.6375448703765869,0.9726593494415283,27.243616104125977
1782,144.7520751953125,10.651102385520936,526,125.35971069335938,0.0003,1,a2c_lr_opt_seed1,0.06577619910240173,250.58926391601562,0.6922231316566467,3.1119441986083984,100.22575378417969
1783,131.91204833984375,11.121492705345155,623,62.87112045288086,0.0003,1,a2c_lr_opt_seed1,0.04937232285737991,125.64509582519531,0.7993544936180115,1.9546102285385132,64.69214630126953
1784,104.55003356933594,12.35032609462738,1001,9.960221290588379,0.0003,1,a2c_lr_opt_seed1,0.7083074450492859,18.505449295043945,0.8103418350219727,0.8214678764343262,36.41340637207031
1784,104.55003356933594,12.35032609462738,1001,26.61882781982422,0.0003,1,a2c_lr_opt_seed1,0.2320687472820282,52.775169372558594,0.8265982866287231,-0.5192782282829285,35.65420150756836
1784,104.55003356933594,12.35032609462738,1001,15.908244132995605,0.0003,1,a2c_lr_opt_seed1,0.3134581744670868,31.19085121154785,0.6397919058799744,1.8770910501480103,70.8152084350586
1785,156.35768127441406,16.574485106468202,596,162.16314697265625,0.0003,1,a2c_lr_opt_seed1,0.9473550319671631,322.4329833984375,0.7022252082824707,6.536881446838379,221.4678955078125
1785,156.35768127441406,16.574485106468202,596,3.2805840969085693,0.0003,1,a2c_lr_opt_seed1,-1.0702400207519531,8.703163146972656,0.7575604319572449,-1.136902928352356,34.68904113769531
1786,137.4934539794922,22.08734918117523,548,106.11572265625,0.0003,1,a2c_lr_opt_seed1,0.19584877789020538,211.84140014648438,0.826275110244751,2.8329362869262695,102.36333465576172
1787,-60.06386947631836,19.507858290672303,259,118.07838439941406,0.0003,1,a2c_lr_opt_seed1,-1.5700831413269043,239.29849243164062,0.7753516435623169,-1.5523810386657715,92.09738159179688
1787,-60.06386947631836,19.507858290672303,259,5.297616004943848,0.0003,1,a2c_lr_opt_seed1,-1.1661159992218018,12.92913818359375,0.8371224403381348,-1.2514493465423584,55.155757904052734
1787,-60.06386947631836,19.507858290672303,259,1.539783000946045,0.0003,1,a2c_lr_opt_seed1,-0.7812648415565491,4.643789768218994,0.8470754027366638,-0.8294132947921753,29.521621704101562
1787,-60.06386947631836,19.507858290672303,259,0.8902789354324341,0.0003,1,a2c_lr_opt_seed1,-0.7773357629776001,3.3369553089141846,0.8629837036132812,-0.8875715732574463,27.92732048034668
1788,-96.86257934570312,14.782428603172303,381,135.92996215820312,0.0003,1,a2c_lr_opt_seed1,-5.4774651527404785,282.8165283203125,0.8388490676879883,-5.207770347595215,241.1354522705078
1788,-96.86257934570312,14.782428603172303,381,37.54625701904297,0.0003,1,a2c_lr_opt_seed1,0.3093692660331726,74.47538757324219,0.8056359887123108,1.4226560592651367,51.27086639404297
1788,-96.86257934570312,14.782428603172303,381,2.41479754447937,0.0003,1,a2c_lr_opt_seed1,-0.7255836725234985,6.282473087310791,0.8552045226097107,-0.8289611339569092,24.622522354125977
1788,-96.86257934570312,14.782428603172303,381,2.028787612915039,0.0003,1,a2c_lr_opt_seed1,-0.011238634586334229,4.081724643707275,0.8360439538955688,-0.08012266457080841,7.71298360824585
1789,-95.07981872558594,11.250461897850037,446,68.71176147460938,0.0003,1,a2c_lr_opt_seed1,-3.2027931213378906,143.83065795898438,0.7799535989761353,-3.3784260749816895,107.8386459350586
1789,-95.07981872558594,11.250461897850037,446,5.430569171905518,0.0003,1,a2c_lr_opt_seed1,0.13161592185497284,10.599357604980469,0.7258533835411072,1.135842204093933,35.17375183105469
1789,-95.07981872558594,11.250461897850037,446,0.7638036012649536,0.0003,1,a2c_lr_opt_seed1,-0.31940117478370667,2.16796875,0.7796062231063843,-0.06930787861347198,7.824141979217529
1790,113.11759185791016,15.879531569480896,673,152.32818603515625,0.0003,1,a2c_lr_opt_seed1,-0.2058565616607666,305.0695495605469,0.7382205724716187,4.73722505569458,177.20294189453125
1790,113.11759185791016,15.879531569480896,673,1.6521531343460083,0.0003,1,a2c_lr_opt_seed1,-0.5185258984565735,4.343005180358887,0.8236107230186462,-0.3893396556377411,9.780930519104004
1790,113.11759185791016,15.879531569480896,673,13.056717872619629,0.0003,1,a2c_lr_opt_seed1,-1.0530905723571777,28.22125244140625,0.817609429359436,-1.7354788780212402,50.27660369873047
1790,113.11759185791016,15.879531569480896,673,9.163264274597168,0.0003,1,a2c_lr_opt_seed1,0.2989282011985779,17.730119705200195,0.72336745262146,1.2726200819015503,36.61159896850586
1792,-39.10200500488281,13.658128829002381,577,167.4805908203125,0.0003,1,a2c_lr_opt_seed1,-0.40505364537239075,335.7725524902344,0.6269170045852661,-2.4566121101379395,119.95189666748047
1793,100.6506118774414,16.865368132591247,564,156.9396209716797,0.0003,1,a2c_lr_opt_seed1,-0.3828927278518677,314.6465759277344,0.7730489373207092,4.854285717010498,187.2667999267578
1793,100.6506118774414,16.865368132591247,564,5.248745441436768,0.0003,1,a2c_lr_opt_seed1,-0.2511821985244751,11.001570701599121,0.8576357960700989,-0.40537652373313904,23.841646194458008
1793,100.6506118774414,16.865368132591247,564,5.301277160644531,0.0003,1,a2c_lr_opt_seed1,0.9878660440444946,8.62851333618164,0.8456361293792725,1.2097649574279785,42.19526290893555
1793,100.6506118774414,16.865368132591247,564,6.6333842277526855,0.0003,1,a2c_lr_opt_seed1,-0.38587456941604614,14.039960861206055,0.721652626991272,-0.1395481526851654,18.29607582092285
1794,64.93697357177734,15.928360838890075,1001,7.559006690979004,0.0003,1,a2c_lr_opt_seed1,0.22934678196907043,14.660828590393066,0.7541704773902893,0.8970460891723633,23.43903350830078
1794,64.93697357177734,15.928360838890075,1001,13.802762031555176,0.0003,1,a2c_lr_opt_seed1,-0.22129231691360474,28.04950714111328,0.6990821957588196,0.006972312927246094,26.016921997070312
1796,-61.68854522705078,20.284850630760193,555,214.6924591064453,0.0003,1,a2c_lr_opt_seed1,-0.379550576210022,430.1455078125,0.7452400922775269,-0.7535786628723145,80.8777084350586
1796,-61.68854522705078,20.284850630760193,555,2.1345951557159424,0.0003,1,a2c_lr_opt_seed1,-0.03557451069355011,4.342004776000977,0.8328235149383545,0.045735567808151245,9.860675811767578
1796,-61.68854522705078,20.284850630760193,555,2.522427797317505,0.0003,1,a2c_lr_opt_seed1,0.36923468112945557,4.308151721954346,0.8829305768013,0.5678180456161499,19.1260986328125
1797,-63.77006530761719,21.79741776943207,321,123.66316223144531,0.0003,1,a2c_lr_opt_seed1,-1.108710765838623,249.54544067382812,0.8439337611198425,-1.6925138235092163,97.32445526123047
1799,-66.8831787109375,15.12488389492035,315,266.3674011230469,0.0003,1,a2c_lr_opt_seed1,-1.3379838466644287,535.4122314453125,0.7213066220283508,-7.5358381271362305,261.0655822753906
1799,-66.8831787109375,15.12488389492035,315,4.725348472595215,0.0003,1,a2c_lr_opt_seed1,0.25608283281326294,8.940154075622559,0.8116693496704102,0.601071834564209,37.21063232421875
1799,-66.8831787109375,15.12488389492035,315,1.7842168807983398,0.0003,1,a2c_lr_opt_seed1,-0.7056864500045776,4.981425762176514,0.8095395565032959,-0.6059649586677551,20.55731201171875
1799,-66.8831787109375,15.12488389492035,315,1.78865385055542,0.0003,1,a2c_lr_opt_seed1,-0.12825261056423187,3.835484027862549,0.8355381488800049,-0.05783945322036743,4.930408000946045
1799,-66.8831787109375,15.12488389492035,315,2.350473642349243,0.0003,1,a2c_lr_opt_seed1,-1.2048152685165405,7.112269401550293,0.8455562591552734,-1.1327812671661377,35.126827239990234
1799,-66.8831787109375,15.12488389492035,315,2.955878973007202,0.0003,1,a2c_lr_opt_seed1,0.32767975330352783,5.25816535949707,0.8833185434341431,0.46762391924858093,19.09465217590332
1799,-66.8831787109375,15.12488389492035,315,2.069443464279175,0.0003,1,a2c_lr_opt_seed1,-0.9044027328491211,5.949358940124512,0.8332672715187073,-0.977536678314209,33.90644073486328
1799,-66.8831787109375,15.12488389492035,315,2.8020222187042236,0.0003,1,a2c_lr_opt_seed1,0.024477511644363403,5.556655406951904,0.7829560041427612,-0.007944196462631226,7.293139934539795
1799,-66.8831787109375,15.12488389492035,315,30.852954864501953,0.0003,1,a2c_lr_opt_seed1,-1.052578091621399,63.812686920166016,0.8108807802200317,-2.539486885070801,74.97836303710938
1799,-66.8831787109375,15.12488389492035,315,9.525359153747559,0.0003,1,a2c_lr_opt_seed1,0.7002321481704712,17.651765823364258,0.756009042263031,1.6477853059768677,45.03892135620117
1799,-66.8831787109375,15.12488389492035,315,3.1646485328674316,0.0003,1,a2c_lr_opt_seed1,0.3460008203983307,5.6389241218566895,0.8143314123153687,0.7950733304023743,22.04994773864746
1799,-66.8831787109375,15.12488389492035,315,12.605072021484375,0.0003,1,a2c_lr_opt_seed1,-0.7185182571411133,26.648611068725586,0.7155523300170898,-1.3584688901901245,43.93976593017578
1801,124.26366424560547,12.08674470424652,740,255.3167266845703,0.0003,1,a2c_lr_opt_seed1,1.9798367023468018,506.67529296875,0.7631315588951111,7.265707015991211,219.53880310058594
1802,63.89793014526367,16.3185915517807,1001,33.004859924316406,0.0003,1,a2c_lr_opt_seed1,1.4436291456222534,63.124027252197266,0.782297670841217,2.1415600776672363,78.8917007446289
1802,63.89793014526367,16.3185915517807,1001,4.103875160217285,0.0003,1,a2c_lr_opt_seed1,0.3899978995323181,7.4294328689575195,0.8393063545227051,0.4781053364276886,21.773839950561523
1802,63.89793014526367,16.3185915517807,1001,5.857723236083984,0.0003,1,a2c_lr_opt_seed1,0.03640800714492798,11.644271850585938,0.8206906914710999,-0.09007351100444794,29.82623863220215
1802,63.89793014526367,16.3185915517807,1001,7.982720851898193,0.0003,1,a2c_lr_opt_seed1,0.4759131073951721,15.015215873718262,0.799911379814148,0.46627557277679443,18.98573875427246
1802,63.89793014526367,16.3185915517807,1001,6.213084697723389,0.0003,1,a2c_lr_opt_seed1,-0.9046545028686523,14.236931800842285,0.7266618013381958,-1.2455086708068848,43.478065490722656
1802,63.89793014526367,16.3185915517807,1001,21.14671516418457,0.0003,1,a2c_lr_opt_seed1,1.428981065750122,39.4370231628418,0.7779390811920166,2.142730474472046,58.19428253173828
1802,63.89793014526367,16.3185915517807,1001,4.203279495239258,0.0003,1,a2c_lr_opt_seed1,-0.30900177359580994,9.025919914245605,0.6786053776741028,-0.41726621985435486,21.98318862915039
1804,148.04429626464844,20.853787322044372,629,180.1808319091797,0.0003,1,a2c_lr_opt_seed1,-1.90339994430542,364.169921875,0.7400056719779968,1.9791508913040161,87.40907287597656
1804,148.04429626464844,20.853787322044372,629,26.969890594482422,0.0003,1,a2c_lr_opt_seed1,0.7646076679229736,52.41221618652344,0.8257773518562317,0.44033363461494446,25.853551864624023
1805,-111.5255126953125,18.07915463924408,324,221.62664794921875,0.0003,1,a2c_lr_opt_seed1,-2.1401963233947754,447.53521728515625,0.7603321075439453,-7.292757034301758,248.3571319580078
1805,-111.5255126953125,18.07915463924408,324,2.496769666671753,0.0003,1,a2c_lr_opt_seed1,-0.17416861653327942,5.343547821044922,0.8355492949485779,-0.2719689607620239,9.265555381774902
1806,-150.7989959716797,13.154864783287048,809,84.84684753417969,0.0003,1,a2c_lr_opt_seed1,-3.6039609909057617,176.90318298339844,0.7837735414505005,-3.3433473110198975,135.42079162597656
1807,85.08187866210938,14.308702368736267,1001,5.446381092071533,0.0003,1,a2c_lr_opt_seed1,-0.2936347723007202,11.48157024383545,0.769206702709198,-0.44479599595069885,21.47527313232422
1807,85.08187866210938,14.308702368736267,1001,5.509407997131348,0.0003,1,a2c_lr_opt_seed1,-0.5698456764221191,12.160124778747559,0.8086773753166199,-0.648438036441803,26.443803787231445
1808,65.55418395996094,17.752179388999938,1001,10.421422004699707,0.0003,1,a2c_lr_opt_seed1,0.5372625589370728,19.769935607910156,0.8087029457092285,1.2185324430465698,50.25436782836914
1808,65.55418395996094,17.752179388999938,1001,53.96224594116211,0.0003,1,a2c_lr_opt_seed1,-1.4751825332641602,110.8764877319336,0.8161008358001709,-3.4303689002990723,122.72513580322266
1809,-147.23062133789062,17.259139227867127,289,128.44505310058594,0.0003,1,a2c_lr_opt_seed1,0.20141619443893433,256.4888000488281,0.7667403221130371,-2.3603479862213135,164.022705078125
1809,-147.23062133789062,17.259139227867127,289,17.603654861450195,0.0003,1,a2c_lr_opt_seed1,-1.2427152395248413,37.69440841674805,0.8328296542167664,-2.264679431915283,70.88092041015625
1810,-110.65924835205078,14.999851455688477,578,126.09210968017578,0.0003,1,a2c_lr_opt_seed1,0.4031525254249573,251.3795623779297,0.8213654160499573,-2.561738967895508,140.1143798828125
1810,-110.65924835205078,14.999851455688477,578,1.734114170074463,0.0003,1,a2c_lr_opt_seed1,0.23001249134540558,3.009913921356201,0.8553261756896973,0.4289185404777527,12.99364185333252
1810,-110.65924835205078,14.999851455688477,578,0.8359122276306152,0.0003,1,a2c_lr_opt_seed1,-0.38799089193344116,2.449510097503662,0.8519461154937744,-0.2873312830924988,9.59544849395752
1810,-110.65924835205078,14.999851455688477,578,3.7910268306732178,0.0003,1,a2c_lr_opt_seed1,-0.6796596050262451,8.943106651306152,0.8669753074645996,-0.4674151539802551,17.712717056274414
1810,-110.65924835205078,14.999851455688477,578,13.600796699523926,0.0003,1,a2c_lr_opt_seed1,1.364966869354248,24.473363876342773,0.8512698411941528,1.5301835536956787,43.43061447143555
1811,-82.24542999267578,12.692653884887696,525,180.01992797851562,0.0003,1,a2c_lr_opt_seed1,1.7716472148895264,356.4980773925781,0.7659778594970703,-1.1641042232513428,127.82344818115234
1811,-82.24542999267578,12.692653884887696,525,1.8376115560531616,0.0003,1,a2c_lr_opt_seed1,-0.041585247963666916,3.7601780891418457,0.8922529220581055,0.07685276865959167,7.9330363273620605
1811,-82.24542999267578,12.692653884887696,525,2.626455783843994,0.0003,1,a2c_lr_opt_seed1,0.0923849418759346,5.069849014282227,0.8538797497749329,0.15220588445663452,8.682747840881348
1811,-82.24542999267578,12.692653884887696,525,4.647171974182129,0.0003,1,a2c_lr_opt_seed1,0.41113200783729553,8.47388744354248,0.9036446213722229,0.014943361282348633,18.2667236328125
1811,-82.24542999267578,12.692653884887696,525,34.176692962646484,0.0003,1,a2c_lr_opt_seed1,1.431712031364441,65.49166870117188,0.8527464270591736,2.283243179321289,60.50182342529297
1811,-82.24542999267578,12.692653884887696,525,10.075119972229004,0.0003,1,a2c_lr_opt_seed1,0.19100487232208252,19.769725799560547,0.7479556798934937,0.6186981201171875,32.29513931274414
1811,-82.24542999267578,12.692653884887696,525,40.21173858642578,0.0003,1,a2c_lr_opt_seed1,2.089170217514038,76.24668884277344,0.774663507938385,1.7937778234481812,67.7757568359375
1812,-37.083885192871094,12.910357513427734,1001,99.39160919189453,0.0003,1,a2c_lr_opt_seed1,0.5607380867004395,197.6629638671875,0.6103948354721069,-0.0353318452835083,71.03533935546875
1812,-37.083885192871094,12.910357513427734,1001,8.014780044555664,0.0003,1,a2c_lr_opt_seed1,0.4322740137577057,15.16612720489502,0.5580481886863708,1.3137253522872925,49.43226623535156
1813,148.2936553955078,14.808295364379882,451,158.22976684570312,0.0003,1,a2c_lr_opt_seed1,0.32792049646377563,315.8048095703125,0.563174843788147,6.025106430053711,191.798828125
1814,126.21052551269531,15.576252365112305,547,165.31298828125,0.0003,1,a2c_lr_opt_seed1,0.49896401166915894,329.6294250488281,0.6896204352378845,4.922388076782227,186.7033233642578
1814,126.21052551269531,15.576252365112305,547,32.367958068847656,0.0003,1,a2c_lr_opt_seed1,-1.0427381992340088,66.8228530883789,0.7275282144546509,-2.5888307094573975,78.14733123779297
1816,-94.58380889892578,8.262409439086914,378,122.14025115966797,0.0003,1,a2c_lr_opt_seed1,0.27522268891334534,243.73143005371094,0.6847188472747803,-1.2088537216186523,96.3275375366211
1816,-94.58380889892578,8.262409439086914,378,2.543323516845703,0.0003,1,a2c_lr_opt_seed1,-0.3695620894432068,5.827254295349121,0.7415307760238647,-0.35204678773880005,20.423961639404297
1816,-94.58380889892578,8.262409439086914,378,4.2140583992004395,0.0003,1,a2c_lr_opt_seed1,0.2756362557411194,7.878385543823242,0.7704823613166809,0.5139288902282715,26.95384407043457
1816,-94.58380889892578,8.262409439086914,378,2.1320152282714844,0.0003,1,a2c_lr_opt_seed1,-1.044145107269287,6.353778839111328,0.72911536693573,-1.3835461139678955,43.911128997802734
1816,-94.58380889892578,8.262409439086914,378,1.6412876844406128,0.0003,1,a2c_lr_opt_seed1,-0.11952531337738037,3.523104190826416,0.7391506433486938,-0.0769059956073761,8.936816215515137
1816,-94.58380889892578,8.262409439086914,378,1.0831713676452637,0.0003,1,a2c_lr_opt_seed1,-0.28734448552131653,2.742671012878418,0.819629967212677,-0.42481529712677,14.266851425170898
1817,91.30723571777344,11.108697280883788,1001,14.600655555725098,0.0003,1,a2c_lr_opt_seed1,-0.6827578544616699,30.568410873413086,0.7927238941192627,-0.11668628454208374,35.799293518066406
1817,91.30723571777344,11.108697280883788,1001,4.115260601043701,0.0003,1,a2c_lr_opt_seed1,0.19728143513202667,7.837503433227539,0.7725781202316284,0.32186824083328247,25.274173736572266
1817,91.30723571777344,11.108697280883788,1001,1.9173781871795654,0.0003,1,a2c_lr_opt_seed1,0.12175620347261429,3.5929031372070312,0.8295424580574036,0.20491419732570648,20.849163055419922
1818,66.16046142578125,14.364048538208008,1001,25.505823135375977,0.0003,1,a2c_lr_opt_seed1,2.199408769607544,46.614566802978516,0.8695648908615112,2.650556802749634,87.38325500488281
1820,56.05067825317383,10.319121475219726,1001,54.54555130004883,0.0003,1,a2c_lr_opt_seed1,-0.1328982710838318,109.35846710205078,0.7846724987030029,0.7804942727088928,65.75274658203125
1821,-103.52692413330078,6.800215530395508,511,77.58165740966797,0.0003,1,a2c_lr_opt_seed1,-2.528996467590332,160.22291564941406,0.7977583408355713,-1.7613095045089722,96.0021743774414
1821,-103.52692413330078,6.800215530395508,511,47.015228271484375,0.0003,1,a2c_lr_opt_seed1,-1.7403452396392822,97.51273345947266,0.7921867966651917,-1.3747313022613525,46.93010711669922
1822,-81.53630065917969,3.1553063201904297,500,87.26274871826172,0.0003,1,a2c_lr_opt_seed1,-0.09845238924026489,174.72413635253906,0.868084728717804,-1.5281708240509033,92.60224914550781
1822,-81.53630065917969,3.1553063201904297,500,11.504150390625,0.0003,1,a2c_lr_opt_seed1,2.0674922466278076,18.87516212463379,0.9235861301422119,2.2389416694641113,65.26937103271484
1822,-81.53630065917969,3.1553063201904297,500,11.245889663696289,0.0003,1,a2c_lr_opt_seed1,-0.33505743741989136,23.163482666015625,0.7945742607116699,0.6967440247535706,28.174640655517578
1823,181.36367797851562,8.256766891479492,540,171.28643798828125,0.0003,1,a2c_lr_opt_seed1,0.28621792793273926,342.0019836425781,0.7726600766181946,6.150553226470947,223.56861877441406
1823,181.36367797851562,8.256766891479492,540,1.7986934185028076,0.0003,1,a2c_lr_opt_seed1,-0.0585172064602375,3.716081142425537,0.829965353012085,0.18042127788066864,7.1448655128479
1823,181.36367797851562,8.256766891479492,540,111.16138458251953,0.0003,1,a2c_lr_opt_seed1,-0.7867854833602905,223.8979034423828,0.774433970451355,-4.160933017730713,192.04019165039062
1824,-249.83230590820312,5.782352066040039,666,112.27603912353516,0.0003,1,a2c_lr_opt_seed1,-0.02258649468421936,224.59893798828125,0.8442994356155396,-2.304028034210205,129.44488525390625
1824,-249.83230590820312,5.782352066040039,666,8.65192699432373,0.0003,1,a2c_lr_opt_seed1,-0.1154935210943222,17.536348342895508,0.7536166906356812,0.9116051197052002,29.5601863861084
1825,-49.53648376464844,6.947517471313477,351,118.72926330566406,0.0003,1,a2c_lr_opt_seed1,-1.9003775119781494,241.26080322265625,0.7635065913200378,-3.9457380771636963,139.68345642089844
1826,192.88870239257812,12.602737350463867,512,100.37731170654297,0.0003,1,a2c_lr_opt_seed1,-0.9244830012321472,202.60520935058594,0.8110029697418213,1.6223512887954712,79.97007751464844
1826,192.88870239257812,12.602737350463867,512,5.338737964630127,0.0003,1,a2c_lr_opt_seed1,0.5004619359970093,9.67825698852539,0.8527638912200928,0.674176037311554,34.1552734375
1826,192.88870239257812,12.602737350463867,512,52.603973388671875,0.0003,1,a2c_lr_opt_seed1,-0.7365623712539673,106.68241882324219,0.6747267842292786,-1.4542946815490723,65.09113311767578
1827,-89.4277114868164,12.75444953918457,441,58.041046142578125,0.0003,1,a2c_lr_opt_seed1,0.23714953660964966,115.60902404785156,0.6137517094612122,-0.23128092288970947,46.245880126953125
1828,154.4520263671875,16.77949363708496,536,180.76730346679688,0.0003,1,a2c_lr_opt_seed1,-0.11894065141677856,361.7738342285156,0.6654142737388611,5.745572566986084,205.7436981201172
1829,158.93365478515625,18.303491744995117,572,28.7047061920166,0.0003,1,a2c_lr_opt_seed1,0.05465555191040039,57.30179214477539,0.8458136916160583,0.5383680462837219,28.342878341674805
1829,158.93365478515625,18.303491744995117,572,31.24086570739746,0.0003,1,a2c_lr_opt_seed1,2.4517674446105957,57.5799446105957,0.8741582632064819,3.059903383255005,100.8205337524414
1829,158.93365478515625,18.303491744995117,572,1.9446073770523071,0.0003,1,a2c_lr_opt_seed1,-0.45065873861312866,4.792220592498779,0.8441673517227173,-0.3561498522758484,16.18811798095703
1829,158.93365478515625,18.303491744995117,572,1.854169249534607,0.0003,1,a2c_lr_opt_seed1,-0.5309447050094604,4.771960258483887,0.8661624193191528,-0.3298456072807312,9.09581184387207
1830,-87.77722930908203,15.126355514526367,479,115.0816650390625,0.0003,1,a2c_lr_opt_seed1,-2.0553181171417236,234.27565002441406,0.8424449563026428,-4.142833232879639,157.658203125
1830,-87.77722930908203,15.126355514526367,479,1.944324254989624,0.0003,1,a2c_lr_opt_seed1,-0.05991346389055252,4.010226249694824,0.8752971291542053,-0.1394975334405899,12.360450744628906
1830,-87.77722930908203,15.126355514526367,479,3.2384674549102783,0.0003,1,a2c_lr_opt_seed1,-1.429416537284851,9.33741569519043,0.8237449526786804,-1.3790583610534668,41.59303665161133
1830,-87.77722930908203,15.126355514526367,479,3.554020404815674,0.0003,1,a2c_lr_opt_seed1,0.6407250165939331,5.828295707702637,0.8525341749191284,0.9337716698646545,26.868118286132812
1830,-87.77722930908203,15.126355514526367,479,1.065909743309021,0.0003,1,a2c_lr_opt_seed1,-0.3873514235019684,2.9082212448120117,0.849522054195404,-0.2381073236465454,8.18985652923584
1830,-87.77722930908203,15.126355514526367,479,25.069820404052734,0.0003,1,a2c_lr_opt_seed1,-1.1901898384094238,52.52165985107422,0.8196998834609985,-2.088014841079712,61.701473236083984
1831,-112.48140716552734,11.130874404907226,578,103.86235046386719,0.0003,1,a2c_lr_opt_seed1,0.7005319595336914,206.32505798339844,0.7123280763626099,-1.4185196161270142,104.00460815429688
1831,-112.48140716552734,11.130874404907226,578,10.835538864135742,0.0003,1,a2c_lr_opt_seed1,0.23612838983535767,21.200298309326172,0.7392286062240601,0.8184496164321899,26.709257125854492
1832,151.31077575683594,11.262048416137695,558,183.65370178222656,0.0003,1,a2c_lr_opt_seed1,0.3999277651309967,366.5088806152344,0.666435182094574,6.041369915008545,198.29331970214844
1833,182.592529296875,12.27565803527832,508,182.84864807128906,0.0003,1,a2c_lr_opt_seed1,0.271628201007843,365.1553039550781,0.6322327256202698,6.873394966125488,253.18405151367188
1833,182.592529296875,12.27565803527832,508,7.4923906326293945,0.0003,1,a2c_lr_opt_seed1,-0.13670256733894348,15.25973892211914,0.7762333750724792,-0.004519551992416382,26.777080535888672
1834,108.80390167236328,12.360735397338868,657,171.61648559570312,0.0003,1,a2c_lr_opt_seed1,0.18476364016532898,342.8650817871094,0.8298766016960144,4.677262783050537,160.9559326171875
1835,-90.8818588256836,7.415944595336914,537,143.79762268066406,0.0003,1,a2c_lr_opt_seed1,-3.0377187728881836,293.67236328125,0.8399453163146973,-5.352273464202881,192.80076599121094
1836,71.62336730957031,6.098542861938476,1001,24.220462799072266,0.0003,1,a2c_lr_opt_seed1,1.4910800457000732,45.460453033447266,0.8429840803146362,1.8500550985336304,52.54660415649414
1836,71.62336730957031,6.098542861938476,1001,2.3277976512908936,0.0003,1,a2c_lr_opt_seed1,-0.2456168234348297,5.148437023162842,0.8040362000465393,-0.12964549660682678,14.380373001098633
1836,71.62336730957031,6.098542861938476,1001,2.4313719272613525,0.0003,1,a2c_lr_opt_seed1,-0.06133267283439636,4.987067222595215,0.8289608955383301,-0.024598076939582825,11.537249565124512
1836,71.62336730957031,6.098542861938476,1001,2.8651556968688965,0.0003,1,a2c_lr_opt_seed1,-0.1455553025007248,6.0230793952941895,0.828757107257843,-0.1783316284418106,24.265722274780273
1837,-74.89370727539062,5.801946105957032,363,91.19731140136719,0.0003,1,a2c_lr_opt_seed1,-3.5145819187164307,189.42555236816406,0.8841351270675659,-3.562706232070923,130.3828887939453
1837,-74.89370727539062,5.801946105957032,363,2.914632797241211,0.0003,1,a2c_lr_opt_seed1,-0.8584405183792114,7.547752857208252,0.8030835390090942,-0.7824353575706482,31.820398330688477
1838,-96.79151153564453,5.803367462158203,349,90.94680786132812,0.0003,1,a2c_lr_opt_seed1,-2.8538014888763428,187.60281372070312,0.8039913177490234,-2.700167655944824,110.20653533935547
1838,-96.79151153564453,5.803367462158203,349,3.7499866485595703,0.0003,1,a2c_lr_opt_seed1,0.2714758515357971,6.958660125732422,0.8193007111549377,0.32302331924438477,17.59052276611328
1838,-96.79151153564453,5.803367462158203,349,3.6190202236175537,0.0003,1,a2c_lr_opt_seed1,0.6092839241027832,6.021090984344482,0.8091198801994324,0.8103035688400269,28.95596694946289
1838,-96.79151153564453,5.803367462158203,349,4.783390522003174,0.0003,1,a2c_lr_opt_seed1,-0.3173372149467468,10.202912330627441,0.7283772230148315,-0.3681143820285797,20.545705795288086
1838,-96.79151153564453,5.803367462158203,349,9.62896728515625,0.0003,1,a2c_lr_opt_seed1,0.8309604525566101,17.597532272338867,0.7593023777008057,1.2290083169937134,49.64807891845703
1839,93.38821411132812,9.572728118896485,923,204.6367645263672,0.0003,1,a2c_lr_opt_seed1,-0.545066237449646,410.365234375,0.798017144203186,4.882462024688721,207.41014099121094
1839,93.38821411132812,9.572728118896485,923,12.34009075164795,0.0003,1,a2c_lr_opt_seed1,-0.0725318118929863,24.826927185058594,0.8408703804016113,0.048728495836257935,18.34206199645996
1839,93.38821411132812,9.572728118896485,923,2.7098865509033203,0.0003,1,a2c_lr_opt_seed1,-0.5331671237945557,6.487849235534668,0.870867133140564,-0.44906511902809143,12.471390724182129
1839,93.38821411132812,9.572728118896485,923,1.2442445755004883,0.0003,1,a2c_lr_opt_seed1,-0.4649271070957184,3.4200034141540527,0.8300832509994507,-0.29262489080429077,15.055829048156738
1839,93.38821411132812,9.572728118896485,923,16.68879508972168,0.0003,1,a2c_lr_opt_seed1,0.39577242732048035,32.587501525878906,0.7279596924781799,1.6059867143630981,49.8558464050293
1841,-53.966514587402344,3.914969482421875,318,116.1309814453125,0.0003,1,a2c_lr_opt_seed1,-2.4328079223632812,237.12905883789062,0.7391914129257202,-2.5806188583374023,103.52850341796875
1842,169.01219177246094,8.07725341796875,602,114.3503189086914,0.0003,1,a2c_lr_opt_seed1,1.6902508735656738,225.32177734375,0.820975661277771,4.482762336730957,126.31818389892578
1844,-126.37423706054688,0.18386199951171875,457,360.93975830078125,0.0003,1,a2c_lr_opt_seed1,-1.7054808139801025,725.2919311523438,0.7325122952461243,-10.216252326965332,319.4374694824219
1845,47.36510467529297,-1.3066464233398438,1001,10.07022762298584,0.0003,1,a2c_lr_opt_seed1,-1.0508068799972534,22.24359703063965,0.763491153717041,-1.506617546081543,71.38404083251953
1845,47.36510467529297,-1.3066464233398438,1001,11.322969436645508,0.0003,1,a2c_lr_opt_seed1,0.8446478247642517,20.958332061767578,0.8437334299087524,1.1669553518295288,35.688175201416016
1845,47.36510467529297,-1.3066464233398438,1001,4.8018012046813965,0.0003,1,a2c_lr_opt_seed1,-0.7675124406814575,11.140192031860352,0.7825994491577148,-0.9953483939170837,44.0611572265625
1845,47.36510467529297,-1.3066464233398438,1001,3.722048282623291,0.0003,1,a2c_lr_opt_seed1,0.5607367753982544,6.324267387390137,0.8220450282096863,0.465421199798584,21.196128845214844
1845,47.36510467529297,-1.3066464233398438,1001,5.336146354675293,0.0003,1,a2c_lr_opt_seed1,-0.8921288847923279,12.458141326904297,0.7953906059265137,-1.0156440734863281,43.02159118652344
1845,47.36510467529297,-1.3066464233398438,1001,2.2507388591766357,0.0003,1,a2c_lr_opt_seed1,0.1307259202003479,4.241572380065918,0.7733020782470703,0.16676069796085358,9.485182762145996
1847,-71.20394897460938,-1.9104261779785157,241,218.44821166992188,0.0003,1,a2c_lr_opt_seed1,-6.633765697479248,450.16552734375,0.7935845851898193,-8.186760902404785,303.9776916503906
1847,-71.20394897460938,-1.9104261779785157,241,4.003494739532471,0.0003,1,a2c_lr_opt_seed1,-0.5344105362892151,9.07748794555664,0.8386529088020325,-0.31107598543167114,17.7055606842041
1848,-56.23750305175781,-0.89617919921875,279,90.44375610351562,0.0003,1,a2c_lr_opt_seed1,-4.126754283905029,189.14259338378906,0.7877867221832275,-3.8456575870513916,145.96949768066406
1848,-56.23750305175781,-0.89617919921875,279,3.1350159645080566,0.0003,1,a2c_lr_opt_seed1,-1.039039969444275,8.349743843078613,0.8158596158027649,-1.059834361076355,42.11750411987305
1848,-56.23750305175781,-0.89617919921875,279,3.3598344326019287,0.0003,1,a2c_lr_opt_seed1,0.5805087089538574,5.560226917266846,0.7877628803253174,0.7120400071144104,27.17416000366211
1848,-56.23750305175781,-0.89617919921875,279,2.669043779373169,0.0003,1,a2c_lr_opt_seed1,-0.45553866028785706,6.250802993774414,0.8189232349395752,-0.3748702108860016,11.60071849822998
1849,37.01693344116211,1.1818230438232422,1001,5.0964155197143555,0.0003,1,a2c_lr_opt_seed1,-0.9754540920257568,12.145431518554688,0.8459956645965576,-0.6799733638763428,29.606218338012695
1849,37.01693344116211,1.1818230438232422,1001,3.178838014602661,0.0003,1,a2c_lr_opt_seed1,-0.75489741563797,7.869227409362793,0.8783154487609863,-0.877285361289978,33.401268005371094
1849,37.01693344116211,1.1818230438232422,1001,6.913474082946777,0.0003,1,a2c_lr_opt_seed1,-0.37601834535598755,14.580804824829102,0.9099276661872864,-0.2481226623058319,21.72869873046875
1849,37.01693344116211,1.1818230438232422,1001,45.05897521972656,0.0003,1,a2c_lr_opt_seed1,0.9477699995040894,88.22419738769531,0.891936719417572,0.9804742932319641,37.410301208496094
1850,-167.84295654296875,-0.23826179504394532,617,154.7549591064453,0.0003,1,a2c_lr_opt_seed1,-2.060828685760498,313.6328125,0.6299218535423279,-3.7395987510681152,140.51730346679688
1850,-167.84295654296875,-0.23826179504394532,617,4.29243803024292,0.0003,1,a2c_lr_opt_seed1,-0.4981232285499573,9.582581520080566,0.7295022010803223,-0.40859973430633545,31.351621627807617
1851,125.64665222167969,-0.21060203552246093,688,156.5855255126953,0.0003,1,a2c_lr_opt_seed1,0.6277958750724792,311.9169616699219,0.7513439059257507,5.541491985321045,185.09786987304688
1851,125.64665222167969,-0.21060203552246093,688,3.377443790435791,0.0003,1,a2c_lr_opt_seed1,0.17578665912151337,6.404970645904541,0.8283724784851074,0.1276761144399643,8.002026557922363
1852,-101.0136947631836,-3.5088345336914064,378,78.36489868164062,0.0003,1,a2c_lr_opt_seed1,-0.817879319190979,158.36721801757812,0.8351613879203796,-0.9751788377761841,84.69882202148438
1852,-101.0136947631836,-3.5088345336914064,378,2.7416601181030273,0.0003,1,a2c_lr_opt_seed1,0.3106658458709717,4.8636393547058105,0.8254333138465881,0.6496760249137878,29.712554931640625
1852,-101.0136947631836,-3.5088345336914064,378,14.225115776062012,0.0003,1,a2c_lr_opt_seed1,0.15215188264846802,28.147397994995117,0.7349308729171753,0.9836280941963196,37.33881378173828
1853,33.041873931884766,-5.80679069519043,1001,3.4722530841827393,0.0003,1,a2c_lr_opt_seed1,-0.22302979230880737,7.392080783843994,0.7575598359107971,-0.17377030849456787,13.140560150146484
1855,81.13243103027344,-7.423281784057617,772,157.14649963378906,0.0003,1,a2c_lr_opt_seed1,-0.3836027979850769,315.061767578125,0.7827160954475403,4.010814666748047,160.84275817871094
1855,81.13243103027344,-7.423281784057617,772,4.839536666870117,0.0003,1,a2c_lr_opt_seed1,0.11597707867622375,9.448805809020996,0.8436625003814697,0.19365428388118744,34.72871780395508
1855,81.13243103027344,-7.423281784057617,772,3.870941638946533,0.0003,1,a2c_lr_opt_seed1,-0.2010543942451477,8.14582347869873,0.9157305359840393,-0.2883875072002411,17.0081729888916
1855,81.13243103027344,-7.423281784057617,772,4.774906158447266,0.0003,1,a2c_lr_opt_seed1,-0.7037159204483032,10.958932876586914,0.8444802761077881,-0.7609938383102417,22.301923751831055
1855,81.13243103027344,-7.423281784057617,772,6.609667778015137,0.0003,1,a2c_lr_opt_seed1,-0.05458685755729675,13.33014965057373,0.8201704621315002,0.22640296816825867,27.28700828552246
1855,81.13243103027344,-7.423281784057617,772,3.268885612487793,0.0003,1,a2c_lr_opt_seed1,0.10802111029624939,6.323501110076904,0.8859884738922119,0.1283223181962967,18.308481216430664
1855,81.13243103027344,-7.423281784057617,772,3.7364962100982666,0.0003,1,a2c_lr_opt_seed1,0.22825025022029877,7.018206596374512,0.8573688864707947,0.1869269609451294,8.366375923156738
1855,81.13243103027344,-7.423281784057617,772,2.2424633502960205,0.0003,1,a2c_lr_opt_seed1,-1.1986674070358276,6.884100437164307,0.9196569323539734,-1.2701247930526733,38.402957916259766
1855,81.13243103027344,-7.423281784057617,772,3.19923996925354,0.0003,1,a2c_lr_opt_seed1,0.1334240436553955,6.133291244506836,0.8296565413475037,0.23139804601669312,11.789779663085938
1856,-52.52490997314453,-5.457800064086914,285,77.88251495361328,0.0003,1,a2c_lr_opt_seed1,-1.858148455619812,159.4828338623047,0.7520147562026978,-0.4564720094203949,41.89006805419922
1856,-52.52490997314453,-5.457800064086914,285,2.866255283355713,0.0003,1,a2c_lr_opt_seed1,-0.09648379683494568,5.9269256591796875,0.7238630056381226,0.15797585248947144,17.06153678894043
1857,27.947097778320312,-6.600495681762696,943,168.9043426513672,0.0003,1,a2c_lr_opt_seed1,0.2801886796951294,337.2498779296875,0.7843565344810486,5.892906665802002,214.1658935546875
1857,27.947097778320312,-6.600495681762696,943,8.90631103515625,0.0003,1,a2c_lr_opt_seed1,0.6592350006103516,16.49591827392578,0.8833574056625366,1.2588720321655273,57.33977508544922
1857,27.947097778320312,-6.600495681762696,943,7.282539367675781,0.0003,1,a2c_lr_opt_seed1,0.5560722947120667,13.45478343963623,0.9246545433998108,0.484258234500885,21.131942749023438
1857,27.947097778320312,-6.600495681762696,943,2.4337995052337646,0.0003,1,a2c_lr_opt_seed1,-0.19709007441997528,5.263535499572754,0.878201425075531,-0.27193984389305115,21.93901252746582
1857,27.947097778320312,-6.600495681762696,943,3.6757264137268066,0.0003,1,a2c_lr_opt_seed1,0.5034211874008179,6.346268653869629,0.8292762041091919,0.5969095230102539,21.5832462310791
1857,27.947097778320312,-6.600495681762696,943,26.306655883789062,0.0003,1,a2c_lr_opt_seed1,1.9522645473480225,48.710506439208984,0.8623310327529907,2.5462400913238525,72.53284454345703
1857,27.947097778320312,-6.600495681762696,943,6.3769307136535645,0.0003,1,a2c_lr_opt_seed1,-0.5945031642913818,13.944470405578613,0.8014355301856995,-0.7016832828521729,38.8792610168457
1857,27.947097778320312,-6.600495681762696,943,4.0142340660095215,0.0003,1,a2c_lr_opt_seed1,-0.1918351799249649,8.413782119750977,0.8214945197105408,-0.1515171378850937,11.769176483154297
1859,-142.56234741210938,-9.813686141967773,808,231.6998291015625,0.0003,1,a2c_lr_opt_seed1,-1.6023741960525513,466.60565185546875,0.6311471462249756,-7.157123565673828,251.64666748046875
1860,0.5480603575706482,-7.589539967775345,1001,11.23936939239502,0.0003,1,a2c_lr_opt_seed1,0.10565239191055298,22.269075393676758,0.820911169052124,0.9505558609962463,55.8414421081543
1860,0.5480603575706482,-7.589539967775345,1001,7.383050918579102,0.0003,1,a2c_lr_opt_seed1,1.0509583950042725,12.665898323059082,0.8565235733985901,1.325861930847168,47.45920181274414
1860,0.5480603575706482,-7.589539967775345,1001,6.033533573150635,0.0003,1,a2c_lr_opt_seed1,0.49948519468307495,11.06981372833252,0.8581901788711548,0.7763272523880005,23.704647064208984
1860,0.5480603575706482,-7.589539967775345,1001,11.563469886779785,0.0003,1,a2c_lr_opt_seed1,0.7554567456245422,21.61767578125,0.8246830105781555,0.7382708191871643,25.297880172729492
1861,-81.61287689208984,-7.576888905763626,1001,15.189606666564941,0.0003,1,a2c_lr_opt_seed1,-0.1810901015996933,30.74313735961914,0.8716684579849243,0.29496335983276367,29.213909149169922
1861,-81.61287689208984,-7.576888905763626,1001,2.8758535385131836,0.0003,1,a2c_lr_opt_seed1,0.16666272282600403,5.4201884269714355,0.9032766222953796,0.2493026852607727,18.386709213256836
1861,-81.61287689208984,-7.576888905763626,1001,2.3731393814086914,0.0003,1,a2c_lr_opt_seed1,0.11268975585699081,4.5226263999938965,0.8636249303817749,0.14549678564071655,17.087093353271484
1862,-58.57500457763672,-8.006711293458938,1001,15.020215034484863,0.0003,1,a2c_lr_opt_seed1,1.3091028928756714,27.423921585083008,0.8490554094314575,1.4236582517623901,41.74412155151367
1863,-87.88296508789062,-12.730243703126908,541,94.2652587890625,0.0003,1,a2c_lr_opt_seed1,-4.403286933898926,197.33876037597656,0.8346131443977356,-4.461968421936035,178.1371612548828
1864,-144.03887939453125,-18.135231801271438,661,193.2948760986328,0.0003,1,a2c_lr_opt_seed1,-2.147620916366577,390.8864440917969,0.736502468585968,-6.507951259613037,233.91705322265625
1864,-144.03887939453125,-18.135231801271438,661,2.3072237968444824,0.0003,1,a2c_lr_opt_seed1,-0.6247038841247559,5.865431785583496,0.7882854342460632,-0.6074718832969666,20.875150680541992
1865,29.28019142150879,-14.985350934267045,1001,4.07014274597168,0.0003,1,a2c_lr_opt_seed1,-0.8484762907028198,9.838886260986328,0.8239650726318359,-0.8788280487060547,32.4322509765625
1865,29.28019142150879,-14.985350934267045,1001,3.886225938796997,0.0003,1,a2c_lr_opt_seed1,-0.3484703302383423,8.471076965332031,0.8423880934715271,-0.31561869382858276,15.578810691833496
1865,29.28019142150879,-14.985350934267045,1001,2.2358763217926025,0.0003,1,a2c_lr_opt_seed1,-0.3496520519256592,5.172891139984131,0.9172590374946594,-0.3590671420097351,15.844344139099121
1865,29.28019142150879,-14.985350934267045,1001,2.3456430435180664,0.0003,1,a2c_lr_opt_seed1,-0.9702032208442688,6.633448123931885,0.8779009580612183,-1.0202716588974,34.37492370605469
1865,29.28019142150879,-14.985350934267045,1001,1.9397773742675781,0.0003,1,a2c_lr_opt_seed1,-0.5128535032272339,4.9069600105285645,0.8491780757904053,-0.6369287967681885,18.467607498168945
1866,-95.28215789794922,-14.999317914247513,523,87.01703643798828,0.0003,1,a2c_lr_opt_seed1,-2.527088165283203,179.08998107910156,0.8639311194419861,-2.6591217517852783,123.4847183227539
1866,-95.28215789794922,-14.999317914247513,523,12.325807571411133,0.0003,1,a2c_lr_opt_seed1,0.49228692054748535,23.668787002563477,0.8727861642837524,0.9586889147758484,27.805952072143555
1866,-95.28215789794922,-14.999317914247513,523,6.526801586151123,0.0003,1,a2c_lr_opt_seed1,-1.1577346324920654,15.370648384094238,0.7883550524711609,-0.9424289464950562,36.855712890625
1866,-95.28215789794922,-14.999317914247513,523,12.867467880249023,0.0003,1,a2c_lr_opt_seed1,-0.09960612654685974,25.935537338256836,0.6941719055175781,0.4088120460510254,22.96681022644043
1867,127.10684204101562,-14.283325787782669,657,102.99136352539062,0.0003,1,a2c_lr_opt_seed1,0.02695193886756897,205.93032836914062,0.7542815208435059,2.549760580062866,89.24276733398438
1868,111.21736145019531,-13.382187787294388,574,158.45018005371094,0.0003,1,a2c_lr_opt_seed1,-0.40388214588165283,317.7095947265625,0.7276501655578613,5.069632053375244,205.2109375
1868,111.21736145019531,-13.382187787294388,574,10.236650466918945,0.0003,1,a2c_lr_opt_seed1,-0.16414758563041687,20.803264617919922,0.8348039388656616,0.36704468727111816,22.033470153808594
1868,111.21736145019531,-13.382187787294388,574,5.46520471572876,0.0003,1,a2c_lr_opt_seed1,0.1372329145669937,10.657451629638672,0.7538179159164429,0.48687997460365295,14.21812629699707
1868,111.21736145019531,-13.382187787294388,574,2.6534347534179688,0.0003,1,a2c_lr_opt_seed1,0.2994990348815918,4.709504127502441,0.8162710666656494,0.7928271293640137,22.166555404663086
1869,-116.83883666992188,-14.337887555360794,536,92.1710433959961,0.0003,1,a2c_lr_opt_seed1,-3.0241940021514893,190.39202880859375,0.7784485816955566,-2.2993948459625244,116.54571533203125
1869,-116.83883666992188,-14.337887555360794,536,11.186403274536133,0.0003,1,a2c_lr_opt_seed1,-0.3118511438369751,22.997819900512695,0.6548681855201721,-0.14186367392539978,24.701902389526367
1870,143.0397186279297,-12.598106747865677,522,162.00982666015625,0.0003,1,a2c_lr_opt_seed1,0.8807744979858398,322.2593078613281,0.5957584977149963,6.210464000701904,195.48342895507812
1870,143.0397186279297,-12.598106747865677,522,2.746486186981201,0.0003,1,a2c_lr_opt_seed1,-0.5005853176116943,6.495385646820068,0.6212741732597351,-0.3116695284843445,21.929500579833984
1870,143.0397186279297,-12.598106747865677,522,2.1301674842834473,0.0003,1,a2c_lr_opt_seed1,-0.24450159072875977,4.750743865966797,0.702936589717865,0.08977923542261124,14.556795120239258
1870,143.0397186279297,-12.598106747865677,522,2.07576322555542,0.0003,1,a2c_lr_opt_seed1,-0.9005913734436035,5.954095840454102,0.6932294964790344,-0.7920558452606201,32.57917404174805
1872,-135.13731384277344,-12.919578000307084,475,80.27046203613281,0.0003,1,a2c_lr_opt_seed1,-0.08201664686203003,160.70632934570312,0.6862265467643738,0.6613799333572388,59.95707321166992
1872,-135.13731384277344,-12.919578000307084,475,2.030871629714966,0.0003,1,a2c_lr_opt_seed1,0.3985147178173065,3.266186237335205,0.7362573742866516,0.5269025564193726,16.478710174560547
1872,-135.13731384277344,-12.919578000307084,475,6.874973297119141,0.0003,1,a2c_lr_opt_seed1,0.9431391358375549,11.865140914916992,0.7363805770874023,0.7372099161148071,26.237110137939453
1872,-135.13731384277344,-12.919578000307084,475,7.126413822174072,0.0003,1,a2c_lr_opt_seed1,-0.3773527443408966,15.008769035339355,0.6181281208992004,0.43755704164505005,24.89558219909668
1872,-135.13731384277344,-12.919578000307084,475,2.23572039604187,0.0003,1,a2c_lr_opt_seed1,-0.213173508644104,4.899068832397461,0.6405784487724304,0.04873311519622803,15.040992736816406
1873,147.88389587402344,-13.589173642396927,525,142.2393035888672,0.0003,1,a2c_lr_opt_seed1,-0.13362252712249756,284.74725341796875,0.6951348185539246,3.5700597763061523,150.73789978027344
1873,147.88389587402344,-13.589173642396927,525,2.6898210048675537,0.0003,1,a2c_lr_opt_seed1,0.26261937618255615,4.856014251708984,0.8057291507720947,0.5020507574081421,23.112184524536133
1873,147.88389587402344,-13.589173642396927,525,10.636001586914062,0.0003,1,a2c_lr_opt_seed1,0.025384753942489624,21.22271728515625,0.741610050201416,-0.15793901681900024,42.09682846069336
1874,29.303794860839844,-8.006451627016068,1001,20.128355026245117,0.0003,1,a2c_lr_opt_seed1,0.3218458294868469,39.614471435546875,0.7272174954414368,1.6231975555419922,50.92325973510742
1874,29.303794860839844,-8.006451627016068,1001,23.83754539489746,0.0003,1,a2c_lr_opt_seed1,-0.7440969944000244,49.16458511352539,0.6507206559181213,0.31157565116882324,34.484619140625
1876,107.28473663330078,-7.770799084901809,614,93.26826477050781,0.0003,1,a2c_lr_opt_seed1,-0.19644533097743988,186.93057250976562,0.583265483379364,3.478078842163086,123.82807922363281
1876,107.28473663330078,-7.770799084901809,614,2.6341254711151123,0.0003,1,a2c_lr_opt_seed1,-0.02773549221456051,5.324936389923096,0.6071488857269287,0.021290071308612823,19.2769775390625
1878,191.302490234375,-1.9225695621967316,568,179.01461791992188,0.0003,1,a2c_lr_opt_seed1,0.01133204996585846,358.008056640625,0.745570182800293,4.898037433624268,168.98977661132812
1878,191.302490234375,-1.9225695621967316,568,4.255544662475586,0.0003,1,a2c_lr_opt_seed1,0.19736039638519287,8.118122100830078,0.8771083354949951,0.13850682973861694,14.485149383544922
1878,191.302490234375,-1.9225695621967316,568,5.4513115882873535,0.0003,1,a2c_lr_opt_seed1,-0.004540085792541504,10.913456916809082,0.876678466796875,0.025931894779205322,23.100576400756836
1878,191.302490234375,-1.9225695621967316,568,3.94986629486084,0.0003,1,a2c_lr_opt_seed1,0.20791426301002502,7.485678195953369,0.8872496485710144,0.5360157489776611,20.167457580566406
1878,191.302490234375,-1.9225695621967316,568,1.1723227500915527,0.0003,1,a2c_lr_opt_seed1,0.018625184893608093,2.309225082397461,0.9149614572525024,0.1932063102722168,6.775324821472168
1878,191.302490234375,-1.9225695621967316,568,13.38770866394043,0.0003,1,a2c_lr_opt_seed1,-0.5814880132675171,27.94002914428711,0.8184938430786133,-1.1012741327285767,40.519622802734375
1878,191.302490234375,-1.9225695621967316,568,8.507933616638184,0.0003,1,a2c_lr_opt_seed1,0.19446811079978943,16.628467559814453,0.7682360410690308,0.9120048880577087,33.98371124267578
1879,-153.90631103515625,-8.17936887860298,723,73.81367492675781,0.0003,1,a2c_lr_opt_seed1,0.24049974977970123,147.14804077148438,0.8464819192886353,-0.41800788044929504,49.56278991699219
1879,-153.90631103515625,-8.17936887860298,723,1.7562239170074463,0.0003,1,a2c_lr_opt_seed1,-0.07862810045480728,3.671492576599121,0.8942816853523254,0.17657470703125,8.302359580993652
1879,-153.90631103515625,-8.17936887860298,723,28.205698013305664,0.0003,1,a2c_lr_opt_seed1,1.5213929414749146,53.37042236328125,0.9067734479904175,2.045325994491577,59.58458709716797
1879,-153.90631103515625,-8.17936887860298,723,8.507598876953125,0.0003,1,a2c_lr_opt_seed1,-0.3354891240596771,17.687978744506836,0.9009820222854614,0.2194032222032547,10.179718971252441
1879,-153.90631103515625,-8.17936887860298,723,14.390626907348633,0.0003,1,a2c_lr_opt_seed1,-0.05798671394586563,28.898693084716797,0.7337467074394226,0.25092241168022156,23.059329986572266
1880,-156.72686767578125,-9.558361645936966,789,158.6446533203125,0.0003,1,a2c_lr_opt_seed1,-2.0014028549194336,321.2934875488281,0.6897110342979431,-5.401252746582031,225.56234741210938
1881,114.35308074951172,-5.0216718876361846,642,157.4996795654297,0.0003,1,a2c_lr_opt_seed1,-1.175248384475708,317.35107421875,0.6152077317237854,3.7348501682281494,174.4512939453125
1881,114.35308074951172,-5.0216718876361846,642,29.203453063964844,0.0003,1,a2c_lr_opt_seed1,-0.1503387689590454,58.708961486816406,0.689359724521637,-0.5796153545379639,33.93080139160156
1881,114.35308074951172,-5.0216718876361846,642,31.47324562072754,0.0003,1,a2c_lr_opt_seed1,0.6363633275032043,61.67495346069336,0.5948792099952698,1.5311492681503296,52.12589645385742
1882,163.97218322753906,-4.768443738222122,507,40.55260467529297,0.0003,1,a2c_lr_opt_seed1,0.04000265151262283,81.02656555175781,0.6804900765419006,2.055638551712036,61.699832916259766
1883,116.35067749023438,-6.093280774354935,560,135.80709838867188,0.0003,1,a2c_lr_opt_seed1,-1.1173970699310303,273.85040283203125,0.7076382637023926,3.340522050857544,135.8356475830078
1883,116.35067749023438,-6.093280774354935,560,1.641708254814148,0.0003,1,a2c_lr_opt_seed1,-0.413089781999588,4.11112642288208,0.7651690244674683,-0.420085072517395,18.764333724975586
1884,-60.27689743041992,-9.4748967564106,224,132.72412109375,0.0003,1,a2c_lr_opt_seed1,-4.474673748016357,274.3992614746094,0.8420326709747314,-4.800009727478027,226.8194122314453
1884,-60.27689743041992,-9.4748967564106,224,26.064416885375977,0.0003,1,a2c_lr_opt_seed1,0.6069227457046509,50.91646194458008,0.7357206344604492,1.1344274282455444,31.467933654785156
1884,-60.27689743041992,-9.4748967564106,224,1.7282911539077759,0.0003,1,a2c_lr_opt_seed1,-0.18620598316192627,3.8306117057800293,0.8086754083633423,-0.2577679753303528,18.73409652709961
1884,-60.27689743041992,-9.4748967564106,224,0.5572758913040161,0.0003,1,a2c_lr_opt_seed1,-0.7860409021377563,2.688230514526367,0.7984734773635864,-0.8717964887619019,27.004928588867188
1884,-60.27689743041992,-9.4748967564106,224,1.4131410121917725,0.0003,1,a2c_lr_opt_seed1,-0.9030640721321106,4.633930683135986,0.7602783441543579,-1.0597602128982544,31.61048126220703
1884,-60.27689743041992,-9.4748967564106,224,2.9159257411956787,0.0003,1,a2c_lr_opt_seed1,-0.6543980240821838,7.142157077789307,0.7547730207443237,-0.7712839841842651,26.58723258972168
1884,-60.27689743041992,-9.4748967564106,224,10.990606307983398,0.0003,1,a2c_lr_opt_seed1,-0.3856489956378937,22.754005432128906,0.7476992011070251,-1.1439979076385498,40.8012580871582
1885,-56.078975677490234,-8.77883909344673,273,133.8926544189453,0.0003,1,a2c_lr_opt_seed1,-0.35919469594955444,268.50494384765625,0.6215397715568542,-1.5435582399368286,91.16765594482422
1886,81.025634765625,-8.590793744325637,1001,6.428953170776367,0.0003,1,a2c_lr_opt_seed1,0.2989743649959564,12.261353492736816,0.6979869604110718,0.7913717031478882,35.485477447509766
1887,189.2068328857422,-3.3087829411029817,412,135.83917236328125,0.0003,1,a2c_lr_opt_seed1,-0.15200132131576538,271.9835510253906,0.6012769937515259,5.107204914093018,178.27536010742188
1889,39.86637496948242,-1.0363701450824738,1001,9.122979164123535,0.0003,1,a2c_lr_opt_seed1,-0.6354462504386902,19.51813316345215,0.6404709219932556,-0.08962759375572205,25.23891258239746
1890,115.85513305664062,2.332955721616745,543,136.312744140625,0.0003,1,a2c_lr_opt_seed1,1.0650285482406616,270.4969787597656,0.7744152545928955,5.975830078125,193.7109375
1890,115.85513305664062,2.332955721616745,543,3.8229188919067383,0.0003,1,a2c_lr_opt_seed1,0.13474202156066895,7.378017425537109,0.8319106101989746,0.14591866731643677,13.372920036315918
1890,115.85513305664062,2.332955721616745,543,2.365037441253662,0.0003,1,a2c_lr_opt_seed1,-0.3912871181964874,5.514325141906738,0.8379250764846802,-0.2934317886829376,17.768901824951172
1890,115.85513305664062,2.332955721616745,543,2.3809516429901123,0.0003,1,a2c_lr_opt_seed1,-1.294035792350769,7.351615905761719,0.8203798532485962,-1.2256561517715454,38.94951629638672
1890,115.85513305664062,2.332955721616745,543,3.7103965282440186,0.0003,1,a2c_lr_opt_seed1,-1.2680760622024536,9.958673477172852,0.8643574118614197,-1.3429839611053467,47.321048736572266
1890,115.85513305664062,2.332955721616745,543,1.9870836734771729,0.0003,1,a2c_lr_opt_seed1,-0.23028111457824707,4.436375141143799,0.8227311968803406,-0.09901519864797592,19.49531364440918
1890,115.85513305664062,2.332955721616745,543,10.660407066345215,0.0003,1,a2c_lr_opt_seed1,0.1472272276878357,21.02791404724121,0.7776644229888916,0.8845071792602539,32.709503173828125
1891,-63.793766021728516,2.1364106929302213,355,81.89977264404297,0.0003,1,a2c_lr_opt_seed1,-2.888840913772583,169.57872009277344,0.7439491748809814,-2.112844705581665,86.0768051147461
1892,119.59430694580078,1.1480529963970185,1001,5.253742218017578,0.0003,1,a2c_lr_opt_seed1,0.24997659027576447,10.009027481079102,0.7481139898300171,0.5131572484970093,15.402512550354004
1893,154.09487915039062,6.28410554766655,618,89.65533447265625,0.0003,1,a2c_lr_opt_seed1,-0.5345643162727356,180.38153076171875,0.870012104511261,1.5459306240081787,79.8655776977539
1894,-44.91197967529297,7.913350695371628,356,39.144371032714844,0.0003,1,a2c_lr_opt_seed1,-0.4300217926502228,79.15028381347656,0.7483890056610107,-0.44277244806289673,23.718210220336914
1894,-44.91197967529297,7.913350695371628,356,3.0860629081726074,0.0003,1,a2c_lr_opt_seed1,-0.22202324867248535,6.6177473068237305,0.7875350713729858,0.26956966519355774,12.928232192993164
1894,-44.91197967529297,7.913350695371628,356,1.720063328742981,0.0003,1,a2c_lr_opt_seed1,-0.8629810214042664,5.167630195617676,0.7707014679908752,-0.8311375975608826,25.613208770751953
1895,153.25074768066406,10.031063555479049,501,21.971567153930664,0.0003,1,a2c_lr_opt_seed1,-0.3748231828212738,44.69450759887695,0.8633651733398438,0.2852376103401184,17.42173957824707
1895,153.25074768066406,10.031063555479049,501,24.1931095123291,0.0003,1,a2c_lr_opt_seed1,1.654652714729309,45.07863998413086,0.8633782267570496,2.1420068740844727,57.43922424316406
1895,153.25074768066406,10.031063555479049,501,1.4544352293014526,0.0003,1,a2c_lr_opt_seed1,-0.8555184006690979,4.621644496917725,0.8686655759811401,-0.6138986349105835,28.197973251342773
1895,153.25074768066406,10.031063555479049,501,96.32138061523438,0.0003,1,a2c_lr_opt_seed1,-1.62913978099823,195.9024658203125,0.710545003414154,-4.415136814117432,156.87472534179688
1896,-87.3350830078125,9.973234881162643,283,110.19795227050781,0.0003,1,a2c_lr_opt_seed1,0.9970806837081909,218.40321350097656,0.7286743521690369,-1.0534601211547852,94.26110076904297
1896,-87.3350830078125,9.973234881162643,283,1.345012903213501,0.0003,1,a2c_lr_opt_seed1,-0.22000938653945923,3.131481885910034,0.7186012268066406,-0.4803978204727173,16.319631576538086
1896,-87.3350830078125,9.973234881162643,283,1.9957258701324463,0.0003,1,a2c_lr_opt_seed1,-0.1552397608757019,4.303362846374512,0.7157697677612305,-0.49414733052253723,20.992918014526367
1896,-87.3350830078125,9.973234881162643,283,15.440921783447266,0.0003,1,a2c_lr_opt_seed1,-0.08438196778297424,31.051950454711914,0.6714000701904297,-1.518084168434143,65.27638244628906
1898,113.56263732910156,12.418381212949752,719,262.96002197265625,0.0003,1,a2c_lr_opt_seed1,-0.44121310114860535,526.8037109375,0.6055294275283813,2.414820909500122,169.73240661621094
1898,113.56263732910156,12.418381212949752,719,4.4028239250183105,0.0003,1,a2c_lr_opt_seed1,-0.356065034866333,9.519434928894043,0.8282267451286316,-0.8326758146286011,26.280242919921875
1898,113.56263732910156,12.418381212949752,719,34.24492645263672,0.0003,1,a2c_lr_opt_seed1,0.1856212019920349,68.12007904052734,0.730530858039856,1.2311922311782837,45.793941497802734
1899,-77.96336364746094,10.118775271177292,471,203.84217834472656,0.0003,1,a2c_lr_opt_seed1,-1.6182132959365845,410.9219665527344,0.5933566093444824,-5.803952693939209,183.38157653808594
1899,-77.96336364746094,10.118775271177292,471,3.7719240188598633,0.0003,1,a2c_lr_opt_seed1,-0.5784032344818115,8.70206069946289,0.7031654715538025,-0.5228357315063477,21.116605758666992
1901,151.1396942138672,17.115367678403853,542,84.91802978515625,0.0003,1,a2c_lr_opt_seed1,0.03095785528421402,169.77578735351562,0.8216166496276855,2.1936652660369873,73.86292266845703
1901,151.1396942138672,17.115367678403853,542,25.84510040283203,0.0003,1,a2c_lr_opt_seed1,1.2777669429779053,49.13625717163086,0.7949662208557129,1.8713271617889404,52.93596267700195
1902,-69.0804214477539,17.754033144712448,481,45.14077377319336,0.0003,1,a2c_lr_opt_seed1,0.01728925108909607,90.24849700927734,0.7636741995811462,-0.3656418025493622,27.490556716918945
1903,132.5700225830078,19.744596117734908,716,165.7731475830078,0.0003,1,a2c_lr_opt_seed1,0.03679564595222473,331.4742431640625,0.765606164932251,5.431125164031982,230.60060119628906
1903,132.5700225830078,19.744596117734908,716,4.715535640716553,0.0003,1,a2c_lr_opt_seed1,-1.7278757095336914,12.888471603393555,0.8242916464805603,-1.6827290058135986,58.01445388793945
1903,132.5700225830078,19.744596117734908,716,2.7123541831970215,0.0003,1,a2c_lr_opt_seed1,0.2851131856441498,4.856171607971191,0.844813883304596,0.41109421849250793,20.017702102661133
1903,132.5700225830078,19.744596117734908,716,32.834564208984375,0.0003,1,a2c_lr_opt_seed1,1.4193446636199951,62.832054138183594,0.8100743889808655,1.9063698053359985,52.13964080810547
1903,132.5700225830078,19.744596117734908,716,1.9000881910324097,0.0003,1,a2c_lr_opt_seed1,-0.544732928276062,4.891331195831299,0.8444253206253052,-0.4054076373577118,20.229345321655273
1903,132.5700225830078,19.744596117734908,716,3.094001054763794,0.0003,1,a2c_lr_opt_seed1,-0.4176601767539978,7.025120735168457,0.899084746837616,-0.3378317952156067,16.238117218017578
1903,132.5700225830078,19.744596117734908,716,30.211326599121094,0.0003,1,a2c_lr_opt_seed1,-1.2485451698303223,62.92146301269531,0.8599604964256287,-2.201556444168091,67.19779205322266
1904,-62.54254913330078,21.00250917315483,207,108.14456939697266,0.0003,1,a2c_lr_opt_seed1,-1.4398025274276733,219.17027282714844,0.7603529095649719,-1.1990121603012085,98.25626373291016
1904,-62.54254913330078,21.00250917315483,207,2.234105110168457,0.0003,1,a2c_lr_opt_seed1,0.23027406632900238,4.009156703948975,0.7471668720245361,0.7381350994110107,26.744407653808594
1906,124.30769348144531,20.97791902422905,546,219.38490295410156,0.0003,1,a2c_lr_opt_seed1,-1.8069088459014893,442.3851318359375,0.744051992893219,3.2363510131835938,201.6517791748047
1906,124.30769348144531,20.97791902422905,546,18.191625595092773,0.0003,1,a2c_lr_opt_seed1,0.3732658624649048,35.63823699951172,0.7589701414108276,0.15947586297988892,45.355674743652344
1906,124.30769348144531,20.97791902422905,546,5.535059928894043,0.0003,1,a2c_lr_opt_seed1,-0.11670467257499695,11.305213928222656,0.8425368666648865,0.11031639575958252,23.548547744750977
1906,124.30769348144531,20.97791902422905,546,2.5297350883483887,0.0003,1,a2c_lr_opt_seed1,0.46332305669784546,4.134542942047119,0.8594089150428772,0.265182763338089,12.509147644042969
1906,124.30769348144531,20.97791902422905,546,4.981979846954346,0.0003,1,a2c_lr_opt_seed1,-0.13668744266033173,10.238940238952637,0.8028347492218018,-0.4717984199523926,33.46958541870117
1906,124.30769348144531,20.97791902422905,546,5.923027515411377,0.0003,1,a2c_lr_opt_seed1,-0.11835509538650513,12.084360122680664,0.797495424747467,-0.904756486415863,37.20094680786133
1906,124.30769348144531,20.97791902422905,546,5.175411701202393,0.0003,1,a2c_lr_opt_seed1,-0.19031912088394165,10.733020782470703,0.7796555161476135,-0.2951495349407196,20.271583557128906
1906,124.30769348144531,20.97791902422905,546,3.4416022300720215,0.0003,1,a2c_lr_opt_seed1,0.14127375185489655,6.602231025695801,0.7869694828987122,0.09444810450077057,11.687260627746582
1906,124.30769348144531,20.97791902422905,546,2.3509340286254883,0.0003,1,a2c_lr_opt_seed1,0.2444431483745575,4.214723110198975,0.8707374334335327,0.2984738349914551,10.001448631286621
1907,-58.533817291259766,19.24830072283745,268,126.77140045166016,0.0003,1,a2c_lr_opt_seed1,0.6523592472076416,252.23951721191406,0.713998556137085,0.095709890127182,102.01995849609375
1908,48.25908660888672,22.208954714536667,1001,3.872732162475586,0.0003,1,a2c_lr_opt_seed1,0.4147711992263794,6.917323589324951,0.7009467482566833,0.673954427242279,25.736679077148438
1908,48.25908660888672,22.208954714536667,1001,20.19407844543457,0.0003,1,a2c_lr_opt_seed1,1.148956537246704,38.09165573120117,0.7059136629104614,1.1589949131011963,44.2361946105957
1908,48.25908660888672,22.208954714536667,1001,2.4929938316345215,0.0003,1,a2c_lr_opt_seed1,0.08171442151069641,4.824059963226318,0.7504962682723999,0.14520208537578583,25.546371459960938
1908,48.25908660888672,22.208954714536667,1001,1.031785249710083,0.0003,1,a2c_lr_opt_seed1,-0.6892064809799194,3.4434690475463867,0.7427457571029663,-0.7090408205986023,19.352603912353516
1908,48.25908660888672,22.208954714536667,1001,2.811025857925415,0.0003,1,a2c_lr_opt_seed1,0.21160458028316498,5.200357913970947,0.7576836943626404,0.26850852370262146,11.876503944396973
1908,48.25908660888672,22.208954714536667,1001,3.802093982696533,0.0003,1,a2c_lr_opt_seed1,-0.10869291424751282,7.823183059692383,0.8047568202018738,-0.2901199460029602,14.437919616699219
1908,48.25908660888672,22.208954714536667,1001,52.696067810058594,0.0003,1,a2c_lr_opt_seed1,-1.324671983718872,108.04287719726562,0.6997439861297607,-2.8491482734680176,87.21399688720703
1909,-130.3067626953125,22.454066408872606,603,35.4686279296875,0.0003,1,a2c_lr_opt_seed1,0.09753119945526123,70.74372863769531,0.7656753063201904,-0.5898177623748779,41.29445266723633
1911,-93.4336929321289,20.411675605773926,589,159.6444091796875,0.0003,1,a2c_lr_opt_seed1,-0.9605958461761475,321.2113342285156,0.6495925188064575,-4.552369117736816,193.5646514892578
1913,22.12706184387207,24.926783905029296,1001,13.155668258666992,0.0003,1,a2c_lr_opt_seed1,0.34083420038223267,25.631132125854492,0.7321658134460449,0.7690479159355164,43.440330505371094
1913,22.12706184387207,24.926783905029296,1001,2.4940249919891357,0.0003,1,a2c_lr_opt_seed1,-0.10820397734642029,5.205999851226807,0.7711164355278015,0.10310165584087372,13.285612106323242
1914,78.16958618164062,29.370953216552735,1001,3.8123092651367188,0.0003,1,a2c_lr_opt_seed1,-0.043170757591724396,7.712518215179443,0.7791776061058044,0.14495250582695007,18.150390625
1915,-93.49699401855469,26.915409507751466,433,205.2966766357422,0.0003,1,a2c_lr_opt_seed1,-0.8170562386512756,412.2289733886719,0.751015305519104,-6.358463287353516,258.7862243652344
1915,-93.49699401855469,26.915409507751466,433,3.1372194290161133,0.0003,1,a2c_lr_opt_seed1,0.26640719175338745,5.743253231048584,0.8145477175712585,0.6053065061569214,25.42029571533203
1916,-99.98176574707031,26.821417350769043,459,229.2635040283203,0.0003,1,a2c_lr_opt_seed1,-3.5766141414642334,465.68182373046875,0.7964080572128296,-7.526926040649414,296.11407470703125
1916,-99.98176574707031,26.821417350769043,459,2.59601092338562,0.0003,1,a2c_lr_opt_seed1,-0.05426452308893204,5.302269458770752,0.8592814803123474,0.04689668118953705,14.290011405944824
1916,-99.98176574707031,26.821417350769043,459,2.6242423057556152,0.0003,1,a2c_lr_opt_seed1,0.38831737637519836,4.473581790924072,0.8659416437149048,0.7003273367881775,32.14112091064453
1916,-99.98176574707031,26.821417350769043,459,0.7526014447212219,0.0003,1,a2c_lr_opt_seed1,-0.7355453968048096,2.978074550628662,0.8904181122779846,-0.6720112562179565,21.730777740478516
1916,-99.98176574707031,26.821417350769043,459,2.0097243785858154,0.0003,1,a2c_lr_opt_seed1,-0.5859847068786621,5.193243980407715,0.9128336906433105,-0.7681942582130432,28.949604034423828
1916,-99.98176574707031,26.821417350769043,459,2.2774388790130615,0.0003,1,a2c_lr_opt_seed1,-0.29841554164886475,5.153392791748047,0.8419432640075684,-0.31110405921936035,18.471044540405273
1916,-99.98176574707031,26.821417350769043,459,3.780094861984253,0.0003,1,a2c_lr_opt_seed1,-1.0985116958618164,9.758909225463867,0.848078191280365,-1.3715407848358154,42.407005310058594
1916,-99.98176574707031,26.821417350769043,459,2.924358367919922,0.0003,1,a2c_lr_opt_seed1,0.027830518782138824,5.7949066162109375,0.9254228472709656,0.07893022894859314,9.82919692993164
1916,-99.98176574707031,26.821417350769043,459,30.54729652404785,0.0003,1,a2c_lr_opt_seed1,-0.41090863943099976,61.91820526123047,0.8981891870498657,-1.1752655506134033,51.66819763183594
1917,-105.44670104980469,22.170346488952635,449,127.87443542480469,0.0003,1,a2c_lr_opt_seed1,0.4176083505153656,254.9152374267578,0.7934617400169373,-2.664945125579834,150.8280487060547
1917,-105.44670104980469,22.170346488952635,449,5.1210126876831055,0.0003,1,a2c_lr_opt_seed1,-1.0185006856918335,12.28077220916748,0.8727373480796814,-0.9026305675506592,26.147235870361328
1918,-101.42536163330078,17.917492027282716,353,97.82237243652344,0.0003,1,a2c_lr_opt_seed1,-3.828453779220581,203.303466796875,0.9067819118499756,-4.538331985473633,197.02957153320312
1918,-101.42536163330078,17.917492027282716,353,62.43516159057617,0.0003,1,a2c_lr_opt_seed1,-1.3047869205474854,127.48131561279297,0.7079914212226868,-1.722636342048645,53.38324737548828
1920,-88.91238403320312,13.948546562194824,587,216.254150390625,0.0003,1,a2c_lr_opt_seed1,-0.5533026456832886,433.6162414550781,0.672896683216095,-6.136101722717285,201.68533325195312
1921,137.5051727294922,18.018639488220217,641,62.422142028808594,0.0003,1,a2c_lr_opt_seed1,0.3751433491706848,124.0955581665039,0.7828353047370911,2.068284034729004,68.91009521484375
1921,137.5051727294922,18.018639488220217,641,25.409536361694336,0.0003,1,a2c_lr_opt_seed1,1.689134955406189,47.442501068115234,0.8484523296356201,2.6120128631591797,69.87921142578125
1921,137.5051727294922,18.018639488220217,641,2.3228702545166016,0.0003,1,a2c_lr_opt_seed1,-0.478462278842926,5.6043548583984375,0.8450742363929749,-0.2825196385383606,22.65723419189453
1921,137.5051727294922,18.018639488220217,641,1.539185881614685,0.0003,1,a2c_lr_opt_seed1,0.26850003004074097,2.5430850982666016,0.8567057251930237,0.5519042611122131,19.331947326660156
1921,137.5051727294922,18.018639488220217,641,2.4303834438323975,0.0003,1,a2c_lr_opt_seed1,-0.014042139053344727,4.890626907348633,0.8878524899482727,-0.0700916051864624,6.56793212890625
1922,-143.96548461914062,17.842076072692873,703,104.43009948730469,0.0003,1,a2c_lr_opt_seed1,0.4477226734161377,207.9661102294922,0.6802437901496887,-0.9176050424575806,109.69754028320312
1922,-143.96548461914062,17.842076072692873,703,4.607883930206299,0.0003,1,a2c_lr_opt_seed1,-0.12040024995803833,9.458048820495605,0.7402663230895996,-0.41997191309928894,34.97976303100586
1922,-143.96548461914062,17.842076072692873,703,5.337125778198242,0.0003,1,a2c_lr_opt_seed1,0.3587314784526825,9.958269119262695,0.7401384115219116,-0.12224540114402771,26.0833797454834
1922,-143.96548461914062,17.842076072692873,703,3.30121111869812,0.0003,1,a2c_lr_opt_seed1,0.5406182408332825,5.522681713104248,0.7479563355445862,0.9092109799385071,36.59496307373047
1924,-87.6376953125,14.330004386901855,465,263.498779296875,0.0003,1,a2c_lr_opt_seed1,-2.9367921352386475,532.8726806640625,0.7659563422203064,2.4744255542755127,200.84640502929688
1924,-87.6376953125,14.330004386901855,465,3.1891939640045166,0.0003,1,a2c_lr_opt_seed1,-0.9275761246681213,8.235179901123047,0.8199706077575684,-0.8979317545890808,39.224788665771484
1924,-87.6376953125,14.330004386901855,465,8.651296615600586,0.0003,1,a2c_lr_opt_seed1,0.47951066493988037,16.345184326171875,0.8062031269073486,0.9215235710144043,48.98554229736328
1924,-87.6376953125,14.330004386901855,465,3.921048402786255,0.0003,1,a2c_lr_opt_seed1,0.587337851524353,6.669134616851807,0.8566195368766785,0.8679704666137695,40.18400573730469
1924,-87.6376953125,14.330004386901855,465,4.607253551483154,0.0003,1,a2c_lr_opt_seed1,0.02520677261054516,9.165796279907227,0.851110577583313,0.5289515256881714,25.64217758178711
1924,-87.6376953125,14.330004386901855,465,2.931746482849121,0.0003,1,a2c_lr_opt_seed1,0.23613663017749786,5.39296817779541,0.8742744326591492,0.5724449753761292,17.85211181640625
1924,-87.6376953125,14.330004386901855,465,2.5726358890533447,0.0003,1,a2c_lr_opt_seed1,0.4100204110145569,4.326930522918701,0.849622368812561,0.5748814344406128,18.377483367919922
1925,78.02198791503906,14.9334419631958,1001,6.097818851470947,0.0003,1,a2c_lr_opt_seed1,0.5030202865600586,11.191373825073242,0.8885586261749268,0.7946827411651611,34.90780258178711
1925,78.02198791503906,14.9334419631958,1001,23.465972900390625,0.0003,1,a2c_lr_opt_seed1,2.2429704666137695,42.4477653503418,0.88032066822052,2.757948160171509,74.80530548095703
1925,78.02198791503906,14.9334419631958,1001,58.192665100097656,0.0003,1,a2c_lr_opt_seed1,0.22811156511306763,115.93049621582031,0.693825364112854,-0.6265417337417603,61.82430648803711
1926,-140.60231018066406,9.975701026916504,606,36.766029357910156,0.0003,1,a2c_lr_opt_seed1,-1.4851980209350586,76.50385284423828,0.6977426409721375,-1.63201904296875,62.34278106689453
1927,-127.38908386230469,4.10525333404541,677,92.75910186767578,0.0003,1,a2c_lr_opt_seed1,0.3471909463405609,184.82516479492188,0.6715394258499146,-1.5167431831359863,97.1211929321289
1928,168.23855590820312,3.6439746475219725,522,212.1929931640625,0.0003,1,a2c_lr_opt_seed1,0.008079320192337036,424.371337890625,0.7529090642929077,5.743764877319336,271.9204406738281
1928,168.23855590820312,3.6439746475219725,522,14.018092155456543,0.0003,1,a2c_lr_opt_seed1,0.5648826360702515,26.90790367126465,0.7419591546058655,1.5888367891311646,46.53453826904297
1928,168.23855590820312,3.6439746475219725,522,23.023069381713867,0.0003,1,a2c_lr_opt_seed1,2.099785327911377,41.848121643066406,0.7761801481246948,2.2291388511657715,72.3063735961914
1930,-149.00265502929688,9.167302436828614,482,446.7085266113281,0.0003,1,a2c_lr_opt_seed1,-1.0467404127120972,895.5119018554688,0.6814374327659607,-3.0206708908081055,297.076171875
1930,-149.00265502929688,9.167302436828614,482,2.7873141765594482,0.0003,1,a2c_lr_opt_seed1,-0.6460791230201721,6.8683600425720215,0.7868676781654358,-0.5355033874511719,21.249181747436523
1930,-149.00265502929688,9.167302436828614,482,7.652554035186768,0.0003,1,a2c_lr_opt_seed1,0.5405642986297607,14.225564956665039,0.7930546402931213,0.8416649103164673,47.3240966796875
1932,-143.45556640625,-0.5191206741333008,372,348.21429443359375,0.0003,1,a2c_lr_opt_seed1,-5.0422797203063965,706.5145263671875,0.6972215175628662,-9.758207321166992,379.82342529296875
1932,-143.45556640625,-0.5191206741333008,372,2.2091224193573,0.0003,1,a2c_lr_opt_seed1,-0.29744675755500793,5.014793395996094,0.8276609182357788,-0.21143338084220886,15.546100616455078
1932,-143.45556640625,-0.5191206741333008,372,2.7702646255493164,0.0003,1,a2c_lr_opt_seed1,0.6836782693862915,4.174839019775391,0.8329890370368958,0.8967986106872559,30.82307243347168
1933,56.25760269165039,-1.7209821701049806,1001,4.198054313659668,0.0003,1,a2c_lr_opt_seed1,-0.6172220706939697,9.632294654846191,0.8709006905555725,-0.5394944548606873,22.936559677124023
1933,56.25760269165039,-1.7209821701049806,1001,2.9445650577545166,0.0003,1,a2c_lr_opt_seed1,-0.5024458765983582,6.895692825317383,0.8354374170303345,-0.249952495098114,18.129220962524414
1933,56.25760269165039,-1.7209821701049806,1001,1.8169115781784058,0.0003,1,a2c_lr_opt_seed1,-1.2174072265625,6.07027006149292,0.8162225484848022,-0.9456695914268494,29.342336654663086
1933,56.25760269165039,-1.7209821701049806,1001,1.1018527746200562,0.0003,1,a2c_lr_opt_seed1,-0.04350301995873451,2.292464256286621,0.8763474225997925,0.06502816826105118,6.195451736450195
1935,-62.05356216430664,-2.315849952697754,309,235.68040466308594,0.0003,1,a2c_lr_opt_seed1,-4.821249008178711,481.00469970703125,0.7052154541015625,-7.394814491271973,240.8749237060547
1935,-62.05356216430664,-2.315849952697754,309,30.836606979370117,0.0003,1,a2c_lr_opt_seed1,-1.4477553367614746,64.57026672363281,0.7709448337554932,-1.3483737707138062,38.902156829833984
1936,-154.371337890625,-7.023789405822754,504,58.572872161865234,0.0003,1,a2c_lr_opt_seed1,0.3332834839820862,116.48081970214844,0.8213895559310913,-0.18431493639945984,39.707252502441406
1936,-154.371337890625,-7.023789405822754,504,2.5167124271392822,0.0003,1,a2c_lr_opt_seed1,0.11213028430938721,4.810890197753906,0.8629241585731506,0.37891310453414917,15.983622550964355
1936,-154.371337890625,-7.023789405822754,504,11.5314302444458,0.0003,1,a2c_lr_opt_seed1,0.6085959672927856,21.847373962402344,0.8525992631912231,1.0905184745788574,34.3569221496582
1936,-154.371337890625,-7.023789405822754,504,5.12846040725708,0.0003,1,a2c_lr_opt_seed1,0.2397688627243042,9.778879165649414,0.748019814491272,0.894436240196228,25.582067489624023
1936,-154.371337890625,-7.023789405822754,504,7.792637825012207,0.0003,1,a2c_lr_opt_seed1,0.29867905378341675,14.989513397216797,0.7977475523948669,0.25587642192840576,15.916019439697266
1938,-127.6136474609375,-12.35537036895752,548,175.50949096679688,0.0003,1,a2c_lr_opt_seed1,0.8377856016159058,349.3446960449219,0.6356460452079773,-2.4534666538238525,166.5529022216797
1938,-127.6136474609375,-12.35537036895752,548,21.093765258789062,0.0003,1,a2c_lr_opt_seed1,1.9360791444778442,38.316654205322266,0.6414725184440613,2.788714647293091,77.92715454101562
1938,-127.6136474609375,-12.35537036895752,548,1.769423246383667,0.0003,1,a2c_lr_opt_seed1,0.14621031284332275,3.2479188442230225,0.7464606761932373,0.12754100561141968,11.642282485961914
1939,171.86898803710938,-9.71531810760498,540,130.22482299804688,0.0003,1,a2c_lr_opt_seed1,0.2952750027179718,259.8605651855469,0.7370433211326599,3.5917274951934814,138.12271118164062
1940,-65.60063171386719,-13.344433403015136,349,75.16648864746094,0.0003,1,a2c_lr_opt_seed1,-1.0315773487091064,152.39768981933594,0.7795156240463257,-0.855927050113678,76.05126190185547
1940,-65.60063171386719,-13.344433403015136,349,1.590089201927185,0.0003,1,a2c_lr_opt_seed1,-0.18827079236507416,3.5582919120788574,0.7859943509101868,-0.07547780871391296,8.541646003723145
1940,-65.60063171386719,-13.344433403015136,349,26.10906219482422,0.0003,1,a2c_lr_opt_seed1,1.5491293668746948,49.12139129638672,0.7625588178634644,1.9606505632400513,53.51173400878906
1940,-65.60063171386719,-13.344433403015136,349,2.0648791790008545,0.0003,1,a2c_lr_opt_seed1,0.4406713843345642,3.2500112056732178,0.7976841926574707,0.7984362840652466,25.08378791809082
1940,-65.60063171386719,-13.344433403015136,349,0.5351969599723816,0.0003,1,a2c_lr_opt_seed1,-0.5295168161392212,2.131063222885132,0.8178423643112183,-0.47293731570243835,13.698516845703125
1940,-65.60063171386719,-13.344433403015136,349,19.558822631835938,0.0003,1,a2c_lr_opt_seed1,1.060140609741211,36.99893569946289,0.7854076623916626,1.2730765342712402,35.597312927246094
1940,-65.60063171386719,-13.344433403015136,349,0.8024859428405762,0.0003,1,a2c_lr_opt_seed1,-0.18915294110774994,1.9849238395690918,0.8230311274528503,-0.16591869294643402,6.481740474700928
1940,-65.60063171386719,-13.344433403015136,349,35.12797546386719,0.0003,1,a2c_lr_opt_seed1,-0.871416449546814,72.0002670288086,0.7401024103164673,-2.2054595947265625,65.823486328125
1940,-65.60063171386719,-13.344433403015136,349,26.728656768798828,0.0003,1,a2c_lr_opt_seed1,-0.31116238236427307,54.080963134765625,0.6611570715904236,1.480911374092102,63.54914474487305
1940,-65.60063171386719,-13.344433403015136,349,15.15673828125,0.0003,1,a2c_lr_opt_seed1,-0.07462117820978165,30.46384048461914,0.5610108375549316,1.2619227170944214,48.7625846862793
1940,-65.60063171386719,-13.344433403015136,349,1.5628726482391357,0.0003,1,a2c_lr_opt_seed1,-0.010453546419739723,3.147801399230957,0.5744437575340271,0.7000241875648499,25.095998764038086
1941,188.30447387695312,-8.302468605041504,494,152.9964599609375,0.0003,1,a2c_lr_opt_seed1,-0.008916236460208893,306.0119323730469,0.5875259041786194,4.819324970245361,176.10447692871094
1942,145.36514282226562,-7.787051887512207,498,53.81631851196289,0.0003,1,a2c_lr_opt_seed1,0.06186416745185852,107.51042175292969,0.7550593614578247,1.3692094087600708,52.475486755371094
1942,145.36514282226562,-7.787051887512207,498,3.3290648460388184,0.0003,1,a2c_lr_opt_seed1,-0.7585119009017944,8.176701545715332,0.7740108966827393,-0.9565801620483398,29.474987030029297
1943,45.16569137573242,-9.96563564300537,1001,11.155136108398438,0.0003,1,a2c_lr_opt_seed1,0.4636894762516022,21.384479522705078,0.7934484481811523,0.7004926204681396,27.578197479248047
1943,45.16569137573242,-9.96563564300537,1001,28.381662368774414,0.0003,1,a2c_lr_opt_seed1,0.9941413402557373,54.77653121948242,0.7442325949668884,0.5769478678703308,31.471345901489258
1943,45.16569137573242,-9.96563564300537,1001,0.7305784821510315,0.0003,1,a2c_lr_opt_seed1,-0.3465481996536255,2.15580677986145,0.7767035365104675,-0.49986353516578674,16.369020462036133
1944,101.08645629882812,-7.045666923522949,1001,18.801912307739258,0.0003,1,a2c_lr_opt_seed1,0.11820250749588013,37.368919372558594,0.7493864297866821,0.4209785461425781,47.434730529785156
1944,101.08645629882812,-7.045666923522949,1001,4.582655906677246,0.0003,1,a2c_lr_opt_seed1,0.3173792362213135,8.532169342041016,0.8076490759849548,0.4763019382953644,17.903940200805664
1944,101.08645629882812,-7.045666923522949,1001,23.75676918029785,0.0003,1,a2c_lr_opt_seed1,1.2091388702392578,45.09678268432617,0.7601783871650696,1.3508304357528687,42.45838165283203
1945,76.08982849121094,-8.588885307312012,1001,7.262652397155762,0.0003,1,a2c_lr_opt_seed1,-0.642290472984314,15.811483383178711,0.7987083792686462,-0.8725143671035767,30.00511932373047
1945,76.08982849121094,-8.588885307312012,1001,6.297913074493408,0.0003,1,a2c_lr_opt_seed1,-0.24994173645973206,13.097224235534668,0.7570977807044983,-0.5289366245269775,25.370500564575195
1946,84.82408905029297,-5.145701866149903,1001,7.8600592613220215,0.0003,1,a2c_lr_opt_seed1,-0.20614266395568848,16.134002685546875,0.7998905181884766,-0.4518413245677948,20.784162521362305
1946,84.82408905029297,-5.145701866149903,1001,5.720074653625488,0.0003,1,a2c_lr_opt_seed1,-0.13558635115623474,11.713003158569336,0.8404607772827148,0.3949791193008423,19.387962341308594
1946,84.82408905029297,-5.145701866149903,1001,9.858388900756836,0.0003,1,a2c_lr_opt_seed1,-0.6265707015991211,20.971515655517578,0.7981361746788025,-0.6302084922790527,23.51233673095703
1946,84.82408905029297,-5.145701866149903,1001,2.0631797313690186,0.0003,1,a2c_lr_opt_seed1,0.12699078023433685,3.87404203414917,0.8319776058197021,0.19568175077438354,10.481695175170898
1946,84.82408905029297,-5.145701866149903,1001,33.22801208496094,0.0003,1,a2c_lr_opt_seed1,0.7566854357719421,64.94425964355469,0.8038990497589111,1.1495859622955322,40.605045318603516
1946,84.82408905029297,-5.145701866149903,1001,9.882302284240723,0.0003,1,a2c_lr_opt_seed1,-0.5237737894058228,20.813745498657227,0.7959720492362976,-0.20133309066295624,15.198424339294434
1947,-84.68463897705078,-4.464459190368652,511,43.134464263916016,0.0003,1,a2c_lr_opt_seed1,0.21905308961868286,85.83240509033203,0.789308488368988,-0.2774430513381958,26.55940055847168
1949,160.6786346435547,-2.876666145324707,978,234.3942413330078,0.0003,1,a2c_lr_opt_seed1,-0.39568567276000977,469.5814514160156,0.7997803688049316,3.6790754795074463,165.94163513183594
1949,160.6786346435547,-2.876666145324707,978,2.555030107498169,0.0003,1,a2c_lr_opt_seed1,-0.4176446795463562,5.947022914886475,0.8367171883583069,-0.5855585336685181,18.311012268066406
1950,97.08193969726562,-4.064899787902832,1001,4.4256272315979,0.0003,1,a2c_lr_opt_seed1,-0.11404712498188019,9.081029891967773,0.8408758640289307,0.10118232667446136,14.206962585449219
1950,97.08193969726562,-4.064899787902832,1001,18.206571578979492,0.0003,1,a2c_lr_opt_seed1,1.2212225198745728,33.972320556640625,0.8105540871620178,1.9493893384933472,51.57561492919922
1952,175.81610107421875,-3.6464937210083006,534,256.55108642578125,0.0003,1,a2c_lr_opt_seed1,-3.4948530197143555,520.0933227539062,0.7293660640716553,2.6065056324005127,197.32301330566406
1952,175.81610107421875,-3.6464937210083006,534,3.5229332447052,0.0003,1,a2c_lr_opt_seed1,-1.4378690719604492,9.923151016235352,0.7731813192367554,-1.6057051420211792,54.33399963378906
1952,175.81610107421875,-3.6464937210083006,534,7.092057704925537,0.0003,1,a2c_lr_opt_seed1,0.4167768955230713,13.352127075195312,0.7825231552124023,0.9085305333137512,48.968135833740234
1953,-166.60455322265625,-9.629985237121582,706,41.19987106323242,0.0003,1,a2c_lr_opt_seed1,-1.1995604038238525,84.80046081542969,0.7985526323318481,-0.734515368938446,39.00758743286133
1953,-166.60455322265625,-9.629985237121582,706,2.0181756019592285,0.0003,1,a2c_lr_opt_seed1,-0.2705557346343994,4.579099655151367,0.8184878826141357,-0.26533523201942444,21.352397918701172
1953,-166.60455322265625,-9.629985237121582,706,3.7090039253234863,0.0003,1,a2c_lr_opt_seed1,-0.23655825853347778,7.892746925354004,0.8112638592720032,-0.10261338949203491,12.928275108337402
1953,-166.60455322265625,-9.629985237121582,706,42.27849578857422,0.0003,1,a2c_lr_opt_seed1,0.6072795987129211,83.34388732910156,0.7295436859130859,2.0701520442962646,75.1561050415039
1953,-166.60455322265625,-9.629985237121582,706,3.9598886966705322,0.0003,1,a2c_lr_opt_seed1,-1.1614388227462769,10.244123458862305,0.7340587973594666,-0.9646527171134949,39.885318756103516
1953,-166.60455322265625,-9.629985237121582,706,3.9236652851104736,0.0003,1,a2c_lr_opt_seed1,-0.15247653424739838,8.153809547424316,0.7630164623260498,0.15411701798439026,13.199885368347168
1955,57.054931640625,-6.521604423522949,1001,282.75787353515625,0.0003,1,a2c_lr_opt_seed1,-4.0511393547058105,573.6193237304688,0.644390344619751,-10.151581764221191,310.96636962890625
1956,-180.14981079101562,-12.610754508972168,424,66.17237854003906,0.0003,1,a2c_lr_opt_seed1,-0.9983382821083069,134.3427276611328,0.6493273973464966,-2.5735325813293457,92.47294616699219
1957,-43.04545974731445,-12.300987358093261,279,107.68926239013672,0.0003,1,a2c_lr_opt_seed1,-2.3325371742248535,220.04510498046875,0.7560163140296936,-2.6430423259735107,161.88082885742188
1957,-43.04545974731445,-12.300987358093261,279,13.018590927124023,0.0003,1,a2c_lr_opt_seed1,0.5215051770210266,24.995708465576172,0.7690478563308716,0.5505847930908203,37.033531188964844
1957,-43.04545974731445,-12.300987358093261,279,9.02347183227539,0.0003,1,a2c_lr_opt_seed1,0.2635171413421631,17.52143096923828,0.7606029510498047,0.5515133142471313,28.06561279296875
1958,-50.697105407714844,-14.280111198425294,421,61.47799301147461,0.0003,1,a2c_lr_opt_seed1,0.8173753619194031,121.32266235351562,0.7146691679954529,0.6897822618484497,36.42283248901367
1959,159.57589721679688,-8.482458000183106,664,162.79872131347656,0.0003,1,a2c_lr_opt_seed1,0.2907251715660095,325.01751708984375,0.766206681728363,5.486928462982178,223.5771484375
1960,-142.41818237304688,-9.53580837249756,577,114.93562316894531,0.0003,1,a2c_lr_opt_seed1,-0.8072336316108704,231.48716735839844,0.721413791179657,-4.19404411315918,175.44781494140625
1960,-142.41818237304688,-9.53580837249756,577,10.315852165222168,0.0003,1,a2c_lr_opt_seed1,0.2887778878211975,20.0556583404541,0.7553714513778687,0.8246697187423706,49.774654388427734
1960,-142.41818237304688,-9.53580837249756,577,2.1201837062835693,0.0003,1,a2c_lr_opt_seed1,-0.13276571035385132,4.507547378540039,0.8241439461708069,0.07249127328395844,12.807028770446777
1960,-142.41818237304688,-9.53580837249756,577,3.85304856300354,0.0003,1,a2c_lr_opt_seed1,0.6429053544998169,6.421969890594482,0.8418400287628174,0.9683728218078613,38.68820571899414
1960,-142.41818237304688,-9.53580837249756,577,15.770270347595215,0.0003,1,a2c_lr_opt_seed1,0.3188348114490509,30.904579162597656,0.8543237447738647,0.40244072675704956,45.67396926879883
1960,-142.41818237304688,-9.53580837249756,577,17.424650192260742,0.0003,1,a2c_lr_opt_seed1,-0.6573023796081543,36.16523742675781,0.6654883623123169,-0.24894431233406067,33.77481460571289
1960,-142.41818237304688,-9.53580837249756,577,4.382491588592529,0.0003,1,a2c_lr_opt_seed1,-0.7305102348327637,10.227316856384277,0.6567975878715515,0.08180725574493408,38.151695251464844
1961,180.90142822265625,-4.049105949401856,448,174.534912109375,0.0003,1,a2c_lr_opt_seed1,0.0412624217569828,348.9886169433594,0.662155032157898,6.037330627441406,281.0787353515625
1962,163.6358642578125,-1.9197963333129884,452,144.4102325439453,0.0003,1,a2c_lr_opt_seed1,-0.40556252002716064,289.63323974609375,0.821812093257904,3.452155590057373,172.9242706298828
1962,163.6358642578125,-1.9197963333129884,452,10.515378952026367,0.0003,1,a2c_lr_opt_seed1,-0.38477760553359985,21.80193519592285,0.8109259009361267,-0.013404607772827148,12.663261413574219
1963,-58.74342727661133,-3.537206115722656,302,42.82699966430664,0.0003,1,a2c_lr_opt_seed1,-0.7514923214912415,87.15843200683594,0.7254059910774231,-0.036145031452178955,21.73133659362793
1963,-58.74342727661133,-3.537206115722656,302,1.0819545984268188,0.0003,1,a2c_lr_opt_seed1,-0.5233827829360962,3.212183952331543,0.7546482086181641,-0.6754053831100464,21.396465301513672
1963,-58.74342727661133,-3.537206115722656,302,56.68672561645508,0.0003,1,a2c_lr_opt_seed1,-1.409798502922058,116.19461822509766,0.7851459383964539,-3.039276599884033,102.21420288085938
1963,-58.74342727661133,-3.537206115722656,302,12.11056900024414,0.0003,1,a2c_lr_opt_seed1,0.19816626608371735,23.826290130615234,0.7420247197151184,0.4572749137878418,26.874574661254883
1963,-58.74342727661133,-3.537206115722656,302,20.316627502441406,0.0003,1,a2c_lr_opt_seed1,-0.7352718710899353,42.105247497558594,0.7248096466064453,-1.2836462259292603,63.35303497314453
1965,94.7933349609375,-2.8069747924804687,1001,129.98577880859375,0.0003,1,a2c_lr_opt_seed1,-2.5917434692382812,265.15631103515625,0.6400640606880188,-2.2810239791870117,168.97792053222656
1965,94.7933349609375,-2.8069747924804687,1001,2.9267003536224365,0.0003,1,a2c_lr_opt_seed1,-0.42510268092155457,6.704981803894043,0.6878348588943481,0.14820429682731628,28.272991180419922
1966,91.0832290649414,1.0143251037597656,763,221.87144470214844,0.0003,1,a2c_lr_opt_seed1,-0.014604665338993073,443.7735900878906,0.7429113388061523,6.328546047210693,283.1876525878906
1966,91.0832290649414,1.0143251037597656,763,2.814724922180176,0.0003,1,a2c_lr_opt_seed1,-1.0705459117889404,7.7721333503723145,0.795769453048706,-1.1365758180618286,43.60193634033203
1966,91.0832290649414,1.0143251037597656,763,8.096577644348145,0.0003,1,a2c_lr_opt_seed1,0.7209904193878174,14.752735137939453,0.7798589468002319,1.1115487813949585,31.631372451782227
1966,91.0832290649414,1.0143251037597656,763,3.357281446456909,0.0003,1,a2c_lr_opt_seed1,0.08520188182592392,6.545656204223633,0.7486985921859741,0.8567073941230774,27.317222595214844
1966,91.0832290649414,1.0143251037597656,763,3.7143287658691406,0.0003,1,a2c_lr_opt_seed1,-0.17657695710659027,7.783287525177002,0.7381061911582947,0.15804889798164368,14.865887641906738
1967,88.59642791748047,4.895187683105469,783,165.3087921142578,0.0003,1,a2c_lr_opt_seed1,-0.3409136235713959,331.3009948730469,0.7877181172370911,4.244801044464111,175.24305725097656
1967,88.59642791748047,4.895187683105469,783,9.273056983947754,0.0003,1,a2c_lr_opt_seed1,0.9984900951385498,16.550609588623047,0.7377590537071228,1.8087037801742554,45.03989028930664
1967,88.59642791748047,4.895187683105469,783,1.9541335105895996,0.0003,1,a2c_lr_opt_seed1,0.059939801692962646,3.789879083633423,0.7457274198532104,0.35948431491851807,13.251184463500977
1968,204.60025024414062,11.015699920654297,489,134.1797332763672,0.0003,1,a2c_lr_opt_seed1,-1.3559656143188477,271.0729064941406,0.7456799149513245,1.6811636686325073,112.89725494384766
1969,-118.47859954833984,10.312808074951171,340,132.85421752929688,0.0003,1,a2c_lr_opt_seed1,-1.1213873624801636,267.9527893066406,0.7921789884567261,-1.6092174053192139,93.14900207519531
1970,32.63399124145508,12.743735580444335,1001,20.91446304321289,0.0003,1,a2c_lr_opt_seed1,0.08779600262641907,41.65496063232422,0.8128488659858704,0.5985971689224243,29.034442901611328
1971,-93.54711151123047,8.122689895629883,421,195.88853454589844,0.0003,1,a2c_lr_opt_seed1,-1.881697654724121,395.54180908203125,0.677626371383667,-4.397688388824463,170.33778381347656
1972,88.51622772216797,12.772324142456055,696,166.6973876953125,0.0003,1,a2c_lr_opt_seed1,-0.13902691006660461,333.6744079589844,0.7909883260726929,4.8635454177856445,199.59449768066406
1972,88.51622772216797,12.772324142456055,696,4.689180374145508,0.0003,1,a2c_lr_opt_seed1,0.638617753982544,8.102865219116211,0.869759202003479,0.9599090814590454,22.177383422851562
1973,79.14824676513672,12.57085304260254,1001,22.206409454345703,0.0003,1,a2c_lr_opt_seed1,-0.27706295251846313,44.96871566772461,0.8840854167938232,0.3218328058719635,36.407344818115234
1974,-31.499229431152344,13.693622360229492,333,165.49200439453125,0.0003,1,a2c_lr_opt_seed1,-3.697659969329834,338.3809509277344,0.8046019673347473,-6.219626426696777,217.95065307617188
1974,-31.499229431152344,13.693622360229492,333,3.363790273666382,0.0003,1,a2c_lr_opt_seed1,-1.2918881177902222,9.313006401062012,0.8248089551925659,-1.358341932296753,52.68877029418945
1974,-31.499229431152344,13.693622360229492,333,2.710415840148926,0.0003,1,a2c_lr_opt_seed1,-0.2754369080066681,5.973400592803955,0.8475888967514038,-0.23014821112155914,21.457008361816406
1974,-31.499229431152344,13.693622360229492,333,1.963097333908081,0.0003,1,a2c_lr_opt_seed1,-0.8615598678588867,5.651070594787598,0.8780767321586609,-0.5241680145263672,21.629945755004883
1974,-31.499229431152344,13.693622360229492,333,18.277482986450195,0.0003,1,a2c_lr_opt_seed1,-0.13477292656898499,36.82619857788086,0.8427594900131226,-0.7057256698608398,37.71607971191406
1976,-117.12950134277344,10.920302505493163,387,315.24658203125,0.0003,1,a2c_lr_opt_seed1,-1.3385035991668701,633.1715698242188,0.687285304069519,-8.603996276855469,336.22900390625
1977,-102.84687042236328,11.411146774291993,352,79.20880889892578,0.0003,1,a2c_lr_opt_seed1,0.6796148419380188,157.05995178222656,0.7820046544075012,0.1680084466934204,61.06092834472656
1978,-95.40077209472656,6.138360214233399,319,180.97018432617188,0.0003,1,a2c_lr_opt_seed1,0.4791497588157654,360.9833984375,0.6775217056274414,-3.539954423904419,176.0169677734375
1979,119.36024475097656,6.234847793579101,729,165.9530487060547,0.0003,1,a2c_lr_opt_seed1,-0.09874365478754044,332.1052551269531,0.8375158309936523,4.932031154632568,189.6494598388672
1979,119.36024475097656,6.234847793579101,729,2.0418663024902344,0.0003,1,a2c_lr_opt_seed1,-1.051748275756836,6.188954830169678,0.8628274202346802,-0.8584532737731934,31.43052101135254
1979,119.36024475097656,6.234847793579101,729,2.5874767303466797,0.0003,1,a2c_lr_opt_seed1,-0.3881344497203827,5.9530439376831055,0.9106718301773071,-0.20528709888458252,10.337918281555176
1979,119.36024475097656,6.234847793579101,729,38.807159423828125,0.0003,1,a2c_lr_opt_seed1,-0.7258515357971191,79.06771087646484,0.8430469036102295,-1.8234970569610596,78.95050811767578
1979,119.36024475097656,6.234847793579101,729,13.062663078308105,0.0003,1,a2c_lr_opt_seed1,-0.654840886592865,27.436330795288086,0.6616324782371521,0.524664044380188,37.95751190185547
1979,119.36024475097656,6.234847793579101,729,5.579702377319336,0.0003,1,a2c_lr_opt_seed1,0.4590218663215637,10.242759704589844,0.6994873285293579,0.7004368305206299,25.415836334228516
1979,119.36024475097656,6.234847793579101,729,109.24044036865234,0.0003,1,a2c_lr_opt_seed1,-1.5109843015670776,221.50411987304688,0.6368810534477234,-4.407566070556641,179.27256774902344
1981,-178.2371826171875,9.815585021972657,461,249.5330352783203,0.0003,1,a2c_lr_opt_seed1,1.946486473083496,495.17437744140625,0.637266993522644,2.5034196376800537,186.9625701904297
1982,-11.535537719726562,12.453985595703125,370,168.7454071044922,0.0003,1,a2c_lr_opt_seed1,-2.657376766204834,342.8070068359375,0.7240421772003174,-5.561402320861816,260.7151794433594
1983,-54.9206657409668,10.23042022705078,366,171.4906768798828,0.0003,1,a2c_lr_opt_seed1,0.09340128302574158,342.7960205078125,0.7352161407470703,-3.2373805046081543,152.1204376220703
1983,-54.9206657409668,10.23042022705078,366,2.0375874042510986,0.0003,1,a2c_lr_opt_seed1,-0.6457564234733582,5.368342399597168,0.8273633718490601,-0.5423613786697388,23.156660079956055
1983,-54.9206657409668,10.23042022705078,366,8.6119384765625,0.0003,1,a2c_lr_opt_seed1,0.5159376859664917,16.19357681274414,0.7880069613456726,0.8690271973609924,24.250097274780273
1983,-54.9206657409668,10.23042022705078,366,14.521517753601074,0.0003,1,a2c_lr_opt_seed1,0.14880774915218353,28.746919631958008,0.7496293187141418,0.9009564518928528,35.712276458740234
1983,-54.9206657409668,10.23042022705078,366,14.108598709106445,0.0003,1,a2c_lr_opt_seed1,0.29170459508895874,27.635080337524414,0.645714282989502,1.043960690498352,28.474409103393555
1984,163.19699096679688,15.175274047851563,541,132.251953125,0.0003,1,a2c_lr_opt_seed1,-0.605092465877533,265.7155456542969,0.7400004863739014,2.930288314819336,147.94029235839844
1984,163.19699096679688,15.175274047851563,541,0.8150107264518738,0.0003,1,a2c_lr_opt_seed1,-0.3435139060020447,2.318690776824951,0.8207753300666809,-0.2643827795982361,10.928482055664062
1984,163.19699096679688,15.175274047851563,541,2.337346315383911,0.0003,1,a2c_lr_opt_seed1,0.2511802911758423,4.173964977264404,0.8165442943572998,0.3753494620323181,19.663928985595703
1984,163.19699096679688,15.175274047851563,541,2.3334996700286865,0.0003,1,a2c_lr_opt_seed1,0.328255295753479,4.011975288391113,0.7430881857872009,0.4788505434989929,18.04109764099121
1984,163.19699096679688,15.175274047851563,541,2.524921178817749,0.0003,1,a2c_lr_opt_seed1,0.3948594927787781,4.261720657348633,0.7986838221549988,0.49808603525161743,14.979637145996094
1984,163.19699096679688,15.175274047851563,541,2.205137014389038,0.0003,1,a2c_lr_opt_seed1,-0.020703524351119995,4.4531683921813965,0.7436202764511108,0.09059342741966248,7.232361793518066
1984,163.19699096679688,15.175274047851563,541,72.32504272460938,0.0003,1,a2c_lr_opt_seed1,3.7926597595214844,137.066162109375,0.6997989416122437,5.612217903137207,147.40386962890625
1984,163.19699096679688,15.175274047851563,541,0.6970716118812561,0.0003,1,a2c_lr_opt_seed1,-0.15529364347457886,1.7060530185699463,0.6612536907196045,-0.0505295991897583,3.3604562282562256
1985,91.21897888183594,18.240724868774414,1001,7.376308917999268,0.0003,1,a2c_lr_opt_seed1,-1.072540044784546,16.89904022216797,0.6709306836128235,-1.611074447631836,43.1998176574707
1986,-20.06719207763672,20.92680778503418,439,106.91313171386719,0.0003,1,a2c_lr_opt_seed1,0.016421936452388763,213.794677734375,0.6280165314674377,-2.363168716430664,98.4596176147461
1986,-20.06719207763672,20.92680778503418,439,1.669890284538269,0.0003,1,a2c_lr_opt_seed1,-0.003927711397409439,3.3489813804626465,0.672738254070282,0.0031064972281455994,15.670642852783203
1986,-20.06719207763672,20.92680778503418,439,1.057909607887268,0.0003,1,a2c_lr_opt_seed1,-0.29215437173843384,2.701568365097046,0.7201737761497498,-0.36266064643859863,19.201072692871094
1986,-20.06719207763672,20.92680778503418,439,26.97040367126465,0.0003,1,a2c_lr_opt_seed1,1.1901658773422241,51.561851501464844,0.6885054707527161,1.252611756324768,42.25645446777344
1986,-20.06719207763672,20.92680778503418,439,1.284074306488037,0.0003,1,a2c_lr_opt_seed1,-0.2362295538187027,3.041954517364502,0.6733605861663818,-0.5396131873130798,21.557674407958984
1986,-20.06719207763672,20.92680778503418,439,0.6104443073272705,0.0003,1,a2c_lr_opt_seed1,-0.3411999046802521,1.9046316146850586,0.6716219186782837,-0.587775707244873,19.783933639526367
1986,-20.06719207763672,20.92680778503418,439,1.034311056137085,0.0003,1,a2c_lr_opt_seed1,-0.7998648881912231,3.669647216796875,0.6476344466209412,-1.0781886577606201,34.4975700378418
1987,124.13317108154297,20.99762321472168,1001,3.6700868606567383,0.0003,1,a2c_lr_opt_seed1,-0.64533931016922,8.632149696350098,0.6486956477165222,-0.7944950461387634,23.74555206298828
1988,88.77301788330078,25.325356521606444,1001,2.416597604751587,0.0003,1,a2c_lr_opt_seed1,-0.44342508912086487,5.721487522125244,0.7210389375686646,-0.6626116633415222,25.113298416137695
1988,88.77301788330078,25.325356521606444,1001,1.6539878845214844,0.0003,1,a2c_lr_opt_seed1,0.000603795051574707,3.308241844177246,0.7368237972259521,0.05029881000518799,6.783749103546143
1988,88.77301788330078,25.325356521606444,1001,1.4294928312301636,0.0003,1,a2c_lr_opt_seed1,-0.06911729276180267,2.998676300048828,0.7279621958732605,0.09563866257667542,10.916935920715332
1988,88.77301788330078,25.325356521606444,1001,7.647761821746826,0.0003,1,a2c_lr_opt_seed1,-0.2212601900100708,15.739432334899902,0.6940729022026062,-0.7785918712615967,28.93977928161621
1988,88.77301788330078,25.325356521606444,1001,13.475000381469727,0.0003,1,a2c_lr_opt_seed1,-0.3852226138114929,27.721647262573242,0.6006249785423279,-1.3100851774215698,41.619049072265625
1988,88.77301788330078,25.325356521606444,1001,4.7838850021362305,0.0003,1,a2c_lr_opt_seed1,-0.2109980434179306,9.99089241027832,0.5633748769760132,0.5509383678436279,23.176313400268555
1989,-82.03402709960938,20.24729621887207,458,74.81388854980469,0.0003,1,a2c_lr_opt_seed1,-2.5289924144744873,154.6869354248047,0.5907242298126221,-2.4086904525756836,116.32118225097656
1991,84.79673767089844,21.642250900268554,1001,7.412042140960693,0.0003,1,a2c_lr_opt_seed1,0.06525792926549911,14.694814682006836,0.6230565309524536,0.6276143789291382,20.03431510925293
1991,84.79673767089844,21.642250900268554,1001,3.1842994689941406,0.0003,1,a2c_lr_opt_seed1,0.30685654282569885,5.756192207336426,0.6532308459281921,0.785554051399231,25.352407455444336
1992,92.93619537353516,20.593671951293945,1001,6.0683746337890625,0.0003,1,a2c_lr_opt_seed1,-0.037997886538505554,12.214080810546875,0.6682072877883911,0.3126673996448517,26.375478744506836
1993,139.86148071289062,22.48758773803711,619,180.4130401611328,0.0003,1,a2c_lr_opt_seed1,-1.3685940504074097,363.564697265625,0.7103851437568665,4.245235919952393,161.05271911621094
1993,139.86148071289062,22.48758773803711,619,19.767494201660156,0.0003,1,a2c_lr_opt_seed1,-0.3174242377281189,40.17131423950195,0.7379943132400513,0.6981827020645142,34.332706451416016
1993,139.86148071289062,22.48758773803711,619,3.5648300647735596,0.0003,1,a2c_lr_opt_seed1,0.03152971714735031,7.067941665649414,0.6705008149147034,0.38661882281303406,14.220268249511719
1994,181.10052490234375,24.087869110107423,450,166.83804321289062,0.0003,1,a2c_lr_opt_seed1,-0.040337637066841125,333.7581787109375,0.7040836811065674,5.028243541717529,214.44212341308594
1995,95.1469497680664,24.46901153564453,1001,37.873023986816406,0.0003,1,a2c_lr_opt_seed1,1.8809318542480469,71.98583984375,0.8277852535247803,2.599539041519165,72.06075286865234
1995,95.1469497680664,24.46901153564453,1001,3.1677963733673096,0.0003,1,a2c_lr_opt_seed1,-0.060241520404815674,6.457726001739502,0.8252704739570618,-0.036010175943374634,12.077218055725098
1995,95.1469497680664,24.46901153564453,1001,2.7282798290252686,0.0003,1,a2c_lr_opt_seed1,-0.49741363525390625,6.45289421081543,0.7536680102348328,-0.37404417991638184,15.763321876525879
1995,95.1469497680664,24.46901153564453,1001,36.581825256347656,0.0003,1,a2c_lr_opt_seed1,1.272454023361206,70.62043762207031,0.8465285301208496,0.8337936401367188,35.35280227661133
1997,-119.99376678466797,20.629330444335938,395,303.3291931152344,0.0003,1,a2c_lr_opt_seed1,-5.116091728210449,616.8920288085938,0.74020916223526,-10.041790008544922,360.996826171875
1997,-119.99376678466797,20.629330444335938,395,6.566766262054443,0.0003,1,a2c_lr_opt_seed1,-1.5881356000900269,16.311328887939453,0.7624861001968384,-1.809609293937683,59.315528869628906
1997,-119.99376678466797,20.629330444335938,395,8.352388381958008,0.0003,1,a2c_lr_opt_seed1,0.5584217309951782,15.589426040649414,0.7469996213912964,0.43817681074142456,13.865337371826172
1997,-119.99376678466797,20.629330444335938,395,2.544245481491089,0.0003,1,a2c_lr_opt_seed1,0.31194210052490234,4.466200351715088,0.796862781047821,0.429166316986084,25.223512649536133
1997,-119.99376678466797,20.629330444335938,395,1.3685933351516724,0.0003,1,a2c_lr_opt_seed1,-0.4035104513168335,3.5457334518432617,0.7628953456878662,-0.4882751405239105,18.48645782470703
1997,-119.99376678466797,20.629330444335938,395,1.5840378999710083,0.0003,1,a2c_lr_opt_seed1,-0.6212362051010132,4.412024021148682,0.7378474473953247,-0.488610178232193,18.468868255615234
1998,-92.46959686279297,19.693732681274415,352,188.02166748046875,0.0003,1,a2c_lr_opt_seed1,-1.6392474174499512,379.3233337402344,0.7455106973648071,-6.372443675994873,226.67190551757812
1999,-52.67654800415039,15.426629028320313,221,89.61425018310547,0.0003,1,a2c_lr_opt_seed1,-4.06021785736084,187.35055541992188,0.8098465204238892,-4.376281261444092,155.1515655517578
1999,-52.67654800415039,15.426629028320313,221,0.8201982975006104,0.0003,1,a2c_lr_opt_seed1,-0.19081589579582214,2.023495674133301,0.7336282730102539,-0.08909684419631958,7.589529991149902
2000,-43.724403381347656,12.610502166748047,408,125.2138671875,0.0003,1,a2c_lr_opt_seed1,-1.279335856437683,252.9876251220703,0.6088101863861084,-3.6990978717803955,149.0774688720703
2001,-128.78594970703125,11.491513671875,557,43.83683395385742,0.0003,1,a2c_lr_opt_seed1,-0.5584061741828918,88.79198455810547,0.751900315284729,-1.396496295928955,53.03956604003906
2001,-128.78594970703125,11.491513671875,557,2.21299409866333,0.0003,1,a2c_lr_opt_seed1,-0.5618083477020264,5.550991058349609,0.6930566430091858,-0.5341933369636536,24.135040283203125
2001,-128.78594970703125,11.491513671875,557,2.9727346897125244,0.0003,1,a2c_lr_opt_seed1,-0.9939305782318115,7.934759616851807,0.7145605087280273,-1.2758469581604004,46.498756408691406
2001,-128.78594970703125,11.491513671875,557,2.8007240295410156,0.0003,1,a2c_lr_opt_seed1,0.17354588210582733,5.255870819091797,0.7572449445724487,0.11244531720876694,10.527141571044922
2002,75.02759552001953,9.475743560791015,1001,7.439373970031738,0.0003,1,a2c_lr_opt_seed1,-0.1709289699792862,15.221981048583984,0.687523603439331,-0.17820431292057037,27.58429718017578
2002,75.02759552001953,9.475743560791015,1001,4.113746643066406,0.0003,1,a2c_lr_opt_seed1,0.15468783676624298,7.9195685386657715,0.7252909541130066,0.6702085733413696,29.829021453857422
2004,144.90835571289062,15.618949966430664,496,189.3789825439453,0.0003,1,a2c_lr_opt_seed1,-0.4776487648487091,379.714599609375,0.6646347641944885,3.6701674461364746,157.72442626953125
2005,171.0018310546875,17.897887954711916,902,170.12002563476562,0.0003,1,a2c_lr_opt_seed1,0.442975252866745,339.3555908203125,0.7480509281158447,5.094930648803711,213.70021057128906
2005,171.0018310546875,17.897887954711916,902,5.4566144943237305,0.0003,1,a2c_lr_opt_seed1,0.730484127998352,9.453841209411621,0.7899731397628784,1.2643849849700928,49.281131744384766
2005,171.0018310546875,17.897887954711916,902,56.37889862060547,0.0003,1,a2c_lr_opt_seed1,2.7293319702148438,107.30068969726562,0.7763785123825073,3.9402639865875244,112.21773529052734
2006,75.4197006225586,23.009278182983397,1001,6.6230902671813965,0.0003,1,a2c_lr_opt_seed1,0.6540356874465942,11.939672470092773,0.781724750995636,0.8452681303024292,28.306194305419922
2006,75.4197006225586,23.009278182983397,1001,1.0909619331359863,0.0003,1,a2c_lr_opt_seed1,-0.24130241572856903,2.666161298751831,0.8163174390792847,-0.056106097996234894,7.410983562469482
2006,75.4197006225586,23.009278182983397,1001,2.6092562675476074,0.0003,1,a2c_lr_opt_seed1,-0.36046814918518066,5.940971374511719,0.7613265514373779,-0.07392074167728424,10.190505027770996
2006,75.4197006225586,23.009278182983397,1001,5.150508403778076,0.0003,1,a2c_lr_opt_seed1,-0.1112033948302269,10.525090217590332,0.8333154916763306,-0.011277154088020325,21.957258224487305
2007,-64.82540893554688,22.57367919921875,495,186.74053955078125,0.0003,1,a2c_lr_opt_seed1,-3.3423752784729004,380.167236328125,0.7073317170143127,-5.479433059692383,176.3743133544922
2007,-64.82540893554688,22.57367919921875,495,6.886382102966309,0.0003,1,a2c_lr_opt_seed1,-1.1670312881469727,16.108444213867188,0.8089265823364258,-1.3349387645721436,46.7100944519043
2007,-64.82540893554688,22.57367919921875,495,6.034663677215576,0.0003,1,a2c_lr_opt_seed1,-0.7929568290710449,13.656754493713379,0.756667971611023,-0.31131017208099365,32.97772216796875
2008,-45.058258056640625,22.686456146240236,369,115.45724487304688,0.0003,1,a2c_lr_opt_seed1,-2.258136034011841,235.4323272705078,0.7888215184211731,-3.714010238647461,135.43881225585938
2009,-56.21383285522461,18.370661544799805,327,26.954343795776367,0.0003,1,a2c_lr_opt_seed1,0.2954629361629486,53.31927490234375,0.7565203309059143,0.5871937274932861,34.0617790222168
2009,-56.21383285522461,18.370661544799805,327,23.732275009155273,0.0003,1,a2c_lr_opt_seed1,1.0308167934417725,45.40425109863281,0.6672659516334534,1.608814001083374,42.628116607666016
2010,-62.29435729980469,19.973138046264648,453,73.7783203125,0.0003,1,a2c_lr_opt_seed1,-1.5611618757247925,150.6803436279297,0.6896774172782898,-0.7022414803504944,80.99456787109375
2010,-62.29435729980469,19.973138046264648,453,3.9617185592651367,0.0003,1,a2c_lr_opt_seed1,-0.6472944021224976,9.219554901123047,0.7644717693328857,-0.5765281915664673,36.65473175048828
2011,-83.98370361328125,14.675435409545898,256,125.67020416259766,0.0003,1,a2c_lr_opt_seed1,-3.8457396030426025,259.03326416015625,0.6867250204086304,-4.843255519866943,243.38275146484375
2011,-83.98370361328125,14.675435409545898,256,3.673588991165161,0.0003,1,a2c_lr_opt_seed1,-0.26884156465530396,7.886290073394775,0.7146377563476562,-0.5429546236991882,26.41876220703125
2012,-67.19755554199219,10.058767013549804,229,97.08503723144531,0.0003,1,a2c_lr_opt_seed1,-3.26090931892395,200.69329833984375,0.7043949961662292,-4.087530136108398,218.227783203125
2012,-67.19755554199219,10.058767013549804,229,9.032748222351074,0.0003,1,a2c_lr_opt_seed1,-0.5517253279685974,19.17045783996582,0.754891574382782,-0.7270917892456055,22.107006072998047
2012,-67.19755554199219,10.058767013549804,229,4.60025691986084,0.0003,1,a2c_lr_opt_seed1,-0.13861334323883057,9.479223251342773,0.7412511706352234,-0.053574591875076294,20.928638458251953
2012,-67.19755554199219,10.058767013549804,229,2.0478804111480713,0.0003,1,a2c_lr_opt_seed1,-0.26792964339256287,4.633106231689453,0.7430981993675232,-0.10229633003473282,12.438593864440918
2013,44.60823059082031,12.125800170898437,1001,7.7455034255981445,0.0003,1,a2c_lr_opt_seed1,0.09439845383167267,15.303627014160156,0.70842444896698,0.3140851855278015,20.591707229614258
2013,44.60823059082031,12.125800170898437,1001,3.384763479232788,0.0003,1,a2c_lr_opt_seed1,-1.0709198713302612,8.912975311279297,0.8042138814926147,-1.2043068408966064,51.60773468017578
2013,44.60823059082031,12.125800170898437,1001,3.3617324829101562,0.0003,1,a2c_lr_opt_seed1,-0.5370195508003235,7.79911470413208,0.8054132461547852,-0.4118773639202118,19.697406768798828
2015,-62.86983108520508,11.032671546936035,274,128.78184509277344,0.0003,1,a2c_lr_opt_seed1,-2.040165424346924,261.6453857421875,0.6864018440246582,-2.2174413204193115,103.66962432861328
2015,-62.86983108520508,11.032671546936035,274,4.384625434875488,0.0003,1,a2c_lr_opt_seed1,0.3708595931529999,8.028905868530273,0.6873541474342346,0.9158306121826172,32.56306076049805
2015,-62.86983108520508,11.032671546936035,274,4.239306926727295,0.0003,1,a2c_lr_opt_seed1,0.34688833355903625,7.786256790161133,0.7101039290428162,0.8849357962608337,27.286863327026367
2015,-62.86983108520508,11.032671546936035,274,1.3730541467666626,0.0003,1,a2c_lr_opt_seed1,-0.2580202519893646,3.2636184692382812,0.7348583340644836,0.15856808423995972,11.954208374023438
2017,97.73563385009766,11.239165077209472,1001,141.08529663085938,0.0003,1,a2c_lr_opt_seed1,0.11965706944465637,281.93292236328125,0.8311038613319397,3.374276876449585,137.80807495117188
2018,-59.37080001831055,5.959744071960449,589,129.99069213867188,0.0003,1,a2c_lr_opt_seed1,-0.22321817278862,260.4292297363281,0.7093931436538696,-2.309474468231201,115.31201171875
2018,-59.37080001831055,5.959744071960449,589,5.566159725189209,0.0003,1,a2c_lr_opt_seed1,0.840201735496521,9.453550338745117,0.8172655701637268,1.1486250162124634,45.279537200927734
2018,-59.37080001831055,5.959744071960449,589,3.7198071479797363,0.0003,1,a2c_lr_opt_seed1,-0.20946505665779114,7.860220909118652,0.8383715152740479,-0.07926158607006073,24.83904266357422
2018,-59.37080001831055,5.959744071960449,589,4.668129920959473,0.0003,1,a2c_lr_opt_seed1,0.4252278804779053,8.487494468688965,0.8449652194976807,0.6457460522651672,25.173070907592773
2018,-59.37080001831055,5.959744071960449,589,1.93639075756073,0.0003,1,a2c_lr_opt_seed1,0.2943277060985565,3.285905361175537,0.8896149396896362,0.4970721900463104,19.058815002441406
2018,-59.37080001831055,5.959744071960449,589,6.705221176147461,0.0003,1,a2c_lr_opt_seed1,0.49342745542526245,12.425365447998047,0.8889152407646179,0.5431003570556641,24.707462310791016
2019,-124.22039031982422,5.844908256530761,555,101.40250396728516,0.0003,1,a2c_lr_opt_seed1,0.5756660103797913,201.65521240234375,0.7738354206085205,-1.1772719621658325,108.92317199707031
2019,-124.22039031982422,5.844908256530761,555,24.462610244750977,0.0003,1,a2c_lr_opt_seed1,1.8416439294815063,45.24345397949219,0.7618973255157471,2.6674420833587646,95.42388153076172
2019,-124.22039031982422,5.844908256530761,555,1.7053264379501343,0.0003,1,a2c_lr_opt_seed1,-0.03943397104740143,3.4911513328552246,0.8152864575386047,0.19872388243675232,9.478958129882812
2019,-124.22039031982422,5.844908256530761,555,9.614086151123047,0.0003,1,a2c_lr_opt_seed1,0.6187081933021545,17.99237632751465,0.8107798099517822,1.0529992580413818,31.278594970703125
2019,-124.22039031982422,5.844908256530761,555,32.484771728515625,0.0003,1,a2c_lr_opt_seed1,2.2434351444244385,60.48408126831055,0.7068823575973511,3.1693522930145264,83.77491760253906
2020,-79.77792358398438,3.5966699600219725,507,108.69434356689453,0.0003,1,a2c_lr_opt_seed1,-0.4691862463951111,218.32835388183594,0.6463127732276917,-2.862844467163086,116.22115325927734
2020,-79.77792358398438,3.5966699600219725,507,1.8175760507583618,0.0003,1,a2c_lr_opt_seed1,0.059526652097702026,3.5175304412841797,0.7158735990524292,0.2518032193183899,18.362241744995117
2020,-79.77792358398438,3.5966699600219725,507,1.850699543952942,0.0003,1,a2c_lr_opt_seed1,-0.12527352571487427,3.9533050060272217,0.679416298866272,0.06671860069036484,10.4038724899292
2021,-92.5216293334961,3.6171796035766604,476,60.40518569946289,0.0003,1,a2c_lr_opt_seed1,-1.6679292917251587,124.14765930175781,0.7137933969497681,-2.0182578563690186,84.72566223144531
2022,-4.245432376861572,1.7619464015960693,1001,20.10382080078125,0.0003,1,a2c_lr_opt_seed1,1.7469803094863892,36.71518325805664,0.7512176036834717,2.2161941528320312,68.87727355957031
2022,-4.245432376861572,1.7619464015960693,1001,13.995319366455078,0.0003,1,a2c_lr_opt_seed1,0.022916525602340698,27.945968627929688,0.5820870399475098,1.3548983335494995,52.69242858886719
2022,-4.245432376861572,1.7619464015960693,1001,5.980365753173828,0.0003,1,a2c_lr_opt_seed1,0.007421615067869425,11.947015762329102,0.5635260343551636,0.6318041682243347,40.52754592895508
2024,112.55176544189453,6.3991773891448975,620,332.9850158691406,0.0003,1,a2c_lr_opt_seed1,0.13091591000556946,665.7093505859375,0.5871990919113159,9.946887016296387,387.0773010253906
2024,112.55176544189453,6.3991773891448975,620,3.869537115097046,0.0003,1,a2c_lr_opt_seed1,-0.5120067000389099,8.764731407165527,0.8217992782592773,-0.6252447962760925,26.248857498168945
2024,112.55176544189453,6.3991773891448975,620,1.895406723022461,0.0003,1,a2c_lr_opt_seed1,-0.3954974412918091,4.583472728729248,0.8321661949157715,-0.33909663558006287,16.80866050720215
2024,112.55176544189453,6.3991773891448975,620,4.275043964385986,0.0003,1,a2c_lr_opt_seed1,0.4499967694282532,7.651800632476807,0.8532270193099976,0.6641556024551392,26.25535011291504
2024,112.55176544189453,6.3991773891448975,620,1.4152913093566895,0.0003,1,a2c_lr_opt_seed1,-0.541579008102417,3.9153387546539307,0.79900062084198,-0.4742639362812042,17.055831909179688
2024,112.55176544189453,6.3991773891448975,620,4.585879325866699,0.0003,1,a2c_lr_opt_seed1,-0.18589463829994202,9.545154571533203,0.8035984635353088,-0.22141128778457642,17.427387237548828
2024,112.55176544189453,6.3991773891448975,620,13.701631546020508,0.0003,1,a2c_lr_opt_seed1,-0.741641640663147,28.8881778717041,0.8153538107872009,-1.356677770614624,47.56949996948242
2025,-180.6220703125,4.469072256088257,451,152.2934112548828,0.0003,1,a2c_lr_opt_seed1,0.6347925066947937,303.3187255859375,0.7518600821495056,-2.1400303840637207,184.10806274414062
2026,87.32027435302734,8.558067770004273,1001,12.930896759033203,0.0003,1,a2c_lr_opt_seed1,1.0625622272491455,23.738323211669922,0.8268973231315613,1.1449754238128662,43.16669464111328
2026,87.32027435302734,8.558067770004273,1001,16.372398376464844,0.0003,1,a2c_lr_opt_seed1,0.28315308690071106,32.17999267578125,0.7509198784828186,1.1439454555511475,49.60810470581055
2026,87.32027435302734,8.558067770004273,1001,6.795326232910156,0.0003,1,a2c_lr_opt_seed1,0.4056984782218933,12.78074836730957,0.7460334300994873,0.7134809494018555,27.414743423461914
2028,122.94066619873047,13.263609609603883,740,270.9886474609375,0.0003,1,a2c_lr_opt_seed1,-0.7047284841537476,543.38818359375,0.715935468673706,2.8090810775756836,151.47340393066406
2028,122.94066619873047,13.263609609603883,740,15.41618537902832,0.0003,1,a2c_lr_opt_seed1,1.1576370000839233,28.518815994262695,0.8597325086593628,1.774382472038269,61.5251579284668
2029,77.37648010253906,12.423934316635131,1001,4.47902774810791,0.0003,1,a2c_lr_opt_seed1,0.13313782215118408,8.693284034729004,0.7518407106399536,0.4478442668914795,18.184375762939453
2030,125.95365905761719,12.028386220932006,574,124.93982696533203,0.0003,1,a2c_lr_opt_seed1,-0.228978231549263,250.3391876220703,0.7852689027786255,2.657484769821167,127.44324493408203
2030,125.95365905761719,12.028386220932006,574,19.148488998413086,0.0003,1,a2c_lr_opt_seed1,0.3653999865055084,37.56767272949219,0.7485436797142029,0.5507976412773132,21.02142333984375
2030,125.95365905761719,12.028386220932006,574,3.3431081771850586,0.0003,1,a2c_lr_opt_seed1,-0.8388171195983887,8.36555290222168,0.8511902093887329,-1.0154948234558105,46.093910217285156
2030,125.95365905761719,12.028386220932006,574,3.4652979373931885,0.0003,1,a2c_lr_opt_seed1,-0.06129741296172142,7.054893970489502,0.8516362309455872,0.10122394561767578,9.576775550842285
2030,125.95365905761719,12.028386220932006,574,2.8396856784820557,0.0003,1,a2c_lr_opt_seed1,-0.13119421899318695,5.943371772766113,0.8061187863349915,-0.3429235816001892,18.241899490356445
2031,-179.09996032714844,12.011130666732788,620,208.63076782226562,0.0003,1,a2c_lr_opt_seed1,-2.118351697921753,421.4997863769531,0.7708675265312195,-7.273748397827148,314.2847595214844
2032,-48.13312911987305,11.279178838729859,212,91.21277618408203,0.0003,1,a2c_lr_opt_seed1,-3.227309465408325,188.88194274902344,0.8823578953742981,-4.238306999206543,179.8994598388672
2033,-68.95713806152344,10.998449392318726,241,68.92156219482422,0.0003,1,a2c_lr_opt_seed1,-2.685971260070801,143.21669006347656,0.8060475587844849,-2.885883331298828,105.5107421875
2034,-72.7451171875,6.279607229232788,346,60.672481536865234,0.0003,1,a2c_lr_opt_seed1,-1.876610517501831,125.09983825683594,0.8271462917327881,-1.3964624404907227,66.926025390625
2034,-72.7451171875,6.279607229232788,346,6.71630334854126,0.0003,1,a2c_lr_opt_seed1,-0.7897314429283142,15.013618469238281,0.7745047211647034,-0.27084478735923767,25.583688735961914
2034,-72.7451171875,6.279607229232788,346,6.411586761474609,0.0003,1,a2c_lr_opt_seed1,-0.71442049741745,14.253501892089844,0.7440378069877625,0.01322128251194954,28.822649002075195
2035,-84.0052490234375,2.775122671127319,453,165.26605224609375,0.0003,1,a2c_lr_opt_seed1,0.157146155834198,330.2189636230469,0.581916332244873,-3.1541168689727783,169.2672119140625
2036,145.85031127929688,6.093472738265991,623,170.84173583984375,0.0003,1,a2c_lr_opt_seed1,0.17667491734027863,341.331298828125,0.5883216857910156,6.285460472106934,251.2254180908203
2036,145.85031127929688,6.093472738265991,623,9.315081596374512,0.0003,1,a2c_lr_opt_seed1,-0.5117366313934326,19.655052185058594,0.707240879535675,-0.0003324747085571289,27.732702255249023
2037,140.71737670898438,6.425156850814819,634,155.49490356445312,0.0003,1,a2c_lr_opt_seed1,-0.21566778421401978,311.42266845703125,0.7664117813110352,4.207793235778809,181.44607543945312
2037,140.71737670898438,6.425156850814819,634,1.9610580205917358,0.0003,1,a2c_lr_opt_seed1,-0.07581652700901031,4.075388431549072,0.8197260499000549,0.15727216005325317,9.027093887329102
2037,140.71737670898438,6.425156850814819,634,3.7466728687286377,0.0003,1,a2c_lr_opt_seed1,-1.1938743591308594,9.882777214050293,0.8414433002471924,-1.0533274412155151,39.152645111083984
2038,102.22080993652344,6.694112691879273,1001,3.337660312652588,0.0003,1,a2c_lr_opt_seed1,-1.1203066110610962,8.917701721191406,0.8839418292045593,-1.185563087463379,32.12814712524414
2038,102.22080993652344,6.694112691879273,1001,2.1247875690460205,0.0003,1,a2c_lr_opt_seed1,-0.9307044148445129,6.112699031829834,0.8576023578643799,-0.8243252038955688,28.90372657775879
2038,102.22080993652344,6.694112691879273,1001,27.35939598083496,0.0003,1,a2c_lr_opt_seed1,-0.10677386820316315,54.933929443359375,0.7950357794761658,0.6044619679450989,34.542694091796875
2038,102.22080993652344,6.694112691879273,1001,6.128275394439697,0.0003,1,a2c_lr_opt_seed1,-0.9133972525596619,14.084851264953613,0.7528848052024841,-1.049619197845459,37.817413330078125
2038,102.22080993652344,6.694112691879273,1001,3.934539318084717,0.0003,1,a2c_lr_opt_seed1,0.22735631465911865,7.415777206420898,0.7057133316993713,0.37709829211235046,18.27545738220215
2040,-107.96328735351562,6.519794607162476,501,306.0824279785156,0.0003,1,a2c_lr_opt_seed1,-1.5488159656524658,615.2637939453125,0.6447629332542419,-3.908571481704712,202.14173889160156
2040,-107.96328735351562,6.519794607162476,501,4.925407409667969,0.0003,1,a2c_lr_opt_seed1,0.44438275694847107,8.963623046875,0.7868126630783081,0.1423279047012329,20.637296676635742
2040,-107.96328735351562,6.519794607162476,501,2.240936040878296,0.0003,1,a2c_lr_opt_seed1,-0.6072179079055786,5.697829723358154,0.7608100771903992,-0.5656023025512695,23.516687393188477
2041,127.3294906616211,7.370449666976929,602,172.3890380859375,0.0003,1,a2c_lr_opt_seed1,1.4691811800003052,341.8412170410156,0.7453047037124634,6.999293327331543,216.71554565429688
2041,127.3294906616211,7.370449666976929,602,2.9902093410491943,0.0003,1,a2c_lr_opt_seed1,-0.43663445115089417,6.855035305023193,0.6736639738082886,-0.12341645359992981,19.35809898376465
2041,127.3294906616211,7.370449666976929,602,3.2318265438079834,0.0003,1,a2c_lr_opt_seed1,0.7126173973083496,5.039990425109863,0.7860913276672363,0.9904847741127014,30.218101501464844
2043,-130.8507537841797,3.400455312728882,534,112.94612884521484,0.0003,1,a2c_lr_opt_seed1,-1.6178226470947266,229.1295166015625,0.8086563944816589,-0.7305425405502319,66.79026794433594
2043,-130.8507537841797,3.400455312728882,534,6.640627384185791,0.0003,1,a2c_lr_opt_seed1,0.5210474729537964,12.240825653076172,0.8330406546592712,1.0209068059921265,49.064537048339844
2043,-130.8507537841797,3.400455312728882,534,3.083998441696167,0.0003,1,a2c_lr_opt_seed1,-1.197389006614685,8.564567565917969,0.8961625099182129,-1.3829491138458252,45.63254165649414
2043,-130.8507537841797,3.400455312728882,534,5.43455171585083,0.0003,1,a2c_lr_opt_seed1,0.06359445303678513,10.743704795837402,0.895191490650177,0.2839520275592804,23.722929000854492
2043,-130.8507537841797,3.400455312728882,534,48.42643356323242,0.0003,1,a2c_lr_opt_seed1,-0.22823309898376465,97.31097412109375,0.8189553022384644,-1.7247986793518066,92.48345947265625
2045,-67.74263000488281,-6.44045578956604,356,177.91314697265625,0.0003,1,a2c_lr_opt_seed1,-2.0476465225219727,359.9231872558594,0.7979658842086792,-4.515161037445068,211.59100341796875
2045,-67.74263000488281,-6.44045578956604,356,15.352011680603027,0.0003,1,a2c_lr_opt_seed1,0.8946332931518555,28.91643524169922,0.8389447331428528,1.5839602947235107,50.22511672973633
2045,-67.74263000488281,-6.44045578956604,356,2.816929817199707,0.0003,1,a2c_lr_opt_seed1,0.05588098615407944,5.523930549621582,0.9164348840713501,0.24693895876407623,15.220466613769531
2045,-67.74263000488281,-6.44045578956604,356,2.1277270317077637,0.0003,1,a2c_lr_opt_seed1,-0.2766351103782654,4.810539245605469,0.9074111580848694,-0.2349996417760849,9.749404907226562
2045,-67.74263000488281,-6.44045578956604,356,2.741377115249634,0.0003,1,a2c_lr_opt_seed1,0.3486970067024231,4.78706693649292,0.8534018993377686,0.4592890739440918,19.192705154418945
2045,-67.74263000488281,-6.44045578956604,356,2.5003647804260254,0.0003,1,a2c_lr_opt_seed1,-0.27280110120773315,5.548088550567627,0.8783762454986572,-0.24612119793891907,13.0338134765625
2045,-67.74263000488281,-6.44045578956604,356,3.0092267990112305,0.0003,1,a2c_lr_opt_seed1,-0.8223758935928345,7.664992332458496,0.8934851884841919,-0.6989077925682068,30.466629028320312
2045,-67.74263000488281,-6.44045578956604,356,11.990159034729004,0.0003,1,a2c_lr_opt_seed1,0.8055976033210754,22.370635986328125,0.7558702230453491,1.4808565378189087,41.86835479736328
2045,-67.74263000488281,-6.44045578956604,356,14.070646286010742,0.0003,1,a2c_lr_opt_seed1,1.5710047483444214,25.0008487701416,0.7834165096282959,1.9462207555770874,60.87321472167969
2047,97.02521514892578,-3.257328805923462,911,351.6244812011719,0.0003,1,a2c_lr_opt_seed1,-0.07195234298706055,703.3942260742188,0.6797577738761902,0.40650326013565063,253.7092742919922
2047,97.02521514892578,-3.257328805923462,911,3.3321950435638428,0.0003,1,a2c_lr_opt_seed1,-0.06597206741571426,6.7980265617370605,0.8461331725120544,0.16735218465328217,21.666975021362305
2047,97.02521514892578,-3.257328805923462,911,4.515615463256836,0.0003,1,a2c_lr_opt_seed1,0.6317915916442871,7.7693305015563965,0.8410512804985046,0.9326440691947937,40.64957809448242
2047,97.02521514892578,-3.257328805923462,911,3.1565005779266357,0.0003,1,a2c_lr_opt_seed1,0.19612285494804382,5.922524929046631,0.8846802711486816,0.40810760855674744,16.021114349365234
2047,97.02521514892578,-3.257328805923462,911,0.719896674156189,0.0003,1,a2c_lr_opt_seed1,-0.7288798689842224,2.8992698192596436,0.8583484292030334,-0.6238773465156555,17.291671752929688
2047,97.02521514892578,-3.257328805923462,911,2.970003128051758,0.0003,1,a2c_lr_opt_seed1,0.7106601595878601,4.520425796508789,0.8700867295265198,0.8229159712791443,23.616655349731445
2047,97.02521514892578,-3.257328805923462,911,35.02726745605469,0.0003,1,a2c_lr_opt_seed1,1.8020838499069214,66.45207977294922,0.8544202446937561,1.2005795240402222,52.661537170410156
2049,-84.60377502441406,-0.738434534072876,515,127.67632293701172,0.0003,1,a2c_lr_opt_seed1,-0.061949726194143295,255.4780731201172,0.7650773525238037,-1.5024497509002686,117.07662200927734
2049,-84.60377502441406,-0.738434534072876,515,8.206987380981445,0.0003,1,a2c_lr_opt_seed1,-0.1387084573507309,16.692840576171875,0.7249400019645691,0.5831210017204285,25.181964874267578
2050,151.2557373046875,3.161168279647827,750,158.67373657226562,0.0003,1,a2c_lr_opt_seed1,0.21236355602741241,316.92437744140625,0.8043628334999084,5.215018272399902,199.0102996826172
2050,151.2557373046875,3.161168279647827,750,3.1056711673736572,0.0003,1,a2c_lr_opt_seed1,-0.23969218134880066,6.6924638748168945,0.8685257434844971,-0.24608007073402405,22.46554946899414
2050,151.2557373046875,3.161168279647827,750,3.2435576915740967,0.0003,1,a2c_lr_opt_seed1,-0.9509388208389282,8.390761375427246,0.8842264413833618,-1.4444911479949951,43.95438003540039
2051,-49.79869079589844,4.740913457870484,1001,15.147451400756836,0.0003,1,a2c_lr_opt_seed1,1.1291968822479248,28.038227081298828,0.8589041829109192,1.0298734903335571,31.566862106323242
2051,-49.79869079589844,4.740913457870484,1001,2.5590176582336426,0.0003,1,a2c_lr_opt_seed1,-0.3558600842952728,5.8315300941467285,0.8873513340950012,-0.15170440077781677,12.684250831604004
2052,-92.59071350097656,1.3885472774505616,1001,25.849016189575195,0.0003,1,a2c_lr_opt_seed1,1.7617111206054688,48.17629623413086,0.8425716161727905,2.02646541595459,80.37701416015625
2052,-92.59071350097656,1.3885472774505616,1001,1.5639047622680664,0.0003,1,a2c_lr_opt_seed1,-0.37831464409828186,3.886172294616699,0.8667881488800049,-0.37950605154037476,15.236129760742188
2052,-92.59071350097656,1.3885472774505616,1001,2.3875420093536377,0.0003,1,a2c_lr_opt_seed1,-1.2513980865478516,7.279693603515625,0.9066327214241028,-1.3829671144485474,45.62545394897461
2052,-92.59071350097656,1.3885472774505616,1001,1.8710740804672241,0.0003,1,a2c_lr_opt_seed1,-0.2139175981283188,4.171688079833984,0.8523862361907959,-0.0748574286699295,13.342443466186523
2052,-92.59071350097656,1.3885472774505616,1001,1.0926285982131958,0.0003,1,a2c_lr_opt_seed1,-0.7104190587997437,3.607778549194336,0.8416715264320374,-0.848312497138977,23.13209342956543
2052,-92.59071350097656,1.3885472774505616,1001,6.80870246887207,0.0003,1,a2c_lr_opt_seed1,1.090543508529663,11.43802261352539,0.8526384234428406,1.1853904724121094,37.913230895996094
2053,-100.75179290771484,0.6827255916595459,632,142.76483154296875,0.0003,1,a2c_lr_opt_seed1,-0.46819007396698,286.46771240234375,0.831836998462677,-4.278280735015869,167.62574768066406
2054,-65.31437683105469,-3.52172905921936,290,66.61164093017578,0.0003,1,a2c_lr_opt_seed1,-1.3396772146224976,135.90431213378906,0.8389003276824951,-1.4495588541030884,61.5800666809082
2056,-130.10702514648438,-9.475760278701783,497,106.79762268066406,0.0003,1,a2c_lr_opt_seed1,-2.5486297607421875,218.69418334960938,0.8401729464530945,-2.4881999492645264,139.13905334472656
2056,-130.10702514648438,-9.475760278701783,497,28.168970108032227,0.0003,1,a2c_lr_opt_seed1,0.6417856216430664,55.05606460571289,0.8493685722351074,2.6906683444976807,87.42444610595703
2056,-130.10702514648438,-9.475760278701783,497,28.128572463989258,0.0003,1,a2c_lr_opt_seed1,1.2802081108093262,53.698081970214844,0.6767499446868896,2.0454795360565186,53.699588775634766
2056,-130.10702514648438,-9.475760278701783,497,23.008541107177734,0.0003,1,a2c_lr_opt_seed1,-1.4486509561538696,48.91567611694336,0.6460564136505127,-2.289761543273926,70.82323455810547
2058,-77.98858642578125,-6.880389947891235,359,135.76441955566406,0.0003,1,a2c_lr_opt_seed1,-0.8968545794487,273.32391357421875,0.6872071623802185,-0.8068199753761292,69.20527648925781
2058,-77.98858642578125,-6.880389947891235,359,3.6653172969818115,0.0003,1,a2c_lr_opt_seed1,0.3116523325443268,6.708812713623047,0.7415909171104431,0.4520890712738037,24.395084381103516
2059,-54.424659729003906,-6.844606485366821,221,63.53080749511719,0.0003,1,a2c_lr_opt_seed1,-1.621656894683838,130.3064727783203,0.7693325281143188,-1.3560295104980469,71.9590072631836
2059,-54.424659729003906,-6.844606485366821,221,0.8139849305152893,0.0003,1,a2c_lr_opt_seed1,-0.49320468306541443,2.616010904312134,0.8157914280891418,-0.5096120238304138,17.147205352783203
2059,-54.424659729003906,-6.844606485366821,221,1.9419200420379639,0.0003,1,a2c_lr_opt_seed1,-0.20233014225959778,4.2900614738464355,0.7805904746055603,-0.09413884580135345,7.231473922729492
2059,-54.424659729003906,-6.844606485366821,221,3.140812397003174,0.0003,1,a2c_lr_opt_seed1,-0.8891206979751587,8.061360359191895,0.7471700310707092,-0.8876467347145081,41.649559020996094
2060,-80.8414535522461,-7.215548410415649,194,89.76974487304688,0.0003,1,a2c_lr_opt_seed1,-1.6404924392700195,182.8219757080078,0.746757984161377,-1.5066406726837158,98.36808013916016
2060,-80.8414535522461,-7.215548410415649,194,27.25897216796875,0.0003,1,a2c_lr_opt_seed1,2.244697093963623,50.030120849609375,0.785822868347168,2.7866289615631104,74.73763275146484
2060,-80.8414535522461,-7.215548410415649,194,1.9556413888931274,0.0003,1,a2c_lr_opt_seed1,-0.5581873655319214,5.029270172119141,0.8063235282897949,-0.41891491413116455,15.659737586975098
2060,-80.8414535522461,-7.215548410415649,194,27.443832397460938,0.0003,1,a2c_lr_opt_seed1,1.5536214113235474,51.7820930480957,0.834684431552887,2.4422547817230225,67.38091278076172
2060,-80.8414535522461,-7.215548410415649,194,0.718889594078064,0.0003,1,a2c_lr_opt_seed1,-0.23717094957828522,1.913766622543335,0.8227946758270264,-0.1904168725013733,6.7679972648620605
2060,-80.8414535522461,-7.215548410415649,194,1.8741074800491333,0.0003,1,a2c_lr_opt_seed1,0.04856597259640694,3.6526827812194824,0.7998761534690857,-0.16274765133857727,18.20066261291504
2062,-129.21144104003906,-5.59814492225647,523,142.55917358398438,0.0003,1,a2c_lr_opt_seed1,-2.742760419845581,290.6053771972656,0.7546824812889099,-4.796544075012207,203.93736267089844
2063,-70.63780975341797,-7.903065729141235,223,77.04122161865234,0.0003,1,a2c_lr_opt_seed1,0.15865440666675568,153.76658630371094,0.7282353043556213,-0.3547745943069458,63.243106842041016
2064,79.9827651977539,-6.891361589431763,1001,3.8620731830596924,0.0003,1,a2c_lr_opt_seed1,-0.3819639980792999,8.48958683013916,0.7562803626060486,-0.3585940897464752,18.176610946655273
2064,79.9827651977539,-6.891361589431763,1001,22.003612518310547,0.0003,1,a2c_lr_opt_seed1,1.6782739162445068,40.652225494384766,0.7734435796737671,1.7618811130523682,49.29894256591797
2064,79.9827651977539,-6.891361589431763,1001,3.514707326889038,0.0003,1,a2c_lr_opt_seed1,0.12164196372032166,6.787642002105713,0.7555861473083496,0.3503294587135315,21.27834701538086
2064,79.9827651977539,-6.891361589431763,1001,2.8187482357025146,0.0003,1,a2c_lr_opt_seed1,-0.6340562105178833,6.907258987426758,0.8251399397850037,-0.46635088324546814,23.333080291748047
2065,-82.76007080078125,-7.289166383743286,170,102.86689758300781,0.0003,1,a2c_lr_opt_seed1,-4.327747344970703,214.3907470703125,0.732130765914917,-5.026219844818115,190.3125762939453
2066,-64.86451721191406,-10.43183072090149,212,69.78711700439453,0.0003,1,a2c_lr_opt_seed1,-2.347268581390381,144.270263671875,0.74989914894104,-1.77130925655365,94.4718017578125
2066,-64.86451721191406,-10.43183072090149,212,2.4254324436187744,0.0003,1,a2c_lr_opt_seed1,0.48912450671195984,3.8741848468780518,0.7843741178512573,0.518010675907135,28.122615814208984
2066,-64.86451721191406,-10.43183072090149,212,14.180723190307617,0.0003,1,a2c_lr_opt_seed1,1.2970695495605469,25.768909454345703,0.8015349507331848,1.6221494674682617,48.20641326904297
2066,-64.86451721191406,-10.43183072090149,212,13.835738182067871,0.0003,1,a2c_lr_opt_seed1,-0.3787344992160797,28.430450439453125,0.75282222032547,-0.8490307927131653,38.3427734375
2067,-74.29290771484375,-13.872401552200317,326,62.30460739135742,0.0003,1,a2c_lr_opt_seed1,-0.22457586228847504,125.05990600585938,0.7719938158988953,-0.9306174516677856,45.784523010253906
2067,-74.29290771484375,-13.872401552200317,326,0.8632093071937561,0.0003,1,a2c_lr_opt_seed1,0.07815715670585632,1.5717086791992188,0.8022193908691406,0.25153878331184387,11.50838851928711
2068,67.92350769042969,-11.326515398025514,1001,2.3110694885253906,0.0003,1,a2c_lr_opt_seed1,0.3975495994091034,3.8286495208740234,0.8048561215400696,0.5999066829681396,21.072261810302734
2068,67.92350769042969,-11.326515398025514,1001,1.0601065158843994,0.0003,1,a2c_lr_opt_seed1,0.03117404505610466,2.0595364570617676,0.8357799053192139,0.25483420491218567,9.595481872558594
2069,109.70655822753906,-6.647976427078247,1001,2.099468946456909,0.0003,1,a2c_lr_opt_seed1,-0.8897517323493958,5.980036735534668,0.7976956367492676,-0.8172737956047058,28.382164001464844
2069,109.70655822753906,-6.647976427078247,1001,12.553993225097656,0.0003,1,a2c_lr_opt_seed1,1.0674930810928345,22.9744930267334,0.7467864155769348,2.0137927532196045,59.76543045043945
2069,109.70655822753906,-6.647976427078247,1001,2.1730480194091797,0.0003,1,a2c_lr_opt_seed1,0.17720720171928406,3.9931743144989014,0.7461442351341248,0.3781069815158844,19.151657104492188
2070,193.0775146484375,-1.1908676624298096,496,183.30282592773438,0.0003,1,a2c_lr_opt_seed1,2.158250570297241,362.2906494140625,0.7520856857299805,6.175726413726807,194.62867736816406
2071,87.485107421875,2.409267072677612,1001,18.06117057800293,0.0003,1,a2c_lr_opt_seed1,1.34044349193573,33.4430046081543,0.7742745876312256,2.1744329929351807,64.8072738647461
2071,87.485107421875,2.409267072677612,1001,3.5882444381713867,0.0003,1,a2c_lr_opt_seed1,-0.44536834955215454,8.068782806396484,0.778712809085846,-0.43460002541542053,28.4826717376709
2072,87.31329345703125,4.240441589355469,1001,11.972123146057129,0.0003,1,a2c_lr_opt_seed1,1.1771727800369263,21.591445922851562,0.7724092602729797,1.6934232711791992,58.887123107910156
2072,87.31329345703125,4.240441589355469,1001,1.4620778560638428,0.0003,1,a2c_lr_opt_seed1,-0.6024114489555359,4.13063907623291,0.8301618695259094,-0.5815896987915039,18.917091369628906
2072,87.31329345703125,4.240441589355469,1001,17.16629409790039,0.0003,1,a2c_lr_opt_seed1,0.3889886438846588,33.55620574951172,0.7974592447280884,1.133760690689087,31.769187927246094
2072,87.31329345703125,4.240441589355469,1001,2.030501127243042,0.0003,1,a2c_lr_opt_seed1,-0.13701319694519043,4.33657693862915,0.7740373015403748,-0.01709112524986267,11.48086166381836
2072,87.31329345703125,4.240441589355469,1001,4.235237121582031,0.0003,1,a2c_lr_opt_seed1,-1.1321792602539062,10.736324310302734,0.7457916736602783,-1.090624213218689,46.55706024169922
2072,87.31329345703125,4.240441589355469,1001,23.303022384643555,0.0003,1,a2c_lr_opt_seed1,1.1595770120620728,44.288326263427734,0.7162694334983826,1.3728481531143188,39.62257385253906
2072,87.31329345703125,4.240441589355469,1001,2.4509825706481934,0.0003,1,a2c_lr_opt_seed1,-0.12366018444299698,5.1508378982543945,0.7763300538063049,0.026639381423592567,10.947487831115723
2073,-91.84323120117188,-0.9355990600585937,334,85.05857849121094,0.0003,1,a2c_lr_opt_seed1,-2.8055291175842285,175.729736328125,0.762748122215271,-3.3231353759765625,154.9445037841797
2073,-91.84323120117188,-0.9355990600585937,334,0.6097320914268494,0.0003,1,a2c_lr_opt_seed1,-0.20742744207382202,1.6357603073120117,0.7206095457077026,-0.2775203585624695,10.161160469055176
2073,-91.84323120117188,-0.9355990600585937,334,1.5335701704025269,0.0003,1,a2c_lr_opt_seed1,0.33318018913269043,2.4022490978240967,0.7345386743545532,0.4050595164299011,12.80593490600586
2073,-91.84323120117188,-0.9355990600585937,334,1.4682937860488892,0.0003,1,a2c_lr_opt_seed1,0.2520521581172943,2.4339635372161865,0.7401180267333984,0.35055026412010193,11.062893867492676
2073,-91.84323120117188,-0.9355990600585937,334,0.779687762260437,0.0003,1,a2c_lr_opt_seed1,-0.2693764269351959,2.09964656829834,0.7591081261634827,-0.32432880997657776,16.656343460083008
2074,-47.597068786621094,-4.138575744628906,453,168.56175231933594,0.0003,1,a2c_lr_opt_seed1,-0.5356542468070984,338.1960754394531,0.6241514682769775,-3.0213308334350586,133.0723419189453
2074,-47.597068786621094,-4.138575744628906,453,4.1371235847473145,0.0003,1,a2c_lr_opt_seed1,-1.257468819618225,10.790437698364258,0.6266619563102722,-1.041133165359497,45.77106475830078
2074,-47.597068786621094,-4.138575744628906,453,1.7107144594192505,0.0003,1,a2c_lr_opt_seed1,0.03490201756358147,3.3528552055358887,0.6150780320167542,0.417530357837677,18.20895767211914
2076,125.20999145507812,-1.086188507080078,656,271.7640686035156,0.0003,1,a2c_lr_opt_seed1,-2.616492509841919,548.7623901367188,0.645879864692688,2.4794089794158936,197.92486572265625
2077,97.66384887695312,2.585312805175781,1001,2.291649341583252,0.0003,1,a2c_lr_opt_seed1,-0.12571981549263,4.836126804351807,0.6942825317382812,0.19602781534194946,18.175304412841797
2078,55.48399353027344,1.2361793518066406,1001,8.285820960998535,0.0003,1,a2c_lr_opt_seed1,0.14183592796325684,16.289411544799805,0.721265971660614,0.5985462665557861,38.87540817260742
2078,55.48399353027344,1.2361793518066406,1001,3.455334186553955,0.0003,1,a2c_lr_opt_seed1,-0.2950369119644165,7.502152442932129,0.7051598429679871,0.024538636207580566,21.694541931152344
2078,55.48399353027344,1.2361793518066406,1001,3.862999677658081,0.0003,1,a2c_lr_opt_seed1,-0.3806460499763489,8.488637924194336,0.6733707189559937,-0.20602233707904816,18.702280044555664
2079,103.93202209472656,1.7672901916503907,651,195.0313720703125,0.0003,1,a2c_lr_opt_seed1,0.19808891415596008,389.6679382324219,0.6851224899291992,5.954220771789551,235.01507568359375
2080,90.99063873291016,1.06802978515625,1001,5.629776477813721,0.0003,1,a2c_lr_opt_seed1,0.020037800073623657,11.221075057983398,0.7985272407531738,0.1723281443119049,19.9102783203125
2080,90.99063873291016,1.06802978515625,1001,1.8621644973754883,0.0003,1,a2c_lr_opt_seed1,-0.3923470973968506,4.510731220245361,0.854049026966095,-0.3195911943912506,14.647191047668457
2080,90.99063873291016,1.06802978515625,1001,3.418163299560547,0.0003,1,a2c_lr_opt_seed1,-0.2828940153121948,7.403748512268066,0.8167413473129272,-0.22146821022033691,16.251747131347656
2081,77.56973266601562,6.201423645019531,1001,5.925527572631836,0.0003,1,a2c_lr_opt_seed1,-0.24833044409751892,12.349416732788086,0.8500590920448303,-0.06408050656318665,12.738898277282715
2082,-67.32595825195312,5.81756706237793,280,84.47311401367188,0.0003,1,a2c_lr_opt_seed1,-2.8183648586273193,174.58462524414062,0.8343591690063477,-2.399073362350464,102.55384826660156
2082,-67.32595825195312,5.81756706237793,280,7.142388820648193,0.0003,1,a2c_lr_opt_seed1,-0.3988443613052368,15.084118843078613,0.8265597224235535,-0.423251748085022,19.7243709564209
2083,-49.033294677734375,6.216043930053711,465,51.27350997924805,0.0003,1,a2c_lr_opt_seed1,-1.107577919960022,104.76390838623047,0.8648089170455933,-1.631504774093628,55.247676849365234
2083,-49.033294677734375,6.216043930053711,465,27.83414077758789,0.0003,1,a2c_lr_opt_seed1,2.259732484817505,51.15041732788086,0.8009058237075806,3.401726484298706,108.10183715820312
2083,-49.033294677734375,6.216043930053711,465,18.758512496948242,0.0003,1,a2c_lr_opt_seed1,0.5229208469390869,36.47276306152344,0.789181649684906,0.5428845286369324,24.245437622070312
2084,-109.130615234375,5.488333969116211,401,52.10231018066406,0.0003,1,a2c_lr_opt_seed1,-1.6899256706237793,107.58594512939453,0.7362446784973145,-0.5723027586936951,65.0392074584961
2085,-52.76863479614258,6.113066253662109,203,109.85868072509766,0.0003,1,a2c_lr_opt_seed1,-4.397739887237549,228.51443481445312,0.7927613258361816,-4.3122639656066895,227.34909057617188
2085,-52.76863479614258,6.113066253662109,203,4.840458869934082,0.0003,1,a2c_lr_opt_seed1,0.7703206539154053,8.14180850982666,0.7657676339149475,1.1463689804077148,37.85940170288086
2085,-52.76863479614258,6.113066253662109,203,42.92025375366211,0.0003,1,a2c_lr_opt_seed1,1.5677958726882935,82.70635223388672,0.7178508043289185,0.5360039472579956,26.501632690429688
2087,126.23214721679688,1.0504290771484375,624,248.26248168945312,0.0003,1,a2c_lr_opt_seed1,0.844445526599884,494.83746337890625,0.7021295428276062,5.286005020141602,275.5772399902344
2087,126.23214721679688,1.0504290771484375,624,7.241927623748779,0.0003,1,a2c_lr_opt_seed1,-0.618715763092041,15.722841262817383,0.7770766615867615,-0.20463258028030396,22.916486740112305
2087,126.23214721679688,1.0504290771484375,624,14.963362693786621,0.0003,1,a2c_lr_opt_seed1,0.24529218673706055,29.437580108642578,0.7197471261024475,0.6113713979721069,31.7598819732666
2088,-53.226661682128906,-2.0585203552246094,330,82.75337219238281,0.0003,1,a2c_lr_opt_seed1,-1.6931449174880981,168.89447021484375,0.7140445709228516,-2.998319149017334,105.33374786376953
2088,-53.226661682128906,-2.0585203552246094,330,39.21717834472656,0.0003,1,a2c_lr_opt_seed1,2.4469499588012695,73.54188537597656,0.7142789363861084,3.543210744857788,111.45848083496094
2088,-53.226661682128906,-2.0585203552246094,330,4.319404125213623,0.0003,1,a2c_lr_opt_seed1,0.5000509023666382,7.640208721160889,0.751010000705719,0.8970586657524109,35.204925537109375
2088,-53.226661682128906,-2.0585203552246094,330,1.8791056871414185,0.0003,1,a2c_lr_opt_seed1,0.07048168033361435,3.618838310241699,0.7951772212982178,0.3412376046180725,14.7427978515625
2088,-53.226661682128906,-2.0585203552246094,330,5.082612037658691,0.0003,1,a2c_lr_opt_seed1,-0.9410650730133057,12.048868179321289,0.7571040391921997,-1.0714086294174194,36.535545349121094
2088,-53.226661682128906,-2.0585203552246094,330,7.796565055847168,0.0003,1,a2c_lr_opt_seed1,0.07268363237380981,15.449273109436035,0.7552561163902283,0.06716620922088623,26.059043884277344
2089,-78.17864227294922,-6.119457092285156,424,68.38384246826172,0.0003,1,a2c_lr_opt_seed1,-2.3114781379699707,141.39207458496094,0.7208971977233887,-2.5817813873291016,107.5087890625
2089,-78.17864227294922,-6.119457092285156,424,2.444903612136841,0.0003,1,a2c_lr_opt_seed1,-0.2887706756591797,5.468838214874268,0.7448170781135559,-0.15763404965400696,17.051061630249023
2089,-78.17864227294922,-6.119457092285156,424,3.247044324874878,0.0003,1,a2c_lr_opt_seed1,0.1988893300294876,6.097853183746338,0.771577775478363,0.5426137447357178,17.640316009521484
2090,45.31512451171875,-3.053888854980469,1001,12.776363372802734,0.0003,1,a2c_lr_opt_seed1,0.0805618166923523,25.393115997314453,0.7564767599105835,0.17017997801303864,26.490222930908203
2090,45.31512451171875,-3.053888854980469,1001,68.88435363769531,0.0003,1,a2c_lr_opt_seed1,-2.8361165523529053,143.44239807128906,0.7286812663078308,-2.65390682220459,94.62164306640625
2092,107.24480438232422,-9.158350830078126,469,293.1041259765625,0.0003,1,a2c_lr_opt_seed1,-0.14428260922431946,586.498046875,0.6047747135162354,4.411228179931641,231.95916748046875
2092,107.24480438232422,-9.158350830078126,469,3.4924755096435547,0.0003,1,a2c_lr_opt_seed1,0.34451982378959656,6.297354698181152,0.721732497215271,1.0493972301483154,39.294639587402344
2092,107.24480438232422,-9.158350830078126,469,2.4098997116088867,0.0003,1,a2c_lr_opt_seed1,0.24880574643611908,4.323533535003662,0.6727643013000488,0.7017725110054016,21.97951316833496
2093,134.7203369140625,-3.846929016113281,514,53.64494705200195,0.0003,1,a2c_lr_opt_seed1,0.46815112233161926,106.35514831542969,0.7789694666862488,1.794674038887024,63.67097473144531
2094,95.32201385498047,1.0206202697753906,1001,14.171175956726074,0.0003,1,a2c_lr_opt_seed1,0.9330993890762329,26.477895736694336,0.8715879917144775,1.2398872375488281,35.39215850830078
2094,95.32201385498047,1.0206202697753906,1001,9.5730619430542,0.0003,1,a2c_lr_opt_seed1,-0.6515940427780151,20.45074462890625,0.7157707214355469,0.06361481547355652,36.84469985961914
2094,95.32201385498047,1.0206202697753906,1001,1.848652720451355,0.0003,1,a2c_lr_opt_seed1,-0.288998007774353,4.276824951171875,0.761703610420227,0.02645733952522278,18.063018798828125
2096,171.14364624023438,9.167598342895507,582,159.8337860107422,0.0003,1,a2c_lr_opt_seed1,-0.6346518993377686,320.9384460449219,0.7727486491203308,4.057649612426758,201.79351806640625
2096,171.14364624023438,9.167598342895507,582,2.6374459266662598,0.0003,1,a2c_lr_opt_seed1,-0.7068456411361694,6.69024658203125,0.831612765789032,-0.6778212785720825,27.345123291015625
2098,-68.73262023925781,2.920681381225586,222,303.7483215332031,0.0003,1,a2c_lr_opt_seed1,-7.294642925262451,622.0875244140625,0.8017666339874268,-10.34164810180664,364.5711364746094
2098,-68.73262023925781,2.920681381225586,222,13.439628601074219,0.0003,1,a2c_lr_opt_seed1,-0.17775268852710724,27.236478805541992,0.8584016561508179,-0.2736629843711853,31.987163543701172
2098,-68.73262023925781,2.920681381225586,222,1.6469415426254272,0.0003,1,a2c_lr_opt_seed1,-0.8176717758178711,4.931009292602539,0.8912881016731262,-0.7535110712051392,27.311870574951172
2098,-68.73262023925781,2.920681381225586,222,6.053441047668457,0.0003,1,a2c_lr_opt_seed1,0.6672113537788391,10.774182319641113,0.8615143895149231,0.9070819020271301,44.19904327392578
2098,-68.73262023925781,2.920681381225586,222,2.0273513793945312,0.0003,1,a2c_lr_opt_seed1,-0.5402979850769043,5.137059211730957,0.8802288770675659,-0.5310287475585938,26.042102813720703
2098,-68.73262023925781,2.920681381225586,222,4.015468120574951,0.0003,1,a2c_lr_opt_seed1,-0.834441065788269,9.701525688171387,0.8533669710159302,-0.9005522131919861,38.7043342590332
2098,-68.73262023925781,2.920681381225586,222,2.970132827758789,0.0003,1,a2c_lr_opt_seed1,0.05383619666099548,5.834288597106934,0.8476547598838806,0.2496403455734253,10.770875930786133
2098,-68.73262023925781,2.920681381225586,222,24.055265426635742,0.0003,1,a2c_lr_opt_seed1,0.2504575252532959,47.61138916015625,0.8866525292396545,0.7157394886016846,31.077129364013672
2098,-68.73262023925781,2.920681381225586,222,3.965529680252075,0.0003,1,a2c_lr_opt_seed1,-0.2639191150665283,8.460646629333496,0.8745113611221313,-0.1988673210144043,27.131439208984375
2099,-67.34332275390625,3.265890426635742,262,50.13039779663086,0.0003,1,a2c_lr_opt_seed1,0.3615891635417938,99.53924560546875,0.8107243180274963,0.7523573637008667,52.10036087036133
2099,-67.34332275390625,3.265890426635742,262,52.03322219848633,0.0003,1,a2c_lr_opt_seed1,-1.4906851053237915,107.04911041259766,0.6476601362228394,-1.1191983222961426,50.511295318603516
2100,-135.68019104003906,-2.4728281402587893,492,40.71366882324219,0.0003,1,a2c_lr_opt_seed1,-0.04976198077201843,81.52830505371094,0.7228599786758423,0.07951541244983673,38.06776428222656
2100,-135.68019104003906,-2.4728281402587893,492,2.0452916622161865,0.0003,1,a2c_lr_opt_seed1,-0.054690152406692505,4.201374053955078,0.705244779586792,0.09807887673377991,10.31716537475586
2101,92.80894470214844,0.37932456970214845,753,117.83377075195312,0.0003,1,a2c_lr_opt_seed1,-0.2919461131095886,236.2528839111328,0.7217580676078796,2.895872116088867,117.79621124267578
2101,92.80894470214844,0.37932456970214845,753,14.33720588684082,0.0003,1,a2c_lr_opt_seed1,1.8247029781341553,25.026716232299805,0.8551461696624756,1.6322342157363892,46.50790023803711
2102,-79.44163513183594,0.642306137084961,552,113.0525894165039,0.0003,1,a2c_lr_opt_seed1,-0.8843419551849365,227.87535095214844,0.7466714382171631,-2.4926486015319824,104.9401626586914
2102,-79.44163513183594,0.642306137084961,552,2.1415374279022217,0.0003,1,a2c_lr_opt_seed1,0.050797585397958755,4.183183193206787,0.8519001007080078,0.16211964190006256,15.113073348999023
2103,80.97630310058594,4.276868057250977,1001,3.704498767852783,0.0003,1,a2c_lr_opt_seed1,-0.4812983274459839,8.373295783996582,0.8506847023963928,-0.41835975646972656,12.970376968383789
2103,80.97630310058594,4.276868057250977,1001,33.22829818725586,0.0003,1,a2c_lr_opt_seed1,1.7878552675247192,62.88249588012695,0.8065518736839294,1.7398754358291626,53.706478118896484
2103,80.97630310058594,4.276868057250977,1001,1.4197157621383667,0.0003,1,a2c_lr_opt_seed1,-0.2288230061531067,3.2986860275268555,0.804317831993103,-0.32652047276496887,12.469159126281738
2103,80.97630310058594,4.276868057250977,1001,3.171250820159912,0.0003,1,a2c_lr_opt_seed1,-0.05839994549751282,6.461023330688477,0.8609697818756104,-0.061875343322753906,27.154399871826172
2103,80.97630310058594,4.276868057250977,1001,12.674710273742676,0.0003,1,a2c_lr_opt_seed1,-1.7063937187194824,28.763771057128906,0.7807978391647339,-2.3735196590423584,85.90030670166016
2104,-55.31083679199219,4.476938858032226,230,98.76641082763672,0.0003,1,a2c_lr_opt_seed1,-3.1117329597473145,203.75759887695312,0.6585215926170349,-2.6322693824768066,149.37783813476562
2105,75.54769134521484,4.411352767944336,1001,5.67565393447876,0.0003,1,a2c_lr_opt_seed1,-0.25884684920310974,11.87045955657959,0.7292696833610535,0.3347089886665344,25.555068969726562
2107,-105.83306884765625,4.348963088989258,442,385.4691467285156,0.0003,1,a2c_lr_opt_seed1,-1.0602467060089111,773.0601806640625,0.7145029902458191,-1.7586917877197266,252.44342041015625
2107,-105.83306884765625,4.348963088989258,442,4.45726203918457,0.0003,1,a2c_lr_opt_seed1,0.23422546684741974,8.447769165039062,0.847728431224823,0.38061898946762085,23.96592903137207
2107,-105.83306884765625,4.348963088989258,442,2.9436352252960205,0.0003,1,a2c_lr_opt_seed1,0.5142192840576172,4.860498428344727,0.8331576585769653,0.5872206091880798,24.583467483520508
2107,-105.83306884765625,4.348963088989258,442,4.259539604187012,0.0003,1,a2c_lr_opt_seed1,0.824009358882904,6.872756004333496,0.847888708114624,0.8900883197784424,36.14033889770508
2107,-105.83306884765625,4.348963088989258,442,2.913952112197876,0.0003,1,a2c_lr_opt_seed1,0.6441068053245544,4.5414886474609375,0.8991093635559082,0.6932084560394287,24.090412139892578
2108,29.70848846435547,6.502904586791992,1001,5.062803268432617,0.0003,1,a2c_lr_opt_seed1,-1.1917147636413574,12.510750770568848,0.8575513958930969,-1.3024177551269531,50.020721435546875
2108,29.70848846435547,6.502904586791992,1001,3.0100741386413574,0.0003,1,a2c_lr_opt_seed1,-1.0116310119628906,8.045183181762695,0.8863859176635742,-1.0660897493362427,43.265132904052734
2109,-63.152950286865234,6.328338775634766,220,86.05327606201172,0.0003,1,a2c_lr_opt_seed1,-5.882158279418945,183.8726348876953,0.8825232982635498,-4.9368414878845215,211.6811065673828
2109,-63.152950286865234,6.328338775634766,220,12.886772155761719,0.0003,1,a2c_lr_opt_seed1,2.344740152359009,21.085798263549805,0.8666191101074219,2.5619778633117676,77.00238800048828
2109,-63.152950286865234,6.328338775634766,220,5.856891632080078,0.0003,1,a2c_lr_opt_seed1,-0.752800464630127,13.221193313598633,0.9045752882957458,-0.6455800533294678,38.27973556518555
2110,-137.9033966064453,5.187099914550782,529,62.301876068115234,0.0003,1,a2c_lr_opt_seed1,-0.9225971698760986,126.45071411132812,0.8856873512268066,-1.2448530197143555,66.84876251220703
2110,-137.9033966064453,5.187099914550782,529,24.043107986450195,0.0003,1,a2c_lr_opt_seed1,1.16249680519104,45.76289367675781,0.8360711336135864,1.3421666622161865,38.81311798095703
2110,-137.9033966064453,5.187099914550782,529,4.132397174835205,0.0003,1,a2c_lr_opt_seed1,0.2831402122974396,7.7002272605896,0.8570787906646729,0.3372533321380615,19.692026138305664
2110,-137.9033966064453,5.187099914550782,529,4.17704963684082,0.0003,1,a2c_lr_opt_seed1,-0.29861563444137573,8.953067779541016,0.8688063025474548,-0.3665975034236908,21.13990592956543
2111,-129.5300750732422,1.4184912872314452,518,94.57656860351562,0.0003,1,a2c_lr_opt_seed1,-2.879988431930542,194.9149169921875,0.9006920456886292,-4.0203328132629395,161.32229614257812
2111,-129.5300750732422,1.4184912872314452,518,16.062583923339844,0.0003,1,a2c_lr_opt_seed1,-0.4674120545387268,33.06153106689453,0.7686771154403687,-0.7398548722267151,28.728628158569336
2112,46.5969123840332,4.934658355712891,1001,6.745232582092285,0.0003,1,a2c_lr_opt_seed1,-0.06501075625419617,13.621936798095703,0.7252750992774963,0.6128640174865723,30.704504013061523
2112,46.5969123840332,4.934658355712891,1001,39.73564910888672,0.0003,1,a2c_lr_opt_seed1,2.130732536315918,75.21135711669922,0.762604296207428,2.975212335586548,77.39131927490234
2113,101.96143341064453,8.386643218994141,931,154.6294403076172,0.0003,1,a2c_lr_opt_seed1,0.5792739987373352,308.10174560546875,0.709108293056488,5.364029407501221,181.58787536621094
2114,-77.01465606689453,5.246694793701172,156,99.29312133789062,0.0003,1,a2c_lr_opt_seed1,-3.1573052406311035,204.9025421142578,0.8441098928451538,-3.64192533493042,209.920654296875
2114,-77.01465606689453,5.246694793701172,156,2.9339706897735596,0.0003,1,a2c_lr_opt_seed1,-1.132777214050293,8.135037422180176,0.7706990242004395,-1.3410825729370117,41.03608703613281
2115,-155.5393524169922,3.791109161376953,490,49.946006774902344,0.0003,1,a2c_lr_opt_seed1,-1.1210949420928955,102.13569641113281,0.7484340667724609,-0.08831937611103058,54.969322204589844
2117,-35.111549377441406,4.211507873535156,476,205.4248809814453,0.0003,1,a2c_lr_opt_seed1,-3.5492069721221924,417.94964599609375,0.7276294231414795,-5.747454643249512,178.63645935058594
2117,-35.111549377441406,4.211507873535156,476,4.065965175628662,0.0003,1,a2c_lr_opt_seed1,0.6504351496696472,6.832526206970215,0.7329927682876587,0.6847931742668152,29.6021785736084
2117,-35.111549377441406,4.211507873535156,476,4.192951679229736,0.0003,1,a2c_lr_opt_seed1,0.9641463160514832,6.459176540374756,0.7828716039657593,1.261479377746582,60.4777717590332
2117,-35.111549377441406,4.211507873535156,476,4.005490303039551,0.0003,1,a2c_lr_opt_seed1,-0.03981888294219971,8.092164039611816,0.7729489803314209,-0.17864733934402466,26.36959457397461
2117,-35.111549377441406,4.211507873535156,476,2.5059733390808105,0.0003,1,a2c_lr_opt_seed1,-0.08010159432888031,5.17377233505249,0.8114038109779358,0.1604015827178955,9.789358139038086
2117,-35.111549377441406,4.211507873535156,476,1.8691198825836182,0.0003,1,a2c_lr_opt_seed1,-0.6993268728256226,5.138469219207764,0.7878779768943787,-0.6478099822998047,22.64507484436035
2117,-35.111549377441406,4.211507873535156,476,5.101269721984863,0.0003,1,a2c_lr_opt_seed1,-0.5180864334106445,11.240377426147461,0.8327786922454834,-0.21748411655426025,11.463394165039062
2117,-35.111549377441406,4.211507873535156,476,2.2090911865234375,0.0003,1,a2c_lr_opt_seed1,0.48283880949020386,3.454211711883545,0.8535254001617432,0.7829559445381165,28.459331512451172
2118,32.703731536865234,3.507112350463867,1001,5.217945575714111,0.0003,1,a2c_lr_opt_seed1,0.27105847001075745,9.895369529724121,0.7979078888893127,0.44721850752830505,14.967525482177734
2119,66.95366668701172,2.6520545196533205,1001,5.980742931365967,0.0003,1,a2c_lr_opt_seed1,0.09210668504238129,11.778849601745605,0.7887519598007202,0.5492511987686157,22.92792320251465
2119,66.95366668701172,2.6520545196533205,1001,20.418821334838867,0.0003,1,a2c_lr_opt_seed1,-0.12635448575019836,41.09194564819336,0.7981810569763184,-0.5518974661827087,41.58563232421875
2120,-100.74266815185547,-3.224349136352539,438,194.7235107421875,0.0003,1,a2c_lr_opt_seed1,2.8757784366607666,383.6968688964844,0.7047390937805176,1.3222858905792236,150.13995361328125
2120,-100.74266815185547,-3.224349136352539,438,13.246455192565918,0.0003,1,a2c_lr_opt_seed1,0.3041587471961975,25.886144638061523,0.7766330242156982,0.2798023223876953,24.775686264038086
2121,171.62033081054688,-1.5416446685791017,534,75.34790802001953,0.0003,1,a2c_lr_opt_seed1,0.9118970036506653,148.87362670898438,0.8006352186203003,1.0244181156158447,46.71940994262695
2121,171.62033081054688,-1.5416446685791017,534,8.072062492370605,0.0003,1,a2c_lr_opt_seed1,-0.6629157662391663,17.471410751342773,0.727165699005127,-0.09746605157852173,23.461021423339844
2121,171.62033081054688,-1.5416446685791017,534,19.09467124938965,0.0003,1,a2c_lr_opt_seed1,0.5397801399230957,37.111175537109375,0.695701539516449,1.0780302286148071,35.15160369873047
2122,179.6554412841797,0.30519828796386717,523,156.8065643310547,0.0003,1,a2c_lr_opt_seed1,-0.673454761505127,314.9613342285156,0.6387477517127991,4.639415264129639,223.59788513183594
2123,-56.25321960449219,1.016998519897461,555,187.556396484375,0.0003,1,a2c_lr_opt_seed1,-2.2321224212646484,379.578369140625,0.6750730872154236,-5.430985927581787,183.6356964111328
2124,-57.934295654296875,0.8102539825439453,295,126.753173828125,0.0003,1,a2c_lr_opt_seed1,-1.2403647899627686,255.9886932373047,0.8072702288627625,-2.766979217529297,177.75587463378906
2124,-57.934295654296875,0.8102539825439453,295,2.6688730716705322,0.0003,1,a2c_lr_opt_seed1,-0.24659878015518188,5.832366943359375,0.7117128372192383,-0.036925241351127625,13.576578140258789
2125,203.9119873046875,6.206342239379882,669,54.35149002075195,0.0003,1,a2c_lr_opt_seed1,-1.0839463472366333,110.87245178222656,0.7892991304397583,-0.09331357479095459,55.612403869628906
2125,203.9119873046875,6.206342239379882,669,1.7231156826019287,0.0003,1,a2c_lr_opt_seed1,-0.22354236245155334,3.8949012756347656,0.7926552891731262,-0.21669819951057434,9.419963836669922
2126,-71.63411712646484,2.2694600677490233,445,68.08140563964844,0.0003,1,a2c_lr_opt_seed1,-2.0600600242614746,140.2846221923828,0.8490170836448669,-2.183181047439575,81.75462341308594
2126,-71.63411712646484,2.2694600677490233,445,6.346177101135254,0.0003,1,a2c_lr_opt_seed1,-0.06939110159873962,12.832775115966797,0.8192740082740784,0.01562035083770752,13.140474319458008
2126,-71.63411712646484,2.2694600677490233,445,2.759275197982788,0.0003,1,a2c_lr_opt_seed1,-1.3971076011657715,8.314491271972656,0.8629207611083984,-1.2998111248016357,51.50006103515625
2127,92.12153625488281,2.1586138153076173,1001,6.233800888061523,0.0003,1,a2c_lr_opt_seed1,-0.4603821635246277,13.390022277832031,0.8284920454025269,-0.49186772108078003,31.278186798095703
2127,92.12153625488281,2.1586138153076173,1001,3.530468225479126,0.0003,1,a2c_lr_opt_seed1,-0.09857726842164993,7.259731292724609,0.8201769590377808,0.09679105877876282,12.273109436035156
2127,92.12153625488281,2.1586138153076173,1001,61.45060729980469,0.0003,1,a2c_lr_opt_seed1,-2.3145370483398438,127.53195190429688,0.8321405649185181,-3.8021156787872314,121.12725830078125
2130,-156.59776306152344,-11.163801193237305,557,331.76263427734375,0.0003,1,a2c_lr_opt_seed1,-4.873745918273926,673.274169921875,0.7123743295669556,-11.067303657531738,432.98663330078125
2131,-68.75288391113281,-14.090253524780273,245,78.17304229736328,0.0003,1,a2c_lr_opt_seed1,-3.43363356590271,163.21505737304688,0.8541686534881592,-3.772904396057129,172.436767578125
2131,-68.75288391113281,-14.090253524780273,245,8.925641059875488,0.0003,1,a2c_lr_opt_seed1,0.9364395141601562,15.980043411254883,0.8199267387390137,1.6097846031188965,59.4380989074707
2132,-120.13961791992188,-15.146526718139649,451,174.41326904296875,0.0003,1,a2c_lr_opt_seed1,-1.2693456411361694,351.3667907714844,0.7844332456588745,-6.0098466873168945,242.4416046142578
2132,-120.13961791992188,-15.146526718139649,451,12.927410125732422,0.0003,1,a2c_lr_opt_seed1,1.3632947206497192,23.129905700683594,0.8378003239631653,1.801049828529358,65.6469497680664
2133,-73.50252532958984,-15.635911331176757,155,52.09665298461914,0.0003,1,a2c_lr_opt_seed1,-0.37446868419647217,104.94364166259766,0.6974037885665894,-0.19367273151874542,45.195289611816406
2133,-73.50252532958984,-15.635911331176757,155,5.251761436462402,0.0003,1,a2c_lr_opt_seed1,0.0180070698261261,10.469027519226074,0.7597691416740417,0.3344201445579529,44.8654670715332
2136,-131.98065185546875,-11.231265487670898,509,331.7281799316406,0.0003,1,a2c_lr_opt_seed1,-1.697243571281433,666.8521728515625,0.6565547585487366,-2.6482529640197754,244.46505737304688
2136,-131.98065185546875,-11.231265487670898,509,9.125540733337402,0.0003,1,a2c_lr_opt_seed1,0.285938024520874,17.68071937561035,0.7572586536407471,0.8206397294998169,35.283477783203125
2136,-131.98065185546875,-11.231265487670898,509,5.071502685546875,0.0003,1,a2c_lr_opt_seed1,-0.6732871532440186,11.491222381591797,0.8208821415901184,-0.7619718909263611,42.25626754760742
2136,-131.98065185546875,-11.231265487670898,509,6.413180351257324,0.0003,1,a2c_lr_opt_seed1,0.037800781428813934,12.75255012512207,0.8954206705093384,-0.060660213232040405,10.412668228149414
2136,-131.98065185546875,-11.231265487670898,509,2.277048349380493,0.0003,1,a2c_lr_opt_seed1,0.11364579200744629,4.328517913818359,0.8564227819442749,0.5241914987564087,28.63743782043457
2136,-131.98065185546875,-11.231265487670898,509,3.376354455947876,0.0003,1,a2c_lr_opt_seed1,-0.3249897062778473,7.404312610626221,0.8120896220207214,0.0029899179935455322,20.164039611816406
2137,-59.552032470703125,-14.946949081420899,254,28.8265380859375,0.0003,1,a2c_lr_opt_seed1,-1.4635580778121948,60.58192443847656,0.8656259775161743,-0.7567113637924194,37.5655632019043
2137,-59.552032470703125,-14.946949081420899,254,2.150299549102783,0.0003,1,a2c_lr_opt_seed1,0.17825669050216675,3.9458329677581787,0.8736683130264282,0.5206051468849182,16.53370475769043
2137,-59.552032470703125,-14.946949081420899,254,2.904649257659912,0.0003,1,a2c_lr_opt_seed1,-0.8575292229652405,7.526151180267334,0.8972115516662598,-0.814882755279541,36.45848846435547
2137,-59.552032470703125,-14.946949081420899,254,4.146385669708252,0.0003,1,a2c_lr_opt_seed1,0.22493234276771545,7.844768524169922,0.9307811260223389,0.17858284711837769,7.291386604309082
2137,-59.552032470703125,-14.946949081420899,254,3.044969081878662,0.0003,1,a2c_lr_opt_seed1,-0.0887577086687088,6.269310474395752,0.9283598065376282,-0.024455994367599487,19.60201644897461
2137,-59.552032470703125,-14.946949081420899,254,6.34736967086792,0.0003,1,a2c_lr_opt_seed1,0.1803075075149536,12.335859298706055,0.8674783706665039,0.329764187335968,30.717967987060547
2137,-59.552032470703125,-14.946949081420899,254,6.176518440246582,0.0003,1,a2c_lr_opt_seed1,1.2428243160247803,9.869121551513672,0.8668565154075623,1.3340704441070557,39.29935836791992
2137,-59.552032470703125,-14.946949081420899,254,55.64258575439453,0.0003,1,a2c_lr_opt_seed1,-2.159302234649658,115.60550689697266,0.8668621778488159,-2.3968448638916016,74.04447937011719
2138,-138.6114501953125,-16.65464485168457,652,88.01753234863281,0.0003,1,a2c_lr_opt_seed1,0.6131098866462708,174.81051635742188,0.8364160060882568,-1.634422779083252,100.51820373535156
2138,-138.6114501953125,-16.65464485168457,652,4.270397186279297,0.0003,1,a2c_lr_opt_seed1,0.690700113773346,7.161297798156738,0.9518247842788696,0.6836287975311279,22.261178970336914
2138,-138.6114501953125,-16.65464485168457,652,4.743223667144775,0.0003,1,a2c_lr_opt_seed1,1.1486650705337524,7.1910200119018555,0.9515284299850464,1.284146785736084,38.38725662231445
2138,-138.6114501953125,-16.65464485168457,652,3.5205681324005127,0.0003,1,a2c_lr_opt_seed1,-0.033495284616947174,7.1100335121154785,0.9534367322921753,0.034565508365631104,16.065048217773438
2138,-138.6114501953125,-16.65464485168457,652,22.899728775024414,0.0003,1,a2c_lr_opt_seed1,2.333104133605957,41.13503646850586,0.8952616453170776,2.5465247631073,65.88285064697266
2138,-138.6114501953125,-16.65464485168457,652,2.6977243423461914,0.0003,1,a2c_lr_opt_seed1,0.05787642300128937,5.281543731689453,0.9238111972808838,0.19875496625900269,7.7721710205078125
2138,-138.6114501953125,-16.65464485168457,652,3.0016746520996094,0.0003,1,a2c_lr_opt_seed1,-0.14611217379570007,6.297350883483887,0.8885904550552368,0.03961721062660217,11.8910551071167
2139,-80.36734771728516,-16.69841896057129,1001,32.884918212890625,0.0003,1,a2c_lr_opt_seed1,2.068222999572754,61.635013580322266,0.8138392567634583,2.4187402725219727,94.1997299194336
2139,-80.36734771728516,-16.69841896057129,1001,7.633936405181885,0.0003,1,a2c_lr_opt_seed1,0.2187683880329132,14.831890106201172,0.7771435976028442,0.9467175006866455,31.128618240356445
2139,-80.36734771728516,-16.69841896057129,1001,9.08635425567627,0.0003,1,a2c_lr_opt_seed1,-0.15454186499118805,18.48333740234375,0.7721173763275146,-0.24586308002471924,19.85138702392578
2141,-94.29635620117188,-13.841265335083008,579,125.37654113769531,0.0003,1,a2c_lr_opt_seed1,-0.805647075176239,252.365966796875,0.7914927005767822,-0.2841709852218628,55.44017791748047
2141,-94.29635620117188,-13.841265335083008,579,9.906580924987793,0.0003,1,a2c_lr_opt_seed1,1.3391244411468506,17.136432647705078,0.760043740272522,1.4475947618484497,46.564170837402344
2142,70.8886947631836,-14.56838752746582,1001,4.6889801025390625,0.0003,1,a2c_lr_opt_seed1,-0.3419125974178314,10.063338279724121,0.7760552167892456,-0.3189132511615753,29.223690032958984
2143,106.3001708984375,-15.13679084777832,974,138.52273559570312,0.0003,1,a2c_lr_opt_seed1,0.3585824966430664,276.329833984375,0.7614251375198364,4.301192760467529,147.66635131835938
2144,-69.2330322265625,-18.42789176940918,198,44.548614501953125,0.0003,1,a2c_lr_opt_seed1,-1.4121654033660889,91.92321014404297,0.8229331374168396,-1.790895700454712,65.42108154296875
2144,-69.2330322265625,-18.42789176940918,198,3.3691985607147217,0.0003,1,a2c_lr_opt_seed1,0.9224101305007935,4.895315170288086,0.8690401911735535,1.2246791124343872,42.990413665771484
2145,-60.46464920043945,-20.412167892456054,194,68.1257095336914,0.0003,1,a2c_lr_opt_seed1,-1.7531214952468872,139.75941467285156,0.8795161843299866,-1.5735714435577393,78.58039855957031
2147,-100.4322280883789,-26.12590705871582,1001,40.34060287475586,0.0003,1,a2c_lr_opt_seed1,1.5255411863327026,77.63153839111328,0.7064305543899536,1.4499740600585938,59.10929489135742
2147,-100.4322280883789,-26.12590705871582,1001,2.6836256980895996,0.0003,1,a2c_lr_opt_seed1,-0.5861260890960693,6.541207313537598,0.8518772125244141,-0.43217647075653076,23.062057495117188
2147,-100.4322280883789,-26.12590705871582,1001,9.272708892822266,0.0003,1,a2c_lr_opt_seed1,0.11154207587242126,18.323814392089844,0.7401999235153198,0.3137567341327667,31.608781814575195
2147,-100.4322280883789,-26.12590705871582,1001,4.055375576019287,0.0003,1,a2c_lr_opt_seed1,-0.12629204988479614,8.364803314208984,0.7340275049209595,0.6297643184661865,26.434051513671875
2147,-100.4322280883789,-26.12590705871582,1001,2.367428779602051,0.0003,1,a2c_lr_opt_seed1,-0.914804995059967,6.56588888168335,0.7108080387115479,-0.5642957091331482,23.55912208557129
2148,96.49691772460938,-22.821316299438475,713,152.42343139648438,0.0003,1,a2c_lr_opt_seed1,0.035834819078445435,304.7767639160156,0.7733702659606934,4.955931186676025,175.9611053466797
2148,96.49691772460938,-22.821316299438475,713,4.9230265617370605,0.0003,1,a2c_lr_opt_seed1,-0.4357389807701111,10.719236373901367,0.852684497833252,-0.2086208462715149,24.283477783203125
2148,96.49691772460938,-22.821316299438475,713,3.5035128593444824,0.0003,1,a2c_lr_opt_seed1,-0.5698873400688171,8.14852237701416,0.8608824014663696,-0.37136122584342957,25.112220764160156
2148,96.49691772460938,-22.821316299438475,713,3.5776467323303223,0.0003,1,a2c_lr_opt_seed1,0.723709225654602,5.709598541259766,0.8616639375686646,1.173264980316162,39.86201477050781
2149,-77.11258697509766,-23.016701583862304,433,170.99172973632812,0.0003,1,a2c_lr_opt_seed1,-1.1794227361679077,344.3439025878906,0.7976510524749756,-4.622978687286377,229.74346923828125
2149,-77.11258697509766,-23.016701583862304,433,28.31682777404785,0.0003,1,a2c_lr_opt_seed1,1.8749372959136963,52.88536071777344,0.790444016456604,2.9971017837524414,83.7083969116211
2149,-77.11258697509766,-23.016701583862304,433,21.123567581176758,0.0003,1,a2c_lr_opt_seed1,1.3851172924041748,39.4784049987793,0.7506287097930908,1.8073006868362427,45.36310577392578
2149,-77.11258697509766,-23.016701583862304,433,3.0621278285980225,0.0003,1,a2c_lr_opt_seed1,-0.4620401859283447,7.049919128417969,0.7916067838668823,-0.3433668911457062,15.914119720458984
2150,127.71092987060547,-17.748879165649413,651,141.67648315429688,0.0003,1,a2c_lr_opt_seed1,-1.5712873935699463,286.4971008300781,0.7823033928871155,2.2843852043151855,149.31712341308594
2150,127.71092987060547,-17.748879165649413,651,7.720139026641846,0.0003,1,a2c_lr_opt_seed1,0.3539569079875946,14.733795166015625,0.7151917219161987,1.4195561408996582,47.00730514526367
2150,127.71092987060547,-17.748879165649413,651,6.168053150177002,0.0003,1,a2c_lr_opt_seed1,0.19778060913085938,11.941962242126465,0.7086840271949768,0.7800074815750122,34.7164421081543
2152,-122.75181579589844,-17.781493911743166,510,227.8670196533203,0.0003,1,a2c_lr_opt_seed1,-0.1310408115386963,455.9975280761719,0.6975244283676147,0.3023414611816406,145.03494262695312
2152,-122.75181579589844,-17.781493911743166,510,5.236963272094727,0.0003,1,a2c_lr_opt_seed1,-0.24358345568180084,10.962791442871094,0.8487070202827454,-0.25082066655158997,26.713773727416992
2152,-122.75181579589844,-17.781493911743166,510,77.85137176513672,0.0003,1,a2c_lr_opt_seed1,-2.314096450805664,160.33238220214844,0.7256872057914734,-3.3703479766845703,122.52479553222656
2153,-148.5370635986328,-22.37176124572754,591,77.62211608886719,0.0003,1,a2c_lr_opt_seed1,-1.6751039028167725,158.59600830078125,0.788966953754425,-3.5594232082366943,110.53857421875
2153,-148.5370635986328,-22.37176124572754,591,13.405755043029785,0.0003,1,a2c_lr_opt_seed1,0.8170133233070374,25.17887306213379,0.6953302621841431,1.5485658645629883,49.580265045166016
2153,-148.5370635986328,-22.37176124572754,591,2.4621691703796387,0.0003,1,a2c_lr_opt_seed1,0.11737522482872009,4.691035270690918,0.7235449552536011,0.5019472241401672,18.56219482421875
2154,147.95648193359375,-18.30641487121582,541,131.162841796875,0.0003,1,a2c_lr_opt_seed1,-1.0038979053497314,264.3350524902344,0.788364052772522,2.704556703567505,156.0033416748047
2154,147.95648193359375,-18.30641487121582,541,1.2724806070327759,0.0003,1,a2c_lr_opt_seed1,-0.16694387793540955,2.8804428577423096,0.7969030141830444,0.0446859747171402,7.12043571472168
2154,147.95648193359375,-18.30641487121582,541,2.0595719814300537,0.0003,1,a2c_lr_opt_seed1,0.2736974358558655,3.573380708694458,0.8159379959106445,0.48050427436828613,20.175270080566406
2154,147.95648193359375,-18.30641487121582,541,0.630727231502533,0.0003,1,a2c_lr_opt_seed1,-1.3370361328125,3.9371871948242188,0.8302596807479858,-1.2996639013290405,39.609519958496094
2155,63.37967300415039,-18.54977523803711,1001,7.617284774780273,0.0003,1,a2c_lr_opt_seed1,-0.5810379981994629,16.39836311340332,0.8587669134140015,-0.26133620738983154,22.4891300201416
2155,63.37967300415039,-18.54977523803711,1001,3.6370604038238525,0.0003,1,a2c_lr_opt_seed1,-0.45553824305534363,8.18697738647461,0.889930009841919,-0.5518779754638672,32.30077362060547
2156,74.47987365722656,-18.46977767944336,1001,33.683998107910156,0.0003,1,a2c_lr_opt_seed1,1.32514488697052,64.71937561035156,0.835283100605011,1.2790676355361938,47.82789993286133
2156,74.47987365722656,-18.46977767944336,1001,2.6549232006073,0.0003,1,a2c_lr_opt_seed1,-0.09741217643022537,5.506228446960449,0.7788074612617493,-0.15323124825954437,9.826078414916992
2158,-97.99187469482422,-20.576861572265624,550,147.7135467529297,0.0003,1,a2c_lr_opt_seed1,-4.5832085609436035,304.5951232910156,0.8147234320640564,-4.935793399810791,201.06088256835938
2158,-97.99187469482422,-20.576861572265624,550,27.168968200683594,0.0003,1,a2c_lr_opt_seed1,1.3252896070480347,51.688926696777344,0.7838717103004456,1.648754596710205,44.979103088378906
2158,-97.99187469482422,-20.576861572265624,550,5.968794822692871,0.0003,1,a2c_lr_opt_seed1,-0.8738653659820557,13.686766624450684,0.7228112816810608,-1.2568429708480835,38.25334930419922
2159,-90.5821304321289,-21.1254451751709,544,123.60337829589844,0.0003,1,a2c_lr_opt_seed1,-0.3736250400543213,247.95541381835938,0.7053171992301941,-3.2807719707489014,126.53091430664062
2159,-90.5821304321289,-21.1254451751709,544,2.3769912719726562,0.0003,1,a2c_lr_opt_seed1,-0.7695215344429016,6.2946038246154785,0.7892420887947083,-0.9452799558639526,36.88970184326172
2159,-90.5821304321289,-21.1254451751709,544,3.4778549671173096,0.0003,1,a2c_lr_opt_seed1,-0.2761600613594055,7.509582042694092,0.7761433124542236,-0.3689838647842407,13.663671493530273
2159,-90.5821304321289,-21.1254451751709,544,3.7279956340789795,0.0003,1,a2c_lr_opt_seed1,-0.7679342031478882,8.993496894836426,0.8184412121772766,-0.8133793473243713,26.547128677368164
2159,-90.5821304321289,-21.1254451751709,544,1.9098289012908936,0.0003,1,a2c_lr_opt_seed1,-0.8918165564537048,5.604872703552246,0.790851354598999,-1.1123932600021362,38.619205474853516
2159,-90.5821304321289,-21.1254451751709,544,2.715346574783325,0.0003,1,a2c_lr_opt_seed1,-0.7409236431121826,6.914168834686279,0.8142027854919434,-0.7926660180091858,28.112478256225586
2160,-69.71696472167969,-19.761716537475586,370,100.66976165771484,0.0003,1,a2c_lr_opt_seed1,-4.443633079528809,210.228271484375,0.7402042746543884,-5.453706741333008,222.78892517089844
2161,-74.06287384033203,-18.652372512817383,338,82.56676483154297,0.0003,1,a2c_lr_opt_seed1,-2.8847827911376953,170.9043426513672,0.6249464154243469,-2.7786362171173096,142.75645446777344
2162,38.39970397949219,-18.8163166809082,1001,38.99786376953125,0.0003,1,a2c_lr_opt_seed1,2.0988409519195557,73.79931640625,0.637603223323822,3.5823521614074707,103.41006469726562
2163,170.12255859375,-17.453094177246093,509,119.56536102294922,0.0003,1,a2c_lr_opt_seed1,-0.12265953421592712,239.37757873535156,0.766756534576416,3.373504161834717,146.813720703125
2164,-65.80316162109375,-17.22886428833008,325,88.6250991821289,0.0003,1,a2c_lr_opt_seed1,-2.0559422969818115,181.3636016845703,0.7625713348388672,-3.0893547534942627,126.91968536376953
2164,-65.80316162109375,-17.22886428833008,325,2.7388031482696533,0.0003,1,a2c_lr_opt_seed1,-1.0963212251663208,7.671914100646973,0.8328098654747009,-1.3215566873550415,52.44718933105469
2164,-65.80316162109375,-17.22886428833008,325,5.428651809692383,0.0003,1,a2c_lr_opt_seed1,0.36651283502578735,10.125885963439941,0.8038030862808228,0.288040429353714,27.509136199951172
2165,-86.44365692138672,-15.846950378417969,511,166.74676513671875,0.0003,1,a2c_lr_opt_seed1,-0.14909984171390533,333.7931823730469,0.726169228553772,-4.647682189941406,207.48037719726562
2166,76.4618911743164,-12.657193756103515,1001,9.14843463897705,0.0003,1,a2c_lr_opt_seed1,-1.3981101512908936,21.09463119506836,0.7703238725662231,-1.2628998756408691,58.92290496826172
2166,76.4618911743164,-12.657193756103515,1001,1.2864736318588257,0.0003,1,a2c_lr_opt_seed1,-0.3429005742073059,3.260277271270752,0.7644988298416138,-0.21645982563495636,9.105378150939941
2166,76.4618911743164,-12.657193756103515,1001,2.448692560195923,0.0003,1,a2c_lr_opt_seed1,-0.3845798075199127,5.668058395385742,0.7566461563110352,-0.25122392177581787,12.167868614196777
2166,76.4618911743164,-12.657193756103515,1001,2.274210214614868,0.0003,1,a2c_lr_opt_seed1,-0.3468657433986664,5.2437944412231445,0.8212798833847046,-0.21078471839427948,13.123388290405273
2167,-86.86203002929688,-13.692203369140625,298,65.84369659423828,0.0003,1,a2c_lr_opt_seed1,-2.8868250846862793,137.4627685546875,0.8627181649208069,-2.2652764320373535,103.76166534423828
2167,-86.86203002929688,-13.692203369140625,298,4.034181594848633,0.0003,1,a2c_lr_opt_seed1,0.021910294890403748,8.026111602783203,0.7842590808868408,-0.24222680926322937,24.708349227905273
2168,35.50836944580078,-13.636110610961914,1001,18.063228607177734,0.0003,1,a2c_lr_opt_seed1,-0.2975999712944031,36.72328186035156,0.812372088432312,-0.8625692129135132,30.679279327392578
2169,-72.96214294433594,-16.434426803588867,470,164.30950927734375,0.0003,1,a2c_lr_opt_seed1,-1.6612156629562378,331.9427795410156,0.6695213317871094,-3.229113817214966,149.31129455566406
2170,-109.44921112060547,-16.608557662963868,466,145.78334045410156,0.0003,1,a2c_lr_opt_seed1,0.20058318972587585,291.1668701171875,0.674566388130188,-3.516963481903076,202.13455200195312
2171,130.97467041015625,-17.421470870971678,505,163.7841339111328,0.0003,1,a2c_lr_opt_seed1,0.16434629261493683,327.2411193847656,0.7734127044677734,6.054948806762695,252.09205627441406
2171,130.97467041015625,-17.421470870971678,505,2.9694364070892334,0.0003,1,a2c_lr_opt_seed1,0.05714084208011627,5.826211929321289,0.8103859424591064,0.26936209201812744,14.871895790100098
